id	text	image_path	y_true	y_pred	correct	confidence	margin	score_0	score_1	score_2	score_3	score_4	score_5	_text_was_empty	_image_encoded	score_image_0	score_image_1	score_image_2	score_image_3	score_image_4	score_image_5	_text_encoded	score_text_0	score_text_1	score_text_2	score_text_3	score_text_4	score_text_5
44e6r9	newspaper dropped by the raf on the channel islands during the german occupation uk	data/processed/pro_fakeddit/images/44e6r9.jpg	5	1	False	0.9042253494262695	0.8668727595359087	0.029413477052003145	0.9042253494262695	0.014746458356967196	0.03735258989036083	0.0021737779220529774	0.012088427552953362	False	True	0.03819762542843819	0.8772409558296204	0.019523730501532555	0.04772058129310608	0.0028907209634780884	0.014426490291953087	True	0.003061031922698021	0.985178530216217	0.0004146419232711196	0.0062486156821250916	2.294879777764436e-05	0.005074239335954189
4uuy0v	now he understands the game socialist political cartoon	data/processed/pro_fakeddit/images/4uuy0v.jpg	5	1	False	0.901155635714531	0.8485476293135434	0.013736304943449795	0.901155635714531	0.02611912776774261	0.005156311555765569	0.0012247267322891275	0.052608006400987506	False	True	0.016972292214632034	0.8732963800430298	0.03457589074969292	0.006388142704963684	0.0016302576987072825	0.06713715195655823	True	0.004028343129903078	0.9847334027290344	0.0007488388218916953	0.0014608181081712246	8.13383303466253e-06	0.009020569734275341
5zq097	was an awful time for many people	data/processed/pro_fakeddit/images/5zq097.jpg	2	0	False	0.891623929142952	0.7898485520854592	0.891623929142952	0.0035221177677158266	0.10177537705749273	0.0016891298873815686	0.00035834564641845645	0.0010310898651368916	False	True	0.8716350793838501	0.004273556172847748	0.12147931754589081	0.0011675433488562703	0.0004722406156361103	0.000972226494923234	True	0.9515904784202576	0.0012678025523200631	0.04266355559229851	0.0032538895029574633	1.6660738765494898e-05	0.0012076799757778645
bjkefw	do not vaccinate antivaccination cartoon from united states	data/processed/pro_fakeddit/images/bjkefw.jpg	5	1	False	0.8900420367717743	0.8175289477221668	0.012683893990470096	0.8900420367717743	0.016353516257368028	0.0045430808095261455	0.0038644159394607414	0.07251308904960752	False	True	0.016431469470262527	0.862149178981781	0.021663185209035873	0.003070319537073374	0.005144819617271423	0.09154107421636581	True	0.0014411675510928035	0.9737206101417542	0.0004245094023644924	0.00896136462688446	2.3204906028695405e-05	0.015429133549332619
al4fly	jesus going after pontius pilate after he came back from the dead ad	data/processed/pro_fakeddit/images/al4fly.jpg	2	0	False	0.8416019380092621	0.7343202866613865	0.8416019380092621	0.029569920618087053	0.1072816513478756	0.012016494816634804	0.00735075482953107	0.0021791718900203705	False	True	0.8679620027542114	0.01857876591384411	0.09968306124210358	0.0022721614222973585	0.009658006951212883	0.001845871564000845	True	0.7625217437744141	0.06254338473081589	0.13007742166519165	0.04124949499964714	0.0004289984644856304	0.003179072868078947
bg70qm	bugs bunny takes elmer fudd to task	data/processed/pro_fakeddit/images/bg70qm.jpg	2	0	False	0.8068616762757301	0.6825038976967335	0.8068616762757301	0.12435777857899666	0.025730886729434133	0.030345860752277076	0.006808351157815196	0.005895510708796792	False	True	0.9151292443275452	0.0653313547372818	0.007454059086740017	0.0025686942972242832	0.00890553742647171	0.0006112126284278929	True	0.48205897212028503	0.30143705010414124	0.08056136965751648	0.11367736011743546	0.0005167923518456519	0.021748404949903488
8rrfjs	rare footage of a million patriot interceptor used to shoot down a drone	data/processed/pro_fakeddit/images/8rrfjs.jpg	2	0	False	0.7927825599908829	0.6632311977446079	0.7927825599908829	0.019842340843752027	0.12955136224627495	0.01609346829354763	0.013190741672588047	0.028539460618048906	False	True	0.8038795590400696	0.00605285819619894	0.14942622184753418	0.013133132830262184	0.01754573918879032	0.009962407872080803	True	0.7594915628433228	0.061210788786411285	0.06992678344249725	0.02497447468340397	0.0001257491239812225	0.08427061885595322
88bcnh	theresa and the british parliament executing brexit circa	data/processed/pro_fakeddit/images/88bcnh.jpg	2	0	False	0.7916431427001953	0.6767313913442194	0.7916431427001953	0.11491175135597587	0.07337555568665266	0.00690082716755569	0.008792867156444117	0.0043758881802205	False	True	0.8734747767448425	0.026824774220585823	0.08506282418966293	0.0019646799191832542	0.01134240161627531	0.0013305776519700885	True	0.5461482405662537	0.379172682762146	0.03831375017762184	0.021709268912672997	0.0011442637769505382	0.013511819764971733
3mbnug	man steals lottery ticket dispenser is arrested trying to cash in at same store	data/processed/pro_fakeddit/images/3mbnug.jpg	0	1	False	0.7716777287423611	0.6516060470603406	0.12007168168202043	0.7716777287423611	0.03134378790855408	0.0627834489569068	0.0009367251477669924	0.013186663505621254	False	True	0.004725022241473198	0.9738513231277466	0.009845905005931854	0.0058217234909534454	0.000785122043453157	0.004970957990735769	True	0.4661116600036621	0.16515694558620453	0.09583743661642075	0.23366862535476685	0.001391534460708499	0.03783378005027771
1m41sc	indianapolis public safety center declared unsafe	data/processed/pro_fakeddit/images/1m41sc.jpg	0	3	False	0.7690005004405975	0.6884401217103004	0.05218994664028287	0.06556107895448804	0.03243098966777325	0.7690005004405975	0.00025710447334859055	0.08056037873029709	False	True	0.016192009672522545	0.08000752329826355	0.02578892931342125	0.8362257480621338	0.00033664400689303875	0.041449129581451416	True	0.16018375754356384	0.022221745923161507	0.05235717073082924	0.5673247575759888	1.8485872715245932e-05	0.1978941261768341
cndt6s	the way that the bubbles avoided where my hand was holding the mug	data/processed/pro_fakeddit/images/cndt6s.jpg	0	2	False	0.7627916187047958	0.5542280040681362	0.20856361463665962	0.0005837596690980718	0.7627916187047958	0.010082836030051112	0.007597846884891624	0.01038034085649997	False	True	0.23755358159542084	0.0005450440221466124	0.7345342040061951	0.010259960778057575	0.010063760913908482	0.007043502759188414	True	0.12159371376037598	0.0006999066099524498	0.8475638628005981	0.009551461786031723	0.00020010479784104973	0.02039085514843464
2857zc	awww the poor things terrified	data/processed/pro_fakeddit/images/2857zc.jpg	2	0	False	0.753842294216156	0.5513201989233494	0.753842294216156	0.005834528477862477	0.20252209529280663	0.011787454364821315	0.017803492350140004	0.008210154483094811	False	True	0.7807636260986328	0.0022311704233288765	0.1778864711523056	0.010794943198561668	0.023717040196061134	0.004606760106980801	True	0.6730782985687256	0.01664460264146328	0.2764289677143097	0.014764987863600254	6.284881237661466e-05	0.019020337611436844
7y7qn9	this skeptical styrofoam container	data/processed/pro_fakeddit/images/7y7qn9.jpg	2	0	False	0.7521055489778519	0.5574460066854954	0.7521055489778519	0.0029201811412349343	0.1946595422923565	0.010944331996142864	0.024578425945946947	0.01479201519396156	False	True	0.7471185922622681	0.001973098609596491	0.20644812285900116	0.0046872328966856	0.03259475901722908	0.00717828469350934	True	0.7670664191246033	0.005761428736150265	0.15929380059242249	0.029715629294514656	0.0005294267321005464	0.03763320669531822
8twozl	album cover for pink floyds delicate sound of thunder	data/processed/pro_fakeddit/images/8twozl.jpg	0	4	False	0.751701470464468	0.5765213737031445	0.02905799262225628	0.1751800967613235	0.025615501683205366	0.002207536657806486	0.751701470464468	0.01623736617329996	False	True	0.028112635016441345	0.005513336043804884	0.03257023170590401	0.0011740562040358782	0.931847333908081	0.0007823645719327033	True	0.03189406543970108	0.6841803789138794	0.004751311615109444	0.005307978019118309	0.21126388013362885	0.06260237097740173
d7thzmj	china face read all about it	data/processed/pro_fakeddit/images/d7thzmj.jpg	4	1	False	0.7500743083655834	0.6475178748369217	0.10255643352866173	0.7500743083655834	0.09697889210656285	0.038043444976210594	0.0012418919632182224	0.011105118901468813	False	True	0.01602555811405182	0.9421066641807556	0.027074730023741722	0.006554760038852692	0.001617448520846665	0.0066209412179887295	True	0.36214905977249146	0.17397724092006683	0.30669137835502625	0.1325094997882843	0.00011522229033289477	0.024557651951909065
67qwvt	the garbage is delighted to see me	data/processed/pro_fakeddit/images/67qwvt.jpg	2	0	False	0.7395788878202438	0.5521613620221615	0.7395788878202438	0.0026706164935603738	0.18741752579808235	0.026224276865832508	0.0422146584969596	0.0018939630826935172	False	True	0.7494014501571655	0.002775573870167136	0.18311601877212524	0.006364850793033838	0.056217171251773834	0.002124857623130083	True	0.7101112008094788	0.0023557443637400866	0.20032204687595367	0.08580255508422852	0.0002071202325168997	0.0012012794613838196
b3jbbl	the outgrown left behind	data/processed/pro_fakeddit/images/b3jbbl.jpg	1	0	False	0.7382549941539764	0.5556584820151329	0.7382549941539764	0.011522134765982628	0.18259651213884354	0.03572860633721575	0.029034186649369076	0.0028635534981731325	False	True	0.7553857564926147	0.013444456271827221	0.18973714113235474	0.0028454598505049944	0.0382072851061821	0.00037988449912518263	True	0.6868627071380615	0.005755170248448849	0.16117462515830994	0.13437804579734802	0.0015148912789300084	0.010314560495316982
ceaau6	the way the stem ripped from my peach	data/processed/pro_fakeddit/images/ceaau6.jpg	0	2	False	0.7358819097280502	0.5244129970669746	0.2114689126610756	0.0041316756687592715	0.7358819097280502	0.012461369624361396	0.008694649615790695	0.027361462824046612	False	True	0.10372355580329895	0.0014243625337257981	0.8599718809127808	0.009700705297291279	0.010811025276780128	0.014368440955877304	True	0.5347049832344055	0.012253615073859692	0.36361199617385864	0.020743362605571747	0.0023455226328223944	0.06634052842855453
b157fj	this spider with a skull on its butt	data/processed/pro_fakeddit/images/b157fj.jpg	0	2	False	0.7322518527507782	0.558542475104332	0.17370937764644623	0.03505837975535542	0.7322518527507782	0.018464960856363177	0.027374592144042253	0.013140869326889515	False	True	0.13173916935920715	0.003570865374058485	0.8485056757926941	0.00215261522680521	0.008344573900103569	0.005687125027179718	True	0.29962000250816345	0.12952092289924622	0.3834903836250305	0.06740199774503708	0.0844646468758583	0.035502102226018906
8zg6y9	this snake is all wrapped up	data/processed/pro_fakeddit/images/8zg6y9.jpg	2	0	False	0.7321470826864243	0.5459091737866402	0.7321470826864243	0.014315633685328066	0.1862379088997841	0.034112168941646814	0.009962779702618718	0.023224359843879938	False	True	0.7648046612739563	0.01673559658229351	0.16227883100509644	0.01725768856704235	0.010674865916371346	0.02824828401207924	True	0.6341743469238281	0.007055744994431734	0.25811514258384705	0.0846756100654602	0.007826521061360836	0.008152587339282036
bzu5o2	post about etching into ones soul followed by post about etchasketch	data/processed/pro_fakeddit/images/bzu5o2.jpg	0	2	False	0.7309882938861847	0.49133124202489853	0.23965705186128616	0.0005865276325494051	0.7309882938861847	0.019740068615647033	0.0006667866691714153	0.008361195679754019	False	True	0.14514502882957458	0.0005792370066046715	0.8411833643913269	0.0019229691242799163	0.0005830734153278172	0.010586249642074108	True	0.5231931209564209	0.000608399510383606	0.40040308237075806	0.07319136708974838	0.0009179264307022095	0.0016860337927937508
10u4hu	michele bachmann makes surprise visit to synagogue congregants storm out and donate to her opponent	data/processed/pro_fakeddit/images/10u4hu.jpg	0	3	False	0.730566393584013	0.5660121095133945	0.035952033242210746	0.16455428407061845	0.01864790730178356	0.730566393584013	0.0008020328132261056	0.04947733995504677	False	True	0.007467788644134998	0.007236124482005835	0.018866129219532013	0.9544546008110046	0.001036670757457614	0.010938680730760098	True	0.12140476703643799	0.6365087628364563	0.017993241548538208	0.058901771903038025	9.811898053158075e-05	0.1650933176279068
cmcyj0	isabella of france invading englandcolorized	data/processed/pro_fakeddit/images/cmcyj0.jpg	2	0	False	0.7266055345535278	0.5283663758309558	0.7266055345535278	0.014575361972674727	0.05480288993567228	0.0026078886730829254	0.19823915872257203	0.003169128845911473	False	True	0.6803770065307617	0.011160026304423809	0.03973013535141945	0.003218891331925988	0.2623872458934784	0.003126647789031267	True	0.8652911186218262	0.024821368977427483	0.10002115368843079	0.0007748806965537369	0.005794897209852934	0.0032965720165520906
c3l0qa	this cat that came up to me while i was eating had two eye colors	data/processed/pro_fakeddit/images/c3l0qa.jpg	0	2	False	0.7241108044981956	0.4991653710603714	0.22494543343782425	0.0021176025475142524	0.7241108044981956	0.007081702351570129	0.034401862882077694	0.0073425731388852	False	True	0.1108752191066742	0.000760075228754431	0.8477704524993896	0.004102099686861038	0.034138571470975876	0.0023535718210041523	True	0.5671560764312744	0.006190184503793716	0.35313186049461365	0.016020510345697403	0.03519173711538315	0.022309577092528343
bdsn00	this photo of a japanese boat looks like japanese kanji	data/processed/pro_fakeddit/images/bdsn00.jpg	0	4	False	0.7213775201234967	0.4936998130287975	0.04778220388107002	0.00020411817604326643	0.22767770709469914	0.0018050704384222627	0.7213775201234967	0.0011534352379385382	False	True	0.01532753650099039	0.00016430970572400838	0.02176988683640957	0.0015498918946832418	0.960500955581665	0.0006874731043353677	True	0.1451462060213089	0.0003235435870010406	0.8454011678695679	0.002570606069639325	0.004007213748991489	0.0025513216387480497
7l6x1c	i cheated on my phone a few years ago before it was meant to be present when the guilty one is punished	data/processed/pro_fakeddit/images/7l6x1c.jpg	3	0	False	0.7193979024887085	0.5530152935534716	0.7193979024887085	0.010686231777071953	0.16638260893523693	0.023942464729771018	0.06548007170022174	0.01411076370277442	False	True	0.7085546255111694	0.009550916031002998	0.18975462019443512	0.003755156882107258	0.08727068454027176	0.0011140097631141543	True	0.7519277334213257	0.014092179015278816	0.09626657515764236	0.0845043882727623	0.00010823318007169291	0.05310102552175522
b5ilmr	antman penetrating thanos	data/processed/pro_fakeddit/images/b5ilmr.jpg	2	0	False	0.7155341058969498	0.4921165332198143	0.7155341058969498	0.027326145209372044	0.22341757267713547	0.010879861190915108	0.015129476843867451	0.007712795457337052	False	True	0.7215746641159058	0.013358402997255325	0.2375929355621338	0.006369896233081818	0.019029732793569565	0.0020743112545460463	True	0.6974124312400818	0.0692293718457222	0.1808914840221405	0.024409756064414978	0.0034287089947611094	0.024628248065710068
5gtykw	calgary man caught on video riding scooter to work in snowstorm gifted new wheels	data/processed/pro_fakeddit/images/5gtykw.jpg	0	3	False	0.7123882994055748	0.5840856805443764	0.04906057985499501	0.0409250408411026	0.06700769439339638	0.7123882994055748	0.0023157773321145214	0.12830261886119843	False	True	0.023825278505682945	0.018292300403118134	0.06213236600160599	0.7949674725532532	0.0029831756837666035	0.0977994054555893	True	0.12476648390293121	0.108823262155056	0.08163367956876755	0.4646507799625397	0.00031358227715827525	0.21981225907802582
68laeg	deep in a song for wedding	data/processed/pro_fakeddit/images/68laeg.jpg	3	0	False	0.704131230711937	0.5024833126044541	0.704131230711937	0.00508118188008666	0.07594491355121136	0.011482870671898127	0.20164791810748284	0.0017119347758125514	False	True	0.6542348265647888	0.005683006253093481	0.06812317669391632	0.0013186540454626083	0.26879027485847473	0.0018501222366467118	True	0.8538204431533813	0.0032757087610661983	0.09941012412309647	0.04197552055120468	0.00022084785450715572	0.00129737239331007
48v1nb	union of white students forms at cornell aims to advance their race	data/processed/pro_fakeddit/images/48v1nb.jpg	0	2	False	0.7033411003649235	0.5962667092680931	0.09133674716576934	0.07250719037256204	0.7033411003649235	0.10707439109683037	0.000793916595284827	0.02494669787120074	False	True	0.022871987894177437	0.0003148253308609128	0.9029476642608643	0.0710413008928299	0.0008543585427105427	0.0019699321128427982	True	0.29673102498054504	0.2890842854976654	0.10452140867710114	0.2151736617088318	0.0006125907530076802	0.09387699514627457
7tk3n3	my puppy mimi at my sweet boy resting in the morning	data/processed/pro_fakeddit/images/7tk3n3.jpg	3	0	False	0.7029409855604172	0.488544337451458	0.7029409855604172	0.013343053171411157	0.2143966481089592	0.05068025831133127	0.0008024673552426975	0.01783669600263238	False	True	0.730674147605896	0.015610146336257458	0.1764114797115326	0.05518845468759537	0.00013826486247126013	0.021977629512548447	True	0.6197414994239807	0.006541773676872253	0.328352153301239	0.037155669182538986	0.0027950748335570097	0.005413895472884178
10j5ee	cnn and msnbc pundit arrested for vandalizing antimuslim ad in ny subway system	data/processed/pro_fakeddit/images/10j5ee.jpg	0	1	False	0.7027004063129425	0.5946222580969334	0.05508048157207668	0.7027004063129425	0.10807814821600914	0.05014709662646055	0.0016389823213103227	0.08235482778400183	False	True	0.07060480862855911	0.7615312337875366	0.13735978305339813	0.012829024344682693	0.00215259101241827	0.01552249863743782	True	0.008507500402629375	0.5262079238891602	0.020233243703842163	0.16210131347179413	9.81562479864806e-05	0.28285181522369385
b1xlz3	salt stain on boot looks like mushroom cloud	data/processed/pro_fakeddit/images/b1xlz3.jpg	0	2	False	0.702217310667038	0.4954978823661804	0.20671942830085754	0.005238928526523523	0.702217310667038	0.03965327702462673	0.016879050293937325	0.029291953891515732	False	True	0.2053615152835846	0.0006029285141266882	0.7244418859481812	0.03699002042412758	0.011466353200376034	0.02113724872469902	True	0.2107931673526764	0.019146928563714027	0.6355435848236084	0.04764304682612419	0.0331171415746212	0.053756069391965866
c56m2lu	its hard to bluff when youre playing against yourself	data/processed/pro_fakeddit/images/c56m2lu.jpg	4	0	False	0.7010897248983383	0.5845654578988615	0.7010897248983383	0.0642493749037385	0.09777022339403629	0.016322035109624267	0.11652426699947682	0.0040444182814098895	False	True	0.6823516488075256	0.08388110995292664	0.06423339992761612	0.01079972181469202	0.1553441286087036	0.003390022786334157	True	0.7573039531707764	0.0053541697561740875	0.19838069379329681	0.032888974994421005	6.468217179644853e-05	0.006007604766637087
1x5i8i	the dashboard of doc browns delorean	data/processed/pro_fakeddit/images/1x5i8i.jpg	2	4	False	0.6992057423340157	0.5960155391367152	0.10319020319730043	0.05315464286832139	0.03480066452175379	0.0766142790671438	0.6992057423340157	0.033034473832231015	False	True	0.05010175332427025	0.0022976140026003122	0.007817264646291733	0.006807689554989338	0.9309837818145752	0.0019918980542570353	True	0.262455552816391	0.20572572946548462	0.11575086414813995	0.2860340476036072	0.003871623892337084	0.12616220116615295
3gbzxe	abandoned victorian conservatory france	data/processed/pro_fakeddit/images/3gbzxe.jpg	0	4	False	0.6971495598554611	0.5463495906442404	0.15079996921122074	0.021055975907074753	0.05788883846253157	0.064014483243227	0.6971495598554611	0.009091182291740552	False	True	0.10974045842885971	0.0002940967387985438	0.03179844096302986	0.0019107013940811157	0.8555864095687866	0.000669904868118465	True	0.27397850155830383	0.08334161341190338	0.13616003096103668	0.2503258287906647	0.22183901071548462	0.03435501456260681
bi4jii	los angeles th the photo was taken at approximately pm	data/processed/pro_fakeddit/images/bi4jii.jpg	2	0	False	0.6956058442592621	0.5329530640447047	0.6956058442592621	0.004132964168093167	0.12238124012947083	0.0075794769218191504	0.16265278021455742	0.00764768646331504	False	True	0.6720914244651794	0.005228161346167326	0.09188173711299896	0.004691094625741243	0.21680577099323273	0.009301797486841679	True	0.76614910364151	0.0008473726338706911	0.2138797491788864	0.01624462381005287	0.0001938078785315156	0.0026853533927351236
49h3vi	til of the poppy in george r r tolkien described his first big break in the netherlands injured nearly people and injuring more	data/processed/pro_fakeddit/images/49h3vi.jpg	3	0	False	0.695140153169632	0.5820738077163696	0.695140153169632	0.0773590300232172	0.11306634545326233	0.013535100501030684	0.06753618843504228	0.03336319699883461	False	True	0.6979764699935913	0.059075452387332916	0.12200906127691269	0.004968969151377678	0.08990714699029922	0.026062939316034317	True	0.6866312026977539	0.13220976293087006	0.08623819798231125	0.0392334945499897	0.00042331276927143335	0.05526397004723549
cllapo	this cloud looks like a buff rooster with a mace	data/processed/pro_fakeddit/images/cllapo.jpg	0	4	False	0.6938937902450562	0.5123922750353813	0.18150151520967484	0.009521690633846447	0.10526745021343231	0.004571632685838267	0.6938937902450562	0.0052439572173170745	False	True	0.03676256537437439	0.001570452586747706	0.044120967388153076	0.00044339674059301615	0.9160330295562744	0.0010696633253246546	True	0.6157183647155762	0.03337540477514267	0.28870689868927	0.01695634052157402	0.027476072311401367	0.017766838893294334
c26rhw	a former ohio teacher is facing sex charges involving more than female firstgraders john austin hopkins was indicted monday	data/processed/pro_fakeddit/images/c26rhw.jpg	0	3	False	0.6931547820568085	0.5754986070096493	0.1176561750471592	0.051760280039161444	0.045112015679478645	0.6931547820568085	0.0018356012587901205	0.09048115089535713	False	True	0.10864691436290741	0.016253339126706123	0.03976009786128998	0.7475640773773193	0.0015282531967386603	0.08624731004238129	True	0.14468395709991455	0.1582811027765274	0.06116776913404465	0.5299268960952759	0.002757645444944501	0.10318267345428467
53ve7m	rules dont allow her teammates to help a calf who collapsed in the shower	data/processed/pro_fakeddit/images/53ve7m.jpg	3	0	False	0.6910494863986969	0.527851827442646	0.6910494863986969	0.02947432780638337	0.16319765895605087	0.0061304327682591975	0.09466810977755813	0.015479982597753406	False	True	0.6859844326972961	0.024795012548565865	0.1493527740240097	0.002411092398688197	0.12613628804683685	0.011320405639708042	True	0.7062446475028992	0.04351227357983589	0.20473231375217438	0.0172884538769722	0.00026357496972195804	0.027958713471889496
bzux5b	the way this cone is cut looks like its going through the ground	data/processed/pro_fakeddit/images/bzux5b.jpg	2	0	False	0.689616248011589	0.44276634603738785	0.689616248011589	0.005830431065987796	0.2468499019742012	0.003500750317471102	0.041757880011573434	0.012444751570001245	False	True	0.733799397945404	0.006952542811632156	0.1960267722606659	0.00401781452819705	0.0529797226190567	0.006223701871931553	True	0.557066798210144	0.0024640958290547132	0.39931929111480713	0.0019495576852932572	0.00809235218912363	0.03110790066421032
azzzrf	the rainbow colours on this cats whiskers	data/processed/pro_fakeddit/images/azzzrf.jpg	0	2	False	0.6894974932074547	0.46321558952331543	0.22628190368413925	0.001208605506690219	0.6894974932074547	0.009592568967491388	0.06117932312190533	0.012240153388120234	False	True	0.12540766596794128	0.0006754695205017924	0.7899611592292786	0.007812232710421085	0.07182063907384872	0.004322915803641081	True	0.5289046168327332	0.002808013465255499	0.38810649514198303	0.014933577738702297	0.029255375266075134	0.035991866141557693
4cyrg3	prostitutes no thanks were from chan modern meme against prostitution happy fools day	data/processed/pro_fakeddit/images/4cyrg3.jpg	5	1	False	0.689222976565361	0.5219579543918371	0.1672650221735239	0.689222976565361	0.0915836300700903	0.012534934561699629	0.005801915654956247	0.03359147999435663	False	True	0.19660291075706482	0.6519059538841248	0.10483109205961227	0.009512225165963173	0.007699356414377689	0.029448408633470535	True	0.07925135642290115	0.8011740446090698	0.05184124410152435	0.021603062748908997	0.00010959337669191882	0.04602069407701492
1h21lq	antifemalesuffrage french womens rights poster s	data/processed/pro_fakeddit/images/1h21lq.jpg	5	1	False	0.6888632029294968	0.5770953595638275	0.05750461295247078	0.6888632029294968	0.09796086139976978	0.030113806249573827	0.013789710937999189	0.11176784336566925	False	True	0.046773068606853485	0.6957933902740479	0.1118735522031784	0.01283199992030859	0.018264127895236015	0.11446388810873032	True	0.08969924598932266	0.6680726408958435	0.056222788989543915	0.08195922523736954	0.00036646006628870964	0.10367970913648605
ccv4df	this orchid that looks like it has a small clown covering its ears in the middle	data/processed/pro_fakeddit/images/ccv4df.jpg	0	2	False	0.6884948313236237	0.5760350897908211	0.11245974153280258	0.07021694333525375	0.6884948313236237	0.018357649445533752	0.10441956203430891	0.006051325355656445	False	True	0.13196741044521332	0.0019831617828458548	0.7185993194580078	0.017910609021782875	0.12529420852661133	0.004245347809046507	True	0.053936734795570374	0.2749182879924774	0.5981813669204712	0.019698770716786385	0.04179562255740166	0.01146925799548626
1nds3t	tenth doctor and martha run from an explosion	data/processed/pro_fakeddit/images/1nds3t.jpg	0	4	False	0.6877067368477583	0.4537085312185809	0.03447060938924551	0.2339982056291774	0.03397023444995284	0.002132194902515039	0.6877067368477583	0.007721950183622539	False	True	0.03972505033016205	0.004549240227788687	0.04159446805715561	0.0015943009639158845	0.9106332659721375	0.0019035828299820423	True	0.018707286566495895	0.9223451018333435	0.011097533628344536	0.003745876718312502	0.01892714947462082	0.02517705224454403
b69mw5	rare footage of a jewish man crying for mercy right before his execution by the german ss officer otto dietrich	data/processed/pro_fakeddit/images/b69mw5.jpg	2	0	False	0.6839087754487991	0.43550366815179586	0.6839087754487991	0.04500916274264455	0.24840510729700327	0.012057582731358707	0.00013254400619189255	0.010486786486580968	False	True	0.6508085131645203	0.01511303149163723	0.3193019926548004	0.005976912099868059	6.609594856854528e-05	0.008733398281037807	True	0.7832095623016357	0.1346975564956665	0.03571445122361183	0.03029959462583065	0.00033188817906193435	0.01574695110321045
6vfz6l	somewhere over the valley this is our stop	data/processed/pro_fakeddit/images/6vfz6l.jpg	1	2	False	0.6747663542628288	0.38677578046917915	0.2879905737936497	0.0007643306162208319	0.6747663542628288	0.005517218611203134	0.025289543773396872	0.005672068102285266	False	True	0.15444378554821014	0.0007539870566688478	0.8060250282287598	0.0020302296616137028	0.03355101868510246	0.0031960410997271538	True	0.6886309385299683	0.0007953612948767841	0.280990332365036	0.015978185459971428	0.0005051190382800996	0.013100149109959602
7s47f1	saw this in twitter had to share	data/processed/pro_fakeddit/images/7s47f1.jpg	2	0	False	0.6744633764028549	0.3902734015136957	0.6744633764028549	0.004793571861227974	0.2841899748891592	0.007517376507166773	0.0020232223123457516	0.027012446196749806	False	True	0.5970543622970581	0.006182185374200344	0.3528524935245514	0.008738722652196884	0.002686724066734314	0.032485514879226685	True	0.9066904187202454	0.0006277313223108649	0.07820241898298264	0.00385333807207644	3.271704918006435e-05	0.010593240149319172
5501dq	operation science vs magic	data/processed/pro_fakeddit/images/5501dq.jpg	0	4	False	0.6727912856731564	0.5329620896372944	0.13982919603586197	0.021240664646029472	0.027120420942083	0.0971291116438806	0.6727912856731564	0.04188935330603272	False	True	0.06028085947036743	0.017710156738758087	0.014711248688399792	0.005344050005078316	0.8967114090919495	0.00524232117459178	True	0.3784742057323456	0.03183218836784363	0.06434793770313263	0.3724842965602875	0.001030915416777134	0.15183044970035553
cezsh5	a half and half tree i came across at the hat creek observatory	data/processed/pro_fakeddit/images/cezsh5.jpg	0	4	False	0.6671454440802336	0.49800531612709165	0.06525668781250715	0.007919884645161801	0.08026320300996304	0.010274627959006466	0.6671454440802336	0.16914012795314193	False	True	0.05398660525679588	0.00012185720697743818	0.08831897377967834	0.0006090548704378307	0.8546974062919617	0.002266066148877144	True	0.09906693547964096	0.03131396695971489	0.05609589070081711	0.03927134722471237	0.10448955744504929	0.6697623133659363
dh9zmf	a trash can at a burger king	data/processed/pro_fakeddit/images/dh9zmf.jpg	0	2	False	0.6666560471057892	0.4373141750693321	0.22934187203645706	0.03394414344802499	0.6666560471057892	0.040576159954071045	0.004108952940441668	0.025372871197760105	False	True	0.1385202705860138	0.01854945532977581	0.8024805784225464	0.013034790754318237	0.0036745318211615086	0.023740436881780624	True	0.5018066763877869	0.08012820780277252	0.2591824531555176	0.12320026755332947	0.0054122162982821465	0.030270174145698547
7onnt2	britain now generates twice as much electricity from wind energy as coal	data/processed/pro_fakeddit/images/7onnt2.jpg	0	4	False	0.6664770945499185	0.4993148028443102	0.16716229170560837	0.010687060683267191	0.044666148256510496	0.035570622101658955	0.6664770945499185	0.07543683255789801	False	True	0.08493351936340332	0.001082317321561277	0.02145547606050968	0.0006009050412103534	0.8881373405456543	0.003790520364418626	True	0.4138486087322235	0.039501290768384933	0.11429816484451294	0.14047977328300476	0.0014963565627112985	0.2903757691383362
21i5ic	discarded and depressed	data/processed/pro_fakeddit/images/21i5ic.jpg	2	0	False	0.6658658981323242	0.5013095994690957	0.6658658981323242	0.007940492127090693	0.14023724757134914	0.015648433240130544	0.16455629866322852	0.005751578137278557	False	True	0.6291955709457397	0.009444947354495525	0.12153030186891556	0.0155094088986516	0.21937941014766693	0.004940308630466461	True	0.7758768796920776	0.003427126444876194	0.1963580846786499	0.016065506264567375	8.696420991327614e-05	0.008185386657714844
blgl7r	jewish peasant pleads to hitler to supply more food to his synagogue	data/processed/pro_fakeddit/images/blgl7r.jpg	2	0	False	0.6644925177097321	0.5548367090523243	0.6644925177097321	0.08239312190562487	0.08694904949516058	0.10965580865740776	0.040718022668443155	0.01579144108109176	False	True	0.7197531461715698	0.03991269692778587	0.10033122450113297	0.07989382743835449	0.054231178015470505	0.005877883173525333	True	0.49871063232421875	0.20983439683914185	0.04680252447724342	0.19894175231456757	0.0001785566273611039	0.045532114803791046
2lbvc7	golfer lining up his shot	data/processed/pro_fakeddit/images/2lbvc7.jpg	0	2	False	0.6644819974899292	0.4448051042854786	0.2196768932044506	0.013018313446082175	0.6644819974899292	0.024013100482989103	0.06779684452340007	0.01101291470695287	False	True	0.22146223485469818	0.004235058557242155	0.6782051920890808	0.001832527806982398	0.08769276738166809	0.006572292651981115	True	0.21432086825370789	0.039368078112602234	0.6233124136924744	0.09055481851100922	0.008109075948596	0.024334780871868134
blhqd2	my orange has extra small orange slices in it	data/processed/pro_fakeddit/images/blhqd2.jpg	0	2	False	0.6584829241037369	0.3902961276471615	0.2681867964565754	0.0029976634541526437	0.6584829241037369	0.007242340303491801	0.02309080454870127	0.03999948734417558	False	True	0.22327210009098053	0.001959450077265501	0.7394182682037354	0.0026422610972076654	0.030275983735919	0.0024319421499967575	True	0.40293088555336	0.006112303584814072	0.41567689180374146	0.021042577922344208	0.0015352669870480895	0.15270212292671204
7zpzd6	liberalism the right way uk liberal party poster	data/processed/pro_fakeddit/images/7zpzd6.jpg	5	1	False	0.6566499620676041	0.47060445696115494	0.07846448151394725	0.6566499620676041	0.06631187140010297	0.0043847328051924706	0.008143475643009879	0.18604550510644913	False	True	0.10185126215219498	0.6975021958351135	0.08773497492074966	0.003553724382072687	0.010717694647610188	0.09864017367362976	True	0.008304139599204063	0.5340932607650757	0.002042560838162899	0.006877758074551821	0.0004208186292089522	0.4482614994049072
bnpw3r	my brothers hair is starting to grey but only on one side	data/processed/pro_fakeddit/images/bnpw3r.jpg	0	2	False	0.6565711125731468	0.4103212468326092	0.24624986574053764	0.0010199254174949601	0.6565711125731468	0.07754642982035875	0.008806786190689309	0.009805872803553939	False	True	0.1674850732088089	0.0008208643994294107	0.7231565117835999	0.08888383209705353	0.011667665094137192	0.007986029610037804	True	0.4825442433357239	0.0016171084716916084	0.4568149149417877	0.04353422299027443	0.00022414948034565896	0.015265402384102345
c46mfc7	i know this isnt radviceanimals but when i saw this i just had to	data/processed/pro_fakeddit/images/c46mfc7.jpg	4	2	False	0.6549720838665962	0.34575367346405983	0.3092184104025364	0.008784608682617545	0.6549720838665962	0.006163579528219998	0.018576289410702884	0.0022850443492643535	False	True	0.17245684564113617	0.004419372417032719	0.7904672026634216	0.006936323828995228	0.024664636701345444	0.0010556380730122328	True	0.7195031046867371	0.021880317479372025	0.24848672747612	0.003845346625894308	0.0003112475387752056	0.005973263178020716
7cn65z	woman caught a baby shark	data/processed/pro_fakeddit/images/7cn65z.jpg	0	2	False	0.6515946425497532	0.4184509627521038	0.23314367979764938	0.053467684192582965	0.6515946425497532	0.0201358639751561	0.03352299035759643	0.008135177660733461	False	True	0.152657151222229	0.00593476090580225	0.7908031940460205	0.0021538378205150366	0.04347190633416176	0.004979196935892105	True	0.4746032655239105	0.1960664540529251	0.23396898806095123	0.07408194243907928	0.0036762424279004335	0.01760311983525753
73uic4	picture of german soldiers hearing the news of the fuhrers death	data/processed/pro_fakeddit/images/73uic4.jpg	2	0	False	0.6502631455659866	0.42762892320752144	0.6502631455659866	0.05849121231585741	0.2226342223584652	0.04660277615766972	0.0023049635638017207	0.019703677273355424	False	True	0.6900458931922913	0.03701174631714821	0.26106351613998413	0.0043993317522108555	0.002697667572647333	0.004781827796250582	True	0.5309149026870728	0.12292961031198502	0.10734634101390839	0.17321310937404633	0.0011268515372648835	0.06446922570466995
d5jv7n	unite the right rally is held	data/processed/pro_fakeddit/images/d5jv7n.jpg	2	0	False	0.6482113227248192	0.5361453185323626	0.6482113227248192	0.1120660041924566	0.10313654132187366	0.09920587204396725	0.0017742525433277478	0.035605916287750006	False	True	0.8007504940032959	0.015343640930950642	0.12988883256912231	0.03567615896463394	0.0023356876336038113	0.01600509323179722	True	0.19059380888938904	0.4022330939769745	0.022879667580127716	0.28979501128196716	8.994727249955758e-05	0.09440838545560837
bw46oc	this pepper looks like a clown face	data/processed/pro_fakeddit/images/bw46oc.jpg	0	2	False	0.6449605077505112	0.3853168971836567	0.2596436105668545	0.01513510150834918	0.6449605077505112	0.00846088636899367	0.06021259515546262	0.011587310582399368	False	True	0.28641843795776367	0.0021049436181783676	0.6249376535415649	0.002217816887423396	0.07796511799097061	0.006356045603752136	True	0.1793191283941269	0.05422557517886162	0.7050290703773499	0.02719009481370449	0.006955026648938656	0.027281105518341064
chza61	death to capital or death under capital by v deni	data/processed/pro_fakeddit/images/chza61.jpg	5	1	False	0.6436576768755913	0.49859569407999516	0.14506198279559612	0.6436576768755913	0.0600120066665113	0.08589177252724767	0.007690451442613266	0.05768610257655382	False	True	0.10554993897676468	0.803292989730835	0.02435934729874134	0.02097303234040737	0.010059209540486336	0.03576548025012016	True	0.26359811425209045	0.16475173830986023	0.16696998476982117	0.28064799308776855	0.0005841771489940584	0.1234479695558548
5gkhwh	first shot from tim burtons thomas the tank engine	data/processed/pro_fakeddit/images/5gkhwh.jpg	2	4	False	0.6415717494965065	0.3333635856688488	0.3082081638276577	0.00099676739955612	0.04612275050021708	0.0023485847050324082	0.6415717494965065	0.0007519031642004848	False	True	0.13381589949131012	8.520620031049475e-05	0.009100946597754955	0.0018627196550369263	0.8548888564109802	0.0002462745178490877	True	0.8313849568367004	0.0037314509972929955	0.15718816220760345	0.003806179855018854	0.0016204287530854344	0.002268789103254676
8kl3jh	royal wedding watch prince harry and meghan markle just drove away from windsor castle with a dozen festive commoners tied to the back of their car	data/processed/pro_fakeddit/images/8kl3jh.jpg	1	4	False	0.6399296506278915	0.4494010417693062	0.19052860885858536	0.12910895235836506	0.023045445792376995	0.009849062946159393	0.6399296506278915	0.007538242425653152	False	True	0.09996941685676575	0.034341029822826385	0.011569850146770477	0.0006802824791520834	0.8530340194702148	0.00040538940811529756	True	0.4622061848640442	0.4134127199649811	0.05747223272919655	0.03735540434718132	0.0006165441009216011	0.028936801478266716
bl9olk	i thought there was a person buried to the neck	data/processed/pro_fakeddit/images/bl9olk.jpg	2	0	False	0.6394017934799194	0.33674341067671776	0.6394017934799194	0.0004931227977067465	0.3026583828032017	0.005194679833948612	0.05168887780018849	0.000563052119105123	False	True	0.5767053961753845	0.00010447057866258547	0.3528608977794647	0.0010871849954128265	0.06881453841924667	0.0004274047096259892	True	0.8274909853935242	0.0016590794548392296	0.15205083787441254	0.01751716434955597	0.0003118959430139512	0.0009699943475425243
925w0x	first ever atk crashes in to loot lake during a test drive colourized	data/processed/pro_fakeddit/images/925w0x.jpg	2	0	False	0.6388488858938217	0.4149131868034601	0.6388488858938217	0.017424097866751254	0.2239356990903616	0.0037311220221454278	0.1110789654776454	0.004981176229193807	False	True	0.5643758773803711	0.00426442502066493	0.2832711935043335	0.004791595973074436	0.13754808902740479	0.005748746916651726	True	0.8622679114341736	0.05690311640501022	0.04592921584844589	0.0005497001693584025	0.03167159482836723	0.0026784641668200493
5x9cdo	my new apartment still needs furnishing	data/processed/pro_fakeddit/images/5x9cdo.jpg	2	4	False	0.6383103688131087	0.3492030628840439	0.28910730592906475	0.0010143407416762784	0.06313962070271373	0.006831505452282727	0.6383103688131087	0.001596781556145288	False	True	0.06762460619211197	0.0008573787636123598	0.07408378273248672	0.004565481562167406	0.8509367108345032	0.0019319853745400906	True	0.9535554051399231	0.0014852266758680344	0.030307134613394737	0.013629577122628689	0.00043134274892508984	0.0005911701009608805
ckt908	chris pratt invites a riot while jimi hendrix and nick kroll look on circa	data/processed/pro_fakeddit/images/ckt908.jpg	2	0	False	0.6358286999166012	0.42308564559789374	0.6358286999166012	0.21274305431870744	0.06401166366413236	0.011938046896830201	0.057929856062401086	0.01754863280802965	False	True	0.81663978099823	0.0022389034274965525	0.08174419403076172	0.013082326389849186	0.07639376819133759	0.009901009500026703	True	0.09339545667171478	0.8442555069923401	0.01081407256424427	0.008505208417773247	0.002538119675591588	0.0404915027320385
29c1xm	about to cough up a hairball	data/processed/pro_fakeddit/images/29c1xm.jpg	0	2	False	0.6354033723473549	0.3781514912843704	0.25725188106298447	0.02996364701539278	0.6354033723473549	0.01991842477582395	0.049778212400269695	0.007684446754865348	False	True	0.15856024622917175	0.008906286209821701	0.7538797855377197	0.008166027255356312	0.06611975282430649	0.004367892164736986	True	0.5533267855644226	0.09313572943210602	0.2799741327762604	0.05517561733722687	0.0007535911281593144	0.017634110525250435
4i9b9l	russian bailiffs arrest debtors cat	data/processed/pro_fakeddit/images/4i9b9l.jpg	0	2	False	0.632322664372623	0.3966734064742923	0.2356492578983307	0.05338506115367636	0.632322664372623	0.05632219882681966	0.011181386376847513	0.011139400536194444	False	True	0.13575679063796997	0.003401951165869832	0.8274704813957214	0.009319191798567772	0.014724425040185452	0.009327122010290623	True	0.5353266596794128	0.20333439111709595	0.04687921330332756	0.19733121991157532	0.0005522703868336976	0.016576236113905907
cc6kr2	still shot from an area guards gopro footage during the st day of the siege of a notice the heavy usage of experimental technology such as perks video game hud and a pack a punch machine yet the base is heavily damaged and the soldier is out of ammo	data/processed/pro_fakeddit/images/cc6kr2.jpg	2	0	False	0.6321352571249008	0.4583413217915222	0.6321352571249008	0.021223331918008626	0.12014315463602543	0.030934321228414774	0.1737939353333786	0.021770057268440723	False	True	0.6195076704025269	0.003686749842017889	0.12467886507511139	0.017516454681754112	0.23029129207134247	0.0043190158903598785	True	0.6700180172920227	0.07383307814598083	0.10653602331876755	0.07118792086839676	0.004301865119487047	0.07412318140268326
9jtpdk	picture of imperial japanese armed forces occupying ryuko island by kobayashi kiyochika	data/processed/pro_fakeddit/images/9jtpdk.jpg	5	4	False	0.6320234332233667	0.419034618884325	0.10579378344118595	0.2129888143390417	0.017589248018339276	0.01863737392704934	0.6320234332233667	0.01296740461839363	False	True	0.12182815372943878	0.0201076939702034	0.019794631749391556	0.005657131318002939	0.8299884796142578	0.0026239699218422174	True	0.05769067257642746	0.7916321754455566	0.010973096825182438	0.05757810175418854	0.03812829405069351	0.04399770870804787
csycv6	was adjusting my watch strap and found astonished hitler	data/processed/pro_fakeddit/images/csycv6.jpg	0	2	False	0.63157619535923	0.36993326246738434	0.2616429328918457	0.01782494079816388	0.63157619535923	0.046655768528580666	0.011103011784143746	0.031197185395285487	False	True	0.2225913405418396	0.00048695559962652624	0.7101259231567383	0.04151704162359238	0.013534538447856903	0.011744261719286442	True	0.378797709941864	0.06983889639377594	0.3959270119667053	0.06207194924354553	0.0038084317930042744	0.08955595642328262
cayrghv	what it should have been i suppose	data/processed/pro_fakeddit/images/cayrghv.jpg	4	2	False	0.6314131990075111	0.3892685677856207	0.24214463122189045	0.0018273619934916496	0.6314131990075111	0.011146342032589018	0.10891163748965482	0.004556777712423354	False	True	0.12432213872671127	0.0020127329044044018	0.7214882373809814	0.004491595085710287	0.1451803743839264	0.0025048793759196997	True	0.595612108707428	0.0012712492607533932	0.3611880838871002	0.031110582873225212	0.0001054268068401143	0.010712472721934319
9dy5gr	nixon and brezhnev sign the prevention of nuclear war agreement	data/processed/pro_fakeddit/images/9dy5gr.jpg	2	1	False	0.6302270293235779	0.45747313275933266	0.0588960237801075	0.6302270293235779	0.020839975913986564	0.09040189534425735	0.026881190973654157	0.17275389656424522	False	True	0.05162447690963745	0.650546133518219	0.02591545134782791	0.06667953729629517	0.03578774631023407	0.169446662068367	True	0.08071066439151764	0.5692697167396545	0.005613549612462521	0.16156896948814392	0.00016152496391441673	0.18267560005187988
8dhwhx	photo of an alleged satanic ritual circa	data/processed/pro_fakeddit/images/8dhwhx.jpg	2	0	False	0.6289528608322144	0.4997560689080274	0.6289528608322144	0.12919679192418698	0.08877311088144779	0.020531482994556427	0.10617516055935994	0.02637053234502673	False	True	0.528068482875824	0.17199717462062836	0.09845677763223648	0.025664398446679115	0.14098629355430603	0.03482680767774582	True	0.9316059947013855	0.0007956438348628581	0.059722110629081726	0.005132736638188362	0.0017417615745216608	0.0010017063468694687
5zeeyi	hitler attempting suicide	data/processed/pro_fakeddit/images/5zeeyi.jpg	2	0	False	0.6262106671929359	0.4519291128963232	0.6262106671929359	0.17428155429661274	0.13421316258609295	0.03315436840057373	0.017473485189839266	0.01466674474067986	False	True	0.7426644563674927	0.037579141557216644	0.16053740680217743	0.03209306299686432	0.023037461563944817	0.004088475368916988	True	0.27684929966926575	0.584388792514801	0.05524042993783951	0.036338284611701965	0.0007815560675226152	0.046401552855968475
bru2zu	the way this textbook is printed made me think my vision was blurry	data/processed/pro_fakeddit/images/bru2zu.jpg	0	2	False	0.6261311769485474	0.4740891372784972	0.13692010194063187	0.023189518135041	0.6261311769485474	0.0552451373077929	0.006472012202721089	0.15204203967005014	False	True	0.1125677078962326	0.028840743005275726	0.6009027361869812	0.06760504096746445	0.003628611797466874	0.1864551454782486	True	0.20997728407382965	0.006235843524336815	0.7018164992332458	0.018165426328778267	0.015002213418483734	0.04880272224545479
dmv20uc	that image explains alot	data/processed/pro_fakeddit/images/dmv20uc.jpg	4	0	False	0.6260919496417046	0.30202101171016693	0.6260919496417046	0.0007335108239203691	0.32407093793153763	0.0011412439635023475	0.037905838679307635	0.010056530125439167	False	True	0.6724978089332581	0.0008223964832723141	0.2715983986854553	0.000875546713359654	0.05053401738405228	0.003671860322356224	True	0.48687437176704407	0.0004668538458645344	0.48148855566978455	0.001938335713930428	2.1302565073710866e-05	0.029210539534687996
5q0lzv	i didnt realize until now that my water bottle is a transformer	data/processed/pro_fakeddit/images/5q0lzv.jpg	2	0	False	0.6247269064188004	0.32771111838519573	0.6247269064188004	0.009382574775372632	0.2970157880336046	0.010196588467806578	0.05266474082600325	0.006013396952766925	False	True	0.5610767602920532	0.0008926763548515737	0.3609720766544342	0.005029104650020599	0.06874112039804459	0.0032882678788155317	True	0.8156773447990417	0.034852270036935806	0.10514692217111588	0.025699039921164513	0.004435602109879255	0.014188784174621105
divnav	adolf hitler discovers that steiners offensive did not even start berlin	data/processed/pro_fakeddit/images/divnav.jpg	2	0	False	0.6244067177176476	0.41384710744023323	0.6244067177176476	0.07871284475550056	0.21055961027741432	0.03665798297151923	7.389146230707411e-05	0.04958891843853053	False	True	0.7052488923072815	0.016497286036610603	0.26080402731895447	0.0165823046118021	6.13275624345988e-05	0.0008061475236900151	True	0.3818801939487457	0.2653595209121704	0.059826359152793884	0.09688501805067062	0.00011158316192450002	0.19593723118305206
btlh06	these conjoined durians	data/processed/pro_fakeddit/images/btlh06.jpg	0	2	False	0.6236897483468056	0.33098261803388596	0.2927071303129196	0.022357646084856242	0.6236897483468056	0.023633697885088623	0.01167213631561026	0.025939611485227942	False	True	0.2619776129722595	0.003090376267209649	0.7048453688621521	0.006802255753427744	0.014327827841043472	0.008956518955528736	True	0.3848956823348999	0.08015945553779602	0.380222886800766	0.07412802428007126	0.003705061739310622	0.07688888907432556
91z58w	actual photo of albert einstein lecturing on the theory of relativity	data/processed/pro_fakeddit/images/91z58w.jpg	2	0	False	0.6224370896816254	0.42539284750819206	0.6224370896816254	0.12110562378074974	0.1970442421734333	0.024251778493635356	0.01939357232186012	0.015767642529681325	False	True	0.5547306537628174	0.15988679230213165	0.2134162187576294	0.03141675144433975	0.025656061246991158	0.014893489889800549	True	0.8255563974380493	0.004762118216603994	0.14792831242084503	0.002756859641522169	0.0006061055464670062	0.018390100449323654
cy8ao4	caesar and cleopatra agree to reclaim her throne circa bc	data/processed/pro_fakeddit/images/cy8ao4.jpg	2	0	False	0.6220614910125732	0.33348068967461586	0.6220614910125732	0.04226454976014793	0.2885808013379574	0.021112211514264345	0.010097257618326694	0.015883749700151384	False	True	0.5918497443199158	0.015226894058287144	0.36400648951530457	0.009663308039307594	0.013316110707819462	0.005937532056123018	True	0.7126967310905457	0.12337751686573029	0.06230373680591583	0.0554589219391346	0.0004406983498483896	0.04572240263223648
c6wpb5i	yes im showing myself out	data/processed/pro_fakeddit/images/c6wpb5i.jpg	4	0	False	0.6181965917348862	0.44344551488757133	0.6181965917348862	0.17423188799875788	0.17475107684731483	0.011089988052845001	0.016703531093298807	0.005026921076932922	False	True	0.5675742030143738	0.2321283370256424	0.16171252727508545	0.010007894597947598	0.022249823436141014	0.00632719649001956	True	0.7700637578964233	0.0005425409181043506	0.213866725564003	0.014336268417537212	6.465406477218494e-05	0.0011260948376730084
1zjlwi	years in environment of constant fear somehow fails to rehabilitate prisoner	data/processed/pro_fakeddit/images/1zjlwi.jpg	1	0	False	0.616739422082901	0.4825297398492694	0.616739422082901	0.02981059206649661	0.1342096822336316	0.10241701267659664	0.08392699538671877	0.0328962248750031	False	True	0.5407643914222717	0.027963628992438316	0.16858293116092682	0.11076115816831589	0.11183018982410431	0.040097594261169434	True	0.8446645140647888	0.035351481288671494	0.031089935451745987	0.0773845762014389	0.00021741207456216216	0.011292116716504097
1rxk4w	this photo of tom daley olympic diver looking swimmingly	data/processed/pro_fakeddit/images/1rxk4w.jpg	0	2	False	0.6164882108569145	0.3116786554455757	0.3048095554113388	0.0025930656120181084	0.6164882108569145	0.006058509228751063	0.06512860528891906	0.0049219749053008854	False	True	0.19640767574310303	0.0024440321139991283	0.7051184773445129	0.006435765884816647	0.08609678596258163	0.0034971570130437613	True	0.6300151944160461	0.0030401661060750484	0.35059741139411926	0.004926739260554314	0.002224063267931342	0.009196428582072258
c2y4n9	you can do the can can dance easy now as un deux trois everybody ooh la la do the can can	data/processed/pro_fakeddit/images/c2y4n9.jpg	2	0	False	0.6161001846194267	0.44765788689255714	0.6161001846194267	0.12417973391711712	0.16844229772686958	0.01951099233701825	0.04023022225010209	0.03153657051734626	False	True	0.6921204924583435	0.04152575880289078	0.15711194276809692	0.018269287422299385	0.05302712693810463	0.03794538229703903	True	0.3880392611026764	0.37214165925979614	0.20243336260318756	0.02323610708117485	0.0018395081860944629	0.012310135178267956
7t252d	this fallen post looks like a discarded cigarette	data/processed/pro_fakeddit/images/7t252d.jpg	2	0	False	0.6132862344384193	0.32711559534072876	0.6132862344384193	0.025267902063205838	0.2861706390976906	0.02089852304197848	0.024288963060826063	0.03008771501481533	False	True	0.6677175164222717	0.014013047330081463	0.2554178833961487	0.009516543708741665	0.028231700882315636	0.025103304535150528	True	0.4499923884868622	0.059032466262578964	0.3784289062023163	0.05504446104168892	0.012460749596357346	0.04504094645380974
cd2mjg	winston churchill reenters the government	data/processed/pro_fakeddit/images/cd2mjg.jpg	2	1	False	0.6125019788742065	0.4419248588383198	0.17057712003588676	0.6125019788742065	0.051122265635058284	0.03477713977918029	0.0009913339854392689	0.13003021106123924	False	True	0.17040984332561493	0.6025270223617554	0.06444347649812698	0.016492502763867378	0.0012905378825962543	0.1448366940021515	True	0.17107895016670227	0.6424268484115601	0.011158633045852184	0.08963105082511902	9.372229396831244e-05	0.0856107622385025
5vytu2	i really can say in this country people dont realize how bad it is in this country but in this country and all over the world pres trump	data/processed/pro_fakeddit/images/5vytu2.jpg	0	3	False	0.6119078351184726	0.41215305076912045	0.19975478434935212	0.04101601708680391	0.02303653326816857	0.6119078351184726	0.0005880515655007912	0.12369680777192116	False	True	0.015539301559329033	0.03795171529054642	0.01011334266513586	0.8029235601425171	0.0007701330468989909	0.13270196318626404	True	0.7524012327194214	0.0502089224755764	0.06180610507726669	0.038860660046339035	4.180712130619213e-05	0.09668134152889252
2wvyxn	campaign leading white house contenders already violating finance laws report	data/processed/pro_fakeddit/images/2wvyxn.jpg	0	3	False	0.6082013174891472	0.4331040382385254	0.029480414930731058	0.1750972792506218	0.0432108324021101	0.6082013174891472	0.000740617429073609	0.14326950535178185	False	True	0.01968730427324772	0.13230830430984497	0.0426311232149601	0.6906815767288208	0.000977320596575737	0.11371433734893799	True	0.058859746903181076	0.30346420407295227	0.044949959963560104	0.36076053977012634	3.0507926567224786e-05	0.23193500936031342
bwbw7n	the handle on my bag that looks like a surprised monster figure	data/processed/pro_fakeddit/images/bwbw7n.jpg	0	2	False	0.6061220020055771	0.277463186532259	0.3286588154733181	0.01787599663657602	0.6061220020055771	0.019202484749257565	0.022358546731993556	0.005782184307463467	False	True	0.4073896110057831	0.0006071965326555073	0.5742254853248596	0.005179453641176224	0.009768658317625523	0.0028296257369220257	True	0.09246642887592316	0.06968239694833755	0.7018115520477295	0.06127157807350159	0.060128211975097656	0.014639860019087791
8xw82z	this cat wearing a birthday hat	data/processed/pro_fakeddit/images/8xw82z.jpg	0	2	False	0.6060782670974731	0.23421195149421692	0.3718663156032562	0.005752912140451372	0.6060782670974731	0.00515585538232699	0.005197135324124247	0.005949486687313765	False	True	0.3113816976547241	0.005813726224005222	0.6688859462738037	0.003550079418346286	0.006741866935044527	0.0036266224924474955	True	0.5533201694488525	0.00557046988978982	0.41765522956848145	0.009973183274269104	0.0005629404913634062	0.012918079271912575
7fwus7	man found minutes after hanging himself	data/processed/pro_fakeddit/images/7fwus7.jpg	2	0	False	0.6050863415002823	0.4205560823902488	0.6050863415002823	0.0458679236471653	0.1845302591100335	0.01597231929190457	0.14355404376692604	0.00498912634793669	False	True	0.5083411335945129	0.058922477066516876	0.22875745594501495	0.008477932773530483	0.19123829901218414	0.004262752830982208	True	0.8953219652175903	0.006704263389110565	0.05184866860508919	0.038455478847026825	0.0005012780311517417	0.007168246898800135
4vb3jk	a seagull at montsaintmichel france oc	data/processed/pro_fakeddit/images/4vb3jk.jpg	0	4	False	0.6023258194327354	0.4419274404644966	0.12779633328318596	0.008055476006120443	0.16039837896823883	0.026036949013359845	0.6023258194327354	0.07538704720354872	False	True	0.09313361346721649	0.0017265807837247849	0.14185546338558197	0.0026015429757535458	0.760205090045929	0.00047770337550900877	True	0.23178449273109436	0.02704216167330742	0.2160271257162094	0.09634316712617874	0.1286880075931549	0.30011507868766785
cq85ah6	dont even mention it bruh bruh	data/processed/pro_fakeddit/images/cq85ah6.jpg	4	2	False	0.6022248864173889	0.3019985146820545	0.3002263717353344	0.011596136260777712	0.6022248864173889	0.02210298739373684	0.05369630689938276	0.010153237148188055	False	True	0.22559912502765656	0.008722711354494095	0.6729084849357605	0.018880825489759445	0.07159361988306046	0.0022951592691242695	True	0.5241081118583679	0.020216410979628563	0.39017409086227417	0.03176947310566902	4.367948349681683e-06	0.03372747078537941
2u3pmn	it took me the better part of two weeks but i finally finished my macrame purse	data/processed/pro_fakeddit/images/2u3pmn.jpg	2	4	False	0.5995058687403798	0.35967330913990736	0.23983255960047245	0.03680424997583032	0.10581604950129986	0.004163955833064392	0.5995058687403798	0.013877363409847021	False	True	0.08384381979703903	0.029672803357243538	0.09488814324140549	0.001144272624514997	0.7849084734916687	0.005542559549212456	True	0.7077987790107727	0.05819858983159065	0.13859976828098297	0.013223005458712578	0.04329805448651314	0.03888177499175072
ch0kd7	millenial mystics the world burns request	data/processed/pro_fakeddit/images/ch0kd7.jpg	1	0	False	0.5988425016403198	0.45659038983285427	0.5988425016403198	0.13473371183499694	0.14225211180746555	0.02207074430771172	0.0560959948488744	0.04600490164011717	False	True	0.5449077486991882	0.17032818496227264	0.1665935516357422	0.005604683421552181	0.07461203634738922	0.03795377537608147	True	0.7606467604637146	0.027950292453169823	0.06922779232263565	0.07146892696619034	0.0005478703533299267	0.07015828043222427
d7rnb0	smaller versions of upholstered car seats at a hardware store	data/processed/pro_fakeddit/images/d7rnb0.jpg	0	4	False	0.5980682969093323	0.4581706887111068	0.09751585684716702	0.04233001754619181	0.09313446469604969	0.1398976081982255	0.5980682969093323	0.02905376860871911	False	True	0.10158061981201172	0.013973790220916271	0.0995040163397789	0.05323253199458122	0.70645672082901	0.02525235153734684	True	0.0853215679526329	0.12739869952201843	0.07402580976486206	0.3998928368091583	0.2729030251502991	0.04045801982283592
5yu83o	my dads siblings and parents before they got married theyre here and still king of cool	data/processed/pro_fakeddit/images/5yu83o.jpg	3	2	False	0.5964768417179585	0.2274777665734291	0.36899907514452934	0.004694837989518419	0.5964768417179585	0.004987049964256585	0.024052515742368996	0.0007896466122474521	False	True	0.19933481514453888	0.0015085142804309726	0.7633599638938904	0.00462877145037055	0.030631111934781075	0.000536772538907826	True	0.8779918551445007	0.014253809116780758	0.09582747519016266	0.006061885505914688	0.004316727165132761	0.0015482688322663307
dchfeco	beware that which lurks in the dark	data/processed/pro_fakeddit/images/dchfeco.jpg	4	0	False	0.5948425233364105	0.3540414497256279	0.5948425233364105	0.005645299097523093	0.24080107361078262	0.06919677834957838	0.07354896362085128	0.01596529851667583	False	True	0.5901833176612854	0.002956954762339592	0.2618675231933594	0.03822045400738716	0.09792743623256683	0.00884420145303011	True	0.6088201403617859	0.013710332103073597	0.17760172486305237	0.16212575137615204	0.00041354578570462763	0.03732858970761299
4hownt	closeup footage of a newly discovered deep sea fish	data/processed/pro_fakeddit/images/4hownt.jpg	2	0	False	0.5940984711050987	0.3313993029296398	0.5940984711050987	0.01004923798609525	0.2626991681754589	0.07048809970729053	0.041448936477536336	0.021216096240095794	False	True	0.6360718607902527	0.003583702724426985	0.28864240646362305	0.009319738484919071	0.055139876902103424	0.007242413703352213	True	0.46817830204963684	0.029445843771100044	0.1848694533109665	0.2539931833744049	0.00037611520383507013	0.06313714385032654
22frw2	this toilet has seen so much shit it has a yard stare	data/processed/pro_fakeddit/images/22frw2.jpg	2	0	False	0.5937201380729675	0.4341292418539524	0.5937201380729675	0.05607705656439066	0.15959089621901512	0.0823596902191639	0.05547766981180757	0.052774529438465834	False	True	0.6080949902534485	0.029441621154546738	0.1318891942501068	0.09442934393882751	0.07204030454158783	0.06410453468561172	True	0.5505955815315247	0.13598336279392242	0.24269600212574005	0.046150729060173035	0.005789765622466803	0.01878451369702816
cllqi8	at a supermarket in lusaka	data/processed/pro_fakeddit/images/cllqi8.jpg	0	2	False	0.5930342162027955	0.4538582772947848	0.13150674104690552	0.13917593890801072	0.5930342162027955	0.06317579164169729	0.03210494262748398	0.04100236715748906	False	True	0.15730459988117218	0.003983123227953911	0.777570366859436	0.01403306145220995	0.04272116348147392	0.004387682303786278	True	0.05411316454410553	0.5447543859481812	0.03942576423287392	0.2106039822101593	0.0002562800655141473	0.1508464217185974
czfg0w9	its pointing upwards alright	data/processed/pro_fakeddit/images/czfg0w9.jpg	4	0	False	0.5903853625059128	0.3139899745583534	0.5903853625059128	0.0108227297605481	0.27639538794755936	0.017375116934999824	0.10168577103559073	0.003335590532515198	False	True	0.5713784098625183	0.013934112153947353	0.258771151304245	0.018490992486476898	0.1355692595243454	0.0018560185562819242	True	0.6474062204360962	0.0014885825803503394	0.32926809787750244	0.0140274902805686	3.5305569326737896e-05	0.007774306461215019
5wimzz	blake griffin claims basketball seems much rounder lately	data/processed/pro_fakeddit/images/5wimzz.jpg	1	2	False	0.5883903410285711	0.4075481165200472	0.18084222450852394	0.017080253805033863	0.5883903410285711	0.06771823763847351	0.014331259721075185	0.13163766218349338	False	True	0.13064955174922943	0.004297057632356882	0.7479436993598938	0.06863749027252197	0.018882855772972107	0.029589304700493813	True	0.33142024278640747	0.055429842323064804	0.10973026603460312	0.06496047973632812	0.0006764715653844178	0.43778273463249207
1kn3d1	seattle seahawks and make a wish do something absolutely incredible for yo with rare heart condition	data/processed/pro_fakeddit/images/1kn3d1.jpg	0	2	False	0.5870884656906128	0.3103872910141945	0.2767011746764183	0.03544273367151618	0.5870884656906128	0.019852296682074666	0.05025167524581775	0.030663755256682634	False	True	0.17570385336875916	0.017327526584267616	0.7082169055938721	0.010902798734605312	0.06689482927322388	0.020954234525561333	True	0.5796931385993958	0.08978835493326187	0.22370314598083496	0.04670079052448273	0.0003222131635993719	0.05979231745004654
bz26fm	dae remember the glory days of the s fuck that	data/processed/pro_fakeddit/images/bz26fm.jpg	3	0	False	0.5862161070108414	0.21962099894881248	0.5862161070108414	0.002802171788061969	0.3665951080620289	0.008338962332345545	0.03261240237043239	0.0034351891954429448	False	True	0.5070357918739319	0.0008829525322653353	0.44260987639427185	0.004866819363087416	0.04345524683594704	0.0011492667254060507	True	0.8237570524215698	0.00855982955545187	0.1385508030653	0.018755391240119934	8.386897388845682e-05	0.010292956605553627
cpkmtf	my bush cant decide which color blossoms it wants to carry so lets try rose purple and white	data/processed/pro_fakeddit/images/cpkmtf.jpg	0	2	False	0.5856788456439972	0.29153864085674286	0.29414020478725433	0.004691627560532652	0.5856788456439972	0.04226299817673862	0.04533691221149638	0.02788942400366068	False	True	0.25599104166030884	0.0007889106054790318	0.6087216138839722	0.05254962295293808	0.05963853746652603	0.022310279309749603	True	0.4085876941680908	0.016399778425693512	0.5165505409240723	0.01140312384814024	0.0024320364464074373	0.044626858085393906
3y5t9r	what working on the fridge at a silver mine	data/processed/pro_fakeddit/images/3y5t9r.jpg	3	0	False	0.5845170617103577	0.26806056685745716	0.5845170617103577	0.01094145211391151	0.3164564948529005	0.05132910795509815	0.0012378735664242413	0.03551796963438392	False	True	0.49345862865448	0.01366853155195713	0.3913900852203369	0.056540597230196	0.0015993296401575208	0.043342746794223785	True	0.8576923608779907	0.0027602137997746468	0.09165572375059128	0.03569464012980461	0.00015350534522440284	0.012043638154864311
cv9kwi	my fathers first trip to school	data/processed/pro_fakeddit/images/cv9kwi.jpg	2	0	False	0.5842669904232025	0.41114916279911995	0.5842669904232025	0.04311562702059746	0.17311782762408257	0.034090598579496145	0.0133809417966404	0.15202798100654036	False	True	0.48633676767349243	0.056015495210886	0.19842085242271423	0.039615459740161896	0.01774251088500023	0.20186887681484222	True	0.8780576586723328	0.004416022449731827	0.09720875322818756	0.017516015097498894	0.00029623453156091273	0.00250529358163476
b1nlad	scary or scared fireplace	data/processed/pro_fakeddit/images/b1nlad.jpg	2	0	False	0.5834478959441185	0.29401639103889465	0.5834478959441185	0.0061705592524958774	0.28943150490522385	0.04082177649252117	0.07478260155767202	0.005345646844943985	False	True	0.6253458857536316	0.00015643989900127053	0.2760857045650482	0.002682388760149479	0.09429001063108444	0.0014395249309018254	True	0.4577539265155792	0.024212917312979698	0.32946890592575073	0.15523993968963623	0.01626037433743477	0.017064012587070465
b4geqy	glasses for soccer they are convertible too	data/processed/pro_fakeddit/images/b4geqy.jpg	0	2	False	0.5832942798733711	0.2730063945055008	0.31028788536787033	0.017746393335983157	0.5832942798733711	0.05132035491988063	0.00518961287161801	0.03216146305203438	False	True	0.25079765915870667	0.004669279791414738	0.6914094686508179	0.021621892228722572	0.006656230427324772	0.024845454841852188	True	0.48875856399536133	0.056977733969688416	0.2589487135410309	0.1404157429933548	0.0007897602044977248	0.05410948768258095
d7e2ga	one red tomato on a yellow tomato plant	data/processed/pro_fakeddit/images/d7e2ga.jpg	0	2	False	0.5823531970381737	0.3763198424130678	0.20603335462510586	0.10155392673914321	0.5823531970381737	0.0388082682620734	0.02858770824968815	0.04266358714085072	False	True	0.2684798538684845	0.0009373159846290946	0.6748211979866028	0.014949903823435307	0.03433986380696297	0.006471904460340738	True	0.01869385689496994	0.40340375900268555	0.30494919419288635	0.11038336157798767	0.011331241577863693	0.15123863518238068
atbh3x	panorama of crucible lake	data/processed/pro_fakeddit/images/atbh3x.jpg	0	4	False	0.5812271349132061	0.35028931125998497	0.23093782365322113	0.0024758083091001026	0.07800493761897087	0.07755550286674406	0.5812271349132061	0.029798800198477693	False	True	0.17340010404586792	9.67075175140053e-05	0.07159565389156342	0.0006426710751838982	0.7535153031349182	0.0007495707250200212	True	0.40355098247528076	0.009613110683858395	0.09723278880119324	0.30829399824142456	0.06436263024806976	0.11694648861885071
4qwlrw	an early publicity photo taken around the time of the casting of harry hermione and ron for the first harry potter movie	data/processed/pro_fakeddit/images/4qwlrw.jpg	0	4	False	0.5796688254922628	0.42801849730312824	0.1516503281891346	0.14506979566067457	0.10811656527221203	0.00564119458431378	0.5796688254922628	0.009853324256255291	False	True	0.1537970006465912	0.0009788312017917633	0.09950774163007736	0.0021280187647789717	0.7429230213165283	0.0006654093158431351	True	0.14521031081676483	0.577342689037323	0.13394303619861603	0.016180722042918205	0.0899062380194664	0.03741706907749176
1gogmy	nba finals lebron james to start game with headband on	data/processed/pro_fakeddit/images/1gogmy.jpg	0	3	False	0.5795606207102537	0.42112770210951567	0.15843291860073805	0.09408854879438877	0.07507507130503654	0.5795606207102537	0.0007673904146940913	0.09207534976303577	False	True	0.0464460588991642	0.08635056763887405	0.03949517011642456	0.7564437389373779	0.000979630509391427	0.07028471678495407	True	0.4943934977054596	0.11730249226093292	0.1818147748708725	0.04891126602888107	0.0001306701306020841	0.15744724869728088
68k859	apparently disneys giant turkey legs arent actually turkey	data/processed/pro_fakeddit/images/68k859.jpg	5	2	False	0.5788318887352943	0.27089931443333626	0.3079325743019581	0.05632508359849453	0.5788318887352943	0.020068667829036713	0.021984132705256343	0.014857684960588813	False	True	0.1884174793958664	0.048725806176662445	0.714194118976593	0.011034619063138962	0.028811268508434296	0.008816723711788654	True	0.6664778590202332	0.07912291586399078	0.17274519801139832	0.047170814126729965	0.0015027252957224846	0.03298056870698929
1wosm2	the inside of a breaking wave	data/processed/pro_fakeddit/images/1wosm2.jpg	2	4	False	0.578169893939048	0.28107380168512464	0.2970960922539234	0.001299468744036858	0.09454353526234627	0.015745460899779573	0.578169893939048	0.013145559001713991	False	True	0.18694548308849335	9.45996362133883e-05	0.04076589643955231	0.0012017077533528209	0.7700408697128296	0.0009514708071947098	True	0.6275479197502136	0.004914076067507267	0.25587645173072815	0.05937672033905983	0.002556966617703438	0.049727823585271835
6ph6pr	kitten rescued from trash bag after tossed from car onto wauchula road	data/processed/pro_fakeddit/images/6ph6pr.jpg	0	2	False	0.5769590195268393	0.2320027220994234	0.34495629742741585	0.014101537992246449	0.5769590195268393	0.025637333281338215	0.010985555825755	0.027360303327441216	False	True	0.22067706286907196	0.00477675860747695	0.7418666481971741	0.009438600391149521	0.013984831981360912	0.009256146848201752	True	0.7177940011024475	0.04207587614655495	0.08223613351583481	0.0742335319519043	0.0019877273589372635	0.0816727727651596
6l8ivu	lifes a beach by jesus christie	data/processed/pro_fakeddit/images/6l8ivu.jpg	1	0	False	0.5766430050134659	0.26717514358460903	0.5766430050134659	0.048771822825074196	0.30946786142885685	0.017511596204712987	0.04295257688499987	0.0046531237894669175	False	True	0.501439094543457	0.048297371715307236	0.38287174701690674	0.008561003021895885	0.05587844178080559	0.0029523209668695927	True	0.8022547364234924	0.050195176154375076	0.08925620466470718	0.04436337575316429	0.004174982197582722	0.009755532257258892
61lfuj	warning while bush spends billions playing cowboy million americans have no health insurance one american dies of aids every eight minutes act up us	data/processed/pro_fakeddit/images/61lfuj.jpg	5	1	False	0.5756670981645584	0.2895660772919655	0.031505672726780176	0.5756670981645584	0.09631116865784861	0.006963688880205154	0.0034514244534875615	0.2861010208725929	False	True	0.04058326035737991	0.5324178338050842	0.12813489139080048	0.00846825074404478	0.004594181664288044	0.2858016788959503	True	0.004272909834980965	0.705414891242981	0.0008400004589930177	0.0024500032886862755	2.3152821086114272e-05	0.28699904680252075
7y6d4g	frustrated freight drivers queue in calais after the united kingdom leaves the eu customs union	data/processed/pro_fakeddit/images/7y6d4g.jpg	2	0	False	0.5751452454423998	0.33317756178439595	0.5751452454423998	0.2419676836580038	0.06126328939717496	0.020860089105553925	0.08458127274207072	0.0161823594244197	False	True	0.7666954398155212	0.009590394794940948	0.08157216757535934	0.02528352104127407	0.11276751011610031	0.004090914037078619	True	0.0004946623230352998	0.9390995502471924	0.0003366548626217991	0.007589793298393488	2.2560619981959462e-05	0.05245669558644295
cghliv	this fox on the roof outside my bedroom window	data/processed/pro_fakeddit/images/cghliv.jpg	0	2	False	0.5750919431447983	0.3325810171663761	0.24251092597842216	0.011615396535489708	0.5750919431447983	0.049694104585796595	0.041831108974292874	0.0792564854491502	False	True	0.2699618339538574	0.0026596735697239637	0.6525725722312927	0.015810979530215263	0.051229577511548996	0.0077653368934988976	True	0.1601582020521164	0.03848256543278694	0.34265005588531494	0.1513434797525406	0.01363570336252451	0.2937299311161041
4ckph7	jack dempseys endorsement of fdrs reelection	data/processed/pro_fakeddit/images/4ckph7.jpg	5	2	False	0.575059462338686	0.36696435417979956	0.14259378239512444	0.031221794430166483	0.575059462338686	0.20809510815888643	0.0007252321188389033	0.04230456706136465	False	True	0.16684859991073608	0.03238183632493019	0.7429335117340088	0.03680887445807457	0.0009639175841584802	0.02006320282816887	True	0.06982932984828949	0.02774166874587536	0.07143731415271759	0.721953809261322	9.175722880172543e-06	0.109028659760952
3jp1od	obese man dies attempting to put on his socks	data/processed/pro_fakeddit/images/3jp1od.jpg	1	0	False	0.5738751217722893	0.288112660869956	0.5738751217722893	0.01465259911492467	0.28576246090233326	0.048956045880913734	0.04112999888457125	0.03562378557398915	False	True	0.47840240597724915	0.011303137987852097	0.3561737537384033	0.05577677860856056	0.05468032881617546	0.04366361349821091	True	0.8602932691574097	0.024700982496142387	0.07452858239412308	0.02849384769797325	0.00047900908975861967	0.01150430180132389
ces56a8	i felt like watching the hobbit again	data/processed/pro_fakeddit/images/ces56a8.jpg	4	2	False	0.5724302232265472	0.1861705332994461	0.38625968992710114	0.008900842745788395	0.5724302232265472	0.015559939201921225	0.008330579883477185	0.008518742164596915	False	True	0.28173619508743286	0.009452477097511292	0.6716484427452087	0.01801297441124916	0.011062010191380978	0.008087916299700737	True	0.699830174446106	0.007245939690619707	0.27477556467056274	0.008200833573937416	0.0001362889597658068	0.00981121975928545
1zvsvs	pakistan onion heroin smuggling plot uncovered	data/processed/pro_fakeddit/images/1zvsvs.jpg	0	2	False	0.5722392573952675	0.4263044986873865	0.14593475870788097	0.041454838356003165	0.5722392573952675	0.12959984224289656	0.0036608630980481394	0.10711042396724224	False	True	0.10997707396745682	0.010715496726334095	0.7514421939849854	0.03892618790268898	0.004802808631211519	0.0841362252831459	True	0.25380781292915344	0.13367286324501038	0.03463044762611389	0.4016208052635193	0.00023502649855799973	0.17603302001953125
5hn8i1	whats the point of revolving doors	data/processed/pro_fakeddit/images/5hn8i1.jpg	5	0	False	0.5711887776851654	0.3652920768945478	0.5711887776851654	0.013095061294734478	0.09753750264644623	0.07936339639127254	0.20589670079061761	0.032918579410761595	False	True	0.5459610819816589	0.011193370446562767	0.0877159833908081	0.072087861597538	0.27442386746406555	0.008617864921689034	True	0.6468718647956848	0.01880013383924961	0.1270020604133606	0.1011900007724762	0.00031520077027380466	0.10582072287797928
cmnc781	she touches herself everyday	data/processed/pro_fakeddit/images/cmnc781.jpg	4	0	False	0.5704685151576996	0.29578416273216135	0.5704685151576996	0.0017425223486497998	0.14871863089501858	0.0032925049599725753	0.27468435242553824	0.0010934867314063013	False	True	0.4722093343734741	0.0019187422003597021	0.156997948884964	0.0015216994797810912	0.3662348687648773	0.0011173846432939172	True	0.865246057510376	0.001213862793520093	0.12388067692518234	0.008604921400547028	3.2803407520987093e-05	0.0010217929957434535
cffi8p	a picture from the broadway premiere of cats	data/processed/pro_fakeddit/images/cffi8p.jpg	2	0	False	0.570401206612587	0.3524997867643833	0.570401206612587	0.13004270941019058	0.21790141984820366	0.0553785664960742	0.012749122688546777	0.01352697005495429	False	True	0.5937182307243347	0.15121813118457794	0.18922214210033417	0.04606064036488533	0.0131659721955657	0.006614876911044121	True	0.5004501342773438	0.0665164440870285	0.30393925309181213	0.08333234488964081	0.011498574167490005	0.0342632494866848
3bo4w2	manchester art gallery oc	data/processed/pro_fakeddit/images/3bo4w2.jpg	0	4	False	0.569145989662502	0.20693222904810682	0.36221376061439514	0.0031398870632983744	0.056662483140826225	0.004670167341828346	0.569145989662502	0.004167667968431488	False	True	0.17507606744766235	0.002151243155822158	0.06017138436436653	0.0034011928364634514	0.7575699090957642	0.0016301757423207164	True	0.9236268401145935	0.006105818785727024	0.04613577947020531	0.00847709085792303	0.0038742313627153635	0.011780144646763802
2e2gf2	man fakes own death to avoid upcoming wedding	data/processed/pro_fakeddit/images/2e2gf2.jpg	0	2	False	0.569116735830903	0.20946485735476017	0.3596518784761429	0.004002277506515384	0.569116735830903	0.025038317078724504	0.03489423847713624	0.007296549854800105	False	True	0.19498944282531738	0.00234121922403574	0.7385083436965942	0.009257855825126171	0.046480692923069	0.008422423154115677	True	0.8536391854286194	0.008985452353954315	0.0609419122338295	0.0723797008395195	0.00013487513933796436	0.00391892995685339
cmx97fb	great shot man hey whats going on with that van in the back	data/processed/pro_fakeddit/images/cmx97fb.jpg	4	0	False	0.5690712407231331	0.32275702863989864	0.5690712407231331	0.0015994629793567583	0.17912479862570763	0.0025989133719122037	0.24631421208323445	0.0012913437021779828	False	True	0.48353829979896545	0.001857861177995801	0.18146352469921112	0.0032310583628714085	0.32829731702804565	0.0016118932981044054	True	0.825670063495636	0.0008242683834396303	0.17210862040519714	0.0007024783990345895	0.00036489724880084395	0.0003296949143987149
80zy5s	rare photo of president truman ordering the bombing of hiroshima	data/processed/pro_fakeddit/images/80zy5s.jpg	2	0	False	0.5675996541976929	0.22031964641064405	0.5675996541976929	0.03501121758017689	0.3472800077870488	0.013853218348231167	0.02868753336224472	0.0075683967443183064	False	True	0.4358002543449402	0.04446167126297951	0.4560309946537018	0.01718835160136223	0.03820390999317169	0.008314883336424828	True	0.9629978537559509	0.006659856531769037	0.02102704718708992	0.0038478185888379812	0.00013840346946381032	0.005328936967998743
6feuw6	jumping spider trying to appear intimidating	data/processed/pro_fakeddit/images/6feuw6.jpg	0	2	False	0.5674572661519051	0.216200552880764	0.35125671327114105	0.008141607628203928	0.5674572661519051	0.014240195276215672	0.05262572434730828	0.006278516841121018	False	True	0.24517744779586792	0.004840205889195204	0.6655011177062988	0.009648517705500126	0.06937894970178604	0.005453804042190313	True	0.6694945096969604	0.018045812845230103	0.27332571148872375	0.028015227988362312	0.0023660482838749886	0.008752655237913132
dbh1qa	the christmas genocide of swaize land	data/processed/pro_fakeddit/images/dbh1qa.jpg	2	0	False	0.5669647455215454	0.3060585632920265	0.5669647455215454	0.08356785774230957	0.2609061822295189	0.022248990600928664	0.037738193350378424	0.028574076713994145	False	True	0.5539404153823853	0.04425135254859924	0.3212869167327881	0.015466221608221531	0.05021752789616585	0.014837606810033321	True	0.6060377359390259	0.20151737332344055	0.0797639787197113	0.042597297579050064	0.0003001897130161524	0.06978348642587662
cab8b3	this picture of tana mongooses mugshot	data/processed/pro_fakeddit/images/cab8b3.jpg	0	2	False	0.5643366575241089	0.3375213108956814	0.2268153466284275	0.01750049472320825	0.5643366575241089	0.05329536972567439	0.13460094861511607	0.003451194439548999	False	True	0.19812853634357452	0.021314214915037155	0.5692711472511292	0.029653185978531837	0.1791520118713379	0.0024809229653328657	True	0.31287577748298645	0.006059334147721529	0.5495331883430481	0.12422192096710205	0.000947758846450597	0.006362008862197399
1y7eak	frightened figure skater	data/processed/pro_fakeddit/images/1y7eak.jpg	0	2	False	0.5627617798745632	0.37427517771720886	0.18848660215735435	0.1878496897406876	0.5627617798745632	0.04045360628515482	0.010990124603267759	0.009458209970034659	False	True	0.22352871298789978	0.01896328292787075	0.7164674997329712	0.02116885408759117	0.01420081127434969	0.005670859944075346	True	0.08336026966571808	0.6945089101791382	0.1016446202993393	0.09830786287784576	0.0013580645900219679	0.020820260047912598
bun0ja	civenna italy above lake como	data/processed/pro_fakeddit/images/bun0ja.jpg	0	4	False	0.5602798899635673	0.41792505141347647	0.13534153625369072	0.028467303316574544	0.1423548385500908	0.06623325683176517	0.5602798899635673	0.06732315302360803	False	True	0.10371336340904236	0.0013837965670973063	0.15177768468856812	0.007573448121547699	0.7330399751663208	0.0025116964243352413	True	0.2302260547876358	0.10971782356500626	0.11408630013465881	0.2422126829624176	0.041999634355306625	0.2617575228214264
9eq12n	unholy cosmos love yesterday	data/processed/pro_fakeddit/images/9eq12n.jpg	1	0	False	0.5596618056297302	0.31762832030653954	0.5596618056297302	0.059694341267459095	0.2420334853231907	0.003172562806867063	0.13192198239266872	0.0035157217644155025	False	True	0.4460156559944153	0.0775337740778923	0.29664331674575806	0.0011970759369432926	0.17553524672985077	0.003074830863624811	True	0.900600254535675	0.006176042836159468	0.07820399105548859	0.009099023416638374	0.0010821893811225891	0.004838394466787577
9hbfz9	the president changing the legal drinking age to	data/processed/pro_fakeddit/images/9hbfz9.jpg	2	0	False	0.5592650324106216	0.29190222173929214	0.5592650324106216	0.2673628106713295	0.04778068279847503	0.05963410763069987	0.046103806074825116	0.01985356636578217	False	True	0.5951640605926514	0.29274407029151917	0.020427854731678963	0.026949549093842506	0.061204567551612854	0.003509924514219165	True	0.45156794786453247	0.1912190318107605	0.12983916699886322	0.15768778324127197	0.0008015216444619	0.06888449192047119
b99yth	an yearold janitor comes to work expecting to clean instead nearly students sing him happy birthday the washington post	data/processed/pro_fakeddit/images/b99yth.jpg	0	2	False	0.5588607415556908	0.36820160411298275	0.19065913744270802	0.1045880219899118	0.5588607415556908	0.11639474891126156	0.0017623549356358126	0.02773501817137003	False	True	0.11710401624441147	0.008222298696637154	0.717035174369812	0.1313806176185608	0.002127561252564192	0.024130385369062424	True	0.41132450103759766	0.3936851918697357	0.08433744311332703	0.07143714278936386	0.0006667359848506749	0.03854891657829285
42yrnt	cristiano ronaldo gives alessandra ambrosio a lift	data/processed/pro_fakeddit/images/42yrnt.jpg	0	2	False	0.5588194280862808	0.34819962084293365	0.21061980724334717	0.009969730279408395	0.5588194280862808	0.047621513018384576	0.15357991121709347	0.019389575463719666	False	True	0.17661362886428833	0.005061418283730745	0.6111918687820435	0.01049195509403944	0.19389775395393372	0.0027433610521256924	True	0.3126383423805237	0.024694666266441345	0.4017021059989929	0.15901018679141998	0.03262638300657272	0.06932821869850159
1kg266	joffrey baratheon jack gleeson holding up a funny caricaturefrom rpics	data/processed/pro_fakeddit/images/1kg266.jpg	0	2	False	0.5576777963433415	0.28358354908414185	0.08997879072558135	0.2740942472591996	0.5576777963433415	0.04686864296672866	0.006853370345197618	0.024527176283299923	False	True	0.11852966994047165	0.05357290431857109	0.7390075922012329	0.06140067055821419	0.0074805039912462234	0.020008694380521774	True	0.004326153080910444	0.9356582760810852	0.013688408769667149	0.003272560192272067	0.004971969407051802	0.03808262199163437
7xfbz7	shaun white finding out he won gold in the olympics	data/processed/pro_fakeddit/images/7xfbz7.jpg	0	2	False	0.5574043970555067	0.2786243837326765	0.2787800133228302	0.12477758398745209	0.5574043970555067	0.00976211589295417	0.010754284856375307	0.018521619029343128	False	True	0.25302353501319885	0.0059916856698691845	0.7117781043052673	0.007607943844050169	0.013948196545243263	0.007650572806596756	True	0.35604944825172424	0.4811352789402008	0.09428327530622482	0.016224632039666176	0.0011725497897714376	0.051134757697582245
c5lwad9	shes not in first but at least shes having fun	data/processed/pro_fakeddit/images/c5lwad9.jpg	4	0	False	0.5570695549249649	0.3202243521809578	0.5570695549249649	0.07381619926309213	0.2368452027440071	0.02238426561234519	0.07122108024486806	0.03866374198696576	False	True	0.5252556800842285	0.09729605168104172	0.2020873725414276	0.02943090721964836	0.0949372872710228	0.050992779433727264	True	0.6525111794471741	0.003376642009243369	0.3411186933517456	0.0012443407904356718	7.245916640385985e-05	0.0016766296466812491
5mdpkv	rhinoceros a successful conservation story in india the hindu	data/processed/pro_fakeddit/images/5mdpkv.jpg	0	2	False	0.5570181533694267	0.4201341588050127	0.13688399456441402	0.05635839467868209	0.5570181533694267	0.08461861917749047	0.07277069264091551	0.09235015604645014	False	True	0.11631100624799728	0.017019348219037056	0.7214882969856262	0.013935474678874016	0.0948859304189682	0.03635994717478752	True	0.19860295951366425	0.1743755340576172	0.06360772252082825	0.29666805267333984	0.00642497930675745	0.260320782661438
ddsb0z	the raised shape and the image of mjolnir on my copy of norse mythology are slightly misaligned	data/processed/pro_fakeddit/images/ddsb0z.jpg	0	2	False	0.5561274588108063	0.36206672666594386	0.1940607321448624	0.005686776654329151	0.5561274588108063	0.022656349930912256	0.028463934548199177	0.19300472573377192	False	True	0.25345176458358765	0.0034492092672735453	0.6817760467529297	0.008330224081873894	0.03786855563521385	0.01512415986508131	True	0.015887634828686714	0.012399478815495968	0.17918169498443604	0.06563472747802734	0.00025007128715515137	0.7266464233398438
1ca6kk	people wont stop sending severed goat heads to wrigley field	data/processed/pro_fakeddit/images/1ca6kk.jpg	0	2	False	0.5555545203387737	0.3039114587008953	0.2516430616378784	0.020379829686135054	0.5555545203387737	0.12585426680743694	0.008639300518552773	0.03792898869141936	False	True	0.15646958351135254	0.008821291849017143	0.6996248364448547	0.08361519128084183	0.011264338158071041	0.0402047224342823	True	0.537163496017456	0.055055443197488785	0.1233435720205307	0.2525714933872223	0.0007641875999979675	0.031101787462830544
d0ioqh	using a banana for archery practice	data/processed/pro_fakeddit/images/d0ioqh.jpg	2	0	False	0.5537709295749664	0.18708934634923935	0.5537709295749664	0.015307564637623727	0.3666815832257271	0.014379591797478497	0.018509797751903534	0.031350547447800636	False	True	0.4967226982116699	0.0025859219022095203	0.44642138481140137	0.004642100539058447	0.023415379226207733	0.026212528347969055	True	0.724915623664856	0.05347249284386635	0.12746217846870422	0.04359206557273865	0.0037930533289909363	0.04676460474729538
8kv9e0	a fishnet worker in vietnam	data/processed/pro_fakeddit/images/8kv9e0.jpg	0	4	False	0.5537668931065127	0.407870082417503	0.12505731917917728	0.032133036642335355	0.1294303610920906	0.14589681068900973	0.5537668931065127	0.013715604203753173	False	True	0.1358906775712967	0.0013655764050781727	0.11723080277442932	0.005383654963225126	0.7367150783538818	0.0034142457880079746	True	0.09255724400281906	0.1244354173541069	0.16602903604507446	0.5674362778663635	0.004922337364405394	0.04461967945098877
ctdup0	monk sculpture in a church i visited	data/processed/pro_fakeddit/images/ctdup0.jpg	0	4	False	0.5527994723524898	0.34199412702582777	0.21080534532666206	0.006041215208824724	0.13019690848886967	0.09786485438235104	0.5527994723524898	0.002292203571414575	False	True	0.11740832030773163	0.003470446215942502	0.13553832471370697	0.00799457635730505	0.7346044778823853	0.0009838567348197103	True	0.49099642038345337	0.01375352218747139	0.11417265981435776	0.367475688457489	0.0073844557628035545	0.006217244081199169
corb31	this compartment in this old radiator for heating stuff	data/processed/pro_fakeddit/images/corb31.jpg	0	2	False	0.5517558157444	0.2571640908718109	0.2945917248725891	0.008030051947571337	0.5517558157444	0.013592819217592478	0.120382996276021	0.011646577157080173	False	True	0.2952731251716614	0.002276874613016844	0.5466117858886719	0.00627206452190876	0.14352689683437347	0.006039245054125786	True	0.2925475239753723	0.025289583951234818	0.5671879053115845	0.03555508330464363	0.05095129460096359	0.028468573465943336
6m1pj9	spiderman homecoming who is the postcredit character	data/processed/pro_fakeddit/images/6m1pj9.jpg	5	0	False	0.5508290678262711	0.2379869669675827	0.5508290678262711	0.04545313958078623	0.31284210085868835	0.049002941232174635	0.03274558004341088	0.009127265075221658	False	True	0.5503784418106079	0.04751212149858475	0.3282134234905243	0.021497854962944984	0.04327678307890892	0.009121473878622055	True	0.5521809458732605	0.03927619382739067	0.26672813296318054	0.1315182000398636	0.0011519709369167686	0.009144638665020466
c4b4ha6	when you see it youll shit bricks	data/processed/pro_fakeddit/images/c4b4ha6.jpg	4	0	False	0.5507211238145828	0.32195182889699936	0.5507211238145828	0.010480890981853008	0.20020641013979912	0.006393577205017209	0.22876929491758347	0.003428641182836145	False	True	0.5557815432548523	0.0030651837587356567	0.13801880180835724	0.0070726266130805016	0.29407694935798645	0.0019848302472382784	True	0.5355398654937744	0.03272801265120506	0.38676923513412476	0.0043564289808273315	0.03284633159637451	0.0077600739896297455
53trsa	black cat sitting on a rail	data/processed/pro_fakeddit/images/53trsa.jpg	0	2	False	0.5496662892401218	0.3390253474935889	0.21064094174653292	0.030192891601473093	0.5496662892401218	0.027428710367530584	0.04522890131920576	0.13684219727292657	False	True	0.2649655044078827	0.0030558686703443527	0.6720459461212158	0.008091429248452187	0.048332929611206055	0.00350823812186718	True	0.0476672537624836	0.11160396039485931	0.1825273185968399	0.08544055372476578	0.03591681644320488	0.5368440747261047
cw0qa9	a public art found in smithfield meat market	data/processed/pro_fakeddit/images/cw0qa9.jpg	0	4	False	0.5472667180001736	0.28535445034503937	0.2619122676551342	0.06022518198005855	0.10812338814139366	0.016634977771900594	0.5472667180001736	0.005837462260387838	False	True	0.16552503407001495	0.0107881436124444	0.09310738742351532	0.0017884043045341969	0.7259988188743591	0.0027922107838094234	True	0.5510739684104919	0.208536297082901	0.1531713902950287	0.061174698173999786	0.011070415377616882	0.014973216690123081
d1s0m8e	the lord of the rings trilogy had a lot of fx	data/processed/pro_fakeddit/images/d1s0m8e.jpg	4	0	False	0.5459990575909615	0.23594103008508682	0.5459990575909615	0.012415316654369235	0.31005802750587463	0.029505380429327488	0.094911607215181	0.0071105678216554224	False	True	0.43415358662605286	0.007543965242803097	0.39783450961112976	0.03379494324326515	0.12513524293899536	0.0015377092640846968	True	0.8815354704856873	0.02702937088906765	0.04672858119010925	0.016636691987514496	0.004240700043737888	0.0238291434943676
7z77mb	a man preparing to hit the ball	data/processed/pro_fakeddit/images/7z77mb.jpg	0	2	False	0.5444259941577911	0.21375874429941177	0.33066724985837936	0.040193922352045774	0.5444259941577911	0.027716399636119604	0.050710744224488735	0.006285622890572995	False	True	0.3571491241455078	0.01775534637272358	0.5480536222457886	0.012817168608307838	0.06233048066496849	0.0018941725138574839	True	0.251221626996994	0.10750965029001236	0.5335431098937988	0.0724140927195549	0.01585153490304947	0.019459974020719528
31vdjm	saudis refuse swedish zoos monkeys in diplomatic spat	data/processed/pro_fakeddit/images/31vdjm.jpg	0	2	False	0.5434754937887192	0.4245649119839072	0.11880720034241676	0.09203692525625229	0.5434754937887192	0.06746429624035954	0.05930552235804498	0.11891058180481195	False	True	0.11987314373254776	0.04509429633617401	0.684814453125	0.025464212521910667	0.07742906361818314	0.04732484742999077	True	0.11560937017202377	0.23286481201648712	0.11945861577987671	0.19346454739570618	0.00493489857763052	0.3336677849292755
71o25c	fraud section fraud section	data/processed/pro_fakeddit/images/71o25c.jpg	1	0	False	0.5433234549127519	0.30231944913975894	0.5433234549127519	0.00912589521612972	0.1727999986615032	0.24100400577299297	0.019249715464411565	0.014496870804578066	False	True	0.7171351909637451	0.009656902402639389	0.2265564352273941	0.009447217918932438	0.025663381442427635	0.01154080405831337	True	0.0218882467597723	0.007532873656600714	0.011530688963830471	0.9356743693351746	8.717530363355763e-06	0.023365071043372154
926yx3	amazing how davinci captured that subtle smile circa	data/processed/pro_fakeddit/images/926yx3.jpg	2	4	False	0.5432451998058241	0.24631718892487697	0.13415240682661533	0.019653908326290548	0.2969280108809471	0.004737054696306586	0.5432451998058241	0.0012834119115723297	False	True	0.05627133697271347	0.0259079672396183	0.18926849961280823	0.003768571652472019	0.724194347858429	0.0005892580957151949	True	0.3677956163883209	0.0008917315863072872	0.6199065446853638	0.0076425038278102875	0.00039775564800947905	0.003365873359143734
6eb5tf	minnie she my trap queen watch her hit the bando	data/processed/pro_fakeddit/images/6eb5tf.jpg	1	0	False	0.5425503477454185	0.33296188386157155	0.5425503477454185	0.209588463883847	0.1288913283497095	0.0459896195679903	0.05396879350882955	0.019011459313333035	False	True	0.46620503067970276	0.2746939957141876	0.11149413138628006	0.05373671278357506	0.07183391600847244	0.022036219015717506	True	0.7715862989425659	0.014271868392825127	0.18108291923999786	0.022748339921236038	0.00037342600990086794	0.009937180206179619
5653s3	the pool has sweet dreams	data/processed/pro_fakeddit/images/5653s3.jpg	2	0	False	0.540694035589695	0.24394740536808968	0.540694035589695	0.0024673156440258026	0.2967466302216053	0.011597284232266247	0.13740359153598547	0.011091228574514389	False	True	0.4756779968738556	0.0025666113942861557	0.3199242055416107	0.00585114536806941	0.18249920010566711	0.013480928726494312	True	0.7357421517372131	0.0021694283932447433	0.22721390426158905	0.028835700824856758	0.0021167658269405365	0.003922128118574619
9edrj7	the way the ground effects hides the rear tire making it look like the car is missing it	data/processed/pro_fakeddit/images/9edrj7.jpg	0	2	False	0.5386391431093216	0.19798733294010162	0.34065181016921997	0.014246027451008558	0.5386391431093216	0.04303428530693054	0.04585705354111269	0.01757166115567088	False	True	0.2876947820186615	0.009132053703069687	0.6012301445007324	0.03351183235645294	0.06024351716041565	0.008187653496861458	True	0.4995228946208954	0.029587948694825172	0.3508661389350891	0.07160164415836334	0.0026976626832038164	0.04572368413209915
c4agsx	the usa and uk authorise drone strikes on libya to topple colonel gaddafi circa	data/processed/pro_fakeddit/images/c4agsx.jpg	2	1	False	0.5384619385004044	0.34546439349651337	0.09329947829246521	0.5384619385004044	0.1328361015766859	0.042174890637397766	0.00023006109040579759	0.192997545003891	False	True	0.06763479113578796	0.5005112886428833	0.17182661592960358	0.04171136021614075	0.00019797812274191529	0.21811798214912415	True	0.17029353976249695	0.6523138880729675	0.015864558517932892	0.04356548190116882	0.0003263099933974445	0.11763623356819153
critus	my cat is facing the camera and his eyes are wide open but you cant see them in the picture	data/processed/pro_fakeddit/images/critus.jpg	0	2	False	0.5382870510220528	0.09642531722784042	0.44186173379421234	0.0032452350860694423	0.5382870510220528	0.004459884949028492	0.006784857367165387	0.005361238640034571	False	True	0.38347750902175903	0.004129400011152029	0.5926526784896851	0.0049980320036411285	0.008200443349778652	0.006541930139064789	True	0.6170144081115723	0.0005927403108216822	0.3751901686191559	0.0028454437851905823	0.00253809941932559	0.0018191641429439187
auabo0	you have to look through the mirror to read this sign	data/processed/pro_fakeddit/images/auabo0.jpg	0	2	False	0.5378992259502411	0.1558261662721634	0.3820730596780777	0.01437771279597655	0.5378992259502411	0.004962464328855276	0.036457855764638225	0.02422971953637898	False	True	0.3239988684654236	0.018540797755122185	0.576156735420227	0.004080656450241804	0.04860731214284897	0.028615644201636314	True	0.55629563331604	0.0018884579185396433	0.4231266975402832	0.007607887964695692	9.486630005994812e-06	0.011071945540606976
chep2r	the trash can at a restaurant near me is named tom	data/processed/pro_fakeddit/images/chep2r.jpg	0	2	False	0.5377653874456882	0.1999206580221653	0.33784472942352295	0.0030629454413428903	0.5377653874456882	0.08443335071206093	0.024664783297339454	0.012228852254338562	False	True	0.23981249332427979	0.002925681183114648	0.6467489004135132	0.06339363753795624	0.03254379704594612	0.01457557175308466	True	0.6319414377212524	0.0034747382160276175	0.21081484854221344	0.147552490234375	0.0010277420515194535	0.005188693758100271
34i2vp	ovechkins funny looking wax figure	data/processed/pro_fakeddit/images/34i2vp.jpg	0	2	False	0.5361398700624704	0.15564881451427937	0.38049105554819107	0.03909271094016731	0.5361398700624704	0.02379949437454343	0.01541293621994555	0.0050639763358049095	False	True	0.2689972221851349	0.01194742415100336	0.6736636161804199	0.0252977404743433	0.014199166558682919	0.005894886329770088	True	0.7149725556373596	0.12052857130765915	0.12356863170862198	0.019304756075143814	0.019054245203733444	0.0025712463539093733
56sgee	sky island one of my whims	data/processed/pro_fakeddit/images/56sgee.jpg	1	0	False	0.5356862097978592	0.22061599418520927	0.5356862097978592	0.012715600314550102	0.3150702156126499	0.021906496840529144	0.10537566803395748	0.009245749446563423	False	True	0.4708571434020996	0.01479202788323164	0.3687378764152527	0.003910715226083994	0.13511115312576294	0.006591020617634058	True	0.7301734089851379	0.0064863176085054874	0.1540672332048416	0.0758938416838646	0.016169212758541107	0.017209935933351517
4398cn	pitbull wearing sunglasses with a drum machine from the s	data/processed/pro_fakeddit/images/4398cn.jpg	0	2	False	0.5355129018425941	0.21676740795373917	0.318745493888855	0.04828185238875449	0.5355129018425941	0.04905374674126506	0.02916366746649146	0.019242363050580025	False	True	0.3350757956504822	0.013233344070613384	0.5933435559272766	0.02600228227674961	0.025955433025956154	0.006389591842889786	True	0.2697545886039734	0.1534273773431778	0.36202093958854675	0.1182081401348114	0.03878837078809738	0.05780067667365074
bkopzz	one of the lobsters at my local grocery store is blue	data/processed/pro_fakeddit/images/bkopzz.jpg	0	2	False	0.5353064723312855	0.30340806394815445	0.23189840838313103	0.0214354966301471	0.5353064723312855	0.01584750961046666	0.0924818953499198	0.10303027555346489	False	True	0.16882173717021942	0.005535847507417202	0.6696760058403015	0.005349213723093271	0.1227397471666336	0.027877524495124817	True	0.42112842202186584	0.06913444399833679	0.13219787180423737	0.04734239727258682	0.001708339899778366	0.3284885287284851
19hzae	im sure youll find something with this	data/processed/pro_fakeddit/images/19hzae.jpg	0	2	False	0.5330247730016708	0.13993488252162933	0.3930898904800415	0.01894132123561576	0.5330247730016708	0.006702216574922204	0.04456366033082304	0.003678098728414625	False	True	0.2556363344192505	0.02458234690129757	0.6531208753585815	0.0037554893642663956	0.05938608571887016	0.0035188363399356604	True	0.8054505586624146	0.0020182442385703325	0.17273646593093872	0.01554239820688963	9.638416668167338e-05	0.004155885893851519
4tv5u8	angrily charging into battle	data/processed/pro_fakeddit/images/4tv5u8.jpg	2	0	False	0.5330075100064278	0.24928807094693184	0.5330075100064278	0.02903442597016692	0.2837194390594959	0.026234999764710665	0.11063034523976967	0.017373280366882682	False	True	0.4735638201236725	0.023122956976294518	0.3114154040813446	0.024067679420113564	0.14734385907649994	0.0204862542450428	True	0.7113385796546936	0.046768832951784134	0.2006315439939499	0.03273696079850197	0.0004898037295788527	0.008034358732402325
94zeeo	nick young of all people says oncourt nba fashion is getting too out of hand	data/processed/pro_fakeddit/images/94zeeo.jpg	0	2	False	0.5321625750511885	0.23692343570291996	0.2952391393482685	0.04973073664586991	0.5321625750511885	0.07175884582102299	0.018632306368090212	0.032476347871124744	False	True	0.21839307248592377	0.005036050919443369	0.6703566908836365	0.06375117599964142	0.023852810263633728	0.0186101533472538	True	0.5257773399353027	0.18381479382514954	0.11758022755384445	0.0957818552851677	0.0029707946814596653	0.07407493144273758
70ctu9	despite court order dhs release names of just maralago guests	data/processed/pro_fakeddit/images/70ctu9.jpg	0	3	False	0.5314843133091927	0.24785687495023012	0.12077689915895462	0.010758814751170576	0.28362743835896254	0.5314843133091927	0.035321318854585115	0.018031250685453415	False	True	0.1310989260673523	0.004875001031905413	0.36292389035224915	0.43903157114982605	0.047081202268600464	0.014989446848630905	True	0.0898108184337616	0.028410255908966064	0.04573808237910271	0.8088425397872925	4.166861253906973e-05	0.027156662195920944
1f4lyn	this fella doesnt like the idea hes being watched by the gigapixel camera in dubai	data/processed/pro_fakeddit/images/1f4lyn.jpg	2	4	False	0.5311835990287364	0.2516553574241698	0.14252286404371262	0.021433433328638785	0.2795282416045666	0.020640750415623188	0.5311835990287364	0.004691140144132078	False	True	0.06612056493759155	0.0007391619146801531	0.2085503488779068	0.015011042356491089	0.7072163820266724	0.002362529281526804	True	0.3717297613620758	0.08351624757051468	0.4924619197845459	0.037529874593019485	0.003085250034928322	0.011676972731947899
8bez0d	firstever hotel space expected to welcome tourists by	data/processed/pro_fakeddit/images/8bez0d.jpg	0	4	False	0.5297149872640148	0.2453121660510078	0.284402821213007	0.009846700355410576	0.0938257984817028	0.037821854930371046	0.5297149872640148	0.04438781226053834	False	True	0.13559405505657196	0.009364835917949677	0.08202357590198517	0.016069309785962105	0.7058945298194885	0.051053646951913834	True	0.730829119682312	0.011292293667793274	0.1292324662208557	0.10307949036359787	0.001176359597593546	0.024390308186411858
c8igjtd	in times of stress mccain likes to imagine himself back in a more pleasant period of his life back when he held a job that gave him a sense of dignity	data/processed/pro_fakeddit/images/c8igjtd.jpg	4	0	False	0.5284717455506325	0.32654173113405704	0.5284717455506325	0.1427147602662444	0.20193001441657543	0.031797722447663546	0.08450645179254934	0.010579235356999561	False	True	0.5780043005943298	0.04736225679516792	0.23617370426654816	0.024726713076233864	0.11243681609630585	0.0012961222091689706	True	0.3798740804195404	0.4287722706794739	0.09919894486665726	0.05301075056195259	0.0007153588812798262	0.03842857480049133
6ii03t	young girl from honduras gets second chance at hearing	data/processed/pro_fakeddit/images/6ii03t.jpg	0	2	False	0.528137557208538	0.1749792993068695	0.35315825790166855	0.007622284232638776	0.528137557208538	0.05691133812069893	0.0185834225412691	0.03558710590004921	False	True	0.27372607588768005	0.0072688995860517025	0.6515955328941345	0.016036778688430786	0.024475635960698128	0.026897046715021133	True	0.591454803943634	0.008682438172399998	0.15776363015174866	0.17953501641750336	0.0009067822829820216	0.06165728345513344
3nggvv	this vx module but apparently i cant tell if the writers for the unimorph disk scanner	data/processed/pro_fakeddit/images/3nggvv.jpg	3	0	False	0.527560330927372	0.2453499212861061	0.527560330927372	0.005170697113499045	0.28221040964126587	0.10406199842691422	0.06130464858142659	0.019691881258040667	False	True	0.5732259750366211	0.005091482307761908	0.2566675841808319	0.0710752010345459	0.08089924603700638	0.013040473684668541	True	0.39056339859962463	0.005408341530710459	0.35883888602256775	0.20302239060401917	0.002520856214687228	0.03964610397815704
16cz2a	saw him at the bottom of my final cup of eggnog for the year i know the feeling bro	data/processed/pro_fakeddit/images/16cz2a.jpg	2	0	False	0.5264749079942703	0.1190434992313385	0.5264749079942703	0.03337633074261248	0.4074314087629318	0.008320092805661261	0.01688895832921844	0.007508297334425151	False	True	0.46318644285202026	0.012942689470946789	0.4876023828983307	0.008946588262915611	0.022297199815511703	0.005024696234613657	True	0.7163403034210205	0.09467725455760956	0.16691848635673523	0.0064406064338982105	0.0006642338703386486	0.014959100633859634
2c9jfi	mary river turtle with moss on its back	data/processed/pro_fakeddit/images/2c9jfi.jpg	0	4	False	0.5246502682566643	0.3201349205337465	0.04019911214709282	0.1871932540088892	0.2045153477229178	0.03879433631664142	0.5246502682566643	0.004647676018066704	False	True	0.05064364895224571	0.02687930315732956	0.2660764455795288	0.0019972838927060366	0.6512551307678223	0.003148182760924101	True	0.00886550173163414	0.6681351065635681	0.019832054153084755	0.14918549358844757	0.1448356807231903	0.009146155789494514
blw60y	ezra millers makeup at the meta	data/processed/pro_fakeddit/images/blw60y.jpg	2	0	False	0.5242902562022209	0.3283070884644985	0.5242902562022209	0.03040530427824706	0.1959831677377224	0.05291611282154918	0.18948416749481112	0.0069209771463647485	False	True	0.44944819808006287	0.038586053997278214	0.2265349179506302	0.028774986043572426	0.25227174162864685	0.004384070169180632	True	0.7488164305686951	0.005863055121153593	0.10432791709899902	0.12533949315547943	0.0011214450933039188	0.014531698077917099
61iz9z	trump administration grants pipeline permits without all his promised conditions	data/processed/pro_fakeddit/images/61iz9z.jpg	0	3	False	0.5236219167709351	0.23368211835622787	0.2899397984147072	0.01966899901162833	0.05894939508289099	0.5236219167709351	0.0023600769345648587	0.10545985214412212	False	True	0.31222257018089294	0.007280948106199503	0.06214793771505356	0.5608040690422058	0.003094311337918043	0.05445022135972977	True	0.2230914831161499	0.05683315172791481	0.049353767186403275	0.4120754599571228	0.0001573737245053053	0.2584887444972992
39iq79	police use twitter to locate parents of wandering yearold boy	data/processed/pro_fakeddit/images/39iq79.jpg	0	2	False	0.523522038012743	0.31123502366244793	0.21228701435029507	0.011825106805190444	0.523522038012743	0.1824764721095562	7.108869976946153e-05	0.06981828063726425	False	True	0.07338912039995193	0.014974270947277546	0.6376616358757019	0.18816177546977997	3.506023494992405e-05	0.08577815443277359	True	0.6289806962013245	0.002377614378929138	0.18110324442386627	0.1654205620288849	0.00017917409422807395	0.021938659250736237
32e5s9	unenthused tree couldnt care less	data/processed/pro_fakeddit/images/32e5s9.jpg	2	0	False	0.5230580642819405	0.1925039030611515	0.5230580642819405	0.0018890830833697692	0.33055416122078896	0.012568960431963205	0.1271375089418143	0.0047922899830155075	False	True	0.42510947585105896	0.0008269252139143646	0.3875526785850525	0.01428908295929432	0.169163316488266	0.003058606991544366	True	0.816903829574585	0.005075556691735983	0.15955860912799835	0.007408592849969864	0.00106008630245924	0.009993338957428932
6b9igu	us air force fa raptor stealth fighter jets over the western pacific ocean	data/processed/pro_fakeddit/images/6b9igu.jpg	0	4	False	0.5226740199723281	0.34995588060701266	0.17271813936531544	0.10198004962876439	0.033382692956365645	0.03424684645142406	0.5226740199723281	0.13499828334897757	False	True	0.20780478417873383	0.01136687956750393	0.04192680865526199	0.004190188366919756	0.6959835290908813	0.038727838546037674	True	0.06745820492506027	0.3738195598125458	0.0077503458596765995	0.12441682070493698	0.0027454926166683435	0.42380961775779724
db1kn4	me shying away from responsibilities be like	data/processed/pro_fakeddit/images/db1kn4.jpg	0	2	False	0.5225432477891445	0.12043873593211174	0.4021045118570328	0.014190807240083814	0.5225432477891445	0.006454564747400582	0.04901913767935184	0.005687775032129139	False	True	0.2876289486885071	0.016300108283758163	0.6210848689079285	0.0032200380228459835	0.06534410268068314	0.006421956233680248	True	0.7455312013626099	0.007862904109060764	0.22691838443279266	0.016158144921064377	4.424267535796389e-05	0.00348523142747581
bqj6pm	sprinter dutee chand is indias first sportsperson to open up about her samesex relationship	data/processed/pro_fakeddit/images/bqj6pm.jpg	0	2	False	0.5223899465054274	0.33288990519940853	0.18950004130601883	0.15117314783856273	0.5223899465054274	0.08153840154409409	0.0029720163147430867	0.05242640012875199	False	True	0.23331572115421295	0.002906644716858864	0.6588529944419861	0.0764060914516449	0.003378655295819044	0.025139866396784782	True	0.05805300176143646	0.5959726572036743	0.11300080269575119	0.09693533182144165	0.0017520993715152144	0.13428600132465363
9ec7eq	ill be eating the meatennium falcon	data/processed/pro_fakeddit/images/9ec7eq.jpg	0	2	False	0.520799070596695	0.1347794383764267	0.38601963222026825	0.019787645345786586	0.520799070596695	0.02648295694962144	0.025914314668625593	0.020996406907215714	False	True	0.31796443462371826	0.0019198040245100856	0.627417266368866	0.006710929796099663	0.03442307934165001	0.0115645257756114	True	0.5901852250099182	0.07339116930961609	0.20094448328018188	0.08579903841018677	0.0003880206495523453	0.049292050302028656
6icnca	today not the day for blame say rightwing hatemongers	data/processed/pro_fakeddit/images/6icnca.jpg	1	0	False	0.519538052380085	0.27666703052818775	0.519538052380085	0.053589926625136286	0.24287102185189724	0.08915773034095764	0.008825262634218234	0.08601805969374254	False	True	0.6043893098831177	0.002755027962848544	0.2878822982311249	0.09042202681303024	0.011765153147280216	0.0027862542774528265	True	0.26498427987098694	0.2060946226119995	0.10783719271421432	0.08536484092473984	5.59109503228683e-06	0.3357134759426117
1zz6jw	hurray for peron primary school book	data/processed/pro_fakeddit/images/1zz6jw.jpg	5	1	False	0.5185720175504684	0.31394536048173904	0.20339853130280972	0.5185720175504684	0.2046266570687294	0.04868854768574238	0.0007445978699252009	0.02396969823166728	False	True	0.1192423477768898	0.5914789438247681	0.23345807194709778	0.03642149269580841	0.0008307913085445762	0.01856842450797558	True	0.45586708188056946	0.2998512387275696	0.11813241243362427	0.08548971265554428	0.00048601755406707525	0.040173519402742386
7orshg	duck gets d printed prosthetic leg thanks to th grade students	data/processed/pro_fakeddit/images/7orshg.jpg	0	2	False	0.5177046731114388	0.09027452766895294	0.4274301454424858	0.03028139448724687	0.5177046731114388	0.0061759717063978314	0.010942705790512264	0.007465144619345665	False	True	0.34303799271583557	0.036486946046352386	0.5984212756156921	0.004763450939208269	0.013484562747180462	0.003805810585618019	True	0.6806066036224365	0.011664739809930325	0.2755548655986786	0.010413534007966518	0.0033171349205076694	0.018443146720528603
3if33g	freshly shucked malpeque bay oysters	data/processed/pro_fakeddit/images/3if33g.jpg	2	0	False	0.5174074620008469	0.1426353119313717	0.5174074620008469	0.016256326343864202	0.3747721500694752	0.036505414493149146	0.03269493347033858	0.022363744967151433	False	True	0.5157650113105774	0.007536502555012703	0.4313214123249054	0.0007888554828241467	0.041732825338840485	0.0028554180171340704	True	0.5223348140716553	0.0424157977104187	0.2051243633031845	0.14365509152412415	0.005581257864832878	0.08088872581720352
coyq8c	this unusual cork on a german caprisun	data/processed/pro_fakeddit/images/coyq8c.jpg	0	2	False	0.5165891423821449	0.24134096503257751	0.2752481773495674	0.028908156091347337	0.5165891423821449	0.04858412407338619	0.0758816737215966	0.054788737557828426	False	True	0.21565109491348267	0.014311562292277813	0.5890366435050964	0.04354139417409897	0.09799261391162872	0.03946668282151222	True	0.45403942465782166	0.07269793748855591	0.2992466390132904	0.06371231377124786	0.009548853151500225	0.10075490176677704
3nxb06	wait gg are the people the behind the latest study claiming gg are the video author as an embittered rival when that is slightly better than google blackjack and hookers optional	data/processed/pro_fakeddit/images/3nxb06.jpg	3	0	False	0.5158233791589737	0.2705084951594472	0.5158233791589737	0.021045172528829426	0.2453148839995265	0.16374432481825352	0.004910471734547173	0.049161742557771504	False	True	0.6410031914710999	0.001249638618901372	0.30942100286483765	0.0360066220164299	0.006518038455396891	0.005801477935165167	True	0.14028394222259521	0.08043177425861359	0.05299652740359306	0.5469574332237244	8.777157199801877e-05	0.17924253642559052
clleos	the head on this horse fly	data/processed/pro_fakeddit/images/clleos.jpg	0	2	False	0.5142594650387764	0.09346669912338257	0.42079276591539383	0.005776274832896888	0.5142594650387764	0.01535680185770616	0.038177053444087505	0.005637659749481827	False	True	0.46060821413993835	0.0002956097014248371	0.4966929256916046	0.0015071213711053133	0.039719801396131516	0.0011763616930693388	True	0.30134642124176025	0.02221827022731304	0.5669590830802917	0.0569058433175087	0.033548809587955475	0.01902155391871929
b6ecug	they keys to the bathrooms at work are kitchen utensils so they dont get stolen or lost	data/processed/pro_fakeddit/images/b6ecug.jpg	0	2	False	0.513663474470377	0.09917031601071358	0.4144931584596634	0.019611957017332315	0.513663474470377	0.01298909680917859	0.036459643131820485	0.002782667346764356	False	True	0.2841143012046814	0.015473602339625359	0.639329731464386	0.010186290368437767	0.04815443605184555	0.002741623669862747	True	0.8056297302246094	0.032027021050453186	0.13666470348834991	0.021397516131401062	0.0013752643717452884	0.002905798377469182
f16p4th	httpsiimgurcomvlqoowwjpg	data/processed/pro_fakeddit/images/f16p4th.jpg	4	0	False	0.5133379548788071	0.09226629137992859	0.5133379548788071	0.027835032382427016	0.4210716634988785	0.007090216036885977	0.030243188390159048	0.00042197190850856714	False	True	0.46392345428466797	0.03704899922013283	0.4554135501384735	0.003265911713242531	0.040141358971595764	0.0002067443128908053	True	0.6615814566612244	0.00019313186930958182	0.3180460035800934	0.018563129007816315	0.0005486766458489001	0.0010676546953618526
6oqx0c	dog with hotdog in his mouth	data/processed/pro_fakeddit/images/6oqx0c.jpg	0	2	False	0.5132637275382876	0.279919623862952	0.1294775721617043	0.23334410367533565	0.5132637275382876	0.013410078478045762	0.10602103848941624	0.004483466793317348	False	True	0.1687687784433365	0.010349566116929054	0.6721553802490234	0.006518879439681768	0.13975819945335388	0.002449176972731948	True	0.011603953316807747	0.9023277163505554	0.036588769406080246	0.03408367559313774	0.004809555597603321	0.010586336255073547
1ee6zy	moscow an olympic record after a revolution betrayed poster from the paris anarchist federation anticommunist human rights	data/processed/pro_fakeddit/images/1ee6zy.jpg	5	1	False	0.5128582343459129	0.3169992384209763	0.06832775182556361	0.5128582343459129	0.1958589959249366	0.1492182775400579	0.007713977457569854	0.0660227918997407	False	True	0.09049903601408005	0.3680865466594696	0.2608952522277832	0.19745799899101257	0.010275937616825104	0.07278525084257126	True	0.0018138992600142956	0.9471732974052429	0.0007502270163968205	0.0044991131871938705	2.8096979804104194e-05	0.04573541507124901
cxl1lr	these screws in my dorm bathroom that you can only tighten	data/processed/pro_fakeddit/images/cxl1lr.jpg	0	2	False	0.5127929523587227	0.17885573208332062	0.33393722027540207	0.0017319555772701278	0.5127929523587227	0.11651613190770149	0.020711224293336272	0.014310466824099422	False	True	0.3101963400840759	0.0006456060218624771	0.5562009811401367	0.09611853957176208	0.027194032445549965	0.00964443664997816	True	0.4051598608493805	0.00499100424349308	0.3825688660144806	0.17770890891551971	0.0012627998366951942	0.028308557346463203
7v0lpf	zigg with his alien face marking	data/processed/pro_fakeddit/images/7v0lpf.jpg	2	0	False	0.5126250572502613	0.21271977201104164	0.5126250572502613	0.017274400976020843	0.29990528523921967	0.05125849891919643	0.10356980748474598	0.015367001295089722	False	True	0.6338904500007629	0.0028381606098264456	0.26620081067085266	0.004911867436021566	0.07978297024965286	0.01237582042813301	True	0.1488288789987564	0.060583122074604034	0.4010187089443207	0.190298393368721	0.17493031919002533	0.024340543895959854
d5gruj	my oreo was put on the wrong way	data/processed/pro_fakeddit/images/d5gruj.jpg	0	2	False	0.5121602118015289	0.16214577108621597	0.35001444071531296	0.008400561986491084	0.5121602118015289	0.013197201653383672	0.030229470245103585	0.08599809603765607	False	True	0.2758554518222809	0.00839001964777708	0.5548702478408813	0.015431666746735573	0.04024943709373474	0.10520316660404205	True	0.5724914073944092	0.008432189002633095	0.3840301036834717	0.0064938063733279705	0.00016956969921011478	0.028382884338498116
c3zeak	high school dorks unhappy accident	data/processed/pro_fakeddit/images/c3zeak.jpg	1	0	False	0.5110839307308197	0.12118078395724297	0.5110839307308197	0.06512075569480658	0.38990314677357674	0.010439773555845022	0.004874061043665279	0.018578258343040943	False	True	0.414569616317749	0.05273008719086647	0.4955931603908539	0.00723283551633358	0.006414760835468769	0.023459453135728836	True	0.8006268739700317	0.10229276120662689	0.0728331059217453	0.02006058767437935	0.0002519616682548076	0.003934673964977264
868ro2	padtampon dispenser looks like a metallic groot	data/processed/pro_fakeddit/images/868ro2.jpg	2	4	False	0.5105263176374137	0.3104638787917793	0.20006243884563446	0.04564021906116977	0.19842591136693954	0.03291400265879929	0.5105263176374137	0.01243107276968658	False	True	0.16190800070762634	0.0030942808371037245	0.1443825364112854	0.014012857340276241	0.6741889715194702	0.0024133147671818733	True	0.3145257532596588	0.17327803373336792	0.360556036233902	0.08961743861436844	0.019538355991244316	0.0424843467772007
d7qrel	unmalnaebe books how does one make those letters stand out	data/processed/pro_fakeddit/images/d7qrel.jpg	3	2	False	0.5100376531481743	0.28580755623988807	0.16274068504571915	0.007527747889980674	0.5100376531481743	0.09524819441139698	0.0002155718948415597	0.2242300969082862	False	True	0.16760572791099548	0.00795136857777834	0.43099406361579895	0.09799318015575409	0.00027296869666315615	0.29518264532089233	True	0.14814555644989014	0.006256885826587677	0.7471684217453003	0.08701323717832565	4.338148937677033e-05	0.011372451670467854
28xm90	my sawhorse was really happy and excited this morning	data/processed/pro_fakeddit/images/28xm90.jpg	2	0	False	0.5098394006490707	0.0953823123127222	0.5098394006490707	0.007155374682042748	0.41445708833634853	0.007549012079834938	0.056685084469791036	0.004314032557886094	False	True	0.3896375298500061	0.0009845520835369825	0.5235151648521423	0.007889238186180592	0.07541965693235397	0.002553870202973485	True	0.8704450130462646	0.025667842477560043	0.08728285878896713	0.0065283337607979774	0.00048136708210222423	0.00959451962262392
b2ldfz	this gift card expires in a millennium	data/processed/pro_fakeddit/images/b2ldfz.jpg	0	3	False	0.5096344482153654	0.2718756068497896	0.2377588413655758	0.0015123205375857651	0.23581162467598915	0.5096344482153654	0.000529235381691251	0.014753564028069377	False	True	0.1560155302286148	0.001490039867348969	0.183493509888649	0.645363986492157	0.0005452182376757264	0.013091790489852428	True	0.48298877477645874	0.0015791625482961535	0.39276596903800964	0.10244583338499069	0.00048128681373782456	0.019738884642720222
6i8xou	little girl running from a splash park	data/processed/pro_fakeddit/images/6i8xou.jpg	0	4	False	0.5096342116594315	0.28396941535174847	0.14040922559797764	0.0814005537686171	0.225664796307683	0.012633177568204701	0.5096342116594315	0.030257982783950865	False	True	0.16363711655139923	0.0007454393780790269	0.29205235838890076	0.0014077103696763515	0.5388473272323608	0.0033100019209086895	True	0.07072555273771286	0.3233658969402313	0.026502110064029694	0.04630957916378975	0.4219948649406433	0.11110192537307739
148sgj	conservapedia emc is a liberal conspiracy	data/processed/pro_fakeddit/images/148sgj.jpg	0	2	False	0.5095021496526897	0.2977306665852666	0.07476739212870598	0.01577492570504546	0.5095021496526897	0.05831351038068533	0.12987046741898212	0.2117714830674231	False	True	0.08624584227800369	0.013110829517245293	0.6751348972320557	0.029447171837091446	0.17315897345542908	0.02290220372378826	True	0.040332041680812836	0.02376721426844597	0.01260390691459179	0.14491252601146698	4.9493096412334125e-06	0.7783793210983276
c3kn1k	humanities last straight survivor is infected with gay	data/processed/pro_fakeddit/images/c3kn1k.jpg	2	0	False	0.5088341683149338	0.22195638716220856	0.5088341683149338	0.2868777811527252	0.09960703738033772	0.03205417329445481	0.05325518062454648	0.019371686968952417	False	True	0.4931126832962036	0.301219642162323	0.09748005867004395	0.016482768580317497	0.07068057358264923	0.021024318411946297	True	0.5559986233711243	0.24385219812393188	0.10598797351121902	0.07876838743686676	0.0009790017502382398	0.01441379263997078
2dkfxg	japan sends hello kitty into space	data/processed/pro_fakeddit/images/2dkfxg.jpg	0	2	False	0.5085920356214046	0.1942373849451542	0.31435465067625046	0.02826968382578343	0.5085920356214046	0.03874889144208282	0.07749040142516606	0.03254434582777321	False	True	0.2777681052684784	0.003711181227117777	0.6013705730438232	0.006548028904944658	0.10299379378557205	0.007608330808579922	True	0.42411428689956665	0.1019451916217804	0.23025642335414886	0.13535147905349731	0.0009802243439480662	0.10735239088535309
6mtwfr	hugh hefner surrounded by bunnies late s	data/processed/pro_fakeddit/images/6mtwfr.jpg	2	0	False	0.5081476010382175	0.3227992942556739	0.5081476010382175	0.17802871158346534	0.18534830678254366	0.004502098134253174	0.10912465304136276	0.01484859932679683	False	True	0.6081611514091492	0.026273222640156746	0.2354021966457367	0.0028657119255512953	0.12414054572582245	0.0031571327708661556	True	0.20810694992542267	0.6332951784133911	0.035186637192964554	0.00941125676035881	0.0640769749879837	0.04992299899458885
2m15hx	genome reveals how cats evolved to tolerate humans	data/processed/pro_fakeddit/images/2m15hx.jpg	0	2	False	0.5077184289693832	0.21193000301718712	0.2957884259521961	0.09284746646881104	0.5077184289693832	0.04428392183035612	0.009485042246524245	0.049876718781888485	False	True	0.21858344972133636	0.09543395787477493	0.5866177678108215	0.05402400344610214	0.01178351417183876	0.03355732187628746	True	0.5274033546447754	0.08508799225091934	0.27102041244506836	0.015063676983118057	0.002589626470580697	0.09883490949869156
2h9e55	fox news contributor stephen hayes is on the terrorist watch list	data/processed/pro_fakeddit/images/2h9e55.jpg	0	3	False	0.5075495541095734	0.3555970792658627	0.13829142972826958	0.09717846475541592	0.15195247484371066	0.5075495541095734	0.002163636603654595	0.10286439210176468	False	True	0.13560998439788818	0.05761747807264328	0.1945692002773285	0.5454143285751343	0.002857293700799346	0.0639316588640213	True	0.14633576571941376	0.21586142480373383	0.02410229854285717	0.3939552307128906	8.266531222034246e-05	0.2196625918149948
7x2vx2	study finds cats only meow when they want to alert owner of neighbors murder they witnessed through window	data/processed/pro_fakeddit/images/7x2vx2.jpg	1	2	False	0.5072601027786732	0.12237932905554771	0.38488077372312546	0.02213267469778657	0.5072601027786732	0.018954963888972998	0.008959457967648632	0.05781202111393213	False	True	0.3410443365573883	0.021974552422761917	0.5940214991569519	0.016126126050949097	0.011924478225409985	0.014908995479345322	True	0.5163900852203369	0.022607041522860527	0.24697591364383698	0.0274414774030447	6.43971943645738e-05	0.18652109801769257
b77ykn	cbs employees credit union manager charged with embezzling million	data/processed/pro_fakeddit/images/b77ykn.jpg	0	3	False	0.5071141198277473	0.29828064516186714	0.2088334746658802	0.04310664255172014	0.09604319278150797	0.5071141198277473	0.019908291809770162	0.12499426631256938	False	True	0.23651117086410522	0.05436742678284645	0.11557134240865707	0.406644731760025	0.02651803195476532	0.1603872925043106	True	0.12580038607120514	0.009324289858341217	0.037458743900060654	0.8085222840309143	7.90713747846894e-05	0.018815187737345695
1slz3a	a levitating spatulawielding friend	data/processed/pro_fakeddit/images/1slz3a.jpg	0	4	False	0.5068000336177647	0.2017516572959721	0.3050483763217926	0.02752312074881047	0.13817163184285164	0.019987667648820207	0.5068000336177647	0.00246921199868666	False	True	0.230812668800354	0.0077927508391439915	0.08626912534236908	0.00117532501462847	0.6734744906425476	0.00047566331340931356	True	0.5277554988861084	0.0867142304778099	0.2938791513442993	0.07642469555139542	0.006776662543416023	0.0084498580545187
3abvvc	jesus writing the constitution	data/processed/pro_fakeddit/images/3abvvc.jpg	0	4	False	0.5064372935448773	0.1987445795093663	0.307692714035511	0.04035396222025156	0.034074632450938225	0.07369247218593955	0.5064372935448773	0.03774893842637539	False	True	0.26201221346855164	0.012404236942529678	0.02306557446718216	0.014432581141591072	0.6750553250312805	0.013030074536800385	True	0.44473421573638916	0.1242031380534172	0.06710180640220642	0.251472145318985	0.0005831990856677294	0.1119055300951004
25c4ek	the first time i jumped out of an airplane	data/processed/pro_fakeddit/images/25c4ek.jpg	0	2	False	0.5063598230481148	0.036016978323459625	0.47034284472465515	0.0024130866513587534	0.5063598230481148	0.014921828755177557	0.0029717511733906576	0.0029907260031905025	False	True	0.398715615272522	0.002741571282967925	0.5882000923156738	0.004675000440329313	0.00393407279625535	0.0017337106401100755	True	0.6852245330810547	0.0014276327565312386	0.2608390152454376	0.04566231369972229	8.478630479658023e-05	0.006761772092431784
6s3rb8	this gecko with a cherry on its head	data/processed/pro_fakeddit/images/6s3rb8.jpg	0	2	False	0.5059710703790188	0.146369818598032	0.3596012517809868	0.03851845324970782	0.5059710703790188	0.02085461822571233	0.04824817832559347	0.026806400768691674	False	True	0.34731557965278625	0.004051911644637585	0.6133469343185425	0.00104369199834764	0.03257102146744728	0.0016708270413801074	True	0.3964582681655884	0.14191807806491852	0.1838434785604477	0.0802873969078064	0.09527964890003204	0.10221312195062637
8khc6z	larry martin what is pain	data/processed/pro_fakeddit/images/8khc6z.jpg	1	0	False	0.504621259868145	0.15671641007065773	0.504621259868145	0.05787354800850153	0.34790484979748726	0.03369715134613216	0.0011877224169438705	0.05471549881622195	False	True	0.5126785635948181	0.05681779235601425	0.39343756437301636	0.01283175591379404	0.0014975505182519555	0.022736797109246254	True	0.4804493486881256	0.061040814965963364	0.21130670607089996	0.09629333764314651	0.0002582381130196154	0.15065160393714905
dd7csb	santa claus reelection to north pole city council	data/processed/pro_fakeddit/images/dd7csb.jpg	0	2	False	0.5043404139578342	0.27676331624388695	0.2275770977139473	0.03761906735599041	0.5043404139578342	0.18201694451272488	0.010696832774556242	0.03774956380948424	False	True	0.16926103830337524	0.019496478140354156	0.6587399244308472	0.09820125252008438	0.014067637734115124	0.040233585983514786	True	0.40252527594566345	0.09198683500289917	0.04114188253879547	0.43346402049064636	0.0005844178958795965	0.030297497287392616
9g27bc	this little guy and other squirrels hijacked our tour at michigan state university	data/processed/pro_fakeddit/images/9g27bc.jpg	0	2	False	0.5039866641163826	0.11567017436027527	0.38831648975610733	0.02108974094153382	0.5039866641163826	0.030400940333493054	0.036489281366812065	0.019716944021638483	False	True	0.4443066120147705	0.0011142230359837413	0.4964025318622589	0.00747182359918952	0.048388268798589706	0.0023166306782513857	True	0.2203461229801178	0.08101629465818405	0.5267390608787537	0.09918829053640366	0.0007923190714791417	0.07191788405179977
3vt391	police burglary suspect identified by name on shirt	data/processed/pro_fakeddit/images/3vt391.jpg	0	1	False	0.5037944901268929	0.23876742529682815	0.07449644524604082	0.5037944901268929	0.11277733603492379	0.2650270648300648	0.000824776798253879	0.0430798321031034	False	True	0.013454195111989975	0.6672434210777283	0.030786065384745598	0.23738263547420502	0.000992683693766594	0.050140947103500366	True	0.25762319564819336	0.013447697274386883	0.3587511479854584	0.34796035289764404	0.000321056111715734	0.0218964871019125
2wc9cm	russian search engine yandex sics antitrust agency on google for being too integrated with android	data/processed/pro_fakeddit/images/2wc9cm.jpg	0	3	False	0.5037659034132957	0.28792272694408894	0.050524650141596794	0.057053706143051386	0.2158431764692068	0.5037659034132957	0.007007288426393643	0.16580531373620033	False	True	0.04485088586807251	0.029756365343928337	0.26703837513923645	0.46981480717658997	0.00917812716215849	0.1793614625930786	True	0.06754594296216965	0.13894572854042053	0.06225758045911789	0.6056191921234131	0.0004947722190991044	0.1251368671655655
db1z1f7	kanye repping the supreme helmet	data/processed/pro_fakeddit/images/db1z1f7.jpg	4	0	False	0.5033721253275871	0.11082341894507408	0.5033721253275871	0.033677620347589254	0.39254870638251305	0.035288162995129824	0.014615142485126853	0.020498317666351795	False	True	0.4727172553539276	0.030749285593628883	0.4486721158027649	0.0196517463773489	0.019037846475839615	0.009171836078166962	True	0.5953367352485657	0.04246262460947037	0.2241784781217575	0.0821974128484726	0.0013470305129885674	0.054477762430906296
1xgh9z	the only people harassing the gays of sochi are the foreign journalists	data/processed/pro_fakeddit/images/1xgh9z.jpg	0	1	False	0.5027237683534622	0.3058677203953266	0.10725646186619997	0.5027237683534622	0.11692776624113321	0.1968560479581356	0.0016147440755958087	0.0746212862432003	False	True	0.04639732465147972	0.5805108547210693	0.13820093870162964	0.1436036378145218	0.002142916200682521	0.08914443850517273	True	0.2898338735103607	0.26936250925064087	0.053108248859643936	0.35661327838897705	3.0227700335672125e-05	0.03105182945728302
2fmqky	man stabbed during dispute over meatball in fallston	data/processed/pro_fakeddit/images/2fmqky.jpg	0	3	False	0.502282626926899	0.32151203136891127	0.18044085334986448	0.06306991167366505	0.07139776181429625	0.502282626926899	0.002038222926785238	0.1807705955579877	False	True	0.024380836635828018	0.040162406861782074	0.07971998304128647	0.6267383694648743	0.002475439803674817	0.22652292251586914	True	0.6486209034919739	0.13179242610931396	0.04643109813332558	0.12891539931297302	0.0007265722961165011	0.04351361468434334
37kshv	according to science youve probably been pooping wrong your whole life	data/processed/pro_fakeddit/images/37kshv.jpg	0	1	False	0.5021713078022003	0.2266451120376587	0.2755261957645416	0.5021713078022003	0.0794557724148035	0.04950969060882926	0.0015503479153267108	0.09178665280342102	False	True	0.1351873278617859	0.6145651936531067	0.07778094708919525	0.06063314154744148	0.0019679039251059294	0.10986544191837311	True	0.6965427994728088	0.1649896502494812	0.08448024839162827	0.016139337792992592	0.00029767988598905504	0.03755028545856476
8llfkz	little white ridinghood	data/processed/pro_fakeddit/images/8llfkz.jpg	2	0	False	0.5017814636230469	0.15695704519748688	0.5017814636230469	0.002617051301058382	0.34482441842556	0.03251237398944795	0.11470218771137297	0.00356246781302616	False	True	0.4572497010231018	0.002286094706505537	0.372966468334198	0.011977617628872395	0.15205194056034088	0.0034681048709899187	True	0.6353767514228821	0.003609921084716916	0.260398268699646	0.09411664307117462	0.002652929164469242	0.003845556639134884
2wxjhy	living in the past some countries are still using the metric system	data/processed/pro_fakeddit/images/2wxjhy.jpg	1	0	False	0.5014113709330559	0.20492427796125412	0.5014113709330559	0.034137139562517405	0.13142624124884605	0.019382112775929272	0.01715594182314817	0.29648709297180176	False	True	0.4682227075099945	0.035679783672094345	0.14059077203273773	0.023932579904794693	0.022777291014790535	0.308796763420105	True	0.60097736120224	0.029509207233786583	0.10393264889717102	0.00573071138933301	0.0002918942482210696	0.2595580816268921
946bq1	refugees offered housing on an aged care property to help build rental history community responds with empathy and inclusion	data/processed/pro_fakeddit/images/946bq1.jpg	0	2	False	0.5012536346912384	0.23481320217251778	0.2664404325187206	0.10178996250033379	0.5012536346912384	0.0644908919930458	0.010105073488375638	0.05592002160847187	False	True	0.14352817833423615	0.12347111850976944	0.6230122447013855	0.04100504517555237	0.013348367065191269	0.05563507229089737	True	0.6351771950721741	0.036746494472026825	0.13597780466079712	0.13494843244552612	0.00037519275792874396	0.056774869561195374
23gsf0	me and some people over at mildly interesting arent sure if this looks like an excited dog gorilla or what	data/processed/pro_fakeddit/images/23gsf0.jpg	2	0	False	0.5012428537011147	0.10686743631958961	0.5012428537011147	0.03816438792273402	0.39437541738152504	0.010970596456900239	0.028038836549967527	0.02720794011838734	False	True	0.4443562924861908	0.021624917164444923	0.46327391266822815	0.01366613619029522	0.02585938386619091	0.031219394877552986	True	0.6719025373458862	0.08778280019760132	0.1876799315214157	0.0028839772567152977	0.03457719460129738	0.015173575840890408
2ltbdc	in good news i think this will help a lot	data/processed/pro_fakeddit/images/2ltbdc.jpg	0	4	False	0.5007690151196584	0.21307886363683792	0.2876901514828205	0.005091003607958555	0.10472354013472795	0.08188431477174163	0.5007690151196584	0.019841924775391817	False	True	0.1604226678609848	0.005020152311772108	0.0523083470761776	0.09926871955394745	0.6676880717277527	0.015292016789317131	True	0.6694926023483276	0.005303557496517897	0.26196911931037903	0.02973110042512417	1.1845295375678688e-05	0.033491648733615875
5w3bkk	this dog wrapped in a towel with tongue out	data/processed/pro_fakeddit/images/5w3bkk.jpg	0	2	False	0.5003587901592255	0.30106615275144577	0.1992926374077797	0.09987932350486517	0.5003587901592255	0.023068063135724515	0.16299697011709213	0.014404239365831017	False	True	0.20662395656108856	0.060179878026247025	0.5869430899620056	0.0033494236413389444	0.1370782107114792	0.0058254702016711235	True	0.1772986799478531	0.2189776599407196	0.240605890750885	0.08222398161888123	0.24075324833393097	0.0401405468583107
d039fl	this unconventional bike seat	data/processed/pro_fakeddit/images/d039fl.jpg	0	2	False	0.5000335872173309	0.08206683397293091	0.4179667532444	0.013267980189993978	0.5000335872173309	0.01764243235811591	0.029670118121430278	0.02141912467777729	False	True	0.3195209503173828	0.005505017004907131	0.6013193130493164	0.016237709671258926	0.036903027445077896	0.02051396295428276	True	0.7133041620254517	0.03655686974525452	0.1961764097213745	0.021856600418686867	0.007971390150487423	0.02413460984826088
d15m67f	if theres any doubt i do a leavebehind with the hat i go back to her place to pick it update number three	data/processed/pro_fakeddit/images/d15m67f.jpg	4	0	False	0.499708391726017	0.14502517133951187	0.499708391726017	0.028231289703398943	0.3546832203865051	0.022766377311199903	0.09190198039868847	0.002708721411181614	False	True	0.48994866013526917	0.027655277401208878	0.3396938741207123	0.0193957407027483	0.12226437777280807	0.001042060204781592	True	0.5289875864982605	0.02995932660996914	0.39965125918388367	0.03287828713655472	0.0008147882763296366	0.0077087050303816795
bg83tp	my orange juice has a hebrew on the label for passover	data/processed/pro_fakeddit/images/bg83tp.jpg	0	2	False	0.49886101484298706	0.18947403132915497	0.3093869835138321	0.006129576591774821	0.49886101484298706	0.05256302282214165	0.0027654632067424245	0.13029401190578938	False	True	0.2793491780757904	0.002834889106452465	0.515052855014801	0.03971687704324722	0.0036485393065959215	0.15939776599407196	True	0.39950039982795715	0.01601363904774189	0.45028549432754517	0.09110146015882492	0.00011623490718193352	0.04298274964094162
6bnlva	the yearold brit who stopped the global cyberattack is donating his reward to charity	data/processed/pro_fakeddit/images/6bnlva.jpg	0	3	False	0.4981507435441017	0.29381457157433033	0.20433617196977139	0.023219720693305135	0.14596550725400448	0.4981507435441017	0.0028270952388993464	0.12550074234604836	False	True	0.12368405610322952	0.013825158588588238	0.16539914906024933	0.5413922667503357	0.003665983211249113	0.15203332901000977	True	0.446292519569397	0.051403407007455826	0.08766458183526993	0.3684261739253998	0.0003104313218500465	0.045902982354164124
1hr7n2	trumans soldiers by veniamin briskin korean war painting	data/processed/pro_fakeddit/images/1hr7n2.jpg	5	0	False	0.49789415299892426	0.23586577223613858	0.49789415299892426	0.1263705249875784	0.07050619134679437	0.03551398892886937	0.2620283807627857	0.007686768192797899	False	True	0.412545382976532	0.14284051954746246	0.08567412197589874	0.00948422309011221	0.3428075909614563	0.006648167036473751	True	0.7539404630661011	0.07696054130792618	0.02500239945948124	0.11360328644514084	0.019690750166773796	0.010802571661770344
2j8ukx	yearold girl in sheboygan wi who has been missing since monday afternoon has been found safe	data/processed/pro_fakeddit/images/2j8ukx.jpg	0	2	False	0.49761567264795303	0.1490505114197731	0.34856516122817993	0.004437748517375439	0.49761567264795303	0.03917751624248922	0.0958919373806566	0.014311955426819623	False	True	0.24215257167816162	0.00077251554466784	0.6140390038490295	0.010861252434551716	0.1269603967666626	0.005214264150708914	True	0.6678029298782349	0.015433447435498238	0.1483456790447235	0.12412630766630173	0.002686559222638607	0.04160502925515175
8wjko7	the british government during negotiations for a better brexit deal	data/processed/pro_fakeddit/images/8wjko7.jpg	2	0	False	0.49737399071455	0.2969693737104535	0.49737399071455	0.16462982667144388	0.2004046170040965	0.11946354061365128	0.004182788969046669	0.013945252634584904	False	True	0.5779860615730286	0.005491547752171755	0.2617664337158203	0.14388856291770935	0.005526422057300806	0.005340982228517532	True	0.2555377781391144	0.6420446634292603	0.016319166868925095	0.04618847370147705	0.0001518897042842582	0.03975806385278702
7eyee9	woman posing on the beach	data/processed/pro_fakeddit/images/7eyee9.jpg	0	4	False	0.49711362388916314	0.2050069768447429	0.19702132046222687	0.0005973386869300157	0.29210664704442024	0.011668694307445548	0.49711362388916314	0.0014923925336916	False	True	0.19247029721736908	0.00015412922948598862	0.1448395699262619	0.000895730045158416	0.6602026224136353	0.0014376463368535042	True	0.21067439019680023	0.0019269670592620969	0.7339078783988953	0.043987587094306946	0.007846628315746784	0.0016566311242058873
57qa8c	little kids rock nonprofit reaches k kids through pop rap music	data/processed/pro_fakeddit/images/57qa8c.jpg	0	2	False	0.49604674335569143	0.2381163528189063	0.2579303905367851	0.094250992173329	0.49604674335569143	0.10678265988826752	0.020366840035421774	0.02462237433064729	False	True	0.2945118546485901	0.004411022178828716	0.6464192867279053	0.021378666162490845	0.027054255828261375	0.006224894430488348	True	0.14818599820137024	0.36377090215682983	0.04492911323904991	0.36299464106559753	0.0003045926569029689	0.07981481403112411
ruhuh	tough guide to baghdad iraqi artist satirizes the occupation	data/processed/pro_fakeddit/images/ruhuh.jpg	5	2	False	0.495803639292717	0.25473233219236135	0.13342401012778282	0.24107130710035563	0.495803639292717	0.044293041341006756	0.08076744398567826	0.004640585219021887	False	True	0.1565602868795395	0.02708561345934868	0.6560178399085999	0.051441341638565063	0.10711812227964401	0.0017767914105206728	True	0.06401517987251282	0.8830283880233765	0.01516103744506836	0.022848140448331833	0.0017154091037809849	0.013231966644525528
4vheho	exconvicts are raising thousands of dollars for a football team in north texas	data/processed/pro_fakeddit/images/4vheho.jpg	0	2	False	0.49453548807650805	0.2028415771201253	0.29169391095638275	0.05439693486550823	0.49453548807650805	0.14351950772106647	0.0031645133130950853	0.012689699768088758	False	True	0.32259735465049744	0.002850989578291774	0.6469053626060486	0.01908942312002182	0.003979501314461231	0.004577417392283678	True	0.1989835798740387	0.2090347707271576	0.03742586448788643	0.5168097615242004	0.0007195493089966476	0.037026546895504
2jjm8t	a football coach is making a difference for kids with special needs by giving them a chance to take part in a team sport	data/processed/pro_fakeddit/images/2jjm8t.jpg	0	2	False	0.4939688444137573	0.15960551798343658	0.33436332643032074	0.051663822028785944	0.4939688444137573	0.06879078317433596	0.019644952888484113	0.03156830929219723	False	True	0.35994747281074524	0.014871804043650627	0.5533295273780823	0.019557606428861618	0.026011647656559944	0.026281993836164474	True	0.25761088728904724	0.1620398759841919	0.31588679552078247	0.21649031341075897	0.0005448685842566192	0.047427255660295486
at42ti	unseen footage of erwin rommel a few days before the first battle of elalamein	data/processed/pro_fakeddit/images/at42ti.jpg	2	0	False	0.49290258437395096	0.2617175467312336	0.49290258437395096	0.16331462794914842	0.23118503764271736	0.029615414328873158	0.07689117529662326	0.006091181072406471	False	True	0.3938165605068207	0.20804773271083832	0.25548437237739563	0.035678546875715256	0.10137967020273209	0.005593147594481707	True	0.7901606559753418	0.029115313664078712	0.15828703343868256	0.011426016688346863	0.0034256905782967806	0.007585281506180763
ccst35	jbl provides an usb which can be plugged in both orientations	data/processed/pro_fakeddit/images/ccst35.jpg	0	2	False	0.49268899857997894	0.08291200548410416	0.4097769930958748	0.0025196837923431303	0.49268899857997894	0.04460875713266432	0.03165543614886701	0.01875015941914171	False	True	0.4746337831020355	0.00018592535343486816	0.4745360016822815	0.0029615862295031548	0.04157242923974991	0.0061102998442947865	True	0.21520662307739258	0.009520959109067917	0.5471479892730713	0.16955026984214783	0.001904456876218319	0.05666973814368248
1yjyeq	this arctic fox repost from rpics	data/processed/pro_fakeddit/images/1yjyeq.jpg	0	4	False	0.49189636163646355	0.15344433166319504	0.3384520299732685	0.0022325265017570928	0.15350712463259697	0.007712936261668801	0.49189636163646355	0.006199086317792535	False	True	0.18360231816768646	0.002764889970421791	0.15103881061077118	0.003906228579580784	0.6554023027420044	0.003285524435341358	True	0.8030011653900146	0.0006354360957629979	0.16091206669807434	0.019133059307932854	0.0013785383198410273	0.014939771965146065
67zku1	further evidence that i could eat a dick	data/processed/pro_fakeddit/images/67zku1.jpg	3	2	False	0.4908795468509197	0.09738240018486977	0.39349714666604996	0.009154947474598885	0.4908795468509197	0.048836211673915386	0.01828077405662043	0.039351404178887606	False	True	0.3117835223674774	0.00780823640525341	0.5890358686447144	0.040428344160318375	0.024273933842778206	0.026670126244425774	True	0.6386380195617676	0.013195080682635307	0.19641058146953583	0.07405981421470642	0.0003012946981471032	0.0773952379822731
9gy0g9	chewbacca over the moon after receiving his gold disk certification for over sales of his smash hit looking for love in alderaan places circa a long time ago in a galaxy far far away	data/processed/pro_fakeddit/images/9gy0g9.jpg	2	0	False	0.4899595701135695	0.23749399557709694	0.4899595701135695	0.237265091156587	0.25246557453647256	0.005839777644723654	0.011807537339336704	0.002662475388206076	False	True	0.64688640832901	0.002989565022289753	0.3324485123157501	0.0017272979021072388	0.015612807124853134	0.00033540456206537783	True	0.019179055467247963	0.9400916695594788	0.01251676119863987	0.0181772168725729	0.0003917279827874154	0.00964368786662817
8dn2os	rage against the machine dont let them take your mind	data/processed/pro_fakeddit/images/8dn2os.jpg	1	0	False	0.48949187248945236	0.2052820660173893	0.48949187248945236	0.11225732718594372	0.28420980647206306	0.008172656351234764	0.0872453476767987	0.018622934818267822	False	True	0.5240480899810791	0.006919308565557003	0.335811972618103	0.002853262471035123	0.11620978266000748	0.014157518744468689	True	0.38582322001457214	0.4282713830471039	0.12940330803394318	0.024130837991833687	0.0003520427271723747	0.03201918303966522
2phxlo	scientist creates toys for immobile children allowing them to play and feel normal	data/processed/pro_fakeddit/images/2phxlo.jpg	0	2	False	0.48928292840719223	0.031635262072086334	0.4576476663351059	0.015766241122037172	0.48928292840719223	0.014857246191240847	0.011986553436145186	0.010459412704221904	False	True	0.4145565629005432	0.009750021621584892	0.5549814105033875	0.005387082230299711	0.009055386297404766	0.00626961188390851	True	0.586920976638794	0.03381489962339401	0.29218748211860657	0.043267738074064255	0.020780054852366447	0.023028815165162086
9hsw3n	write george rr martin gives fans a sneak peek of his progress on his longawaited novel the winds of winter	data/processed/pro_fakeddit/images/9hsw3n.jpg	2	1	False	0.48911507427692413	0.2507663480937481	0.23834872618317604	0.48911507427692413	0.08145415969192982	0.161043182015419	0.002032988326391205	0.028005927335470915	False	True	0.2595553994178772	0.46058547496795654	0.09760972112417221	0.1712687462568283	0.0025321850553154945	0.00844857282936573	True	0.17472870647907257	0.5747038722038269	0.03298747539520264	0.1303664892911911	0.0005353981396183372	0.08667799085378647
1btgtg	a shoop da whoop caterpillar crawling on a twig	data/processed/pro_fakeddit/images/1btgtg.jpg	0	4	False	0.4871348563901847	0.28972217183036264	0.13714559748768806	0.02903158776462078	0.19741268455982208	0.1429851280990988	0.4871348563901847	0.006290140969213098	False	True	0.12885478138923645	0.01631290465593338	0.19865360856056213	0.003943572752177715	0.6492502689361572	0.002984875114634633	True	0.1620180457830429	0.06718763709068298	0.19368991255760193	0.5601097941398621	0.0007886187522672117	0.016205938532948494
3fx6rj	oh god i cant do this again	data/processed/pro_fakeddit/images/3fx6rj.jpg	2	0	False	0.48687536269426346	0.09731581434607506	0.48687536269426346	0.0049435453256592155	0.3895595483481884	0.04042805824428797	0.0712864680790517	0.006907050730660558	False	True	0.3914107382297516	0.0045766220428049564	0.44961434602737427	0.050677891820669174	0.09498970955610275	0.008730693720281124	True	0.7732692360877991	0.0060443151742219925	0.2093951553106308	0.009678557515144348	0.00017674364789854735	0.0014361217617988586
d663gr	saw a pirate ship sailing in the harbour today reflection is because i was on a bus	data/processed/pro_fakeddit/images/d663gr.jpg	0	2	False	0.4865671843290329	0.19956636056303978	0.2870008237659931	0.0137018680361507	0.4865671843290329	0.008287492790259421	0.1823808802291751	0.022061726194806397	False	True	0.20552979409694672	0.00023209275968838483	0.5527290105819702	0.005667276214808226	0.23373684287071228	0.002104972954839468	True	0.5314139127731323	0.05411119386553764	0.28808170557022095	0.016148142516613007	0.028312992304563522	0.08193198591470718
b5qmk7	algeria army urges removal of president abdelaziz bouteflika	data/processed/pro_fakeddit/images/b5qmk7.jpg	0	1	False	0.48632925376296043	0.27714837342500687	0.09029951225966215	0.48632925376296043	0.029405601788312197	0.1775845568627119	0.007200203777756542	0.20918088033795357	False	True	0.05694413557648659	0.5754637718200684	0.023057987913489342	0.1130141094326973	0.003449163632467389	0.22807085514068604	True	0.19036564230918884	0.21892569959163666	0.04844844341278076	0.37129589915275574	0.018453324213624	0.15251095592975616
2oqtmo	asteroid strike warnings build towards campaigners big day of rock	data/processed/pro_fakeddit/images/2oqtmo.jpg	0	5	False	0.4862202890217304	0.13187358900904655	0.35434670001268387	0.05649570282548666	0.06733607314527035	0.024734603241086006	0.010866661978070624	0.4862202890217304	False	True	0.27714207768440247	0.03894750401377678	0.07413287460803986	0.0054419636726379395	0.014430051669478416	0.5899055600166321	True	0.5859605669975281	0.1091402992606163	0.04694566875696182	0.0826125219464302	0.00017649290384724736	0.17516447603702545
7ytt37	british pilot smiles before going off on his final flight	data/processed/pro_fakeddit/images/7ytt37.jpg	2	0	False	0.48519980907440186	0.1702737659215927	0.48519980907440186	0.0915471762418747	0.31492604315280914	0.013834098353981972	0.08918484183959663	0.005307997111231089	False	True	0.5306529998779297	0.03234356641769409	0.298299103975296	0.015770843252539635	0.11867193132638931	0.00426148995757103	True	0.34884023666381836	0.2691580057144165	0.3648068606853485	0.008023863658308983	0.0007235733792185783	0.008447518572211266
32rw7y	this onehanded keyboard	data/processed/pro_fakeddit/images/32rw7y.jpg	0	2	False	0.48479898273944855	0.12326180934906006	0.3615371733903885	0.020961059257388115	0.48479898273944855	0.04684268590062857	0.0224412263778504	0.06341884890571237	False	True	0.28055888414382935	0.026635494083166122	0.5369202494621277	0.049621760845184326	0.02970506064593792	0.07655853778123856	True	0.6044720411300659	0.003937754780054092	0.32843518257141113	0.03850546106696129	0.0006497235735878348	0.023999782279133797
5vc0ts	uk sends stress balls to us scientists worried about donald trump	data/processed/pro_fakeddit/images/5vc0ts.jpg	0	2	False	0.48382782749831676	0.28521346114575863	0.19861436635255814	0.07252556597813964	0.48382782749831676	0.06289752293378115	0.0004643101856345311	0.18167047202587128	False	True	0.17358431220054626	0.016524048522114754	0.6204684972763062	0.04801405593752861	0.0004535759217105806	0.1409555971622467	True	0.27370452880859375	0.2405301183462143	0.0739058181643486	0.10754792392253876	0.0004965129774063826	0.303815096616745
9j4ovo	i got a fortune cookie with two fortunes stuck together inside	data/processed/pro_fakeddit/images/9j4ovo.jpg	0	2	False	0.4837684631347656	0.02548634260892868	0.45828212052583694	0.010689394897781312	0.4837684631347656	0.023355888668447733	0.00018844808073481545	0.023715681629255414	False	True	0.34666892886161804	0.011994270607829094	0.589227020740509	0.023433104157447815	0.0001660391571931541	0.028510646894574165	True	0.7931216955184937	0.006774767767637968	0.1673927903175354	0.023124242201447487	0.0002556748513597995	0.00933078583329916
11lk0b	guantanamo prisoner holds unflattering opinion of lebron james	data/processed/pro_fakeddit/images/11lk0b.jpg	0	2	False	0.4837256520986557	0.3130839057266712	0.17046898044645786	0.04977998323738575	0.4837256520986557	0.17064174637198448	0.0017146668960776879	0.1236689817160368	False	True	0.09560897201299667	0.03485222905874252	0.6332630515098572	0.13466371595859528	0.0022649457678198814	0.09934709221124649	True	0.39504900574684143	0.09456324577331543	0.03511345386505127	0.2785758376121521	6.383028085110709e-05	0.19663465023040771
33huje	abandoned prison barbershop	data/processed/pro_fakeddit/images/33huje.jpg	0	4	False	0.4832313188817352	0.12784941284917295	0.35538190603256226	0.01058910193387419	0.02938901772722602	0.12010571925202385	0.4832313188817352	0.001302844422752969	False	True	0.32311558723449707	0.0008703242056071758	0.028622427955269814	0.0037966843228787184	0.6430242657661438	0.0005705853109247983	True	0.4521808624267578	0.03974543511867523	0.031688787043094635	0.46903282403945923	0.003852478228509426	0.003499621758237481
6dcu6k	a chinese company is offering free training for us coal miners to become wind farmers	data/processed/pro_fakeddit/images/6dcu6k.jpg	0	4	False	0.48321670696896035	0.26270829544228036	0.22050841152668	0.011825237423181534	0.11169756948947906	0.11770393047481775	0.48321670696896035	0.05504814628511667	False	True	0.19602394104003906	0.004705388098955154	0.09272681176662445	0.021517019718885422	0.644125759601593	0.040901068598032	True	0.2939618229866028	0.03318478539586067	0.1686098426580429	0.40626466274261475	0.0004895490710623562	0.0974893793463707
1pa73p	k pigeon tests positive for cocaine	data/processed/pro_fakeddit/images/1pa73p.jpg	0	2	False	0.4828218873590231	0.24321252666413784	0.17972764745354652	0.022845854051411152	0.4828218873590231	0.23960936069488525	0.014039414725630195	0.060955796390771866	False	True	0.13718394935131073	0.014720320701599121	0.619184136390686	0.15355932712554932	0.01868508569896221	0.05666711926460266	True	0.3073587417602539	0.047222454100847244	0.07373514026403427	0.49775946140289307	0.0001024018056341447	0.07382182776927948
b52iak	this butterfly shaped strawberry	data/processed/pro_fakeddit/images/b52iak.jpg	0	2	False	0.4827384501695633	0.1492333561182022	0.3335050940513611	0.007978004752658308	0.4827384501695633	0.006277673994190991	0.12652907520532608	0.04297168739140034	False	True	0.3073417544364929	0.0016914834268391132	0.5909017324447632	0.002142313402146101	0.08163192868232727	0.01629076898097992	True	0.4119951128959656	0.02683756873011589	0.15824860334396362	0.01868375577032566	0.2612205147743225	0.12301444262266159
5563wh	oxera ive been very good to broadway	data/processed/pro_fakeddit/images/5563wh.jpg	1	0	False	0.4819314554333687	0.289514592877822	0.4819314554333687	0.08286722376942635	0.15161996148526669	0.08055203966796398	0.19241686255554669	0.010612481273710728	False	True	0.4408932626247406	0.07919396460056305	0.1737595498561859	0.044422514736652374	0.2565108835697174	0.005219867452979088	True	0.6050460338592529	0.09388700127601624	0.085201196372509	0.1889406144618988	0.00013479951303452253	0.026790322735905647
6sy3f1	cutting a guitar string in the plastic in a very satisfying way	data/processed/pro_fakeddit/images/6sy3f1.jpg	3	2	False	0.4817247614264488	0.08628105372190475	0.39544370770454407	0.0030885301530361176	0.4817247614264488	0.016915439162403345	0.0729843508452177	0.029843211639672518	False	True	0.34989774227142334	0.0014191623777151108	0.5377169251441956	0.0114909578114748	0.08358435332775116	0.015890872105956078	True	0.5320816040039062	0.008096633478999138	0.3137482702732086	0.03318888321518898	0.04118434339761734	0.07170023024082184
d0gwn0	triangle shirtwaist factory	data/processed/pro_fakeddit/images/d0gwn0.jpg	2	0	False	0.4810861870646477	0.19114992767572403	0.4810861870646477	0.28993625938892365	0.03626464493572712	0.08272084407508373	0.037189738963206764	0.07280220650136471	False	True	0.5974693298339844	0.28261667490005493	0.038719721138477325	0.02094820886850357	0.04944003373384476	0.01080591231584549	True	0.13193675875663757	0.3118950128555298	0.0288994163274765	0.2680387496948242	0.000438854651292786	0.25879108905792236
884fbe	local man glad hes not a local woman	data/processed/pro_fakeddit/images/884fbe.jpg	1	0	False	0.4805099442601204	0.04048006981611252	0.4805099442601204	0.01759117445908487	0.4400298744440079	0.028986951801925898	0.029219192125310656	0.003662934264866635	False	True	0.3808470666408539	0.021646447479724884	0.5184783339500427	0.03557990491390228	0.03893634304404259	0.004511956591159105	True	0.7794985771179199	0.005425355397164822	0.20468449592590332	0.009208092465996742	6.773936911486089e-05	0.001115867285989225
62b4c9	that time huma was asked to plan hillarys funeral	data/processed/pro_fakeddit/images/62b4c9.jpg	0	2	False	0.479272224009037	0.11230282485485077	0.36696939915418625	0.03739552851766348	0.479272224009037	0.04483978357166052	0.014707543353779329	0.056815543211996555	False	True	0.27844831347465515	0.032222434878349304	0.5862419605255127	0.030827339738607407	0.019601309671998024	0.052658673375844955	True	0.6325326561927795	0.052914809435606	0.15836301445960999	0.08687711507081985	2.6244399123243056e-05	0.06928615272045135
c7nrbvy	i ran out of ideas halfway through	data/processed/pro_fakeddit/images/c7nrbvy.jpg	4	0	False	0.4782950282096863	0.191559122846229	0.4782950282096863	0.003881592070683837	0.21687009558081627	0.010983261279761791	0.2867359053634573	0.003234202347812243	False	True	0.39031338691711426	0.0031214170157909393	0.21227669715881348	0.011230207979679108	0.38221776485443115	0.0008406317210756242	True	0.7422399520874023	0.00616211723536253	0.23065029084682465	0.010242421180009842	0.00029032689053565264	0.010414914228022099
4er7cz	buzz lightyear wins battle over driving licence	data/processed/pro_fakeddit/images/4er7cz.jpg	0	2	False	0.4779168739914894	0.14164602756500244	0.33627084642648697	0.059035852551460266	0.4779168739914894	0.08754949551075697	0.014357963053043932	0.024868943728506565	False	True	0.3142910301685333	0.047995902597904205	0.5685997605323792	0.042408574372529984	0.018580779433250427	0.008123908191919327	True	0.4022102952003479	0.09215570241212845	0.2058682143688202	0.22297225892543793	0.0016895139124244452	0.07510405033826828
coygman	they see me rollin they hatin	data/processed/pro_fakeddit/images/coygman.jpg	4	2	False	0.4774984046816826	0.21852680043957662	0.18206673208624125	0.033809353364631534	0.4774984046816826	0.04452067147940397	0.25897160424210597	0.003133237245492637	False	True	0.06019778177142143	0.011906103231012821	0.5252580046653748	0.05588642135262489	0.3451744019985199	0.0015772744081914425	True	0.5476735830307007	0.09951910376548767	0.3342196047306061	0.010423421859741211	0.0003632109728641808	0.007801125757396221
8z61g2	dang i spilled my pork rinds all over the grass	data/processed/pro_fakeddit/images/8z61g2.jpg	2	0	False	0.4774438962340355	0.19658728316426277	0.4774438962340355	0.015386844868771732	0.2808566130697727	0.04567896854132414	0.14769506586890202	0.0329385781660676	False	True	0.38548633456230164	0.0062452503480017185	0.3205955922603607	0.05370965600013733	0.19667471945285797	0.03728841617703438	True	0.7533165812492371	0.04281162843108177	0.16163967549800873	0.021586906164884567	0.000756105117034167	0.019889064133167267
16nb1y	john rocker writes in column that holocaust would have never taken place if jewish people had guns ny daily news	data/processed/pro_fakeddit/images/16nb1y.jpg	0	2	False	0.4749575639143586	0.25387550611048937	0.22108205780386925	0.16553244087845087	0.4749575639143586	0.07596897054463625	0.008448346023214981	0.05401063058525324	False	True	0.2449493259191513	0.01932470127940178	0.6199638247489929	0.0839763879776001	0.011132561601698399	0.02065318450331688	True	0.14948025345802307	0.6041556596755981	0.039938781410455704	0.051946718245744705	0.00039569928776472807	0.15408296883106232
bxxn6k	my book came misprinted with a weird chunk in the middle	data/processed/pro_fakeddit/images/bxxn6k.jpg	0	2	False	0.47478771954774857	0.02577703446149826	0.4490106850862503	0.019111397792585194	0.47478771954774857	0.01884459867142141	0.01605466658656951	0.02219092706218362	False	True	0.5119695663452148	0.025075530633330345	0.40642085671424866	0.014028520323336124	0.021181242540478706	0.021324293687939644	True	0.2601340413093567	0.001218999270349741	0.6798883080482483	0.03329283371567726	0.0006749387248419225	0.024790827184915543
7vh6p7	this mop just tried to sell me some weed	data/processed/pro_fakeddit/images/7vh6p7.jpg	2	0	False	0.47450167685747147	0.17176229879260063	0.47450167685747147	0.012858480913564563	0.30273937806487083	0.025552919134497643	0.1756150593282655	0.008732480462640524	False	True	0.3787098824977875	0.012488532811403275	0.3466987907886505	0.018537063151597977	0.23361295461654663	0.009952777065336704	True	0.7618770599365234	0.013968325220048428	0.1708611398935318	0.04660048708319664	0.00162137346342206	0.005071590654551983
b5w9is	atom bomb red self titled	data/processed/pro_fakeddit/images/b5w9is.jpg	1	0	False	0.4733421429991722	0.01749586872756481	0.4733421429991722	0.0063418635400012136	0.4558462742716074	0.004164466401562095	0.051242489367723465	0.009062778553925455	False	True	0.3773336112499237	0.0011694501154124737	0.5669161081314087	0.0016188910230994225	0.050600238144397736	0.002361730206757784	True	0.7613677382469177	0.021859103813767433	0.12263677269220352	0.011801192536950111	0.05316924303770065	0.029165923595428467
c5mwdkv	woah thats like a really good point	data/processed/pro_fakeddit/images/c5mwdkv.jpg	4	0	False	0.4726828634738922	0.13288353756070137	0.4726828634738922	0.013588549220003188	0.33979932591319084	0.006335643935017288	0.15348373431237405	0.014109856681898236	False	True	0.3526287078857422	0.016754623502492905	0.41407570242881775	0.006102414336055517	0.20464402437210083	0.005794490687549114	True	0.8328453302383423	0.004090326372534037	0.11697019636631012	0.007035332731902599	2.864133193725138e-06	0.0390559546649456
b6e9x8	went to open an angry birds fruit snacks they were in the shapes of emojis and gummy bears	data/processed/pro_fakeddit/images/b6e9x8.jpg	0	2	False	0.47265973687171936	0.06400537490844727	0.4086543619632721	0.025663542095571756	0.47265973687171936	0.00868461502250284	0.024164222762919962	0.06017350684851408	False	True	0.35421955585479736	0.00944795273244381	0.5492924451828003	0.006870891433209181	0.031463008373975754	0.048706140369176865	True	0.5719587802886963	0.0743103101849556	0.24276161193847656	0.014125785790383816	0.0022678659297525883	0.09457560628652573
57sdcb	rockstar just got everyone talking with one simple image	data/processed/pro_fakeddit/images/57sdcb.jpg	5	2	False	0.4719645231962204	0.14752644672989845	0.32443807646632195	0.018854399997508153	0.4719645231962204	0.1438573314808309	0.0004906742906314321	0.04039502560044639	False	True	0.1640353947877884	0.024793174117803574	0.5696597695350647	0.18732771277427673	0.0005524952430278063	0.0536314994096756	True	0.8056461215019226	0.0010380776366218925	0.1788787841796875	0.013446187600493431	0.0003052114334423095	0.0006856041727587581
5guxyv	check out these creative ways to give money as a gift	data/processed/pro_fakeddit/images/5guxyv.jpg	5	2	False	0.47126662731170654	0.012619420886039734	0.4586472064256668	0.010093294869875535	0.47126662731170654	0.018601738498546183	0.02834323764545843	0.013047915883362293	False	True	0.46648722887039185	0.0009388822363689542	0.4865562319755554	0.001755374949425459	0.03745090961456299	0.006811372935771942	True	0.4351271390914917	0.03755653277039528	0.4253978133201599	0.06914082914590836	0.0010202217381447554	0.03175754472613335
cd87b3	son of granger smith saves two lives with organ donations	data/processed/pro_fakeddit/images/cd87b3.jpg	0	2	False	0.47110531106591225	0.05917981639504433	0.4119254946708679	0.007673495827475563	0.47110531106591225	0.0396229267353192	0.0029026960000919644	0.06677009223494679	False	True	0.3976839780807495	0.0009010507492348552	0.5852565765380859	0.005786112975329161	0.0038153964560478926	0.006556894164532423	True	0.45465004444122314	0.027990831062197685	0.12865151464939117	0.1411333680152893	0.0001645946322241798	0.24740968644618988
dbhq4j	this wasp that landed on my windshield	data/processed/pro_fakeddit/images/dbhq4j.jpg	0	2	False	0.47005360573530197	0.09278573840856552	0.37726786732673645	0.007611577020725235	0.47005360573530197	0.04493473272304982	0.058328844083007425	0.04180336743593216	False	True	0.370457261800766	0.001636877772398293	0.5413762927055359	0.001866223756223917	0.07684318721294403	0.007820174098014832	True	0.3976996839046478	0.025535674765706062	0.2560855448246002	0.17414025962352753	0.002785814693197608	0.14375294744968414
3andu5	new surfboard day firewire sweet potato wood laminate deck	data/processed/pro_fakeddit/images/3andu5.jpg	2	0	False	0.4689776450395584	0.1261118659749627	0.4689776450395584	0.05673716310411692	0.3428657790645957	0.03284820355474949	0.04832874331623316	0.05024251341819763	False	True	0.36273038387298584	0.06810972839593887	0.4420640468597412	0.016137585043907166	0.05750613287091255	0.05345219373703003	True	0.7877194285392761	0.022619467228651047	0.045270975679159164	0.08298005908727646	0.020796574652194977	0.04061347246170044
bck098	west virginia poverty gets worse under trump economy not better	data/processed/pro_fakeddit/images/bck098.jpg	0	4	False	0.4685839543963084	0.29957168352848385	0.16901227086782455	0.05614112090552226	0.14443474635481834	0.01711007277481258	0.4685839543963084	0.14471785991918296	False	True	0.1811535358428955	0.0022318779956549406	0.17972853779792786	0.007967722602188587	0.6247005462646484	0.004217846784740686	True	0.1325884759426117	0.2178688496351242	0.03855337202548981	0.044537123292684555	0.00023417879128828645	0.5662178993225098
69fjf0	when you realize everyone is going to make the most of the democrat party is that a girl in a microwave	data/processed/pro_fakeddit/images/69fjf0.jpg	3	4	False	0.46841839919216	0.10184253225452267	0.36657586693763733	0.07734188449103385	0.04370114952325821	0.015155592700466514	0.46841839919216	0.028807046066503972	False	True	0.34794294834136963	0.001182784792035818	0.020853832364082336	0.00358490739017725	0.6243383288383484	0.0020971449557691813	True	0.42247462272644043	0.30581918358802795	0.11224310100078583	0.049867648631334305	0.0006586102535948157	0.10893674939870834
9bltgk	how a fallen succulent leaf begins to grow its own roots	data/processed/pro_fakeddit/images/9bltgk.jpg	0	2	False	0.4678536355495453	0.03174237906932831	0.436111256480217	0.004684545849158894	0.4678536355495453	0.013635196082759649	0.036680975870694965	0.04103440325707197	False	True	0.3923417925834656	0.0004526827542576939	0.5362957715988159	0.0038060226943343878	0.04780799522995949	0.019295740872621536	True	0.5674196481704712	0.017380135133862495	0.2625272274017334	0.04312271624803543	0.0032999177929013968	0.10625039041042328
b3su2p	interview with sam the sharpdressed greeter at hawthorne freddies im not crying youre crying	data/processed/pro_fakeddit/images/b3su2p.jpg	0	2	False	0.4672135263681412	0.11139204353094101	0.35582148283720016	0.0649155480787158	0.4672135263681412	0.062083357013762	0.03280943803383707	0.017156678019091487	False	True	0.38119369745254517	0.04908209666609764	0.4590865671634674	0.059468116611242294	0.04372960701584816	0.00743997935205698	True	0.27970483899116516	0.11241590231657028	0.4915944039821625	0.0699290782213211	4.893108780379407e-05	0.04630677402019501
8aytej	rubber plantation workers during the rule of king leopold ii belgian congo	data/processed/pro_fakeddit/images/8aytej.jpg	2	0	False	0.4667564835399389	0.23526893177768216	0.4667564835399389	0.20848680997733027	0.23148755176225677	0.02312944456934929	0.0646866011666134	0.005453099554870278	False	True	0.5903686881065369	0.004847406875342131	0.3075791597366333	0.010184723883867264	0.08569125086069107	0.0013287912588566542	True	0.09591986984014511	0.8194050192832947	0.003212727839127183	0.061963606625795364	0.0016726520843803883	0.017826024442911148
8e372q	the population modern day hysteria	data/processed/pro_fakeddit/images/8e372q.jpg	1	0	False	0.465769998729229	0.24913407489657402	0.465769998729229	0.21512130461633205	0.21663592383265495	0.009640718868467957	0.03370160154008772	0.05913053639233112	False	True	0.38710108399391174	0.2483239769935608	0.26875099539756775	0.003651643870398402	0.04473675787448883	0.04743564873933792	True	0.7017767429351807	0.11551328748464584	0.060290709137916565	0.02760794386267662	0.0005961325368843973	0.09421519935131073
cw23s66	if only bradleys arm was longer	data/processed/pro_fakeddit/images/cw23s66.jpg	4	0	False	0.4646642729640007	0.0874081626534462	0.4646642729640007	0.009530116803944111	0.3772561103105545	0.002525647112634033	0.1376948932011146	0.008328908559633419	False	True	0.37195125222206116	0.00963849388062954	0.4330672025680542	0.0017519902903586626	0.18325506150722504	0.0003359621623530984	True	0.7428033351898193	0.009204985573887825	0.20982283353805542	0.004846617579460144	0.0010143882827833295	0.03230774775147438
5kdy6v	heres how much the death star would have cost	data/processed/pro_fakeddit/images/5kdy6v.jpg	5	1	False	0.46366540901362896	0.2947919527068734	0.16887345630675554	0.46366540901362896	0.06340206041932106	0.1571287950500846	0.0007065062964102253	0.146223783493042	False	True	0.015720363706350327	0.5934385061264038	0.054731592535972595	0.19192150235176086	0.0005667451187036932	0.1436212956905365	True	0.6283327341079712	0.07434611767530441	0.08941346406936646	0.05275067314505577	0.0011257898295298219	0.15403124690055847
5b35v6	meet the yearold boy who spends his time making teddy bears for sick children	data/processed/pro_fakeddit/images/5b35v6.jpg	0	4	False	0.46364552492741495	0.03408114577177912	0.42956437915563583	0.004135564784519374	0.0855475626885891	0.013748850935371593	0.46364552492741495	0.003358129586558789	False	True	0.2899283468723297	0.0036157602444291115	0.08299452066421509	0.0019111077999696136	0.6178169250488281	0.003733344841748476	True	0.8484724760055542	0.005694978404790163	0.09320668876171112	0.04926208034157753	0.0011313245631754398	0.002232483820989728
cqfn1d	my friends lighter almost perfectly matches my hat	data/processed/pro_fakeddit/images/cqfn1d.jpg	0	4	False	0.4635061094595585	0.19003878106013872	0.2734673283994198	0.001077715918654576	0.25207309052348137	0.00507572537753731	0.4635061094595585	0.004800027818419039	False	True	0.17450346052646637	0.0003004948375746608	0.20098485052585602	0.0029428466223180294	0.6176939606666565	0.0035744099877774715	True	0.57035893201828	0.0034093791618943214	0.4053378105163574	0.011474361643195152	0.0009425558382645249	0.008476881310343742
7756px	the fatal seatbelt mistake passengers are making	data/processed/pro_fakeddit/images/7756px.jpg	5	1	False	0.4628953179344535	0.2396361017599702	0.2232592161744833	0.4628953179344535	0.11540100164711475	0.047410755418241024	0.0001421009837940801	0.1508916113525629	False	True	0.06354404240846634	0.611457109451294	0.10304778069257736	0.04520697891712189	0.000139888099511154	0.17660419642925262	True	0.7024047374725342	0.017209943383932114	0.15246066451072693	0.054022084921598434	0.00014873963664285839	0.07375385612249374
cj44ep	i dont even know where else to post this sort of sentiment	data/processed/pro_fakeddit/images/cj44ep.jpg	3	2	False	0.4624815545976162	0.0017693080008029938	0.4607122465968132	0.017506174801383168	0.4624815545976162	0.002972880145534873	0.0010264998184084106	0.05530064180493355	False	True	0.362680584192276	0.022938627749681473	0.5374603867530823	0.003071646438911557	0.001365646137855947	0.07248307764530182	True	0.7548072338104248	0.0012088159564882517	0.23754505813121796	0.0026765812654048204	9.060860065801535e-06	0.0037533342838287354
60kjje	new orleans residents aimlessly float across the floodwaters brought on by hurricane katrina c	data/processed/pro_fakeddit/images/60kjje.jpg	2	0	False	0.4619371318840422	0.053046750428620726	0.4619371318840422	0.40889038145542145	0.027810893647256307	0.001622700656298548	0.08718847088312032	0.012550473446026444	False	True	0.6149957776069641	0.21785753965377808	0.03676125034689903	0.001919570262543857	0.11610350757837296	0.012362377718091011	True	0.0027611947152763605	0.9819889068603516	0.0009598235483281314	0.0007320918375626206	0.0004433607973624021	0.013114760629832745
9c1674	a little puppy trying to squeeze out of its cage	data/processed/pro_fakeddit/images/9c1674.jpg	0	2	False	0.46164095029234886	0.21810356946662068	0.24353738082572818	0.18347609881311655	0.46164095029234886	0.03661223943345249	0.03528633201494813	0.03944705659523606	False	True	0.3195948302745819	0.021674882620573044	0.5953588485717773	0.011856519617140293	0.036663658916950226	0.014851337298750877	True	0.015365032479166985	0.6688797473907471	0.060487255454063416	0.11087939888238907	0.03115435130894184	0.11323421448469162
6hut9e	while it is seen below with canada poking up over the black sand beaches heres some black sand beach lies on the river einion ceredigion wales oc x	data/processed/pro_fakeddit/images/6hut9e.jpg	3	0	False	0.4614400565624237	0.10515985637903214	0.4614400565624237	0.023994091314307298	0.1251796167343855	0.005761061154771596	0.35628020018339157	0.027345001450157724	False	True	0.45278269052505493	0.00011838894715765491	0.09878885000944138	0.0019807906355708838	0.4453664720058441	0.0009628630359657109	True	0.48741215467453003	0.09562119841575623	0.20435191690921783	0.017101872712373734	0.08902138471603394	0.10649141669273376
10tba7	we are the happiest hooks	data/processed/pro_fakeddit/images/10tba7.jpg	2	0	False	0.46055522561073303	0.11824262142181396	0.46055522561073303	0.0019959175115218386	0.34231260418891907	0.01921912288526073	0.16846028320287587	0.007456854684278369	False	True	0.3955675959587097	0.0007548581925220788	0.3706708550453186	0.0009916822891682386	0.22451341152191162	0.00750160776078701	True	0.655518114566803	0.005719095468521118	0.25723785161972046	0.07390144467353821	0.00030089824576862156	0.007322595454752445
ctori4	this penguin my sister made with paint droppings	data/processed/pro_fakeddit/images/ctori4.jpg	0	2	False	0.4604363813996315	0.14148756116628647	0.31894882023334503	0.013961498159915209	0.4604363813996315	0.04305815231055021	0.14665386639535427	0.016941333189606667	False	True	0.28319570422172546	0.004996730014681816	0.4641767740249634	0.040596965700387955	0.1897139996290207	0.017319869250059128	True	0.42620816826820374	0.04085580259561539	0.44921520352363586	0.05044171214103699	0.01747346669435501	0.015805725008249283
cfzeck6	catching the first pitch	data/processed/pro_fakeddit/images/cfzeck6.jpg	4	0	False	0.4602470323443413	0.21116726504988037	0.4602470323443413	0.030391850508749485	0.22555354237556458	0.02594617661088705	0.2490797672944609	0.008781634969636798	False	True	0.3871384561061859	0.03195473551750183	0.22860892117023468	0.011196572333574295	0.3319392204284668	0.009162085130810738	True	0.6795727610588074	0.025703195482492447	0.21638740599155426	0.07019498944282532	0.0005014078924432397	0.007640284486114979
bya2p7	us and russia trade blame over near collision in east asian waters	data/processed/pro_fakeddit/images/bya2p7.jpg	0	2	False	0.4598667807877064	0.18598565459251404	0.27388112619519234	0.014943383168429136	0.4598667807877064	0.09383774548768997	0.02040999762539286	0.13706096448004246	False	True	0.28516098856925964	0.004766775295138359	0.5920337438583374	0.042637526988983154	0.02712414227426052	0.048276834189891815	True	0.24004153907299042	0.04547320678830147	0.0633658915758133	0.24743840098381042	0.00026756367878988385	0.4034133553504944
cscnml	a leaf fell through a hole in another leaf	data/processed/pro_fakeddit/images/cscnml.jpg	0	2	False	0.45979075506329536	0.17258703336119652	0.28720372170209885	0.01617884839652106	0.45979075506329536	0.14222849649377167	0.06656688579823822	0.028031289926730096	False	True	0.3508644700050354	0.0009198638144880533	0.5504434108734131	0.006920910440385342	0.08664658665657043	0.00420473562553525	True	0.09622147679328918	0.06195580214262009	0.1878327876329422	0.5481512546539307	0.006327783223241568	0.09951095283031464
6gndy1	scientists have discovered sharks that live in a volcano	data/processed/pro_fakeddit/images/6gndy1.jpg	5	0	False	0.4593566060066223	0.15707813203334808	0.4593566060066223	0.010862627648748457	0.30227847397327423	0.05530145112425089	0.11600279112462886	0.05619799252599478	False	True	0.4313587546348572	0.005759054329246283	0.36502891778945923	0.01705354079604149	0.15440326929092407	0.02639639750123024	True	0.5433501601219177	0.026173347607254982	0.11402714252471924	0.1700451821088791	0.0008013566257432103	0.1456027776002884
3euu1d	shia labeouf with his mom	data/processed/pro_fakeddit/images/3euu1d.jpg	0	2	False	0.4589901268482208	0.04779667407274246	0.41119345277547836	0.04299038089811802	0.4589901268482208	0.020715471706353128	0.03216439392417669	0.03394612268311903	False	True	0.47173333168029785	0.009788982570171356	0.4801107347011566	0.005707875359803438	0.030032485723495483	0.002626547822728753	True	0.2295738160610199	0.142594575881958	0.39562830328941345	0.0657382607460022	0.03856011852622032	0.12790484726428986
98m4ru	dog trying to catch a stone	data/processed/pro_fakeddit/images/98m4ru.jpg	0	2	False	0.4587621297687292	0.08083963952958584	0.37792249023914337	0.04933248659654055	0.4587621297687292	0.0028341409924905747	0.10894789174199104	0.0022008887608535588	False	True	0.3189825415611267	0.000716455455403775	0.5896368026733398	0.001692335237748921	0.08812679350376129	0.0008451074827462435	True	0.5547423362731934	0.19518058001995087	0.06613811105489731	0.006259558256715536	0.1714111864566803	0.006268232595175505
96crs3	new mother with her newborn babies	data/processed/pro_fakeddit/images/96crs3.jpg	2	0	False	0.4573468491435051	0.16474183043465018	0.4573468491435051	0.007745225331746042	0.20896254107356071	0.02156203705817461	0.2926050187088549	0.011778339161537588	False	True	0.41239801049232483	0.0059969802387058735	0.18907804787158966	0.0023809634149074554	0.3846190571784973	0.0055269584991037846	True	0.5921933650970459	0.012989960610866547	0.2686160206794739	0.07910525798797607	0.01656290329992771	0.030532481148838997
230fsc	it is illegal and a punishable crime to give or take dowry lets make our society dowryfree rangpur dinajpur rural organisation rangpur no datedowry outlawed x	data/processed/pro_fakeddit/images/230fsc.jpg	5	1	False	0.4555029645562172	0.22384710842743516	0.171239338000305	0.4555029645562172	0.23165585612878203	0.03523362730629742	0.011834192685455491	0.0945340245962143	False	True	0.22577504813671112	0.36546948552131653	0.3055470287799835	0.010060734115540981	0.015766214579343796	0.07738150656223297	True	0.007632207591086626	0.7256034016609192	0.009982338175177574	0.11075230687856674	3.8127003790577874e-05	0.14599157869815826
caro65	this olive leaf that ended up in my can of black olives	data/processed/pro_fakeddit/images/caro65.jpg	0	2	False	0.45549601316452026	0.05662429332733154	0.3988717198371887	0.004335088771767914	0.45549601316452026	0.03445581905543804	0.03450696307118051	0.07233444601297379	False	True	0.3939340114593506	0.004377029836177826	0.4626973271369934	0.016893543303012848	0.045617442578077316	0.07648071646690369	True	0.4136848449707031	0.004209265578538179	0.43389207124710083	0.08714264631271362	0.0011755245504900813	0.05989563465118408
27mpcr	djokovic during the roland garros final	data/processed/pro_fakeddit/images/27mpcr.jpg	0	2	False	0.45503125339746475	0.09979645907878876	0.355234794318676	0.06455768458545208	0.45503125339746475	0.0356340401340276	0.04365382017567754	0.04588838340714574	False	True	0.33945950865745544	0.019982732832431793	0.5498523116111755	0.011848210357129574	0.04832642897963524	0.030530763790011406	True	0.40256065130233765	0.19828253984451294	0.1705680787563324	0.10699152946472168	0.029635993763804436	0.09196124225854874
bjl9zd	cross section of egg that broke through shell during boiling	data/processed/pro_fakeddit/images/bjl9zd.jpg	0	2	False	0.4542594477534294	0.1406361199915409	0.3136233277618885	0.020843839738518	0.4542594477534294	0.012168044864665717	0.06856769137084484	0.1305375937372446	False	True	0.343570351600647	0.009327327832579613	0.5172714591026306	0.002063358435407281	0.08811541646718979	0.039652012288570404	True	0.2237822562456131	0.05539337545633316	0.2652234137058258	0.042482104152441025	0.009924516081809998	0.4031943380832672
7uvs8q	this speedminton speeder	data/processed/pro_fakeddit/images/7uvs8q.jpg	1	0	False	0.4542125463485718	0.12016431818483397	0.4542125463485718	0.019569845171645284	0.14840824529528618	0.020914412336423993	0.3340482281637378	0.02284676698036492	False	True	0.3988350033760071	0.011041852645576	0.11899356544017792	0.011924888007342815	0.44454237818717957	0.014662380330264568	True	0.6203451752662659	0.045153822749853134	0.23665228486061096	0.047882985323667526	0.0025657780934125185	0.04739992693066597
8h6xzj	the of civilization in bosnia ottoman caricature about austrian annexation of bosniaherzegovina	data/processed/pro_fakeddit/images/8h6xzj.jpg	5	1	False	0.4541628360748291	0.1859912243016879	0.11907171597704291	0.4541628360748291	0.2681716117731412	0.08588591031730175	0.017521955702250125	0.055185910838190466	False	True	0.1575755476951599	0.27466756105422974	0.35746482014656067	0.11382801830768585	0.02331385761499405	0.07315012812614441	True	0.0035602208226919174	0.9926486611366272	0.0002919866528827697	0.0020595863461494446	0.00014624996401835233	0.0012932589743286371
1sn912	charlottetown superstore resells meat found in thiefs pants	data/processed/pro_fakeddit/images/1sn912.jpg	0	1	False	0.45406121760606766	0.18267842754721642	0.10570080950856209	0.45406121760606766	0.09412442147731781	0.27138279005885124	0.0008583525632275268	0.07387249451130629	False	True	0.03770817816257477	0.5242729783058167	0.0787801444530487	0.3017067611217499	0.0010222470154985785	0.05650981143116951	True	0.30967870354652405	0.24342593550682068	0.14015725255012512	0.18041087687015533	0.00036666920641437173	0.1259605437517166
19dgqa	crazy lady in curlers that got to see the endeavour from rwtf	data/processed/pro_fakeddit/images/19dgqa.jpg	0	2	False	0.4538900190964341	0.14849854540079832	0.3053914736956358	0.20933275832794607	0.4538900190964341	0.0014826265396550298	0.02225710649508983	0.007646010490134358	False	True	0.3694152534008026	0.01356728095561266	0.5852994322776794	0.001070734579116106	0.029318101704120636	0.001329204998910427	True	0.11332013458013535	0.7966291904449463	0.059661779552698135	0.002718302421271801	0.001074120867997408	0.026596426963806152
dinuvni	girl and guy with unusually long arms	data/processed/pro_fakeddit/images/dinuvni.jpg	4	0	False	0.4533320777118206	0.1074528731405735	0.4533320777118206	0.03944906799006276	0.3458792045712471	0.004555012914352119	0.14667286910116673	0.010111758310813457	False	True	0.543355405330658	0.0018921472365036607	0.3462807536125183	0.0025123455561697483	0.10465287417173386	0.0013064441736787558	True	0.18326209485530853	0.15211983025074005	0.34467455744743347	0.010683014988899231	0.27273285388946533	0.03652770072221756
c6lgof3	always on hand just in case	data/processed/pro_fakeddit/images/c6lgof3.jpg	4	0	False	0.4526206851005554	0.11953191637621785	0.4526206851005554	0.061362960856058635	0.12359857931733131	0.016842251177877188	0.33308876872433757	0.012486736057326198	False	True	0.3377111554145813	0.08164850622415543	0.11600498855113983	0.006579836830496788	0.4440983831882477	0.013957093469798565	True	0.7973492741584778	0.0005063247517682612	0.14637935161590576	0.04762949422001839	5.992533260723576e-05	0.008075663819909096
d4tbl9v	a woman not so thrilled to meet donald trump	data/processed/pro_fakeddit/images/d4tbl9v.jpg	4	2	False	0.451788442209363	0.07311213202774525	0.37867631018161774	0.11390124121680856	0.451788442209363	0.030865697655826807	0.008927863993449137	0.01584041607566178	False	True	0.3545682728290558	0.03041401319205761	0.5653295516967773	0.024784540757536888	0.011833219788968563	0.013070379383862019	True	0.4510004222393036	0.3643629252910614	0.1111651137471199	0.049109168350696564	0.00021179660689085722	0.024150526151061058
8wpm9o	african slave disguises self as local wildlife in attempts of escaping plantation	data/processed/pro_fakeddit/images/8wpm9o.jpg	2	0	False	0.4516281746327877	0.19486880116164684	0.4516281746327877	0.2113079161499627	0.25675937347114086	0.008875317289493978	0.06950498162768781	0.0019242309863329865	False	True	0.5668150186538696	0.002779209753498435	0.33746540546417236	0.004301056731492281	0.08825714141130447	0.00038214700180105865	True	0.10606764256954193	0.8368940353393555	0.014641277492046356	0.02259809896349907	0.013248502276837826	0.00655048293992877
czqi90	this tree that grew around the fence	data/processed/pro_fakeddit/images/czqi90.jpg	0	2	False	0.45117850601673126	0.0182022824883461	0.43297622352838516	0.001981905399588868	0.45117850601673126	0.04323037061840296	0.057908638031221926	0.012724412139505148	False	True	0.3577960431575775	0.0019999993965029716	0.5219448208808899	0.03400197997689247	0.07551651448011398	0.008740721270442009	True	0.6585167646408081	0.0019276234088465571	0.23887956142425537	0.07091554254293442	0.005085008684545755	0.024675484746694565
7ooady	robert downey jr pretending to hold up the avengers logo	data/processed/pro_fakeddit/images/7ooady.jpg	0	2	False	0.450897715985775	0.2593481941148639	0.19154952187091112	0.0803859990555793	0.450897715985775	0.047057111747562885	0.1714547306764871	0.058654837775975466	False	True	0.246396005153656	0.012678316794335842	0.44980549812316895	0.048326924443244934	0.22594226896762848	0.016850879415869713	True	0.027010072022676468	0.2835090458393097	0.45417436957359314	0.04324767366051674	0.007992115803062916	0.18406671285629272
2q1w08	marilyn monroes film studio wanted to prove that she would look good in a potato sack dress	data/processed/pro_fakeddit/images/2q1w08.jpg	0	4	False	0.4504264610586688	0.18258052680175751	0.23042409494519234	0.035869096172973514	0.2678459342569113	0.011154966487083584	0.4504264610586688	0.004279495944501832	False	True	0.06786935031414032	0.01228290144354105	0.31623053550720215	0.002782664028927684	0.6000342965126038	0.0008002867689356208	True	0.7180883288383484	0.1066276803612709	0.12269213050603867	0.036271873861551285	0.0016029546968638897	0.014717123471200466
bnkv8a	taylor swifts next music video have her singing upside down in central park	data/processed/pro_fakeddit/images/bnkv8a.jpg	1	0	False	0.44977910071611404	0.14532606303691864	0.44977910071611404	0.04954969463869929	0.3044530376791954	0.07061193510890007	0.023117993463529274	0.10248818062245846	False	True	0.42898616194725037	0.024339670315384865	0.34035131335258484	0.052028924226760864	0.030196549370884895	0.12409733980894089	True	0.5121579170227051	0.12517976760864258	0.1967582106590271	0.1263609677553177	0.0018823257414624095	0.03766070306301117
5qlqu8	i consider myself one of the sides	data/processed/pro_fakeddit/images/5qlqu8.jpg	3	1	False	0.4496018375939457	0.03816752244892996	0.4114343151450157	0.4496018375939457	0.09958923608064651	0.01037893263855949	0.004911463234748226	0.024084159056656063	False	True	0.27062109112739563	0.5992007255554199	0.0798843652009964	0.012740813195705414	0.006402464117854834	0.031150508671998978	True	0.833873987197876	0.0008051737095229328	0.15870384871959686	0.0032932909671217203	0.00043846058542840183	0.0028851102106273174
3nypgp	rupert murdoch longs for real black president	data/processed/pro_fakeddit/images/3nypgp.jpg	0	2	False	0.44932896830141544	0.27041283063590527	0.17891613766551018	0.13985533127561212	0.44932896830141544	0.15517007187008858	0.007428739008901175	0.06930075446143746	False	True	0.17191681265830994	0.028160063549876213	0.5924755930900574	0.16730038821697235	0.009788095019757748	0.030359042808413506	True	0.1999141126871109	0.4749411344528198	0.019889093935489655	0.11877912282943726	0.0003506709763314575	0.18612588942050934
7kpe6m	henry ford constructs the first ford model t	data/processed/pro_fakeddit/images/7kpe6m.jpg	2	0	False	0.4482913538813591	0.24285125569440424	0.4482913538813591	0.039438256761059165	0.1930793970823288	0.06872444320470095	0.20544009818695486	0.04502640664577484	False	True	0.4232434928417206	0.009708014316856861	0.2473808079957962	0.043499674648046494	0.2709941565990448	0.005173787474632263	True	0.5234349370002747	0.12862898409366608	0.030175164341926575	0.1443987488746643	0.008777922950685024	0.16458426415920258
cjoncr3	top of her class actually	data/processed/pro_fakeddit/images/cjoncr3.jpg	4	2	False	0.44823016226291656	0.11440934985876083	0.33382081240415573	0.0265483062248677	0.44823016226291656	0.013314623152837157	0.1699769530987396	0.008109184331260622	False	True	0.2548045814037323	0.034984830766916275	0.4613012969493866	0.013362995348870754	0.22662052512168884	0.008925799280405045	True	0.570869505405426	0.001238732598721981	0.40901675820350647	0.013169506564736366	4.6237029891926795e-05	0.0056593394838273525
czo64h8	when the memes are too dank	data/processed/pro_fakeddit/images/czo64h8.jpg	4	0	False	0.4477807730436325	0.09376858919858932	0.4477807730436325	0.08250157488510013	0.3540121838450432	0.09481139888521284	0.01264434665790759	0.008249699021689594	False	True	0.34893327951431274	0.10494957119226456	0.3952978253364563	0.12450584024190903	0.01670430786907673	0.009609168395400047	True	0.7443232536315918	0.015157585963606834	0.23015525937080383	0.005728074815124273	0.0004644630244001746	0.004171290900558233
6wvmk2	aaron rodgers sweet new stache	data/processed/pro_fakeddit/images/6wvmk2.jpg	0	2	False	0.4476720616221428	0.10031960532069206	0.34735245630145073	0.05679583689197898	0.4476720616221428	0.07470228523015976	0.004251058315276168	0.06922637159004807	False	True	0.39121952652931213	0.015548886731266975	0.4977777302265167	0.06339503824710846	0.0054895831272006035	0.0265693049877882	True	0.21575124561786652	0.180536687374115	0.297355055809021	0.10862402617931366	0.0005354838795028627	0.1971975713968277
8et034	the music has gotten worse dire consequences	data/processed/pro_fakeddit/images/8et034.jpg	1	0	False	0.4475499391555786	0.06517162919044495	0.4475499391555786	0.034007527865469456	0.38237830996513367	0.05649062618613243	0.034722243623036775	0.044851296581327915	False	True	0.37956440448760986	0.027212150394916534	0.46808215975761414	0.0442594513297081	0.04627424478530884	0.034607503563165665	True	0.6515065431594849	0.05439366027712822	0.12526676058769226	0.09318415075540543	6.624013622058555e-05	0.07558267563581467
avj4mc	martin scorsese visits the set of return of the jedi	data/processed/pro_fakeddit/images/avj4mc.jpg	2	4	False	0.44751929421909153	0.07525203307159245	0.3722672611474991	0.04817638732492924	0.08373784832656384	0.03466164064593613	0.44751929421909153	0.013637549709528685	False	True	0.2816219925880432	0.0164511576294899	0.09757335484027863	0.009970388375222683	0.5924410820007324	0.0019420068711042404	True	0.6442030668258667	0.14335207641124725	0.042231328785419464	0.10873539745807648	0.012753930874168873	0.04872417822480202
7xh833	white house now just holding continuous goingaway party for departing staffers	data/processed/pro_fakeddit/images/7xh833.jpg	1	0	False	0.4458855763077736	0.22938682325184345	0.4458855763077736	0.19102857634425163	0.21649875305593014	0.06149617629125714	0.032086805476865266	0.05300419498234987	False	True	0.472861111164093	0.16886530816555023	0.24846354126930237	0.015378287062048912	0.04275084286928177	0.05168098583817482	True	0.3649589717388153	0.25751838088035583	0.12060438841581345	0.19984984397888184	9.469329961575568e-05	0.05697382241487503
arp78r	a strange place to advertise mickey mouse	data/processed/pro_fakeddit/images/arp78r.jpg	0	2	False	0.44536325335502625	0.09237152710556984	0.3529917262494564	0.12002543825656176	0.44536325335502625	0.015310552320443094	0.03135215293150395	0.034956857562065125	False	True	0.41425809264183044	0.02424585446715355	0.4772680997848511	0.004419643897563219	0.04115487262606621	0.0386534221470356	True	0.1691926270723343	0.4073641896247864	0.34964871406555176	0.04798327758908272	0.0019439938478171825	0.023867163807153702
cmqfm6	yearold starts el paso challenge for the community to do good deeds for each lives lost	data/processed/pro_fakeddit/images/cmqfm6.jpg	0	2	False	0.44503017887473106	0.011310268193483353	0.4337199106812477	0.01529902801848948	0.44503017887473106	0.07087395340204239	0.014934441729565151	0.02014254662208259	False	True	0.32400164008140564	0.005623786710202694	0.5546116232872009	0.08483363687992096	0.019845763221383095	0.01108360756188631	True	0.7628747224807739	0.04432475194334984	0.11628584563732147	0.028994902968406677	0.00020047725411131978	0.04731936380267143
cm6brs	this giant air freshener in an alleyway	data/processed/pro_fakeddit/images/cm6brs.jpg	0	4	False	0.4450097978115082	0.04164372384548187	0.4033660739660263	0.019230765872634947	0.10562532767653465	0.015933670685626566	0.4450097978115082	0.010834284941665828	False	True	0.4482935965061188	0.0048038954846560955	0.12180067598819733	0.005909427534788847	0.41190022230148315	0.0072920979000627995	True	0.2685835063457489	0.0625113770365715	0.05709928274154663	0.046006400138139725	0.5443385243415833	0.021460846066474915
d1oa9c	the color fading on my poetry magnets which i left out a month ago vs those i didnt	data/processed/pro_fakeddit/images/d1oa9c.jpg	0	2	False	0.44468508660793304	0.05384044721722603	0.390844639390707	0.04029965400695801	0.44468508660793304	0.03220721863908693	0.002423365382128395	0.08953996514901519	False	True	0.4706498086452484	0.028236858546733856	0.46944528818130493	0.0034189990255981684	0.0030999097507447004	0.025149064138531685	True	0.15142913162708282	0.07648804038763046	0.3704044818878174	0.11857187747955322	0.00039373227627947927	0.2827126681804657
cdzomtw	technically low quality images	data/processed/pro_fakeddit/images/cdzomtw.jpg	4	2	False	0.44462258368730545	0.006886191666126251	0.4377363920211792	0.036367352040542755	0.44462258368730545	0.05331087304512039	0.021510306411073543	0.006452462053857744	False	True	0.3983117341995239	0.048367951065301895	0.4461483955383301	0.07036630064249039	0.028475437313318253	0.008330142125487328	True	0.556010365486145	0.0003655549662653357	0.44004514813423157	0.002144590253010392	0.0006149137043394148	0.0008194218389689922
2ggvks	youll never guess how this star athlete responds to being called a nerd	data/processed/pro_fakeddit/images/2ggvks.jpg	0	2	False	0.44416435807943344	0.2162279561161995	0.22793640196323395	0.015736305969767272	0.44416435807943344	0.19682958535850048	0.08971059585655894	0.02562270825728774	False	True	0.12256258726119995	0.005566167179495096	0.4772728681564331	0.2477027326822281	0.11959664523601532	0.0272989422082901	True	0.5440578460693359	0.0462467223405838	0.34483882784843445	0.04421014338731766	5.244771818979643e-05	0.020594006404280663
3po6jx	barbecue round at the folks took a turn for the worst	data/processed/pro_fakeddit/images/3po6jx.jpg	2	4	False	0.44229439397895476	0.02176804592454573	0.420526348054409	0.00871899574121926	0.11686770617961884	0.008542682451661676	0.44229439397895476	0.003049875784199685	False	True	0.2986229956150055	0.0009528130176477134	0.1080288290977478	0.0014010679442435503	0.5896810293197632	0.0013132488820701838	True	0.7862364053726196	0.0320175439119339	0.14338433742523193	0.029967525973916054	0.0001344879565294832	0.008259756490588188
ca0g7pm	stunning simply stunning	data/processed/pro_fakeddit/images/ca0g7pm.jpg	4	0	False	0.4422789439558983	0.04769034683704376	0.4422789439558983	0.008897969791178184	0.3945885971188545	0.0027239974588155746	0.14945172373700188	0.0020587809704011306	False	True	0.3167596757411957	0.01185138151049614	0.46693122386932373	0.0027779843658208847	0.19922681152820587	0.002452944638207555	True	0.8188367486000061	3.7734633224317804e-05	0.1775607168674469	0.0025620367377996445	0.00012646036338992417	0.000876289966981858
5ihr93	evangeline parish sheriff asks whether he is legally required to enforce the law	data/processed/pro_fakeddit/images/5ihr93.jpg	0	1	False	0.44217186607420444	0.17524573020637035	0.11667853919789195	0.44217186607420444	0.05349606741219759	0.2669261358678341	0.00040179426923714345	0.12032555975019932	False	True	0.029103273525834084	0.558368980884552	0.05679606273770332	0.22685538232326508	0.0005236356519162655	0.12835261225700378	True	0.37940433621406555	0.09358052164316177	0.04359608143568039	0.38713839650154114	3.627012119977735e-05	0.09624440222978592
8parze	sean hannity tells mueller investigation witnesses to destroy evidence	data/processed/pro_fakeddit/images/8parze.jpg	0	1	False	0.44212812185287476	0.18665378540754318	0.0317372172139585	0.44212812185287476	0.03640138765331358	0.2325373962521553	0.0017215184482211043	0.2554743364453316	False	True	0.02942652814090252	0.5105718970298767	0.04633414000272751	0.24807441234588623	0.0022910682018846273	0.16330191493034363	True	0.03866928443312645	0.2367967963218689	0.006603130605071783	0.18592634797096252	1.2869187230535317e-05	0.5319916009902954
ax0f6k	this palm tree that has cacti growing out of it	data/processed/pro_fakeddit/images/ax0f6k.jpg	0	4	False	0.4419545531272888	0.15548531711101532	0.2864692360162735	0.027858454908709973	0.2209952361881733	0.00658156315330416	0.4419545531272888	0.01614095363765955	False	True	0.2892806828022003	0.0026173966471105814	0.24182066321372986	0.00672230264171958	0.45409053564071655	0.005468394607305527	True	0.27803489565849304	0.10358162969350815	0.1585189551115036	0.0061593446880578995	0.4055466055870056	0.04815863072872162
58f7ht	they said what find out what donald glover joe biden and alice walton have to say	data/processed/pro_fakeddit/images/58f7ht.jpg	1	2	False	0.4407390393316746	0.2055472619831562	0.23519177734851837	0.13290330488234758	0.4407390393316746	0.10857461579144001	0.030935150786717713	0.051656109280884266	False	True	0.23462031781673431	0.015527989715337753	0.5696320533752441	0.1328551173210144	0.041229430586099625	0.006135072559118271	True	0.23690615594387054	0.4850292503833771	0.05405999720096588	0.03573311120271683	5.231138857197948e-05	0.18821921944618225
dc6wx9	only bunch of red fruits on a bush	data/processed/pro_fakeddit/images/dc6wx9.jpg	0	2	False	0.44070877879858017	0.08325812965631485	0.3574506491422653	0.011649913561996073	0.44070877879858017	0.050776864401996136	0.10007161204703152	0.03934222552925348	False	True	0.32034412026405334	0.0019351684022694826	0.47954249382019043	0.033106107264757156	0.13206537067890167	0.03300680220127106	True	0.46877023577690125	0.04079414904117584	0.3242076337337494	0.10378913581371307	0.00409033615142107	0.05834849551320076
1fu7gd	every time i reach for him when coming up from the basement i hear him go noooo not the pulling on my dose again	data/processed/pro_fakeddit/images/1fu7gd.jpg	2	0	False	0.44022876024246216	0.0653238445520401	0.44022876024246216	0.013102415920002386	0.37490491569042206	0.00823175348341465	0.1590224362735171	0.004509712438448332	False	True	0.3274085521697998	0.0007206375012174249	0.45087936520576477	0.008188332431018353	0.2119774967432022	0.0008255800348706543	True	0.7786893844604492	0.05024775117635727	0.14698156714439392	0.008362016640603542	0.00015725486446172	0.015562109649181366
cnv7px	maximilien robespierre once the french citizens started to feel safe in their own country circa	data/processed/pro_fakeddit/images/cnv7px.jpg	2	0	False	0.44010188430547714	0.02898420300334692	0.44010188430547714	0.07880935817956924	0.4111176813021302	0.022963114781305194	0.007134401181247085	0.03987357881851494	False	True	0.2878362238407135	0.0943996012210846	0.5296900868415833	0.02880815975368023	0.00840344000607729	0.050862494856119156	True	0.8968988656997681	0.03203862905502319	0.05540046468377113	0.005427979864180088	0.0033272847067564726	0.006906830705702305
7c2uqn	legendary runner usain bolt about to set his m world record on th in berlin germany	data/processed/pro_fakeddit/images/7c2uqn.jpg	2	0	False	0.4390907660126686	0.07521422300487757	0.4390907660126686	0.06510095158591866	0.36387654300779104	0.024551230017095804	0.008117007899272721	0.09926353208720684	False	True	0.40052178502082825	0.0043494682759046555	0.4661663770675659	0.017000572755932808	0.010749854147434235	0.10121196508407593	True	0.5547977089881897	0.2473554015159607	0.057007040828466415	0.04720320180058479	0.00021846915478818119	0.09341823309659958
6b9aof	drugs you dont agree with alex jones	data/processed/pro_fakeddit/images/6b9aof.jpg	3	0	False	0.4388590455055237	0.07959304749965668	0.4388590455055237	0.359265998005867	0.02369648334570229	0.04193521477282047	0.007654308874407434	0.1285889397840947	False	True	0.5550453066825867	0.3741146922111511	0.027549613267183304	0.018843241035938263	0.010183456353843212	0.014263682998716831	True	0.09030026197433472	0.31471991539001465	0.01213709358125925	0.1112111359834671	6.686643610009924e-05	0.47156471014022827
6tq6e8	til that knowing he was the media is the democrats replacement for the actions in charlottesville as repulsive traitors to their cronies	data/processed/pro_fakeddit/images/6tq6e8.jpg	3	0	False	0.4388357363641262	0.1428421603050083	0.4388357363641262	0.20554223377257586	0.2959935760591179	0.03139008395373821	0.0005544527430174639	0.027683962020091712	False	True	0.5497981309890747	0.046313341706991196	0.3906356394290924	0.006201840937137604	0.0007211939664557576	0.006329911295324564	True	0.1059485524892807	0.6832289099693298	0.012067385949194431	0.10695481300354004	5.4229072702582926e-05	0.09174611419439316
bbl8g1	i found these chips called boo chips shaped like little ghosts	data/processed/pro_fakeddit/images/bbl8g1.jpg	0	2	False	0.43873080611228943	0.15049944818019867	0.28823135793209076	0.008298151777125895	0.43873080611228943	0.07474188320338726	0.005436314153485	0.1845615403726697	False	True	0.2534940540790558	0.003269440960139036	0.4225652515888214	0.0765366405248642	0.0038452954031527042	0.24028939008712769	True	0.3924432694911957	0.02338428422808647	0.4872274696826935	0.06935761123895645	0.010209370404481888	0.01737799122929573
d02gtm	manchester hotel charges australian ps for a beer	data/processed/pro_fakeddit/images/d02gtm.jpg	0	2	False	0.43811215087771416	0.20007836818695068	0.23803378269076347	0.08333872072398663	0.43811215087771416	0.15127772837877274	0.013570757379056886	0.07566683180630207	False	True	0.19545955955982208	0.06068124622106552	0.5498642325401306	0.09726250171661377	0.017790047451853752	0.07894237339496613	True	0.36575645208358765	0.15131114423274994	0.10285590589046478	0.31332340836524963	0.0009128871606662869	0.0658402070403099
d7a3wfc	an old picture has been retrieved	data/processed/pro_fakeddit/images/d7a3wfc.jpg	4	0	False	0.4376254454255104	0.07007038965821266	0.4376254454255104	0.0005030026152326172	0.36755505576729774	0.004910108109470457	0.1890772506740177	0.0003291442699264735	False	True	0.4949761927127838	0.0006664733518846333	0.24851207435131073	0.0034915378782898188	0.2519998252391815	0.0003539015888236463	True	0.2655732035636902	1.2590405276569072e-05	0.7246840000152588	0.009165818803012371	0.00030952697852626443	0.00025487231323495507
59po64	defense secretary ash carter has ordered a stop to reclaiming reenlistment bonuses	data/processed/pro_fakeddit/images/59po64.jpg	0	3	False	0.4375593699514866	0.20266849920153618	0.0773956160992384	0.09234192408621311	0.15451687993481755	0.4375593699514866	0.0032953067420748994	0.2348908707499504	False	True	0.08230336010456085	0.0306105837225914	0.1997435837984085	0.5491191148757935	0.004303673282265663	0.1339196264743805	True	0.06267238408327103	0.27753594517707825	0.018836768344044685	0.10288013517856598	0.00027020712150260806	0.5378046035766602
dhnsulp	i took my masters degree in cowbell	data/processed/pro_fakeddit/images/dhnsulp.jpg	4	0	False	0.43716762959957123	0.08893415391503368	0.43716762959957123	0.032390443375334144	0.13658199086785316	0.03967106528580189	0.34823347568453755	0.00595536467153579	False	True	0.3229653239250183	0.04105307161808014	0.15226933360099792	0.018177933990955353	0.46410900354385376	0.0014252974651753902	True	0.77977454662323	0.006402558647096157	0.08951996266841888	0.10415045917034149	0.0006068921065889299	0.01954556629061699
17wnqk	a small dog intimidating a larger one	data/processed/pro_fakeddit/images/17wnqk.jpg	0	2	False	0.43697872944176197	0.25677609257400036	0.1802026368677616	0.1677657449617982	0.43697872944176197	0.010721934726461768	0.1515709813684225	0.05275996262207627	False	True	0.19162555038928986	0.04617602750658989	0.5426307320594788	0.007855604402720928	0.1851736158132553	0.026538444682955742	True	0.14593389630317688	0.5325348973274231	0.1200227215886116	0.019320925697684288	0.0507630780339241	0.13142451643943787
1xh62w	the bear and the wolf repost from usimpsonsfanher post on pics subreddit	data/processed/pro_fakeddit/images/1xh62w.jpg	0	4	False	0.4369686644349713	0.005660767463268712	0.4313078969717026	0.005369233258534223	0.1138022132217884	0.005157679668627679	0.4369686644349713	0.007394270156510174	False	True	0.2863611578941345	0.0031893595587462187	0.12407973408699036	0.00245077395811677	0.5822867155075073	0.001632209401577711	True	0.8661481142044067	0.011908854357898235	0.08296965062618256	0.013278396800160408	0.0010145112173631787	0.024680452421307564
3insja	dog getting caught digging a hole	data/processed/pro_fakeddit/images/3insja.jpg	0	2	False	0.4362669624388218	0.056978266686201096	0.3792886957526207	0.14971832383889705	0.4362669624388218	0.012720669503323734	0.012108303140848875	0.009897074400214478	False	True	0.44294777512550354	0.004426491912454367	0.5378085374832153	0.0016311616636812687	0.01184237003326416	0.0013436932349577546	True	0.18831145763397217	0.5855938196182251	0.13164223730564117	0.04598919302225113	0.01290610246360302	0.03555721789598465
b57j2l	american b bomber dropping fat man over nagasaki	data/processed/pro_fakeddit/images/b57j2l.jpg	2	0	False	0.43588368128985167	0.16546848230063915	0.43588368128985167	0.2704151989892125	0.13877740647876635	0.008345395792275667	0.13207388787850505	0.014504418591968715	False	True	0.5668789744377136	0.059375640004873276	0.18383938074111938	0.007753032259643078	0.1759783923625946	0.006174562964588404	True	0.04289780184626579	0.9035338759422302	0.0035914836917072535	0.010122486390173435	0.00036037442623637617	0.03949398547410965
3zcpl2	poster for the upcoming trey parkermatt stone short film on canada	data/processed/pro_fakeddit/images/3zcpl2.jpg	2	4	False	0.43556941766291857	0.19582388643175364	0.2022751308977604	0.08936383464606479	0.23974553123116493	0.0048174073453992605	0.43556941766291857	0.02822866290807724	False	True	0.13394255936145782	0.0036444549914449453	0.26416099071502686	0.002062816172838211	0.579208493232727	0.01698065549135208	True	0.4072728455066681	0.3465219736099243	0.16649915277957916	0.013081180863082409	0.004652190953493118	0.061972685158252716
8xp1ss	watching all girls garage when suddenly	data/processed/pro_fakeddit/images/8xp1ss.jpg	2	0	False	0.4351755902171135	0.01586010679602623	0.4351755902171135	0.009527256130240858	0.41931548342108727	0.0052431924268603325	0.1187344238460355	0.012004002928733826	False	True	0.3027794063091278	0.010894586332142353	0.5121777057647705	0.005211217328906059	0.15826930105686188	0.010667698457837105	True	0.8323641419410706	0.005425265524536371	0.14072881639003754	0.005339117720723152	0.00012979221355635673	0.01601291634142399
26an1o	an osprey with a brown trout	data/processed/pro_fakeddit/images/26an1o.jpg	0	2	False	0.4346796181052923	0.19036204554140568	0.24431757256388664	0.05629377206787467	0.4346796181052923	0.08282124367542565	0.14926823880523443	0.032619534293189645	False	True	0.23099161684513092	0.018516825512051582	0.5480808615684509	0.009976825676858425	0.17880743741989136	0.013626406900584698	True	0.2842954397201538	0.16962461173534393	0.0944758877158165	0.3013544976711273	0.06065064296126366	0.08959891647100449
bdt9wz	us legalizes samesex marriage th	data/processed/pro_fakeddit/images/bdt9wz.jpg	2	0	False	0.43438155576586723	0.1197376437485218	0.43438155576586723	0.11052367649972439	0.31464391201734543	0.06799390562810004	0.0246915077950689	0.0477654131827876	False	True	0.5104195475578308	0.05027998238801956	0.3962536156177521	0.0044134510681033134	0.032835088670253754	0.0057982527650892735	True	0.2062675803899765	0.29125475883483887	0.06981480121612549	0.2587352693080902	0.00026076516951434314	0.17366689443588257
6bvppt	saintjeandeluz pyreneesatlantiques france	data/processed/pro_fakeddit/images/6bvppt.jpg	0	4	False	0.4343256149441004	0.06758805550634861	0.36673755943775177	0.001962164678843692	0.1590599287301302	0.026370230363681912	0.4343256149441004	0.011544507637154311	False	True	0.2625541090965271	0.0011183925671502948	0.18574513494968414	0.007304473780095577	0.5426769852638245	0.0006009249482303858	True	0.6792879104614258	0.0044934810139238834	0.07900431007146835	0.08356750011444092	0.10927150398492813	0.044375255703926086
1i5d59	arnold schwarzenegger grimacing	data/processed/pro_fakeddit/images/1i5d59.jpg	0	2	False	0.4342285171151161	0.14946278184652328	0.28476573526859283	0.16867130622267723	0.4342285171151161	0.07093092985451221	0.010667829832527786	0.030735670123249292	False	True	0.34991416335105896	0.1152687817811966	0.42363929748535156	0.0727979764342308	0.013613122515380383	0.02476663328707218	True	0.08932045102119446	0.32887887954711914	0.4659961760044098	0.06532979011535645	0.0018319517839699984	0.048642780631780624
4sq1a7	indiana animal shelter enlists help of pokemon go players to walk dogs	data/processed/pro_fakeddit/images/4sq1a7.jpg	0	2	False	0.4339173398911953	0.08103423938155174	0.35288310050964355	0.04700482962653041	0.4339173398911953	0.07798384223133326	0.06603251132764854	0.022178402170538902	False	True	0.33344292640686035	0.004720756784081459	0.525105893611908	0.027612414211034775	0.08747409284114838	0.021643923595547676	True	0.41120362281799316	0.17385704815387726	0.1603516787290573	0.2290981262922287	0.001707766787149012	0.02378183789551258
4rap24	more us babies with zikarelated birth defects reported by health agency	data/processed/pro_fakeddit/images/4rap24.jpg	0	2	False	0.4336231295019388	0.21852771751582623	0.2150954119861126	0.024122728500515223	0.4336231295019388	0.1390983797609806	0.0032255625919788145	0.18483473733067513	False	True	0.23017026484012604	0.008287539705634117	0.5671826601028442	0.08132489025592804	0.004166123922914267	0.10886843502521515	True	0.16987085342407227	0.07162829488515854	0.032944537699222565	0.3124188482761383	0.00040387859917245805	0.41273364424705505
7kizk0	xwing fighter crash lands on the uss long island during flight testing	data/processed/pro_fakeddit/images/7kizk0.jpg	2	0	False	0.4331718496978283	0.1431686314754188	0.4331718496978283	0.16521724173799157	0.2900032182224095	0.01683857064926997	0.05104003753513098	0.04372912528924644	False	True	0.5391045212745667	0.010528651997447014	0.3763595521450043	0.001101811183616519	0.06425753980875015	0.008647971786558628	True	0.11537383496761322	0.6292830109596252	0.03093421645462513	0.06404884904623032	0.011387530714273453	0.14897258579730988
66b2zi	an athletes meteoric fall from grace very nsfl	data/processed/pro_fakeddit/images/66b2zi.jpg	2	0	False	0.4328071027994156	0.003406374715268612	0.4328071027994156	0.08385784737765789	0.429400728084147	0.028495320584625006	0.007031170189293334	0.018407778814435005	False	True	0.30358457565307617	0.0915856882929802	0.5517122149467468	0.02330094389617443	0.009358949027955532	0.02045758254826069	True	0.8204746842384338	0.06067432463169098	0.06246626749634743	0.04407845064997673	4.783367330674082e-05	0.012258367612957954
bnc63k	gas product spills in houston ship channel after collision involving foot oil tanker and barges	data/processed/pro_fakeddit/images/bnc63k.jpg	0	5	False	0.43254270404577255	0.22251271083950996	0.2100299932062626	0.08130356576293707	0.14466213854029775	0.12011425197124481	0.011347351923177484	0.43254270404577255	False	True	0.23444092273712158	0.040748391300439835	0.18702207505702972	0.07301831245422363	0.015089319087564945	0.44968098402023315	True	0.1367972046136856	0.20296908915042877	0.017582328990101814	0.26140207052230835	0.00012145043001510203	0.38112786412239075
3gymh7	teenager in a fishing boat removes rubbish stuck on whales head whale shows its appreciation	data/processed/pro_fakeddit/images/3gymh7.jpg	0	2	False	0.43192174460273236	0.1341918258694932	0.2977299187332392	0.2356104539358057	0.43192174460273236	0.008661634055897593	0.011743131937691942	0.014333086088299751	False	True	0.38796669244766235	0.0021899722050875425	0.5738047957420349	0.008540286682546139	0.015390323475003242	0.012107903137803078	True	0.027019597589969635	0.9358718991279602	0.006272591184824705	0.009025676175951958	0.00080155732575804	0.021008634939789772
c82ydk	the lines on my lined paper are printed in the wrong direction	data/processed/pro_fakeddit/images/c82ydk.jpg	0	2	False	0.43163683265447617	0.06579113751649857	0.3658456951379776	0.008551893290132284	0.43163683265447617	0.07581337075680494	0.04447899626757135	0.07367320824414492	False	True	0.42886486649513245	0.00935242511332035	0.3616025745868683	0.054481375962495804	0.059242840856313705	0.08645591884851456	True	0.17678818106651306	0.006150297820568085	0.6417396068572998	0.13980935513973236	0.000187462501344271	0.035325076431035995
b9z9vh	author having a blast here some news from zimbabwe about petty trademark fights	data/processed/pro_fakeddit/images/b9z9vh.jpg	0	2	False	0.4310823525302112	0.20233105635270476	0.15277979709208012	0.033372608944773674	0.4310823525302112	0.22875129617750645	0.11666891301194937	0.037345051765441895	False	True	0.17376968264579773	0.017490215599536896	0.5658127665519714	0.05197369307279587	0.1555572748184204	0.03539636731147766	True	0.08981014043092728	0.08101978898048401	0.026891110464930534	0.7590841054916382	3.8275925362540875e-06	0.043191105127334595
cjlpl28	who could stay mad at that face	data/processed/pro_fakeddit/images/cjlpl28.jpg	4	0	False	0.42834144830703735	0.11714020816361881	0.42834144830703735	0.01700877712573856	0.2307233326137066	0.01049501623492688	0.31120124014341854	0.002230225712992251	False	True	0.4404659867286682	0.021355915814638138	0.10884793102741241	0.011998643167316914	0.41487324237823486	0.00245832372456789	True	0.3919678330421448	0.003967361059039831	0.5963495373725891	0.005984135437756777	0.00018523343896958977	0.0015459316782653332
d71fsu	defense minister vo nguyen giap celebrates after winning the first pick of the vietnam draft	data/processed/pro_fakeddit/images/d71fsu.jpg	2	1	False	0.4280282035470009	0.15476743504405022	0.27326076850295067	0.4280282035470009	0.12115564598934725	0.0923073049634695	0.03420892613939941	0.051039161160588264	False	True	0.3612011671066284	0.2743804156780243	0.1608869582414627	0.10532836616039276	0.044899147003889084	0.05330395698547363	True	0.00943957269191742	0.8889715671539307	0.0019617092330008745	0.05324412137269974	0.0021382635459303856	0.04424477368593216
8b71mj	assassins creed ii this is all i want to kill dot net	data/processed/pro_fakeddit/images/8b71mj.jpg	3	2	False	0.42719747871160507	0.05317907780408859	0.3740184009075165	0.06886452529579401	0.42719747871160507	0.10300605371594429	0.0023463542447643704	0.02456717728637159	False	True	0.343065083026886	0.08069629967212677	0.48329296708106995	0.06409363448619843	3.2559579267399386e-05	0.02881939709186554	True	0.46687835454940796	0.03336920216679573	0.25891101360321045	0.21974331140518188	0.009287738241255283	0.011810517869889736
2ir31y	police pepper spray wake county teen inside his home after hes mistaken for burglar	data/processed/pro_fakeddit/images/2ir31y.jpg	0	3	False	0.426814965903759	0.09504454582929611	0.3317704200744629	0.027608779608272016	0.17879032948985696	0.426814965903759	0.0007562609389424324	0.03425922244787216	False	True	0.2850472629070282	0.006005984265357256	0.23208393156528473	0.45593446493148804	0.0007000982295721769	0.02022823691368103	True	0.47193989157676697	0.0924171656370163	0.018909523263573647	0.3394564688205719	0.0009247490670531988	0.07635217905044556
1gv01q	a cat looking majestically into the middle distance	data/processed/pro_fakeddit/images/1gv01q.jpg	0	2	False	0.4266718924045563	0.039641641080379486	0.3870302513241768	0.0016928939148783684	0.4266718924045563	0.028117204550653696	0.150428366381675	0.006059369363356382	False	True	0.39803871512413025	0.0019320114515721798	0.3664674162864685	0.031174425035715103	0.1950976848602295	0.007289722096174955	True	0.3540048599243164	0.0009755413047969341	0.6072853207588196	0.018945543095469475	0.016420410946011543	0.0023683111649006605
bumaet	this atm requires cards to be inserted horizontally to help prevent skimmer attacks	data/processed/pro_fakeddit/images/bumaet.jpg	0	2	False	0.4261922016739845	0.1579489503055811	0.26824325136840343	0.008735729148611426	0.4261922016739845	0.18735478585585952	0.04581130014412338	0.0636627497151494	False	True	0.3427523076534271	0.0056950366124510765	0.5256936550140381	0.023874299600720406	0.060966551303863525	0.04101818427443504	True	0.04471608251333237	0.017857806757092476	0.12768784165382385	0.6777962446212769	0.0003455466649029404	0.13159644603729248
8h6h77	black ice cream cone with sprinkles	data/processed/pro_fakeddit/images/8h6h77.jpg	2	0	False	0.4256451427936554	0.01047491654753685	0.4256451427936554	0.03351666629896499	0.41517022624611855	0.055220628855749965	0.007222415064461529	0.06322495453059673	False	True	0.44047650694847107	0.0011965463636443019	0.511203944683075	0.005881794728338718	0.008769349195063114	0.032471902668476105	True	0.3811510503292084	0.13047702610492706	0.12706907093524933	0.2032371312379837	0.0025816126726567745	0.15548411011695862
64358r	man accidentally shoots himself at nra headquarters police	data/processed/pro_fakeddit/images/64358r.jpg	0	3	False	0.4246627613902092	0.10179857909679413	0.32286418229341507	0.09586756117641926	0.03254522942006588	0.4246627613902092	0.03924120040574053	0.08481906168162823	False	True	0.22992464900016785	0.09020893275737762	0.03584986552596092	0.487030029296875	0.05229099467396736	0.10469550639390945	True	0.6016827821731567	0.11284344643354416	0.022631321102380753	0.2375609576702118	9.181760106002912e-05	0.025189727544784546
ash26u	menu at local restaurant has this guide for how you want your meat cooked	data/processed/pro_fakeddit/images/ash26u.jpg	0	2	False	0.424069095402956	0.05523401126265526	0.36883508414030075	0.07904388196766376	0.424069095402956	0.037633154541254044	0.000537186748260865	0.08988159336149693	False	True	0.3237821161746979	0.054154954850673676	0.5134463906288147	0.03983786702156067	0.00066754111321643	0.0681111142039299	True	0.5039939880371094	0.15371066331863403	0.15593720972537994	0.031019017100334167	0.0001461236533941701	0.155193030834198
78xol9	its simply bursting with creative wonder says reviewer of new game where mario sometimes dresses as chef	data/processed/pro_fakeddit/images/78xol9.jpg	1	4	False	0.42322125533246435	0.0385194594564382	0.38470179587602615	0.10694240313023329	0.05186378117650747	0.027131789829581976	0.42322125533246435	0.0061389843467622995	False	True	0.3642677366733551	0.011297706514596939	0.041315045207738876	0.016919994726777077	0.5637108087539673	0.002488725818693638	True	0.4460039734840393	0.39387649297714233	0.08350998908281326	0.057767175137996674	0.0017525950679555535	0.017089759930968285
br022s	chef gary usher offered a homeless man work but now what when top chef gary usher left his manchester restaurant last week after a shift he didnt know he was about to have a conversation that would change someones life	data/processed/pro_fakeddit/images/br022s.jpg	0	2	False	0.42293454334139824	0.09882156923413277	0.3241129741072655	0.14164091018028557	0.42293454334139824	0.08416926581412554	0.013386255479417741	0.013755974359810352	False	True	0.3258502781391144	0.009904912672936916	0.5321701765060425	0.100018709897995	0.017340248450636864	0.014715593308210373	True	0.31890106201171875	0.5368489027023315	0.09522764384746552	0.036620933562517166	0.001524276565760374	0.01087711751461029
ccvujvv	i dont really know what ive done here	data/processed/pro_fakeddit/images/ccvujvv.jpg	4	0	False	0.4213113710284233	0.020192550495266914	0.4213113710284233	0.004788013407960534	0.4011188205331564	0.005898860632441938	0.16263353742215259	0.004249404126312584	False	True	0.26842251420021057	0.004940554965287447	0.4990847110748291	0.005966549273580313	0.21680687367916107	0.00477880984544754	True	0.8799779415130615	0.0043303887359797955	0.10722114890813828	0.0056957947090268135	0.00011352865112712607	0.002661186968907714
3jk96v	day care workers accused of running fight club among children	data/processed/pro_fakeddit/images/3jk96v.jpg	0	2	False	0.42080496065318584	0.16588067077100277	0.23876836523413658	0.015172256156802177	0.42080496065318584	0.2549242898821831	0.009097015354200266	0.06123314285650849	False	True	0.19657333195209503	0.008181124925613403	0.5206939578056335	0.1903390884399414	0.011973532848060131	0.0722389817237854	True	0.36535346508026123	0.0361456498503685	0.12113796919584274	0.4486798942089081	0.000467462872620672	0.028215626254677773
7lixhc	us ambassador to netherlands describes own words as fake news	data/processed/pro_fakeddit/images/7lixhc.jpg	0	3	False	0.4207938089966774	0.14924214023631066	0.07958079036325216	0.04266885481774807	0.27155166876036674	0.4207938089966774	0.003075481217180709	0.18232932686805725	False	True	0.09672308713197708	0.04038352146744728	0.35960641503334045	0.3786771595478058	0.004100384656339884	0.12050935626029968	True	0.028153900057077408	0.049524854868650436	0.007387429941445589	0.5471437573432922	7.708997031841136e-07	0.36778923869132996
xi25j	so this was going on at my desk all day	data/processed/pro_fakeddit/images/xi25j.jpg	0	4	False	0.4198145982300048	0.14505792264390038	0.2747566755861044	0.0406787158572115	0.24749134853482246	0.009029117645695806	0.4198145982300048	0.008229502011090517	False	True	0.07664120942354202	0.05339881777763367	0.2943403720855713	0.00844905711710453	0.5596988797187805	0.007471620105206966	True	0.8691030740737915	0.0025184100959450006	0.10694427788257599	0.010769299231469631	0.00016175376367755234	0.010503147728741169
4mnzlv	referendum on the united kingdoms membership of the european union edited parody of an actual referendum voting slip antibrexit	data/processed/pro_fakeddit/images/4mnzlv.jpg	5	1	False	0.419778548181057	0.1482293006265536	0.15097249996324535	0.419778548181057	0.046758830210819724	0.10914246737957001	0.001798399760900793	0.2715492475545034	False	True	0.20115739107131958	0.22962424159049988	0.062320586293935776	0.14400619268417358	0.002393874805420637	0.36049768328666687	True	0.00041782663902267814	0.9902414679527283	7.356196147156879e-05	0.004551291465759277	1.1974627341260202e-05	0.004703940358012915
831jiu	the cats alone in the tower	data/processed/pro_fakeddit/images/831jiu.jpg	1	2	False	0.4194837659597397	0.061883408576250076	0.08029552549123764	0.025610535172745585	0.4194837659597397	0.10848355229245499	0.3576003573834896	0.008526287274435163	False	True	0.05139480531215668	0.015543133951723576	0.4634571075439453	0.002018907805904746	0.46198099851608276	0.0056050559505820274	True	0.16699768602848053	0.055812738835811615	0.2875637412071228	0.4278774857521057	0.044458433985710144	0.017289981245994568
6i9o8z	this bombshell was dropped on ellen and fans were shocked	data/processed/pro_fakeddit/images/6i9o8z.jpg	5	0	False	0.4194733276963234	0.13924086466431618	0.4194733276963234	0.08232482289895415	0.2802324630320072	0.18098411709070206	0.01667247986915754	0.020312833599746227	False	True	0.28528788685798645	0.10663621127605438	0.33797064423561096	0.22555950284004211	0.02218681015074253	0.022358987480401993	True	0.8220296502113342	0.009390657767653465	0.10701791942119598	0.047257959842681885	0.0001294890244025737	0.01417437195777893
cr0qwb	ceiling light at this restaurant looks like jupiter	data/processed/pro_fakeddit/images/cr0qwb.jpg	0	2	False	0.4185584858059883	0.13923650234937668	0.26630251854658127	0.0051014600321650505	0.4185584858059883	0.014699035556986928	0.27932198345661163	0.016016534355003387	False	True	0.25317737460136414	0.0005369652062654495	0.4258544147014618	0.010951629839837551	0.306118905544281	0.0033607182558625937	True	0.30567795038223267	0.018794944509863853	0.39667069911956787	0.02594125270843506	0.19893121719360352	0.053983982652425766
6w11x2	planet fitness offering new lightsoff hour so no one can watch you work out	data/processed/pro_fakeddit/images/6w11x2.jpg	1	0	False	0.4184158146381378	0.0684325322508812	0.4184158146381378	0.03099715884309262	0.3499832823872566	0.057078683748841286	0.0964817198982928	0.04704331420361996	False	True	0.43129754066467285	0.004304850939661264	0.35573822259902954	0.047988034784793854	0.12836728990077972	0.032304033637046814	True	0.3797706365585327	0.11107408255338669	0.33271846175193787	0.08435063064098358	0.0008250098908320069	0.09126115590333939
d0rv6i	us general contemplating dropping the second nuclear bomb in japan	data/processed/pro_fakeddit/images/d0rv6i.jpg	2	0	False	0.4180411174893379	0.10536160506308079	0.4180411174893379	0.31267951242625713	0.2364016193896532	0.017826902214437723	0.0015626104541297536	0.013488261145539582	False	True	0.30432793498039246	0.3875889182090759	0.2918231785297394	0.011870766058564186	0.0020312669221311808	0.002357983496040106	True	0.7591806650161743	0.08795129507780075	0.07013694196939468	0.035695310682058334	0.00015664105012547225	0.04687909409403801
179rnu	nhl player marian hossa celeberates goal	data/processed/pro_fakeddit/images/179rnu.jpg	0	2	False	0.41803890373557806	0.09012312721461058	0.3279157765209675	0.12843894376419485	0.41803890373557806	0.034283803310245275	0.007796371806762181	0.08352620992809534	False	True	0.4106278419494629	0.0049440981820225716	0.5461127758026123	0.01739867962896824	0.010095063596963882	0.01082153245806694	True	0.07977958023548126	0.49892348051071167	0.03381728753447533	0.08493917435407639	0.0009002964361570776	0.30164024233818054
1s8sqp	all their boxes are horrified	data/processed/pro_fakeddit/images/1s8sqp.jpg	2	0	False	0.4176228269934654	0.09015858918428421	0.4176228269934654	0.005277897813357413	0.3274642378091812	0.02207945752888918	0.20230341283604503	0.025252146646380424	False	True	0.2746632993221283	0.004484548233449459	0.4063486158847809	0.024086324498057365	0.2688816785812378	0.0215354822576046	True	0.8465014100074768	0.007657946553081274	0.0908111035823822	0.01605885662138462	0.002568615600466728	0.0364021398127079
cjg1vh	this payphone tucked into a corner in a grocery store yes it still works	data/processed/pro_fakeddit/images/cjg1vh.jpg	0	2	False	0.41679590940475464	0.09544248878955841	0.32135342061519623	0.04282852914184332	0.41679590940475464	0.08171544969081879	0.09503587201470509	0.042270803824067116	False	True	0.309244841337204	0.011155668646097183	0.462831050157547	0.05855150520801544	0.12564809620380402	0.03256881237030029	True	0.357679158449173	0.13784711062908173	0.27869048714637756	0.15120728313922882	0.0031991994474083185	0.07137677818536758
auyula	this letter of citizenship burgherbrief from	data/processed/pro_fakeddit/images/auyula.jpg	0	3	False	0.4144519492983818	0.07713480666279793	0.3373171426355839	0.008054361445829272	0.220156604424119	0.4144519492983818	0.01044300491435024	0.009576957789249718	False	True	0.39180436730384827	0.004210640676319599	0.2634296119213104	0.32236817479133606	0.01391969807446003	0.004267544951289892	True	0.1738554686307907	0.01958552375435829	0.09033758193254471	0.690703272819519	1.2925434020871762e-05	0.025505196303129196
51u4bm	different colors chance and change	data/processed/pro_fakeddit/images/51u4bm.jpg	1	4	False	0.4136441432638094	0.007230558316223323	0.11782832257449627	0.002827193711709697	0.40641358494758606	0.03167412953916937	0.4136441432638094	0.027612617952399887	False	True	0.040327288210392	0.0003331581538077444	0.40414589643478394	0.0037994752638041973	0.5507407784461975	0.0006533746491186321	True	0.3503314256668091	0.010309300385415554	0.41321665048599243	0.11529809236526489	0.0023542377166450024	0.10849034786224365
614tnh	sweet pawlitics joe biden the human meets joe biden the puppy	data/processed/pro_fakeddit/images/614tnh.jpg	0	2	False	0.41329489182680845	0.14500547293573618	0.2682894188910723	0.24209727440029383	0.41329489182680845	0.03535499912686646	0.02230453328411386	0.01865888456813991	False	True	0.3208904564380646	0.04687414690852165	0.5436041355133057	0.04471226781606674	0.029700661078095436	0.014218305237591267	True	0.11048630625009537	0.8277666568756104	0.022367160767316818	0.0072831930592656136	0.00011614990216912702	0.03198062255978584
cmawyw	aroma burner is frustrated	data/processed/pro_fakeddit/images/cmawyw.jpg	2	0	False	0.41238023340702057	0.004382319748401642	0.41238023340702057	0.039188076683785766	0.4079979136586189	0.056588777573779225	0.0708688062732108	0.012976149329915643	False	True	0.47515109181404114	0.003547490807250142	0.4094964861869812	0.0069689517840743065	0.09372515231370926	0.011110787279903889	True	0.22406765818595886	0.14610983431339264	0.4035021960735321	0.20544825494289398	0.002299768151715398	0.018572235479950905
2ppbrl	meijer retail grocery store pays the bill for customers	data/processed/pro_fakeddit/images/2ppbrl.jpg	0	3	False	0.4110131412744522	0.10617756098508835	0.10211017169058323	0.30483558028936386	0.04827572125941515	0.4110131412744522	0.0027545934863155708	0.13101080991327763	False	True	0.053717873990535736	0.3142003118991852	0.04271145537495613	0.43673011660575867	0.003613213775679469	0.1490270346403122	True	0.2472870647907257	0.2767413854598999	0.0649685189127922	0.33386221528053284	0.00017873261822387576	0.07696213573217392
4sd64b	steve wozniak playing polo on a segway	data/processed/pro_fakeddit/images/4sd64b.jpg	0	2	False	0.4108405038714409	0.14752720668911934	0.25546656362712383	0.26331329718232155	0.4108405038714409	0.012261920026503503	0.03908008386497386	0.01903759257402271	False	True	0.31945881247520447	0.096835657954216	0.5238116979598999	0.00244563864544034	0.0516737625002861	0.005774382967501879	True	0.06348981708288193	0.7627462148666382	0.07192692160606384	0.04171076416969299	0.0012990479590371251	0.058827221393585205
90h4uh	vladimir putin releases album pronouncing russias innocence in meddling with the election	data/processed/pro_fakeddit/images/90h4uh.jpg	2	1	False	0.4092429429292679	0.1468699313700199	0.26237301155924797	0.4092429429292679	0.2406541369855404	0.028976761270314455	0.003066293691517785	0.05568686802871525	False	True	0.2967342734336853	0.3623462915420532	0.31377094984054565	0.016967473551630974	0.0039090258069336414	0.006271987222135067	True	0.15928922593593597	0.5499328970909119	0.021303698420524597	0.0650046244263649	0.0005380973452702165	0.2039315104484558
2hwffh	my classmates sitting on a bench	data/processed/pro_fakeddit/images/2hwffh.jpg	0	2	False	0.4091351479291916	0.08275290951132774	0.32638223841786385	0.0037192846066318452	0.4091351479291916	0.017996444541495293	0.23499881906900555	0.007768042210955173	False	True	0.35219839215278625	0.0038031567819416523	0.3299104571342468	0.0016852135304361582	0.31112003326416016	0.0012827327009290457	True	0.24893377721309662	0.003467668080702424	0.6468092203140259	0.0669301375746727	0.006635176483541727	0.027223970741033554
5l0itu	donauturm things which are alike x	data/processed/pro_fakeddit/images/5l0itu.jpg	1	2	False	0.40578727424144745	0.025420457124710083	0.38036681711673737	0.01918431810918264	0.40578727424144745	0.01738459657644853	0.13507808186113834	0.04219890612876043	False	True	0.3914743661880493	0.0012974474811926484	0.4250536859035492	0.0028132267761975527	0.1770564764738083	0.0023047656286507845	True	0.3470441699028015	0.07284492999315262	0.3479880392551422	0.06109870597720146	0.00914289802312851	0.16188132762908936
25ahrg	too bugged out to thug out	data/processed/pro_fakeddit/images/25ahrg.jpg	2	0	False	0.4050536975264549	0.13152382265980123	0.4050536975264549	0.0044032247678842396	0.2613799888640642	0.052479727659374475	0.2735298748666537	0.003153529978590086	False	True	0.31617996096611023	0.0008689212845638394	0.30839356780052185	0.008329508826136589	0.3646087348461151	0.0016193630872294307	True	0.671674907207489	0.01500613521784544	0.12033925205469131	0.18493038415908813	0.0002932949282694608	0.007756030652672052
dlpvzu	what i do with my spare time in construction class	data/processed/pro_fakeddit/images/dlpvzu.jpg	0	4	False	0.4048497568583116	0.027353611192665994	0.3774961456656456	0.004511051927693188	0.1967283934354782	0.007088005775585771	0.4048497568583116	0.009326668048743159	False	True	0.22516211867332458	0.003994297701865435	0.21294087171554565	0.00814274325966835	0.5385079979896545	0.011252009309828281	True	0.8344982266426086	0.006061314605176449	0.14809095859527588	0.003923793323338032	0.003875033464282751	0.00355064426548779
6oppz4	joe biden kissing a little girls head	data/processed/pro_fakeddit/images/6oppz4.jpg	0	2	False	0.40306381508708	0.1667186478152871	0.233394724316895	0.2363451672717929	0.40306381508708	0.007070770836435258	0.0546270739287138	0.06549842283129692	False	True	0.30180710554122925	0.05608752742409706	0.5283429622650146	0.004432699177414179	0.06923837959766388	0.040091291069984436	True	0.028157580643892288	0.7771180868148804	0.027226373553276062	0.014984985813498497	0.010793156921863556	0.14171981811523438
dhjipgi	ladies and gentlemen of the jury hes a liar	data/processed/pro_fakeddit/images/dhjipgi.jpg	4	0	False	0.4024818688631058	0.00447733532928396	0.4024818688631058	0.09845195710659027	0.042991518042981625	0.047377982875332236	0.3980045335338218	0.010692128213122487	False	True	0.31931793689727783	0.10098756849765778	0.039087045937776566	0.006965232081711292	0.5306621789932251	0.0029800226911902428	True	0.6519736647605896	0.09084512293338776	0.0547049343585968	0.16861623525619507	3.159715561196208e-05	0.03382844477891922
ck2hcc	vodka a dangerous love beware ussr	data/processed/pro_fakeddit/images/ck2hcc.jpg	5	0	False	0.4021657928824425	0.08136630803346634	0.4021657928824425	0.32079948484897614	0.16913669742643833	0.06596639938652515	0.03360320049978327	0.008328435593284667	False	True	0.32340940833091736	0.3695695996284485	0.2020818442106247	0.055129945278167725	0.04468865692615509	0.005120543297380209	True	0.6384349465370178	0.17448914051055908	0.07030125707387924	0.09847576171159744	0.00034683122066780925	0.01795211248099804
6aex4c	firearm charge dropped after toronto officer says he meant to fire gun	data/processed/pro_fakeddit/images/6aex4c.jpg	0	3	False	0.40194547176361084	0.05283541977405548	0.34911005198955536	0.03647328773513436	0.15212787687778473	0.40194547176361084	0.0128186486690538	0.04752474930137396	False	True	0.3281738758087158	0.019005974754691124	0.1838148534297943	0.40945324301719666	0.01694699190557003	0.04260517656803131	True	0.411918580532074	0.08887522667646408	0.05706694722175598	0.3794221580028534	0.000433618959505111	0.0622834675014019
4rozpv	north korean space program to land rover on earth	data/processed/pro_fakeddit/images/4rozpv.jpg	1	0	False	0.4015824645757675	0.06515817157924175	0.4015824645757675	0.08412083890289068	0.33642429299652576	0.0492586474865675	0.0846532387076877	0.0439606006257236	False	True	0.3524768352508545	0.04306686297059059	0.4112289845943451	0.03296409547328949	0.11168000102043152	0.048583317548036575	True	0.5488993525505066	0.20728276669979095	0.11201021820306778	0.09814230352640152	0.0035729517694562674	0.030092449858784676
1wf0y7	i went to innout burger and found it to be overrated	data/processed/pro_fakeddit/images/1wf0y7.jpg	0	2	False	0.40125207230448723	0.03823738917708397	0.36301468312740326	0.046864574775099754	0.40125207230448723	0.06760979443788528	0.02388533193152398	0.09737356565892696	False	True	0.3066440224647522	0.010832197964191437	0.48753589391708374	0.06511268019676208	0.03155015781521797	0.09832508862018585	True	0.5321266651153564	0.1549617052078247	0.1424006074666977	0.07510113716125488	0.0008908542804419994	0.0945189967751503
1c4xjv	mtv star farrah abrahams porn video a new low of lows experts say	data/processed/pro_fakeddit/images/1c4xjv.jpg	0	2	False	0.40117138624191284	0.1318492591381073	0.26932212710380554	0.0907527320086956	0.40117138624191284	0.04306204803287983	0.126873450120911	0.06881830818019807	False	True	0.2588646113872528	0.03615342080593109	0.4925902485847473	0.031827397644519806	0.16871699690818787	0.01184739638119936	True	0.30069467425346375	0.25455066561698914	0.12691479921340942	0.0767659991979599	0.00134280975908041	0.2397310435771942
cg9s187	shot heard round the world	data/processed/pro_fakeddit/images/cg9s187.jpg	4	0	False	0.401163674890995	0.061040072701871395	0.401163674890995	0.34012360218912363	0.09504165127873421	0.022074558306485415	0.1347393496762379	0.006857178290374577	False	True	0.28055325150489807	0.44024431705474854	0.08675523847341537	0.010454041883349419	0.17949089407920837	0.0025022695772349834	True	0.7629949450492859	0.03976145759224892	0.1199008896946907	0.0569361075758934	0.00048471646732650697	0.019921904429793358
11xasn	mitt romney gives the crowd a thumbs up after the debate	data/processed/pro_fakeddit/images/11xasn.jpg	0	1	False	0.40096356347203255	0.0857551908120513	0.31520837265998125	0.40096356347203255	0.2083973075641552	0.026073572458699346	0.006687188717478421	0.04266999941319227	False	True	0.4194967746734619	0.22610823810100555	0.2776705324649811	0.03353077173233032	0.008754192851483822	0.03443941846489906	True	0.002343166619539261	0.9255295395851135	0.0005776328616775572	0.0037019746378064156	0.00048617631546221673	0.0673617422580719
5hznyi	if you worked as hard and fast as a jap wed smash tokio a lot quicker usa	data/processed/pro_fakeddit/images/5hznyi.jpg	5	1	False	0.40055041015148163	0.08886761590838432	0.3116827942430973	0.40055041015148163	0.1403540875762701	0.04427393805235624	0.0732974733109586	0.02984123956412077	False	True	0.23354677855968475	0.47386249899864197	0.14567825198173523	0.03672817721962929	0.09717340022325516	0.013010811060667038	True	0.546090841293335	0.1806141436100006	0.12438159435987473	0.06691122055053711	0.001669692574068904	0.08033252507448196
3lwihh	the truth about student loans	data/processed/pro_fakeddit/images/3lwihh.jpg	1	0	False	0.4002084359526634	0.18348931545187952	0.4002084359526634	0.05340553680434823	0.1561076771467924	0.15026799589395523	0.2167191205007839	0.023291278863325715	False	True	0.4205990731716156	0.0626724511384964	0.19119971990585327	0.02657279372215271	0.2889043092727661	0.010051730088889599	True	0.3390365242958069	0.025604793801903725	0.05083154886960983	0.5213536024093628	0.0001635541848372668	0.06300992518663406
cyoqzdh	something something oscar pistorius	data/processed/pro_fakeddit/images/cyoqzdh.jpg	4	2	False	0.399064838886261	0.10006812959909439	0.2989967092871666	0.0539760054089129	0.399064838886261	0.018317940644919872	0.14584285265300423	0.083801643922925	False	True	0.26450061798095703	0.017003444954752922	0.47137096524238586	0.011265095323324203	0.19433504343032837	0.04152483493089676	True	0.4024849832057953	0.16489368677139282	0.18214645981788635	0.03947647660970688	0.00036628032103180885	0.2106320708990097
5atqir	manor park ive got a screwdriver and a few minutes	data/processed/pro_fakeddit/images/5atqir.jpg	1	2	False	0.3990301415324211	0.008449651300907135	0.390580490231514	0.019088122993707657	0.3990301415324211	0.027233474887907505	0.1596876016119495	0.004380145255709067	False	True	0.29164373874664307	0.018314020708203316	0.45430052280426025	0.022680629044771194	0.21221601963043213	0.0008450326276943088	True	0.6873907446861267	0.02141042985022068	0.2332189977169037	0.04089201241731644	0.002102347556501627	0.014985483139753342
cljxk3	saw this cloud casting a big shadow on the ground	data/processed/pro_fakeddit/images/cljxk3.jpg	0	4	False	0.3982047322206199	0.12244023708626628	0.27576449513435364	0.005726042320020497	0.2692919820547104	0.007926111051347107	0.3982047322206199	0.04308664979180321	False	True	0.20686039328575134	0.0020230873487889767	0.2612256109714508	0.001288342522457242	0.5251820087432861	0.003420573892071843	True	0.4824768006801605	0.016834907233715057	0.29349109530448914	0.0278394166380167	0.01727290265262127	0.16208487749099731
1evsbv	my big brother a wounded iraq veteran and his family were just given a mortgagefree home estimated at	data/processed/pro_fakeddit/images/1evsbv.jpg	0	3	False	0.3961236486211419	0.1476217769086361	0.20017555262893438	0.24850187171250582	0.06617802754044533	0.3961236486211419	0.0008008111908566207	0.08822012320160866	False	True	0.031453926116228104	0.3156413435935974	0.043191030621528625	0.5102981328964233	0.0008848804282024503	0.09853073209524155	True	0.7063404321670532	0.04708345606923103	0.13513901829719543	0.05360019579529762	0.0005486034788191319	0.05728829652070999
dcpkm6d	how drunk are you right now	data/processed/pro_fakeddit/images/dcpkm6d.jpg	4	0	False	0.39603957161307335	0.07293062657117844	0.39603957161307335	0.25596669781953096	0.3231089450418949	0.0069608495105057955	0.011828889356365835	0.006095026095863432	False	True	0.2371826320886612	0.3348325490951538	0.4006985127925873	0.004653568379580975	0.0157628133893013	0.006869917269796133	True	0.8726103901863098	0.01936914399266243	0.09034024178981781	0.013882692903280258	2.7117257559439167e-05	0.0037703525740653276
8embki	plantation owner destitute after the seizure of his holdings	data/processed/pro_fakeddit/images/8embki.jpg	2	4	False	0.3952282940299483	0.1823308815510245	0.2128974124789238	0.07316251925658435	0.20231409184634686	0.11457684927154332	0.3952282940299483	0.0018208266264991835	False	True	0.20768865942955017	0.006818166468292475	0.2553294003009796	0.003179871942847967	0.5268685817718506	0.0001153023331426084	True	0.22852367162704468	0.27219557762145996	0.04326816648244858	0.4487677812576294	0.00030743080424144864	0.006937399506568909
68f2wt	reddit alien is holding a christian monk in his right hand from redditgifts	data/processed/pro_fakeddit/images/68f2wt.jpg	2	1	False	0.3949895650148392	0.12256956100463867	0.2724200040102005	0.3949895650148392	0.2395533211529255	0.005216596298851073	0.031647604424506426	0.056172944605350494	False	True	0.253591388463974	0.3879920244216919	0.27463653683662415	0.00469862250611186	0.025260934606194496	0.05382055044174194	True	0.32890585064888	0.415982186794281	0.13430367410182953	0.00677051767706871	0.050807613879442215	0.06323012709617615
4de49a	ive been thinking of buying shoes sizes online	data/processed/pro_fakeddit/images/4de49a.jpg	3	2	False	0.3946189694106579	0.09516061469912529	0.2994583547115326	0.015146546007599682	0.3946189694106579	0.24228530377149582	0.03865985115771764	0.009830953436903656	False	True	0.1603633165359497	0.019548680633306503	0.48159652948379517	0.28101620078086853	0.051491931080818176	0.005983325187116861	True	0.7167434692382812	0.0019401421304792166	0.13368628919124603	0.12609261274337769	0.0001636113884160295	0.021373838186264038
5z6sc2	kid in cardboard knights armor	data/processed/pro_fakeddit/images/5z6sc2.jpg	0	4	False	0.39432886242866516	0.10171519964933395	0.2926136627793312	0.05006445455364883	0.17516828700900078	0.07778210146352649	0.39432886242866516	0.010042686946690083	False	True	0.2969647943973541	0.012727179564535618	0.17827600240707397	0.027610281482338905	0.4746207892894745	0.009801019914448261	True	0.27956026792526245	0.16207627952098846	0.1658451408147812	0.22829756140708923	0.15345308184623718	0.010767688043415546
3he464	lac des cheserys massif des aiguilles rouges france	data/processed/pro_fakeddit/images/3he464.jpg	0	4	False	0.39417816884815693	0.11666854284703732	0.2775096260011196	0.03376770059549017	0.12400478590279818	0.09297328814864159	0.39417816884815693	0.07756640831939876	False	True	0.32813945412635803	0.00040947450906969607	0.14798587560653687	0.018699541687965393	0.5004960894584656	0.0042695412412285805	True	0.12562014162540436	0.1338423788547516	0.05206151679158211	0.31579452753067017	0.07522440701723099	0.2974570095539093
7vz4np	the koreans who cheer for other countries its just sports its okay to support other countries and other athletes says founder of strong group dedicated to cheering nonlocal teams	data/processed/pro_fakeddit/images/7vz4np.jpg	0	2	False	0.3916751332581043	0.023010913282632828	0.3686642199754715	0.10644217999652028	0.3916751332581043	0.08916712552309036	0.014251563896323205	0.02979970641899854	False	True	0.43552857637405396	0.02362344227731228	0.4527381658554077	0.06244274973869324	0.01897941529750824	0.006687553133815527	True	0.16807115077972412	0.3548983931541443	0.20848603546619415	0.16934025287628174	6.800969276810065e-05	0.09913616627454758
75srzq	rare picture of adolf hitler without his mustache	data/processed/pro_fakeddit/images/75srzq.jpg	2	0	False	0.3913482576608658	0.025119490921497345	0.3913482576608658	0.10332341608591378	0.36622876673936844	0.03124735620804131	0.09920667740516365	0.00864544021897018	False	True	0.2902294993400574	0.13411881029605865	0.3971554934978485	0.03749966621398926	0.1310286968946457	0.009967733174562454	True	0.694704532623291	0.010937233455479145	0.2734485864639282	0.012490426190197468	0.0037406189367175102	0.0046785613521933556
4pj0v7	us militarys satellitelaunching xs space plane will eventually be able to take close pictures of something moving	data/processed/pro_fakeddit/images/4pj0v7.jpg	3	4	False	0.3908636966953054	0.19970026111695915	0.08812217228114605	0.13259846715664025	0.19116343557834625	0.012185085797682405	0.3908636966953054	0.18506715632975101	False	True	0.10330763459205627	0.000894953787792474	0.23880532383918762	0.01272891741245985	0.5194453597068787	0.12481784075498581	True	0.042565785348415375	0.5277090072631836	0.048237770795822144	0.010553590953350067	0.005118707660585642	0.36581510305404663
bcpsum	dogs cant eat chocolate revealed to be some shit cats made up	data/processed/pro_fakeddit/images/bcpsum.jpg	1	2	False	0.3902117069810629	0.1232866554055363	0.2362949252128601	0.03236257703974843	0.3902117069810629	0.011088643106631935	0.2669250515755266	0.06311704777181149	False	True	0.08824890851974487	0.024761715903878212	0.47921040654182434	0.006011952180415392	0.3549058437347412	0.046861134469509125	True	0.6804329752922058	0.055165160447359085	0.12321560829877853	0.026318715885281563	0.0029826750978827477	0.11188478767871857
9bun0x	my watering handle flipped out of the tomato plant and began watering the serrano	data/processed/pro_fakeddit/images/9bun0x.jpg	0	2	False	0.38992431201040745	0.13072255859151483	0.2592017534188926	0.19237590674310923	0.38992431201040745	0.029101897729560733	0.08872483135201037	0.040671324357390404	False	True	0.34024935960769653	0.008896421641111374	0.5001155734062195	0.013515681959688663	0.11689046770334244	0.020332559943199158	True	0.01605893485248089	0.7428143620491028	0.059350527822971344	0.07586054503917694	0.004227922298014164	0.10168761759996414
5ug84s	michael moore cease all congressional business until trumps potentially traitorous actions probed	data/processed/pro_fakeddit/images/5ug84s.jpg	0	2	False	0.3898638386745006	0.10543085378594697	0.2117997626774013	0.2844329848885536	0.3898638386745006	0.06229966087266803	0.0003173445675201947	0.05128635745495558	False	True	0.2810496389865875	0.09666767716407776	0.5194947719573975	0.07524646073579788	0.00040189005085267127	0.027139510959386826	True	0.004050133749842644	0.8477289080619812	0.0009710388258099556	0.023459261283278465	6.370811752276495e-05	0.12372689694166183
9avs93	a squirrel holding out its arms	data/processed/pro_fakeddit/images/9avs93.jpg	0	2	False	0.3896728679537773	0.11676817387342453	0.2729046940803528	0.16532237827777863	0.3896728679537773	0.029415813507512212	0.09578465856611729	0.04689954128116369	False	True	0.3145831823348999	0.1732495278120041	0.35788238048553467	0.013057476840913296	0.10645677894353867	0.03477059677243233	True	0.14786922931671143	0.14154092967510223	0.48504433035850525	0.07849082350730896	0.06376829743385315	0.08328637480735779
cb7m5j	the sand in this frame settled in a satisfying way	data/processed/pro_fakeddit/images/cb7m5j.jpg	0	4	False	0.3896627902286127	0.05064958625007421	0.3390132039785385	0.0005027535371482372	0.24996084906160831	0.00470870005665347	0.3896627902286127	0.016151670832186937	False	True	0.3652665317058563	0.00026219349820166826	0.0942758247256279	0.00512885395437479	0.5181680917739868	0.016898468136787415	True	0.2602532207965851	0.0012244336539879441	0.7170159220695496	0.0034482383634895086	0.004146885592490435	0.013911278918385506
dcqi76	this menu has an option to order a beer for the kitchen staff	data/processed/pro_fakeddit/images/dcqi76.jpg	0	3	False	0.38841383904218674	0.07048773393034935	0.25778963789343834	0.017827675212174654	0.3179261051118374	0.38841383904218674	0.0025134673278444097	0.015529264928773046	False	True	0.26315540075302124	0.017203833907842636	0.3745467960834503	0.32366105914115906	0.0033368589356541634	0.01809602417051792	True	0.24169234931468964	0.019699199125170708	0.1480640321969986	0.5826721787452698	4.329250441514887e-05	0.007828987203538418
7nty7n	im a baby boomer im banning rick morty enthusiasts that he needs the be on the man who oversaw the distribution of iqs	data/processed/pro_fakeddit/images/7nty7n.jpg	3	0	False	0.38760801777243614	0.06933367997407913	0.38760801777243614	0.318274337798357	0.10071530006825924	0.037968921940773726	0.14485879185576778	0.010574673855444416	False	True	0.45336058735847473	0.20361672341823578	0.11975982040166855	0.028398150578141212	0.1931317150592804	0.001733051729388535	True	0.19035030901432037	0.6622471809387207	0.04358173906803131	0.06668123602867126	4.002224522992037e-05	0.03709954023361206
1dndu6	a girl holding an umbrella	data/processed/pro_fakeddit/images/1dndu6.jpg	0	2	False	0.38637662678956985	0.003848198801279068	0.3825284279882908	0.014769688656087965	0.38637662678956985	0.01479386305436492	0.19726179784629494	0.004269589262548834	False	True	0.4568312168121338	0.018970536068081856	0.25621095299720764	0.004396861419081688	0.2609320878982544	0.002658350160345435	True	0.15962006151676178	0.0021671464201062918	0.7768736481666565	0.045984867960214615	0.0062509276904165745	0.009103306569159031
2q95cz	my year old italian friend flying his kite	data/processed/pro_fakeddit/images/2q95cz.jpg	0	4	False	0.3856234692502767	0.03175699640996754	0.35386647284030914	0.007648712955415249	0.24377746880054474	0.004481198848225176	0.3856234692502767	0.004602671921020374	False	True	0.18141955137252808	0.007340768352150917	0.2948700785636902	0.0030891099013388157	0.5114536881446838	0.0018268191488459706	True	0.8712072372436523	0.008572546765208244	0.0904996395111084	0.008657465688884258	0.008132812567055225	0.012930230237543583
1j9qjh	at least six times this week customers at tim hortons restaurants have paid for their own cups of coffee and cups of brew for the next or more people in line	data/processed/pro_fakeddit/images/1j9qjh.jpg	0	2	False	0.385551193729043	0.09455571696162224	0.29099547676742077	0.11949942912906408	0.385551193729043	0.04183093016035855	0.006063957946025766	0.15605896711349487	False	True	0.35488054156303406	0.01728617027401924	0.4808865487575531	0.01269939448684454	0.00800146721303463	0.12624581158161163	True	0.0993402823805809	0.4261392056941986	0.09954512864351273	0.12922553718090057	0.00025143014499917626	0.2454984337091446
c71uoiv	making tennis even better	data/processed/pro_fakeddit/images/c71uoiv.jpg	4	0	False	0.3853817954659462	0.05540782958269119	0.3853817954659462	0.18274374725297093	0.329973965883255	0.06840793276205659	0.019081921971519478	0.014410577481612563	False	True	0.3405897319316864	0.23900693655014038	0.37533998489379883	0.006851239129900932	0.025278359651565552	0.012933683581650257	True	0.5197579860687256	0.013954179361462593	0.19387590885162354	0.25307801365852356	0.0004926089313812554	0.01884125918149948
ar7xey	my chinese textbook knows politics	data/processed/pro_fakeddit/images/ar7xey.jpg	0	2	False	0.3847574358806014	0.16806610231287777	0.1413486790843308	0.19192436849698424	0.3847574358806014	0.21669133356772363	0.0006912371827638708	0.0645868806168437	False	True	0.18177029490470886	0.009730683639645576	0.49866729974746704	0.28460827469825745	0.000880812993273139	0.024342570453882217	True	0.020083831623196602	0.7385054230690002	0.0430278442800045	0.012940510176122189	0.00012250975123606622	0.18531981110572815
141bbl	five hospitalised and two charged in gympie after neighbourhood brawl over ownership of a cat	data/processed/pro_fakeddit/images/141bbl.jpg	0	3	False	0.38318150117993355	0.15247954614460468	0.14727119356393814	0.14626555144786835	0.23070195503532887	0.38318150117993355	0.001552907211589627	0.09102689661085606	False	True	0.0472855269908905	0.12640692293643951	0.28257232904434204	0.4543059170246124	0.0007421030313707888	0.08868717402219772	True	0.44722819328308105	0.20584143698215485	0.07509083300828934	0.1698082536458969	0.0039853197522461414	0.09804606437683105
8gqzbs	when this high schooler asked emma stone to be his date to prom she said yes but then got so trashed in the limo on the way there that she didnt even make it into the dance	data/processed/pro_fakeddit/images/8gqzbs.jpg	1	4	False	0.38194971630582586	0.04527746239909902	0.33667225390672684	0.027128546265885234	0.21113461628556252	0.033143655862659216	0.38194971630582586	0.009971235354896635	False	True	0.2023962438106537	0.010792710818350315	0.23945601284503937	0.03535427153110504	0.5088483691215515	0.003152405144646764	True	0.7395002841949463	0.07613605260848999	0.12617042660713196	0.02651180885732174	0.0012537578586488962	0.030427725985646248
rgigz	running out of beer at a girls birthday party resulted in gunfire one dead seven others hurt	data/processed/pro_fakeddit/images/rgigz.jpg	0	3	False	0.38159472588449717	0.08594732917845249	0.24062361475080252	0.2956473967060447	0.028038714546710253	0.38159472588449717	0.0007512415686505847	0.05334426392801106	False	True	0.026505697518587112	0.3880956768989563	0.023313870653510094	0.49391937255859375	0.0009524535271339118	0.06721285730600357	True	0.8829773664474487	0.0183025561273098	0.04221324622631073	0.04462078586220741	0.00014760569320060313	0.011738483794033527
6w70a2	jessica finally found the source of the noisy bitches on the job and gets right to the yard	data/processed/pro_fakeddit/images/6w70a2.jpg	3	4	False	0.3813202519522747	0.12463113931880798	0.2566891126334667	0.0376981133595109	0.2395601086318493	0.04790141526609659	0.3813202519522747	0.036831018049269915	False	True	0.1321972757577896	0.03901004418730736	0.22974227368831635	0.04709896072745323	0.5081461071968079	0.04380536824464798	True	0.630164623260498	0.03376232087612152	0.2690136134624481	0.05030877888202667	0.000842686218675226	0.01590796746313572
c6edq0q	subtle but never fails to amuse me	data/processed/pro_fakeddit/images/c6edq0q.jpg	4	2	False	0.37700338661670685	0.07395465299487114	0.3030487336218357	0.10503475781297311	0.37700338661670685	0.0990703561110422	0.025305866137841804	0.09053689904976636	False	True	0.16634945571422577	0.1387520432472229	0.4112659990787506	0.13042457401752472	0.033731188625097275	0.11947675794363022	True	0.7131465673446655	0.0038829015102237463	0.27421554923057556	0.005007702391594648	2.989867607539054e-05	0.0037173223681747913
4wb43d	city of fairfax mayor arrested in methforsex bust police say	data/processed/pro_fakeddit/images/4wb43d.jpg	0	3	False	0.37562450766563416	0.048241603188216686	0.13779141195118427	0.12112514721229672	0.32738290447741747	0.37562450766563416	0.013886816894228105	0.024189253570511937	False	True	0.11922150105237961	0.02683170698583126	0.4220304489135742	0.4034750163555145	0.018404899165034294	0.010036475025117397	True	0.19350114464759827	0.4040054678916931	0.04344027116894722	0.29207298159599304	0.0003325700818095356	0.06664758920669556
axvxee	this crab in the seafood section of the supermarket is holding a seashell in its claw	data/processed/pro_fakeddit/images/axvxee.jpg	0	2	False	0.3728870330378413	0.13535778783261776	0.190224330406636	0.23752924520522356	0.3728870330378413	0.01787837641313672	0.08039265451952815	0.10108840651810169	False	True	0.2510070204734802	0.025501366704702377	0.48294633626937866	0.015381395816802979	0.10267724841833115	0.1224866658449173	True	0.007876260206103325	0.8736128807067871	0.042709123343229294	0.025369318202137947	0.013538872823119164	0.03689362853765488
c20jct	the trebek effect the benefits of well wishes	data/processed/pro_fakeddit/images/c20jct.jpg	0	2	False	0.3722752220928669	0.15501416102051735	0.21141890436410904	0.09830384701490402	0.3722752220928669	0.21726106107234955	0.008317610398080433	0.09242335986346006	False	True	0.23281791806221008	0.07855270802974701	0.4380599558353424	0.20333287119865417	0.011017278768122196	0.03621930256485939	True	0.1472218632698059	0.15755726397037506	0.17492102086544037	0.25904563069343567	0.00021860528795514256	0.2610355317592621
8r1lce	little girl with an evil grin	data/processed/pro_fakeddit/images/8r1lce.jpg	0	2	False	0.37221162021160126	0.06030138675123453	0.22684671729803085	0.06943329979549162	0.37221162021160126	0.012189060566015542	0.3119102334603667	0.007409069570712745	False	True	0.1827819049358368	0.001102882088162005	0.39450517296791077	0.0045246160589158535	0.4100726246833801	0.007012769114226103	True	0.35904115438461304	0.27442455291748047	0.30533096194267273	0.035182394087314606	0.017423059791326523	0.008597970940172672
catkmz	this bottle of vo from in a relatives actively usef shower	data/processed/pro_fakeddit/images/catkmz.jpg	0	2	False	0.3715187907218933	0.011107243597507477	0.36041154712438583	0.0050998779479414225	0.3715187907218933	0.07944391760975122	0.12601896029445925	0.05750687513500452	False	True	0.3325362503528595	0.001679999753832817	0.40696126222610474	0.025740887969732285	0.1679781973361969	0.06510336697101593	True	0.44403743743896484	0.015359512530267239	0.26519137620925903	0.24055300652980804	0.0001412491692462936	0.03471739962697029
sch2x	an antipornography film was banned due to pornographic content	data/processed/pro_fakeddit/images/sch2x.jpg	0	3	False	0.3710780069231987	0.09904511272907257	0.10065994039177895	0.05072801560163498	0.27203289419412613	0.3710780069231987	0.0076429887012636755	0.19785818783566356	False	True	0.07427237927913666	0.05861727520823479	0.33418092131614685	0.2667854130268097	0.010143115185201168	0.25600093603134155	True	0.1798226237297058	0.027060236781835556	0.08558881282806396	0.6839557886123657	0.00014260924945119768	0.02342994324862957
cur2q86	gaahhhh please stop yelling at me	data/processed/pro_fakeddit/images/cur2q86.jpg	4	0	False	0.37048351764678955	0.06793393194675446	0.37048351764678955	0.020877280738204718	0.3025495857000351	0.009079556912183762	0.2918422897291748	0.0051677359733730555	False	True	0.307745099067688	0.01782647706568241	0.2790876626968384	0.004689961671829224	0.38911569118499756	0.0015350589528679848	True	0.5586987733840942	0.030029691755771637	0.37293535470962524	0.022248342633247375	2.2085361706558615e-05	0.016065767034888268
ewr14oo	hang on friend ill save you	data/processed/pro_fakeddit/images/ewr14oo.jpg	4	2	False	0.3691220097243786	0.028886880521895364	0.2714826948940754	0.007979397661983967	0.3691220097243786	0.006629470968618989	0.3402351292024832	0.004551325837383047	False	True	0.09005914628505707	0.004362056031823158	0.4456217288970947	0.0013784626498818398	0.45308730006217957	0.005491354037076235	True	0.8157533407211304	0.018831422552466393	0.13962285220623016	0.022382495924830437	0.0016786166233941913	0.0017312412383034825
drhov0g	a dog or two spirits looking at each other	data/processed/pro_fakeddit/images/drhov0g.jpg	4	2	False	0.3689276985824108	0.12020865827798843	0.24871904030442238	0.10971006285399199	0.3689276985824108	0.12051043286919594	0.05630521755665541	0.09582756739109755	False	True	0.16634945571422577	0.1387520432472229	0.4112659990787506	0.13042457401752472	0.033731188625097275	0.11947675794363022	True	0.4958277940750122	0.02258412167429924	0.24191279709339142	0.0907680094242096	0.1240273043513298	0.024879995733499527
c6xua9h	its actually camouflage	data/processed/pro_fakeddit/images/c6xua9h.jpg	4	2	False	0.36866822093725204	0.052497200667858124	0.3161710202693939	0.02464764576870948	0.36866822093725204	0.06436349265277386	0.21318329505447764	0.012966292444616556	False	True	0.16887187957763672	0.032129622995853424	0.4259917438030243	0.07369414716959	0.28404703736305237	0.015265551395714283	True	0.7580684423446655	0.002201714087277651	0.1966976523399353	0.03637152910232544	0.0005920681287534535	0.006068515591323376
4njcm8	official map finds zikatransmitting mosquitoes in much of us	data/processed/pro_fakeddit/images/4njcm8.jpg	0	2	False	0.36866307258605957	0.06389537826180458	0.304767694324255	0.034330673050135374	0.36866307258605957	0.0960195790976286	0.018627199402544647	0.17759180068969727	False	True	0.22651739418506622	0.03644474595785141	0.46853429079055786	0.05726546794176102	0.024607501924037933	0.18663063645362854	True	0.5395185947418213	0.027988454326987267	0.0690494179725647	0.21228191256523132	0.0006862918380647898	0.15047529339790344
cjwxtj	the shadow this streetlight throws looks digitalised	data/processed/pro_fakeddit/images/cjwxtj.jpg	0	2	False	0.36747685074806213	0.036857716739177704	0.27279138565063477	0.0008627438946859911	0.36747685074806213	0.022258242592215538	0.33061913400888443	0.005991675076074898	False	True	0.3226863443851471	0.000586971000302583	0.38271597027778625	0.020016750320792198	0.2694602906703949	0.00453369552269578	True	0.12310650944709778	0.0016900625778362155	0.32175949215888977	0.028982719406485558	0.514095664024353	0.010365613736212254
b774vx	this classic compilation of childrens cartoons is not suitable for children	data/processed/pro_fakeddit/images/b774vx.jpg	0	1	False	0.36718690395355225	0.08673398941755295	0.2804529145359993	0.36718690395355225	0.09477473329752684	0.19672963209450245	0.002945162239484489	0.057910588569939137	False	True	0.2366461455821991	0.3204718232154846	0.1200067475438118	0.2457885593175888	0.003193216398358345	0.07389340549707413	True	0.4118732213973999	0.5073321461677551	0.01907869055867195	0.04955285042524338	0.0022009997628629208	0.009962137788534164
c7g0niq	what i was expecting to see	data/processed/pro_fakeddit/images/c7g0niq.jpg	4	2	False	0.3660284951329231	0.027473069727420807	0.3385554254055023	0.0075739443200291134	0.3660284951329231	0.004921181534882635	0.28068120990428724	0.002239767083665356	False	True	0.3146732449531555	0.010030888020992279	0.2967506945133209	0.002897023456171155	0.37418118119239807	0.0014670077944174409	True	0.4102019667625427	0.0002031132171396166	0.5738618969917297	0.010993655771017075	0.00018129603995475918	0.0045580449514091015
6xspe9	someone broke into his home ignored the electronics and stole legos worth	data/processed/pro_fakeddit/images/6xspe9.jpg	0	4	False	0.36451788946214947	0.031099963478482096	0.3334179259836674	0.03698980435729027	0.14723333716392517	0.04480869323015213	0.36451788946214947	0.07303230697289109	False	True	0.19975773990154266	0.04552508890628815	0.1395152360200882	0.039561595767736435	0.48598361015319824	0.08965665847063065	True	0.7343984842300415	0.01138395071029663	0.1703876405954361	0.060549985617399216	0.00012072738900315017	0.023159252479672432
cjd3ky	virginia governor announces plan to make early childhood education accessible to atrisk preschoolers crosspost rvirginia	data/processed/pro_fakeddit/images/cjd3ky.jpg	0	2	False	0.36370779294520617	0.053547545336186886	0.3101602476090193	0.07049258193001151	0.36370779294520617	0.08715798519551754	0.017176452893181704	0.15130486758425832	False	True	0.3724612295627594	0.031040431931614876	0.4684273302555084	0.07506747543811798	0.022613752633333206	0.030389701947569847	True	0.12325730174779892	0.18884903192520142	0.04954918101429939	0.12342951446771622	0.0008645536727271974	0.5140503644943237
2jjvm7	ellen degeneres is very generous donation to help nfl players daughter fight cancer	data/processed/pro_fakeddit/images/2jjvm7.jpg	0	2	False	0.362421914935112	0.09812626242637634	0.1598566398024559	0.09721575304865837	0.362421914935112	0.26429565250873566	0.017265308517380618	0.09894472174346447	False	True	0.12254789471626282	0.09248370677232742	0.43503302335739136	0.2585289478302002	0.022810105234384537	0.06859631091356277	True	0.27178287506103516	0.11141189187765121	0.14458858966827393	0.28159576654434204	0.00063091836636886	0.18998995423316956
4o1aqr	tn state rep to give away ars at fundraiser	data/processed/pro_fakeddit/images/4o1aqr.jpg	0	3	False	0.3610486015677452	0.00891302339732647	0.18356891348958015	0.04159651743248105	0.35213557817041874	0.3610486015677452	0.010047676500107627	0.05160273425281048	False	True	0.11267323791980743	0.016962839290499687	0.44430941343307495	0.37648189067840576	0.013295593671500683	0.036277055740356445	True	0.3962559401988983	0.11549755185842514	0.0756140723824501	0.31474873423576355	0.00030392498592846096	0.09757976979017258
35lgng	woman survives off own breast milk	data/processed/pro_fakeddit/images/35lgng.jpg	0	1	False	0.3605846730642952	0.0960347923100926	0.22200397867709398	0.3605846730642952	0.06479955650866032	0.2645498807542026	0.0021215684391791	0.08594038430601358	False	True	0.03906821832060814	0.479947566986084	0.021995164453983307	0.34508028626441956	0.002558921929448843	0.11134988069534302	True	0.7708112597465515	0.002495991298928857	0.19321273267269135	0.02295866422355175	0.0008095079683698714	0.009711895138025284
b7hx41	the vegetables false advertising	data/processed/pro_fakeddit/images/b7hx41.jpg	1	5	False	0.3597370758652687	0.07302659749984741	0.111524130217731	0.06521015567705035	0.2867104783654213	0.1305652353912592	0.0462529023134266	0.3597370758652687	False	True	0.048476312309503555	0.08223041892051697	0.2991463243961334	0.055800311267375946	0.06153372675180435	0.4528128504753113	True	0.30066758394241333	0.014149365946650505	0.2494029402732849	0.35486000776290894	0.0004104289982933551	0.08050975203514099
73wq77	the atomic bomb little boy just above the town of hiroshima	data/processed/pro_fakeddit/images/73wq77.jpg	2	0	False	0.35901252180337906	0.013350671157240868	0.35901252180337906	0.026418882771395147	0.24713174998760223	0.011978560767602175	0.3456618506461382	0.009796447557164356	False	True	0.26020702719688416	0.002570700366050005	0.27787578105926514	0.0033712296281009912	0.4547695815563202	0.0012057205894961953	True	0.6554290056228638	0.09796342998743057	0.15489965677261353	0.03780055418610573	0.018338657915592194	0.03556862846016884
95mvmx	new york congressman arrested on insider trading charges	data/processed/pro_fakeddit/images/95mvmx.jpg	0	5	False	0.35815809294581413	0.05596412718296051	0.0489367856644094	0.3021939657628536	0.03594670910388231	0.2543594278395176	0.0004050473762617912	0.35815809294581413	False	True	0.02301250584423542	0.3873071074485779	0.021344494074583054	0.11158423125743866	0.0004855161241721362	0.4562661945819855	True	0.12670962512493134	0.04685454070568085	0.07975335419178009	0.6826850175857544	0.0001636411325307563	0.06383378803730011
19izgm	moms strip to finance school bus for children	data/processed/pro_fakeddit/images/19izgm.jpg	0	2	False	0.35814882442355156	0.13286276916915085	0.17076635174453259	0.0354010674636811	0.35814882442355156	0.1407349444925785	0.2252860552544007	0.06966273114085197	False	True	0.09344980865716934	0.011157476343214512	0.4214184284210205	0.09379838407039642	0.3001537024974823	0.0800221636891365	True	0.4027159810066223	0.10813184082508087	0.16834001243114471	0.28154462575912476	0.0006831135251559317	0.03858443349599838
6iouao	despite many obstacles the world is getting better	data/processed/pro_fakeddit/images/6iouao.jpg	0	1	False	0.35793369729071856	0.07823241595178843	0.20616155210882425	0.35793369729071856	0.0869024246931076	0.061971819028258324	0.007329240252147429	0.27970128133893013	False	True	0.05274314805865288	0.46306777000427246	0.08540955930948257	0.07079654932022095	0.009587275795638561	0.3183957040309906	True	0.6664167642593384	0.04253147915005684	0.0913810208439827	0.03549762815237045	0.000555133621674031	0.16361801326274872
2smca9	blood covered turban from recent shootings	data/processed/pro_fakeddit/images/2smca9.jpg	2	0	False	0.35601906478405	0.10638676583766937	0.35601906478405	0.04362209443934262	0.24963229894638062	0.07979679515119642	0.21948041423456743	0.05144929187372327	False	True	0.39605915546417236	0.010007350705564022	0.27862149477005005	0.007061109412461519	0.2924543023109436	0.015796532854437828	True	0.23589879274368286	0.1444663256406784	0.16266471147537231	0.2980038523674011	0.0005587500054389238	0.1584075689315796
7oae4s	pat smear of the germspreforming live on stage with the washington grunge group nirvana	data/processed/pro_fakeddit/images/7oae4s.jpg	2	4	False	0.35528608541426365	0.03164911772546475	0.3236369676887989	0.2421291519422084	0.058165428519714624	0.017227493226528168	0.35528608541426365	0.0035548315790947527	False	True	0.42495137453079224	0.004653519950807095	0.07660114765167236	0.01917850598692894	0.4736368656158447	0.0009784848662093282	True	0.01969374716281891	0.9545560479164124	0.002858271123841405	0.011374454945325851	0.00023374480952043086	0.011283871717751026
c7zod5	storm over saint louis kinda looks like missouri	data/processed/pro_fakeddit/images/c7zod5.jpg	0	5	False	0.3549541160464287	0.03266140818595886	0.3222927078604698	0.021899859653785825	0.25214775279164314	0.043491806369274855	0.005213678028667346	0.3549541160464287	False	True	0.25916340947151184	0.01199356373399496	0.25563499331474304	0.04869977384805679	0.006534894462674856	0.41797325015068054	True	0.5116806030273438	0.05161874741315842	0.24168603122234344	0.02786790393292904	0.001250028726644814	0.1658967137336731
cz4vrs	this ladder near my school	data/processed/pro_fakeddit/images/cz4vrs.jpg	0	2	False	0.35469813644886017	0.05331724137067795	0.3013808950781822	0.055333225056529045	0.35469813644886017	0.060961063019931316	0.1881810026243329	0.03944560489617288	False	True	0.26769593358039856	0.014933429658412933	0.4316985309123993	0.03712854161858559	0.23786310851573944	0.010680382139980793	True	0.4024357795715332	0.17653261125087738	0.1236969530582428	0.1324586272239685	0.039134684950113297	0.12574127316474915
aur7nn	this tangle of cables look like a treble clef	data/processed/pro_fakeddit/images/aur7nn.jpg	0	2	False	0.35457301139831543	0.053544122725725174	0.30102888867259026	0.015958216972649097	0.35457301139831543	0.049263176042586565	0.14415621757507324	0.1350205410271883	False	True	0.3536945879459381	0.016001813113689423	0.3678441643714905	0.015014460310339928	0.16435422003269196	0.08309080451726913	True	0.1430317908525467	0.015827428549528122	0.3147595524787903	0.15200932323932648	0.0835622102022171	0.2908097505569458
57alug	henry waxman isnt done fighting with drug companies	data/processed/pro_fakeddit/images/57alug.jpg	0	2	False	0.35382591374218464	0.07645840384066105	0.1841989904642105	0.053402391728013754	0.35382591374218464	0.2773675099015236	0.0029723911229666555	0.12823282927274704	False	True	0.2000274360179901	0.015279488638043404	0.45657408237457275	0.25390419363975525	0.00392698310315609	0.07028785347938538	True	0.1367136538028717	0.1677711009979248	0.045581407845020294	0.3477574586868286	0.00010861518239835277	0.30206775665283203
bvh06x	the john candy joke that still makes steve martin cry	data/processed/pro_fakeddit/images/bvh06x.jpg	5	2	False	0.3520387455355376	0.11907578073441982	0.1027081673964858	0.23296296480111778	0.3520387455355376	0.083322883117944	0.21325358949343354	0.01571367308497429	False	True	0.11854362487792969	0.01175562385469675	0.4651113450527191	0.10493172705173492	0.2843290865421295	0.01532864198088646	True	0.05520179495215416	0.8965849876403809	0.012820946983993053	0.018496351316571236	2.7098347345599905e-05	0.016868766397237778
dek0p8	google took their d pictures in the middle of the demolition of this multilevel parking lot leaving just the remaning piece on the maps	data/processed/pro_fakeddit/images/dek0p8.jpg	0	2	False	0.3519652634859085	0.004515998065471649	0.34744926542043686	0.021812001563375816	0.3519652634859085	0.04488578368909657	0.2076508104801178	0.02623685449361801	False	True	0.4129681885242462	0.001356142689473927	0.28298425674438477	0.05499047785997391	0.24181438982486725	0.0058865025639534	True	0.1508924961090088	0.08317957818508148	0.5589082837104797	0.014571701176464558	0.10516007244586945	0.08728791028261185
cntkzk	pretreating tshirts for printing and the chemicals leaked to the other side in a smiley face	data/processed/pro_fakeddit/images/cntkzk.jpg	0	2	False	0.3503660876303911	0.08383297361433506	0.26653311401605606	0.17621696484275162	0.3503660876303911	0.08781217597424984	0.09994829446077347	0.019123438512906432	False	True	0.31650471687316895	0.008711523376405239	0.43942829966545105	0.09025658667087555	0.13032780587673187	0.014771153219044209	True	0.11661830544471741	0.6787332892417908	0.08317945152521133	0.08047894388437271	0.008809760212898254	0.0321802943944931
66p9kr	tesla recalls k cars over parking brake gear	data/processed/pro_fakeddit/images/66p9kr.jpg	0	3	False	0.3502250388264656	0.008660644292831421	0.3415643945336342	0.027145070489495993	0.1841980628669262	0.3502250388264656	0.010627255516737932	0.08624011650681496	False	True	0.2770479619503021	0.02734260819852352	0.18595756590366364	0.4133163094520569	0.014148490503430367	0.0821869820356369	True	0.5351136922836304	0.026552457362413406	0.17891955375671387	0.16095122694969177	6.355055666062981e-05	0.09839951992034912
d7vhf2	the roots of this tree form a vague image of che guevara	data/processed/pro_fakeddit/images/d7vhf2.jpg	0	2	False	0.3502056375145912	0.020310714840888977	0.32989492267370224	0.0032369438449677546	0.3502056375145912	0.0238530277274549	0.28540715330746025	0.007402330287732184	False	True	0.2938002347946167	0.00019673815404530615	0.3139323592185974	0.010326826944947243	0.378422349691391	0.0033214925788342953	True	0.43817898631095886	0.0123575609177351	0.45902547240257263	0.06443163007497787	0.00636156415566802	0.01964484341442585
6kcche	yearold boy invents a genius device to stop children dying in hot cars	data/processed/pro_fakeddit/images/6kcche.jpg	5	1	False	0.34956053271889687	0.12246531248092651	0.1999453604221344	0.34956053271889687	0.22709522023797035	0.02322771097533405	0.001298913535720203	0.19887227192521095	False	True	0.10745242238044739	0.4523247182369232	0.22214223444461823	0.00920670572668314	0.0003187192778568715	0.2085551917552948	True	0.47742417454719543	0.04126797616481781	0.24195417761802673	0.06529072672128677	0.004239496309310198	0.1698235124349594
50ey8s	professor hunger strikes against denial of tenure	data/processed/pro_fakeddit/images/50ey8s.jpg	0	3	False	0.3489157482981682	0.048448534682393074	0.3004672136157751	0.01778560073580593	0.2895487346686423	0.3489157482981682	0.007595545173899154	0.035687162075191736	False	True	0.35985493659973145	0.005349763203412294	0.37721356749534607	0.20763978362083435	0.010120331309735775	0.03982161730527878	True	0.1223040446639061	0.05509311333298683	0.026554236188530922	0.7727436423301697	2.1186766389291734e-05	0.02328379638493061
6muyes	family comforted by thought that mans death will prevent others from climbing war memorial to pretend to fuck horse	data/processed/pro_fakeddit/images/6muyes.jpg	1	4	False	0.348531435476616	0.035786300199106336	0.26767159439623356	0.029884808231145144	0.3127451352775097	0.036925122141838074	0.348531435476616	0.004241937887854874	False	True	0.10554175823926926	0.017392871901392937	0.3826468586921692	0.027226507663726807	0.4643394649028778	0.0028526154346764088	True	0.7540611028671265	0.06736061722040176	0.10303996503353119	0.06602096557617188	0.001107347197830677	0.00840990524739027
26zjoq	researchers find association between porn viewing and less grey matter in the brain	data/processed/pro_fakeddit/images/26zjoq.jpg	0	5	False	0.34821999073028564	0.014385804533958435	0.3338341861963272	0.03680163761600852	0.20841559395194054	0.03467679908499122	0.03805179597111419	0.34821999073028564	False	True	0.26771461963653564	0.030605459585785866	0.20811691880226135	0.01410718448460102	0.050608258694410324	0.4288475513458252	True	0.5321928858757019	0.05539017170667648	0.2093116194009781	0.0963856428861618	0.00038240780122578144	0.10633730888366699
7gj02x	grandmother believes in helping kids however you can help kids she is one of the countless grandparents whose soft spot for children translates into annual gifts to the portland press herald toy fund	data/processed/pro_fakeddit/images/7gj02x.jpg	0	3	False	0.34740636497735977	0.027183305472135544	0.1395544926635921	0.32022305950522423	0.1522994302213192	0.34740636497735977	0.0036019727122038603	0.036914697382599115	False	True	0.028216341510415077	0.3652512729167938	0.1410519778728485	0.41815924644470215	0.004525481723248959	0.04279569908976555	True	0.47356894612312317	0.18513841927051544	0.18604178726673126	0.13514772057533264	0.0008314456790685654	0.019271692261099815
1g56fn	xrays reveal lost aria in yrold opera considered one of the greatest composers of his time cherubini in an act of defiance to his critics blacked out the closing lines to make the piece shorter for centuries the piece has been played in its incomplete form	data/processed/pro_fakeddit/images/1g56fn.jpg	0	4	False	0.3471073897089809	0.05993893905542791	0.287168450653553	0.078886290313676	0.1379457749426365	0.12443088181316853	0.3471073897089809	0.024461227003484964	False	True	0.28454211354255676	0.010517246089875698	0.14126981794834137	0.08023475855588913	0.46112772822380066	0.02230834774672985	True	0.29504746198654175	0.2839934229850769	0.12797364592552185	0.2570192515850067	0.005046374164521694	0.030919864773750305
1ml9t6	pirate party crashes spy drone in front of german chancellor angela merkel	data/processed/pro_fakeddit/images/1ml9t6.jpg	0	2	False	0.34602354280650616	0.07284126989543438	0.2731822729110718	0.11983690410852432	0.34602354280650616	0.06066014524549246	0.15423320742411306	0.046063922345638275	False	True	0.2620443105697632	0.061116576194763184	0.42619824409484863	0.026728186756372452	0.20551465451717377	0.018398046493530273	True	0.30659615993499756	0.29599788784980774	0.10549943894147873	0.16245602071285248	0.00038886614493094385	0.12906154990196228
e1g2kg8	my first attempt at psbattling	data/processed/pro_fakeddit/images/e1g2kg8.jpg	4	2	False	0.34543345496058464	0.018706627190113068	0.3267268277704716	0.10682348627597094	0.34543345496058464	0.10356396902352571	0.0256002914684359	0.09185199881903827	False	True	0.16634945571422577	0.1387520432472229	0.4112659990787506	0.13042457401752472	0.033731188625097275	0.11947675794363022	True	0.807858943939209	0.011037815362215042	0.14793582260608673	0.022982154041528702	0.0012075999984517694	0.008977721445262432
4br3l1	president obama doing the tango	data/processed/pro_fakeddit/images/4br3l1.jpg	0	4	False	0.3441430884995498	0.08729574043536559	0.2568473480641842	0.2252303073182702	0.14407365024089813	0.012650847900658846	0.3441430884995498	0.01705468981526792	False	True	0.30330175161361694	0.055025260895490646	0.16466659307479858	0.008851971477270126	0.4579100012779236	0.01024432573467493	True	0.11748413741588593	0.7358454465866089	0.08229482173919678	0.024047477170825005	0.0028423501644283533	0.03748578205704689
bz6vdx	this erbert and gerberts has the time in cairo the local time and the time on venus	data/processed/pro_fakeddit/images/bz6vdx.jpg	0	2	False	0.3402606602758169	0.011161183938384056	0.32909947633743286	0.09259434114210308	0.3402606602758169	0.02181150671094656	0.11804759257938713	0.09818638861179352	False	True	0.37906041741371155	0.011056632734835148	0.4162989556789398	0.0135720856487751	0.15546360611915588	0.024548232555389404	True	0.1792166531085968	0.33720746636390686	0.11214577406644821	0.04652976989746094	0.005799551960080862	0.31910085678100586
bdkle1	israeli scientists unveil worlds first dprinted heart with human tissue	data/processed/pro_fakeddit/images/bdkle1.jpg	0	4	False	0.33995410229545087	0.06856321345549077	0.22999315336346626	0.009407532779732719	0.2713908888399601	0.061375824734568596	0.33995410229545087	0.08787849172949791	False	True	0.18655602633953094	0.0010492856381461024	0.20572207868099213	0.04801144450902939	0.452328622341156	0.10633251816034317	True	0.3603045344352722	0.03448227420449257	0.468397319316864	0.10146896541118622	0.0028305421583354473	0.03251641243696213
1qtwn4	leafs waffle man vows to strike again	data/processed/pro_fakeddit/images/1qtwn4.jpg	0	1	False	0.33985892683267593	0.025842268019914627	0.14932040870189667	0.33985892683267593	0.08099326957017183	0.3140166588127613	0.001785934749932494	0.11402484495192766	False	True	0.07832714915275574	0.37515512108802795	0.06053870543837547	0.3422282338142395	0.0023074510972946882	0.1414433866739273	True	0.36230018734931946	0.23397034406661987	0.1423569619655609	0.22938193380832672	0.00022138570784591138	0.031769219785928726
ch4xge	compete for preshedule completion of fiveyear plan compete in order not to let years of revolution down by astarchevsky ukranian ssr	data/processed/pro_fakeddit/images/ch4xge.jpg	5	4	False	0.3389535776077537	0.07592187139380258	0.1783270314335823	0.2630317062139511	0.08492578938603401	0.06653155572712421	0.3389535776077537	0.06823034724220634	False	True	0.19421012699604034	0.15947312116622925	0.09813597053289413	0.0778876394033432	0.45175105333328247	0.018542097881436348	True	0.1306777447462082	0.5737074613571167	0.045295245945453644	0.032463304698467255	0.0005611504311673343	0.2172950953245163
3mymv3	woman has benefits stopped because taxman believes she is having an affair with the post office	data/processed/pro_fakeddit/images/3mymv3.jpg	0	3	False	0.33887046575546265	0.07639707997441292	0.26247338578104973	0.06113255675882101	0.2205844558775425	0.33887046575546265	0.06605588577804156	0.05088320933282375	False	True	0.1626439243555069	0.04560624435544014	0.25405165553092957	0.39866599440574646	0.08794338256120682	0.05108874663710594	True	0.5619617700576782	0.10771149396896362	0.12018285691738129	0.1594838798046112	0.00039339542854577303	0.05026659741997719
7v03cq	socjus gamerghazi vs jontron	data/processed/pro_fakeddit/images/7v03cq.jpg	3	0	False	0.3378907726146281	0.0014343545772135258	0.3378907726146281	0.33645641803741455	0.10102119634393603	0.14090416533872485	0.054024810273404	0.02970267878845334	False	True	0.44638898968696594	0.1402098536491394	0.13344575464725494	0.1824055016040802	0.07198701053857803	0.025562958791851997	True	0.012396121397614479	0.92519611120224	0.003747521433979273	0.016400156542658806	0.00013820947788190097	0.04212183877825737
3k12vt	new map lets you wander hiroshima from a cats perspective	data/processed/pro_fakeddit/images/3k12vt.jpg	0	2	False	0.3377651609480381	0.005257893353700638	0.33250726759433746	0.02833136899425881	0.3377651609480381	0.09349411725997925	0.1898891365271993	0.018012960033956915	False	True	0.23782730102539062	0.00025905398069880903	0.3897610604763031	0.11909665912389755	0.2521548271179199	0.0009011037182062864	True	0.616547167301178	0.11254831403493881	0.1817774623632431	0.016686491668224335	0.003092064755037427	0.0693485289812088
85m658	family playing with the first generation of ipads	data/processed/pro_fakeddit/images/85m658.jpg	2	0	False	0.33696552366018295	0.006963048130273819	0.33696552366018295	0.08847525413148105	0.33000247552990913	0.006110297195846215	0.20827467273920774	0.03017178049776703	False	True	0.34573084115982056	0.008511886931955814	0.3750443458557129	0.00038521073292940855	0.2637624442577362	0.006565268617123365	True	0.31066957116127014	0.32836535573005676	0.19487686455249786	0.023285556584596634	0.04181135818362236	0.10099131613969803
3eso48	two charged with dui in same car	data/processed/pro_fakeddit/images/3eso48.jpg	0	5	False	0.3361087441444397	0.10778257995843887	0.22832616418600082	0.21844864450395107	0.09889533929526806	0.11121080815792084	0.007010287372395396	0.3361087441444397	False	True	0.1383124589920044	0.27272260189056396	0.09012230485677719	0.06283965706825256	0.009008212946355343	0.4269947409629822	True	0.4983672797679901	0.055626772344112396	0.12521444261074066	0.25632426142692566	0.0010165106505155563	0.06345075368881226
curep3	this bullseye barbecue sauce label that missed the mark	data/processed/pro_fakeddit/images/curep3.jpg	0	5	False	0.33605884574353695	0.045263445004820824	0.2907954007387161	0.007909941952675581	0.18670961633324623	0.1676519326865673	0.01087426845333539	0.33605884574353695	False	True	0.24946430325508118	0.007879897952079773	0.1661793738603592	0.14622321724891663	0.01435900665819645	0.41589421033859253	True	0.41478869318962097	0.008000073954463005	0.24830034375190735	0.23193807899951935	0.00042005383875221014	0.09655275195837021
6td0i1	nazis ecstatic trump refused to condemn white supremacist violence	data/processed/pro_fakeddit/images/6td0i1.jpg	0	1	False	0.3355419263243675	0.03685412183403969	0.29868780449032784	0.3355419263243675	0.14093522634357214	0.08039024844765663	0.0974994531052289	0.0469453816767782	False	True	0.21064935624599457	0.3964058756828308	0.17859040200710297	0.07208647578954697	0.12998589873313904	0.012282048352062702	True	0.5628031492233276	0.15295007824897766	0.02796969935297966	0.10530156642198563	4.0116221498465165e-05	0.15093538165092468
b5b9u0	russia withdraws from wwi after the russian revolution	data/processed/pro_fakeddit/images/b5b9u0.jpg	2	3	False	0.33475949615240097	0.04459955636411905	0.18518690951168537	0.07797720609232783	0.2901599397882819	0.33475949615240097	0.00041366132063558325	0.11150271631777287	False	True	0.10074075311422348	0.02594468928873539	0.3704577386379242	0.38170990347862244	0.0004288735508453101	0.12071795016527176	True	0.43852537870407104	0.23407475650310516	0.04926654323935509	0.19390827417373657	0.00036802463000640273	0.08385701477527618
8oav6q	your granny said sternly dont go anywhere without god but the bright light of science has proven there is no god antireligious poster ca	data/processed/pro_fakeddit/images/8oav6q.jpg	5	1	False	0.33449744433164597	0.058863699436187744	0.2756337448954582	0.33449744433164597	0.2526078810915351	0.012435046955943108	0.039762505562976	0.08506338950246572	False	True	0.28551629185676575	0.29389795660972595	0.3216857612133026	0.009250516071915627	0.05207131430506706	0.037578169256448746	True	0.24598610401153564	0.456295907497406	0.04537424072623253	0.02198863960802555	0.0028360793367028236	0.22751905024051666
18hj7z	rays relief pitcher peralta suffers sandwichrelated injury	data/processed/pro_fakeddit/images/18hj7z.jpg	0	2	False	0.3329773899167776	0.052527910098433495	0.2804494798183441	0.02734612114727497	0.3329773899167776	0.251917976886034	0.013087772982544266	0.09422122873365879	False	True	0.21245649456977844	0.022923626005649567	0.41798895597457886	0.2600371837615967	0.01739298552274704	0.06920071691274643	True	0.48442843556404114	0.040613606572151184	0.07794269174337387	0.227560356259346	0.00017213536193594337	0.16928276419639587
7kb0wt	george washington with his wig on	data/processed/pro_fakeddit/images/7kb0wt.jpg	2	0	False	0.332864623516798	0.06010008975863457	0.332864623516798	0.17167339101433754	0.27276453375816345	0.09982405044138432	0.10788097706972621	0.01499246759340167	False	True	0.24464590847492218	0.2208278626203537	0.2518984079360962	0.12062369287014008	0.14365679025650024	0.01834735833108425	True	0.5975207686424255	0.024209976196289062	0.33536291122436523	0.037425123155117035	0.0005535375094041228	0.004927795380353928
7kaj6o	international year of peace we want peace and call for a comprehensive and just settlement of the iraqiran war poster by rafa nasiry for the national council for peace and solidarity iraq	data/processed/pro_fakeddit/images/7kaj6o.jpg	5	4	False	0.3326895944774151	0.09436969459056854	0.06278970721177757	0.23831989988684654	0.15206939971540123	0.0862229522317648	0.3326895944774151	0.12790842168033123	False	True	0.08240686357021332	0.10735751688480377	0.2003760039806366	0.10566709190607071	0.4400126039981842	0.06417987495660782	True	0.003938238136470318	0.6312070488929749	0.007149586919695139	0.027890533208847046	0.010720565915107727	0.31909406185150146
ci4ynxb	murder loves killers too	data/processed/pro_fakeddit/images/ci4ynxb.jpg	4	2	False	0.3306764140725136	0.05089977756142616	0.2797766365110874	0.14370381832122803	0.3306764140725136	0.1245246808975935	0.02539541655278299	0.09592304471880198	False	True	0.16634945571422577	0.1387520432472229	0.4112659990787506	0.13042457401752472	0.033731188625097275	0.11947675794363022	True	0.6200581789016724	0.1585591435432434	0.08890765905380249	0.10682500153779984	0.0003881003358401358	0.025261905044317245
bn1f4u	did that ted bundy hacksaw moment really happen	data/processed/pro_fakeddit/images/bn1f4u.jpg	5	1	False	0.3295440711081028	0.09842668659985065	0.17555839382112026	0.3295440711081028	0.09636499732732773	0.16735294926911592	6.217564714461332e-05	0.23111738450825214	False	True	0.022311635315418243	0.40389153361320496	0.08080974221229553	0.21508753299713135	4.089178764843382e-05	0.2778586149215698	True	0.6352986693382263	0.10650168359279633	0.14303076267242432	0.024149198085069656	0.00012602722563315183	0.0908936932682991
2w44im	david axelrod obama thought yes we can was corny	data/processed/pro_fakeddit/images/2w44im.jpg	0	5	False	0.3289943113923073	0.027220916002988815	0.09742630645632744	0.30177339538931847	0.19315318716689944	0.07017260417342186	0.008480167012749007	0.3289943113923073	False	True	0.11495901644229889	0.16078312695026398	0.249285489320755	0.07136790454387665	0.011268761940300465	0.3923356235027313	True	0.044828176498413086	0.7247442007064819	0.024756280705332756	0.0665867030620575	0.000114382230094634	0.13897037506103516
9k5p2b	this chicken nugget dispenser at my campground	data/processed/pro_fakeddit/images/9k5p2b.jpg	0	2	False	0.3256296496838331	0.005216507241129875	0.2547023892402649	0.05534300464205444	0.3256296496838331	0.02322654682211578	0.32041314244270325	0.02068524365313351	False	True	0.1954556107521057	0.01062189880758524	0.4034818410873413	0.010853421874344349	0.3750019669532776	0.004585213027894497	True	0.43244272470474243	0.18950632214546204	0.09207307547330856	0.06034592166543007	0.15664666891098022	0.06898533552885056
2e578p	vote fire hydrant for mayor	data/processed/pro_fakeddit/images/2e578p.jpg	0	2	False	0.32412312272936106	0.09932583442423493	0.1953220907598734	0.11591840535402298	0.32412312272936106	0.12561818957328796	0.22479728830512613	0.01422089571133256	False	True	0.2245945781469345	0.019922763109207153	0.4155011773109436	0.025017499923706055	0.29807624220848083	0.016887729987502098	True	0.10750462859869003	0.40390533208847046	0.04998895898461342	0.4274202585220337	0.0049604265950620174	0.006220392882823944
8qtcd5	redemption this senior class really came together to plan the senior prank after dropping the ball on the fundraiser for a classmates surgery	data/processed/pro_fakeddit/images/8qtcd5.jpg	1	0	False	0.32352547720074654	0.07375686126761138	0.32352547720074654	0.24976861593313515	0.22481145220808685	0.023012390360236168	0.16405947849852964	0.014822592231212184	False	True	0.4231264591217041	0.012822232209146023	0.29669108986854553	0.02995879575610161	0.2182563692331314	0.019145051017403603	True	0.02472253143787384	0.9606077671051025	0.009172539226710796	0.002173174172639847	0.0014688062947243452	0.0018552158726379275
6v7v36	silverstrand beach were all going to die	data/processed/pro_fakeddit/images/6v7v36.jpg	1	2	False	0.323394438251853	0.0036644991487264633	0.3197299391031265	0.013126121135428548	0.323394438251853	0.011029995861463249	0.3159426569327479	0.01677683647722006	False	True	0.15722453594207764	0.008762718178331852	0.3976520001888275	0.0072194901295006275	0.4210834503173828	0.008057825267314911	True	0.8072461485862732	0.026216330006718636	0.10062175244092941	0.022461513057351112	0.0005202767788432539	0.0429338701069355
37bch9	chinese officials sent on prison tours as a warning against corruption	data/processed/pro_fakeddit/images/37bch9.jpg	0	3	False	0.32000893354415894	0.06056524161249399	0.14136146754026413	0.09502869937568903	0.25944369193166494	0.32000893354415894	0.0037771783408970805	0.18038004729896784	False	True	0.1395006626844406	0.11974793672561646	0.32955238223075867	0.1826733946800232	0.005004737991839647	0.2235209047794342	True	0.14694388210773468	0.020870987325906754	0.049117621034383774	0.7320155501365662	9.449938806938007e-05	0.05095747485756874
8egtar	fourth of listen im hearing voices	data/processed/pro_fakeddit/images/8egtar.jpg	1	2	False	0.3184268921613693	0.020425688475370407	0.2980012036859989	0.04962183418683708	0.3184268921613693	0.05310180864762515	0.26426174241350964	0.016586524434387684	False	True	0.22447745501995087	0.06476310640573502	0.33857640624046326	0.005645057652145624	0.3522309958934784	0.014306964352726936	True	0.5185724496841431	0.004198017530143261	0.2579783499240875	0.19547206163406372	0.0003539819736033678	0.023425204679369926
c7oq4rs	roll up one more big d o double g	data/processed/pro_fakeddit/images/c7oq4rs.jpg	4	2	False	0.3181132897734642	0.003195621073246002	0.3149176687002182	0.021596434526145458	0.3181132897734642	0.0335576836951077	0.3064197201456409	0.005395119020249695	False	True	0.16922956705093384	0.024506082758307457	0.3674347400665283	0.027153296396136284	0.40833693742752075	0.003339283401146531	True	0.7519819736480713	0.012867489829659462	0.17014893889427185	0.05277084559202194	0.0006680683000013232	0.011562625877559185
d564la	this vending machine that sells books on the underground in berlin	data/processed/pro_fakeddit/images/d564la.jpg	0	2	False	0.31730967853218317	0.11845430452376604	0.19885537400841713	0.14886996103450656	0.31730967853218317	0.1226988136768341	0.1645739791856613	0.047692191787064075	False	True	0.22792240977287292	0.023481646552681923	0.4038119912147522	0.09039181470870972	0.21900422871112823	0.03538788482546806	True	0.11165426671504974	0.5250349044799805	0.05780274048447609	0.21961981058120728	0.0012832306092604995	0.08460511267185211
1b6k64	russian exposed friend to radiation to render him immortal	data/processed/pro_fakeddit/images/1b6k64.jpg	0	5	False	0.31609442667104304	0.0029217249248176813	0.31317270174622536	0.27608365193009377	0.04762060474604368	0.04328421223908663	0.003744399844435975	0.31609442667104304	False	True	0.13538257777690887	0.3665708005428314	0.04355986788868904	0.02875010296702385	0.004938614089041948	0.42079806327819824	True	0.8465430736541748	0.004622206091880798	0.059802815318107605	0.08688654005527496	0.00016175711061805487	0.001983516849577427
6z1fdb	long live the dictatorship of the proletariat china	data/processed/pro_fakeddit/images/6z1fdb.jpg	5	2	False	0.30777116119861603	0.01354203000664711	0.2942291311919689	0.2642136514186859	0.30777116119861603	0.06370930001139641	0.027056390958023258	0.04302030894905329	False	True	0.202280655503273	0.2742869257926941	0.375245600938797	0.06409382075071335	0.03581412509083748	0.04827878251671791	True	0.5700745582580566	0.23399382829666138	0.10534784197807312	0.06255573779344559	0.0007831885595805943	0.027244888246059418
wvx40	a child plays between two cartoon military statues	data/processed/pro_fakeddit/images/wvx40.jpg	0	1	False	0.3077668733894825	0.07791251689195633	0.21510482185112778	0.3077668733894825	0.22092300761141814	0.011352783883921802	0.22985435649752617	0.014998202910646796	False	True	0.2864992916584015	0.2163398116827011	0.29415786266326904	0.014150473289191723	0.17092357575893402	0.017929034307599068	True	0.0009214124293066561	0.5820480585098267	0.0012184424558654428	0.0029597156681120396	0.4066466987133026	0.006205708719789982
60pyul	trump warns republican lawmakers to get behind healthcare bill	data/processed/pro_fakeddit/images/60pyul.jpg	0	5	False	0.30714480578899384	0.11853557452559471	0.182111706584692	0.10690374672412872	0.17474245838820934	0.18860923126339912	0.04048804149351781	0.30714480578899384	False	True	0.16990654170513153	0.11619539558887482	0.20572814345359802	0.19364672899246216	0.05389732867479324	0.2606258690357208	True	0.2187272012233734	0.07902880012989044	0.0817854031920433	0.17349673807621002	0.00026017994969151914	0.44670161604881287
3eywnc	katie hopkins proposes euthanasia vans as uk has far too many old people	data/processed/pro_fakeddit/images/3eywnc.jpg	0	2	False	0.3062656274996698	0.04512589564546943	0.26113973185420036	0.1460449080914259	0.3062656274996698	0.14265691675245762	0.00467948926234385	0.13921337202191353	False	True	0.2874974310398102	0.07033873349428177	0.4020652770996094	0.1556439846754074	0.006089542526751757	0.07836510241031647	True	0.1820666342973709	0.3731634318828583	0.018866678699851036	0.10369571298360825	0.00044932946912012994	0.3217581808567047
4ozt8b	woman pointing out track cyclists massive legs	data/processed/pro_fakeddit/images/4ozt8b.jpg	0	2	False	0.3051396422088146	0.0337311327457428	0.2714085094630718	0.11162811145186424	0.3051396422088146	0.007485004956834018	0.20237418072065338	0.10196458152495325	False	True	0.3379926085472107	0.01455618441104889	0.3590303361415863	0.0067899697460234165	0.2686649560928345	0.01296601165086031	True	0.07165621221065521	0.4028438925743103	0.14346756041049957	0.009570110589265823	0.0035018546041101217	0.36896029114723206
3jy56q	this school is switching to genderneutral bathrooms for all students not a single parent has complained about the change	data/processed/pro_fakeddit/images/3jy56q.jpg	0	2	False	0.3019454888999462	0.008971396833658218	0.292974092066288	0.14052055403590202	0.3019454888999462	0.0803246209397912	0.007210775973362615	0.17702454701066017	False	True	0.27033668756484985	0.17545269429683685	0.34961286187171936	0.02306206151843071	0.009591151960194111	0.17194463312625885	True	0.3608863055706024	0.035724133253097534	0.15894336998462677	0.2521122992038727	6.964801286812872e-05	0.19226428866386414
arud4u	mueller wins roger stone gag order moves to sentence manafort	data/processed/pro_fakeddit/images/arud4u.jpg	0	3	False	0.2935025654733181	0.06452583707869053	0.22580378642305732	0.22897672839462757	0.12865904124919325	0.2935025654733181	0.002511534079985722	0.12054634094238281	False	True	0.2938785254955292	0.08148261159658432	0.1697327047586441	0.3167874813079834	0.0033399839885532856	0.134778693318367	True	0.021579569205641747	0.6714590787887573	0.0054380507208406925	0.2236478179693222	2.6184354283032008e-05	0.07784928381443024
8wy0uu	the subways is flooded with water after the storm	data/processed/pro_fakeddit/images/8wy0uu.jpg	2	4	False	0.29345525056123734	0.02486848086118698	0.26858676970005035	0.09548724361229688	0.22643982619047165	0.08501854073256254	0.29345525056123734	0.031012293649837375	False	True	0.28910642862319946	0.00575230410322547	0.27652841806411743	0.029602263122797012	0.39019709825515747	0.008813426829874516	True	0.20702779293060303	0.3646920621395111	0.0761740505695343	0.25126737356185913	0.0032297074794769287	0.09760889410972595
5qfzgn	ireland votes to be worlds first country to fully divest from fossil fuels	data/processed/pro_fakeddit/images/5qfzgn.jpg	0	2	False	0.28312812745571136	0.0031261108815670013	0.28000201657414436	0.06637083133682609	0.28312812745571136	0.07529760524630547	0.1522229252732359	0.14297848683781922	False	True	0.3315642476081848	0.018258588388562202	0.35612621903419495	0.08173611015081406	0.20274902880191803	0.009565806947648525	True	0.125315323472023	0.21070756018161774	0.06413385272026062	0.055982090532779694	0.0006446146871894598	0.5432165265083313
5oiuav	rogue one becomes fastest film to reach over mentions of hope	data/processed/pro_fakeddit/images/5oiuav.jpg	1	4	False	0.27398876082588686	0.025006063100590836	0.24898269772529602	0.09384795650839806	0.16568641923367977	0.07837947364896536	0.27398876082588686	0.1391147505491972	False	True	0.2468850016593933	0.09215033799409866	0.18058548867702484	0.051336366683244705	0.3651961386203766	0.06384674459695816	True	0.25527578592300415	0.09894081205129623	0.12098921090364456	0.15950879454612732	0.0003666274424176663	0.3649187684059143
9fmnx5	social distortion selftitled	data/processed/pro_fakeddit/images/9fmnx5.jpg	1	2	False	0.2702998500317335	0.07960192672908306	0.19069792330265045	0.14627034962177277	0.2702998500317335	0.06066155340522528	0.18107147331465967	0.15099889505654573	False	True	0.16842833161354065	0.14699478447437286	0.3354753851890564	0.06265045702457428	0.2410057932138443	0.04544531926512718	True	0.25750669836997986	0.14409704506397247	0.07477324455976486	0.05469484254717827	0.001268513617105782	0.4676596224308014
cq8vihk	the fabulous dolphin feeder	data/processed/pro_fakeddit/images/cq8vihk.jpg	4	2	False	0.2693190686404705	0.007848262786865234	0.26147080585360527	0.1315085794776678	0.2693190686404705	0.07468853052705526	0.25868117762729526	0.00433185970177874	False	True	0.14961929619312286	0.15447622537612915	0.3153076469898224	0.03890306130051613	0.33946725726127625	0.002226537326350808	True	0.5970253348350525	0.06260564178228378	0.13135333359241486	0.18204493820667267	0.016322938725352287	0.010647826828062534
b5s1u9	nevada governor steve sisolak joins us climate alliance	data/processed/pro_fakeddit/images/b5s1u9.jpg	0	5	False	0.26586224138736725	0.05174601264297962	0.21411622874438763	0.035444796085357666	0.15637696906924248	0.19383691251277924	0.1343628071481362	0.26586224138736725	False	True	0.2644782066345215	0.011538885533809662	0.20065370202064514	0.17973175644874573	0.17846135795116425	0.16513603925704956	True	0.06303029507398605	0.10716252774000168	0.023546770215034485	0.23615238070487976	0.0020671547390520573	0.5680408477783203
660swy	trump to overhaul visa program for highskilled workers	data/processed/pro_fakeddit/images/660swy.jpg	0	2	False	0.26285651326179504	0.009657222777605057	0.17755701020359993	0.1443206761032343	0.26285651326179504	0.15154581144452095	0.010520673462451668	0.25319929048419	False	True	0.1731826215982437	0.1711968183517456	0.3140532076358795	0.07805438339710236	0.013960562646389008	0.24955235421657562	True	0.19068017601966858	0.06369224935770035	0.10926643013954163	0.37202009558677673	0.00020100591063965112	0.2641400992870331
dgv643	nashville boom is great but its not equitable business leaders say this region is emerging as the next innovation hub liu said the question now for nashville is can this region demonstrate that inclusive innovation is possible	data/processed/pro_fakeddit/images/dgv643.jpg	0	4	False	0.2507256214739755	0.009342807461507618	0.24138281401246786	0.06752228119876236	0.23397061973810196	0.08710076287388802	0.2507256214739755	0.11929789860732853	False	True	0.3038194477558136	0.0047383722849190235	0.28326839208602905	0.0646061897277832	0.33395734429359436	0.00961026456207037	True	0.05407291278243065	0.25587400794029236	0.08607730269432068	0.15458448231220245	0.0010304530151188374	0.448360800743103
3gi68h	us stocks moved sharply higher and kept testing new intraday highs monday buoyed by remarks from one federal reserve official	data/processed/pro_fakeddit/images/3gi68h.jpg	0	3	False	0.24453169107437134	0.027333423495292664	0.21719826757907867	0.16807245276868343	0.17079671751707792	0.24453169107437134	0.003240024969272781	0.19616080820560455	False	True	0.24615396559238434	0.11725515872240067	0.21635310351848602	0.2772470712661743	0.004174843430519104	0.13881582021713257	True	0.13033117353916168	0.32052433490753174	0.03412755951285362	0.1463855504989624	0.00043556958553381264	0.3681957721710205
b6utdi	bipartisan nuclear bill extends federal ppas to years to push advanced reactors the bill seeks to establish a pathway to enable privatepublic partnerships to construct advanced nuclear demonstration reactors over the next two decades sen joe manchin dwva	data/processed/pro_fakeddit/images/b6utdi.jpg	0	5	False	0.2328525260090828	0.0020127883180975914	0.2308397376909852	0.09251863788813353	0.2163667380809784	0.2155618518590927	0.011860540544148535	0.2328525260090828	False	True	0.30243951082229614	0.05436696484684944	0.2852420210838318	0.18718799948692322	0.015077621676027775	0.1556859314441681	True	0.016040418297052383	0.20697365701198578	0.009740889072418213	0.3006834089756012	0.0022092971485108137	0.4643523097038269
