id	text	image_path	y_true	y_pred	correct	confidence	margin	score_0	score_1	score_2	score_3	score_4	score_5	_text_was_empty	_image_encoded	score_image_0	score_image_1	score_image_2	score_image_3	score_image_4	score_image_5	_text_encoded	score_text_0	score_text_1	score_text_2	score_text_3	score_text_4	score_text_5
cv9kwi	my fathers first trip to school	data/processed/pro_fakeddit/images/cv9kwi.jpg	2	0	False	0.5507513135671616	0.31415117532014847	0.5507513135671616	0.2366001382470131	0.03727076109498739	0.008049692423810484	0.08496089093387127	0.08236723206937313	False	True	0.6311493515968323	0.1992345154285431	0.03318068012595177	0.00024092126113828272	0.0721619501709938	0.06403262168169022	True	0.3095571994781494	0.3486970067024231	0.04954100400209427	0.03147600591182709	0.12335771322250366	0.13737106323242188
46j162	snake head found in farmington womans can of green beans	data/processed/pro_fakeddit/images/46j162.jpg	0	4	False	0.6833311803638935	0.5499808508902788	0.1333503294736147	0.0643208974506706	0.02668954525142908	0.023847128497436643	0.6833311803638935	0.06846095295622945	False	True	0.09707433730363846	0.015253138728439808	0.007047597318887711	0.0005540018901228905	0.851328432559967	0.028742527589201927	True	0.2421783059835434	0.21152417361736298	0.08561538904905319	0.0937265083193779	0.1793394237756729	0.187616229057312
bjkefw	do not vaccinate antivaccination cartoon from united states	data/processed/pro_fakeddit/images/bjkefw.jpg	5	1	False	0.6969538033008575	0.5971295163035393	0.09982428699731827	0.6969538033008575	0.02489193982910365	0.021226438955636695	0.06475380156189203	0.09234978631138802	False	True	0.08269184827804565	0.7876231074333191	0.006303875241428614	0.0016772564267739654	0.052396830171346664	0.06930716335773468	True	0.1512216031551361	0.4249458909034729	0.08065613359212875	0.07987398654222488	0.10182471573352814	0.16147765517234802
c6edq0q	subtle but never fails to amuse me	data/processed/pro_fakeddit/images/c6edq0q.jpg	4	1	False	0.24689047411084175	0.006699565798044205	0.24019090831279755	0.24689047411084175	0.11374958604574203	0.08263267762959003	0.22225627675652504	0.09428003057837486	False	True	0.22196227312088013	0.22381047904491425	0.1380985677242279	0.1035347655415535	0.2423844039440155	0.07020942866802216	True	0.2948768138885498	0.31613045930862427	0.040702641010284424	0.019926413893699646	0.16187189519405365	0.16649183630943298
7yas5i	this stapler that looks excited to staple	data/processed/pro_fakeddit/images/7yas5i.jpg	2	4	False	0.5940469689667225	0.46483930572867393	0.12920766323804855	0.09850365668535233	0.06340891309082508	0.03171411051880568	0.5940469689667225	0.08311868272721767	False	True	0.1168028712272644	0.062069520354270935	0.03872563689947128	0.006252034101635218	0.7381436824798584	0.0380062535405159	True	0.166422039270401	0.2078060656785965	0.13745874166488647	0.10810033977031708	0.16175682842731476	0.218455970287323
56dvty	caught this guy staring at me in my wood shop	data/processed/pro_fakeddit/images/56dvty.jpg	2	4	False	0.6670968607068062	0.5231199935078621	0.1439768671989441	0.05047742510214448	0.04001058801077306	0.03055341145955026	0.6670968607068062	0.06788488663733006	False	True	0.11999641358852386	0.016729770228266716	0.007988435216248035	0.0010434510186314583	0.8286324739456177	0.02560950070619583	True	0.21591822803020477	0.15172038972377777	0.13607704639434814	0.11908329278230667	0.1824900209903717	0.19471104443073273
3mbnug	man steals lottery ticket dispenser is arrested trying to cash in at same store	data/processed/pro_fakeddit/images/3mbnug.jpg	0	1	False	0.7845232263207436	0.7195982518605888	0.06492497446015477	0.7845232263207436	0.022344064243952744	0.024005651248444337	0.0480638446751982	0.05613816878758371	False	True	0.0234904196113348	0.958225429058075	0.0006329669267870486	0.0003700650704558939	0.008951212279498577	0.008329828269779682	True	0.18922863900661469	0.2634166181087494	0.08747735619544983	0.09491240978240967	0.16540174186229706	0.1995631903409958
cur2q86	gaahhhh please stop yelling at me	data/processed/pro_fakeddit/images/cur2q86.jpg	4	4	True	0.743781641125679	0.6487330226227641	0.0950486185029149	0.0916500873863697	0.014381173765286803	0.00977092731045559	0.743781641125679	0.04536753072170541	False	True	0.03349229320883751	0.0130339115858078	0.003091697581112385	0.0012223476078361273	0.9459503293037415	0.0032094011548906565	True	0.2797175943851471	0.3274986147880554	0.04824960231781006	0.03541666641831398	0.1372755765914917	0.17184191942214966
4lpidn	large fish jumping for a bait fish held by a girl	data/processed/pro_fakeddit/images/4lpidn.jpg	0	4	False	0.6027710027992725	0.4285210408270359	0.17424996197223663	0.0665911566466093	0.06993676698766649	0.03836688942828914	0.6027710027992725	0.04808416170999408	False	True	0.18438757956027985	0.03951425105333328	0.012082790024578571	0.0002707166422624141	0.7560784220695496	0.007666194811463356	True	0.143837109208107	0.14782187342643738	0.24349869787693024	0.15265540778636932	0.14284874498844147	0.16933806240558624
77cavp	protesters arrested at nuns chapel in pipeline construction zone	data/processed/pro_fakeddit/images/77cavp.jpg	0	4	False	0.4253387860953808	0.19067315757274628	0.136442007496953	0.2346656285226345	0.06238498445600271	0.0331814925884828	0.4253387860953808	0.10798711888492107	False	True	0.10593051463365555	0.23829683661460876	0.048983801156282425	0.0042546396143734455	0.5134562849998474	0.08907797187566757	True	0.2279764860868454	0.22377200424671173	0.10258853435516357	0.11996205151081085	0.1609862893819809	0.16471455991268158
6muyes	family comforted by thought that mans death will prevent others from climbing war memorial to pretend to fuck horse	data/processed/pro_fakeddit/images/6muyes.jpg	1	4	False	0.7170628868043423	0.6157168308272958	0.08072296902537346	0.10134605597704649	0.029387515620328486	0.022736747763701715	0.7170628868043423	0.048743840074166656	False	True	0.03725336492061615	0.053867537528276443	0.0030765491537749767	0.0009441810543648899	0.8998933434486389	0.004965011961758137	True	0.21113178133964539	0.24378161132335663	0.10832041501998901	0.08811444789171219	0.16857151687145233	0.1800803244113922
14s6ft	norwegian pilot draws penis with flightpath over sweden	data/processed/pro_fakeddit/images/14s6ft.jpg	0	4	False	0.35436559468507767	0.0716792419552803	0.28268635272979736	0.10297581180930138	0.16249203123152256	0.030015464057214558	0.35436559468507767	0.0674647381529212	False	True	0.31287068128585815	0.050339654088020325	0.18292152881622314	0.004278653766959906	0.42170706391334534	0.027882400900125504	True	0.192133367061615	0.26088428497314453	0.1012035384774208	0.10722589492797852	0.15234118700027466	0.1862117499113083
19izgm	moms strip to finance school bus for children	data/processed/pro_fakeddit/images/19izgm.jpg	0	4	False	0.512184664607048	0.32894302532076836	0.18324163928627968	0.17243560776114464	0.03193572675809264	0.018911611405201256	0.512184664607048	0.08129075262695551	False	True	0.16442443430423737	0.13504253327846527	0.017246419563889503	0.006596726831048727	0.625555694103241	0.05113421007990837	True	0.23969325423240662	0.28461483120918274	0.07600364834070206	0.055856265127658844	0.17207157611846924	0.17176038026809692
8r1lce	little girl with an evil grin	data/processed/pro_fakeddit/images/8r1lce.jpg	0	4	False	0.6418473348021507	0.475969523191452	0.1658778116106987	0.10557099804282188	0.02274882886558771	0.017169636412290856	0.6418473348021507	0.04678537859581411	False	True	0.14592520892620087	0.03232584893703461	0.005662981420755386	0.0010533888125792146	0.8024279475212097	0.012604606337845325	True	0.2257356196641922	0.3253064453601837	0.07400637120008469	0.06551837921142578	0.16010549664497375	0.14932769536972046
bdt9wz	us legalizes samesex marriage th	data/processed/pro_fakeddit/images/bdt9wz.jpg	2	1	False	0.35866735875606537	0.028047651052474976	0.3306197077035904	0.35866735875606537	0.02475015161326155	0.01902781374519691	0.20720037072896957	0.0597345638088882	False	True	0.3718389570713043	0.37117502093315125	0.003256001742556691	0.0016875781584531069	0.23365552723407745	0.018386894837021828	True	0.2069619596004486	0.32114437222480774	0.08923260122537613	0.07104852050542831	0.12783490121364594	0.1837775707244873
32e5s9	unenthused tree couldnt care less	data/processed/pro_fakeddit/images/32e5s9.jpg	2	4	False	0.6216345429420471	0.40733975172042847	0.21429479122161865	0.05603828770108521	0.03925192076712847	0.013041158497799188	0.6216345429420471	0.05573930451646447	False	True	0.18974930047988892	0.011862046085298061	0.018311772495508194	0.0037492045667022467	0.7663630247116089	0.009964657947421074	True	0.28793126344680786	0.18856701254844666	0.10207236558198929	0.04091702029109001	0.18744909763336182	0.19306324422359467
bc20dw	this traffic sign said to drive like mom is watching	data/processed/pro_fakeddit/images/bc20dw.jpg	0	4	False	0.5734503231942654	0.4149274416267872	0.15852288156747818	0.08927963860332966	0.07924459874629974	0.022652119165286422	0.5734503231942654	0.07685045804828405	False	True	0.13468638062477112	0.0311446413397789	0.07817428559064865	0.008488607592880726	0.7101871967315674	0.03731893375515938	True	0.23003238439559937	0.26368463039398193	0.08245553821325302	0.06514265388250351	0.16323970258235931	0.19544503092765808
27v8sl	man continues road trip with girlfriends body after she dies	data/processed/pro_fakeddit/images/27v8sl.jpg	0	1	False	0.31085143610835075	0.014734052121639252	0.16772645711898804	0.31085143610835075	0.09468420781195164	0.018242563353851438	0.2961173839867115	0.1123779620975256	False	True	0.13827204704284668	0.342567503452301	0.0967463031411171	0.004013347439467907	0.3357449769973755	0.08265582472085953	True	0.2560896873474121	0.21570323407649994	0.08849792182445526	0.06093021109700203	0.17723460495471954	0.2015443742275238
73wq77	the atomic bomb little boy just above the town of hiroshima	data/processed/pro_fakeddit/images/73wq77.jpg	2	4	False	0.728358518332243	0.6217678254470229	0.10659069288522005	0.0705893449485302	0.02752621308900416	0.02236394143983489	0.728358518332243	0.04457133024698123	False	True	0.048070963472127914	0.022396579384803772	0.005808795802295208	0.000372453621821478	0.9195255041122437	0.003825760679319501	True	0.28214988112449646	0.21516764163970947	0.09267846494913101	0.08833840489387512	0.1548575609922409	0.16680803894996643
bbkbuq	jussie smolette is attacked by white supremacists of african descent	data/processed/pro_fakeddit/images/bbkbuq.jpg	2	4	False	0.48440855368971825	0.2631784602999687	0.22123009338974953	0.20008636638522148	0.024284010287374258	0.027958662249147892	0.48440855368971825	0.04203234915621579	False	True	0.22447218000888824	0.16501154005527496	0.007208699360489845	0.0052525438368320465	0.5892919301986694	0.008763148449361324	True	0.21150383353233337	0.30531084537506104	0.0755099430680275	0.09607701748609543	0.16975842416286469	0.14183995127677917
2o4ui9	military mom surprises son before the holidays	data/processed/pro_fakeddit/images/2o4ui9.jpg	0	4	False	0.44252724200487137	0.1187419667840004	0.32378527522087097	0.13334528356790543	0.035509185399860144	0.017223492555785924	0.44252724200487137	0.047609525732696056	False	True	0.3410601019859314	0.08094754815101624	0.020515287294983864	0.0035659202840179205	0.5399177670478821	0.013993386179208755	True	0.2719607949256897	0.290538489818573	0.08049087971448898	0.058196209371089935	0.15035566687583923	0.14845794439315796
d6gf0j	water leaking under paint on the brink of bursting	data/processed/pro_fakeddit/images/d6gf0j.jpg	0	4	False	0.6467153131961823	0.5451061744242907	0.1016091387718916	0.0984681248664856	0.04260026407428086	0.01757112646009773	0.6467153131961823	0.09303599875420332	False	True	0.05779945105314255	0.06667691469192505	0.0142415976151824	0.0022022915072739124	0.8130459189414978	0.04603377357125282	True	0.23303820192813873	0.19384175539016724	0.12767626345157623	0.06367763131856918	0.1477234959602356	0.2340426743030548
7v0lpf	zigg with his alien face marking	data/processed/pro_fakeddit/images/7v0lpf.jpg	2	4	False	0.6602570414543152	0.4980340898036957	0.1622229516506195	0.06651246082037687	0.02654950349824503	0.031949229014571756	0.6602570414543152	0.05250884871929884	False	True	0.1390468031167984	0.022811371833086014	0.002914255252107978	0.0023400404024869204	0.8118340373039246	0.021053556352853775	True	0.23175139725208282	0.19761572778224945	0.09745524823665619	0.12077679485082626	0.20552605390548706	0.14687472581863403
37kshv	according to science youve probably been pooping wrong your whole life	data/processed/pro_fakeddit/images/37kshv.jpg	0	1	False	0.7285162732005119	0.6324291480705142	0.09608712512999773	0.7285162732005119	0.012581342103658244	0.020052342442795634	0.05036809667944908	0.09239484090358019	False	True	0.053877558559179306	0.869003415107727	0.0010714769596233964	0.005203680135309696	0.02780521661043167	0.043038707226514816	True	0.222715824842453	0.3070548474788666	0.04711093753576279	0.06459832936525345	0.11805673688650131	0.2404632419347763
5kdy6v	heres how much the death star would have cost	data/processed/pro_fakeddit/images/5kdy6v.jpg	5	1	False	0.28851268440485	0.053695958107709885	0.19844979420304298	0.28851268440485	0.07882167957723141	0.01621678558876738	0.23481672629714012	0.18318232893943787	False	True	0.17452047765254974	0.3088785707950592	0.07970649749040604	0.0038788889069110155	0.2620713412761688	0.1709442138671875	True	0.2702377438545227	0.2274150252342224	0.07616722583770752	0.05323047563433647	0.15305288136005402	0.21989667415618896
ar4tfb	elon musk standing next to man with pontytail	data/processed/pro_fakeddit/images/ar4tfb.jpg	2	4	False	0.42362522706389427	0.2631268296390772	0.16049839742481709	0.1470493320375681	0.12439585290849209	0.06932996294926852	0.42362522706389427	0.07510122191160917	False	True	0.17780981957912445	0.15624389052391052	0.08720823377370834	0.005323401186615229	0.5210946798324585	0.052319977432489395	True	0.10856413096189499	0.1194656565785408	0.23595871031284332	0.2613496482372284	0.1312168687582016	0.1434449553489685
bru6jm	i got gumballs in this package	data/processed/pro_fakeddit/images/bru6jm.jpg	0	4	False	0.5391220152378082	0.33457596227526665	0.20454605296254158	0.14408055506646633	0.017127752536907792	0.006990793452132493	0.5391220152378082	0.08813281450420618	False	True	0.1843564659357071	0.08880157023668289	0.006069938652217388	0.0013341770973056555	0.6584930419921875	0.060944776982069016	True	0.26511481404304504	0.30991750955581665	0.050301194190979004	0.023960642516613007	0.1810089349746704	0.16969692707061768
c8rx6y	this poor lizard that died and dried out whilst trapped in my suitcase	data/processed/pro_fakeddit/images/c8rx6y.jpg	0	4	False	0.5958719775080681	0.3872704617679119	0.20860151574015617	0.05928842956200242	0.04293194180354476	0.02499907232413534	0.5958719775080681	0.0683070388622582	False	True	0.19912505149841309	0.018415240570902824	0.014970855787396431	0.0006763159180991352	0.745509684085846	0.021302809938788414	True	0.23703090846538544	0.1819079965353012	0.12681519985198975	0.09796734154224396	0.1469588577747345	0.20931972563266754
c228o3	my pencil bent from the heat	data/processed/pro_fakeddit/images/c228o3.jpg	0	4	False	0.5580341592431068	0.3738426938652992	0.18419146537780762	0.08313184976577759	0.048180616460740566	0.01883882487891242	0.5580341592431068	0.10762309841811657	False	True	0.16661132872104645	0.04877220094203949	0.026016850024461746	0.0021680223289877176	0.695083737373352	0.06134790927171707	True	0.23693187534809113	0.18621079623699188	0.11467191576957703	0.06885123252868652	0.14688542485237122	0.24644866585731506
3gi68h	us stocks moved sharply higher and kept testing new intraday highs monday buoyed by remarks from one federal reserve official	data/processed/pro_fakeddit/images/3gi68h.jpg	0	1	False	0.5132111236453056	0.35618723928928375	0.15249549224972725	0.5132111236453056	0.025924745248630643	0.025111391441896558	0.12623335048556328	0.15702388435602188	False	True	0.1291441023349762	0.5841899514198303	0.012188366614282131	0.006405971013009548	0.12302736937999725	0.1450442224740982	True	0.2225496619939804	0.30027464032173157	0.06713388115167618	0.08122765272855759	0.13585129380226135	0.1929628700017929
cllzd4	visited the last blockbuster in the world today	data/processed/pro_fakeddit/images/cllzd4.jpg	0	4	False	0.33740279264748096	0.0087998416274786	0.32860295102000237	0.1956949271261692	0.031051088823005557	0.015180295842583291	0.33740279264748096	0.09206799790263176	False	True	0.3632645010948181	0.1721801906824112	0.005100236274302006	0.0009214673773385584	0.4108881950378418	0.04764547944068909	True	0.22461830079555511	0.26623913645744324	0.10890364646911621	0.05795678123831749	0.11694658547639847	0.22533555328845978
8h6xzj	the of civilization in bosnia ottoman caricature about austrian annexation of bosniaherzegovina	data/processed/pro_fakeddit/images/8h6xzj.jpg	5	1	False	0.41196947544813156	0.08482250571250916	0.3271469697356224	0.41196947544813156	0.02349928254261613	0.016821731289383024	0.17334073595702648	0.04722184827551246	False	True	0.35185903310775757	0.431893914937973	0.007729357108473778	0.0013477609027177095	0.18986548483371735	0.017304496839642525	True	0.2530107796192169	0.3521961569786072	0.07080905884504318	0.06324364244937897	0.12376648932695389	0.13697390258312225
cab8b3	this picture of tana mongooses mugshot	data/processed/pro_fakeddit/images/cab8b3.jpg	0	4	False	0.7254379689693451	0.6220770580694079	0.10336091089993715	0.08941998798400164	0.02262099488871172	0.023113407209166326	0.7254379689693451	0.03604684176389128	False	True	0.05654033645987511	0.032832976430654526	0.0034920850303024054	0.0005290533299557865	0.9055068492889404	0.0010988186113536358	True	0.2438226342201233	0.25918102264404297	0.08000772446393967	0.09086646884679794	0.18523132801055908	0.1408909112215042
bc3zca	irans introduction of new and repressive sex laws following the islamic revolution	data/processed/pro_fakeddit/images/bc3zca.jpg	2	1	False	0.4606720358133316	0.2613901384174824	0.19928189739584923	0.4606720358133316	0.033379063941538334	0.01734158000908792	0.13516961224377155	0.15415581315755844	False	True	0.18626709282398224	0.4818732738494873	0.028613679111003876	0.005142704583704472	0.14368684589862823	0.15441642701625824	True	0.2383263111114502	0.3970683217048645	0.04767521843314171	0.053938206285238266	0.10961791127920151	0.15337397158145905
bib66v	the underside of this snail on my kitchen window	data/processed/pro_fakeddit/images/bib66v.jpg	0	4	False	0.5360299535095692	0.31162290275096893	0.22440705075860023	0.04415292665362358	0.051251660799607635	0.06341043984866701	0.5360299535095692	0.08074791403487325	False	True	0.2637820243835449	0.024671711027622223	0.009082813747227192	0.0017211503582075238	0.677729070186615	0.023013150319457054	True	0.10628212988376617	0.10259657353162766	0.17775820195674896	0.24847830832004547	0.1109326034784317	0.2539522051811218
cg9s187	shot heard round the world	data/processed/pro_fakeddit/images/cg9s187.jpg	4	1	False	0.5156449303030968	0.29311371967196465	0.22253121063113213	0.5156449303030968	0.01884951046667993	0.00874867377569899	0.18808457255363464	0.046141121769323945	False	True	0.199405238032341	0.57108473777771	0.008667395450174809	0.0029799744952470064	0.20882189273834229	0.00904079806059599	True	0.2919091284275055	0.3493255078792572	0.0493958555161953	0.02605477161705494	0.12587261199951172	0.1574420928955078
9dy5gr	nixon and brezhnev sign the prevention of nuclear war agreement	data/processed/pro_fakeddit/images/9dy5gr.jpg	2	1	False	0.7114209979772568	0.6048298059031367	0.10659119207412004	0.7114209979772568	0.024542755156289786	0.030995697248727083	0.07014351058751345	0.05630583502352238	False	True	0.05661436542868614	0.8547149300575256	0.0032424984965473413	0.011308131739497185	0.05838543549180031	0.01573462039232254	True	0.25652167201042175	0.2815392017364502	0.08844352513551712	0.09005839377641678	0.10541773587465286	0.1780194789171219
7y6d4g	frustrated freight drivers queue in calais after the united kingdom leaves the eu customs union	data/processed/pro_fakeddit/images/7y6d4g.jpg	2	4	False	0.6644916143268347	0.5568375717848539	0.10765404254198074	0.042299158638343215	0.0708769396878779	0.06603054405422881	0.6644916143268347	0.04864768637344241	False	True	0.1126590222120285	0.01358120609074831	0.013090072199702263	0.0005817373748868704	0.8566564917564392	0.0034314636141061783	True	0.09263910353183746	0.12845301628112793	0.24423754215240479	0.26237696409225464	0.08799698203802109	0.1842963546514511
4pb5eq	swedish footballer sent off for farting during match	data/processed/pro_fakeddit/images/4pb5eq.jpg	0	4	False	0.2886670846492052	0.03302217088639736	0.19002797454595566	0.25564491376280785	0.04163294844329357	0.04765874892473221	0.2886670846492052	0.17636830359697342	False	True	0.1865563839673996	0.23122458159923553	0.03164999932050705	0.03281804919242859	0.34426379203796387	0.17348717153072357	True	0.20044274628162384	0.3289059102535248	0.07158179581165314	0.09218084812164307	0.12187696248292923	0.18501169979572296
ch0kd7	millenial mystics the world burns request	data/processed/pro_fakeddit/images/ch0kd7.jpg	1	4	False	0.5338247120380402	0.2848551571369171	0.13098682276904583	0.24896955490112305	0.01869816254475154	0.010822438140166923	0.5338247120380402	0.0566983837634325	False	True	0.08171851187944412	0.23766309022903442	0.0016596083296462893	0.00011263100896030664	0.6561469435691833	0.022699274122714996	True	0.27879175543785095	0.2828889489173889	0.06981382519006729	0.042951859533786774	0.1668580174446106	0.15869571268558502
ccfau9p	the true avatar the last bearbender	data/processed/pro_fakeddit/images/ccfau9p.jpg	4	4	True	0.7815055102109909	0.6925628534518182	0.08894265675917268	0.06215779832564294	0.015907614171737805	0.014548809072948643	0.7815055102109909	0.03693765456409892	False	True	0.00851072184741497	0.004649405367672443	0.0011065759463235736	0.00010876828309847042	0.985373318195343	0.00025127900880761445	True	0.3302384614944458	0.23468297719955444	0.0603107288479805	0.05786893144249916	0.16990208625793457	0.14699678122997284
3zgfqy	guy rolling under barb wire	data/processed/pro_fakeddit/images/3zgfqy.jpg	0	4	False	0.40988709032535553	0.0889115259051323	0.32097556442022324	0.13116525672376156	0.049290961236692965	0.03634819129365496	0.40988709032535553	0.05233293632045388	False	True	0.3633686304092407	0.11034081131219864	0.007775637786835432	0.0016222760314121842	0.4995742440223694	0.017318425700068474	True	0.19379636645317078	0.19363859295845032	0.17383693158626556	0.1405259370803833	0.14082562923431396	0.1573764681816101
cjrhs4	this rest area restroom has a smaller toilet inside the handicap stall	data/processed/pro_fakeddit/images/cjrhs4.jpg	0	4	False	0.5250862762331963	0.30830202996730804	0.09631670825183392	0.21678424626588821	0.03628310526255518	0.037368615332525223	0.5250862762331963	0.08816102892160416	False	True	0.08028998225927353	0.21952709555625916	0.00545628322288394	0.0018130952958017588	0.656412661075592	0.03650085628032684	True	0.14439688622951508	0.2085556983947754	0.1287635713815689	0.14403517544269562	0.1311071217060089	0.2431415468454361
9eq12n	unholy cosmos love yesterday	data/processed/pro_fakeddit/images/9eq12n.jpg	1	4	False	0.4152231998741627	0.07171156629920006	0.15934234857559204	0.3435116335749626	0.024855896830558777	0.015194112609606236	0.4152231998741627	0.04187286552041769	False	True	0.12295147776603699	0.3697276711463928	0.005075283348560333	0.0005043710116297007	0.4968203008174896	0.0049209631979465485	True	0.2685149610042572	0.264863520860672	0.08419773727655411	0.05926333740353584	0.17043189704418182	0.15272857248783112
1h26t9	winnipeg teens get taylor swift tix from kind stranger	data/processed/pro_fakeddit/images/1h26t9.jpg	0	4	False	0.5085651092231274	0.22804569825530052	0.28051941096782684	0.09915903396904469	0.027544317999854684	0.02630075540218968	0.5085651092231274	0.057911369018256664	False	True	0.2921236455440521	0.06279102712869644	0.013225595466792583	0.0009702233946882188	0.6112144589424133	0.01967502012848854	True	0.245706707239151	0.20826305449008942	0.07050048559904099	0.10229235142469406	0.20061706006526947	0.17262041568756104
6b9aof	drugs you dont agree with alex jones	data/processed/pro_fakeddit/images/6b9aof.jpg	3	1	False	0.563843660056591	0.3780388832092285	0.18580477684736252	0.563843660056591	0.023233690997585654	0.023109779023798183	0.11987101845443249	0.0841370509006083	False	True	0.179695725440979	0.6675850749015808	0.006677200086414814	0.0018700960790738463	0.11415208131074905	0.03001980297267437	True	0.20413193106651306	0.2526194155216217	0.07290316373109818	0.08682882785797119	0.1370278298854828	0.2464887946844101
dek0p8	google took their d pictures in the middle of the demolition of this multilevel parking lot leaving just the remaning piece on the maps	data/processed/pro_fakeddit/images/dek0p8.jpg	0	4	False	0.7229464873671532	0.611028116196394	0.1119183711707592	0.0523172861430794	0.04204623936675489	0.021906062844209373	0.7229464873671532	0.04886557417921722	False	True	0.08285827934741974	0.006605285219848156	0.011387881822884083	0.0007556774653494358	0.8944377899169922	0.003955119289457798	True	0.1990986466407776	0.18945328891277313	0.1340213119983673	0.08535721898078918	0.2084725797176361	0.18359693884849548
bfrfvv	dropped a tack and it stuck in the floor	data/processed/pro_fakeddit/images/bfrfvv.jpg	0	4	False	0.6105189062654972	0.4071606434881687	0.2033582627773285	0.10070861503481865	0.02213351207319647	0.012653742276597768	0.6105189062654972	0.05062701157294214	False	True	0.1824456751346588	0.03437487781047821	0.0023944596759974957	0.0012155750300735235	0.76702481508255	0.012544636614620686	True	0.2660960257053375	0.29970982670783997	0.0813506692647934	0.0469682440161705	0.14100117981433868	0.1648741364479065
caro65	this olive leaf that ended up in my can of black olives	data/processed/pro_fakeddit/images/caro65.jpg	0	4	False	0.6392828971147537	0.4950401373207569	0.1442427597939968	0.03629768523387611	0.05967163038440049	0.03193305811146274	0.6392828971147537	0.08857199549674988	False	True	0.12414087355136871	0.009081141091883183	0.014497152529656887	0.0011362608056515455	0.8059660196304321	0.04517859220504761	True	0.2045484185218811	0.11794731765985489	0.1951950639486313	0.12432345002889633	0.1392335295677185	0.2187522053718567
59po64	defense secretary ash carter has ordered a stop to reclaiming reenlistment bonuses	data/processed/pro_fakeddit/images/59po64.jpg	0	1	False	0.2875604182481766	0.021493103355169296	0.12259501405060291	0.2875604182481766	0.07007077522575855	0.08829513285309076	0.2660673148930073	0.1654113307595253	False	True	0.10620614141225815	0.3141821324825287	0.059668585658073425	0.06201202794909477	0.3040250837802887	0.15390601754188538	True	0.1717616319656372	0.20769527554512024	0.10127734392881393	0.16714444756507874	0.15219400823116302	0.19992727041244507
dinuvni	girl and guy with unusually long arms	data/processed/pro_fakeddit/images/dinuvni.jpg	4	4	True	0.6608958914875984	0.5154209099709988	0.14547498151659966	0.07305161468684673	0.055207142257131636	0.016396476436057128	0.6608958914875984	0.04897389910183847	False	True	0.133141428232193	0.031872011721134186	0.007197893690317869	0.0008183500613085926	0.8225365877151489	0.004433740861713886	True	0.18247564136981964	0.19659042358398438	0.19923488795757294	0.06313085556030273	0.1759738028049469	0.18259437382221222
171ja3	a traumatizing experience	data/processed/pro_fakeddit/images/171ja3.jpg	0	0	True	0.3240468129515648	0.033106498420238495	0.3240468129515648	0.2909403145313263	0.0354823162779212	0.007825397449778393	0.25776465609669685	0.08394048362970352	False	True	0.3281697928905487	0.2848976254463196	0.032667018473148346	0.0013286800822243094	0.297014981508255	0.055921897292137146	True	0.31167787313461304	0.30906838178634644	0.04392820969223976	0.027315549552440643	0.1400136798620224	0.16799624264240265
6gndy1	scientists have discovered sharks that live in a volcano	data/processed/pro_fakeddit/images/6gndy1.jpg	5	4	False	0.578911954537034	0.3852656502276659	0.19364630430936813	0.07806797046214342	0.03236137260682881	0.034083895734511316	0.578911954537034	0.08292851597070694	False	True	0.18616260588169098	0.03601836785674095	0.012493855319917202	0.005476169753819704	0.7355630993843079	0.02428591251373291	True	0.2160973995923996	0.20421677827835083	0.09196392446756363	0.11990707367658615	0.10895851999521255	0.25885632634162903
btlh06	these conjoined durians	data/processed/pro_fakeddit/images/btlh06.jpg	0	4	False	0.5775476321578026	0.38233695924282074	0.19521067291498184	0.06621019076555967	0.052746723988093436	0.028406216006260365	0.5775476321578026	0.07987856585532427	False	True	0.2004684954881668	0.03585014119744301	0.007213070522993803	0.0019238146487623453	0.719234049320221	0.03531042858958244	True	0.17943720519542694	0.15729033946990967	0.18934768438339233	0.10785342007875443	0.15248838067054749	0.21358297765254974
1nds3t	tenth doctor and martha run from an explosion	data/processed/pro_fakeddit/images/1nds3t.jpg	0	4	False	0.6133692339062691	0.4765977766364813	0.1367714572697878	0.12689282558858395	0.05862313450779766	0.030397997667023446	0.6133692339062691	0.03394532360835001	False	True	0.11937067657709122	0.10372073203325272	0.00472997548058629	0.0004605718713719398	0.7692995667457581	0.00241843075491488	True	0.1889737993478775	0.19640910625457764	0.22030261158943176	0.12021027505397797	0.14557823538780212	0.1285260021686554
bi4jii	los angeles th the photo was taken at approximately pm	data/processed/pro_fakeddit/images/bi4jii.jpg	2	4	False	0.5402375273406506	0.27866682782769203	0.2615706995129585	0.09530521742999554	0.026956046000123024	0.011505235859658569	0.5402375273406506	0.06442526821047068	False	True	0.24158445000648499	0.04094899445772171	0.017635170370340347	0.0026673872489482164	0.653612494468689	0.043551500886678696	True	0.32152944803237915	0.258373886346817	0.054918672889471054	0.03801878169178963	0.20011262595653534	0.12704657018184662
5l0itu	donauturm things which are alike x	data/processed/pro_fakeddit/images/5l0itu.jpg	1	4	False	0.5976869203150272	0.35203929245471954	0.2456476278603077	0.07113739778287709	0.02454160840716213	0.012752060618367977	0.5976869203150272	0.04823435295838863	False	True	0.23400963842868805	0.014257415197789669	0.003513332922011614	0.00023790303384885192	0.7432025074958801	0.004779157694429159	True	0.2805615961551666	0.24177734553813934	0.08762643486261368	0.050294533371925354	0.16114015877246857	0.17859993875026703
8egtar	fourth of listen im hearing voices	data/processed/pro_fakeddit/images/8egtar.jpg	1	4	False	0.7249174974858761	0.6150115067139268	0.10136392712593079	0.10990599077194929	0.014192074595484883	0.012136979246861301	0.7249174974858761	0.03748346643988043	False	True	0.03381103277206421	0.05179325118660927	0.0015873040538281202	8.954136865213513e-05	0.9106323719024658	0.002086407970637083	True	0.3040226101875305	0.28424420952796936	0.05200638622045517	0.0482792928814888	0.16777287423610687	0.14367464184761047
1i5d59	arnold schwarzenegger grimacing	data/processed/pro_fakeddit/images/1i5d59.jpg	0	1	False	0.38138414919376373	0.12778761610388756	0.18082284927368164	0.38138414919376373	0.039683783426880836	0.024956439272500575	0.2535965330898762	0.11955619044601917	False	True	0.1757013350725174	0.41448870301246643	0.017259560525417328	0.0031830999068915844	0.28994619846343994	0.09942104667425156	True	0.19618739187717438	0.28207048773765564	0.10695645213127136	0.09027645736932755	0.14454753696918488	0.17996162176132202
62b4c9	that time huma was asked to plan hillarys funeral	data/processed/pro_fakeddit/images/62b4c9.jpg	0	4	False	0.5121209137141705	0.34245847165584564	0.16745716705918312	0.1696624420583248	0.0365705662406981	0.018056986096780747	0.5121209137141705	0.09613192453980446	False	True	0.1426287591457367	0.1440669149160385	0.015951035544276237	0.0028098488692194223	0.630337119102478	0.0642063319683075	True	0.2419423907995224	0.24644902348518372	0.09842915832996368	0.06379839777946472	0.15747229754924774	0.19190870225429535
bgzw1l	this tree growing out of a tree stump	data/processed/pro_fakeddit/images/bgzw1l.jpg	0	4	False	0.720822848379612	0.6217090468853712	0.09911380149424076	0.02659662941005081	0.06275775679387152	0.03407204578979872	0.720822848379612	0.0566369112348184	False	True	0.074065662920475	0.005081724841147661	0.012403870932757854	0.0004652944626286626	0.9035625457763672	0.00442087696865201	True	0.17425821721553802	0.09114134311676025	0.21381941437721252	0.1348922997713089	0.1726037561893463	0.21328501403331757
bterh9	this monitor in a food court show you all the public transportation and rideshare options you have in one location	data/processed/pro_fakeddit/images/bterh9.jpg	0	4	False	0.5126637853682041	0.26238513737916946	0.25027864798903465	0.09287859406322241	0.0442156617064029	0.03725639617186971	0.5126637853682041	0.06270690402016044	False	True	0.2756369709968567	0.04987788572907448	0.013716614805161953	0.0014868065482005477	0.6387864947319031	0.020495237782597542	True	0.17420367896556854	0.2218807190656662	0.13571280241012573	0.1445651650428772	0.13429565727710724	0.18934190273284912
c4v1iyt	no one thought of this okay	data/processed/pro_fakeddit/images/c4v1iyt.jpg	4	4	True	0.7635009177029133	0.6752659962512553	0.08823492145165801	0.08480689791031182	0.010566069759079255	0.005898535979213193	0.7635009177029133	0.04699267576506827	False	True	0.0229486096650362	0.012260041199624538	0.00048209604574367404	0.0003429263597354293	0.9633117318153381	0.0006546147051267326	True	0.28409385681152344	0.30244746804237366	0.040817990899086	0.022565364837646484	0.16406847536563873	0.18600685894489288
3luh1z	came into work to see the real life scoobydoo	data/processed/pro_fakeddit/images/3luh1z.jpg	3	0	False	0.38042155280709267	0.20592957362532616	0.38042155280709267	0.1744919791817665	0.12341584824025631	0.02953207609243691	0.13053319416940212	0.1616053655743599	False	True	0.43081286549568176	0.18623419106006622	0.12818317115306854	0.012567385099828243	0.09702052921056747	0.14518187940120697	True	0.22924761474132538	0.13926534354686737	0.10911387950181961	0.08042614907026291	0.23107118904590607	0.21087582409381866
c2y4n9	you can do the can can dance easy now as un deux trois everybody ooh la la do the can can	data/processed/pro_fakeddit/images/c2y4n9.jpg	2	4	False	0.6740484572947025	0.5411482760682702	0.1290923859924078	0.13290018122643232	0.01031180210702587	0.012649643103941344	0.6740484572947025	0.04099744837731123	False	True	0.08892423659563065	0.048067931085824966	0.0005645295022986829	0.000720411364454776	0.8524852991104126	0.009237486869096756	True	0.24959683418273926	0.3873969316482544	0.03955361992120743	0.04843733832240105	0.13873793184757233	0.13627733290195465
coyq8c	this unusual cork on a german caprisun	data/processed/pro_fakeddit/images/coyq8c.jpg	0	4	False	0.6017644815146923	0.45835623890161514	0.0860885139554739	0.14340824261307716	0.053050666465424	0.02947916026460007	0.6017644815146923	0.08620889578014612	False	True	0.05395667999982834	0.13800202310085297	0.007068429607897997	0.0022693590726703405	0.7512552738189697	0.04744815453886986	True	0.18248401582241058	0.15962690114974976	0.19099737703800201	0.11110856384038925	0.15329210460186005	0.20249111950397491
67qwvt	the garbage is delighted to see me	data/processed/pro_fakeddit/images/67qwvt.jpg	2	4	False	0.7271067053079605	0.6063530221581459	0.1207536831498146	0.09996648831292987	0.008718601864529774	0.011025001760572195	0.7271067053079605	0.03242960723582655	False	True	0.05652454495429993	0.014144578948616982	0.001241356716491282	0.0030308905988931656	0.9216833710670471	0.0033753360621631145	True	0.31344109773635864	0.35743221640586853	0.03115033730864525	0.03500733524560928	0.14337670803070068	0.11959242075681686
660swy	trump to overhaul visa program for highskilled workers	data/processed/pro_fakeddit/images/660swy.jpg	0	4	False	0.37041274830698967	0.07411337271332741	0.12849300168454647	0.29629937559366226	0.03105693170800805	0.02914049313403666	0.37041274830698967	0.14459747076034546	False	True	0.09281385689973831	0.30424192547798157	0.021276740357279778	0.014934237115085125	0.4496670067310333	0.11706627905368805	True	0.23553043603897095	0.27247172594070435	0.06039750576019287	0.07175926119089127	0.1326499730348587	0.2271910458803177
9g27bc	this little guy and other squirrels hijacked our tour at michigan state university	data/processed/pro_fakeddit/images/9g27bc.jpg	0	4	False	0.6223852261900902	0.43383902683854103	0.18854619935154915	0.06388579402118921	0.033894992200657725	0.037023141456302255	0.6223852261900902	0.054264688631519675	False	True	0.17242270708084106	0.020277809351682663	0.012582496739923954	0.0023438327480107546	0.7821416854858398	0.010231507010757923	True	0.2369166761636734	0.19470974802970886	0.09783247858285904	0.14106106758117676	0.1431158483028412	0.18636423349380493
b2smax	north american water spill	data/processed/pro_fakeddit/images/b2smax.jpg	0	4	False	0.6771856658160686	0.5391433294862509	0.13804233632981777	0.09876337321475148	0.021238987566903234	0.011231316966586746	0.6771856658160686	0.05353834154084325	False	True	0.09724489599466324	0.024288838729262352	0.008496678434312344	0.0006671507726423442	0.8506765365600586	0.018625935539603233	True	0.26043465733528137	0.32218697667121887	0.0594659149646759	0.04292381554841995	0.15671305358409882	0.1582755595445633
14akpa	dick cheneys heart to get its own memoir	data/processed/pro_fakeddit/images/14akpa.jpg	0	4	False	0.5068696290254593	0.30363044887781143	0.20323918014764786	0.17167150974273682	0.028944576159119606	0.0193405132740736	0.5068696290254593	0.06993463728576899	False	True	0.17770257592201233	0.1270447075366974	0.017857331782579422	0.009418681263923645	0.6285592317581177	0.03941750153899193	True	0.27984899282455444	0.3055519163608551	0.06220630928874016	0.04910600930452347	0.14180082082748413	0.16148604452610016
7vz4np	the koreans who cheer for other countries its just sports its okay to support other countries and other athletes says founder of strong group dedicated to cheering nonlocal teams	data/processed/pro_fakeddit/images/7vz4np.jpg	0	4	False	0.5129083897918463	0.278421962633729	0.2344864271581173	0.14141231402754784	0.024582940386608243	0.021987603628076613	0.5129083897918463	0.06462236121296883	False	True	0.2327144891023636	0.09229777753353119	0.00835298653692007	0.004904411267489195	0.6448129415512085	0.016917452216148376	True	0.23980224132537842	0.2887559235095978	0.07327280193567276	0.07323718070983887	0.11719473451375961	0.20773708820343018
71o25c	fraud section fraud section	data/processed/pro_fakeddit/images/71o25c.jpg	1	4	False	0.5123787224292755	0.2733374796807766	0.23904124274849892	0.14652873948216438	0.03777826623991132	0.024022982397582382	0.5123787224292755	0.0402501008938998	False	True	0.2165650874376297	0.09507663547992706	0.029276547953486443	0.0024304476100951433	0.6485979557037354	0.008053393103182316	True	0.30646970868110657	0.30088505148887634	0.06328342109918594	0.0888005867600441	0.103721022605896	0.13684022426605225
blhqd2	my orange has extra small orange slices in it	data/processed/pro_fakeddit/images/blhqd2.jpg	0	4	False	0.5032249633222818	0.2604514341801405	0.24277352914214134	0.12350625544786453	0.031011379731353372	0.015517999665462412	0.5032249633222818	0.08396581932902336	False	True	0.24931511282920837	0.09673918783664703	0.0034914978314191103	0.0005753912846557796	0.6295620203018188	0.02031673491001129	True	0.22314877808094025	0.20380745828151703	0.11357102543115616	0.06034582480788231	0.1242137923836708	0.27491307258605957
buj9c5	backwardsforwards i dont get it myself	data/processed/pro_fakeddit/images/buj9c5.jpg	2	4	False	0.7444432564079762	0.6380951786413789	0.10634807776659727	0.08158743323292583	0.015912241535261273	0.007374285603873432	0.7444432564079762	0.044334649050142616	False	True	0.05116188898682594	0.0050959778018295765	0.004569861106574535	0.0005797152407467365	0.9370355010032654	0.0015569862443953753	True	0.27190664410591125	0.3110617995262146	0.04993938282132149	0.027757996693253517	0.16666652262210846	0.17266763746738434
297ilh	for birthday yearold boy saves dogs from kill shelters	data/processed/pro_fakeddit/images/297ilh.jpg	0	1	False	0.409534752368927	0.14022227004170418	0.22276441752910614	0.409534752368927	0.02323044533841312	0.013575973745901138	0.2693124823272228	0.061581939458847046	False	True	0.20756378769874573	0.4408388137817383	0.012571689672768116	0.00039624026976525784	0.3143126368522644	0.024316832423210144	True	0.2683663070201874	0.31562256813049316	0.05520671233534813	0.05311517417430878	0.13431201875209808	0.17337726056575775
78owsb	the president of israel dabbing	data/processed/pro_fakeddit/images/78owsb.jpg	0	4	False	0.5503030270338058	0.3148450516164303	0.11729931831359863	0.23545797541737556	0.022128282813355327	0.018658017739653587	0.5503030270338058	0.05615337216295302	False	True	0.09007635712623596	0.21548189222812653	0.004034251905977726	0.0006584152579307556	0.6759999990463257	0.013749073259532452	True	0.19896820187568665	0.2953862249851227	0.07641037553548813	0.07265682518482208	0.17321211099624634	0.18336626887321472
3yc4xi	hair stylists spend all day giving free haircuts to homeless people for christmas see video	data/processed/pro_fakeddit/images/3yc4xi.jpg	0	1	False	0.47699856758117676	0.2669949196279049	0.18636592105031013	0.47699856758117676	0.02845171367516741	0.029781730700051412	0.21000364795327187	0.06839842582121491	False	True	0.17880120873451233	0.566523015499115	0.0034721430856734514	0.0012263479875400662	0.23312179744243622	0.016855476424098015	True	0.20906005799770355	0.20842522382736206	0.10339042544364929	0.11544787883758545	0.1406491994857788	0.2230272740125656
b5qmk7	algeria army urges removal of president abdelaziz bouteflika	data/processed/pro_fakeddit/images/b5qmk7.jpg	0	1	False	0.5427375286817551	0.4031743109226227	0.11016766726970673	0.5427375286817551	0.046873243525624275	0.04787745838984847	0.13956321775913239	0.11278093606233597	False	True	0.07242609560489655	0.6504203081130981	0.03675549477338791	0.01866615004837513	0.13188986480236053	0.08984214067459106	True	0.22339238226413727	0.21968919038772583	0.07722648978233337	0.1355113834142685	0.16258327662944794	0.18159732222557068
1clnza	nipple tattooing sweeps uk as women strive for perfect boobs	data/processed/pro_fakeddit/images/1clnza.jpg	0	1	False	0.516394354403019	0.2912379391491413	0.16327852755784988	0.516394354403019	0.01536888291593641	0.015629647008609027	0.22515641525387764	0.06417222879827023	False	True	0.12307712435722351	0.606144368648529	0.003364053089171648	0.002163218567147851	0.22997824847698212	0.03527308255434036	True	0.283882737159729	0.24714431166648865	0.0513833723962307	0.056028932332992554	0.2106909155845642	0.15086966753005981
53trsa	black cat sitting on a rail	data/processed/pro_fakeddit/images/53trsa.jpg	0	4	False	0.4702435564249754	0.25422400049865246	0.21601955592632294	0.15625272691249847	0.05656873935367912	0.03817262517986819	0.4702435564249754	0.06274280557408929	False	True	0.23227624595165253	0.15175266563892365	0.005744945723563433	0.002699688309803605	0.5933837294578552	0.01414276473224163	True	0.16724948585033417	0.16975291073322296	0.20904012024402618	0.14459143579006195	0.10082303732633591	0.20854292809963226
c3l0qa	this cat that came up to me while i was eating had two eye colors	data/processed/pro_fakeddit/images/c3l0qa.jpg	0	4	False	0.5616813264787197	0.3290864862501621	0.2325948402285576	0.053714178036898375	0.053287246730178595	0.027649216033751145	0.5616813264787197	0.07107319217175245	False	True	0.23363032937049866	0.03025868721306324	0.019036145880818367	0.001546841929666698	0.6972505450248718	0.018277470022439957	True	0.22948837280273438	0.12408065050840378	0.15604054927825928	0.10595633834600449	0.15497367084026337	0.22946035861968994
d7vhf2	the roots of this tree form a vague image of che guevara	data/processed/pro_fakeddit/images/d7vhf2.jpg	0	4	False	0.6974620148539543	0.5469751507043839	0.15048686414957047	0.06199430162087083	0.02914064866490662	0.01758947276539402	0.6974620148539543	0.043326690909452736	False	True	0.10628810524940491	0.007197229191660881	0.008601724170148373	0.00047822119086049497	0.8710733652114868	0.0063613406382501125	True	0.28308314085006714	0.22638551890850067	0.09075742214918137	0.0689232274889946	0.1766279637813568	0.1542227417230606
1kg266	joffrey baratheon jack gleeson holding up a funny caricaturefrom rpics	data/processed/pro_fakeddit/images/1kg266.jpg	0	4	False	0.4572656862437725	0.22188356518745422	0.18061593547463417	0.23538212105631828	0.043598759453743696	0.03493476478615776	0.4572656862437725	0.04820268973708153	False	True	0.19096745550632477	0.23581713438034058	0.005432078614830971	0.0010588045697659254	0.5555135607719421	0.011210888624191284	True	0.14956137537956238	0.2340770810842514	0.15809880197048187	0.13656264543533325	0.1625220626592636	0.15917809307575226
2ftwyk	heroic bus passenger saves a man from a burning car man turns out to be his friends brother	data/processed/pro_fakeddit/images/2ftwyk.jpg	0	1	False	0.5528897419571877	0.38799452409148216	0.1648952178657055	0.5528897419571877	0.03674278128892183	0.022083685733377934	0.1256008818745613	0.09778763726353645	False	True	0.13496153056621552	0.6529790163040161	0.012806404381990433	0.0038073547184467316	0.12700778245925903	0.0684378445148468	True	0.2546962797641754	0.25262191891670227	0.10855191200971603	0.07691267877817154	0.12138018012046814	0.1858370155096054
d71fsu	defense minister vo nguyen giap celebrates after winning the first pick of the vietnam draft	data/processed/pro_fakeddit/images/d71fsu.jpg	2	4	False	0.5039892792701721	0.2558777257800102	0.10576181672513485	0.2481115534901619	0.03741162770893425	0.052801580881350674	0.5039892792701721	0.051924139726907015	False	True	0.0723278746008873	0.2765897512435913	0.006321561057120562	0.0007358712027780712	0.6225168704986572	0.02150805853307247	True	0.2060636430978775	0.16267696022987366	0.1306818276643753	0.20899870991706848	0.1484065055847168	0.14317238330841064
c9z1ef	my cola bottles are two different colors	data/processed/pro_fakeddit/images/c9z1ef.jpg	0	4	False	0.7094662077724934	0.5951814949512482	0.1142847128212452	0.0763730580219999	0.02705813874490559	0.010050082200905308	0.7094662077724934	0.06276780553162098	False	True	0.06537820398807526	0.0075582596473395824	0.012145056389272213	0.0006331597687676549	0.8945840001106262	0.01970132440328598	True	0.261004239320755	0.28281745314598083	0.07179738581180573	0.03830084949731827	0.1541128307580948	0.19196724891662598
5hn8i1	whats the point of revolving doors	data/processed/pro_fakeddit/images/5hn8i1.jpg	5	4	False	0.6542128212749958	0.514040119946003	0.14017270132899284	0.12257122714072466	0.010091712159919553	0.009819149694521911	0.6542128212749958	0.06313236011192203	False	True	0.1021963506937027	0.054437603801488876	0.00032329611713066697	0.0008282074122689664	0.8271051645278931	0.015109339728951454	True	0.2541017532348633	0.326972097158432	0.03939696028828621	0.036791976541280746	0.13553579151630402	0.20720142126083374
bs1dar	new bill would require agents to actually have probable cause to search electronic devices at the border this bill would serve as a pretty basic protection for people traveling in and out of the country	data/processed/pro_fakeddit/images/bs1dar.jpg	0	4	False	0.49820078536868095	0.31740665808320045	0.1807941272854805	0.1423923447728157	0.02440867479890585	0.06420978251844645	0.49820078536868095	0.08999434672296047	False	True	0.1694510579109192	0.10433614253997803	0.009412523359060287	0.06029731407761574	0.6120677590370178	0.04443527013063431	True	0.21482333540916443	0.25656095147132874	0.06939712911844254	0.07594718784093857	0.15659986436367035	0.22667157649993896
26an1o	an osprey with a brown trout	data/processed/pro_fakeddit/images/26an1o.jpg	0	4	False	0.7014426179230213	0.5720078740268946	0.12943474389612675	0.05430705123580992	0.041563400882296264	0.026508238370297477	0.7014426179230213	0.046743909595534205	False	True	0.09520450979471207	0.012010286562144756	0.005344139877706766	0.00036888348404318094	0.8823584914207458	0.004713677801191807	True	0.2321254462003708	0.18119734525680542	0.15022118389606476	0.10492630302906036	0.15869499742984772	0.1728346049785614
88bcnh	theresa and the british parliament executing brexit circa	data/processed/pro_fakeddit/images/88bcnh.jpg	2	4	False	0.5079753510653973	0.28327343612909317	0.17405976727604866	0.2247019149363041	0.03405590774491429	0.015507576041272841	0.5079753510653973	0.0436994859483093	False	True	0.14813359081745148	0.19208158552646637	0.028897887095808983	0.0005512510542757809	0.6172050833702087	0.01313058752566576	True	0.2518382966518402	0.32256290316581726	0.049529969692230225	0.06037655100226402	0.18028615415096283	0.13540618121623993
c6g3il	this pool charges by height	data/processed/pro_fakeddit/images/c6g3il.jpg	0	4	False	0.5129291340708733	0.3313125856220722	0.16623688489198685	0.07286830991506577	0.050485363230109215	0.01586376834893599	0.5129291340708733	0.18161654844880104	False	True	0.13508206605911255	0.024781227111816406	0.035533271729946136	0.002572406781837344	0.6406925916671753	0.1613384485244751	True	0.25970134139060974	0.21712955832481384	0.09534163773059845	0.055737853050231934	0.12963876128196716	0.24245084822177887
1l26hk	two squirrels going at it	data/processed/pro_fakeddit/images/1l26hk.jpg	0	4	False	0.6018238626420498	0.40063929930329323	0.20118456333875656	0.1080653928220272	0.026527471374720335	0.014162266117637046	0.6018238626420498	0.04823645483702421	False	True	0.18249407410621643	0.05232967436313629	0.004873061552643776	0.0005635525449179113	0.7522129416465759	0.007526714354753494	True	0.25725603103637695	0.27527254819869995	0.09149070084095001	0.05495840683579445	0.15065662562847137	0.17036567628383636
bvh06x	the john candy joke that still makes steve martin cry	data/processed/pro_fakeddit/images/bvh06x.jpg	5	1	False	0.46802201867103577	0.15351130068302155	0.10887506045401096	0.46802201867103577	0.028994595864787698	0.02051223663147539	0.3145107179880142	0.05908535374328494	False	True	0.07180178910493851	0.5234690308570862	0.0065590692684054375	0.0054307361133396626	0.37341493368148804	0.019324416294693947	True	0.22009487450122833	0.3016809821128845	0.09630117565393448	0.06575673818588257	0.13779807090759277	0.17836816608905792
74fyax	corpsepaint condom machine is kvlt af	data/processed/pro_fakeddit/images/74fyax.jpg	2	4	False	0.6998036727309227	0.6017377190291882	0.09806595370173454	0.08377882651984692	0.027926737791858613	0.026569599867798388	0.6998036727309227	0.06385518843308091	False	True	0.05714498460292816	0.037443406879901886	0.005069584120064974	0.006132255773991346	0.876244843006134	0.017964927479624748	True	0.2208288609981537	0.222785085439682	0.09649819880723953	0.08788163214921951	0.1704801619052887	0.2015259712934494
cmqfm6	yearold starts el paso challenge for the community to do good deeds for each lives lost	data/processed/pro_fakeddit/images/cmqfm6.jpg	0	4	False	0.41693514958024025	0.13698819652199745	0.2799469530582428	0.18002063781023026	0.030501308850944042	0.017772488528862596	0.41693514958024025	0.07482346426695585	False	True	0.2819671034812927	0.14175370335578918	0.018993858247995377	0.00865964125841856	0.5052540898323059	0.04337160661816597	True	0.273886501789093	0.29482144117355347	0.06502366065979004	0.0451110303401947	0.15197832882404327	0.1691790372133255
5yiyn7	americans now drink more bottled water than soda	data/processed/pro_fakeddit/images/5yiyn7.jpg	0	4	False	0.6848426535725594	0.5735838171094656	0.10290370229631662	0.11125883646309376	0.013342877937247977	0.01049364049686119	0.6848426535725594	0.07715830206871033	False	True	0.054680269211530685	0.03885095566511154	0.0009541810723021626	0.00025173858739435673	0.873620331287384	0.031642526388168335	True	0.24757400155067444	0.3284824788570404	0.05050896853208542	0.04121934622526169	0.11850962042808533	0.2137056291103363
b7twys	reeses owns the color orange	data/processed/pro_fakeddit/images/b7twys.jpg	0	5	False	0.43106846138834953	0.19277594983577728	0.23829251155257225	0.10010236594825983	0.030204209964722395	0.015215051476843655	0.18511744029819965	0.43106846138834953	False	True	0.22390426695346832	0.03817639872431755	0.021852830424904823	0.005761993583291769	0.2059791535139084	0.5043253898620605	True	0.28145724534988403	0.28588026762008667	0.05525834858417511	0.04357422515749931	0.12253230065107346	0.2112976759672165
1fi890	a hare taking a relaxing bath in the sink	data/processed/pro_fakeddit/images/1fi890.jpg	0	4	False	0.5703106634318829	0.36470117419958115	0.2056094892323017	0.10645858198404312	0.03841332138108555	0.035059076342804474	0.5703106634318829	0.04414878797251731	False	True	0.2082197517156601	0.06469611823558807	0.0005438101361505687	9.222400694852695e-05	0.7233356237411499	0.0031123808585107327	True	0.19777870178222656	0.23174597322940826	0.1520218551158905	0.13995963335037231	0.11123578250408173	0.16725800931453705
6i736j	republican datamining firm exposed personal information for virtually every american voter	data/processed/pro_fakeddit/images/6i736j.jpg	0	4	False	0.5999517850577831	0.4573282040655613	0.14262358099222183	0.11365616880357265	0.024849965702742338	0.02678388962522149	0.5999517850577831	0.09213462565094233	False	True	0.11782476305961609	0.07115598767995834	0.007897155359387398	0.004141917452216148	0.7493316531181335	0.049648549407720566	True	0.21702003479003906	0.2411567121744156	0.07570839673280716	0.09470980614423752	0.15181218087673187	0.2195928543806076
9h82yb	accusers schoolmate i recall hearing of alleged kavanaugh incident	data/processed/pro_fakeddit/images/9h82yb.jpg	0	4	False	0.5000490769743919	0.2873728685081005	0.15323032811284065	0.21267620846629143	0.023129991255700588	0.04410241451114416	0.5000490769743919	0.06681195367127657	False	True	0.12729370594024658	0.19190005958080292	0.009288955479860306	0.029554661363363266	0.6140385866165161	0.02792399749159813	True	0.23104019463062286	0.27500465512275696	0.06465309858322144	0.08774567395448685	0.1580805480480194	0.1834758222103119
cofcfcm	and on that day america was born	data/processed/pro_fakeddit/images/cofcfcm.jpg	4	4	True	0.7473921813070774	0.6457918542437255	0.09233601344749331	0.10160032706335187	0.01145661512418883	0.0070084962535474915	0.7473921813070774	0.040206298013799824	False	True	0.020402202382683754	0.02550469897687435	0.0004550638550426811	0.00018976324645336717	0.9526893496513367	0.0007588264415971935	True	0.308137446641922	0.3298872113227844	0.044461268931627274	0.027464695274829865	0.13150067627429962	0.15854871273040771
59xjcl	senator ted cruz feeding ice cream to his wife heidi with a tiny spoon	data/processed/pro_fakeddit/images/59xjcl.jpg	0	4	False	0.3658024072647095	0.11888723447918892	0.24691517278552055	0.22425637766718864	0.039279596880078316	0.03844688733079238	0.3658024072647095	0.08529961947351694	False	True	0.27639061212539673	0.23806986212730408	0.00916791707277298	0.00043258434743620455	0.4244673550128937	0.051471736282110214	True	0.15848885476589203	0.18281592428684235	0.12961463630199432	0.1524897962808609	0.18980756402015686	0.18678326904773712
c5pjrrs	bale hey bale your shoot was hours ago go home	data/processed/pro_fakeddit/images/c5pjrrs.jpg	4	4	True	0.7850419841706753	0.695003867149353	0.09003811702132225	0.061178938049124554	0.022215059252630454	0.010942704560875427	0.7850419841706753	0.030583180247049313	False	True	0.019894078373908997	0.0018210666021332145	0.0003261693345848471	2.0436389604583383e-05	0.9775549173355103	0.00038330969982780516	True	0.300470232963562	0.23925255239009857	0.08788172900676727	0.04370950907468796	0.20750318467617035	0.12118279188871384
d02c0fr	this robot doing the girl	data/processed/pro_fakeddit/images/d02c0fr.jpg	4	4	True	0.7825334146618843	0.6990314067807049	0.07481031422503293	0.08350200788117945	0.012894367529952433	0.010814303268489311	0.7825334146618843	0.035445556160993874	False	True	0.014888032339513302	0.009128826670348644	0.0001700243738014251	0.00011174593964824453	0.9753237962722778	0.0003775409422814846	True	0.2545771598815918	0.3066215515136719	0.05106739699840546	0.04292197525501251	0.20416226983070374	0.14064960181713104
9ab3m5	tyson v holyfield the bite fight	data/processed/pro_fakeddit/images/9ab3m5.jpg	2	4	False	0.57426992431283	0.4001229926943779	0.17414693161845207	0.12230334244668484	0.04435248300433159	0.023250631260452792	0.57426992431283	0.061676664743572474	False	True	0.15360867977142334	0.08035891503095627	0.02648060768842697	0.0011485606664791703	0.7228447794914246	0.015558449551463127	True	0.23576168715953827	0.24813662469387054	0.09796810895204544	0.08955684304237366	0.1285453587770462	0.2000313103199005
ck7dgg	your old bra clasps can save injured turtles	data/processed/pro_fakeddit/images/ck7dgg.jpg	0	4	False	0.6094491519033909	0.44300420954823494	0.16644494235515594	0.08219077251851559	0.05516664683818817	0.016506064479472116	0.6094491519033909	0.07024244870990515	False	True	0.13439366221427917	0.03656821697950363	0.042359642684459686	0.001512004411779344	0.7642181515693665	0.02094835415482521	True	0.26259878277778625	0.21905843913555145	0.09358765929937363	0.06148824468255043	0.14514215290546417	0.21812473237514496
3bgcum	this image of taylor swift at a concert	data/processed/pro_fakeddit/images/3bgcum.jpg	0	4	False	0.5249538086354733	0.25644100829958916	0.2685128003358841	0.11115934886038303	0.030386682134121656	0.01632152458478231	0.5249538086354733	0.04866586485877633	False	True	0.27672332525253296	0.07099100202322006	0.01043424941599369	0.0007032597786746919	0.6326719522476196	0.008476240560412407	True	0.2438812255859375	0.23166438937187195	0.09024398028850555	0.06317631900310516	0.20179937779903412	0.1692347377538681
4i9b9l	russian bailiffs arrest debtors cat	data/processed/pro_fakeddit/images/4i9b9l.jpg	0	4	False	0.36730359494686127	0.02104884758591652	0.34625474736094475	0.17664774134755135	0.02441099309362471	0.031291302235331386	0.36730359494686127	0.0540915559977293	False	True	0.3817010521888733	0.14847154915332794	0.008229392580688	0.002248679520562291	0.4428882300853729	0.016461022198200226	True	0.23991583287715912	0.26117631793022156	0.07295579463243484	0.11841917037963867	0.1405496895313263	0.16698315739631653
7kizk0	xwing fighter crash lands on the uss long island during flight testing	data/processed/pro_fakeddit/images/7kizk0.jpg	2	4	False	0.6345758624374866	0.4682494141161442	0.16632644832134247	0.06111563369631767	0.04948152066208422	0.03661396844290721	0.6345758624374866	0.051886578323319554	False	True	0.15567442774772644	0.025395512580871582	0.013817417435348034	5.1902308769058436e-05	0.7940194010734558	0.011041364632546902	True	0.19828251004219055	0.16827599704265594	0.15647383034229279	0.14630016684532166	0.15624524652957916	0.1744222193956375
17wnqk	a small dog intimidating a larger one	data/processed/pro_fakeddit/images/17wnqk.jpg	0	4	False	0.40374453738331795	0.1620873026549816	0.23759451881051064	0.24165723472833633	0.03434929996728897	0.026166223629843444	0.40374453738331795	0.05648812314029783	False	True	0.25675472617149353	0.24224071204662323	0.0031489282846450806	0.0011957569513469934	0.49003222584724426	0.0066275750286877155	True	0.18011389672756195	0.23990680277347565	0.12795041501522064	0.1010776236653328	0.144881471991539	0.20606976747512817
asndxy	the rights of the people women are people a poster that listed various us states that gave women a right to vote before and after the ratification of the th amendment	data/processed/pro_fakeddit/images/asndxy.jpg	5	1	False	0.4084041640162468	0.17026573792099953	0.23813842609524727	0.4084041640162468	0.01849692699033767	0.021631669413181953	0.20506411790847778	0.10826472006738186	False	True	0.24308212101459503	0.43153685331344604	0.0036968267522752285	0.000682768935803324	0.2379196733236313	0.08308175951242447	True	0.22330734133720398	0.33900609612464905	0.062897227704525	0.08447837084531784	0.10649745166301727	0.18381360173225403
bnpw3r	my brothers hair is starting to grey but only on one side	data/processed/pro_fakeddit/images/bnpw3r.jpg	0	4	False	0.49260614812374115	0.22050391882658005	0.2721022292971611	0.1066887192428112	0.032425688579678535	0.015441535273566842	0.49260614812374115	0.08073566108942032	False	True	0.27416738867759705	0.050605133175849915	0.01731567084789276	0.003879680298268795	0.6146252155303955	0.03940688073635101	True	0.26590675115585327	0.27493947744369507	0.07775574177503586	0.05012710019946098	0.12654894590377808	0.20472200214862823
d96uwg	some pieces of fools gold that i have been collecting	data/processed/pro_fakeddit/images/d96uwg.jpg	0	4	False	0.6247403882443905	0.4628771282732487	0.16186325997114182	0.07522182608954608	0.021983227168675512	0.01986854507413227	0.6247403882443905	0.09632278047502041	False	True	0.13883036375045776	0.010626808740198612	0.003364409552887082	0.0007813223055563867	0.7912296652793884	0.05516747385263443	True	0.23096194863319397	0.2690068781375885	0.0778396800160408	0.07713021337985992	0.12527255713939667	0.21978870034217834
cltrhlc	not every customer is happy	data/processed/pro_fakeddit/images/cltrhlc.jpg	4	4	True	0.767495434731245	0.6708208830095828	0.09667455172166228	0.06315490964334458	0.015290197188733146	0.009652217901930271	0.767495434731245	0.04773263158858754	False	True	0.0226373840123415	0.0041530379094183445	0.001543955528177321	4.595525024342351e-05	0.9705255031585693	0.001094091567210853	True	0.31878605484962463	0.2401605248451233	0.05652892217040062	0.038471005856990814	0.15840522944927216	0.1876482516527176
7vhacs	the philadelphia super bowl riots expose a racist double standard	data/processed/pro_fakeddit/images/7vhacs.jpg	0	4	False	0.6661051884293556	0.5399191230535507	0.1261860653758049	0.10140891559422016	0.030323255574330688	0.018202686740551144	0.6661051884293556	0.05777387134730816	False	True	0.0880737155675888	0.03651537746191025	0.013432641513645649	0.0030482064466923475	0.839788019657135	0.019142024219036102	True	0.24052311480045319	0.2960895299911499	0.0809950977563858	0.06366612762212753	0.14505669474601746	0.17366941273212433
bwdulf	part of the bernie sanders is tanking in the polls after a dna test revealed that hes king	data/processed/pro_fakeddit/images/bwdulf.jpg	1	1	True	0.5997406169772148	0.46003804728388786	0.09546960704028606	0.5997406169772148	0.0255412335973233	0.02658786508254707	0.13970256969332695	0.11295810528099537	False	True	0.06613034754991531	0.691748857498169	0.008447700180113316	0.006412492133677006	0.14695492386817932	0.08030570298433304	True	0.18348738551139832	0.3237158954143524	0.07682183384895325	0.08711398392915726	0.11794550716876984	0.21091531217098236
2dkfxg	japan sends hello kitty into space	data/processed/pro_fakeddit/images/2dkfxg.jpg	0	4	False	0.5822937376797199	0.34924618899822235	0.23304754868149757	0.07956553902477026	0.024352405220270157	0.024730729579459876	0.5822937376797199	0.05601001379545778	False	True	0.2328006476163864	0.02565247192978859	0.007211074233055115	0.0006382151041179895	0.7282437682151794	0.005453773308545351	True	0.23378825187683105	0.24130474030971527	0.07577639818191528	0.09700827300548553	0.14444364607334137	0.20767873525619507
corb31	this compartment in this old radiator for heating stuff	data/processed/pro_fakeddit/images/corb31.jpg	0	4	False	0.7625878639519215	0.6834298875182867	0.07915797643363476	0.042772832326591015	0.03696146933361888	0.02202774737816071	0.7625878639519215	0.05649212375283241	False	True	0.03757023066282272	0.011094052344560623	0.0005263928323984146	0.00010815964196808636	0.9478366374969482	0.002864554524421692	True	0.20392121374607086	0.1378091722726822	0.14626669883728027	0.08778651058673859	0.20684154331684113	0.21737483143806458
d1x4ww	temperature gradients in an upright empty water bottle that was against the wall at work evaporation on one side condensation on the other	data/processed/pro_fakeddit/images/d1x4ww.jpg	0	4	False	0.6902429573237896	0.5876619853079319	0.1025809720158577	0.03955498617142439	0.05299758887849748	0.03858562756795436	0.6902429573237896	0.07603789493441582	False	True	0.0812683254480362	0.009520862251520157	0.01069322694092989	0.0010361499153077602	0.8602113127708435	0.03727017343044281	True	0.1665189117193222	0.12965735793113708	0.17991067469120026	0.15123406052589417	0.18033789098262787	0.19234105944633484
9j4ovo	i got a fortune cookie with two fortunes stuck together inside	data/processed/pro_fakeddit/images/9j4ovo.jpg	0	0	True	0.5143548026680946	0.36401650309562683	0.5143548026680946	0.13953116722404957	0.06811279989778996	0.0191704771714285	0.1503382995724678	0.10849244333803654	False	True	0.593422532081604	0.0969168171286583	0.06507034599781036	0.0064065768383443356	0.15200375020503998	0.0861799493432045	True	0.27715161442756653	0.2673742175102234	0.07724016159772873	0.057462178170681	0.14534194767475128	0.17542992532253265
7s47f1	saw this in twitter had to share	data/processed/pro_fakeddit/images/7s47f1.jpg	2	4	False	0.586342841386795	0.42974963411688805	0.156593207269907	0.13919765129685402	0.02092092065140605	0.0086867535719648	0.586342841386795	0.08825861848890781	False	True	0.12161068618297577	0.11412495374679565	0.009287087246775627	0.0027579008601605892	0.7106106281280518	0.041608743369579315	True	0.2615407705307007	0.2144157439470291	0.05582242086529732	0.026473311707377434	0.2135394811630249	0.2282082438468933
8hrm1w	taylor swift reputation tour az foster kids treated to private show	data/processed/pro_fakeddit/images/8hrm1w.jpg	0	4	False	0.343185156583786	0.03996254503726959	0.19539139419794083	0.3032226115465164	0.02719902922399342	0.03875024663284421	0.343185156583786	0.0922515382990241	False	True	0.1899747997522354	0.3349810540676117	0.005987255834043026	0.0028290804475545883	0.4054925739765167	0.06073522940278053	True	0.21164117753505707	0.2079472839832306	0.0908343493938446	0.14651374518871307	0.15626290440559387	0.18680046498775482
cz8m8u	this fallen tree branch thats planted roots	data/processed/pro_fakeddit/images/cz8m8u.jpg	0	4	False	0.7481823787093163	0.6662496440112591	0.08193273469805717	0.029215698246844113	0.05708592833252624	0.03126351819628326	0.7481823787093163	0.05231973738409579	False	True	0.05392983555793762	0.0020699813030660152	0.0025243123527616262	9.540847531752661e-05	0.9382134675979614	0.0031669912859797478	True	0.16594143211841583	0.1106528490781784	0.22077077627182007	0.12476784735918045	0.17808911204338074	0.1997779756784439
6v7v36	silverstrand beach were all going to die	data/processed/pro_fakeddit/images/6v7v36.jpg	1	4	False	0.6809386014938354	0.5307261571288109	0.15021244436502457	0.07283500162884593	0.02602427965030074	0.01196053865896829	0.6809386014938354	0.05802919412963092	False	True	0.10797205567359924	0.02575143612921238	0.004886733368039131	8.005598647287115e-05	0.8530282974243164	0.008281485177576542	True	0.27693361043930054	0.21408569812774658	0.08943691849708557	0.047601986676454544	0.16466951370239258	0.20727232098579407
3xych9	new high resolution photos of earths moon	data/processed/pro_fakeddit/images/3xych9.jpg	2	4	False	0.5413995310664177	0.2557527720928192	0.2856467589735985	0.05697546387091279	0.029651037650182843	0.02248587366193533	0.5413995310664177	0.06384135549888015	False	True	0.2916582524776459	0.0097950529307127	0.007932229898869991	0.012294843792915344	0.6568948030471802	0.021424846723675728	True	0.2676122784614563	0.19851669669151306	0.0948074609041214	0.053058963268995285	0.19491371512413025	0.1910908818244934
230fsc	it is illegal and a punishable crime to give or take dowry lets make our society dowryfree rangpur dinajpur rural organisation rangpur no datedowry outlawed x	data/processed/pro_fakeddit/images/230fsc.jpg	5	1	False	0.5066499188542366	0.23889398202300072	0.2677559368312359	0.5066499188542366	0.04746696166694164	0.0320219584973529	0.05876805819571018	0.08733715116977692	False	True	0.30262330174446106	0.5602110028266907	0.03262181580066681	0.0008472702465951443	0.050315238535404205	0.05338135361671448	True	0.16315384209156036	0.3459666669368744	0.09200239926576614	0.12554602324962616	0.08412651717662811	0.18920454382896423
bs71y1	everybody feels free here baltimores nightclub for disabled adults fosters love friendship and inclusion	data/processed/pro_fakeddit/images/bs71y1.jpg	0	1	False	0.37850770354270935	0.08561094477772713	0.22889850661158562	0.37850770354270935	0.02232768968679011	0.02252166747348383	0.2928967587649822	0.05484769446775317	False	True	0.21650917828083038	0.4181674122810364	0.008238363079726696	0.0032185742165893316	0.33521321415901184	0.018653253093361855	True	0.2660664916038513	0.25952857732772827	0.06459566950798035	0.08043094724416733	0.16594739258289337	0.16343101859092712
14o7as	westminster council cracks down on rare and mediumrare burgers	data/processed/pro_fakeddit/images/14o7as.jpg	0	1	False	0.2994823455810547	0.036108389496803284	0.23647653311491013	0.2994823455810547	0.024570043780840933	0.020466297428356484	0.2633739560842514	0.15563082695007324	False	True	0.23878200352191925	0.3199787735939026	0.005306787323206663	0.001497402205131948	0.3112896978855133	0.12314534187316895	True	0.22956012189388275	0.237993061542511	0.08235981315374374	0.07737298309803009	0.1196267306804657	0.25308728218078613
9ii2jj	washington redskin shooting the ball over the uprights	data/processed/pro_fakeddit/images/9ii2jj.jpg	0	4	False	0.43452487513422966	0.21208073198795319	0.22206802666187286	0.22244414314627647	0.04288857243955135	0.010458592209033668	0.43452487513422966	0.06761584896594286	False	True	0.21127894520759583	0.19391004741191864	0.023416049778461456	0.0016296938993036747	0.5369096994400024	0.032855626195669174	True	0.254435271024704	0.30804643034935	0.10130614042282104	0.03694528713822365	0.12737040221691132	0.17189651727676392
7l6x1c	i cheated on my phone a few years ago before it was meant to be present when the guilty one is punished	data/processed/pro_fakeddit/images/7l6x1c.jpg	3	4	False	0.7191071324050426	0.6162904454395175	0.10281668696552515	0.08505943277850747	0.018036683672107756	0.018320307251997292	0.7191071324050426	0.05665973969735205	False	True	0.05806444212794304	0.021014271304011345	0.002731106709688902	0.00014331704005599022	0.9140113592147827	0.0040354980155825615	True	0.23707342147827148	0.27719491720199585	0.06395341455936432	0.0728512778878212	0.13439445197582245	0.21453246474266052
cuasoqo	for fucks sake mom rick identifies as a trex and you dont hear his mother bitching about it	data/processed/pro_fakeddit/images/cuasoqo.jpg	4	4	True	0.7761231809854507	0.7044793010572903	0.06297964754048735	0.07164387992816046	0.01861267112690257	0.019212656565287034	0.7761231809854507	0.05142798394081183	False	True	0.003961853217333555	0.003576455404981971	0.00023518185480497777	6.186081009218469e-05	0.9920142292976379	0.00015043874736875296	True	0.24003303050994873	0.2758461534976959	0.07374513894319534	0.07666504383087158	0.12845003604888916	0.20526061952114105
73kj8l	oj simpson freed on parole ap citing nevada prison official	data/processed/pro_fakeddit/images/73kj8l.jpg	0	4	False	0.44388044998049736	0.09619089215993881	0.34768955782055855	0.07727435138076544	0.023246699827723205	0.04706114390864968	0.44388044998049736	0.06084777507930994	False	True	0.39278432726860046	0.03248206153512001	0.004533643368631601	0.01024472527205944	0.5429596900939941	0.01699553057551384	True	0.2124052494764328	0.21165122091770172	0.07938586920499802	0.1575103998184204	0.14664272964000702	0.19240450859069824
56sgee	sky island one of my whims	data/processed/pro_fakeddit/images/56sgee.jpg	1	4	False	0.5811010003089905	0.39163708686828613	0.18946391344070435	0.16726844385266304	0.014711407013237476	0.009577270713634789	0.5811010003089905	0.03787794115487486	False	True	0.14396503567695618	0.1452348232269287	0.0020368434488773346	0.00036523258313536644	0.7041395902633667	0.004258445929735899	True	0.32596054673194885	0.23336930572986603	0.0527350977063179	0.03721338510513306	0.21198523044586182	0.13873642683029175
8xw82z	this cat wearing a birthday hat	data/processed/pro_fakeddit/images/8xw82z.jpg	0	4	False	0.41855332627892494	0.0901869349181652	0.32836639136075974	0.14025679603219032	0.03145714907441288	0.02033549887710251	0.41855332627892494	0.06103084981441498	False	True	0.3535555303096771	0.1224106103181839	0.00451762555167079	0.001939167152158916	0.5034544467926025	0.014122650027275085	True	0.25279897451400757	0.1937953531742096	0.11227571964263916	0.07552449405193329	0.16384996473789215	0.20175544917583466
d7qrel	unmalnaebe books how does one make those letters stand out	data/processed/pro_fakeddit/images/d7qrel.jpg	3	5	False	0.417729951441288	0.20880825072526932	0.20892170071601868	0.15755552425980568	0.04660018626600504	0.010984879016177729	0.1582077592611313	0.417729951441288	False	True	0.1805337369441986	0.11848817765712738	0.03904915228486061	0.001623117714188993	0.16224291920661926	0.4980628788471222	True	0.2940855920314789	0.2747575640678406	0.06925328820943832	0.039070162922143936	0.14610227942466736	0.1767311692237854
3fx6rj	oh god i cant do this again	data/processed/pro_fakeddit/images/3fx6rj.jpg	2	4	False	0.5214743576943874	0.22328339889645576	0.29819095879793167	0.10997232794761658	0.014983464265242219	0.00822460005292669	0.5214743576943874	0.047154305037111044	False	True	0.3022063076496124	0.04148659110069275	0.005081712268292904	0.0022043816279619932	0.6275269389152527	0.021494077518582344	True	0.2861449122428894	0.31542953848838806	0.044688720256090164	0.026285255327820778	0.2033166140317917	0.12413498759269714
9jwxyr	seen at am we still dont know what the other clock is	data/processed/pro_fakeddit/images/9jwxyr.jpg	0	4	False	0.5393389537930489	0.369038213044405	0.1604301482439041	0.17030074074864388	0.02330355904996395	0.015351786802057177	0.5393389537930489	0.09127487428486347	False	True	0.12942364811897278	0.16615059971809387	0.004395477473735809	0.0019838891457766294	0.6464298963546753	0.05161655694246292	True	0.2534496486186981	0.18275116384029388	0.08002780377864838	0.05545547977089882	0.21806612610816956	0.21024982631206512
d7thzmj	china face read all about it	data/processed/pro_fakeddit/images/d7thzmj.jpg	4	1	False	0.4752415865659714	0.14972451515495777	0.09027192462235689	0.4752415865659714	0.04304008278995752	0.012066797142324504	0.3255170714110136	0.05386252864263952	False	True	0.03696822747588158	0.517874538898468	0.03824535012245178	0.0004444876976776868	0.3962046205997467	0.010262739844620228	True	0.25018301606178284	0.34734272956848145	0.05742428079247475	0.046933725476264954	0.1134544238448143	0.1846618950366974
atlgmz	starburst some how knew i prefer pink	data/processed/pro_fakeddit/images/atlgmz.jpg	0	4	False	0.5452162213623524	0.333637248724699	0.21157897263765335	0.11966816149652004	0.019381668185815215	0.012638034606425208	0.5452162213623524	0.09151693992316723	False	True	0.17875128984451294	0.07821706682443619	0.0051132263615727425	9.01574021554552e-05	0.6728417873382568	0.06498648971319199	True	0.3100620210170746	0.2440214455127716	0.06218699365854263	0.05028166621923447	0.16233952343463898	0.17110829055309296
d7e2ga	one red tomato on a yellow tomato plant	data/processed/pro_fakeddit/images/d7e2ga.jpg	0	4	False	0.39275388047099113	0.06188266724348068	0.33087121322751045	0.062002076767385006	0.07533993292599916	0.07841776229906827	0.39275388047099113	0.060615132097154856	False	True	0.3969612121582031	0.0493960939347744	0.011485215276479721	0.0063947527669370174	0.5045912265777588	0.03117149882018566	True	0.13260121643543243	0.09982002526521683	0.2669040858745575	0.29448679089546204	0.05724184215068817	0.14894603192806244
bpwfcv	found the rotting supplies from a fallout shelter in the woods	data/processed/pro_fakeddit/images/bpwfcv.jpg	0	4	False	0.47838183119893074	0.16547149792313576	0.312910333275795	0.07852718094363809	0.029454317409545183	0.01598508353345096	0.47838183119893074	0.08474128600209951	False	True	0.33597251772880554	0.023405222222208977	0.021565912291407585	0.0038999589160084724	0.5796526074409485	0.03550379350781441	True	0.2437237799167633	0.24389305710792542	0.05311953276395798	0.05224045738577843	0.1745695024728775	0.23245376348495483
c590vc	this hr format analog clock	data/processed/pro_fakeddit/images/c590vc.jpg	0	4	False	0.5270586237311363	0.22600385546684265	0.30105476826429367	0.06912381295114756	0.021140352822840214	0.011348968837410212	0.5270586237311363	0.07027345709502697	False	True	0.3062232732772827	0.03857637569308281	0.007126513868570328	0.0026427488774061203	0.5987138748168945	0.046717189252376556	True	0.28554925322532654	0.1607661247253418	0.06318186968564987	0.037467628717422485	0.3120928704738617	0.1409422606229782
9gy0g9	chewbacca over the moon after receiving his gold disk certification for over sales of his smash hit looking for love in alderaan places circa a long time ago in a galaxy far far away	data/processed/pro_fakeddit/images/9gy0g9.jpg	2	4	False	0.5311645660549402	0.25193500705063343	0.2792295590043068	0.07889360282570124	0.03517246583942324	0.03934818401467055	0.5311645660549402	0.036191610037349164	False	True	0.2954689562320709	0.017201226204633713	0.006337858270853758	0.0032653198577463627	0.6713036298751831	0.0064230081625282764	True	0.2305113673210144	0.2639707326889038	0.12167628854513168	0.14759677648544312	0.11074737459421158	0.12549741566181183
dgv643	nashville boom is great but its not equitable business leaders say this region is emerging as the next innovation hub liu said the question now for nashville is can this region demonstrate that inclusive innovation is possible	data/processed/pro_fakeddit/images/dgv643.jpg	0	4	False	0.6623407937586308	0.5258545577526093	0.1364862360060215	0.09957206435501575	0.021161697164643556	0.02459697288577445	0.6623407937586308	0.05584218981675804	False	True	0.10984265804290771	0.04409634321928024	0.001826124032959342	0.001145626767538488	0.8349151611328125	0.00817402545362711	True	0.21641696989536285	0.2659992277622223	0.0791684165596962	0.09495101124048233	0.1446176916360855	0.19884668290615082
b1xlz3	salt stain on boot looks like mushroom cloud	data/processed/pro_fakeddit/images/b1xlz3.jpg	0	4	False	0.5663537904620171	0.3876756504178047	0.17867814004421234	0.050193758215755224	0.06543034175410867	0.04680770728737116	0.5663537904620171	0.09253622591495514	False	True	0.18169525265693665	0.02355981059372425	0.016914529725909233	0.009037356823682785	0.7122291326522827	0.0565638542175293	True	0.16962680220603943	0.13009560108184814	0.21097777783870697	0.16011875867843628	0.1287277638912201	0.20045334100723267
critus	my cat is facing the camera and his eyes are wide open but you cant see them in the picture	data/processed/pro_fakeddit/images/critus.jpg	0	4	False	0.40962838381528854	0.062447622418403625	0.3471807613968849	0.14288898184895515	0.02296590688638389	0.014653455640655011	0.40962838381528854	0.06268255738541484	False	True	0.3774411380290985	0.11159320175647736	0.004242368973791599	0.0020413624588400126	0.48643970489501953	0.018242279067635536	True	0.25639963150024414	0.23677632212638855	0.07913652062416077	0.052489735186100006	0.17919442057609558	0.19600339233875275
bumaet	this atm requires cards to be inserted horizontally to help prevent skimmer attacks	data/processed/pro_fakeddit/images/bumaet.jpg	0	4	False	0.722893588244915	0.631674095056951	0.09121949318796396	0.057831824757158756	0.027191729750484228	0.030360601609572768	0.722893588244915	0.07050273939967155	False	True	0.046913545578718185	0.009495418518781662	0.007897967472672462	0.0021235914900898933	0.9102762341499329	0.023293226957321167	True	0.2241373360157013	0.20284104347229004	0.08507301658391953	0.11507163196802139	0.16074565052986145	0.21213127672672272
7oae4s	pat smear of the germspreforming live on stage with the washington grunge group nirvana	data/processed/pro_fakeddit/images/7oae4s.jpg	2	4	False	0.40876351296901703	0.03747837617993355	0.3712851367890835	0.09636557195335627	0.045692828483879566	0.03589891761657782	0.40876351296901703	0.04199405340477824	False	True	0.42905324697494507	0.050267647951841354	0.012586858123540878	0.0008242245530709624	0.5025328993797302	0.00473516620695591	True	0.19798080623149872	0.234659343957901	0.14501073956489563	0.1411229968070984	0.12745535373687744	0.15377071499824524
6oppz4	joe biden kissing a little girls head	data/processed/pro_fakeddit/images/6oppz4.jpg	0	4	False	0.5602514948695898	0.3959106747061014	0.11347096599638462	0.1643408201634884	0.061514698434621096	0.04112252366030589	0.5602514948695898	0.059299502056092024	False	True	0.10297485440969467	0.15218988060951233	0.014798929914832115	0.0003202378284186125	0.7076255083084106	0.02209056355059147	True	0.14495930075645447	0.20079363882541656	0.20166200399398804	0.1635293811559677	0.11812945455312729	0.1709263175725937
7ytt37	british pilot smiles before going off on his final flight	data/processed/pro_fakeddit/images/7ytt37.jpg	2	1	False	0.29645538702607155	0.00857783667743206	0.2788233794271946	0.29645538702607155	0.04391016950830817	0.0435653489548713	0.2878775503486395	0.04936813237145543	False	True	0.2969782054424286	0.3236994743347168	0.009499432519078255	0.008213049732148647	0.34579235315322876	0.01581745408475399	True	0.22435890138149261	0.2147231251001358	0.14714238047599792	0.14962224662303925	0.11413314193487167	0.15002016723155975
61lfuj	warning while bush spends billions playing cowboy million americans have no health insurance one american dies of aids every eight minutes act up us	data/processed/pro_fakeddit/images/61lfuj.jpg	5	4	False	0.4267920348793268	0.16149152256548405	0.09891187027096748	0.2653005123138428	0.04220048198476434	0.019420693279244006	0.4267920348793268	0.14737441390752792	False	True	0.0744687169790268	0.2624240219593048	0.02331416867673397	0.0033119353465735912	0.5398180484771729	0.09666311740875244	True	0.17224133014678955	0.27392998337745667	0.09885942190885544	0.06774696707725525	0.08771399408578873	0.29950830340385437
49h3vi	til of the poppy in george r r tolkien described his first big break in the netherlands injured nearly people and injuring more	data/processed/pro_fakeddit/images/49h3vi.jpg	3	1	False	0.2980210818350315	0.005815979093313217	0.2795971930027008	0.2980210818350315	0.03235732554458082	0.027510910265846178	0.2922051027417183	0.07030840683728456	False	True	0.2820907235145569	0.3270861804485321	0.007563312537968159	0.0008998798439279199	0.34470173716545105	0.0376582108438015	True	0.27211660146713257	0.21082578599452972	0.10673936456441879	0.10734400153160095	0.13471519947052002	0.16825899481773376
bjl9zd	cross section of egg that broke through shell during boiling	data/processed/pro_fakeddit/images/bjl9zd.jpg	0	4	False	0.5964512228965759	0.44096991792321205	0.15548130497336388	0.06835663877427578	0.06108383322134614	0.031229131898726337	0.5964512228965759	0.08739790320396423	False	True	0.14342376589775085	0.04501084238290787	0.007478071376681328	0.00022706767776980996	0.7616637945175171	0.04219648241996765	True	0.19165392220020294	0.13839402794837952	0.22190111875534058	0.12423532456159592	0.10081350803375244	0.22300216555595398
ddqmivi	i dont want no fop gahdammit	data/processed/pro_fakeddit/images/ddqmivi.jpg	4	4	True	0.7590128965675831	0.6738133933395147	0.08085093949921429	0.08519950322806835	0.017732213593262713	0.010489402899111155	0.7590128965675831	0.046715017771930434	False	True	0.014390065334737301	0.020419664680957794	0.00029478888609446585	0.00024581278557889163	0.9642044901847839	0.0004451379063539207	True	0.28023356199264526	0.2795390188694	0.07004448771476746	0.04122017323970795	0.14343811571598053	0.18552465736865997
1kn9ah	my friend found a sad pickle	data/processed/pro_fakeddit/images/1kn9ah.jpg	2	4	False	0.647088248282671	0.5198051501065493	0.1272830981761217	0.11425028927624226	0.03507061576237902	0.025641211032052524	0.647088248282671	0.050666499650105834	False	True	0.09234099835157394	0.09558536857366562	0.0014600988943129778	0.00030888704350218177	0.79962158203125	0.010683019645512104	True	0.23210939764976501	0.17024505138397217	0.13590216636657715	0.10163818299770355	0.1894882470369339	0.17061693966388702
1kn3d1	seattle seahawks and make a wish do something absolutely incredible for yo with rare heart condition	data/processed/pro_fakeddit/images/1kn3d1.jpg	0	4	False	0.38111212849617004	0.11508606746792793	0.2660260610282421	0.22814690321683884	0.034153718734160066	0.023770050960592926	0.38111212849617004	0.0667911865748465	False	True	0.2793962061405182	0.21554043889045715	0.012570629827678204	0.002242016140371561	0.4730965197086334	0.01715424470603466	True	0.22591562569141388	0.2659662961959839	0.09890298545360565	0.08835415542125702	0.10515895485877991	0.21570201218128204
5s1ipk	trump blasts socalled federal judges block of travel ban	data/processed/pro_fakeddit/images/5s1ipk.jpg	0	1	False	0.3986818864941597	0.12054432928562164	0.12478598020970821	0.3986818864941597	0.04753138776868582	0.020767633919604123	0.27813755720853806	0.13009558245539665	False	True	0.09513945132493973	0.4362238943576813	0.03900584951043129	0.005667494144290686	0.32793715596199036	0.09602619707584381	True	0.21372556686401367	0.28605586290359497	0.0731080025434494	0.06606805324554443	0.12873876094818115	0.23230373859405518
868ro2	padtampon dispenser looks like a metallic groot	data/processed/pro_fakeddit/images/868ro2.jpg	2	4	False	0.7104016840457916	0.6047961544245481	0.10560552962124348	0.07411862257868052	0.02902161580277607	0.03312945325160399	0.7104016840457916	0.04772311181295663	False	True	0.07400903850793839	0.0299251489341259	0.0017971827182918787	0.001763020409271121	0.8879979848861694	0.004507632460445166	True	0.20039500296115875	0.20669904351234436	0.11069491505622864	0.1272287517786026	0.1776127815246582	0.17736954987049103
d7a3wfc	an old picture has been retrieved	data/processed/pro_fakeddit/images/d7a3wfc.jpg	4	4	True	0.708239383995533	0.5430073514580727	0.16523203253746033	0.07024676958099008	0.014925843686796725	0.009576411510352045	0.708239383995533	0.03177950455574319	False	True	0.11988416314125061	0.02322910539805889	0.001558850985020399	0.002970578847452998	0.8513267040252686	0.0010305459145456553	True	0.3012756407260895	0.21129976212978363	0.0550268217921257	0.029393909499049187	0.2789774239063263	0.12402638047933578
cfwtgda	mary how do you control this fucking thing	data/processed/pro_fakeddit/images/cfwtgda.jpg	4	4	True	0.7701184824109077	0.6802116362378001	0.08990684617310762	0.08131090644747019	0.012201459234347567	0.008300816160044633	0.7701184824109077	0.03816147710313089	False	True	0.02274283394217491	0.014598619192838669	0.0011078977258875966	0.0006402836297638714	0.9596651792526245	0.0012451832881197333	True	0.29139888286590576	0.28144776821136475	0.04548214375972748	0.03128241375088692	0.20147839188575745	0.14891035854816437
7ooady	robert downey jr pretending to hold up the avengers logo	data/processed/pro_fakeddit/images/7ooady.jpg	0	4	False	0.5364135093986988	0.3665150851011276	0.16989842429757118	0.1574140228331089	0.04366866918280721	0.03840125087299384	0.5364135093986988	0.054204126819968224	False	True	0.1679440438747406	0.15028786659240723	0.0029041077941656113	0.0019096200121566653	0.6684905886650085	0.008463747799396515	True	0.17576156556606293	0.17879249155521393	0.165962353348732	0.14787614345550537	0.1401822715997696	0.19142526388168335
dchfeco	beware that which lurks in the dark	data/processed/pro_fakeddit/images/dchfeco.jpg	4	4	True	0.5637795478105545	0.29857971519231796	0.26519983261823654	0.08559672604314983	0.02176787075586617	0.012961824890226126	0.5637795478105545	0.05069419904612005	False	True	0.25902292132377625	0.011486143805086613	0.01274952944368124	0.0032387468963861465	0.7007779479026794	0.012724724598228931	True	0.28373056650161743	0.3079284727573395	0.04882289469242096	0.04213105887174606	0.1527843475341797	0.1646026223897934
75srzq	rare picture of adolf hitler without his mustache	data/processed/pro_fakeddit/images/75srzq.jpg	2	1	False	0.5628496333956718	0.35375189036130905	0.13700919784605503	0.5628496333956718	0.023945289285620674	0.02032977323688101	0.2090977430343628	0.04676841537002474	False	True	0.09189306944608688	0.6750141978263855	0.0016223994316533208	0.0009088190854527056	0.22285562753677368	0.007705941330641508	True	0.2723575830459595	0.22635594010353088	0.09091395884752274	0.07859263569116592	0.16782408952713013	0.16395583748817444
105aix	obama meets jayz and beyonce	data/processed/pro_fakeddit/images/105aix.jpg	0	4	False	0.5618468634784222	0.3395911902189255	0.2222556732594967	0.1244276762008667	0.026872583432123065	0.015691883992985822	0.5618468634784222	0.04890529974363744	False	True	0.20895735919475555	0.0683063268661499	0.008920722641050816	0.0003750176983885467	0.6985474824905396	0.014893081970512867	True	0.2621506154537201	0.2927917242050171	0.08072816580533981	0.06164248287677765	0.15174500644207	0.15094195306301117
9k5p2b	this chicken nugget dispenser at my campground	data/processed/pro_fakeddit/images/9k5p2b.jpg	0	4	False	0.7728131860494614	0.7195799441542476	0.05034975567832589	0.034644716302864254	0.04265529997064732	0.04630380455637351	0.7728131860494614	0.05323324189521372	False	True	0.021491331979632378	0.0065517486073076725	0.001545244944281876	0.000252012861892581	0.9678204655647278	0.0023392168805003166	True	0.13692502677440643	0.118923619389534	0.16598546504974365	0.18445917963981628	0.1877913475036621	0.20591531693935394
atbh3x	panorama of crucible lake	data/processed/pro_fakeddit/images/atbh3x.jpg	0	4	False	0.6787476316094398	0.4979235492646694	0.18082408234477043	0.03421785426326096	0.03350422115181573	0.03297473196289502	0.6787476316094398	0.03973153611877933	False	True	0.14804299175739288	0.0021720146760344505	0.0011465990683063865	0.0002512942301109433	0.8457818031311035	0.002605358837172389	True	0.2791673541069031	0.1303553730249405	0.13057708740234375	0.13114504516124725	0.17764511704444885	0.15111006796360016
1un0ad	my sons ninja puddle kick	data/processed/pro_fakeddit/images/1un0ad.jpg	0	4	False	0.6101425401866436	0.43015602603554726	0.17998651415109634	0.0956187630072236	0.029951041331514716	0.027503014087415067	0.6101425401866436	0.05679806787520647	False	True	0.17378610372543335	0.04117618128657341	0.009239939041435719	0.00018345379794482142	0.7672015428543091	0.008412715047597885	True	0.19858774542808533	0.2589465081691742	0.09208434820175171	0.1094616949558258	0.13896553218364716	0.20195412635803223
4h805l	abandoned sloth found a new friend	data/processed/pro_fakeddit/images/4h805l.jpg	0	4	False	0.6192003786563873	0.4539320692420006	0.16526830941438675	0.1164062200114131	0.022573017340619117	0.023619675892405212	0.6192003786563873	0.052932367427274585	False	True	0.13821935653686523	0.060221049934625626	0.003891076659783721	0.00592350447550416	0.7778165936470032	0.013928369618952274	True	0.2464151680469513	0.2849617302417755	0.0786188393831253	0.07670819014310837	0.1433517336845398	0.16994436085224152
8gqzbs	when this high schooler asked emma stone to be his date to prom she said yes but then got so trashed in the limo on the way there that she didnt even make it into the dance	data/processed/pro_fakeddit/images/8gqzbs.jpg	1	4	False	0.5462930165231228	0.34911415725946426	0.12757394649088383	0.19717885926365852	0.03630575677379966	0.028769927215762436	0.5462930165231228	0.06387850036844611	False	True	0.09283449500799179	0.19015786051750183	0.014874683693051338	0.006032896693795919	0.6662001013755798	0.02989995665848255	True	0.23179230093955994	0.2182418555021286	0.10059897601604462	0.09698101878166199	0.18657176196575165	0.1658141314983368
2857zc	awww the poor things terrified	data/processed/pro_fakeddit/images/2857zc.jpg	2	0	False	0.3650655001401901	0.03260594606399536	0.3650655001401901	0.20692186430096626	0.018683818052522838	0.008987899404019117	0.33245955407619476	0.06788136530667543	False	True	0.3891434371471405	0.19164715707302094	0.005279565695673227	0.0035977698862552643	0.3814915716648102	0.028840508311986923	True	0.292831689119339	0.25274598598480225	0.05889657512307167	0.025158287957310677	0.1853635013103485	0.18500393629074097
4qwlrw	an early publicity photo taken around the time of the casting of harry hermione and ron for the first harry potter movie	data/processed/pro_fakeddit/images/4qwlrw.jpg	0	4	False	0.5268285237252712	0.3083410821855068	0.2184874415397644	0.11030981875956059	0.04579160385765135	0.045009848225163296	0.5268285237252712	0.05357283912599087	False	True	0.23402734100818634	0.09416989237070084	0.012442137114703655	0.0005253659328445792	0.6462737321853638	0.012561626732349396	True	0.1718677431344986	0.15872959792613983	0.14584000408649445	0.17846329510211945	0.1684928983449936	0.17660647630691528
6xspe9	someone broke into his home ignored the electronics and stole legos worth	data/processed/pro_fakeddit/images/6xspe9.jpg	0	4	False	0.4069221317768097	0.1802019514143467	0.226720180362463	0.21512481570243835	0.019376009819097817	0.026124944677576423	0.4069221317768097	0.10573194175958633	False	True	0.21753306686878204	0.21450291574001312	0.005064827855676413	0.008220416493713856	0.4859824478626251	0.06869636476039886	True	0.25428152084350586	0.21699051558971405	0.06230955570936203	0.07983852922916412	0.1697411835193634	0.21683867275714874
2wvyxn	campaign leading white house contenders already violating finance laws report	data/processed/pro_fakeddit/images/2wvyxn.jpg	0	1	False	0.344194196164608	0.027004901319742203	0.3171892948448658	0.344194196164608	0.04355836380273104	0.03580703213810921	0.11462340131402016	0.14462778344750404	False	True	0.35426974296569824	0.366801917552948	0.029507208615541458	0.017156273126602173	0.10857026278972626	0.12369468808174133	True	0.20594795048236847	0.276371031999588	0.08571182936429977	0.09175930917263031	0.13278281688690186	0.20742706954479218
cgwqlm	my town released hundreds of goats to eat the grass on a hill	data/processed/pro_fakeddit/images/cgwqlm.jpg	0	4	False	0.648014310747385	0.5032764654606581	0.14473784528672695	0.09280012268573046	0.026444286690093577	0.016851679465617053	0.648014310747385	0.07115167286247015	False	True	0.11996576935052872	0.04378035292029381	0.004199061077088118	0.0002588816569186747	0.8116210699081421	0.020174745470285416	True	0.21905407309532166	0.2398594319820404	0.09317996352910995	0.06663007289171219	0.15719403326511383	0.22408245503902435
c76al6	this water bottle has a spot for your name	data/processed/pro_fakeddit/images/c76al6.jpg	0	4	False	0.6279920414090157	0.49034267105162144	0.13764937035739422	0.07220302755013108	0.034522678004577756	0.022199269093107432	0.6279920414090157	0.1054336316883564	False	True	0.10632433742284775	0.01941165141761303	0.015581510029733181	0.0018305054400116205	0.7655490636825562	0.09130293130874634	True	0.23162446916103363	0.23057715594768524	0.09134618192911148	0.08330556005239487	0.21532097458839417	0.14782573282718658
3eywnc	katie hopkins proposes euthanasia vans as uk has far too many old people	data/processed/pro_fakeddit/images/3eywnc.jpg	0	1	False	0.5162470266222954	0.3666958287358284	0.10665195435285568	0.5162470266222954	0.05539027042686939	0.040700679179280996	0.13145887479186058	0.14955119788646698	False	True	0.07689768075942993	0.6143351197242737	0.046468667685985565	0.026529597118496895	0.11968579888343811	0.11608313024044037	True	0.19591477513313293	0.22198274731636047	0.08215507864952087	0.0832139253616333	0.166778102517128	0.24995540082454681
49emmg	of top officials at northern powerhouse department work in london	data/processed/pro_fakeddit/images/49emmg.jpg	0	4	False	0.5346687622368336	0.35151636600494385	0.18315239623188972	0.14271340519189835	0.04233725927770138	0.01927723252447322	0.5346687622368336	0.07785091921687126	False	True	0.1559024304151535	0.08694440126419067	0.03767082840204239	0.0032654141541570425	0.6645264625549316	0.05169045925140381	True	0.2649022936820984	0.31002041697502136	0.056336551904678345	0.06731268763542175	0.14509566128253937	0.15633229911327362
avdoxi	samsung health icon looks like a duck looking right your left i posted in confusing perspective but no one could see it there	data/processed/pro_fakeddit/images/avdoxi.jpg	2	4	False	0.41308483853936195	0.1631666198372841	0.24991821870207787	0.18094416707754135	0.04707327717915177	0.0283874572487548	0.41308483853936195	0.08059205394238234	False	True	0.26080113649368286	0.1735033541917801	0.02052213065326214	0.0055398098193109035	0.49837350845336914	0.04126005247235298	True	0.21726946532726288	0.20326660573482513	0.12672671675682068	0.09693039953708649	0.1572188287973404	0.1985880583524704
16nb1y	john rocker writes in column that holocaust would have never taken place if jewish people had guns ny daily news	data/processed/pro_fakeddit/images/16nb1y.jpg	0	1	False	0.29501913487911224	0.009216483682394028	0.2858026511967182	0.29501913487911224	0.0443249405361712	0.030831422365736216	0.2518635354936123	0.09215836320072412	False	True	0.30924469232559204	0.3233712613582611	0.022402165457606316	0.0028026497457176447	0.2895255386829376	0.052653755992650986	True	0.21547652781009674	0.20996275544166565	0.11009326577186584	0.11491774022579193	0.1388775259256363	0.21067218482494354
6td0i1	nazis ecstatic trump refused to condemn white supremacist violence	data/processed/pro_fakeddit/images/6td0i1.jpg	0	4	False	0.5098702609539032	0.18930424004793167	0.07656899560242891	0.3205660209059715	0.021794444823171943	0.019837626779917628	0.5098702609539032	0.05136259272694588	False	True	0.021840672940015793	0.33771198987960815	0.0019976359326392412	0.0027283101808279753	0.6299700736999512	0.005751252174377441	True	0.24075396358966827	0.26912811398506165	0.08118487149477005	0.07116557657718658	0.14957082271575928	0.18819661438465118
50ey8s	professor hunger strikes against denial of tenure	data/processed/pro_fakeddit/images/50ey8s.jpg	0	4	False	0.44938327372074127	0.15816475450992584	0.29121851921081543	0.14123645052313805	0.01578513579443097	0.034713849890977144	0.44938327372074127	0.0676627354696393	False	True	0.3015854060649872	0.07887683808803558	0.003618931397795677	0.01752978377044201	0.556928813457489	0.04146018251776695	True	0.26011785864830017	0.32831528782844543	0.05228374898433685	0.08626604825258255	0.12674665451049805	0.14627039432525635
2oqtmo	asteroid strike warnings build towards campaigners big day of rock	data/processed/pro_fakeddit/images/2oqtmo.jpg	0	4	False	0.4160037711262703	0.24619758874177933	0.138163885101676	0.1477188877761364	0.10935979895293713	0.018947487988043576	0.4160037711262703	0.16980618238449097	False	True	0.1036023274064064	0.11181451380252838	0.11545006930828094	0.0020968818571418524	0.5044922232627869	0.16254399716854095	True	0.24184855818748474	0.25543200969696045	0.09108898788690567	0.06949930638074875	0.15053841471672058	0.191592738032341
1ouamz	troops on trucks with an explosion in the background	data/processed/pro_fakeddit/images/1ouamz.jpg	0	4	False	0.6509336307644844	0.5251569654792547	0.12577666528522968	0.05012459401041269	0.08828349789837375	0.044821690160461	0.6509336307644844	0.040059924067463726	False	True	0.1311919242143631	0.027704481035470963	0.002587551949545741	0.00021977144933771342	0.8356266021728516	0.002669682027772069	True	0.10953088849782944	0.11738493293523788	0.3453713357448578	0.17862744629383087	0.09685471653938293	0.1522306501865387
4o1aqr	tn state rep to give away ars at fundraiser	data/processed/pro_fakeddit/images/4o1aqr.jpg	0	4	False	0.45583729445934296	0.19915509968996048	0.16456321626901627	0.2566821947693825	0.019431469147093594	0.02870288072153926	0.45583729445934296	0.07478292379528284	False	True	0.13963055610656738	0.24118244647979736	0.005973496939986944	0.017133275046944618	0.5549706816673279	0.04110952839255333	True	0.23936119675636292	0.3031814396381378	0.059805385768413544	0.06341169774532318	0.15843713283538818	0.17580311000347137
46lrdo	planned avalanche buries russian town no warning to residents	data/processed/pro_fakeddit/images/46lrdo.jpg	0	0	True	0.41807587817311287	0.04394347593188286	0.41807587817311287	0.08169154264032841	0.02994556142948568	0.029605387069750577	0.37413240224123	0.06654926924966276	False	True	0.4828599989414215	0.03948988765478134	0.004178342409431934	0.0027648413088172674	0.45716047286987305	0.013546508736908436	True	0.22372351586818695	0.2082965075969696	0.10724721848964691	0.1101270243525505	0.1250481903553009	0.22555755078792572
2jxazs	saw this spooky guy in my ice cream cone	data/processed/pro_fakeddit/images/2jxazs.jpg	2	4	False	0.6616145260632038	0.5255425497889519	0.13607197627425194	0.07527085486799479	0.032205245050136	0.03269964855280705	0.6616145260632038	0.062137757893651724	False	True	0.12521186470985413	0.04399430379271507	0.0016875423025339842	0.0007532242452725768	0.8168858289718628	0.011467235162854195	True	0.16865231096744537	0.16910050809383392	0.12375835329294205	0.12853892147541046	0.19580061733722687	0.2141493260860443
5r5ggc	this new air selfie thing is quadrupleshocked	data/processed/pro_fakeddit/images/5r5ggc.jpg	2	4	False	0.7142899334430695	0.5934718511998653	0.08920420240610838	0.12081808224320412	0.01746599033504026	0.011285801761914627	0.7142899334430695	0.046936004888266325	False	True	0.049864742904901505	0.07587732374668121	0.0002830429875757545	0.00010557518544374034	0.8640379905700684	0.009831318631768227	True	0.207222580909729	0.2556403577327728	0.06901483237743378	0.044826481491327286	0.26504576206207275	0.15825006365776062
c6xua9h	its actually camouflage	data/processed/pro_fakeddit/images/c6xua9h.jpg	4	4	True	0.7671843841671944	0.6750019104219973	0.09218247374519706	0.07298426271881908	0.011590968410018831	0.00914209583424963	0.7671843841671944	0.04691573267336935	False	True	0.024643035605549812	0.007232267875224352	0.000499580753967166	0.0004626036388799548	0.9656566381454468	0.0015058075077831745	True	0.2948007881641388	0.27024024724960327	0.04486513137817383	0.03518057242035866	0.17176762223243713	0.18314550817012787
cllapo	this cloud looks like a buff rooster with a mace	data/processed/pro_fakeddit/images/cllapo.jpg	0	4	False	0.7816526144742966	0.7223924148129299	0.05610069748945534	0.05926019966136664	0.026158926702919416	0.03074053496311535	0.7816526144742966	0.04608695792558137	False	True	0.01051973458379507	0.00274422625079751	0.0009512524702586234	0.00018127272778656334	0.985063910484314	0.0005395390908233821	True	0.19284358620643616	0.22880811989307404	0.1017819494009018	0.12241832166910172	0.17141872644424438	0.18272921442985535
6s9p5s	authorities florida man lawyers pants catch on fire to bed while husband was sleeping in strangers garage	data/processed/pro_fakeddit/images/6s9p5s.jpg	3	4	False	0.4606160894036293	0.28112784773111343	0.12117748148739338	0.11916163004934788	0.17948824167251587	0.017898258025525138	0.4606160894036293	0.10165835358202457	False	True	0.09159890562295914	0.07492401450872421	0.21179281175136566	0.0010354571277275681	0.5626159906387329	0.058032892644405365	True	0.2099132090806961	0.25187447667121887	0.08257453143596649	0.06848666071891785	0.15461638569831848	0.2325347363948822
dhbmvr	this mini kart track right next to the real one	data/processed/pro_fakeddit/images/dhbmvr.jpg	0	4	False	0.5852587707340717	0.371615257114172	0.21364351361989975	0.08272849302738905	0.03398796252440661	0.013971916880109347	0.5852587707340717	0.07040930911898613	False	True	0.20114821195602417	0.06058729067444801	0.007182492408901453	0.00028949667466804385	0.7128365635871887	0.01795591413974762	True	0.2511294186115265	0.14915210008621216	0.11440437287092209	0.05501917749643326	0.20252539217472076	0.22776949405670166
8zg6y9	this snake is all wrapped up	data/processed/pro_fakeddit/images/8zg6y9.jpg	2	1	False	0.36302197352051735	0.11909807845950127	0.24392389506101608	0.36302197352051735	0.01936768728774041	0.015891700866632164	0.23752549290657043	0.12026919052004814	False	True	0.2431313544511795	0.40623053908348083	0.0025938102044165134	0.0026818388141691685	0.2390516996383667	0.10631066560745239	True	0.24630151689052582	0.2333962768316269	0.0696893185377121	0.05552128702402115	0.23294687271118164	0.1621447652578354
25ahrg	too bugged out to thug out	data/processed/pro_fakeddit/images/25ahrg.jpg	2	4	False	0.5397321395576	0.30382999777793884	0.23590214177966118	0.14611437357962132	0.01702943444252014	0.012215476424898952	0.5397321395576	0.049006464425474405	False	True	0.20842985808849335	0.09677814692258835	0.009568452835083008	0.002440170617774129	0.6632540822029114	0.019529325887560844	True	0.3183189928531647	0.2941230535507202	0.03941237926483154	0.04154139384627342	0.16916631162166595	0.1374378800392151
c26rhw	a former ohio teacher is facing sex charges involving more than female firstgraders john austin hopkins was indicted monday	data/processed/pro_fakeddit/images/c26rhw.jpg	0	1	False	0.2893134206533432	0.0005245581269264221	0.20299122110009193	0.2893134206533432	0.0356941195204854	0.05008315294981003	0.2887888625264168	0.13312920555472374	False	True	0.2094658762216568	0.3095510005950928	0.02128427103161812	0.0204191654920578	0.32558754086494446	0.11369210481643677	True	0.18356725573539734	0.22860068082809448	0.07892366498708725	0.1390751153230667	0.17839282751083374	0.19144050776958466
ck5cow	a collection of water on my patio table looks like fry from futurama about to be eaten by a fish	data/processed/pro_fakeddit/images/ck5cow.jpg	0	4	False	0.720945417881012	0.6380182225257158	0.08292719535529613	0.03973529348149896	0.048126917565241456	0.04133383819134906	0.720945417881012	0.06693133572116494	False	True	0.06249327212572098	0.006834251806139946	0.010327632538974285	0.0028044020291417837	0.9039289355278015	0.013611508533358574	True	0.1442289650440216	0.138438418507576	0.16152477264404297	0.1569221466779709	0.1719948649406433	0.22689081728458405
2e2gf2	man fakes own death to avoid upcoming wedding	data/processed/pro_fakeddit/images/2e2gf2.jpg	0	4	False	0.650055393576622	0.505905270576477	0.14415012300014496	0.08674364257603884	0.04140573041513562	0.023979145218618214	0.650055393576622	0.05366598628461361	False	True	0.10733890533447266	0.031123574823141098	0.02624884806573391	0.0036241947673261166	0.8167015910148621	0.014962933957576752	True	0.25458377599716187	0.25360384583473206	0.08687637746334076	0.0850439965724945	0.15011680126190186	0.16977514326572418
51u4bm	different colors chance and change	data/processed/pro_fakeddit/images/51u4bm.jpg	1	4	False	0.7161140851676464	0.6043166546151042	0.11179743055254221	0.10905899666249752	0.01319223627797328	0.009653870682086563	0.7161140851676464	0.04018333461135626	False	True	0.047639261931180954	0.04161856323480606	0.0008087690221145749	5.856245115865022e-05	0.9086893796920776	0.0011853910982608795	True	0.304271936416626	0.3113802969455719	0.05034263804554939	0.0384397953748703	0.13838820159435272	0.1571771651506424
1ck66j	tin of biscuits goes missing from police station and officers report it as a crime	data/processed/pro_fakeddit/images/1ck66j.jpg	0	4	False	0.46137654036283493	0.20047160983085632	0.2609049305319786	0.1042223684489727	0.032569690607488155	0.03934004425536841	0.46137654036283493	0.10158640518784523	False	True	0.27630069851875305	0.07857975363731384	0.010737050324678421	0.005801259074360132	0.5590760707855225	0.06950515508651733	True	0.21471762657165527	0.18115021288394928	0.09806761145591736	0.13995639979839325	0.16827794909477234	0.19783015549182892
ceaau6	the way the stem ripped from my peach	data/processed/pro_fakeddit/images/ceaau6.jpg	0	4	False	0.4284788966178894	0.0951266959309578	0.3333522006869316	0.09593994729220867	0.0318079594289884	0.019022207823581994	0.4284788966178894	0.09139877837151289	False	True	0.35842055082321167	0.04811161011457443	0.004527628887444735	0.0028993687592446804	0.5242363810539246	0.06180446222424507	True	0.25814715027809143	0.2394249588251114	0.11364895105361938	0.06739072501659393	0.14120644330978394	0.18018172681331635
4tv5u8	angrily charging into battle	data/processed/pro_fakeddit/images/4tv5u8.jpg	2	4	False	0.5236087925732136	0.2888035885989666	0.23480520397424698	0.17680183798074722	0.013958096038550138	0.010076485748868436	0.5236087925732136	0.04074961261358112	False	True	0.2201145589351654	0.12042903900146484	0.004229450598359108	0.002798419678583741	0.6448392271995544	0.007589314598590136	True	0.2788771390914917	0.34592023491859436	0.04314403235912323	0.03191068395972252	0.15991748869419098	0.14023050665855408
bhdxlg	my fortune cookie had three fortunes in it	data/processed/pro_fakeddit/images/bhdxlg.jpg	0	4	False	0.47451240941882133	0.19366808608174324	0.2808443233370781	0.09665338974446058	0.04103649687021971	0.01681720302440226	0.47451240941882133	0.09013618063181639	False	True	0.27702122926712036	0.044215861707925797	0.0319051556289196	0.003907996229827404	0.587020754814148	0.05592900887131691	True	0.2923136055469513	0.25396597385406494	0.06843052059412003	0.05554482340812683	0.1369873732328415	0.19275769591331482
dlpvzu	what i do with my spare time in construction class	data/processed/pro_fakeddit/images/dlpvzu.jpg	0	4	False	0.7776056453585625	0.6786680277436972	0.0989376176148653	0.07408804458100349	0.010298621491529047	0.005142012566466292	0.7776056453585625	0.033928054763237014	False	True	0.03316553682088852	0.0050047836266458035	0.0005098092369735241	4.6537508751498535e-05	0.9598253965377808	0.001447955030016601	True	0.29625385999679565	0.28133782744407654	0.03966505825519562	0.020428437739610672	0.2309463918209076	0.13136835396289825
44e6r9	newspaper dropped by the raf on the channel islands during the german occupation uk	data/processed/pro_fakeddit/images/44e6r9.jpg	5	1	False	0.36681772395968437	0.07202350348234177	0.2947942204773426	0.36681772395968437	0.07215392030775547	0.04032596340402961	0.16345886141061783	0.062449327670037746	False	True	0.329075425863266	0.4118855893611908	0.04471813887357712	0.0024036187678575516	0.18550802767276764	0.026409227401018143	True	0.19195060431957245	0.2316141277551651	0.15446126461029053	0.15409299731254578	0.0973113626241684	0.17056962847709656
cezsh5	a half and half tree i came across at the hat creek observatory	data/processed/pro_fakeddit/images/cezsh5.jpg	0	4	False	0.7480163909494877	0.683568854816258	0.06444753613322973	0.02546112082200125	0.056168412731494755	0.05639291452280304	0.7480163909494877	0.04951359849656001	False	True	0.040155816823244095	0.0032880210783332586	0.0021993492264300585	6.105365901021287e-05	0.9508953094482422	0.003400427056476474	True	0.13732269406318665	0.09198042005300522	0.21807560324668884	0.22538849711418152	0.13937963545322418	0.1878531128168106
dij6elx	sirsiri swearsirnot a single drop	data/processed/pro_fakeddit/images/dij6elx.jpg	4	4	True	0.7703768461942673	0.6867501591332257	0.0836266870610416	0.07982804556377232	0.015610708083841018	0.012684392888331786	0.7703768461942673	0.03787329766055336	False	True	0.01598806120455265	0.012767939828336239	0.0005656644352711737	0.0007030320120975375	0.9695141911506653	0.00046111110714264214	True	0.2865425646305084	0.28100836277008057	0.06074583902955055	0.04862847551703453	0.17296481132507324	0.15010985732078552
4wb43d	city of fairfax mayor arrested in methforsex bust police say	data/processed/pro_fakeddit/images/4wb43d.jpg	0	4	False	0.4993210732936859	0.2985808104276657	0.15927157923579216	0.2007402628660202	0.027406171429902315	0.05881545878946781	0.4993210732936859	0.054445468820631504	False	True	0.1549939662218094	0.17260873317718506	0.011237023398280144	0.0325346365571022	0.6091585755348206	0.019467081874608994	True	0.17210441827774048	0.28513485193252563	0.07591361552476883	0.13765792548656464	0.16980856657028198	0.15938062965869904
d9xzl0	spider making their web in front of my security camera this morning	data/processed/pro_fakeddit/images/d9xzl0.jpg	0	4	False	0.7101399339735508	0.6052661538124084	0.10487378016114235	0.05292231496423483	0.04636525432579219	0.02916930094943382	0.7101399339735508	0.056529392721131444	False	True	0.07819618284702301	0.010585669428110123	0.00666400883346796	0.0013340021250769496	0.897901713848114	0.005318394862115383	True	0.18490657210350037	0.17993225157260895	0.1654689908027649	0.11267519742250443	0.14685459434986115	0.21016238629817963
8fzxb9	find out what jason biggs mark zuckerberg and bernie sanders have to say	data/processed/pro_fakeddit/images/8fzxb9.jpg	1	1	True	0.5392637476325035	0.2845295909792185	0.08946622349321842	0.5392637476325035	0.01786513818660751	0.02035218826495111	0.254734156653285	0.07831858284771442	False	True	0.049469925463199615	0.5995496511459351	0.0034964147489517927	0.0017441334202885628	0.3058668375015259	0.03987310081720352	True	0.20945511758327484	0.35840603709220886	0.06097130849957466	0.07617635279893875	0.10133611410856247	0.19365502893924713
2jjvm7	ellen degeneres is very generous donation to help nfl players daughter fight cancer	data/processed/pro_fakeddit/images/2jjvm7.jpg	0	4	False	0.4786536209285259	0.2508968636393547	0.12651309743523598	0.22775675728917122	0.03671544790267944	0.026110199425602332	0.4786536209285259	0.10425090231001377	False	True	0.09248813986778259	0.23098815977573395	0.019954785704612732	0.000943063641898334	0.5860411524772644	0.06958471983671188	True	0.22858797013759613	0.21806254982948303	0.08699743449687958	0.10161160677671432	0.15649102628231049	0.20824944972991943
8embki	plantation owner destitute after the seizure of his holdings	data/processed/pro_fakeddit/images/8embki.jpg	2	4	False	0.679881826043129	0.532675014808774	0.14720681123435497	0.09147488325834274	0.019073009199928492	0.024791857867967337	0.679881826043129	0.037571620574453846	False	True	0.099012590944767	0.036513835191726685	0.003164829919114709	0.0019636882934719324	0.858189046382904	0.001156037556938827	True	0.2917894721031189	0.2563580274581909	0.06679754704236984	0.09327636659145355	0.1449601650238037	0.1468183696269989
bck098	west virginia poverty gets worse under trump economy not better	data/processed/pro_fakeddit/images/bck098.jpg	0	4	False	0.7267998903989792	0.617227153852582	0.10957273654639721	0.06957383907865733	0.018787786684697494	0.014626307307480602	0.7267998903989792	0.0606394741917029	False	True	0.06740216165781021	0.0069844783283770084	0.0014529406325891614	0.00017911802569869906	0.9210021495819092	0.0029791886918246746	True	0.2360844612121582	0.2573419213294983	0.07079232484102249	0.05796787515282631	0.1441931128501892	0.23362033069133759
7tk3n3	my puppy mimi at my sweet boy resting in the morning	data/processed/pro_fakeddit/images/7tk3n3.jpg	3	0	False	0.4328673854470253	0.04546047002077103	0.4328673854470253	0.3874069154262543	0.016278020484605804	0.014902739028912038	0.08642540499567986	0.06211951421573758	False	True	0.4773028492927551	0.42624974250793457	0.0017293522832915187	0.0026197771076112986	0.0625668466091156	0.029531409963965416	True	0.2995609939098358	0.2708784341812134	0.05992402508854866	0.051751624792814255	0.15800108015537262	0.15988382697105408
69fjf0	when you realize everyone is going to make the most of the democrat party is that a girl in a microwave	data/processed/pro_fakeddit/images/69fjf0.jpg	3	4	False	0.666184201836586	0.5325894393026829	0.13359476253390312	0.11369371134787798	0.014542521617840976	0.018276692731888033	0.666184201836586	0.05370810511521995	False	True	0.10883677005767822	0.041537996381521225	0.0013414269778877497	0.0005613036337308586	0.8386942148208618	0.009028294123709202	True	0.20786873996257782	0.33016085624694824	0.05414580553770065	0.07142286002635956	0.14865416288375854	0.1877475380897522
8xp1ss	watching all girls garage when suddenly	data/processed/pro_fakeddit/images/8xp1ss.jpg	2	4	False	0.7572655901312828	0.6684306939132512	0.08883489621803164	0.08009106596000493	0.016502704405866098	0.007787397400534246	0.7572655901312828	0.049518363550305367	False	True	0.025483587756752968	0.011615335009992123	0.00030086925835348666	0.00010937053593806922	0.9611518979072571	0.001338951289653778	True	0.2788888216018677	0.28551825881004333	0.06510820984840393	0.030821477994322777	0.14560666680335999	0.19405660033226013
1xgh9z	the only people harassing the gays of sochi are the foreign journalists	data/processed/pro_fakeddit/images/1xgh9z.jpg	0	1	False	0.6609543338418007	0.5141848623752594	0.1467694714665413	0.6609543338418007	0.026037898380309343	0.023736415605526417	0.0647357041016221	0.07776613440364599	False	True	0.12339678406715393	0.7842481136322021	0.009558549150824547	0.0014401155058294535	0.04686857387423515	0.034487802535295486	True	0.21688753366470337	0.2910729944705963	0.07547594606876373	0.09062531590461731	0.11833709478378296	0.2076011300086975
coygman	they see me rollin they hatin	data/processed/pro_fakeddit/images/coygman.jpg	4	4	True	0.7469199895858765	0.6416969997808337	0.10522298980504274	0.09534049686044455	0.009358029506984167	0.007281887694261968	0.7469199895858765	0.03587652826536214	False	True	0.04198506101965904	0.016625482589006424	0.0005293633439578116	0.0005600792355835438	0.9398854970932007	0.00041439247434027493	True	0.29493677616119385	0.3314855396747589	0.03584402799606323	0.02744731307029724	0.1680234670639038	0.14226293563842773
cd80q4n	amazing who you see when going for a walk in the hills	data/processed/pro_fakeddit/images/cd80q4n.jpg	4	4	True	0.789397731423378	0.7096014223061502	0.07979630911722779	0.06515470601152629	0.011608748725848272	0.010026377779468021	0.789397731423378	0.04401607537874952	False	True	0.007343454286456108	0.0050987065769732	0.0008548622718080878	5.2134400903014466e-05	0.9861758351325989	0.0004749211948364973	True	0.29715487360954285	0.24532270431518555	0.043870408087968826	0.03994910791516304	0.19906342029571533	0.1746395379304886
5atqir	manor park ive got a screwdriver and a few minutes	data/processed/pro_fakeddit/images/5atqir.jpg	1	4	False	0.6761853434145451	0.553294375538826	0.12289096787571907	0.12149613536894321	0.02110137784620747	0.015356089221313596	0.6761853434145451	0.04297009319998324	False	True	0.07937745749950409	0.0701495036482811	0.0028069515246897936	0.0011113164946436882	0.8451592922210693	0.0013954965397715569	True	0.253431499004364	0.27553603053092957	0.0759846568107605	0.05809040740132332	0.16926349699497223	0.1676938831806183
1ogbqh	russia responds to antimigrant riots by arresting migrants	data/processed/pro_fakeddit/images/1ogbqh.jpg	0	4	False	0.7094840556383133	0.5952343102544546	0.11424974538385868	0.08495906786993146	0.018802055157721043	0.023788494276232086	0.7094840556383133	0.048716484336182475	False	True	0.0695895180106163	0.030442437157034874	0.004475638270378113	0.0006784762372262776	0.8903084993362427	0.004505314864218235	True	0.24823042750358582	0.24850896000862122	0.06178130581974983	0.09311854839324951	0.16701072454452515	0.1813499927520752
cc2049	i still have my egg baby from grammar school im	data/processed/pro_fakeddit/images/cc2049.jpg	0	4	False	0.7018679939210415	0.5646869074553251	0.13718108646571636	0.09882546635344625	0.010335618877434172	0.010500030301045626	0.7018679939210415	0.04128977656364441	False	True	0.08024082332849503	0.023768460378050804	0.0007063650409691036	0.0019991977605968714	0.890917956829071	0.002367183566093445	True	0.30800187587738037	0.32399648427963257	0.039223380386829376	0.03600252792239189	0.13471810519695282	0.1580575555562973
4398cn	pitbull wearing sunglasses with a drum machine from the s	data/processed/pro_fakeddit/images/4398cn.jpg	0	4	False	0.5331521816551685	0.2937186323106289	0.23943354934453964	0.15069108828902245	0.02007527876412496	0.017917923054483254	0.5331521816551685	0.0387299379799515	False	True	0.23515847325325012	0.10840283334255219	0.0017082870472222567	0.00043146483949385583	0.6448201537132263	0.009478720836341381	True	0.2522587776184082	0.2775558531284332	0.07517625391483307	0.07037729769945145	0.19814826548099518	0.12648358941078186
c7q397q	did you say banana proof vest	data/processed/pro_fakeddit/images/c7q397q.jpg	4	4	True	0.781665738672018	0.7086848773760721	0.07298086129594594	0.0724388468079269	0.014057964646781329	0.012608903180080233	0.781665738672018	0.046247674865298904	False	True	0.006788724567741156	0.0048753563314676285	0.00048239107127301395	0.00013657125236932188	0.9872733354568481	0.0004436110029928386	True	0.2715572714805603	0.2751293182373047	0.054784685373306274	0.05002589896321297	0.16484294831752777	0.1836598664522171
df2iiir	cat observing the planet	data/processed/pro_fakeddit/images/df2iiir.jpg	4	4	True	0.7669760622084141	0.6817250112071633	0.08525105100125074	0.06127891200594604	0.022641097297309898	0.015919867595584947	0.7669760622084141	0.047932989604305476	False	True	0.017327044159173965	0.004553564824163914	0.00024820008547976613	0.00011176078260177746	0.9774946570396423	0.0002647584769874811	True	0.2890230715274811	0.23145495355129242	0.08981978893280029	0.06334418803453445	0.1354202777147293	0.19093768298625946
dg51hq	these deceivingly large bins in porto portugal	data/processed/pro_fakeddit/images/dg51hq.jpg	0	4	False	0.697211068123579	0.5925940275192261	0.10461704060435295	0.03963425161782652	0.04663092037662864	0.041206302877981216	0.697211068123579	0.07070038514211774	False	True	0.07834400236606598	0.007298595737665892	0.01717156358063221	0.0022120659705251455	0.8817055225372314	0.01326819323003292	True	0.18343615531921387	0.1366412192583084	0.13500899076461792	0.15818901360034943	0.14372770488262177	0.2429969608783722
cz4vrs	this ladder near my school	data/processed/pro_fakeddit/images/cz4vrs.jpg	0	4	False	0.6824483200907707	0.5799025800079107	0.10254574008285999	0.04137585242278874	0.0701544894836843	0.042344487621448934	0.6824483200907707	0.06113112112507224	False	True	0.08889522403478622	0.014818808995187283	0.025579126551747322	0.00332248630002141	0.857574999332428	0.009809376671910286	True	0.1434972882270813	0.12104698270559311	0.20388057827949524	0.1594104915857315	0.15706828236579895	0.2150963544845581
bvo9w5	this soap we have reminds me a lot of the time stone from avengers	data/processed/pro_fakeddit/images/bvo9w5.jpg	0	4	False	0.6271088235080242	0.4439902789890766	0.1831185445189476	0.08180228574201465	0.02277731682988815	0.014039188623428345	0.6271088235080242	0.07115378091111779	False	True	0.1552692949771881	0.026181185618042946	0.0013003271305933595	0.0007079876959323883	0.7861108183860779	0.03043031506240368	True	0.2666662931442261	0.24866558611392975	0.08720828592777252	0.054032791405916214	0.15010283887386322	0.19332417845726013
dkdb1c	inside of a frozen pumpkin	data/processed/pro_fakeddit/images/dkdb1c.jpg	0	4	False	0.5929990708827972	0.389458242803812	0.20354082807898521	0.08710366301238537	0.03231599647551775	0.023933231423143297	0.5929990708827972	0.06010722788050771	False	True	0.19143453240394592	0.04966094344854355	0.005589749664068222	0.0009210451971739531	0.7338211536407471	0.01857258938252926	True	0.2398597151041031	0.19943182170391083	0.11249473690986633	0.09296979010105133	0.17053282260894775	0.18471114337444305
25c4ek	the first time i jumped out of an airplane	data/processed/pro_fakeddit/images/25c4ek.jpg	0	4	False	0.4800895154476166	0.16766603291034698	0.3124234825372696	0.11152051761746407	0.02801810624077916	0.014849842293187976	0.4800895154476166	0.0530985351651907	False	True	0.3107837736606598	0.05878247320652008	0.016919894143939018	0.0016216235235333443	0.5942699313163757	0.017622284591197968	True	0.317342609167099	0.269734650850296	0.06131274253129959	0.05453449860215187	0.1375482678413391	0.15952728688716888
4ozt8b	woman pointing out track cyclists massive legs	data/processed/pro_fakeddit/images/4ozt8b.jpg	0	4	False	0.6499016284942627	0.5355586912482977	0.114342937245965	0.09468268137425184	0.03435025317594409	0.028640863392865867	0.6499016284942627	0.07808165508322418	False	True	0.10641670972108841	0.056930456310510635	0.0055330414324998856	5.282076745061204e-05	0.818345308303833	0.012721681036055088	True	0.1381216198205948	0.20793935656547546	0.1208018884062767	0.11440499126911163	0.14457058906555176	0.27416157722473145
cmawyw	aroma burner is frustrated	data/processed/pro_fakeddit/images/cmawyw.jpg	2	4	False	0.4706943407654762	0.16735727712512016	0.30333706364035606	0.12555424124002457	0.028333721798844635	0.02164726983755827	0.4706943407654762	0.050433367025107145	False	True	0.323262482881546	0.07128077745437622	0.005250101443380117	0.00546414777636528	0.5802781581878662	0.014464342966675758	True	0.2435608059167862	0.2883746325969696	0.09758458286523819	0.07019663602113724	0.14194288849830627	0.1583404392004013
4ldy6q	south african firefighters to be deployed to fight wildfires in alberta canada	data/processed/pro_fakeddit/images/4ldy6q.jpg	0	4	False	0.4504334144294262	0.15848802775144577	0.2919453866779804	0.1396914515644312	0.03036620863713324	0.022035188390873373	0.4504334144294262	0.06552833458408713	False	True	0.30766206979751587	0.09975417703390121	0.012542913667857647	0.0027355444617569447	0.5489431619644165	0.028362127020955086	True	0.24479533731937408	0.2595032751560211	0.08383609354496002	0.07993412017822266	0.15490417182445526	0.17702695727348328
b6rl3u	this warning on my external dvd drive	data/processed/pro_fakeddit/images/b6rl3u.jpg	0	0	True	0.3563188575208187	0.03982281684875488	0.3563188575208187	0.11226131394505501	0.039593546418473125	0.01952420166344382	0.1558060236275196	0.3164960406720638	False	True	0.4006512463092804	0.08667376637458801	0.010068067349493504	0.0009058340219780803	0.15684176981449127	0.3448593020439148	True	0.22332169115543365	0.189023956656456	0.128169983625412	0.07537930458784103	0.15269878506660461	0.23140625655651093
dd424g	pilot flew over ancient monte alba ruins in mexico for passenger could see it some ruins date back to ac	data/processed/pro_fakeddit/images/dd424g.jpg	0	4	False	0.5721014551818371	0.3179934360086918	0.2541080191731453	0.06205732352100313	0.03229956701397896	0.02075222104031127	0.5721014551818371	0.058681429363787174	False	True	0.25341805815696716	0.015367482788860798	0.009867921471595764	0.0009030472137965262	0.7076924443244934	0.012751054018735886	True	0.2561779022216797	0.20212684571743011	0.09959450364112854	0.0802997425198555	0.1653284877538681	0.19647255539894104
c82ydk	the lines on my lined paper are printed in the wrong direction	data/processed/pro_fakeddit/images/c82ydk.jpg	0	4	False	0.4612385965883732	0.22419649735093117	0.23704209923744202	0.14783587493002415	0.03133683046326041	0.019002624321728945	0.4612385965883732	0.1035440256819129	False	True	0.23973657190799713	0.1073022410273552	0.014090904965996742	0.004129989072680473	0.5724311470985413	0.06230922415852547	True	0.22895868122577667	0.269436776638031	0.08307460695505142	0.06362053006887436	0.12766094505786896	0.2272484302520752
6jpojp	australian footballer being feinted	data/processed/pro_fakeddit/images/6jpojp.jpg	0	4	False	0.5346848145127296	0.2802741527557373	0.25441066175699234	0.11183571349829435	0.03901679161936045	0.02046678480837727	0.5346848145127296	0.03958529629744589	False	True	0.2633040249347687	0.05467945709824562	0.008250247687101364	0.0002946392341982573	0.6684728264808655	0.0049988580867648125	True	0.22773057222366333	0.28330448269844055	0.1313164234161377	0.0809832215309143	0.13332077860832214	0.14334461092948914
7z77mb	a man preparing to hit the ball	data/processed/pro_fakeddit/images/7z77mb.jpg	0	4	False	0.6118620745837688	0.4546353295445442	0.15722674503922462	0.13416471518576145	0.025836471293587238	0.019104527891613543	0.6118620745837688	0.05180548026692122	False	True	0.1346549242734909	0.08728759735822678	0.0030438078101724386	0.0031521725468337536	0.7650213241577148	0.006840212736278772	True	0.22494220733642578	0.2747960686683655	0.09421446174383163	0.06696159392595291	0.15238432586193085	0.18670128285884857
dccegf	shonen knife concert at hardees	data/processed/pro_fakeddit/images/dccegf.jpg	0	1	False	0.4152137041091919	0.07990538328886032	0.15938076749444008	0.4152137041091919	0.027666497509926558	0.020846831794187892	0.3353083208203316	0.0415838579647243	False	True	0.14688652753829956	0.44455447793006897	0.0038134101778268814	0.00046231746091507375	0.3951525390148163	0.009130725637078285	True	0.19686348736286163	0.32719138264656067	0.09922575950622559	0.08200037479400635	0.15577566623687744	0.13894325494766235
8dhwhx	photo of an alleged satanic ritual circa	data/processed/pro_fakeddit/images/8dhwhx.jpg	2	4	False	0.4159727916121483	0.15663322061300278	0.2593395709991455	0.2355886548757553	0.027632507728412747	0.012963512388523668	0.4159727916121483	0.0485029430128634	False	True	0.261111319065094	0.2561444938182831	0.0069857751950621605	0.0007953115273267031	0.45533278584480286	0.019630281254649162	True	0.25402432680130005	0.173921138048172	0.08957270532846451	0.04946811497211456	0.29789280891418457	0.1351209282875061
10tba7	we are the happiest hooks	data/processed/pro_fakeddit/images/10tba7.jpg	2	4	False	0.7058030515909195	0.5711556505411863	0.13464740104973316	0.08079636632464826	0.01730254851281643	0.009609384707800928	0.7058030515909195	0.051841233391314745	False	True	0.07167451828718185	0.014011678285896778	0.004863623529672623	0.00011634859401965514	0.8866854906082153	0.022648310288786888	True	0.3235660493373871	0.2811504304409027	0.05461932346224785	0.038088493049144745	0.16315573453903198	0.13942000269889832
cjcjb6m	trying out for the olympic diving team	data/processed/pro_fakeddit/images/cjcjb6m.jpg	4	4	True	0.733801543712616	0.6176428347826004	0.11615870893001556	0.08266179845668375	0.01510421116836369	0.01170783385168761	0.733801543712616	0.04056593246059492	False	True	0.0512547492980957	0.010657328180968761	0.002034883014857769	0.0018035494722425938	0.931128978729248	0.003120524575933814	True	0.31087058782577515	0.29867520928382874	0.054312195628881454	0.04142068699002266	0.14181923866271973	0.15290215611457825
b5ilmr	antman penetrating thanos	data/processed/pro_fakeddit/images/b5ilmr.jpg	2	4	False	0.7392703779041767	0.6457290109246969	0.09354136697947979	0.08891667006537318	0.017362436454277486	0.016406286595156416	0.7392703779041767	0.04450291022658348	False	True	0.04040280729532242	0.018509769812226295	0.0031077193561941385	0.000517808017320931	0.9338255524635315	0.003636404871940613	True	0.2529570460319519	0.30013737082481384	0.06012658774852753	0.06407172232866287	0.15560485422611237	0.16710242629051208
bjalxc	this urinal has a dick in it	data/processed/pro_fakeddit/images/bjalxc.jpg	0	4	False	0.643325462937355	0.4980321526527405	0.14529331028461456	0.10942541342228651	0.02160346816526726	0.020096796557481866	0.643325462937355	0.060255549382418394	False	True	0.10893914103507996	0.0580027736723423	0.003094361862167716	0.0004881384375039488	0.8115772604942322	0.017898300662636757	True	0.2543558180332184	0.26369333267211914	0.07713078707456589	0.07892277091741562	0.13857007026672363	0.1873272955417633
cmcyj0	isabella of france invading englandcolorized	data/processed/pro_fakeddit/images/cmcyj0.jpg	2	4	False	0.711793377995491	0.5768113397061825	0.13498203828930855	0.0768537363037467	0.018385743838734925	0.013212375924922526	0.711793377995491	0.04477273183874786	False	True	0.10174116492271423	0.023464489728212357	0.005604741629213095	0.002210139762610197	0.8588329553604126	0.008146503008902073	True	0.2347046583890915	0.23702147603034973	0.056728750467300415	0.04621908441185951	0.2706746459007263	0.15465141832828522
5qlqu8	i consider myself one of the sides	data/processed/pro_fakeddit/images/5qlqu8.jpg	3	1	False	0.6523540765047073	0.5066083576530218	0.14574571885168552	0.6523540765047073	0.011328864202369004	0.007321012963075191	0.13213475607335567	0.05111563694663346	False	True	0.10088904947042465	0.7647830843925476	0.0020975747611373663	0.0018552334513515234	0.12103729695081711	0.009337863884866238	True	0.28031572699546814	0.3150670528411865	0.03902273252606392	0.023718351498246193	0.16542713344097137	0.17644895613193512
9emad7	this chip looks like a shoe	data/processed/pro_fakeddit/images/9emad7.jpg	2	4	False	0.4612226225435734	0.19673893973231316	0.2644836828112602	0.1445336639881134	0.02483640128048137	0.02462508133612573	0.4612226225435734	0.08029851596802473	False	True	0.2671351134777069	0.13027212023735046	0.0033530702348798513	0.004695449955761433	0.5516591668128967	0.042885009199380875	True	0.25652939081192017	0.18731829524040222	0.08928639441728592	0.08441397547721863	0.18991298973560333	0.1925390362739563
11xasn	mitt romney gives the crowd a thumbs up after the debate	data/processed/pro_fakeddit/images/11xasn.jpg	0	1	False	0.3735813647508621	0.01576090045273304	0.10220566391944885	0.3735813647508621	0.04568463237956166	0.051022274303250015	0.3578204642981291	0.0696855797432363	False	True	0.08532895147800446	0.43590056896209717	0.008438652381300926	0.0004948549903929234	0.4388478696346283	0.030989067628979683	True	0.15283580124378204	0.18662375211715698	0.15742257237434387	0.2026045322418213	0.11473824828863144	0.18577511608600616
bqiajy	a peace sign shaped hole in a tree that i found while hiking	data/processed/pro_fakeddit/images/bqiajy.jpg	0	4	False	0.7338599860668182	0.6377762760967016	0.09608370997011662	0.03792361100204289	0.042204964032862335	0.03599424144340446	0.7338599860668182	0.05393344326876104	False	True	0.06506264954805374	0.003168492577970028	0.0022523540537804365	0.00034742362913675606	0.9271626472473145	0.0020063789561390877	True	0.18914689123630524	0.14218896627426147	0.16206279397010803	0.14293469488620758	0.1539520025253296	0.2097146362066269
ccczkx	this box came with a plastic tool for cutting the tape	data/processed/pro_fakeddit/images/ccczkx.jpg	0	4	False	0.6473250724375248	0.515035592019558	0.13228948041796684	0.05378560954704881	0.058227043598890305	0.030209216754883528	0.6473250724375248	0.07816365081816912	False	True	0.11243477463722229	0.02176216058433056	0.03353486955165863	0.006461435928940773	0.7965921759605408	0.02921464666724205	True	0.1918535977602005	0.14985595643520355	0.13230356574058533	0.10145255923271179	0.19952376186847687	0.22501066327095032
d663gr	saw a pirate ship sailing in the harbour today reflection is because i was on a bus	data/processed/pro_fakeddit/images/d663gr.jpg	0	4	False	0.5651319660246372	0.30798177048563957	0.25715019553899765	0.055681281024590135	0.0435357210226357	0.026614552552928217	0.5651319660246372	0.051886352128349245	False	True	0.2837594449520111	0.007575581781566143	0.016004076227545738	0.0007984665571711957	0.6869346499443054	0.004927851725369692	True	0.17732244729995728	0.1999983787536621	0.12613065540790558	0.10406281054019928	0.19972391426563263	0.1927618533372879
1ifigy	my brothers navy pictureoh boy	data/processed/pro_fakeddit/images/1ifigy.jpg	0	4	False	0.47837022319436073	0.22671252861618996	0.22036230564117432	0.2516576945781708	0.011653489666059613	0.007812437863321975	0.47837022319436073	0.030143898038659245	False	True	0.1832352876663208	0.2372351586818695	0.0010333983227610588	0.0012741576647385955	0.5737475752830505	0.0034744765143841505	True	0.33174335956573486	0.2949253022670746	0.043513763695955276	0.027427278459072113	0.19223816692829132	0.11015216261148453
bklbgq	a gnomeelf that my little sister drew for me today	data/processed/pro_fakeddit/images/bklbgq.jpg	0	4	False	0.36081768199801445	0.016204852610826492	0.182558111846447	0.34461282938718796	0.022331273881718516	0.0390319989528507	0.36081768199801445	0.050648084841668606	False	True	0.17382505536079407	0.3720257878303528	0.0021675685420632362	0.008129564113914967	0.43239954113960266	0.01145246997475624	True	0.20875728130340576	0.2623739540576935	0.08282238990068436	0.1317393034696579	0.14607210457324982	0.1682349294424057
q9lci	clockwise heh from top sad angry and unsure	data/processed/pro_fakeddit/images/q9lci.jpg	2	0	False	0.4782245457172394	0.24695807322859764	0.4782245457172394	0.1486230343580246	0.02014339220477268	0.01816145417978987	0.23126647248864174	0.10358111001551151	False	True	0.5512519478797913	0.12649433314800262	0.0024304299149662256	0.003133462043479085	0.2416030466556549	0.07508677989244461	True	0.25914233922958374	0.21500913798809052	0.07328227907419205	0.06324543058872223	0.20025674998760223	0.18906410038471222
bl9olk	i thought there was a person buried to the neck	data/processed/pro_fakeddit/images/bl9olk.jpg	2	4	False	0.7267332784831524	0.6096232309937477	0.11711004748940468	0.0849451522808522	0.015209615929052234	0.012656742655963171	0.7267332784831524	0.04334513086359948	False	True	0.06951113045215607	0.009471439756453037	0.002935604192316532	0.00029662493034265935	0.9157509803771973	0.002034182194620371	True	0.2599067986011505	0.3113662898540497	0.05203165113925934	0.04973709583282471	0.15968017280101776	0.1672779768705368
1j9qjh	at least six times this week customers at tim hortons restaurants have paid for their own cups of coffee and cups of brew for the next or more people in line	data/processed/pro_fakeddit/images/1j9qjh.jpg	0	4	False	0.2696752976626158	0.0024903174489736557	0.2671849802136421	0.15874703228473663	0.04460483603179455	0.039851616602391005	0.2696752976626158	0.21993625536561012	False	True	0.2905294895172119	0.1393083930015564	0.020533688366413116	0.0030570123344659805	0.32485389709472656	0.22171753644943237	True	0.19715145230293274	0.21706295013427734	0.11681827902793884	0.15023542940616608	0.10413949936628342	0.21459241211414337
c7zod5	storm over saint louis kinda looks like missouri	data/processed/pro_fakeddit/images/c7zod5.jpg	0	4	False	0.4764111265540123	0.2902742251753807	0.1861369013786316	0.1306945700198412	0.06629828084260225	0.01668554692878388	0.4764111265540123	0.12377362884581089	False	True	0.16092604398727417	0.0995970144867897	0.05625562742352486	0.0013425742508843541	0.5880269408226013	0.09385184198617935	True	0.26176947355270386	0.22398723661899567	0.09642624109983444	0.06271446496248245	0.14156368374824524	0.2135389894247055
cejkv1i	mouse leaping over grass	data/processed/pro_fakeddit/images/cejkv1i.jpg	4	4	True	0.6352875791490078	0.48832372948527336	0.14696384966373444	0.09647691063582897	0.039930918253958225	0.030522499117068946	0.6352875791490078	0.05081825784873217	False	True	0.12247736752033234	0.06321427971124649	0.004995968192815781	0.0004268982447683811	0.8025978803634644	0.006287640426307917	True	0.22042329609394073	0.19626480340957642	0.14473576843738556	0.12080930173397064	0.13335667550563812	0.18441011011600494
2m15hx	genome reveals how cats evolved to tolerate humans	data/processed/pro_fakeddit/images/2m15hx.jpg	0	1	False	0.4482969008386135	0.21686360612511635	0.23143329471349716	0.4482969008386135	0.019574477977585047	0.023954090662300587	0.18836656212806702	0.08837460726499557	False	True	0.22407680749893188	0.5193328857421875	0.003719697007909417	0.008572008460760117	0.20732414722442627	0.036974385380744934	True	0.253502756357193	0.23518894612789154	0.06713882088661194	0.070100337266922	0.13149380683898926	0.2425752729177475
dcqi76	this menu has an option to order a beer for the kitchen staff	data/processed/pro_fakeddit/images/dcqi76.jpg	0	0	True	0.43530480563640594	0.14270556718111038	0.43530480563640594	0.29259923845529556	0.02564922289457172	0.02281077191582881	0.11185323819518089	0.11178268864750862	False	True	0.49527445435523987	0.30098411440849304	0.00739367725327611	0.0013551610754802823	0.10881852358579636	0.08617404103279114	True	0.2553958594799042	0.2674446105957031	0.08041585981845856	0.08717760443687439	0.1209573820233345	0.18860863149166107
bz26fm	dae remember the glory days of the s fuck that	data/processed/pro_fakeddit/images/bz26fm.jpg	3	4	False	0.6079077124595642	0.3851824589073658	0.2227252535521984	0.1005558012984693	0.02027800539508462	0.00809224951080978	0.6079077124595642	0.04044096951838583	False	True	0.19007809460163116	0.02276778407394886	0.011428790166974068	0.001246393658220768	0.7688786387443542	0.005600318778306246	True	0.32066673040390015	0.33391985297203064	0.046825651079416275	0.028629817068576813	0.12499493360519409	0.14496292173862457
179rnu	nhl player marian hossa celeberates goal	data/processed/pro_fakeddit/images/179rnu.jpg	0	0	True	0.3697139471769333	0.11125893518328667	0.3697139471769333	0.25401176512241364	0.027305190393235534	0.024801137071335688	0.2584550119936466	0.06571293342858553	False	True	0.4274946451187134	0.25113600492477417	0.0019788530189543962	0.0008289542747661471	0.3024417459964752	0.016119759529829025	True	0.19637185335159302	0.26263904571533203	0.10328420251607895	0.09671768546104431	0.12649480998516083	0.21449245512485504
4ckph7	jack dempseys endorsement of fdrs reelection	data/processed/pro_fakeddit/images/4ckph7.jpg	5	4	False	0.3250365387648344	0.019761299714446068	0.24823063611984253	0.30527523905038834	0.03572852490469813	0.030257560778409243	0.3250365387648344	0.05547144031152129	False	True	0.24532899260520935	0.31454306840896606	0.01760784722864628	0.007473742589354515	0.39661306142807007	0.018433185294270515	True	0.25693556666374207	0.27747175097465515	0.0900905579328537	0.09860901534557343	0.11030697077512741	0.16658620536327362
1evsbv	my big brother a wounded iraq veteran and his family were just given a mortgagefree home estimated at	data/processed/pro_fakeddit/images/1evsbv.jpg	0	1	False	0.47424474358558655	0.2320246621966362	0.24222008138895035	0.47424474358558655	0.0512556629255414	0.02243111073039472	0.09999900497496128	0.10984937101602554	False	True	0.23171818256378174	0.5430879592895508	0.04739904776215553	0.008813430555164814	0.07534318417310715	0.09363815188407898	True	0.2737257778644562	0.26771509647369385	0.062825508415699	0.06328415125608444	0.17396646738052368	0.15848302841186523
dex5as	this swarm of bees around my car this morning	data/processed/pro_fakeddit/images/dex5as.jpg	0	4	False	0.6798716485500336	0.5685724373906851	0.11129921115934849	0.04725703247822821	0.04588453541509807	0.04726452780596446	0.6798716485500336	0.06842306000180542	False	True	0.10335490852594376	0.010495702736079693	0.013812006451189518	0.000225047639105469	0.8639476895332336	0.008164665661752224	True	0.13513211905956268	0.15754102170467377	0.14210212230682373	0.18838296830654144	0.12764352560043335	0.24919824302196503
7syh68	i think my new work test phone is cute	data/processed/pro_fakeddit/images/7syh68.jpg	2	4	False	0.7344299480319023	0.6147182006388903	0.11971174739301205	0.06504106026841328	0.01955547498073429	0.014425144490815	0.7344299480319023	0.04683665174525231	False	True	0.07148433476686478	0.0034082813654094934	0.004208822268992662	0.0001315536064794287	0.9155502319335938	0.005216816905885935	True	0.26439398527145386	0.24993939697742462	0.06559543311595917	0.057305917143821716	0.191069096326828	0.17169615626335144
5hznyi	if you worked as hard and fast as a jap wed smash tokio a lot quicker usa	data/processed/pro_fakeddit/images/5hznyi.jpg	5	4	False	0.535622950643301	0.30109548196196556	0.1264109443873167	0.23452746868133545	0.024578257580287755	0.01893918091082014	0.535622950643301	0.0599211654625833	False	True	0.09767862409353256	0.21403324604034424	0.003584751393646002	0.0016421236796304584	0.6712037920951843	0.01185743696987629	True	0.21260790526866913	0.2960101366043091	0.08755877614021301	0.07083035260438919	0.12888042628765106	0.20411235094070435
1cnr7i	riker near a greenscreen	data/processed/pro_fakeddit/images/1cnr7i.jpg	0	1	False	0.3555467240512371	0.05226782336831093	0.23889433220028877	0.3555467240512371	0.029213192290626466	0.030247797432821244	0.3032789006829262	0.04281911998987198	False	True	0.23232127726078033	0.41366642713546753	0.0036856834776699543	0.0014040733221918344	0.3349701166152954	0.013952508568763733	True	0.2586134970188141	0.18118761479854584	0.105795718729496	0.11677896976470947	0.20820525288581848	0.12941895425319672
8yszef	this camera being tired of being a camera	data/processed/pro_fakeddit/images/8yszef.jpg	2	4	False	0.4432103633880615	0.12888143584132195	0.3143289275467396	0.11176701821386814	0.042939985170960426	0.019225659081712365	0.4432103633880615	0.06852803751826286	False	True	0.3452128469944	0.08179857581853867	0.03055659681558609	0.01151393260806799	0.5002366900444031	0.030681341886520386	True	0.22167716920375824	0.20167234539985657	0.08009015023708344	0.04236083850264549	0.27213138341903687	0.1820681244134903
clo6v43	she hath cometh to slay the beast	data/processed/pro_fakeddit/images/clo6v43.jpg	4	4	True	0.7605572901666164	0.6558609902858734	0.10469629988074303	0.07540632819291204	0.013600720318208914	0.009851157759840135	0.7605572901666164	0.03588817163836211	False	True	0.0384189635515213	0.004808247555047274	0.0003771573828998953	0.00010860475595109165	0.9559324979782104	0.00035448232665657997	True	0.3035283088684082	0.28720057010650635	0.05327140912413597	0.03907881677150726	0.1744316667318344	0.1424892395734787
d87gr8	my curtain after few years in the sun same fabric and once same color	data/processed/pro_fakeddit/images/d87gr8.jpg	0	4	False	0.4411238171160221	0.13341352343559265	0.30771029368042946	0.06586944870650768	0.05099450750276446	0.03165250853635371	0.4411238171160221	0.10264934971928596	False	True	0.32922813296318054	0.030341245234012604	0.022119516506791115	0.004128339700400829	0.5419731736183167	0.07220949232578278	True	0.2431567758321762	0.17245405912399292	0.1376194804906845	0.11422501504421234	0.1385757476091385	0.19396892189979553
8nww1z	rapper offset buys a good samaritan a car for coming to his aid after a car accident	data/processed/pro_fakeddit/images/8nww1z.jpg	0	0	True	0.41924989968538284	0.10723289847373962	0.41924989968538284	0.12842124700546265	0.040170093066990376	0.04456194140948355	0.3120170012116432	0.05557972309179604	False	True	0.4872846305370331	0.09699304401874542	0.01248425617814064	0.009025613777339458	0.3820216953754425	0.012190616689622402	True	0.21514570713043213	0.22270585596561432	0.12322760373353958	0.15117092430591583	0.10200291872024536	0.18574704229831696
9jqafh	a distraught man surrounded by worried people	data/processed/pro_fakeddit/images/9jqafh.jpg	0	4	False	0.4798690341413021	0.23356258124113083	0.08780592307448387	0.24630645290017128	0.06532336631789804	0.04640330979600549	0.4798690341413021	0.07429195381700993	False	True	0.07691313326358795	0.27712568640708923	0.010360432788729668	0.0029877852648496628	0.5920567512512207	0.040556274354457855	True	0.12048429250717163	0.15384875237941742	0.23021216690540314	0.17664988338947296	0.14330588281154633	0.17549899220466614
7kb0wt	george washington with his wig on	data/processed/pro_fakeddit/images/7kb0wt.jpg	2	4	False	0.5799860060214996	0.3337244316935539	0.10081676952540874	0.2462615743279457	0.017294265097007155	0.014063304290175438	0.5799860060214996	0.04157809144817293	False	True	0.03496433049440384	0.21752116084098816	0.0029226290062069893	0.005500532686710358	0.7274225950241089	0.011668805964291096	True	0.29837408661842346	0.33248281478881836	0.060409173369407654	0.03975161910057068	0.13767623901367188	0.13130594789981842
ash26u	menu at local restaurant has this guide for how you want your meat cooked	data/processed/pro_fakeddit/images/ash26u.jpg	0	0	True	0.3024590238928795	0.07667103782296181	0.3024590238928795	0.19722647592425346	0.05881635379046202	0.02362282481044531	0.22578798606991768	0.19208737090229988	False	True	0.33882641792297363	0.19411681592464447	0.03322920575737953	0.0033297203481197357	0.26839619874954224	0.16210167109966278	True	0.19335684180259705	0.20655545592308044	0.13557779788970947	0.08450213819742203	0.097963348031044	0.2820444703102112
4pj0v7	us militarys satellitelaunching xs space plane will eventually be able to take close pictures of something moving	data/processed/pro_fakeddit/images/4pj0v7.jpg	3	4	False	0.637741981074214	0.5046101864427328	0.13313179463148117	0.09058417938649654	0.0331506731454283	0.020088876015506685	0.637741981074214	0.08530252194032073	False	True	0.12141618132591248	0.021616913378238678	0.014228242449462414	0.0022877161391079426	0.81087327003479	0.029577719047665596	True	0.16827863454818726	0.29748597741127014	0.08991796523332596	0.07349235564470291	0.11834811419248581	0.25247693061828613
c20jct	the trebek effect the benefits of well wishes	data/processed/pro_fakeddit/images/c20jct.jpg	0	1	False	0.515293225646019	0.32814835757017136	0.1715705730021	0.515293225646019	0.018167556961998343	0.015191395534202456	0.18714486807584763	0.09263238869607449	False	True	0.1310918778181076	0.5773414373397827	0.003997319377958775	0.004013982601463795	0.21154038608074188	0.07201500982046127	True	0.29300665855407715	0.3291485905647278	0.06067826971411705	0.04872363433241844	0.11395831406116486	0.15448452532291412
3andu5	new surfboard day firewire sweet potato wood laminate deck	data/processed/pro_fakeddit/images/3andu5.jpg	2	4	False	0.7133702412247658	0.5951414946466684	0.11822874657809734	0.08444829587824643	0.01935096539091319	0.020789121321286075	0.7133702412247658	0.04381257761269808	False	True	0.07612184435129166	0.015336080454289913	0.004587648902088404	0.00031073024729266763	0.8986079692840576	0.005035664886236191	True	0.2445494532585144	0.29178494215011597	0.06364091485738754	0.0822242945432663	0.15765705704689026	0.16014331579208374
8parze	sean hannity tells mueller investigation witnesses to destroy evidence	data/processed/pro_fakeddit/images/8parze.jpg	0	4	False	0.4833444394171238	0.16599902883172035	0.0700740972533822	0.31734541058540344	0.02867658413015306	0.03061633622564841	0.4833444394171238	0.06994316168129444	False	True	0.030217748135328293	0.33828026056289673	0.01083307433873415	0.0003845998435281217	0.5928483009338379	0.027436040341854095	True	0.18964314460754395	0.2545408606529236	0.08220711350440979	0.12131154537200928	0.1548328548669815	0.19746452569961548
doyvgk9	help me obi wan kenobi youre my only hope	data/processed/pro_fakeddit/images/doyvgk9.jpg	4	4	True	0.7796594277024269	0.6964271992910653	0.07900098105892539	0.08323222841136158	0.014119669824140146	0.008394657917961013	0.7796594277024269	0.03559305787348421	False	True	0.015845539048314095	0.0029537836089730263	0.0004791257670149207	0.00012959950254298747	0.98017817735672	0.00041379392496310174	True	0.2684673070907593	0.3240675628185272	0.05504130199551582	0.03318983316421509	0.17810317873954773	0.14113084971904755
cylx54	old lucozade bottle i found on top of cage	data/processed/pro_fakeddit/images/cylx54.jpg	0	4	False	0.6639339923858643	0.5557060446590185	0.10822794772684574	0.08255716785788536	0.03700249211397022	0.028004068619338796	0.6639339923858643	0.0802743174135685	False	True	0.06276994198560715	0.04102820158004761	0.004742850083857775	0.0018275972688570619	0.8453666567802429	0.04426473379135132	True	0.24460196495056152	0.20714406669139862	0.13378141820430756	0.106533482670784	0.11963599920272827	0.18830306828022003
d1s0m8e	the lord of the rings trilogy had a lot of fx	data/processed/pro_fakeddit/images/d1s0m8e.jpg	4	4	True	0.48016876354813576	0.20744898542761803	0.27271977812051773	0.15381578914821148	0.021091571892611682	0.015696231508627534	0.48016876354813576	0.056507874047383666	False	True	0.27830249071121216	0.11375138908624649	0.005568197462707758	0.008821672759950161	0.5829463601112366	0.010609899647533894	True	0.25597164034843445	0.27400898933410645	0.06766169518232346	0.03631990775465965	0.1718359738588333	0.19420179724693298
dv4vywb	everything the light touches will one day be yours	data/processed/pro_fakeddit/images/dv4vywb.jpg	4	4	True	0.7950801774859428	0.7109473120654002	0.08413286542054266	0.06685853796079755	0.011378554787370376	0.008100777646177448	0.7950801774859428	0.0344491607756936	False	True	0.005893290508538485	0.0013213064521551132	0.00020342838251963258	3.6947138141840696e-05	0.9924383759498596	0.00010673791985027492	True	0.3188515901565552	0.26347023248672485	0.04490393400192261	0.03229226917028427	0.2030055820941925	0.13747642934322357
34i2vp	ovechkins funny looking wax figure	data/processed/pro_fakeddit/images/34i2vp.jpg	0	4	False	0.47035662829875946	0.24398169666528702	0.2240944691002369	0.22637493163347244	0.022239970276132226	0.015659320808481425	0.47035662829875946	0.041274724528193474	False	True	0.21131010353565216	0.21666762232780457	0.007048460654914379	0.0020496195647865534	0.5502340197563171	0.012690193951129913	True	0.2624475657939911	0.2554968595504761	0.06781449913978577	0.05648842453956604	0.23072445392608643	0.12702831625938416
czqi90	this tree that grew around the fence	data/processed/pro_fakeddit/images/czqi90.jpg	0	4	False	0.6808770224452019	0.5347540769726038	0.14612294547259808	0.03845046472270042	0.06416939245536923	0.02258859432186	0.6808770224452019	0.04779150092508644	False	True	0.10217855125665665	0.006170382257550955	0.028227677568793297	0.000929035828448832	0.8575514554977417	0.0049428013153374195	True	0.27795612812042236	0.1352907121181488	0.17199453711509705	0.0875672698020935	0.1508537232875824	0.1763375997543335
3nxb06	wait gg are the people the behind the latest study claiming gg are the video author as an embittered rival when that is slightly better than google blackjack and hookers optional	data/processed/pro_fakeddit/images/3nxb06.jpg	3	0	False	0.3429967761039734	0.010617075487971306	0.3429967761039734	0.1849333494901657	0.02293384773656726	0.0249029585684184	0.3323797006160021	0.09185335505753756	False	True	0.3665216565132141	0.1723092943429947	0.006408901885151863	0.0017295581055805087	0.4028809368610382	0.050149645656347275	True	0.2724221348762512	0.22280551493167877	0.07250868529081345	0.09442315995693207	0.12087599188089371	0.2169644832611084
cpfggs	two new ebola treatments prove highly effective in congo epidemic	data/processed/pro_fakeddit/images/cpfggs.jpg	0	4	False	0.40042296051979065	0.1815377064049244	0.21888525411486626	0.13631870225071907	0.05322828330099583	0.041887213941663504	0.40042296051979065	0.1492576040327549	False	True	0.21829915046691895	0.11372724175453186	0.03564465045928955	0.02131831832230091	0.497035413980484	0.11397524178028107	True	0.2206435650587082	0.2040930837392807	0.10597918182611465	0.10359390079975128	0.11058560013771057	0.2551046907901764
374fjw	three pipes form a face yelling out for joy	data/processed/pro_fakeddit/images/374fjw.jpg	2	4	False	0.4446180388331413	0.21111126989126205	0.23350676894187927	0.18366655334830284	0.04949413565918803	0.03912211034912616	0.4446180388331413	0.04959244537167251	False	True	0.2612028121948242	0.17496268451213837	0.013657832518219948	0.0043460107408463955	0.5334485769271851	0.012382143177092075	True	0.15041863918304443	0.20977815985679626	0.15700304508209229	0.14345040917396545	0.17812642455101013	0.16122335195541382
4w9v04	german arm wrestling champion	data/processed/pro_fakeddit/images/4w9v04.jpg	0	4	False	0.41540171951055527	0.09218288958072662	0.32321882992982864	0.15886643901467323	0.02586986345704645	0.019313022479764186	0.41540171951055527	0.05733015201985836	False	True	0.3407261371612549	0.11517490446567535	0.0036194329150021076	0.000756454945076257	0.5146342515945435	0.0250888392329216	True	0.2706969082355499	0.28994104266166687	0.09262115508317947	0.07498272508382797	0.1177041232585907	0.15405409038066864
cdkerz	id feel like this too if my face got stapled hundreds of times a day	data/processed/pro_fakeddit/images/cdkerz.jpg	0	4	False	0.5857922397553921	0.381788969039917	0.20400327071547508	0.10363832302391529	0.0169694684445858	0.019647800363600254	0.5857922397553921	0.06994888186454773	False	True	0.17618389427661896	0.04139816015958786	0.00571286678314209	0.014894586056470871	0.7299994230270386	0.03181104362010956	True	0.28746140003204346	0.2903588116168976	0.05073927342891693	0.0339074432849884	0.15317068994045258	0.18436239659786224
4uuy0v	now he understands the game socialist political cartoon	data/processed/pro_fakeddit/images/4uuy0v.jpg	5	1	False	0.7184966281056404	0.5840347204357386	0.13446190766990185	0.7184966281056404	0.018278410541824996	0.013724702032050118	0.058776214718818665	0.056262105237692595	False	True	0.1197417750954628	0.8097680807113647	0.003062861505895853	0.00042077351827174425	0.049254581332206726	0.017751866951584816	True	0.178622305393219	0.4446822702884674	0.06392505764961243	0.05363648757338524	0.08734111487865448	0.17179282009601593
cghliv	this fox on the roof outside my bedroom window	data/processed/pro_fakeddit/images/cghliv.jpg	0	4	False	0.5240579657256603	0.30289552360773087	0.22116244211792946	0.07752913609147072	0.061416496988385916	0.047506994334980845	0.5240579657256603	0.06832700688391924	False	True	0.24705275893211365	0.0633501410484314	0.006191672757267952	0.00407483521848917	0.6559548377990723	0.023375820368528366	True	0.1434914916753769	0.12006612122058868	0.2270909696817398	0.17780347168445587	0.1283673495054245	0.20318056643009186
53ve7m	rules dont allow her teammates to help a calf who collapsed in the shower	data/processed/pro_fakeddit/images/53ve7m.jpg	3	4	False	0.6862028334289789	0.5792576223611832	0.10694521106779575	0.08580446895211935	0.041364001110196114	0.015252391865942627	0.6862028334289789	0.06443114764988422	False	True	0.07022693008184433	0.012874949723482132	0.026013150811195374	0.0013064916711300611	0.880557119846344	0.009021423757076263	True	0.21710005402565002	0.304593026638031	0.08741655200719833	0.057090092450380325	0.1031399741768837	0.2306603193283081
b9z9vh	author having a blast here some news from zimbabwe about petty trademark fights	data/processed/pro_fakeddit/images/b9z9vh.jpg	0	4	False	0.5461501013487577	0.3609852585941553	0.18516484275460243	0.1360313817858696	0.05598739814013243	0.013253627417725511	0.5461501013487577	0.06341269658878446	False	True	0.16159851849079132	0.06948482990264893	0.05623410642147064	0.0006203888333402574	0.6866447329521179	0.025417452678084373	True	0.25586381554603577	0.3356710374355316	0.05524727329611778	0.05115334317088127	0.12466620653867722	0.1773984283208847
8q1h3c	this goofy fella loves his job	data/processed/pro_fakeddit/images/8q1h3c.jpg	2	0	False	0.44416601955890656	0.08215243369340897	0.44416601955890656	0.12354223895817995	0.012035604217089713	0.012083145091310143	0.3620135858654976	0.04615943972021341	False	True	0.4962369501590729	0.044958408921957016	0.003241896163672209	0.005304834805428982	0.43302208185195923	0.017235856503248215	True	0.2879532277584076	0.35929372906684875	0.038416728377342224	0.03241807594895363	0.14898809790611267	0.132930189371109
3he464	lac des cheserys massif des aiguilles rouges france	data/processed/pro_fakeddit/images/3he464.jpg	0	4	False	0.5613779909908772	0.30893171951174736	0.2524462714791298	0.07058893190696836	0.030018242076039314	0.028764806455001235	0.5613779909908772	0.05680377804674208	False	True	0.2606302499771118	0.027891939505934715	0.003001764416694641	0.0029831575229763985	0.6905168294906616	0.014976109378039837	True	0.22789433598518372	0.19867990911006927	0.11106767505407333	0.10610975325107574	0.17396147549152374	0.18228678405284882
5nt7bc	life expectancy for people with hiv continues to improve to where it is nearly as equal to anyone who is hivnegative	data/processed/pro_fakeddit/images/5nt7bc.jpg	0	4	False	0.3562182504683733	0.15764143131673336	0.19402804598212242	0.19480742141604424	0.02953202836215496	0.026837429264560342	0.3562182504683733	0.19857681915163994	False	True	0.18419653177261353	0.18272998929023743	0.017722412943840027	0.010098407976329327	0.4344692528247833	0.1707833856344223	True	0.2235225886106491	0.23103971779346466	0.06496087461709976	0.07705449312925339	0.12146524339914322	0.28195711970329285
8twozl	album cover for pink floyds delicate sound of thunder	data/processed/pro_fakeddit/images/8twozl.jpg	0	4	False	0.7931402660906315	0.7425708915106952	0.042892397148534656	0.050569374579936266	0.047506092640105635	0.028511077427538112	0.7931402660906315	0.037380784284323454	False	True	0.010604769922792912	0.0030816700309515	0.00045094708912074566	0.00014594232197850943	0.985372006893158	0.00034464336931705475	True	0.1397552788257599	0.19303248822689056	0.1886715292930603	0.11360648274421692	0.21644504368305206	0.14848920702934265
ddtw8j	teachers pool cash together to replace bike stolen from student	data/processed/pro_fakeddit/images/ddtw8j.jpg	0	4	False	0.5675352066755295	0.3953123278915882	0.17222287878394127	0.14876972325146198	0.021360133890993893	0.03180088778026402	0.5675352066755295	0.05831121979281306	False	True	0.1479116529226303	0.11953065544366837	0.005360947456210852	0.003960288129746914	0.7119360566139221	0.011300439015030861	True	0.24515655636787415	0.23648692667484283	0.06935769319534302	0.11532268673181534	0.13433265686035156	0.19934356212615967
dcyyqi	my friends bass looks like it was made from bowling alley	data/processed/pro_fakeddit/images/dcyyqi.jpg	0	4	False	0.6889998875558376	0.5551389660686255	0.13386092148721218	0.07480338681489229	0.026860444675548933	0.017359311905238428	0.6889998875558376	0.05811605812050402	False	True	0.09864749759435654	0.041107963770627975	0.000844295893330127	8.657230500830337e-05	0.854555070400238	0.0047586290165781975	True	0.2395011931657791	0.17588965594768524	0.10490889102220535	0.0691775307059288	0.1923343390226364	0.2181883454322815
3mymv3	woman has benefits stopped because taxman believes she is having an affair with the post office	data/processed/pro_fakeddit/images/3mymv3.jpg	0	1	False	0.47062645852565765	0.27677449584007263	0.19385196268558502	0.47062645852565765	0.03371993568725884	0.04719968792051077	0.14817318692803383	0.1064287293702364	False	True	0.1908455789089203	0.5533159375190735	0.013149282895028591	0.02911953255534172	0.1462232917547226	0.06734631210565567	True	0.20287111401557922	0.22255802154541016	0.09543189406394958	0.10144015401601791	0.15402287244796753	0.22367598116397858
41fl0n	sure let me give you some hot water	data/processed/pro_fakeddit/images/41fl0n.jpg	2	4	False	0.4661696217954159	0.22583207488059998	0.2403375469148159	0.20274190977215767	0.019699458731338382	0.01327205600682646	0.4661696217954159	0.0577794685959816	False	True	0.22845031321048737	0.15483982861042023	0.012576383538544178	0.0075074671767652035	0.5683414340019226	0.028284668922424316	True	0.2759992480278015	0.34644815325737	0.04106868430972099	0.03056582249701023	0.1596541851758957	0.14626386761665344
byns43	immigrants have died in ice custody during the trump administration	data/processed/pro_fakeddit/images/byns43.jpg	0	4	False	0.5084901414811611	0.30704258754849434	0.20144755393266678	0.16813921928405762	0.01950156211387366	0.029875068925321102	0.5084901414811611	0.07254650071263313	False	True	0.19759023189544678	0.1333158016204834	0.004878921899944544	0.00990389660000801	0.6302142143249512	0.024096980690956116	True	0.21301952004432678	0.2726094722747803	0.06336948275566101	0.08978858590126038	0.14331792294979095	0.21789506077766418
xi25j	so this was going on at my desk all day	data/processed/pro_fakeddit/images/xi25j.jpg	0	4	False	0.6550098918378353	0.5168666336685419	0.1381432581692934	0.12713885121047497	0.01459867402445525	0.010279748064931482	0.6550098918378353	0.05482957634376362	False	True	0.09711133688688278	0.0921473428606987	0.0012967572547495365	0.0012347951997071505	0.806056559085846	0.002153204521164298	True	0.26123902201652527	0.23211337625980377	0.05450442433357239	0.03741460666060448	0.2018698900938034	0.21285869181156158
sch2x	an antipornography film was banned due to pornographic content	data/processed/pro_fakeddit/images/sch2x.jpg	0	0	True	0.2905081585049629	0.020491957664489746	0.2905081585049629	0.2700162008404732	0.031230499036610126	0.031043752562254667	0.24582281708717346	0.13137857429683208	False	True	0.3094603717327118	0.25954586267471313	0.01940147951245308	0.017190085723996162	0.27683424949645996	0.11756796389818192	True	0.2336515188217163	0.3014272153377533	0.06671755760908127	0.07260475307703018	0.15278851985931396	0.1728104054927826
1v0s1b	banks say no to marijuana money legal or not	data/processed/pro_fakeddit/images/1v0s1b.jpg	0	4	False	0.6802548840641975	0.5497183799743652	0.1305365040898323	0.09971065958961844	0.017486898810602725	0.016045037657022476	0.6802548840641975	0.05596602079458535	False	True	0.0957811027765274	0.01947641558945179	0.007227375637739897	0.0012015588581562042	0.8638256192207336	0.012487939558923244	True	0.234802708029747	0.3404133915901184	0.04826546832919121	0.06057547405362129	0.12954267859458923	0.18640026450157166
ca6dor	in my house we use two toilet paper rolls at a time one is over and the other is under	data/processed/pro_fakeddit/images/ca6dor.jpg	0	4	False	0.517334720119834	0.31257511489093304	0.2047596052289009	0.1596599780023098	0.0247556334361434	0.02299657350522466	0.517334720119834	0.07049347460269928	False	True	0.200173020362854	0.09740741550922394	0.008831154555082321	0.001135034835897386	0.6561354994773865	0.036317840218544006	True	0.21851935982704163	0.3464176654815674	0.07252907007932663	0.08858118951320648	0.10093238204717636	0.1730203777551651
d55x80q	nearfarwheeeeeeever you arrrrreee	data/processed/pro_fakeddit/images/d55x80q.jpg	4	4	True	0.7795842103660107	0.6886096461676061	0.09097456419840455	0.07927787094376981	0.010878154367674142	0.007241281709866598	0.7795842103660107	0.032043885803432204	False	True	0.009880227968096733	0.010510769672691822	0.0019560919608920813	0.00012662203516811132	0.9767299294471741	0.0007963284733705223	True	0.334257572889328	0.2855791747570038	0.037644341588020325	0.02858526073396206	0.18814705312252045	0.12578655779361725
12c9kq	a group of people shaking their heads rapidly	data/processed/pro_fakeddit/images/12c9kq.jpg	0	4	False	0.5186276957392693	0.2760561481118202	0.24257154762744904	0.13413885049521923	0.03206133801722899	0.02564312065806007	0.5186276957392693	0.04695747536607087	False	True	0.2523457407951355	0.0984332486987114	0.001853686524555087	0.0003018393472302705	0.6438665390014648	0.003198987804353237	True	0.21324896812438965	0.24125565588474274	0.1226842924952507	0.10166696459054947	0.1429111659526825	0.17823293805122375
cd87b3	son of granger smith saves two lives with organ donations	data/processed/pro_fakeddit/images/cd87b3.jpg	0	4	False	0.6221517734229565	0.4747198708355427	0.1474319025874138	0.12376829423010349	0.029366766335442662	0.016819436103105545	0.6221517734229565	0.06046185456216335	False	True	0.10372519493103027	0.08401379734277725	0.01153488364070654	0.0008812844753265381	0.7784094214439392	0.021435461938381195	True	0.27855202555656433	0.24303178489208221	0.08286241441965103	0.06463389098644257	0.15337882936000824	0.17754103243350983
ctori4	this penguin my sister made with paint droppings	data/processed/pro_fakeddit/images/ctori4.jpg	0	4	False	0.5895887687802315	0.39792099595069885	0.19166777282953262	0.08418777585029602	0.03426688665058464	0.03288262215210125	0.5895887687802315	0.06740614864975214	False	True	0.18782642483711243	0.05583338439464569	0.005642172414809465	0.0027216507587581873	0.7175725698471069	0.030403774231672287	True	0.2031918168067932	0.169250950217247	0.12014102935791016	0.12336553633213043	0.2056373655796051	0.1784132719039917
cdzomtw	technically low quality images	data/processed/pro_fakeddit/images/cdzomtw.jpg	4	0	False	0.4235466942191124	0.13657213747501373	0.4235466942191124	0.20142905414104462	0.02564082946628332	0.011860671220347285	0.28697455674409866	0.05054822098463774	False	True	0.460030734539032	0.19238921999931335	0.01955588161945343	0.0097848204895854	0.299990177154541	0.018249202519655228	True	0.31409457325935364	0.2285485565662384	0.043895673006772995	0.018088223412632942	0.2479276955127716	0.14744527637958527
7kaj6o	international year of peace we want peace and call for a comprehensive and just settlement of the iraqiran war poster by rafa nasiry for the national council for peace and solidarity iraq	data/processed/pro_fakeddit/images/7kaj6o.jpg	5	4	False	0.506643433123827	0.3224023934453726	0.1842410396784544	0.14695002511143684	0.05661562201566994	0.055067080131266266	0.506643433123827	0.0504828083794564	False	True	0.20474185049533844	0.14422185719013214	0.011273405514657497	0.0010827470105141401	0.629356324672699	0.009323813952505589	True	0.12273860722780228	0.15513452887535095	0.19264227151870728	0.21702007949352264	0.138504758477211	0.17395979166030884
7t252d	this fallen post looks like a discarded cigarette	data/processed/pro_fakeddit/images/7t252d.jpg	2	4	False	0.6567211523652077	0.5560233779251575	0.10069777444005013	0.08357861172407866	0.03878578939475119	0.031299980997573584	0.6567211523652077	0.08891675621271133	False	True	0.06568105518817902	0.05519159510731697	0.0037280572578310966	0.000715544680133462	0.8255226016044617	0.04916122555732727	True	0.20574793219566345	0.1687396615743637	0.14395898580551147	0.12305328994989395	0.15031680464744568	0.20818334817886353
6jexhn	meet the globetrotting hairdresser who helps homeless people look sharp	data/processed/pro_fakeddit/images/6jexhn.jpg	0	4	False	0.44645367190241814	0.09692563489079475	0.3495280370116234	0.09259796142578125	0.025276239728555083	0.03039306274149567	0.44645367190241814	0.055750965839251876	False	True	0.3925456404685974	0.06722469627857208	0.004813474602997303	0.0012368368916213512	0.5274330377578735	0.006746266968548298	True	0.2204752266407013	0.16871775686740875	0.08666453510522842	0.11786174029111862	0.20351557433605194	0.2027650624513626
c3zeak	high school dorks unhappy accident	data/processed/pro_fakeddit/images/c3zeak.jpg	1	4	False	0.5118962414562702	0.30285025760531425	0.18450095504522324	0.20904598385095596	0.017595255165360868	0.010862746275961399	0.5118962414562702	0.06609880365431309	False	True	0.15700817108154297	0.15716096758842468	0.005851809401065111	0.00198514387011528	0.6312764883041382	0.046717360615730286	True	0.26697930693626404	0.3647010326385498	0.05282559245824814	0.037495553493499756	0.15375550091266632	0.12424313277006149
5oiuav	rogue one becomes fastest film to reach over mentions of hope	data/processed/pro_fakeddit/images/5oiuav.jpg	1	4	False	0.6575052924454212	0.5366990212351084	0.11134288273751736	0.12080627121031284	0.02478608035016805	0.0215994143509306	0.6575052924454212	0.06396003626286983	False	True	0.06708820909261703	0.06980782002210617	0.004946672823280096	0.0016347996424883604	0.8363037109375	0.02021876722574234	True	0.24410690367221832	0.27380162477493286	0.08430430293083191	0.08149325847625732	0.12111003696918488	0.19518384337425232
18qme5	illegal immigrants found working at villawood immigration detention centre	data/processed/pro_fakeddit/images/18qme5.jpg	0	4	False	0.4226224459707737	0.10756012424826622	0.3150623217225075	0.09683023020625114	0.041184913367033005	0.042921034852042794	0.4226224459707737	0.08137903362512589	False	True	0.34578025341033936	0.06349202990531921	0.02528483420610428	0.014855089597404003	0.5080682635307312	0.04251950979232788	True	0.22290852665901184	0.19684483110904694	0.08888515084981918	0.12711887061595917	0.16628499329090118	0.1979576051235199
1u4dk2	pa police cop peppersprayed girlfriends son	data/processed/pro_fakeddit/images/1u4dk2.jpg	0	4	False	0.44784942641854286	0.25875500589609146	0.1550365798175335	0.1890944205224514	0.04985470697283745	0.03612536517903209	0.44784942641854286	0.12203951366245747	False	True	0.12705916166305542	0.1524333506822586	0.043469980359077454	0.025092409923672676	0.5430139899253845	0.10893110185861588	True	0.2389688342809677	0.2990776300430298	0.06900888681411743	0.06922423094511032	0.16235573589801788	0.16136474907398224
auyula	this letter of citizenship burgherbrief from	data/processed/pro_fakeddit/images/auyula.jpg	0	0	True	0.6310397088527679	0.49354190193116665	0.6310397088527679	0.1374978069216013	0.017379362718202174	0.017234677681699395	0.11821483820676804	0.07863361202180386	False	True	0.7406255602836609	0.07147740572690964	0.006622034590691328	0.006657189689576626	0.12430599331855774	0.05031184107065201	True	0.3022821545600891	0.33555901050567627	0.04965134710073471	0.0489671416580677	0.09994137287139893	0.1635989248752594
btsl7p	this giant bumblebee flew into our work truck on the highway and hit my coworker	data/processed/pro_fakeddit/images/btsl7p.jpg	0	4	False	0.7003280036151409	0.5813184436410666	0.11900955997407436	0.05710554635152221	0.031600177520886064	0.02568800703738816	0.7003280036151409	0.06626874022185802	False	True	0.09240870922803879	0.007857339456677437	0.009114603511989117	0.0018050366779789329	0.8766373991966248	0.012176953256130219	True	0.1988121122121811	0.20485016703605652	0.0990568995475769	0.09733691811561584	0.1713998168706894	0.22854410111904144
3b7hw5	world war ii vet finally takes high school sweetheart to prom	data/processed/pro_fakeddit/images/3b7hw5.jpg	0	4	False	0.49805040284991264	0.23714856430888176	0.2609018385410309	0.15362932160496712	0.024660006747581065	0.015722425159765407	0.49805040284991264	0.04703601635992527	False	True	0.2554313540458679	0.12270091474056244	0.0025051641277968884	0.0017419351497665048	0.6081464886665344	0.009474121034145355	True	0.2773132920265198	0.24641454219818115	0.0911245346069336	0.057663895189762115	0.1677621454000473	0.15972170233726501
ruhuh	tough guide to baghdad iraqi artist satirizes the occupation	data/processed/pro_fakeddit/images/ruhuh.jpg	5	1	False	0.3877415433526039	0.05720783770084381	0.18294833600521088	0.3877415433526039	0.030200750567018986	0.021742496581282467	0.3305337056517601	0.046833098866045475	False	True	0.17632976174354553	0.4140457212924957	0.021645445376634598	0.0028083224315196276	0.37319472432136536	0.011975955218076706	True	0.2028040587902069	0.30882900953292847	0.05586666613817215	0.07854501903057098	0.20255064964294434	0.15140452980995178
9c1674	a little puppy trying to squeeze out of its cage	data/processed/pro_fakeddit/images/9c1674.jpg	0	4	False	0.35618856549263	0.033787842839956284	0.3224007226526737	0.17327158898115158	0.045929967309348285	0.042824586504139006	0.35618856549263	0.05938457464799285	False	True	0.3720215857028961	0.1724674254655838	0.004789336118847132	0.002296231221407652	0.4327073395252228	0.01571810431778431	True	0.17353813350200653	0.17568407952785492	0.16935186088085175	0.16440965235233307	0.12663224339485168	0.19038398563861847
clleos	the head on this horse fly	data/processed/pro_fakeddit/images/clleos.jpg	0	4	False	0.7538101710379124	0.6708771931007504	0.08293297793716192	0.05248715076595545	0.03285231639165431	0.026809628936462104	0.7538101710379124	0.05110779940150678	False	True	0.038669098168611526	0.004702668637037277	0.0026168501935899258	0.0011949115432798862	0.946759045124054	0.006057483144104481	True	0.2157246172428131	0.19584059715270996	0.12355871498584747	0.10365378111600876	0.1749635487794876	0.18625874817371368
616z4b	the foster father who cares when terminally ill kids have no one	data/processed/pro_fakeddit/images/616z4b.jpg	0	4	False	0.627285823225975	0.4667183831334114	0.16056744009256363	0.09077776689082384	0.042581538669764996	0.015985181380528957	0.627285823225975	0.06280222907662392	False	True	0.12255498766899109	0.0327756367623806	0.035737987607717514	0.001315865432843566	0.7866430282592773	0.020972445607185364	True	0.27460479736328125	0.26478415727615356	0.06311219185590744	0.05999312922358513	0.14921420812606812	0.18829157948493958
5b35v6	meet the yearold boy who spends his time making teddy bears for sick children	data/processed/pro_fakeddit/images/5b35v6.jpg	0	4	False	0.6759773716330528	0.5452937558293343	0.13068361580371857	0.11468716245144606	0.01594871887937188	0.01474801904259948	0.6759773716330528	0.047955150017514825	False	True	0.08582520484924316	0.058149490505456924	0.005391636863350868	0.0004105206171516329	0.8358842134475708	0.014338972978293896	True	0.2652588486671448	0.28430017828941345	0.04761996492743492	0.057760514318943024	0.1962568461894989	0.1488036811351776
bdkle1	israeli scientists unveil worlds first dprinted heart with human tissue	data/processed/pro_fakeddit/images/bdkle1.jpg	0	4	False	0.7041361182928085	0.5728866402059793	0.13124947808682919	0.06410030205734074	0.01812601223355159	0.016146161418873817	0.7041361182928085	0.06624201126396656	False	True	0.08038000017404556	0.008391289971768856	0.0028939240146428347	0.000672843074426055	0.8763907551765442	0.03127128630876541	True	0.28385791182518005	0.2312273383140564	0.06382227689027786	0.0625661164522171	0.18737220764160156	0.17115418612957
141bbl	five hospitalised and two charged in gympie after neighbourhood brawl over ownership of a cat	data/processed/pro_fakeddit/images/141bbl.jpg	0	1	False	0.3561849966645241	0.091172955930233	0.2650120407342911	0.3561849966645241	0.059651777148246765	0.08118331804871559	0.15294630080461502	0.08502155356109142	False	True	0.2887900769710541	0.39816561341285706	0.05016084015369415	0.06320011615753174	0.15367774665355682	0.046005599200725555	True	0.19367793202400208	0.23024314641952515	0.0881245881319046	0.13513292372226715	0.1507519632577896	0.20206941664218903
1f4lyn	this fella doesnt like the idea hes being watched by the gigapixel camera in dubai	data/processed/pro_fakeddit/images/1f4lyn.jpg	2	4	False	0.7456319779157639	0.6639971286058426	0.08163484930992126	0.06004015519283712	0.03578673640731722	0.030709044411196373	0.7456319779157639	0.04619730345439166	False	True	0.04196003079414368	0.009695556946098804	0.004915475379675627	0.0009034292888827622	0.9402806162834167	0.002244985196739435	True	0.20065930485725403	0.21107394993305206	0.128400519490242	0.12012588977813721	0.16168606281280518	0.17805425822734833
ddibz7	first bonfire of the year and i was given an upvote by the fire	data/processed/pro_fakeddit/images/ddibz7.jpg	0	0	True	0.37789855897426605	0.012367375195026398	0.37789855897426605	0.1521629747003317	0.02216640266124159	0.014186912536388263	0.36553118377923965	0.0680539458990097	False	True	0.4049294590950012	0.1167694702744484	0.004082396160811186	0.0012133038835600019	0.4389946460723877	0.03401070833206177	True	0.29680585861206055	0.25834348797798157	0.0764184221625328	0.05310773849487305	0.14514079689979553	0.17018365859985352
7y7qn9	this skeptical styrofoam container	data/processed/pro_fakeddit/images/7y7qn9.jpg	2	4	False	0.7546597309410572	0.6584063386544585	0.09625339228659868	0.057567974319681525	0.019266086455900222	0.01132899724325398	0.7546597309410572	0.06092386948876083	False	True	0.049329232424497604	0.00858184415847063	0.0022282262798398733	9.810199844650924e-05	0.9342765212059021	0.005486124195158482	True	0.23702587187290192	0.2045263648033142	0.07037966698408127	0.04502168297767639	0.21580936014652252	0.22723710536956787
4aiefs	the head of englands most famous private school says spoiled children need to fail	data/processed/pro_fakeddit/images/4aiefs.jpg	0	4	False	0.5309445075690746	0.24664803221821785	0.09965476673096418	0.2842964753508568	0.014245507685700431	0.015763429619255476	0.5309445075690746	0.05509529006667435	False	True	0.05758494511246681	0.270143061876297	0.0016902814386412501	0.00038824562216177583	0.6582402586936951	0.011953181587159634	True	0.2258642315864563	0.32675671577453613	0.051911186426877975	0.061888981610536575	0.14905725419521332	0.1845216155052185
cjwxtj	the shadow this streetlight throws looks digitalised	data/processed/pro_fakeddit/images/cjwxtj.jpg	0	4	False	0.6752864643931389	0.506612841039896	0.16867362335324287	0.0512719452381134	0.032660314813256264	0.03102759219473228	0.6752864643931389	0.04108006088063121	False	True	0.161087304353714	0.0252046138048172	0.00469391793012619	0.00277712126262486	0.7997129559516907	0.006524110212922096	True	0.19143258035182953	0.12947393953800201	0.11655950546264648	0.11577900499105453	0.3020069897174835	0.14474791288375854
ctdup0	monk sculpture in a church i visited	data/processed/pro_fakeddit/images/ctdup0.jpg	0	4	False	0.7589644677937031	0.6649012295529246	0.09406323824077845	0.058717355015687644	0.023227344325277954	0.023740056807582732	0.7589644677937031	0.041287553089205176	False	True	0.037039291113615036	0.005623290780931711	0.0012677449267357588	0.0001855814189184457	0.9547240138053894	0.0011601306032389402	True	0.2651350796222687	0.21799954771995544	0.08910614252090454	0.09440348297357559	0.1716858297586441	0.16166982054710388
cnrn9k	all the different types of baby shells i found on a beach in norfolk	data/processed/pro_fakeddit/images/cnrn9k.jpg	0	4	False	0.6474881023168564	0.49923644214868546	0.14825166016817093	0.07203156687319279	0.027856414468260482	0.02308327912032837	0.6474881023168564	0.08128899522125721	False	True	0.1383345127105713	0.017998166382312775	0.0013881738996133208	0.00017367579857818782	0.807564377784729	0.03454110771417618	True	0.17800310254096985	0.23413176834583282	0.10726113617420197	0.09181208908557892	0.16725927591323853	0.2215326577425003
bxxn6k	my book came misprinted with a weird chunk in the middle	data/processed/pro_fakeddit/images/bxxn6k.jpg	0	4	False	0.5331679731607437	0.38089315593242645	0.15227481722831726	0.10383945144712925	0.0929339062422514	0.018378402921371162	0.5331679731607437	0.09940550569444895	False	True	0.12478414177894592	0.07675003260374069	0.07949057966470718	0.003123397473245859	0.6543704867362976	0.06148141250014305	True	0.23474684357643127	0.18510770797729492	0.13326388597488403	0.06414341926574707	0.16956043243408203	0.21317778527736664
eglrkp5	a year later their footage was found	data/processed/pro_fakeddit/images/eglrkp5.jpg	4	4	True	0.7316900305449963	0.6327187698334455	0.09897126071155071	0.08572557056322694	0.01752944861073047	0.013249918032670394	0.7316900305449963	0.052833695779554546	False	True	0.03997842222452164	0.024501396343111992	0.003064089920371771	0.0007308524800464511	0.9259557127952576	0.0057694376446306705	True	0.27594977617263794	0.2693980932235718	0.060925524681806564	0.05080711469054222	0.14889298379421234	0.19402647018432617
2l6dl0	my dogs butt looks like some kind of bird	data/processed/pro_fakeddit/images/2l6dl0.jpg	2	4	False	0.7242940813302994	0.6537994211539626	0.07049466017633677	0.05331612378358841	0.04210332618094981	0.03954189288197085	0.7242940813302994	0.07024994539096951	False	True	0.04607091471552849	0.013295859098434448	0.013292613439261913	0.0008949043694883585	0.921432375907898	0.005013396963477135	True	0.1437658965587616	0.1733769178390503	0.1285354644060135	0.15548285841941833	0.13287919759750366	0.26595959067344666
b99yth	an yearold janitor comes to work expecting to clean instead nearly students sing him happy birthday the washington post	data/processed/pro_fakeddit/images/b99yth.jpg	0	4	False	0.43019974604249	0.11608142778277397	0.31411831825971603	0.15333250910043716	0.02006036415696144	0.02917997445911169	0.43019974604249	0.05310915224254131	False	True	0.33480963110923767	0.10090017318725586	0.007764056324958801	0.0070592425763607025	0.5316936373710632	0.017773322761058807	True	0.2520443797111511	0.3106295168399811	0.05694928765296936	0.09554217010736465	0.12571807205677032	0.15911664068698883
93gr1q	flee unresthit nicaragua to seek asylum in costa rica	data/processed/pro_fakeddit/images/93gr1q.jpg	0	4	False	0.32804176956415176	0.09519452974200249	0.23284723982214928	0.1977480836212635	0.036127480678260326	0.030009791953489184	0.32804176956415176	0.1752256117761135	False	True	0.22588489949703217	0.18798230588436127	0.0242256261408329	0.012665429152548313	0.38217175006866455	0.16706997156143188	True	0.2537342607975006	0.22704541683197021	0.0718330442905426	0.0820428803563118	0.1656518280506134	0.1996925324201584
cr6i0u	my chickfila has a basket to put your unused sauces in if you dont use them	data/processed/pro_fakeddit/images/cr6i0u.jpg	0	4	False	0.5463959649205208	0.37134718149900436	0.17504878342151642	0.12676860578358173	0.02917102095670998	0.029396716796327382	0.5463959649205208	0.09321892075240612	False	True	0.16756269335746765	0.08680205792188644	0.00822006817907095	0.0028438398148864508	0.6754348278045654	0.0591365322470665	True	0.19750705361366272	0.2466682493686676	0.09202387928962708	0.10905534774065018	0.15927937626838684	0.195466086268425
27mpcr	djokovic during the roland garros final	data/processed/pro_fakeddit/images/27mpcr.jpg	0	4	False	0.43706997111439705	0.1931777037680149	0.24389226734638214	0.18849210441112518	0.03511804714798927	0.022724363254383206	0.43706997111439705	0.07270325161516666	False	True	0.24822157621383667	0.175301656126976	0.013487666845321655	0.0024688085541129112	0.5135840177536011	0.046936266124248505	True	0.23090434074401855	0.2280634492635727	0.10000918805599213	0.08349102735519409	0.20752783119678497	0.15000420808792114
3h34th	brit draws gun on paper and tries to rob bank	data/processed/pro_fakeddit/images/3h34th.jpg	0	1	False	0.36053770780563354	0.06671548262238503	0.18015973642468452	0.36053770780563354	0.024949426762759686	0.05570572800934315	0.2938222251832485	0.08482519071549177	False	True	0.15639276802539825	0.38399985432624817	0.013380292803049088	0.039845578372478485	0.34550315141677856	0.06087835505604744	True	0.25146064162254333	0.2901512682437897	0.05965682864189148	0.10328617691993713	0.1387794464826584	0.15666569769382477
czlqrw	i just found this cicada wrapped in web feet underground	data/processed/pro_fakeddit/images/czlqrw.jpg	0	4	False	0.5889631174504757	0.39710186049342155	0.19186125695705414	0.07985254749655724	0.05004345718771219	0.02290286496281624	0.5889631174504757	0.06637674896046519	False	True	0.17807188630104065	0.018746957182884216	0.03935826197266579	0.005330108106136322	0.7325748205184937	0.025917941704392433	True	0.2332293689250946	0.2631693184375763	0.08209904283285141	0.07562113553285599	0.15812800824642181	0.18775317072868347
64oeog	why more highly educated people are less into conspiracy theories	data/processed/pro_fakeddit/images/64oeog.jpg	5	4	False	0.3375752717256546	0.11314600333571434	0.10198801476508379	0.12072697654366493	0.12422050908207893	0.09105990454554558	0.3375752717256546	0.22442926838994026	False	True	0.06193011626601219	0.07615558803081512	0.14465580880641937	0.09551805257797241	0.40799495577812195	0.21374543011188507	True	0.22216171026229858	0.25444114208221436	0.06291460990905762	0.07768546044826508	0.12631621956825256	0.25648078322410583
71o825	us monitored manafort after he left trump campaign	data/processed/pro_fakeddit/images/71o825.jpg	0	1	False	0.4180443286895752	0.1587071195244789	0.15602117776870728	0.4180443286895752	0.03308042278513312	0.03014728892594576	0.2593372091650963	0.10336965695023537	False	True	0.1417330503463745	0.4666878283023834	0.017709122970700264	0.005504671484231949	0.29802748560905457	0.0703379362821579	True	0.19888556003570557	0.2721138298511505	0.0791943222284317	0.10407514125108719	0.14326637983322144	0.20246481895446777
32rw7y	this onehanded keyboard	data/processed/pro_fakeddit/images/32rw7y.jpg	0	4	False	0.6129821091890335	0.406332328915596	0.2066497802734375	0.08575216215103865	0.017329121008515358	0.012758427736116573	0.6129821091890335	0.06452844990417361	False	True	0.18832546472549438	0.038146454840898514	0.002192877233028412	0.0005796632030978799	0.756464421749115	0.014291176572442055	True	0.26162272691726685	0.22856928408145905	0.0627378523349762	0.04929472133517265	0.18253517150878906	0.2152402698993683
dhnsulp	i took my masters degree in cowbell	data/processed/pro_fakeddit/images/dhnsulp.jpg	4	4	True	0.7460565343499184	0.6490445621311665	0.08444261737167835	0.09701197221875191	0.015875552722718567	0.01954351269523613	0.7460565343499184	0.03706978925038129	False	True	0.01812838762998581	0.027550771832466125	0.0008747887331992388	0.0001974540064111352	0.9521909356117249	0.00105763366445899	True	0.283385306596756	0.30539557337760925	0.06087784469127655	0.07758168876171112	0.1276533305644989	0.1451062560081482
cmwu3q	insect apocalypse in us driven by x increase in toxic pesticides	data/processed/pro_fakeddit/images/cmwu3q.jpg	0	4	False	0.515213780105114	0.3508165553212166	0.1643972247838974	0.15233075432479382	0.018954914761707187	0.023302580695599318	0.515213780105114	0.12580073438584805	False	True	0.13871052861213684	0.11676020175218582	0.005429980345070362	0.008629286661744118	0.6378476023674011	0.09262240678071976	True	0.24145731329917908	0.2590424120426178	0.05952971801161766	0.06732246279716492	0.14731231331825256	0.2253357172012329
4rozpv	north korean space program to land rover on earth	data/processed/pro_fakeddit/images/4rozpv.jpg	1	4	False	0.6913046799600124	0.57744977530092	0.08726088237017393	0.11385490465909243	0.02118827006779611	0.016155727382283658	0.6913046799600124	0.07023557554930449	False	True	0.03412330523133278	0.03838753327727318	0.009302248246967793	0.0019980373326689005	0.8765212297439575	0.03966769948601723	True	0.2466736137866974	0.34025701880455017	0.05684633553028107	0.05862879753112793	0.13565503060817719	0.16193920373916626
6kcche	yearold boy invents a genius device to stop children dying in hot cars	data/processed/pro_fakeddit/images/6kcche.jpg	5	5	True	0.33286183327436447	0.09573080763220787	0.10941656865179539	0.2311822697520256	0.0697763878852129	0.019631922361440957	0.2371310256421566	0.33286183327436447	False	True	0.07520238310098648	0.24141240119934082	0.06585738807916641	0.0012528873048722744	0.2478071004152298	0.3684678375720978	True	0.2120591253042221	0.20049187541007996	0.08153338730335236	0.074769027531147	0.205102801322937	0.22604382038116455
28ku7z	citizen in hot air balloon helps officers find fleeing suspect end pursuit	data/processed/pro_fakeddit/images/28ku7z.jpg	0	4	False	0.6693581454455853	0.5387853756546974	0.13057276979088783	0.10394253581762314	0.023678755620494485	0.023526784309069626	0.6693581454455853	0.0489209865918383	False	True	0.09041418135166168	0.06298716366291046	0.006370219402015209	0.0006290851742960513	0.8358982801437378	0.0037010428495705128	True	0.2510485351085663	0.22680865228176117	0.07560436427593231	0.09221988171339035	0.16973774135112762	0.18458081781864166
bdti7r	george lucas planning payback with massive affordable housing project on his marin county land	data/processed/pro_fakeddit/images/bdti7r.jpg	0	1	False	0.4335382245481014	0.174679946154356	0.184698436409235	0.4335382245481014	0.02308805740904063	0.022437797451857477	0.2588582783937454	0.07737916894257069	False	True	0.17771252989768982	0.49881511926651	0.004189094994217157	0.0021273239981383085	0.27671733498573303	0.040438584983348846	True	0.20565615594387054	0.23770754039287567	0.07978494465351105	0.08336921781301498	0.2052811086177826	0.1882009208202362
3jk96v	day care workers accused of running fight club among children	data/processed/pro_fakeddit/images/3jk96v.jpg	0	0	True	0.38033881038427353	0.0748262107372284	0.38033881038427353	0.12263362109661102	0.04066863749176264	0.029366566217504442	0.30551259964704514	0.12147977016866207	False	True	0.43030303716659546	0.06888756155967712	0.03269197419285774	0.007368229795247316	0.35823243856430054	0.10251674801111221	True	0.23044613003730774	0.2838717997074127	0.06459862738847733	0.09536157548427582	0.14735308289527893	0.17836883664131165
3bo4w2	manchester art gallery oc	data/processed/pro_fakeddit/images/3bo4w2.jpg	0	4	False	0.6817542314529419	0.5258235149085522	0.15593071654438972	0.0896142078563571	0.012132489500800148	0.015529440555837937	0.6817542314529419	0.045038936426863074	False	True	0.11528162658214569	0.04196752980351448	0.0014479811070486903	0.000596912985201925	0.8348042964935303	0.005901661701500416	True	0.2778779864311218	0.23255424201488495	0.04418601468205452	0.06032702326774597	0.22260403633117676	0.16245076060295105
ck2hcc	vodka a dangerous love beware ussr	data/processed/pro_fakeddit/images/ck2hcc.jpg	5	1	False	0.4724041819572449	0.22879785299301147	0.20523549616336823	0.4724041819572449	0.016689971671439707	0.014933645579731092	0.2436063289642334	0.04713037866167724	False	True	0.1894873082637787	0.5040533542633057	0.004603933077305555	0.0015143203781917691	0.2874593436717987	0.012881719507277012	True	0.25248005986213684	0.3774566650390625	0.05294808745384216	0.05519162118434906	0.11204728484153748	0.14987635612487793
dcyq38	this extremely tall bathroom door	data/processed/pro_fakeddit/images/dcyq38.jpg	0	4	False	0.5883819013834	0.41118180751800537	0.1772000938653946	0.06333868391811848	0.048928058124147356	0.03660103438596707	0.5883819013834	0.08555018994957209	False	True	0.18641997873783112	0.04166503995656967	0.004588746000081301	0.000916671531740576	0.7407072186470032	0.025702279061079025	True	0.14954043924808502	0.1283596158027649	0.18194599449634552	0.14365412294864655	0.13140594959259033	0.26509392261505127
bdq0jh	dead after severe weather rips through the south east coast	data/processed/pro_fakeddit/images/bdq0jh.jpg	0	4	False	0.5940053872764111	0.4082072973251343	0.18579808995127678	0.08263949467800558	0.04941985383629799	0.012676517479121685	0.5940053872764111	0.07546059042215347	False	True	0.16595527529716492	0.012714606709778309	0.04156525433063507	0.002232678234577179	0.7404908537864685	0.03704124689102173	True	0.24532653391361237	0.2924141585826874	0.07298365235328674	0.0440080352127552	0.1545489877462387	0.1907186210155487
57alug	henry waxman isnt done fighting with drug companies	data/processed/pro_fakeddit/images/57alug.jpg	0	1	False	0.29036617279052734	0.07550812885165215	0.19786222651600838	0.29036617279052734	0.044770488515496254	0.06560187228024006	0.18654121458530426	0.2148580439388752	False	True	0.18753479421138763	0.29961544275283813	0.037012726068496704	0.06076767295598984	0.19817465543746948	0.21689473092556	True	0.2288445234298706	0.26261836290359497	0.0680437758564949	0.08010447025299072	0.1516408920288086	0.2087479829788208
2ggvks	youll never guess how this star athlete responds to being called a nerd	data/processed/pro_fakeddit/images/2ggvks.jpg	0	4	False	0.5117984674870968	0.28045544400811195	0.23134302347898483	0.15977544337511063	0.021510492777451873	0.01869128888938576	0.5117984674870968	0.056881300173699856	False	True	0.2156481146812439	0.11085823178291321	0.0061974795535206795	0.007687098812311888	0.6405665874481201	0.019042525440454483	True	0.27842774987220764	0.3065270781517029	0.06744953244924545	0.051703859120607376	0.1254941076040268	0.17039762437343597
8vvqsg	charity makes sure homeless kids get the birthday party they deserve	data/processed/pro_fakeddit/images/8vvqsg.jpg	0	4	False	0.49779537692666054	0.2599276639521122	0.15369364991784096	0.23786771297454834	0.026245843386277556	0.02297457866370678	0.49779537692666054	0.06142283650115132	False	True	0.12797613441944122	0.2441243678331375	0.008295697160065174	0.0021647512912750244	0.6058950424194336	0.011543979868292809	True	0.23084619641304016	0.21909774839878082	0.0800962820649147	0.08540406078100204	0.17349638044834137	0.21105940639972687
cmfof4f	this isnt the franchise i was looking for	data/processed/pro_fakeddit/images/cmfof4f.jpg	4	4	True	0.7546153105795383	0.663842439185828	0.08803831553086638	0.09077287139371037	0.014352447440614924	0.009031293346197344	0.7546153105795383	0.043189730582525954	False	True	0.030202822759747505	0.010223394259810448	0.0008563102455809712	0.0007255852106027305	0.9571859240531921	0.0008059294195845723	True	0.261544793844223	0.33242130279541016	0.05484085902571678	0.033948417752981186	0.14690347015857697	0.1703411340713501
arb3bc	this clothing store is undergoing construction so they dressed their mannequins appropriately	data/processed/pro_fakeddit/images/arb3bc.jpg	0	4	False	0.7126370966434479	0.578229583799839	0.13440751284360886	0.06761746993288398	0.026159026194363832	0.018643686766154133	0.7126370966434479	0.040535271749831736	False	True	0.1056799590587616	0.031210945919156075	0.0052572619169950485	0.000743232958484441	0.852813184261322	0.004295479040592909	True	0.22059017419815063	0.1768370419740677	0.08886431902647018	0.07234504818916321	0.29210883378982544	0.14925464987754822
dc6wx9	only bunch of red fruits on a bush	data/processed/pro_fakeddit/images/dc6wx9.jpg	0	4	False	0.5178210493177176	0.2558199893683195	0.26200105994939804	0.07497207820415497	0.03875839873217046	0.02990850794594735	0.5178210493177176	0.07653887756168842	False	True	0.27478161454200745	0.021977216005325317	0.010784369893372059	0.004441338125616312	0.6526203155517578	0.03539513796567917	True	0.22365939617156982	0.23395666480064392	0.12268048524856567	0.10631001740694046	0.11342325061559677	0.1999700963497162
11rt54	judge clears two people of murder for which theyve spent years in jail but makes them wait days to be released so they can receive ankle bracelets	data/processed/pro_fakeddit/images/11rt54.jpg	0	0	True	0.4197821617126465	0.08379683643579483	0.4197821617126465	0.08894238341599703	0.03337976639159024	0.04830216569826007	0.33598532527685165	0.0736081195063889	False	True	0.4919404089450836	0.05036984011530876	0.012982389889657497	0.02635919488966465	0.3993634581565857	0.01898462139070034	True	0.20330742001533508	0.20466001331806183	0.09457189589738846	0.11413107812404633	0.14585092663764954	0.2374786138534546
8tlyya	daft punk without helmets at the fifa world cup in russia	data/processed/pro_fakeddit/images/8tlyya.jpg	2	4	False	0.5162076540291309	0.3028601258993149	0.1300622597336769	0.21334752812981606	0.04379722196608782	0.036547065421473235	0.5162076540291309	0.060038233641535044	False	True	0.09898470342159271	0.20861166715621948	0.021179672330617905	0.0027003048453480005	0.6434988379478455	0.025024769827723503	True	0.2232949286699295	0.22755511105060577	0.11164987087249756	0.13808734714984894	0.13433410227298737	0.16507862508296967
chh25u1	so long and thanks for the kitties	data/processed/pro_fakeddit/images/chh25u1.jpg	4	4	True	0.757536843419075	0.6645398116670549	0.08464682102203369	0.09299703175202012	0.013221809989772737	0.009085912719456246	0.757536843419075	0.0425116115657147	False	True	0.022245675325393677	0.013197911903262138	0.001074951607733965	0.00013105136167723686	0.9627808928489685	0.0005695364670827985	True	0.27185025811195374	0.33239439129829407	0.04966238513588905	0.035950496792793274	0.14180469512939453	0.1683378368616104
1gogmy	nba finals lebron james to start game with headband on	data/processed/pro_fakeddit/images/1gogmy.jpg	0	1	False	0.39270542934536934	0.11229855939745903	0.2804068699479103	0.39270542934536934	0.0395707031711936	0.02889222977682948	0.14005014672875404	0.11837458610534668	False	True	0.28288471698760986	0.4408455193042755	0.022300634533166885	0.01773856393992901	0.13727086782455444	0.09895965456962585	True	0.27297332882881165	0.24828515946865082	0.09138090908527374	0.0623532272875309	0.14838798344135284	0.17661938071250916
blw60y	ezra millers makeup at the meta	data/processed/pro_fakeddit/images/blw60y.jpg	2	4	False	0.6572457104921341	0.48119067773222923	0.10704136360436678	0.17605503275990486	0.012511378430644982	0.012475506722694263	0.6572457104921341	0.034670990076847374	False	True	0.04171564802527428	0.14262594282627106	0.0004716730327345431	0.001105978270061314	0.8109800219535828	0.003100698348134756	True	0.3030185103416443	0.2763423025608063	0.0486304946243763	0.04658409208059311	0.19604277610778809	0.12938186526298523
3gymh7	teenager in a fishing boat removes rubbish stuck on whales head whale shows its appreciation	data/processed/pro_fakeddit/images/3gymh7.jpg	0	4	False	0.5496769286692142	0.35812197998166084	0.1915549486875534	0.0776776373386383	0.055658454075455666	0.04722090461291373	0.5496769286692142	0.07821113057434559	False	True	0.20504000782966614	0.027796611189842224	0.019899927079677582	0.007410715334117413	0.7019570469856262	0.03789568692445755	True	0.1510997712612152	0.22732071578502655	0.16293403506278992	0.16665147244930267	0.09283657371997833	0.1991574615240097
dpmuhrc	chrimbus time is almost here	data/processed/pro_fakeddit/images/dpmuhrc.jpg	4	4	True	0.7410621680319309	0.6458629090338945	0.09519925899803638	0.08552041184157133	0.017937197168066632	0.01413623053667834	0.7410621680319309	0.04614475842390675	False	True	0.03453903645277023	0.021394196897745132	0.00041887760744430125	0.00022658079979009926	0.9426845908164978	0.0007367743528448045	True	0.27717992663383484	0.2778990566730499	0.07049215584993362	0.05586517974734306	0.13619489967823029	0.1823687106370926
9dzjyi	this wood fire heated hot tub being pulled by an rv	data/processed/pro_fakeddit/images/9dzjyi.jpg	0	4	False	0.406204279512167	0.06961677223443985	0.3365875072777271	0.1450587846338749	0.032963291683699936	0.028433514409698546	0.406204279512167	0.0507526301080361	False	True	0.3811405301094055	0.134422168135643	0.0022679877001792192	0.0011810730211436749	0.47324812412261963	0.0077401320450007915	True	0.20292843878269196	0.17696863412857056	0.12504920363426208	0.11019083857536316	0.20507274568080902	0.17979012429714203
2h9e55	fox news contributor stephen hayes is on the terrorist watch list	data/processed/pro_fakeddit/images/2h9e55.jpg	0	1	False	0.3972582593560219	0.14123956859111786	0.256018690764904	0.3972582593560219	0.04003691207617521	0.042150769382715225	0.15496370568871498	0.10957172513008118	False	True	0.2751949429512024	0.4568367898464203	0.021380525082349777	0.014941193163394928	0.15172164142131805	0.07992500066757202	True	0.1984899342060089	0.21852266788482666	0.09600607305765152	0.12377949804067612	0.16468989849090576	0.19851189851760864
8z61g2	dang i spilled my pork rinds all over the grass	data/processed/pro_fakeddit/images/8z61g2.jpg	2	4	False	0.6227609552443027	0.48166920244693756	0.1410917527973652	0.11738195735961199	0.027445227839052677	0.01125935890013352	0.6227609552443027	0.08006074652075768	False	True	0.1000535637140274	0.043645765632390976	0.01893521100282669	0.003652334911748767	0.7807573080062866	0.05295582115650177	True	0.26420632004737854	0.338590532541275	0.05297527834773064	0.03408043086528778	0.14877189695835114	0.1613755226135254
6feuw6	jumping spider trying to appear intimidating	data/processed/pro_fakeddit/images/6feuw6.jpg	0	4	False	0.5439488850533962	0.33955880627036095	0.20439007878303528	0.1513645425438881	0.01975016575306654	0.02079913386842236	0.5439488850533962	0.05974724283441901	False	True	0.19229204952716827	0.10985159873962402	0.0027870498597621918	0.0030833829659968615	0.6730753183364868	0.018910648301243782	True	0.2406841665506363	0.2759033739566803	0.07063951343297958	0.07394638657569885	0.15656958520412445	0.1822570264339447
26zjoq	researchers find association between porn viewing and less grey matter in the brain	data/processed/pro_fakeddit/images/26zjoq.jpg	0	1	False	0.3057604730129242	0.04799602925777435	0.21630604937672615	0.3057604730129242	0.023169386899098754	0.014855153218377382	0.25776444375514984	0.18214451521635056	False	True	0.20208434760570526	0.3160216212272644	0.005682175047695637	0.0017675699200481176	0.30199024081230164	0.1724540889263153	True	0.2589711546897888	0.27497702836990356	0.0756310224533081	0.05411790311336517	0.12508705258369446	0.2112157940864563
axq3b6	dog gets mad during meeting	data/processed/pro_fakeddit/images/axq3b6.jpg	0	4	False	0.6403310913592577	0.4869267884641886	0.15340430289506912	0.11191139463335276	0.023667524510528892	0.024467797557008453	0.6403310913592577	0.046217962517403066	False	True	0.12861047685146332	0.0526723675429821	0.0027281653601676226	0.0004569808370433748	0.8131611943244934	0.0023709130473434925	True	0.22778578102588654	0.2896284759044647	0.0864856019616127	0.09650024771690369	0.12184078246355057	0.1777591109275818
ctnfbd	in a bag of very old clementines only one rotted away	data/processed/pro_fakeddit/images/ctnfbd.jpg	0	4	False	0.644031835719943	0.48456488735973835	0.1594669483602047	0.08876953180879354	0.022215206641703844	0.01449864194728434	0.644031835719943	0.07101787347346544	False	True	0.13033244013786316	0.01695438101887703	0.007129533216357231	0.002156204544007778	0.8184314966201782	0.024995993822813034	True	0.2468704730272293	0.3042149841785431	0.06747222691774368	0.05152595415711403	0.12083285301923752	0.20908351242542267
ccv4df	this orchid that looks like it has a small clown covering its ears in the middle	data/processed/pro_fakeddit/images/ccv4df.jpg	0	4	False	0.6225732266902924	0.4678341746330261	0.15473905205726624	0.07732520438730717	0.042798466281965375	0.049405604164348915	0.6225732266902924	0.05315844505093992	False	True	0.1609000861644745	0.04309456795454025	0.004691719077527523	0.0013463938375934958	0.7788211107254028	0.011146110482513905	True	0.13625594973564148	0.1800171136856079	0.15711870789527893	0.19358323514461517	0.15382957458496094	0.17919544875621796
1cvawd	birds beak looks like another birds face	data/processed/pro_fakeddit/images/1cvawd.jpg	2	4	False	0.4366450272500515	0.14716874435544014	0.28947628289461136	0.1496230736374855	0.035464410902932286	0.023273713799426332	0.4366450272500515	0.06551745696924627	False	True	0.3229791820049286	0.13820387423038483	0.005080259405076504	0.0015795378712937236	0.5178369283676147	0.0143201919272542	True	0.18896758556365967	0.18388067185878754	0.12661686539649963	0.08835624158382416	0.19306932389736176	0.21910925209522247
78xol9	its simply bursting with creative wonder says reviewer of new game where mario sometimes dresses as chef	data/processed/pro_fakeddit/images/78xol9.jpg	1	4	False	0.7373869903385639	0.6437884010374546	0.09359858930110931	0.08382289903238416	0.017720044692396186	0.023144113161833957	0.7373869903385639	0.04432732710847631	False	True	0.04834599792957306	0.01592828892171383	0.0007776532438583672	0.0017744827782735229	0.9306861162185669	0.0024874273221939802	True	0.22935636341571808	0.28750672936439514	0.06854721903800964	0.08725300431251526	0.157489612698555	0.1698470264673233
25eeez	custom controller lets disabled man dig into minecraft using his eyebrows	data/processed/pro_fakeddit/images/25eeez.jpg	0	4	False	0.502225436270237	0.22320866212248802	0.27901677414774895	0.0972861684858799	0.03426931821741164	0.02322983168414794	0.502225436270237	0.06397258350625634	False	True	0.30309930443763733	0.06510232388973236	0.013766522519290447	0.0007662746356800199	0.591238796710968	0.026026887819170952	True	0.2067691832780838	0.1938377022743225	0.09577770531177521	0.0906205028295517	0.23518535494804382	0.1778096705675125
1islyu	jumping dog with a derpish face	data/processed/pro_fakeddit/images/1islyu.jpg	0	4	False	0.5882080532610416	0.38108833506703377	0.20711971819400787	0.10324922762811184	0.03370823641307652	0.02754666699183872	0.5882080532610416	0.04016809113090858	False	True	0.21207483112812042	0.05269790440797806	0.004431224428117275	0.0003037557762581855	0.7281738519668579	0.0023184113670140505	True	0.19225437939167023	0.2549031972885132	0.12153927236795425	0.10927540063858032	0.16831065714359283	0.15371713042259216
bw46oc	this pepper looks like a clown face	data/processed/pro_fakeddit/images/bw46oc.jpg	0	4	False	0.7016008198261261	0.6011211462318897	0.10047967359423637	0.06258271029219031	0.031492142981733195	0.04108986063511111	0.7016008198261261	0.06275476282462478	False	True	0.07516272366046906	0.022311465814709663	0.0006727539584971964	0.0005087180761620402	0.8868432641029358	0.014501037076115608	True	0.17643052339553833	0.18339644372463226	0.12395031005144119	0.1628332883119583	0.14587348699569702	0.20751594007015228
d1oa9c	the color fading on my poetry magnets which i left out a month ago vs those i didnt	data/processed/pro_fakeddit/images/d1oa9c.jpg	0	4	False	0.5254976414144039	0.29626359418034554	0.22923404723405838	0.09459045715630054	0.04001235589385033	0.03479431907180697	0.5254976414144039	0.0758711313828826	False	True	0.24235548079013824	0.06338738650083542	0.014162681996822357	0.0017905826680362225	0.6508179903030396	0.027485806494951248	True	0.1898697465658188	0.18819966912269592	0.11756137758493423	0.1338055282831192	0.149536594748497	0.22102710604667664
925w0x	first ever atk crashes in to loot lake during a test drive colourized	data/processed/pro_fakeddit/images/925w0x.jpg	2	4	False	0.7468715310096741	0.637280248105526	0.1095912829041481	0.06487381737679243	0.024368204700294882	0.01316830251016654	0.7468715310096741	0.041126857278868556	False	True	0.06454864144325256	0.021955955773591995	0.00315593252889812	0.00038529455196112394	0.9057058095932007	0.004248359240591526	True	0.24471920728683472	0.19362740218639374	0.08800502121448517	0.05151732638478279	0.27036869525909424	0.15176235139369965
chd4k9k	were not getting any younger so lets do the damn thang	data/processed/pro_fakeddit/images/chd4k9k.jpg	4	4	True	0.7708813138306141	0.6828046170994639	0.08142933365888894	0.08807669673115015	0.010025377965575899	0.006539641275594477	0.7708813138306141	0.04304765428969404	False	True	0.014523706398904324	0.009652387350797653	0.00011884250125149265	0.00020367137040011585	0.9752141833305359	0.0002872383047360927	True	0.2821462154388428	0.32334962487220764	0.03974498435854912	0.02554755099117756	0.1578827053308487	0.17132890224456787
1gv01q	a cat looking majestically into the middle distance	data/processed/pro_fakeddit/images/1gv01q.jpg	0	0	True	0.38967420160770416	0.04406328871846199	0.38967420160770416	0.14051898568868637	0.027282523806206882	0.02055511123035103	0.34561091288924217	0.07635825965553522	False	True	0.4167950451374054	0.1171724796295166	0.007291293237358332	0.004813674371689558	0.41112056374549866	0.042806949466466904	True	0.30831167101860046	0.21055850386619568	0.08725621551275253	0.06777942180633545	0.14908196032047272	0.17701219022274017
5q0lzv	i didnt realize until now that my water bottle is a transformer	data/processed/pro_fakeddit/images/5q0lzv.jpg	2	4	False	0.6872915327548981	0.5721303671598434	0.11516116559505463	0.08898236369714141	0.026642303681001067	0.012274865417566616	0.6872915327548981	0.06964774942025542	False	True	0.0802835077047348	0.014399038627743721	0.009165127761662006	0.000484121817862615	0.8659314513206482	0.029736729338765144	True	0.2197941392660141	0.3127323389053345	0.07907383143901825	0.04764709621667862	0.1513717770576477	0.18938080966472626
3lwihh	the truth about student loans	data/processed/pro_fakeddit/images/3lwihh.jpg	1	1	True	0.4276965856552124	0.11459802649915218	0.1670277751982212	0.4276965856552124	0.013537414924940094	0.018560796917881817	0.3130985591560602	0.060078856302425265	False	True	0.12253613770008087	0.48100727796554565	0.0017640759469941258	0.0026909310836344957	0.3797735869884491	0.012227983213961124	True	0.3005026876926422	0.26776450872421265	0.048857431858778	0.06617039442062378	0.11307347565889359	0.2036314755678177
e1g2kg8	my first attempt at psbattling	data/processed/pro_fakeddit/images/e1g2kg8.jpg	4	0	False	0.24079401046037674	0.0017182864248752594	0.24079401046037674	0.23907572403550148	0.11723004467785358	0.08461592020466924	0.22942493855953217	0.08885932341217995	False	True	0.22196227312088013	0.22381047904491425	0.1380985677242279	0.1035347655415535	0.2423844039440155	0.07020942866802216	True	0.2972892224788666	0.2848714590072632	0.05462447553873062	0.027859384194016457	0.19054654240608215	0.14480900764465332
6vfz6l	somewhere over the valley this is our stop	data/processed/pro_fakeddit/images/6vfz6l.jpg	1	4	False	0.7450709342956543	0.62355144508183	0.12151948921382427	0.06371143006253988	0.021774910856038332	0.0092487604561029	0.7450709342956543	0.03867447574157268	False	True	0.04966384917497635	0.00752166798338294	0.009284937754273415	0.0007069022976793349	0.931520938873291	0.0013017184101045132	True	0.33708640933036804	0.23228071630001068	0.059244830161333084	0.034874334931373596	0.18572092056274414	0.15079274773597717
375he7	cancer charities are accused of fraud	data/processed/pro_fakeddit/images/375he7.jpg	0	4	False	0.5710579752922058	0.34938820078969	0.2216697745025158	0.08995031844824553	0.022459897794760764	0.037191738840192556	0.5710579752922058	0.0576703529804945	False	True	0.2302638739347458	0.03511819615960121	0.004118389915674925	0.007968531921505928	0.7154549956321716	0.00707610696554184	True	0.1958874762058258	0.25444668531417847	0.07748442143201828	0.12486135959625244	0.13786691427230835	0.20945309102535248
dbh1qa	the christmas genocide of swaize land	data/processed/pro_fakeddit/images/dbh1qa.jpg	2	4	False	0.6707366295158863	0.5222184415906668	0.09961301926523447	0.14851818792521954	0.02162414393387735	0.010547518737439532	0.6707366295158863	0.04896055022254586	False	True	0.05061502382159233	0.0884983018040657	0.007725958712399006	0.00033474466181360185	0.846630334854126	0.006195692345499992	True	0.2466070055961609	0.32857784628868103	0.06331869959831238	0.04118584096431732	0.1430555135011673	0.17725512385368347
5501dq	operation science vs magic	data/processed/pro_fakeddit/images/5501dq.jpg	0	4	False	0.7051436267793179	0.5965848807245493	0.10499865189194679	0.10855874605476856	0.019353536423295736	0.012342361471382901	0.7051436267793179	0.049603103660047054	False	True	0.04399193823337555	0.05010902136564255	0.0023574698716402054	0.001033786335028708	0.8923503160476685	0.01015748456120491	True	0.2880187928676605	0.2839079201221466	0.07034173607826233	0.04626808688044548	0.14352355897426605	0.1679399609565735
h8kim	this face stared at me while i worked out	data/processed/pro_fakeddit/images/h8kim.jpg	2	4	False	0.5540666654706001	0.3261873461306095	0.22787931933999062	0.1268339343369007	0.020872074412181973	0.013692944819922559	0.5540666654706001	0.0566550730727613	False	True	0.21833260357379913	0.07530908286571503	0.005394726060330868	0.0009646546677686274	0.687376081943512	0.012622864916920662	True	0.25651946663856506	0.28140848875045776	0.06730411946773529	0.051877815276384354	0.15413841605186462	0.1887516975402832
d7rnb0	smaller versions of upholstered car seats at a hardware store	data/processed/pro_fakeddit/images/d7rnb0.jpg	0	4	False	0.6856203302741051	0.5778666250407696	0.09185817465186119	0.1077537052333355	0.03789157513529062	0.032272857017233036	0.6856203302741051	0.04460336617194116	False	True	0.06337131559848785	0.08053351938724518	0.0012015067040920258	0.00038034265162423253	0.8463267683982849	0.008186538703739643	True	0.1773187518119812	0.18941426277160645	0.1479617804288864	0.12795040011405945	0.20350101590156555	0.15385384857654572
7c64og	life expectancy on the rise in africa	data/processed/pro_fakeddit/images/7c64og.jpg	0	4	False	0.44679744727909565	0.12438102252781391	0.32241642475128174	0.10290973726660013	0.027272605570033193	0.014553591783624142	0.44679744727909565	0.08605022635310888	False	True	0.3471732437610626	0.044690024107694626	0.014036267064511776	0.001043536001816392	0.5578499436378479	0.03520703688263893	True	0.2481459677219391	0.27756887674331665	0.06698162108659744	0.055083759129047394	0.1136399582028389	0.23857979476451874
3po6jx	barbecue round at the folks took a turn for the worst	data/processed/pro_fakeddit/images/3po6jx.jpg	2	4	False	0.7456332594156265	0.6457810187712312	0.09985224064439535	0.07450612081447616	0.018664624425582588	0.012133789685321972	0.7456332594156265	0.04921006818767637	False	True	0.04394345358014107	0.0038276638370007277	0.004206376615911722	0.0007958231726661325	0.9456652998924255	0.001561508048325777	True	0.2675786018371582	0.28654149174690247	0.062039367854595184	0.04614768922328949	0.1455371379852295	0.19215574860572815
9hkiey	new prescription drug warning labels in canada	data/processed/pro_fakeddit/images/9hkiey.jpg	0	4	False	0.6476095970720053	0.5297553110867739	0.1178542859852314	0.08850902784615755	0.023433605208992958	0.018531646841438487	0.6476095970720053	0.10406182240694761	False	True	0.0760873407125473	0.029077645391225815	0.009415924549102783	0.0009756836807355285	0.8221524357795715	0.06229095533490181	True	0.2431551218032837	0.26680317521095276	0.06548664718866348	0.07119953632354736	0.12398108094930649	0.22937442362308502
68f2wt	reddit alien is holding a christian monk in his right hand from redditgifts	data/processed/pro_fakeddit/images/68f2wt.jpg	2	1	False	0.7143517844378948	0.6243475759401917	0.09000420849770308	0.7143517844378948	0.032446842291392386	0.041366541176103055	0.05555449705570936	0.06627619545906782	False	True	0.05496840551495552	0.8777700662612915	0.002511515747755766	0.0017452803440392017	0.03588273748755455	0.027122054249048233	True	0.19511161744594574	0.22409693896770477	0.12225282192230225	0.16023032367229462	0.1145697757601738	0.1837386190891266
ayx7t2	had a packet stuck in the seal of my ramen opened the ramen up and discovered another packet awesome for	data/processed/pro_fakeddit/images/ayx7t2.jpg	0	4	False	0.5939155481755733	0.45525411516427994	0.1386614330112934	0.09718325920403004	0.036682438338175416	0.017194055544678122	0.5939155481755733	0.11636325158178806	False	True	0.10589317977428436	0.050902821123600006	0.014249327592551708	0.0011943064164370298	0.7452011704444885	0.08255916088819504	True	0.23696619272232056	0.23602457344532013	0.10398177057504654	0.0651933029294014	0.14005868136882782	0.21777552366256714
6tq6e8	til that knowing he was the media is the democrats replacement for the actions in charlottesville as repulsive traitors to their cronies	data/processed/pro_fakeddit/images/6tq6e8.jpg	3	4	False	0.5055593624711037	0.3007538504898548	0.1684650406241417	0.20480551198124886	0.03256265772506595	0.020924422322423197	0.5055593624711037	0.06768297264352441	False	True	0.15504209697246552	0.18086250126361847	0.016256773844361305	0.00040439440635964274	0.6276966333389282	0.019737539812922478	True	0.20873387157917023	0.27663454413414	0.08148030936717987	0.08248450607061386	0.13914754986763	0.2115192711353302
difafu	this plaque in tombstone arizona commemorating nothing	data/processed/pro_fakeddit/images/difafu.jpg	0	0	True	0.4760902486741543	0.311405997723341	0.4760902486741543	0.14183928817510605	0.04541521007195115	0.04141923412680626	0.1646842509508133	0.1305517703294754	False	True	0.5709626078605652	0.1293300837278366	0.019635668024420738	0.008925512433052063	0.18271857500076294	0.0884275734424591	True	0.19147317111492157	0.17936690151691437	0.12275383621454239	0.13890039920806885	0.11058127880096436	0.2569243609905243
2d8cef	steven seagal looks menacingly at an unsually smiley vladimir putin	data/processed/pro_fakeddit/images/2d8cef.jpg	0	4	False	0.3556085638701916	0.11318767443299294	0.22731530666351318	0.24242088943719864	0.04386311420239508	0.05585384671576321	0.3556085638701916	0.07493833266198635	False	True	0.25505557656288147	0.2660231590270996	0.006594221107661724	0.009479536674916744	0.4180516302585602	0.04479595273733139	True	0.14409449696540833	0.17161408066749573	0.15566979348659515	0.1949767768383026	0.16827936470508575	0.16536547243595123
cyoqzdh	something something oscar pistorius	data/processed/pro_fakeddit/images/cyoqzdh.jpg	4	4	True	0.6237672679126263	0.4797319117933512	0.1440353561192751	0.10281267669051886	0.05120308976620436	0.014688197086798027	0.6237672679126263	0.0634933952242136	False	True	0.10264783352613449	0.041642386466264725	0.04746611416339874	0.0019334921380504966	0.7851701378822327	0.021140016615390778	True	0.2681979238986969	0.28632354736328125	0.0624140165746212	0.05295231193304062	0.13955865800380707	0.19055353105068207
6zkf0j	blinks mark hoppus releases solo track to raise money for dogs impacted by hurricane harvey	data/processed/pro_fakeddit/images/6zkf0j.jpg	0	0	True	0.3136579096317291	0.013816386461257935	0.3136579096317291	0.24558739364147186	0.0341296351980418	0.03598139970563352	0.2998415231704712	0.07080211210995913	False	True	0.36325013637542725	0.26287001371383667	0.003691316582262516	0.005788710899651051	0.34398195147514343	0.020417850464582443	True	0.16488122940063477	0.19373953342437744	0.12544459104537964	0.12655946612358093	0.16742023825645447	0.22195489704608917
5z6sc2	kid in cardboard knights armor	data/processed/pro_fakeddit/images/5z6sc2.jpg	0	4	False	0.7700525932013988	0.6940841472242028	0.07274767477065325	0.0759684459771961	0.0219546734369942	0.026770250136905815	0.7700525932013988	0.03250635546282865	False	True	0.029435839504003525	0.014517229981720448	0.00043062257464043796	0.0004281590518075973	0.9544404745101929	0.0007476675091311336	True	0.20268318057060242	0.26032209396362305	0.08652682602405548	0.10579652339220047	0.21688894927501678	0.1277824193239212
8e372q	the population modern day hysteria	data/processed/pro_fakeddit/images/8e372q.jpg	1	4	False	0.4911305755376816	0.19757375121116638	0.13244845531880856	0.2935568243265152	0.01573150500189513	0.008764268481172621	0.4911305755376816	0.05836836202070117	False	True	0.08733642846345901	0.28287234902381897	0.004751345608383417	0.0002515423111617565	0.608435332775116	0.016353020444512367	True	0.2677845358848572	0.3256102502346039	0.04867198318243027	0.034302446991205215	0.13921630382537842	0.18441438674926758
68laeg	deep in a song for wedding	data/processed/pro_fakeddit/images/68laeg.jpg	3	1	False	0.3257984146475792	0.00031591951847076416	0.2837972417473793	0.3257984146475792	0.013848841714207083	0.009944831806933507	0.32548249512910843	0.04112812830135226	False	True	0.26698172092437744	0.32232287526130676	0.0033946007024496794	0.0011283206986263394	0.3918815851211548	0.01429084874689579	True	0.3342438042163849	0.3362250328063965	0.045211564749479294	0.03639436513185501	0.12628522515296936	0.12163996696472168
cd1oqu5	dancer doing a beard splash in the pool	data/processed/pro_fakeddit/images/cd1oqu5.jpg	4	4	True	0.770907836034894	0.699883834908178	0.045633439789526165	0.04331338475458324	0.03172521074884571	0.07102400112671603	0.770907836034894	0.03739607211900875	False	True	0.0050000459887087345	0.003106609918177128	0.0004985601408407092	6.100184691604227e-06	0.9911654591560364	0.00022314325906336308	True	0.16753362119197845	0.16393370926380157	0.12540516257286072	0.2840777039527893	0.11013496667146683	0.1489148586988449
6m1pj9	spiderman homecoming who is the postcredit character	data/processed/pro_fakeddit/images/6m1pj9.jpg	5	4	False	0.44345495477318764	0.20950600877404213	0.21535512432456017	0.2339489459991455	0.024663881049491465	0.030461095040664077	0.44345495477318764	0.05211596330627799	False	True	0.197614386677742	0.22073248028755188	0.006193618755787611	0.013291803188621998	0.5457692742347717	0.016398416832089424	True	0.26857733726501465	0.2735983431339264	0.08007466793060303	0.08196897059679031	0.13651199638843536	0.1592686027288437
cmsyfuv	die hard because obesity	data/processed/pro_fakeddit/images/cmsyfuv.jpg	4	4	True	0.7706088628619909	0.6787949078134261	0.06540259020403028	0.09181395504856482	0.011793170269811526	0.0073181221755476145	0.7706088628619909	0.053063325183757115	False	True	0.007056420668959618	0.0024330958258360624	0.00012259080540388823	2.2264635845203884e-05	0.9901742935180664	0.00019137011258862913	True	0.24044109880924225	0.3599565327167511	0.04680490866303444	0.029205694794654846	0.1119125708937645	0.21167919039726257
2fmqky	man stabbed during dispute over meatball in fallston	data/processed/pro_fakeddit/images/2fmqky.jpg	0	1	False	0.38452961295843124	0.11224764585494995	0.2722819671034813	0.38452961295843124	0.02219184790737927	0.039989762008190155	0.15317239612340927	0.12783435732126236	False	True	0.2898392081260681	0.4273063838481903	0.005344993434846401	0.022197313606739044	0.14238378405570984	0.11292825639247894	True	0.21961024403572083	0.25619930028915405	0.07273241132497787	0.09336710721254349	0.18553823232650757	0.1725526601076126
catkmz	this bottle of vo from in a relatives actively usef shower	data/processed/pro_fakeddit/images/catkmz.jpg	0	4	False	0.5933915674686432	0.45111637003719807	0.14227519743144512	0.06624339707195759	0.04655627650208771	0.02724544095690362	0.5933915674686432	0.12428811565041542	False	True	0.12063371390104294	0.017757602035999298	0.013028240762650967	0.0011959417024627328	0.7533066868782043	0.09407784044742584	True	0.20719964802265167	0.21170078217983246	0.14714038372039795	0.10539393872022629	0.11364620923995972	0.21491894125938416
dlsdrsu	we never left the shoneys	data/processed/pro_fakeddit/images/dlsdrsu.jpg	4	4	True	0.7821009792387486	0.703752368921414	0.07834861031733453	0.07129327283473685	0.014724645952810533	0.011696407673298381	0.7821009792387486	0.041836085852992255	False	True	0.010396276600658894	0.0026040186639875174	0.0005357255577109754	0.00031654053600504994	0.9858375191688538	0.0003098983725067228	True	0.28220561146736145	0.27736103534698486	0.05729140713810921	0.045836009085178375	0.17089135944843292	0.16641464829444885
3jlh0u	my display cable has seen me doing stuff	data/processed/pro_fakeddit/images/3jlh0u.jpg	2	4	False	0.3203384168446064	0.06552832201123238	0.254810094833374	0.14384441450238228	0.15423377975821495	0.01485308283008635	0.3203384168446064	0.11192018166184425	False	True	0.25174713134765625	0.11685143411159515	0.16315549612045288	0.0031580952927470207	0.37159115076065063	0.0934966653585434	True	0.26399898529052734	0.22482335567474365	0.12746863067150116	0.04993804544210434	0.1665802150964737	0.16719073057174683
6ajjsy	wwii veteran united with lost love letter from his late wife	data/processed/pro_fakeddit/images/6ajjsy.jpg	0	4	False	0.7155860848724842	0.5954183656722307	0.12016771920025349	0.06241358839906752	0.035905178636312485	0.015223576221615076	0.7155860848724842	0.0507038333453238	False	True	0.048782311379909515	0.009988839738070965	0.021831929683685303	0.0007774550467729568	0.9069408774375916	0.011678559705615044	True	0.3343239426612854	0.2196878343820572	0.07812492549419403	0.058561939746141434	0.14152170717716217	0.16777965426445007
9ji786	the assassination of james a garfield th	data/processed/pro_fakeddit/images/9ji786.jpg	2	1	False	0.6523846238851547	0.4933217987418175	0.10851741209626198	0.6523846238851547	0.017667336389422417	0.019111615139991045	0.15906282514333725	0.043256250326521695	False	True	0.06073771417140961	0.7584171891212463	0.00545482337474823	0.0018100570887327194	0.16591890156269073	0.007661388721317053	True	0.2518565058708191	0.3342869281768799	0.05430487543344498	0.07101628929376602	0.1384945958852768	0.15004083514213562
3gh13l	attacked by bear russian man shoots brother	data/processed/pro_fakeddit/images/3gh13l.jpg	0	0	True	0.426970511674881	0.16903382167220116	0.426970511674881	0.19825347885489464	0.02335011982358992	0.024327893974259496	0.2579366900026798	0.06916130008175969	False	True	0.49069565534591675	0.17165543138980865	0.005947011522948742	0.0028190454468131065	0.2981327474117279	0.03075007162988186	True	0.23579508066177368	0.2780476212501526	0.07555944472551346	0.08885443955659866	0.13734851777553558	0.1843949854373932
6ii03t	young girl from honduras gets second chance at hearing	data/processed/pro_fakeddit/images/6ii03t.jpg	0	4	False	0.42159412801265717	0.12596318870782852	0.29563093930482864	0.16639206185936928	0.028115320950746536	0.015399767289636657	0.42159412801265717	0.07286782376468182	False	True	0.2949911653995514	0.15239101648330688	0.018559377640485764	0.001839534961618483	0.49692702293395996	0.03529193252325058	True	0.2975502610206604	0.20839519798755646	0.056783150881528854	0.05608046427369118	0.19559544324874878	0.18559549748897552
ar7xey	my chinese textbook knows politics	data/processed/pro_fakeddit/images/ar7xey.jpg	0	0	True	0.47439077496528625	0.2928014062345028	0.47439077496528625	0.18158936873078346	0.08775974437594414	0.03148069023154676	0.09997258707880974	0.12480681017041206	False	True	0.5788096189498901	0.17067663371562958	0.060903891921043396	0.01326658297330141	0.09329698979854584	0.08304624259471893	True	0.1611342430114746	0.21432757377624512	0.16832730174064636	0.0861230120062828	0.11999937891960144	0.25008851289749146
1dkqly	body found in chimney at derby firm of solicitors	data/processed/pro_fakeddit/images/1dkqly.jpg	0	4	False	0.3599519357085228	0.11482363194227219	0.2451283037662506	0.21196477115154266	0.060844823718070984	0.05163741437718272	0.3599519357085228	0.07047275733202696	False	True	0.26317137479782104	0.19371020793914795	0.0487620085477829	0.018178367987275124	0.4402737617492676	0.03590427711606026	True	0.1909990906715393	0.2667284607887268	0.09709326922893524	0.15201455354690552	0.11898645758628845	0.17417819797992706
7moogx	this guy riding a donkey in mexico	data/processed/pro_fakeddit/images/7moogx.jpg	0	4	False	0.6202738769352436	0.41864563152194023	0.20162824541330338	0.07849675044417381	0.024672818544786423	0.019108220003545284	0.6202738769352436	0.055820036854129285	False	True	0.18867585062980652	0.04630081355571747	0.0033467377070337534	0.0006051920354366302	0.7581849098205566	0.0028864445630460978	True	0.24048542976379395	0.17508456110954285	0.08865106105804443	0.07461730390787125	0.2065407782793045	0.21462081372737885
24d295	us should send astronauts to space station by trampoline russian official	data/processed/pro_fakeddit/images/24d295.jpg	0	4	False	0.4890429824590683	0.17669950053095818	0.3123434819281101	0.07011147914454341	0.03718973114155233	0.032748655416071415	0.4890429824590683	0.05856372066773474	False	True	0.3378598093986511	0.022855082526803017	0.014257621951401234	0.009597983211278915	0.5999681353569031	0.015461425296962261	True	0.23579449951648712	0.2118806689977646	0.10598605871200562	0.10220067203044891	0.15626752376556396	0.18787060678005219
db1kn4	me shying away from responsibilities be like	data/processed/pro_fakeddit/images/db1kn4.jpg	0	4	False	0.7043399959802628	0.5724362283945084	0.1319037675857544	0.09205822832882404	0.016408348456025124	0.011666727135889232	0.7043399959802628	0.043622901663184166	False	True	0.08079248666763306	0.023328624665737152	0.004075191915035248	0.002382467035204172	0.8849010467529297	0.004520140588283539	True	0.2852376103401184	0.2982470393180847	0.05340781807899475	0.03951950743794441	0.16265684366226196	0.16093118488788605
4sd64b	steve wozniak playing polo on a segway	data/processed/pro_fakeddit/images/4sd64b.jpg	0	4	False	0.38770242780447006	0.1097036711871624	0.27799875661730766	0.2047809436917305	0.02847036113962531	0.050015920016448945	0.38770242780447006	0.051031571347266436	False	True	0.3041110038757324	0.2112470120191574	0.004000777378678322	0.00040581473149359226	0.4694073498249054	0.010828008875250816	True	0.1996620148420334	0.18538273870944977	0.10187911242246628	0.198846235871315	0.14258766174316406	0.1716422587633133
ix2yc	vegetable box raises eyebrow with concerned expression	data/processed/pro_fakeddit/images/ix2yc.jpg	2	4	False	0.616595309227705	0.46785545721650124	0.14873985201120377	0.11832335218787193	0.03517259529326111	0.025784692843444645	0.616595309227705	0.05538422940298915	False	True	0.13694730401039124	0.08392252027988434	0.00207178620621562	0.0030565946362912655	0.7644734978675842	0.00952836312353611	True	0.18411749601364136	0.22152584791183472	0.13447502255439758	0.09396898746490479	0.17296074330806732	0.19295182824134827
cqiwks	this gun that kills flies with a blast of table salt	data/processed/pro_fakeddit/images/cqiwks.jpg	0	4	False	0.7099948897957802	0.6135641057044268	0.09643078409135342	0.0766828446649015	0.025561383343301713	0.021806083794217557	0.7099948897957802	0.06952405301854014	False	True	0.06358102709054947	0.026342155411839485	0.004159674514085054	0.0012825431767851114	0.8847928643226624	0.019841784611344337	True	0.19498005509376526	0.22770491242408752	0.08976650983095169	0.08337670564651489	0.18560096621513367	0.21857085824012756
3capk4	twa flight center at the jfk international airport	data/processed/pro_fakeddit/images/3capk4.jpg	0	4	False	0.5893094446510077	0.4174116086214781	0.17189783602952957	0.09800184331834316	0.03363997407723218	0.04551652303780429	0.5893094446510077	0.06163440924137831	False	True	0.15976840257644653	0.05973298102617264	0.0036949156783521175	0.0013686647871509194	0.7480531930923462	0.027381885796785355	True	0.2082861363887787	0.21280843019485474	0.12347514927387238	0.1779600977897644	0.11307819932699203	0.16439197957515717
b5w9is	atom bomb red self titled	data/processed/pro_fakeddit/images/b5w9is.jpg	1	4	False	0.7547185719013214	0.6654923381283879	0.08922623377293348	0.0704459068365395	0.021443654695758596	0.020924659873344353	0.7547185719013214	0.04324091592570767	False	True	0.033155206590890884	0.01597270928323269	0.0013785845367237926	6.029563519405201e-05	0.9463517665863037	0.003081371309235692	True	0.2574393153190613	0.23386549949645996	0.081638865172863	0.08351775258779526	0.1798189878463745	0.1637195497751236
cgev1ew	emergency mustache team go	data/processed/pro_fakeddit/images/cgev1ew.jpg	4	4	True	0.7523872330784798	0.6640700190328062	0.0771222859621048	0.08831721404567361	0.019305235240608454	0.025767828716197982	0.7523872330784798	0.03710021714505274	False	True	0.0320734828710556	0.009127823635935783	0.0008001904934644699	0.0010222437558695674	0.9562082886695862	0.0007679894915781915	True	0.21226869523525238	0.3258853852748871	0.0748203694820404	0.10000458359718323	0.14092406630516052	0.14609690010547638
5b95c5	old abandoned train car beneath waldorf astoria in ny	data/processed/pro_fakeddit/images/5b95c5.jpg	0	4	False	0.4850121811032295	0.16354545950889587	0.32146672159433365	0.0636094338260591	0.03944478486664593	0.038464394718175754	0.4850121811032295	0.05200250493362546	False	True	0.35225343704223633	0.028171392157673836	0.012323766015470028	0.0014567292528226972	0.597360372543335	0.008434316143393517	True	0.2291065752506256	0.1699235588312149	0.12080784142017365	0.14948739111423492	0.1479676067829132	0.1827070713043213
6aex4c	firearm charge dropped after toronto officer says he meant to fire gun	data/processed/pro_fakeddit/images/6aex4c.jpg	0	4	False	0.3750958777964115	0.12948470935225487	0.24561116844415665	0.2266835756599903	0.0293680967297405	0.057437073439359665	0.3750958777964115	0.06580427382141352	False	True	0.24924586713314056	0.2313814014196396	0.010800396092236042	0.0389467254281044	0.4464802145957947	0.02314547821879387	True	0.2347070723772049	0.21259009838104248	0.08507119864225388	0.11290811747312546	0.16094286739826202	0.19378066062927246
67rben	white house is said to draft plan for us break from nafta	data/processed/pro_fakeddit/images/67rben.jpg	0	4	False	0.5268964916467667	0.3324769362807274	0.19441955536603928	0.1426956821233034	0.0372743820771575	0.02102948271203786	0.5268964916467667	0.07768440712243319	False	True	0.17993789911270142	0.09954016655683517	0.02550244703888893	0.006078043486922979	0.6545424461364746	0.034399013966321945	True	0.23786452412605286	0.27216222882270813	0.0725901871919632	0.06588380038738251	0.14395862817764282	0.2075405865907669
db1z1f7	kanye repping the supreme helmet	data/processed/pro_fakeddit/images/db1z1f7.jpg	4	4	True	0.6673326715826988	0.5441636741161346	0.12316899746656418	0.10539060458540916	0.022473452088888735	0.03055816871346906	0.6673326715826988	0.05107607366517186	False	True	0.08139835298061371	0.06879504024982452	0.002521633403375745	0.0025927124079316854	0.8335763216018677	0.011115914210677147	True	0.2484809309244156	0.21517729759216309	0.0823289081454277	0.11445453763008118	0.16860172152519226	0.170956552028656
3k12vt	new map lets you wander hiroshima from a cats perspective	data/processed/pro_fakeddit/images/3k12vt.jpg	0	4	False	0.6084868311882019	0.37303826212882996	0.23544856905937195	0.0603751732269302	0.02299033763119951	0.019388630593311973	0.6084868311882019	0.053310400660848245	False	True	0.2292982041835785	0.006401743274182081	0.0014680165331810713	0.000439449620898813	0.7612407803535461	0.0011517341481521726	True	0.2538996636867523	0.22229546308517456	0.08755730092525482	0.07623617351055145	0.1502249836921692	0.20978640019893646
57rrpg	scrumptious chocolate torte	data/processed/pro_fakeddit/images/57rrpg.jpg	2	4	False	0.649894256144762	0.458151001483202	0.19174325466156006	0.07901298836804926	0.014838399190921336	0.010822694304806646	0.649894256144762	0.053688373416662216	False	True	0.15033680200576782	0.014626937918365002	0.0012615432497113943	0.00027003328432329	0.818571925163269	0.01493273675441742	True	0.31596261262893677	0.27217113971710205	0.05556896701455116	0.042480677366256714	0.14386124908924103	0.1699552834033966
b157fj	this spider with a skull on its butt	data/processed/pro_fakeddit/images/b157fj.jpg	0	4	False	0.590787511318922	0.4488446731120348	0.14194283820688725	0.06915704812854528	0.06801458750851452	0.04973287132452242	0.590787511318922	0.08036518655717373	False	True	0.1490161120891571	0.053710658103227615	0.013256504200398922	0.001693571568466723	0.744682788848877	0.03764040023088455	True	0.12072301656007767	0.11549621820449829	0.23228883743286133	0.19385077059268951	0.1291016787290573	0.20853954553604126
c8igjtd	in times of stress mccain likes to imagine himself back in a more pleasant period of his life back when he held a job that gave him a sense of dignity	data/processed/pro_fakeddit/images/c8igjtd.jpg	4	4	True	0.5182925499975681	0.22701560333371162	0.2912769466638565	0.10533048212528229	0.02839186554774642	0.013447436329443008	0.5182925499975681	0.043260763748548925	False	True	0.2995745837688446	0.033661603927612305	0.018320338800549507	0.0017698851879686117	0.6418648958206177	0.004808757919818163	True	0.2663840353488922	0.32033711671829224	0.05860644578933716	0.048480089753866196	0.1475755125284195	0.1586167812347412
10u4hu	michele bachmann makes surprise visit to synagogue congregants storm out and donate to her opponent	data/processed/pro_fakeddit/images/10u4hu.jpg	0	0	True	0.37979233637452126	0.1640533059835434	0.37979233637452126	0.18623042479157448	0.08728889562189579	0.05618664529174566	0.21573903039097786	0.07476269640028477	False	True	0.4394976496696472	0.17958097159862518	0.0777319073677063	0.03554172441363335	0.22968930006027222	0.03795851022005081	True	0.20067639648914337	0.20617878437042236	0.11595986038446426	0.11812140792608261	0.1738882213830948	0.18517525494098663
4vheho	exconvicts are raising thousands of dollars for a football team in north texas	data/processed/pro_fakeddit/images/4vheho.jpg	0	0	True	0.3828238733112812	0.06319845095276833	0.3828238733112812	0.1619199737906456	0.03379411739297211	0.02975109260296449	0.3196254223585129	0.07208547554910183	False	True	0.44512492418289185	0.14126244187355042	0.014693445526063442	0.003196086036041379	0.3587378263473511	0.036985211074352264	True	0.19592072069644928	0.22389256954193115	0.09109613299369812	0.10941611230373383	0.2022882103919983	0.17738626897335052
chep2r	the trash can at a restaurant near me is named tom	data/processed/pro_fakeddit/images/chep2r.jpg	0	4	False	0.7236418537795544	0.6254530772566795	0.09818877652287483	0.09404613287188113	0.012327240314334631	0.01822293468285352	0.7236418537795544	0.05357305705547333	False	True	0.04102490842342377	0.00817346852272749	0.0031038466840982437	0.004924179520457983	0.9205651879310608	0.022208407521247864	True	0.269680380821228	0.35166412591934204	0.03999742120504379	0.05811920017004013	0.1328718513250351	0.14766700565814972
bzu5o2	post about etching into ones soul followed by post about etchasketch	data/processed/pro_fakeddit/images/bzu5o2.jpg	0	4	False	0.545717891305685	0.37747363932430744	0.1682442519813776	0.1489796508103609	0.03324110619723797	0.01153183588758111	0.545717891305685	0.09228523448109627	False	True	0.1126646026968956	0.09879373759031296	0.0326472669839859	0.005552610382437706	0.6683797836303711	0.08196195960044861	True	0.3349831998348236	0.29953739047050476	0.03502262383699417	0.029469512403011322	0.1777322143316269	0.12325505912303925
e2vz7xl	nothing gonna stop us now	data/processed/pro_fakeddit/images/e2vz7xl.jpg	4	4	True	0.7562093548476696	0.652253900654614	0.08831853629089892	0.10395545419305563	0.010571107501164079	0.006795700472139288	0.7562093548476696	0.03414989485463593	False	True	0.01440021675080061	0.03295104578137398	0.000232635997235775	8.350340067408979e-05	0.9514132738113403	0.0009193897130899131	True	0.31007349491119385	0.3169686794281006	0.04158652201294899	0.02693229168653488	0.1705975979566574	0.133841410279274
1ml9t6	pirate party crashes spy drone in front of german chancellor angela merkel	data/processed/pro_fakeddit/images/1ml9t6.jpg	0	4	False	0.6151751205325127	0.4767617303878069	0.13841339014470577	0.13016195222735405	0.033662209985777736	0.03741758654359728	0.6151751205325127	0.04516976163722575	False	True	0.11944129317998886	0.09560635685920715	0.010052465833723545	0.005453481804579496	0.7613384127616882	0.00810802262276411	True	0.1953296810388565	0.23382873833179474	0.10449144244194031	0.13330990076065063	0.17668524384498596	0.15635497868061066
eufto5a	in the reflection of the mirror	data/processed/pro_fakeddit/images/eufto5a.jpg	4	4	True	0.7794111855328083	0.6917999058496207	0.0876112796831876	0.0798409590497613	0.013674670470209094	0.008798874846434046	0.7794111855328083	0.030663075605843915	False	True	0.010204820893704891	0.00618545338511467	0.0001348513033008203	5.2962361223762855e-05	0.983242928981781	0.00017903339175973088	True	0.31983065605163574	0.30080747604370117	0.054294127970933914	0.035036612302064896	0.1679159551858902	0.12211520224809647
2uo9o2	tian tao squat jerking kg	data/processed/pro_fakeddit/images/2uo9o2.jpg	0	0	True	0.37648558616638184	0.024841582402586937	0.37648558616638184	0.15233536064624786	0.0244812621967867	0.01887428200279828	0.3516440037637949	0.07617958728224039	False	True	0.4142802357673645	0.10734391212463379	0.007358284201472998	0.0004432101850397885	0.43385693430900574	0.036717530339956284	True	0.26310163736343384	0.2873097062110901	0.07585019618272781	0.07416749745607376	0.10500521212816238	0.1945657581090927
9jh2wf	my wife and i had the exact same hand in cribbage but she scored an extra point because she had the jack of clubs	data/processed/pro_fakeddit/images/9jh2wf.jpg	0	4	False	0.6327869854867458	0.453213918954134	0.17957306653261185	0.08324604807421565	0.02330288290977478	0.01713699515676126	0.6327869854867458	0.06395403598435223	False	True	0.16396008431911469	0.017333025112748146	0.00483289361000061	0.000491465674713254	0.8007150292396545	0.012667550705373287	True	0.22641201317310333	0.28098511695861816	0.07871285080909729	0.06707358360290527	0.12900285422801971	0.21781349182128906
7x2vx2	study finds cats only meow when they want to alert owner of neighbors murder they witnessed through window	data/processed/pro_fakeddit/images/7x2vx2.jpg	1	1	True	0.4988807998597622	0.2853870131075382	0.21349378675222397	0.4988807998597622	0.019430749583989382	0.02424871816765517	0.12600219435989857	0.11794369854032993	False	True	0.20527176558971405	0.5931278467178345	0.0030395667999982834	0.004216416273266077	0.1281682252883911	0.06617610901594162	True	0.23815985023975372	0.21613965928554535	0.06860429793596268	0.08434562385082245	0.11950410157442093	0.2732464671134949
1xwl7l	japanese figure skater yuzuru hanyu	data/processed/pro_fakeddit/images/1xwl7l.jpg	0	4	False	0.5055894404649734	0.3032815717160702	0.19094954058527946	0.20230786874890327	0.028871036134660244	0.01631202842690982	0.5055894404649734	0.05597008904442191	False	True	0.1725049614906311	0.18276210129261017	0.017649199813604355	0.000662541831843555	0.6079568266868591	0.01846437342464924	True	0.24628327786922455	0.2609451711177826	0.06253654509782791	0.06326048821210861	0.1984872817993164	0.16848723590373993
946bq1	refugees offered housing on an aged care property to help build rental history community responds with empathy and inclusion	data/processed/pro_fakeddit/images/946bq1.jpg	0	4	False	0.3972923643887043	0.14502881467342377	0.20488255098462105	0.25226354971528053	0.031064988113939762	0.016397624276578426	0.3972923643887043	0.09809893555939198	False	True	0.17447195947170258	0.24718298017978668	0.022362608462572098	0.001564718782901764	0.48248979449272156	0.07192797213792801	True	0.29611432552337646	0.2675052583217621	0.057172127068042755	0.060896340757608414	0.14170007407665253	0.17661182582378387
2wxjhy	living in the past some countries are still using the metric system	data/processed/pro_fakeddit/images/2wxjhy.jpg	1	0	False	0.2618618570268154	0.006596779450774193	0.2618618570268154	0.1896546371281147	0.026836914010345936	0.013564831984695047	0.2552650775760412	0.25281666964292526	False	True	0.2693840563297272	0.1677202433347702	0.015769168734550476	0.002194619970396161	0.3022608458995819	0.24267107248306274	True	0.23929525911808014	0.2554578185081482	0.060040149837732315	0.047675468027591705	0.11427777260541916	0.2832534611225128
ckwbon	i had some leftover firecrackers from the th of and found this multifused lad in the box	data/processed/pro_fakeddit/images/ckwbon.jpg	0	4	False	0.6069014072418213	0.4141960106790066	0.1927053965628147	0.07627202896401286	0.05585148464888334	0.01774502350599505	0.6069014072418213	0.05052464222535491	False	True	0.17876534163951874	0.019921282306313515	0.03966708108782768	0.0016179083613678813	0.7511050701141357	0.008923294022679329	True	0.23452556133270264	0.2453242689371109	0.10440469533205032	0.06612636893987656	0.17429041862487793	0.17532868683338165
7lixhc	us ambassador to netherlands describes own words as fake news	data/processed/pro_fakeddit/images/7lixhc.jpg	0	1	False	0.37610356882214546	0.1640495304018259	0.14085181429982185	0.37610356882214546	0.06119150761514902	0.060476397164165974	0.21205403842031956	0.14932271093130112	False	True	0.11520509421825409	0.43034815788269043	0.04734116420149803	0.031669046729803085	0.24343790113925934	0.131998673081398	True	0.21779197454452515	0.21336980164051056	0.10274253785610199	0.14689844846725464	0.11790245026350021	0.20129482448101044
ck6eap8	because i dont know how to do better	data/processed/pro_fakeddit/images/ck6eap8.jpg	4	4	True	0.6484507359564304	0.48212031461298466	0.12714569829404354	0.16633042134344578	0.010881426860578358	0.0067514402562665055	0.6484507359564304	0.04044029756914824	False	True	0.06080374866724014	0.11928936094045639	0.0025406344793736935	0.00011668574734358117	0.8151862621307373	0.002063347492367029	True	0.32617154717445374	0.30745360255241394	0.03590380400419235	0.02665570378303528	0.14824415743350983	0.15557114779949188
d4pkoj	my hotel room has a bathtub inside the shower	data/processed/pro_fakeddit/images/d4pkoj.jpg	0	4	False	0.42582494765520096	0.09733933955430984	0.3284856081008911	0.10818140208721161	0.031061799032613635	0.01889098106767051	0.42582494765520096	0.08755524177104235	False	True	0.3616282641887665	0.06606599688529968	0.00984948966652155	0.0005282467463985085	0.512268602848053	0.0496593676507473	True	0.22905763983726501	0.2345276176929474	0.09469872713088989	0.07397918403148651	0.1664939820766449	0.2012428641319275
bqj6pm	sprinter dutee chand is indias first sportsperson to open up about her samesex relationship	data/processed/pro_fakeddit/images/bqj6pm.jpg	0	0	True	0.2512149065732956	0.018866971135139465	0.2512149065732956	0.22532862797379494	0.057699790224432945	0.04699558182619512	0.23234793543815613	0.18641317635774612	False	True	0.28423774242401123	0.23275041580200195	0.02227715402841568	0.012157914228737354	0.2778780162334442	0.17069877684116364	True	0.15214639902114868	0.2030632644891739	0.16396769881248474	0.15150858461856842	0.09575769305229187	0.2335563749074936
c7oq4rs	roll up one more big d o double g	data/processed/pro_fakeddit/images/c7oq4rs.jpg	4	4	True	0.6608603894710541	0.5134515687823296	0.14740882068872452	0.12249768245965242	0.016212747199460864	0.010138651501620188	0.6608603894710541	0.04288164176978171	False	True	0.09705036878585815	0.06142544373869896	0.004442554898560047	0.0015137967420741916	0.8269997835159302	0.00856796931475401	True	0.2984841763973236	0.3057143986225128	0.051523324102163315	0.03601321578025818	0.16244220733642578	0.1458226591348648
69qs94	woman eats ps life savings to spite cheating husband	data/processed/pro_fakeddit/images/69qs94.jpg	0	4	False	0.6621014028787613	0.5420099180191755	0.09406110458076	0.12009148485958576	0.01880273871938698	0.01630894307163544	0.6621014028787613	0.0886343764141202	False	True	0.054279081523418427	0.06985103338956833	0.0012864010641351342	0.0016184862470254302	0.8293318748474121	0.04363318905234337	True	0.21340717375278473	0.27081283926963806	0.07135175168514252	0.06038031354546547	0.16040998697280884	0.22363793849945068
8b71mj	assassins creed ii this is all i want to kill dot net	data/processed/pro_fakeddit/images/8b71mj.jpg	3	1	False	0.559511624276638	0.3749430887401104	0.18456853553652763	0.559511624276638	0.024857050273567438	0.02327472111210227	0.10355541668832302	0.10423264652490616	False	True	0.14773081243038177	0.6500676870346069	0.016446830704808235	0.0072335172444581985	0.08579825609922409	0.09272289276123047	True	0.2950817048549652	0.2878434360027313	0.05008770897984505	0.07139833271503448	0.1568268984556198	0.13876190781593323
bkptme	just got two coins in change from a vending machine	data/processed/pro_fakeddit/images/bkptme.jpg	0	4	False	0.6709343641996384	0.5462711900472641	0.12466317415237427	0.08988673612475395	0.016888607409782708	0.0091049479378853	0.6709343641996384	0.08852219022810459	False	True	0.07673501968383789	0.024972274899482727	0.0044351122342050076	0.0010039190528914332	0.8340688347816467	0.05878486484289169	True	0.2684476375579834	0.2846301198005676	0.05424909293651581	0.0334080345928669	0.18153095245361328	0.1777341663837433
39iq79	police use twitter to locate parents of wandering yearold boy	data/processed/pro_fakeddit/images/39iq79.jpg	0	0	True	0.25119028985500336	0.015682224184274673	0.25119028985500336	0.23550806567072868	0.14225482568144798	0.03100422560237348	0.2157181352376938	0.12432444468140602	False	True	0.25675225257873535	0.24618732929229736	0.16347894072532654	0.007110674865543842	0.22300726175308228	0.10346351563930511	True	0.23450440168380737	0.20347027480602264	0.07858248054981232	0.1026848778128624	0.19385075569152832	0.18690723180770874
bnkv8a	taylor swifts next music video have her singing upside down in central park	data/processed/pro_fakeddit/images/bnkv8a.jpg	1	1	True	0.41626788675785065	0.167338065803051	0.24892982095479965	0.41626788675785065	0.02043468435294926	0.018511456291889772	0.20403505116701126	0.09182110987603664	False	True	0.2510206997394562	0.4567990303039551	0.006149887107312679	0.0013892959104850888	0.2144785225391388	0.0701625868678093	True	0.24265718460083008	0.29467445611953735	0.06328907608985901	0.06987793743610382	0.17270463705062866	0.1567966789007187
6dcu6k	a chinese company is offering free training for us coal miners to become wind farmers	data/processed/pro_fakeddit/images/6dcu6k.jpg	0	4	False	0.6710040718317032	0.5669985730201006	0.0937896454706788	0.10400549881160259	0.02386468229815364	0.020242260361555964	0.6710040718317032	0.08709380310028791	False	True	0.05761724337935448	0.05540879815816879	0.003663288429379463	0.0005439117085188627	0.8437878489494324	0.03897886350750923	True	0.2023068517446518	0.249795600771904	0.08446886390447617	0.07933730632066727	0.15265274047851562	0.23143862187862396
brcxh6	temple in indiaayodhya holds iftaar dinner for people fasting in month of ramadan	data/processed/pro_fakeddit/images/brcxh6.jpg	0	4	False	0.7313874922692776	0.6526045259088278	0.07878296636044979	0.07386774895712733	0.02544432389549911	0.032664631344232475	0.7313874922692776	0.057852813974022865	False	True	0.03826653212308884	0.019564101472496986	0.002513737417757511	0.00014910702884662896	0.9315152764320374	0.007991231977939606	True	0.20033226907253265	0.23677869141101837	0.09423608332872391	0.13021120429039001	0.13100413978099823	0.20743755996227264
5z4eja	jack russell loses the run of himself while competing in crufts	data/processed/pro_fakeddit/images/5z4eja.jpg	0	4	False	0.5318883880972862	0.2992643862962723	0.23262400180101395	0.11735056340694427	0.03639722801744938	0.025259203976020217	0.5318883880972862	0.05648059514351189	False	True	0.23781828582286835	0.07405728101730347	0.01663106679916382	0.0006292806938290596	0.6572832465171814	0.01358082052320242	True	0.21704114973545074	0.2472304105758667	0.09569571167230606	0.09914897382259369	0.1557038128376007	0.1851799190044403
4vb3jk	a seagull at montsaintmichel france oc	data/processed/pro_fakeddit/images/4vb3jk.jpg	0	4	False	0.6150283589959145	0.42929184809327126	0.1857365109026432	0.05930973682552576	0.04212132570683025	0.03590712838922627	0.6150283589959145	0.061896938481368124	False	True	0.19145861268043518	0.039673734456300735	0.0010475778253749013	0.00038502307143062353	0.7651941776275635	0.002240865956991911	True	0.16857020556926727	0.11821774393320084	0.1653425693511963	0.14247344434261322	0.1645309031009674	0.24086515605449677
cdnmhj	this door handle in a gas station restroom	data/processed/pro_fakeddit/images/cdnmhj.jpg	0	4	False	0.7416240498423576	0.681371514685452	0.06025253515690565	0.045679679373279214	0.05254097329452634	0.04015175881795585	0.7416240498423576	0.05975097685586661	False	True	0.03206256404519081	0.012063327245414257	0.014820044860243797	0.001225658692419529	0.933072030544281	0.006756363902240992	True	0.14482244849205017	0.14652873575687408	0.16570375859737396	0.15693005919456482	0.16728010773658752	0.21873481571674347
3gbzxe	abandoned victorian conservatory france	data/processed/pro_fakeddit/images/3gbzxe.jpg	0	4	False	0.7398909442126751	0.6334278006106615	0.10646314360201359	0.05588210420683026	0.02797198449843563	0.02747024364362005	0.7398909442126751	0.042321608401834965	False	True	0.0677376464009285	0.01625596545636654	0.0015376777155324817	0.0006810842896811664	0.9074034094810486	0.006384264677762985	True	0.22263963520526886	0.17476052045822144	0.10727490484714508	0.1078377217054367	0.23735354840755463	0.1501336395740509
c5jce9i	hes also great at hulahooping	data/processed/pro_fakeddit/images/c5jce9i.jpg	4	4	True	0.7577958144247532	0.6737434887327254	0.08405232569202781	0.07422542700078338	0.021360347513109446	0.012267372960195644	0.7577958144247532	0.0502987329964526	False	True	0.025707663968205452	0.006548177916556597	0.0035780351608991623	0.00012580853945109993	0.962514340877533	0.0015259848441928625	True	0.2590863108634949	0.27725717425346375	0.0747072845697403	0.048692066222429276	0.14364023506641388	0.1966169774532318
cts54rg	my references are out of control everyone knows that	data/processed/pro_fakeddit/images/cts54rg.jpg	4	4	True	0.7678894586861134	0.6755165588110685	0.09237289987504482	0.08203290996607393	0.008638590981718153	0.007334767287829891	0.7678894586861134	0.04173137678299099	False	True	0.020911790430545807	0.003288485575467348	0.000485497759655118	0.00016336876433342695	0.9747411608695984	0.00040970323607325554	True	0.30675622820854187	0.3182661831378937	0.03309787064790726	0.028848962858319283	0.14733435213565826	0.1656963974237442
bjd51k	my dad found a window surrounded by and filled with insulation behind one of the walls of his garage	data/processed/pro_fakeddit/images/bjd51k.jpg	0	4	False	0.6804150864481926	0.5646932348608971	0.11572185158729553	0.061994089279323816	0.03764667292125523	0.02897361188661307	0.6804150864481926	0.07524866331368685	False	True	0.08386042714118958	0.017465440556406975	0.013384885154664516	0.0034931213594973087	0.8522999286651611	0.029496174305677414	True	0.2113061249256134	0.19558003544807434	0.11043203622102737	0.10541508346796036	0.164760559797287	0.21250613033771515
1y7eak	frightened figure skater	data/processed/pro_fakeddit/images/1y7eak.jpg	0	4	False	0.45571522414684296	0.21874302253127098	0.1931072361767292	0.23697220161557198	0.044778397772461176	0.02074149131658487	0.45571522414684296	0.048685468500480056	False	True	0.1953960657119751	0.21212105453014374	0.02323688380420208	0.0010579932713881135	0.5548423528671265	0.013345678336918354	True	0.18624074757099152	0.3115256428718567	0.10940293967723846	0.07979198545217514	0.15833383798599243	0.15470483899116516
60pyul	trump warns republican lawmakers to get behind healthcare bill	data/processed/pro_fakeddit/images/60pyul.jpg	0	4	False	0.4034914970397949	0.0887523740530014	0.12786001898348331	0.3147391229867935	0.028377854730933905	0.01938981981948018	0.4034914970397949	0.10614174604415894	False	True	0.09508164972066879	0.3264029324054718	0.015431294217705727	0.0024948325008153915	0.49268874526023865	0.06790061295032501	True	0.22619512677192688	0.27974769473075867	0.06721753627061844	0.07007478177547455	0.13589975237846375	0.2208651453256607
7orshg	duck gets d printed prosthetic leg thanks to th grade students	data/processed/pro_fakeddit/images/7orshg.jpg	0	1	False	0.3481268100440502	0.05885399505496025	0.28927281498908997	0.3481268100440502	0.02025170117849484	0.019988471205579117	0.26497533172369003	0.0573848825879395	False	True	0.3003574311733246	0.38532984256744385	0.003104493720456958	0.001032009138725698	0.29599031805992126	0.01418592594563961	True	0.2560189664363861	0.23651771247386932	0.07169332355260849	0.07685785740613937	0.17193037271499634	0.18698175251483917
76utmd	so this was an ad on youtube	data/processed/pro_fakeddit/images/76utmd.jpg	2	4	False	0.6278838291764259	0.44591810554265976	0.18196572363376617	0.08945414051413536	0.026801006868481636	0.011708720354363322	0.6278838291764259	0.06218661880120635	False	True	0.1540808379650116	0.03515787422657013	0.015423998236656189	0.005560641176998615	0.7741330862045288	0.015643613412976265	True	0.2656203806400299	0.25234293937683105	0.06093203276395798	0.030152957886457443	0.1891360580921173	0.2018156349658966
at3o3g	my jackets zipper is an axe	data/processed/pro_fakeddit/images/at3o3g.jpg	0	4	False	0.6701185218989849	0.5202935207635164	0.14982500113546848	0.09646663768216968	0.016712569165974855	0.01284658454824239	0.6701185218989849	0.05403068056330085	False	True	0.10344358533620834	0.020223209634423256	0.009157145395874977	0.002378033008426428	0.840407133102417	0.024390893056988716	True	0.2889692485332489	0.32519692182540894	0.03937884047627449	0.04425223916769028	0.15925268828868866	0.14295004308223724
cb7m5j	the sand in this frame settled in a satisfying way	data/processed/pro_fakeddit/images/cb7m5j.jpg	0	4	False	0.7995549514889717	0.7174933808855712	0.08206157060340047	0.05187194063910283	0.012643504822335672	0.009112614317928092	0.7995549514889717	0.0447554187849164	False	True	0.02122325263917446	0.0017222118331119418	0.0003499499580357224	9.018694254336879e-05	0.9726346135139465	0.003979813307523727	True	0.2645765244960785	0.2023211270570755	0.04952416941523552	0.03617989644408226	0.28031596541404724	0.16708223521709442
c60yn7	the age of bs and age of ss notations from a few years back at the movie theater	data/processed/pro_fakeddit/images/c60yn7.jpg	0	4	False	0.5631037298589945	0.36353165097534657	0.19957207888364792	0.08212176989763975	0.04412081046029925	0.017042143328581005	0.5631037298589945	0.09403951279819012	False	True	0.1798141598701477	0.025305811315774918	0.024477461352944374	0.0007190655451267958	0.7194137573242188	0.05026981979608536	True	0.25884583592414856	0.25256964564323425	0.10305085778236389	0.06601137667894363	0.09417364746332169	0.2253485918045044
3y5t9r	what working on the fridge at a silver mine	data/processed/pro_fakeddit/images/3y5t9r.jpg	3	4	False	0.4923478849232197	0.3099624775350094	0.16269858926534653	0.1823854073882103	0.055320920422673225	0.01834662677720189	0.4923478849232197	0.08890058100223541	False	True	0.12451109290122986	0.1511470079421997	0.05997169017791748	0.009644350036978722	0.6060179471969604	0.048707932233810425	True	0.27726107835769653	0.27610060572624207	0.04136861115694046	0.0444534569978714	0.15133769810199738	0.20947852730751038
6a4nrb	california evidence from hundreds of rape survivors bodies sat in a fresno police freezer for years	data/processed/pro_fakeddit/images/6a4nrb.jpg	0	0	True	0.38162874430418015	0.1688510812819004	0.38162874430418015	0.17485467717051506	0.025067120091989636	0.04315737239085138	0.16251439973711967	0.21277766302227974	False	True	0.43764445185661316	0.1546417623758316	0.012369989417493343	0.013865177519619465	0.16473811864852905	0.2167404443025589	True	0.2135816216468811	0.23549342155456543	0.06315851211547852	0.13103395700454712	0.15584324300289154	0.20088931918144226
84i5lo	upeeps makes the lowest tier shitpost on rfakehistoryporn circa	data/processed/pro_fakeddit/images/84i5lo.jpg	2	1	False	0.365121066570282	0.053392328321933746	0.31172873824834824	0.365121066570282	0.025956861209124327	0.03470633598044515	0.18074169382452965	0.08174533117562532	False	True	0.3265557587146759	0.4089478850364685	0.01150757260620594	0.02543719671666622	0.18031111359596252	0.047240521758794785	True	0.26724767684936523	0.2336406111717224	0.06930472701787949	0.06251375377178192	0.18203343451023102	0.18525975942611694
awagug	the rearview mirror reflection of a rescued brown pelican in the back of my work truck	data/processed/pro_fakeddit/images/awagug.jpg	0	4	False	0.6663419008255005	0.5540323257446289	0.11230957508087158	0.06852176040410995	0.05481971203698777	0.04478405023110099	0.6663419008255005	0.05322298780083656	False	True	0.10195401310920715	0.052857644855976105	0.0016479959012940526	0.0006294198101386428	0.8350439071655273	0.007866993546485901	True	0.14337626099586487	0.1155141070485115	0.2143348604440689	0.17724794149398804	0.16023588180541992	0.18929097056388855
al4fly	jesus going after pontius pilate after he came back from the dead ad	data/processed/pro_fakeddit/images/al4fly.jpg	2	4	False	0.37212197855114937	0.01711510494351387	0.3550068736076355	0.1822524219751358	0.024136994732543826	0.018006175407208502	0.37212197855114937	0.0484755365177989	False	True	0.3731129467487335	0.15970531105995178	0.009402000345289707	0.001387841533869505	0.43687015771865845	0.019521716982126236	True	0.30068865418434143	0.24989375472068787	0.06834197789430618	0.0678611770272255	0.17787744104862213	0.1353369951248169
2rxkdu	government offices likely to use floor cleaning liquid made of cow urine	data/processed/pro_fakeddit/images/2rxkdu.jpg	0	0	True	0.3821474723517895	0.032126663252711296	0.3821474723517895	0.09645889699459076	0.06808547396212816	0.0186583176619024	0.3500208090990782	0.08462901460006833	False	True	0.4355863332748413	0.044978827238082886	0.05901021882891655	0.0004062603402417153	0.4316149950027466	0.02840336225926876	True	0.22183088958263397	0.2508991062641144	0.095311239361763	0.07341448962688446	0.10523825138807297	0.25330597162246704
80zy5s	rare photo of president truman ordering the bombing of hiroshima	data/processed/pro_fakeddit/images/80zy5s.jpg	2	0	False	0.39616574347019196	0.09159567207098007	0.39616574347019196	0.3045700713992119	0.03146471711806953	0.017264318390516564	0.1948620341718197	0.05567312054336071	False	True	0.43023166060447693	0.345843642950058	0.009085127152502537	0.0007894668960943818	0.19899524748325348	0.015054859220981598	True	0.29396799206733704	0.18074935674667358	0.09860348701477051	0.06668887287378311	0.1824623942375183	0.17752790451049805
7onnt2	britain now generates twice as much electricity from wind energy as coal	data/processed/pro_fakeddit/images/7onnt2.jpg	0	4	False	0.7584716603159904	0.6858601584099233	0.0712909356225282	0.07261150190606713	0.018780023645376787	0.013662204694810498	0.7584716603159904	0.06518363393843174	False	True	0.014633162878453732	0.012934057042002678	0.000650690053589642	3.391577411093749e-05	0.9642680287361145	0.0074800774455070496	True	0.2412642538547516	0.2516438364982605	0.07316802442073822	0.05454707145690918	0.1410825550556183	0.2382943034172058
5yu83o	my dads siblings and parents before they got married theyre here and still king of cool	data/processed/pro_fakeddit/images/5yu83o.jpg	3	0	False	0.47377432882785797	0.23975007608532906	0.47377432882785797	0.23402425274252892	0.019879342638887465	0.013327327149454504	0.2135268785059452	0.04546783468686044	False	True	0.5382952690124512	0.22335977852344513	0.005542560946196318	0.0004646375309675932	0.22352728247642517	0.008810450322926044	True	0.28021150827407837	0.2660176753997803	0.06288968771696091	0.05191539600491524	0.1835256665945053	0.15543998777866364
9ihyoz	vandergrift woman honored by food bank for helping veterans	data/processed/pro_fakeddit/images/9ihyoz.jpg	0	4	False	0.6204496771097183	0.44145363196730614	0.17899604514241219	0.12030884623527527	0.01645217280020006	0.018898618465755135	0.6204496771097183	0.04489466780796647	False	True	0.14254792034626007	0.08531071245670319	0.001191524206660688	0.0022384885232895613	0.7588093876838684	0.009901968762278557	True	0.28834041953086853	0.22530324757099152	0.062234118580818176	0.06887900829315186	0.20537054538726807	0.1498727649450302
bnc63k	gas product spills in houston ship channel after collision involving foot oil tanker and barges	data/processed/pro_fakeddit/images/bnc63k.jpg	0	4	False	0.5417119432240725	0.41983823478221893	0.09854006767272949	0.09815312176942825	0.10666799172759056	0.033053121936973184	0.5417119432240725	0.12187370844185352	False	True	0.07308566570281982	0.056816890835762024	0.09983892738819122	0.0012706362176686525	0.6823246479034424	0.08666317909955978	True	0.1749032735824585	0.22216181457042694	0.12715518474578857	0.12840057909488678	0.11987382918596268	0.22750529646873474
b774vx	this classic compilation of childrens cartoons is not suitable for children	data/processed/pro_fakeddit/images/b774vx.jpg	0	1	False	0.4981013461947441	0.31832197308540344	0.1453605853021145	0.4981013461947441	0.0609427597373724	0.010977064754115418	0.17977937310934067	0.104838902130723	False	True	0.10777674615383148	0.5359513163566589	0.06220542639493942	0.0017672845860943198	0.20074470341205597	0.09155454486608505	True	0.2581121027469635	0.38455143570899963	0.057154759764671326	0.03860640525817871	0.11688338220119476	0.14469197392463684
cj44ep	i dont even know where else to post this sort of sentiment	data/processed/pro_fakeddit/images/cj44ep.jpg	3	4	False	0.4454783834517002	0.11027224734425545	0.12372444011271	0.33520613610744476	0.015489137847907841	0.006552575301611796	0.4454783834517002	0.07354930695146322	False	True	0.05995919555425644	0.3472924828529358	0.005977874156087637	0.00024917430710047483	0.5462745428085327	0.040246713906526566	True	0.3150201737880707	0.2989470958709717	0.044022928923368454	0.02546277828514576	0.1430899053812027	0.1734570860862732
dh9zmf	a trash can at a burger king	data/processed/pro_fakeddit/images/dh9zmf.jpg	0	4	False	0.5250617526471615	0.34101513028144836	0.1355637852102518	0.18404662236571312	0.027750341687351465	0.030609027860919014	0.5250617526471615	0.09696847759187222	False	True	0.11237994581460953	0.15088017284870148	0.009401751682162285	0.001010546344332397	0.6567350625991821	0.06959254294633865	True	0.20511530339717865	0.28354597091674805	0.082796111702919	0.11940447241067886	0.13004182279109955	0.1790962815284729
5vc0ts	uk sends stress balls to us scientists worried about donald trump	data/processed/pro_fakeddit/images/5vc0ts.jpg	0	0	True	0.41286901384592056	0.1754990629851818	0.41286901384592056	0.18916555866599083	0.02461689501069486	0.02288366435095668	0.23736995086073875	0.11309492215514183	False	True	0.477538526058197	0.15854401886463165	0.009841655381023884	0.007297435775399208	0.26433974504470825	0.08243861794471741	True	0.2188604772090912	0.28103017807006836	0.0689426138997078	0.06964235007762909	0.15646056830883026	0.2050638347864151
ccazmav	now with a little more skin soon we can make a theme park we cant wait it will be good	data/processed/pro_fakeddit/images/ccazmav.jpg	4	4	True	0.78103968501091	0.6930285635171458	0.07789960876107216	0.08801112149376422	0.009680556671810336	0.0064118581140064634	0.78103968501091	0.036957192642148584	False	True	0.010879471898078918	0.001669613178819418	0.00036439247196540236	0.0002509010664653033	0.9863922595977783	0.00044338335283100605	True	0.2789600193500519	0.34703564643859863	0.03762904927134514	0.024894729256629944	0.16498196125030518	0.14649862051010132
9hsw3n	write george rr martin gives fans a sneak peek of his progress on his longawaited novel the winds of winter	data/processed/pro_fakeddit/images/9hsw3n.jpg	2	1	False	0.6177513599395752	0.3917601928114891	0.2259911671280861	0.6177513599395752	0.02230548285297118	0.03216474992223084	0.046163973165676	0.055623285472393036	False	True	0.23083072900772095	0.7357203364372253	0.0010272535728290677	0.0062417080625891685	0.013582468964159489	0.012597516179084778	True	0.21147248148918152	0.26384443044662476	0.08614017069339752	0.10993387550115585	0.14390848577022552	0.1847005933523178
2vxncx	more than k raised for heroic dog hurt in ohio house fire	data/processed/pro_fakeddit/images/2vxncx.jpg	0	4	False	0.46819404140114784	0.1955367997288704	0.27265724167227745	0.1410418413579464	0.031039827736094594	0.015622563660144806	0.46819404140114784	0.07144444342702627	False	True	0.2817351818084717	0.1012098640203476	0.014912604354321957	0.0006694458425045013	0.567995011806488	0.03347786143422127	True	0.24542342126369476	0.2605377733707428	0.0794214978814125	0.06048191711306572	0.16879113018512726	0.18534418940544128
58f7ht	they said what find out what donald glover joe biden and alice walton have to say	data/processed/pro_fakeddit/images/58f7ht.jpg	1	1	True	0.4096170514822006	0.10995902121067047	0.29965803027153015	0.4096170514822006	0.02243052062112838	0.03261845698580146	0.1698614228516817	0.06581452302634716	False	True	0.32011544704437256	0.44019192457199097	0.00771736865863204	0.018102096393704414	0.18991443514823914	0.023958750069141388	True	0.23828577995300293	0.3178924322128296	0.0665699765086174	0.07616753876209259	0.10970238596200943	0.19138184189796448
co16w5f	now i wanna buy a dress like that	data/processed/pro_fakeddit/images/co16w5f.jpg	4	4	True	0.772072296589613	0.6809736741706729	0.08788676583208144	0.09109862241894007	0.009475206439674366	0.005707933720714209	0.772072296589613	0.03375919288373552	False	True	0.010815362446010113	0.015160512179136276	0.0001218138204421848	2.370919355598744e-05	0.9736950993537903	0.00018352933693677187	True	0.3191009759902954	0.31891295313835144	0.03753538429737091	0.022760607302188873	0.167203888297081	0.13448618352413177
c46mfc7	i know this isnt radviceanimals but when i saw this i just had to	data/processed/pro_fakeddit/images/c46mfc7.jpg	4	4	True	0.670486219227314	0.5264239422976971	0.14406227692961693	0.12332656793296337	0.014747564389836043	0.008147105982061476	0.670486219227314	0.03923024839605205	False	True	0.0993727594614029	0.0597882941365242	0.0019304996822029352	0.0015161309856921434	0.8354748487472534	0.001917444751597941	True	0.27813082933425903	0.3139413893222809	0.05319875851273537	0.028040030971169472	0.17552033066749573	0.15116865932941437
9k2d0s	my brother brought home eggnog today	data/processed/pro_fakeddit/images/9k2d0s.jpg	0	4	False	0.4099562093615532	0.191229909658432	0.21872629970312119	0.180317685008049	0.029656088910996914	0.011775045219110325	0.4099562093615532	0.14956870675086975	False	True	0.20800179243087769	0.14293381571769714	0.01697961613535881	0.0009009944042190909	0.48992130160331726	0.14126253128051758	True	0.2508998215198517	0.2924692928791046	0.06768550723791122	0.04439719766378403	0.170060932636261	0.17448723316192627
1h21lq	antifemalesuffrage french womens rights poster s	data/processed/pro_fakeddit/images/1h21lq.jpg	5	1	False	0.6159022152423859	0.46370737440884113	0.10696257278323174	0.6159022152423859	0.02372615726199001	0.021581965527730063	0.15219484083354473	0.0796322850510478	False	True	0.07290229201316833	0.7144210934638977	0.007239994127303362	0.0015384642174467444	0.16146555542945862	0.042432624846696854	True	0.20914341509342194	0.32034558057785034	0.07318464666604996	0.08171246945858002	0.12438269704580307	0.19123126566410065
cezs0zg	fennecs world tour will melt your face off	data/processed/pro_fakeddit/images/cezs0zg.jpg	4	4	True	0.7645240873098373	0.6703339973464608	0.07449609180912375	0.09419008996337652	0.017312854310148396	0.009996141139708925	0.7645240873098373	0.03948074407526292	False	True	0.016856582835316658	0.032586563378572464	0.0005731579731218517	0.00011557815014384687	0.9492704272270203	0.0005977180553600192	True	0.24741461873054504	0.2790006697177887	0.06753194332122803	0.03963783010840416	0.21028506755828857	0.15612982213497162
61iz9z	trump administration grants pipeline permits without all his promised conditions	data/processed/pro_fakeddit/images/61iz9z.jpg	0	1	False	0.2908736690878868	0.03275284543633461	0.2581208236515522	0.2908736690878868	0.023740301025100052	0.03691517421975732	0.23663636669516563	0.15371361374855042	False	True	0.26832762360572815	0.2992403507232666	0.006711674388498068	0.0206825640052557	0.2723613977432251	0.13267633318901062	True	0.22750042378902435	0.26577362418174744	0.074826180934906	0.08561300486326218	0.12946127355098724	0.2168254554271698
66p9kr	tesla recalls k cars over parking brake gear	data/processed/pro_fakeddit/images/66p9kr.jpg	0	0	True	0.34949222207069397	0.04351843148469925	0.34949222207069397	0.19484012946486473	0.02336126146838069	0.03883536625653505	0.3059737905859947	0.08749725576490164	False	True	0.3861117362976074	0.16726301610469818	0.008489975705742836	0.02552199736237526	0.3660205900669098	0.04659273102879524	True	0.2396336793899536	0.2775714695453644	0.06797511875629425	0.07877547293901443	0.1258333921432495	0.21021082997322083
c4b4ha6	when you see it youll shit bricks	data/processed/pro_fakeddit/images/c4b4ha6.jpg	4	4	True	0.6329265497624874	0.4211531728506088	0.21177337691187859	0.07255238946527243	0.02465388271957636	0.013813268451485783	0.6329265497624874	0.04428050748538226	False	True	0.20282068848609924	0.021747026592493057	0.004267159849405289	0.0021588976960629225	0.7629448771476746	0.006061306688934565	True	0.2386314421892166	0.22496847808361053	0.08581405133008957	0.048776380717754364	0.24287156760692596	0.15893810987472534
7eyee9	woman posing on the beach	data/processed/pro_fakeddit/images/7eyee9.jpg	0	4	False	0.7706837244331837	0.6726335743442178	0.09805015008896589	0.05770073301391676	0.023908366914838552	0.012169059687948902	0.7706837244331837	0.037487957102712244	False	True	0.03453410044312477	0.0034487673547118902	0.0023913029581308365	4.633186472347006e-05	0.9577645063400269	0.0018149756360799074	True	0.28859829902648926	0.22045662999153137	0.0884595587849617	0.0485372431576252	0.2094413787126541	0.14450690150260925
7zpzd6	liberalism the right way uk liberal party poster	data/processed/pro_fakeddit/images/7zpzd6.jpg	5	1	False	0.6540498621761799	0.5591516494750977	0.09369202330708504	0.6540498621761799	0.047389773768372834	0.035177935193132726	0.09489821270108223	0.07479229802265763	False	True	0.08015395700931549	0.806644082069397	0.0024138218723237514	8.942223939811811e-05	0.09318305552005768	0.017515776678919792	True	0.13430622220039368	0.19626720249652863	0.18231762945652008	0.14044347405433655	0.10004368424415588	0.24662186205387115
at2ava	the way the snow in the field melted in a line	data/processed/pro_fakeddit/images/at2ava.jpg	0	4	False	0.4513396602123976	0.1059750821441412	0.3453645780682564	0.09869025181978941	0.030694514978677034	0.013654625101480633	0.4513396602123976	0.06025634612888098	False	True	0.37131792306900024	0.03728098049759865	0.009407302364706993	0.001178185222670436	0.5622941851615906	0.018521402031183243	True	0.2675045430660248	0.2829180657863617	0.09455615282058716	0.051083944737911224	0.11847608536481857	0.18546117842197418
cvzupc	there was wood stacked while my dad was painting the house and he just left it it been years now kind of cool	data/processed/pro_fakeddit/images/cvzupc.jpg	0	4	False	0.7526625618338585	0.6370325535535812	0.11563000828027725	0.06528937892289832	0.0137758509372361	0.007413929019094212	0.7526625618338585	0.0452282628393732	False	True	0.046293556690216064	0.003611039137467742	0.0027140879537910223	0.00010891900456044823	0.9443178772926331	0.0029545046854764223	True	0.3236393630504608	0.25032439827919006	0.046961139887571335	0.029328959062695503	0.1776966154575348	0.17204953730106354
ca0g7pm	stunning simply stunning	data/processed/pro_fakeddit/images/ca0g7pm.jpg	4	4	True	0.7616106607019901	0.6314186444506049	0.1301920162513852	0.05172125971876085	0.010148015600861982	0.005234419375483412	0.7616106607019901	0.04109367015189491	False	True	0.046362634748220444	0.009549175389111042	0.0013809524243697524	0.00017889155424199998	0.9412029981613159	0.0013253792421892285	True	0.3816801607608795	0.17823751270771027	0.03644920513033867	0.02040100283920765	0.22283364832401276	0.16039854288101196
bve8bh	the underside of the console lid in my car has labeled holders for lip balm pens and cards	data/processed/pro_fakeddit/images/bve8bh.jpg	0	4	False	0.7413998879492283	0.6731124358484522	0.06253356393426657	0.04150587669573724	0.037231859896564856	0.049041331694752444	0.7413998879492283	0.06828745210077614	False	True	0.03132208064198494	0.007877235300838947	0.0011770938290283084	0.00022963303490541875	0.9519137740135193	0.007480141241103411	True	0.15616801381111145	0.14239180088043213	0.1453961580991745	0.19547642767429352	0.10985822975635529	0.2507093846797943
aur7nn	this tangle of cables look like a treble clef	data/processed/pro_fakeddit/images/aur7nn.jpg	0	4	False	0.559587586671114	0.36470435932278633	0.09259109757840633	0.05037196585908532	0.19488322734832764	0.023458559648133814	0.559587586671114	0.07910758070647717	False	True	0.07661948353052139	0.027746273204684258	0.17906032502651215	0.0005524787120521069	0.6767687797546387	0.03925267606973648	True	0.14050593972206116	0.11824904382228851	0.2423519343137741	0.09217680245637894	0.20804400742053986	0.19867229461669922
b5on6m	man wheels suitcase with ar down street throws it at cop	data/processed/pro_fakeddit/images/b5on6m.jpg	0	4	False	0.7407195903360844	0.6473750472068787	0.0933445431292057	0.08610784308984876	0.018483079271391034	0.016049744182964787	0.7407195903360844	0.045295281102880836	False	True	0.039224520325660706	0.019010206684470177	0.001515544019639492	0.0008650888921692967	0.9367656707763672	0.0026190700009465218	True	0.2557046115398407	0.2874007523059845	0.06938568502664566	0.06160371005535126	0.1525813490152359	0.17332391440868378
cqxx6bo	every lotr fan thoughs right now	data/processed/pro_fakeddit/images/cqxx6bo.jpg	4	4	True	0.7379868216812611	0.6355248605832458	0.08510886831209064	0.10246196109801531	0.017869778530439362	0.008604721617302857	0.7379868216812611	0.04796785319922492	False	True	0.022430429235100746	0.033581849187612534	0.0014646631898358464	0.00011058087693527341	0.9419121146202087	0.000500373775139451	True	0.2731441855430603	0.30910229682922363	0.06708512455224991	0.03408714383840561	0.12621094286441803	0.19037029147148132
42nhg4	waffle house taking reservations for candlelit valentines day dinner in alabama	data/processed/pro_fakeddit/images/42nhg4.jpg	0	0	True	0.3678080476820469	0.05521973595023155	0.3678080476820469	0.20342976227402687	0.028870904818177223	0.022291407571174204	0.31258831173181534	0.06501160096377134	False	True	0.4098392724990845	0.18805621564388275	0.010548166930675507	0.003186542075127363	0.357567697763443	0.030802149325609207	True	0.24171437323093414	0.24955040216445923	0.08383911848068237	0.07960600405931473	0.17765015363693237	0.16763995587825775
3e9qai	hundreds renovate older mans home after teenagers make rude comment	data/processed/pro_fakeddit/images/3e9qai.jpg	0	4	False	0.607551597058773	0.3829190619289875	0.22463253512978554	0.07371222274377942	0.022912128479219973	0.01716925241635181	0.607551597058773	0.0540222740964964	False	True	0.21741542220115662	0.02355997823178768	0.004767197649925947	0.0007773468969389796	0.7474749684333801	0.006005087401717901	True	0.2462838739156723	0.22416895627975464	0.07734692096710205	0.0663449689745903	0.18778148293495178	0.1980738341808319
dd7csb	santa claus reelection to north pole city council	data/processed/pro_fakeddit/images/dd7csb.jpg	0	0	True	0.35017112269997597	0.052022647112607956	0.35017112269997597	0.298148475587368	0.02215243480168283	0.024089692626148462	0.2506438512355089	0.05479442095384002	False	True	0.3853863775730133	0.2752992808818817	0.012937177903950214	0.003426549956202507	0.30034422874450684	0.022606389597058296	True	0.24452535808086395	0.3666960597038269	0.049798205494880676	0.08607912063598633	0.10154271870851517	0.15135851502418518
blzfud	this stain on a cubicle at my job kinda looks like snoo	data/processed/pro_fakeddit/images/blzfud.jpg	0	4	False	0.3305132817476988	0.11991577781736851	0.16998760402202606	0.14966219291090965	0.06449329387396574	0.07474608393386006	0.3305132817476988	0.21059750393033028	False	True	0.17433525621891022	0.14453713595867157	0.047821324318647385	0.029199322685599327	0.4027610421180725	0.20134586095809937	True	0.1569446474313736	0.1650373637676239	0.1145092025399208	0.21138636767864227	0.1137700006365776	0.238352432847023
23gsf0	me and some people over at mildly interesting arent sure if this looks like an excited dog gorilla or what	data/processed/pro_fakeddit/images/23gsf0.jpg	2	4	False	0.635444663465023	0.5141900237649679	0.12125463970005512	0.11806931160390377	0.022979766712523997	0.021073497307952493	0.635444663465023	0.08117812126874924	False	True	0.09515900164842606	0.07850771397352219	0.0057471576146781445	0.001572146313264966	0.7838655710220337	0.035148411989212036	True	0.19954155385494232	0.23675410449504852	0.07467759400606155	0.07957755029201508	0.1901819407939911	0.21926724910736084
4njcm8	official map finds zikatransmitting mosquitoes in much of us	data/processed/pro_fakeddit/images/4njcm8.jpg	0	4	False	0.43905311450362206	0.21511047333478928	0.22394264116883278	0.13874714262783527	0.025335767772048712	0.018982393434271216	0.43905311450362206	0.15393890626728535	False	True	0.21584449708461761	0.10400178283452988	0.015568705275654793	0.004932005889713764	0.5370563268661499	0.12259664386510849	True	0.24823707342147827	0.24298322200775146	0.05463695526123047	0.06113355606794357	0.1450434774160385	0.24796569347381592
bqcrji	how travelling australia in a van showed me meaningful work	data/processed/pro_fakeddit/images/bqcrji.jpg	0	4	False	0.5281309448182583	0.25439857318997383	0.27373237162828445	0.08466573152691126	0.03340599313378334	0.01694022089941427	0.5281309448182583	0.06312472745776176	False	True	0.255776971578598	0.037514206022024155	0.026249423623085022	0.0034251457545906305	0.6527197360992432	0.02431449294090271	True	0.32759857177734375	0.22612030804157257	0.054875701665878296	0.05748544633388519	0.15436457097530365	0.17955543100833893
9jtpdk	picture of imperial japanese armed forces occupying ryuko island by kobayashi kiyochika	data/processed/pro_fakeddit/images/9jtpdk.jpg	5	4	False	0.6571366302669048	0.5065180696547031	0.1506185606122017	0.0712116165086627	0.03420932765584439	0.0458858531419537	0.6571366302669048	0.04093804894364439	False	True	0.13673608005046844	0.034742746502161026	0.0014641755260527134	0.00027152852271683514	0.8255234956741333	0.0012620381312444806	True	0.19226600229740143	0.18061822652816772	0.13244478404521942	0.1827288269996643	0.15197603404521942	0.15996608138084412
cr0qwb	ceiling light at this restaurant looks like jupiter	data/processed/pro_fakeddit/images/cr0qwb.jpg	0	4	False	0.6666816025972366	0.5259420648217201	0.1407395377755165	0.0438718693330884	0.06273006752599031	0.03486116563726682	0.6666816025972366	0.05111570644658059	False	True	0.13911260664463043	0.019072379916906357	0.006601945962756872	0.0006750965840183198	0.8297224640846252	0.0048154243268072605	True	0.14562033116817474	0.11827033758163452	0.2311144322156906	0.13741937279701233	0.1775590181350708	0.19001655280590057
xwmoe	free vibrator giveaway event cockblocked by new york police	data/processed/pro_fakeddit/images/xwmoe.jpg	0	0	True	0.42248010635375977	0.11683657392859459	0.42248010635375977	0.16165325231850147	0.02921919245272875	0.0258999802172184	0.3056435324251652	0.055103990249335766	False	True	0.4823024868965149	0.11652591079473495	0.01692318543791771	0.001631319522857666	0.353800505399704	0.028816644102334976	True	0.24301296472549438	0.297035276889801	0.06610721349716187	0.0987059623003006	0.16117261350154877	0.13396602869033813
8aytej	rubber plantation workers during the rule of king leopold ii belgian congo	data/processed/pro_fakeddit/images/8aytej.jpg	2	4	False	0.6676583718508482	0.5287761781364679	0.13888219371438026	0.09141746163368225	0.029231483960757032	0.03049515138263814	0.6676583718508482	0.042315403872635216	False	True	0.10375535488128662	0.04231426119804382	0.0016820690361782908	0.0003249762812629342	0.8495237827301025	0.00239964690990746	True	0.2442627102136612	0.23872706294059753	0.11187972873449326	0.12100567668676376	0.12206213921308517	0.16206267476081848
cmnc781	she touches herself everyday	data/processed/pro_fakeddit/images/cmnc781.jpg	4	4	True	0.7477429807186127	0.6353998025879264	0.11234317813068628	0.08905591536313295	0.011237270315177739	0.006574791992534301	0.7477429807186127	0.03304582028067671	False	True	0.033826541155576706	0.01677575334906578	0.002350845839828253	0.00011634472321020439	0.9455928802490234	0.0013375721173360944	True	0.347893089056015	0.3058964014053345	0.037896543741226196	0.025950133800506592	0.15419328212738037	0.12817056477069855
11f95k	this bear is in constant fear	data/processed/pro_fakeddit/images/11f95k.jpg	2	4	False	0.41069385036826134	0.14268075302243233	0.268013097345829	0.20200404152274132	0.027686769259162247	0.018764833686873317	0.41069385036826134	0.07283744588494301	False	True	0.2786548137664795	0.19224202632904053	0.005593662615865469	0.004375793971121311	0.4880736768245697	0.031060069799423218	True	0.23608794808387756	0.2312900871038437	0.09396608918905258	0.061931952834129333	0.17855437099933624	0.19816957414150238
cnv7px	maximilien robespierre once the french citizens started to feel safe in their own country circa	data/processed/pro_fakeddit/images/cnv7px.jpg	2	4	False	0.37990864738821983	0.06933615356683731	0.18401646614074707	0.3105724938213825	0.017363991122692823	0.024697217158973217	0.37990864738821983	0.08344112802296877	False	True	0.14924457669258118	0.33428195118904114	0.004737408831715584	0.017043087631464005	0.43653589487075806	0.05815700814127922	True	0.28833213448524475	0.23944412171840668	0.05524373799562454	0.047659605741500854	0.21002690494060516	0.15929348766803741
7uhm86	my toothbrush holder looks like its having a ball of a time brushing its teeth	data/processed/pro_fakeddit/images/7uhm86.jpg	2	4	False	0.6098001077771187	0.46634628623723984	0.14345382153987885	0.11769174411892891	0.025258249865146354	0.024169818469090387	0.6098001077771187	0.0796262533403933	False	True	0.13186690211296082	0.07804492115974426	0.0017663132166489959	0.0010364564368501306	0.7611986398696899	0.02608676068484783	True	0.17821457982063293	0.23663221299648285	0.09573405981063843	0.09356990456581116	0.1556045114994049	0.24024473130702972
c7g0niq	what i was expecting to see	data/processed/pro_fakeddit/images/c7g0niq.jpg	4	4	True	0.7606623023748398	0.6440378138795495	0.11662448849529028	0.0603451575152576	0.014706705667776987	0.00619077338342322	0.7606623023748398	0.04147051915060729	False	True	0.04182176664471626	0.018220046535134315	0.0010409342357888818	0.00041901730583049357	0.93620765209198	0.0022905305959284306	True	0.34103265404701233	0.18672049045562744	0.0557040199637413	0.0235060416162014	0.2340262532234192	0.15901048481464386
4xzd9c	japanese pole vaulters olympic dream crushed by his own penis	data/processed/pro_fakeddit/images/4xzd9c.jpg	0	1	False	0.3811147026717663	0.1473141312599182	0.23380057141184807	0.3811147026717663	0.03215303597971797	0.02133166609564796	0.22730647027492523	0.10429355502128601	False	True	0.22549967467784882	0.4273856580257416	0.015157671645283699	0.0002858887892216444	0.2548850178718567	0.0767860859632492	True	0.2587032616138458	0.2423018366098404	0.08313912898302078	0.08446899801492691	0.14457082748413086	0.18681596219539642
cibmgh	salt and pepper shakers at my hotel	data/processed/pro_fakeddit/images/cibmgh.jpg	0	4	False	0.5053412802517414	0.3104074187576771	0.19493386149406433	0.10308863036334515	0.03278297244105488	0.042246945202350616	0.5053412802517414	0.12160632573068142	False	True	0.18290992081165314	0.07373129576444626	0.006019819062203169	0.021313026547431946	0.6154294013977051	0.10059656947851181	True	0.2310056835412979	0.1911606341600418	0.11307243257761002	0.10504870116710663	0.1750769168138504	0.18463559448719025
cr8wy4	this stalagmite on an ice cube	data/processed/pro_fakeddit/images/cr8wy4.jpg	0	4	False	0.7054620422422886	0.5978400073945522	0.10762203484773636	0.05194599460810423	0.0375517385546118	0.021330390703951707	0.7054620422422886	0.0760877844877541	False	True	0.0747462809085846	0.01655568554997444	0.0011642975732684135	0.00014551061030942947	0.8866361975669861	0.020752018317580223	True	0.20624929666519165	0.1581169217824936	0.14671406149864197	0.08488503098487854	0.1619395762681961	0.24209508299827576
9ioc9t	a poorly disguised german spy attempts to gather information from an english national ca	data/processed/pro_fakeddit/images/9ioc9t.jpg	2	4	False	0.5702743157744408	0.4018111638724804	0.1630011573433876	0.16846315190196037	0.017951653338968754	0.02827940703718923	0.5702743157744408	0.05203034123405814	False	True	0.14203372597694397	0.10307957231998444	0.00446411594748497	0.0018788204761222005	0.7258293628692627	0.02271445281803608	True	0.2259034514427185	0.3646138906478882	0.058414265513420105	0.10748116672039032	0.10360917448997498	0.13997800648212433
b7hx41	the vegetables false advertising	data/processed/pro_fakeddit/images/b7hx41.jpg	1	4	False	0.750961609184742	0.6718772342428565	0.07908437494188547	0.07263867557048798	0.02634507999755442	0.009633449059037957	0.750961609184742	0.061336846090853214	False	True	0.019073735922574997	0.008955329656600952	0.013566280715167522	0.00048578178393654525	0.9447823166847229	0.0131366066634655	True	0.2591162919998169	0.26368871331214905	0.06468147784471512	0.037076450884342194	0.1694994866847992	0.20593756437301636
c37rol	this huge storm behind us contrasting with blue sky upfront	data/processed/pro_fakeddit/images/c37rol.jpg	0	4	False	0.6237814277410507	0.4236881397664547	0.20009328797459602	0.06970622623339295	0.03095320612192154	0.015698364717536606	0.6237814277410507	0.059767510276287794	False	True	0.16927824914455414	0.030306993052363396	0.00583677738904953	0.0005910952459089458	0.7760096192359924	0.017977306619286537	True	0.2925384044647217	0.18790392577648163	0.10630249232053757	0.061020173132419586	0.16709685325622559	0.18513812124729156
bn1f4u	did that ted bundy hacksaw moment really happen	data/processed/pro_fakeddit/images/bn1f4u.jpg	5	1	False	0.3220449760556221	0.027272041887044907	0.12434081733226776	0.3220449760556221	0.12390901148319244	0.03205609181895852	0.10287612304091454	0.2947729341685772	False	True	0.0867229551076889	0.3530353605747223	0.1334591805934906	0.015203690156340599	0.08441208302974701	0.32716667652130127	True	0.23719440400600433	0.22907382249832153	0.09525850415229797	0.08261329680681229	0.15826824307441711	0.19759170711040497
rgigz	running out of beer at a girls birthday party resulted in gunfire one dead seven others hurt	data/processed/pro_fakeddit/images/rgigz.jpg	0	1	False	0.5640846192836761	0.41129120439291	0.15279341489076614	0.5640846192836761	0.02695176494307816	0.02397036668844521	0.11239840276539326	0.11980140767991543	False	True	0.1277969926595688	0.6537190079689026	0.011054440401494503	0.006622358225286007	0.10047119110822678	0.100335992872715	True	0.22778268158435822	0.2951814532279968	0.07464373856782913	0.07601439207792282	0.1481800377368927	0.17819765210151672
9bun0x	my watering handle flipped out of the tomato plant and began watering the serrano	data/processed/pro_fakeddit/images/9bun0x.jpg	0	4	False	0.580342497676611	0.4310242794454098	0.14931821823120117	0.09178636595606804	0.051523652975447476	0.05974876671098173	0.580342497676611	0.06728056818246841	False	True	0.15382073819637299	0.07177683711051941	0.006076590623706579	0.002231610007584095	0.7405998110771179	0.025494500994682312	True	0.13581065833568573	0.15181495249271393	0.18786484003067017	0.23230023682117462	0.09957055747509003	0.19263876974582672
ccst35	jbl provides an usb which can be plugged in both orientations	data/processed/pro_fakeddit/images/ccst35.jpg	0	4	False	0.5547139495611191	0.38807376474142075	0.16664018481969833	0.07713793031871319	0.061959151178598404	0.022781098494306207	0.5547139495611191	0.11676768213510513	False	True	0.14645344018936157	0.025260411202907562	0.04571409523487091	0.0022820783779025078	0.6924892067909241	0.08780074119567871	True	0.22720041871070862	0.23277048766613007	0.11069431900978088	0.0842781588435173	0.1413881778717041	0.2036685049533844
bru2zu	the way this textbook is printed made me think my vision was blurry	data/processed/pro_fakeddit/images/bru2zu.jpg	0	0	True	0.2505006641149521	0.05446679890155792	0.2505006641149521	0.16792018339037895	0.17001533135771751	0.02080609498079866	0.19603386521339417	0.19472382590174675	False	True	0.26794105768203735	0.1815982311964035	0.17403694987297058	0.003955409396439791	0.18752329051494598	0.1849450320005417	True	0.1981794834136963	0.1268860399723053	0.1579504758119583	0.07135815173387527	0.2215655893087387	0.22406020760536194
1ca6kk	people wont stop sending severed goat heads to wrigley field	data/processed/pro_fakeddit/images/1ca6kk.jpg	0	0	True	0.41393955051898956	0.17064160853624344	0.41393955051898956	0.15733158588409424	0.041041208896785975	0.028225911664776504	0.24329794198274612	0.11616375111043453	False	True	0.47922858595848083	0.13349886238574982	0.025412334129214287	0.004044497851282358	0.2690750062465668	0.08874065428972244	True	0.21807244420051575	0.2288297563791275	0.08792783319950104	0.10077015310525894	0.16596674919128418	0.1984330415725708
5guxyv	check out these creative ways to give money as a gift	data/processed/pro_fakeddit/images/5guxyv.jpg	5	4	False	0.5820987522602081	0.3383418321609497	0.24375692009925842	0.08502615988254547	0.02265487820841372	0.015912326198304072	0.5820987522602081	0.05055089690722525	False	True	0.24045920372009277	0.025763124227523804	0.010268877260386944	0.00035837560426443815	0.7146558165550232	0.008494536392390728	True	0.25365006923675537	0.2628152668476105	0.05981288105249405	0.06257417798042297	0.18442755937576294	0.17671997845172882
2ltbdc	in good news i think this will help a lot	data/processed/pro_fakeddit/images/2ltbdc.jpg	0	4	False	0.6175878420472145	0.45959214866161346	0.15799569338560104	0.13636098057031631	0.01825250289402902	0.005984963790979236	0.6175878420472145	0.06381800142116845	False	True	0.1164751648902893	0.07602956891059875	0.0110482731834054	0.0006768268067389727	0.7811785936355591	0.014591566286981106	True	0.28255727887153625	0.317355215549469	0.03986519202589989	0.021909374743700027	0.1268155872821808	0.21149730682373047
6afgbb	is conflict syrian opposition take town of tabqa and dam	data/processed/pro_fakeddit/images/6afgbb.jpg	0	4	False	0.628051932901144	0.4904588181525469	0.11748367547988892	0.13759311474859715	0.03507097577676177	0.01979916379787028	0.628051932901144	0.06200116500258446	False	True	0.08028444647789001	0.08210396021604538	0.020956875756382942	0.005775063298642635	0.7774562835693359	0.033423393964767456	True	0.22908136248588562	0.30406057834625244	0.07741327583789825	0.06187146529555321	0.1798388808965683	0.14773447811603546
5k2a9z	theres a massive metal dragon hiding inside earths outer core	data/processed/pro_fakeddit/images/5k2a9z.jpg	5	4	False	0.5194405391812325	0.3434491194784641	0.17599141970276833	0.09279272612184286	0.027628762181848288	0.01777679538645316	0.5194405391812325	0.1663697101175785	False	True	0.14999471604824066	0.04754148796200752	0.010416531935334206	0.0002579697757028043	0.6406921744346619	0.15109705924987793	True	0.2539815306663513	0.22854644060134888	0.07926545292139053	0.07033327221870422	0.1556856334209442	0.21218766272068024
cjmsqac	gman sitting on a creepy chair at the bottom of a body of water	data/processed/pro_fakeddit/images/cjmsqac.jpg	4	4	True	0.7267933487892151	0.6390908136963844	0.08770253509283066	0.04879482043907046	0.04234004678437486	0.054006653394026216	0.7267933487892151	0.04036262762383558	False	True	0.06232631206512451	0.011333072558045387	0.00123456004075706	0.00039914067019708455	0.923939049243927	0.0007679181871935725	True	0.1638312041759491	0.1611800640821457	0.16565650701522827	0.2148291915655136	0.13535624742507935	0.1591467559337616
c3kn1k	humanities last straight survivor is infected with gay	data/processed/pro_fakeddit/images/c3kn1k.jpg	2	1	False	0.6733075082302094	0.4914486035704613	0.18185890465974808	0.6733075082302094	0.018277220573509112	0.01779280137270689	0.06562455277889967	0.04313901416026056	False	True	0.15335917472839355	0.7903032898902893	0.0013721537543460727	0.0015234313905239105	0.0423722006380558	0.01106977928429842	True	0.26735809445381165	0.3223201632499695	0.06899242103099823	0.06660091131925583	0.13538160920143127	0.13934671878814697
4er7cz	buzz lightyear wins battle over driving licence	data/processed/pro_fakeddit/images/4er7cz.jpg	0	4	False	0.5989864207804203	0.3938415125012398	0.09494572412222624	0.20514490827918053	0.019551857141777873	0.030707969097420573	0.5989864207804203	0.05066307890228927	False	True	0.04368678107857704	0.18481458723545074	0.004644536413252354	0.01047541294246912	0.7456719875335693	0.010706641711294651	True	0.24872255325317383	0.2661358714103699	0.06427381932735443	0.09140563756227493	0.1589297205209732	0.17053239047527313
31vdjm	saudis refuse swedish zoos monkeys in diplomatic spat	data/processed/pro_fakeddit/images/31vdjm.jpg	0	1	False	0.32831766456365585	0.01819898560643196	0.20120208710432053	0.32831766456365585	0.03370944526977837	0.029360806103795767	0.3101186789572239	0.09729128144681454	False	True	0.19775213301181793	0.3449611961841583	0.013741164468228817	0.00869503803551197	0.3734667897224426	0.061383627355098724	True	0.2115519493818283	0.27838706970214844	0.09361428767442703	0.09135811030864716	0.12007434666156769	0.20501424372196198
37bch9	chinese officials sent on prison tours as a warning against corruption	data/processed/pro_fakeddit/images/37bch9.jpg	0	4	False	0.32896630838513374	0.018212955445051193	0.1319616362452507	0.31075335294008255	0.03801672626286745	0.03997767670080066	0.32896630838513374	0.15032432973384857	False	True	0.09884604811668396	0.3268868625164032	0.02723897621035576	0.019024448469281197	0.3930240273475647	0.13497966527938843	True	0.23130840063095093	0.2623528242111206	0.07034997642040253	0.10283736139535904	0.13679315149784088	0.196358323097229
831jiu	the cats alone in the tower	data/processed/pro_fakeddit/images/831jiu.jpg	1	4	False	0.7022929303348064	0.5821185428649187	0.12017438746988773	0.08960203919559717	0.028264945838600397	0.023635046294657513	0.7022929303348064	0.03603066876530647	False	True	0.07231288403272629	0.03522400185465813	0.007206348702311516	0.0005933117354288697	0.8809411525726318	0.0037223249673843384	True	0.26375889778137207	0.2527361512184143	0.09144073724746704	0.09276024997234344	0.16634826362133026	0.13295570015907288
3frf2f	two in custody after meth lab found inside cedar rapids taco bell	data/processed/pro_fakeddit/images/3frf2f.jpg	0	4	False	0.48909951746463776	0.26925162971019745	0.08436575531959534	0.2198478877544403	0.06966332346200943	0.061462589306756854	0.48909951746463776	0.0755609436891973	False	True	0.07531588524580002	0.24407675862312317	0.033108681440353394	0.0051027098670601845	0.6160352230072021	0.0263607669621706	True	0.11151536554098129	0.14716127514839172	0.17932724952697754	0.23054222762584686	0.10829240083694458	0.2231614738702774
bk3kxn	construction workers and local business employees team up to rescue ducklings and reunite them with their mother	data/processed/pro_fakeddit/images/bk3kxn.jpg	0	4	False	0.5053239353001118	0.30198995769023895	0.20333397760987282	0.13730850629508495	0.03373664093669504	0.033132668817415833	0.5053239353001118	0.08716428373008966	False	True	0.20989593863487244	0.1142927035689354	0.001971133518964052	0.002430225722491741	0.6239452958106995	0.04746469482779503	True	0.18364809453487396	0.20635591447353363	0.129033163189888	0.1252399981021881	0.1494598537683487	0.20626305043697357
11lk0b	guantanamo prisoner holds unflattering opinion of lebron james	data/processed/pro_fakeddit/images/11lk0b.jpg	0	1	False	0.43868348374962807	0.13210785016417503	0.30657563358545303	0.43868348374962807	0.025671137496829033	0.026414089021272957	0.1029842346906662	0.09967149049043655	False	True	0.3226597011089325	0.5096386671066284	0.010210864245891571	0.003334303852170706	0.08739359676837921	0.06676295399665833	True	0.25832343101501465	0.22581793367862701	0.07205195724964142	0.09565344452857971	0.14975614845752716	0.19839709997177124
5zeeyi	hitler attempting suicide	data/processed/pro_fakeddit/images/5zeeyi.jpg	2	4	False	0.36777839064598083	0.08559534698724747	0.2406494915485382	0.28218304365873337	0.03056130517506972	0.02573299186769873	0.36777839064598083	0.05309483176097274	False	True	0.24613602459430695	0.2869397699832916	0.0022632896434515715	0.007458261679857969	0.4420454502105713	0.015157269313931465	True	0.224189892411232	0.2679128646850586	0.11545535176992416	0.08055718243122101	0.14497721195220947	0.16690751910209656
bndvpq	this cat that rolled in glitter	data/processed/pro_fakeddit/images/bndvpq.jpg	0	4	False	0.6183571964502335	0.4303784966468811	0.18797869980335236	0.09689133800566196	0.020042035059304908	0.021503677387954667	0.6183571964502335	0.055227090255357325	False	True	0.1720820814371109	0.06782687455415726	0.0013591836905106902	0.0012804589932784438	0.7514086365699768	0.006042789202183485	True	0.23566855490207672	0.1840847283601761	0.07609058916568756	0.08217333257198334	0.21920287609100342	0.20277999341487885
2mp2b9	religious extremism main cause of terrorism according to report	data/processed/pro_fakeddit/images/2mp2b9.jpg	0	4	False	0.5840040482580662	0.42044277489185333	0.12768195383250713	0.16356127336621284	0.033094161190092564	0.02315902360714972	0.5840040482580662	0.0684995767660439	False	True	0.09555002301931381	0.1098753958940506	0.020209457725286484	0.00887692254036665	0.7423769235610962	0.023111334070563316	True	0.2240777462720871	0.3246189057826996	0.0717482715845108	0.06600532680749893	0.10888542234897614	0.20466430485248566
3jy56q	this school is switching to genderneutral bathrooms for all students not a single parent has complained about the change	data/processed/pro_fakeddit/images/3jy56q.jpg	0	4	False	0.43151266127824783	0.182977806776762	0.1211540549993515	0.24853485450148582	0.029162766644731164	0.03225582221057266	0.43151266127824783	0.13737987726926804	False	True	0.0948476791381836	0.26534485816955566	0.00958471279591322	0.003691245336085558	0.5344478487968445	0.09208369255065918	True	0.20007318258285522	0.1981048434972763	0.087896928191185	0.11794955283403397	0.12270709872245789	0.2732684314250946
dy5lj7i	the fall of legenwaitforitdary dogs	data/processed/pro_fakeddit/images/dy5lj7i.jpg	4	4	True	0.7487924881279469	0.6552720814943314	0.0935204066336155	0.0925553385168314	0.01736797607736662	0.01054252701214864	0.7487924881279469	0.03722125949570909	False	True	0.03606291115283966	0.02179228514432907	0.001069394638761878	0.00012728346337098628	0.9399698972702026	0.0009782153647392988	True	0.265892893075943	0.3048444986343384	0.06626372039318085	0.0417882576584816	0.1752602607011795	0.14595039188861847
6s3rb8	this gecko with a cherry on its head	data/processed/pro_fakeddit/images/6s3rb8.jpg	0	4	False	0.6659223288297653	0.5184294357895851	0.1474928930401802	0.04304141039028764	0.05184735747752711	0.044285258882155176	0.6659223288297653	0.04741071804892272	False	True	0.13615237176418304	0.015104038640856743	0.002790153259411454	0.00027333528851158917	0.8429464101791382	0.0027336464263498783	True	0.1815144568681717	0.12685352563858032	0.19901897013187408	0.17632102966308594	0.13485008478164673	0.18144193291664124
10j5ee	cnn and msnbc pundit arrested for vandalizing antimuslim ad in ny subway system	data/processed/pro_fakeddit/images/10j5ee.jpg	0	4	False	0.5264498554170132	0.26548994705080986	0.07434272114187479	0.2609599083662033	0.028361930046230555	0.035820424105622806	0.5264498554170132	0.07406520983204246	False	True	0.047765981405973434	0.28241753578186035	0.010889468714594841	0.00034374435199424624	0.6367067098617554	0.0218766201287508	True	0.15407294034957886	0.19658702611923218	0.0807793140411377	0.14225046336650848	0.19567929208278656	0.23063097894191742
c49mbj9	the force is strong with this one	data/processed/pro_fakeddit/images/c49mbj9.jpg	4	4	True	0.7908476367592812	0.7113864239072427	0.07946121285203844	0.07834045542404056	0.011103644106697175	0.005369588347548415	0.7908476367592812	0.03487746094651811	False	True	0.004102244507521391	0.0012067053467035294	0.00012157121818745509	1.1436748536652885e-05	0.994452178478241	0.00010587341239443049	True	0.3055381178855896	0.30974170565605164	0.044049862772226334	0.021444043144583702	0.18003401160240173	0.13919222354888916
cw23s66	if only bradleys arm was longer	data/processed/pro_fakeddit/images/cw23s66.jpg	4	4	True	0.7522077709436417	0.6614922443404794	0.09071552660316229	0.08438859740272164	0.016132764161739033	0.007968664613144938	0.7522077709436417	0.0485866931558121	False	True	0.033404041081666946	0.021784422919154167	0.00030641458579339087	7.87581957411021e-05	0.943149983882904	0.0012763695558533072	True	0.2626499831676483	0.2722011208534241	0.06361181288957596	0.031638383865356445	0.1793811321258545	0.19051766395568848
2spyks	pope doing sign language	data/processed/pro_fakeddit/images/2spyks.jpg	0	1	False	0.3775521293282509	0.05480390787124634	0.17127038910984993	0.3775521293282509	0.03984964615665376	0.020112743019126356	0.32274822145700455	0.06846684031188488	False	True	0.16171802580356598	0.40492692589759827	0.014799227006733418	0.002861474175006151	0.38549473881721497	0.030199579894542694	True	0.19992747902870178	0.29542773962020874	0.1150009036064148	0.07186654955148697	0.1345086693763733	0.18326862156391144
cntkzk	pretreating tshirts for printing and the chemicals leaked to the other side in a smiley face	data/processed/pro_fakeddit/images/cntkzk.jpg	0	4	False	0.672453697770834	0.5551873482763767	0.11726634949445724	0.10327420383691788	0.0293331581633538	0.02426537056453526	0.672453697770834	0.053407255094498396	False	True	0.0855279415845871	0.02817264199256897	0.008711718954145908	0.00761821772903204	0.8509969711303711	0.018972570076584816	True	0.2124815732240677	0.3285788893699646	0.09119747579097748	0.07420682907104492	0.1368238776922226	0.15671131014823914
8oav6q	your granny said sternly dont go anywhere without god but the bright light of science has proven there is no god antireligious poster ca	data/processed/pro_fakeddit/images/8oav6q.jpg	5	4	False	0.37721041217446327	0.10467970743775368	0.24668988958001137	0.2725307047367096	0.026791630778461695	0.016471203387482092	0.37721041217446327	0.060306262923404574	False	True	0.26142191886901855	0.2631167471408844	0.004732867702841759	0.00019436574075371027	0.4578145444393158	0.012719676829874516	True	0.2024938017129898	0.3007725775241852	0.0929679200053215	0.06530171632766724	0.1353980153799057	0.20306602120399475
8mlgfb	daniel ricciardo in the monacos swimming pool	data/processed/pro_fakeddit/images/8mlgfb.jpg	0	4	False	0.6499017663300037	0.49416009336709976	0.15574167296290398	0.05540565820410848	0.03774084709584713	0.06066453308812925	0.6499017663300037	0.04054548591375351	False	True	0.1495780050754547	0.024594059213995934	0.0016638562083244324	0.00018640658527147025	0.8161344528198242	0.007843166589736938	True	0.17423267662525177	0.1478404551744461	0.14597181975841522	0.24209891259670258	0.1512037068605423	0.13865244388580322
crewcqr	capture me like one of your orlesian qunari	data/processed/pro_fakeddit/images/crewcqr.jpg	4	4	True	0.780394472181797	0.6940711131319404	0.08632335904985666	0.07470641378313303	0.014504337617836427	0.013937110367805872	0.780394472181797	0.030134285050735343	False	True	0.020758431404829025	0.00829089805483818	0.0004709883651230484	5.861782483407296e-05	0.9701531529426575	0.000267890834948048	True	0.2830181419849396	0.2739529609680176	0.05660438537597656	0.05557258799672127	0.2111184298992157	0.11973346769809723
211mtg	texas town pays ted nugent k to stay away from th of concert	data/processed/pro_fakeddit/images/211mtg.jpg	0	0	True	0.3646993339061737	0.09649178758263588	0.3646993339061737	0.22576255723834038	0.038758948212489486	0.027655732876155525	0.2682075463235378	0.07491585426032543	False	True	0.4093502461910248	0.22715170681476593	0.012939547188580036	0.0020209166686981916	0.31161239743232727	0.03692512959241867	True	0.23074659705162048	0.22159510850906372	0.11621715128421783	0.10456018149852753	0.1379929929971695	0.18888802826404572
b2ldfz	this gift card expires in a millennium	data/processed/pro_fakeddit/images/b2ldfz.jpg	0	0	True	0.4385154917836189	0.24331539496779442	0.4385154917836189	0.1952000968158245	0.05755749996751547	0.026078553404659033	0.18643716722726822	0.09621124435216188	False	True	0.49391040205955505	0.1826602667570114	0.05947600305080414	0.01762404851615429	0.18729087710380554	0.05903848633170128	True	0.27233076095581055	0.2328195869922638	0.05180199071764946	0.051442068070173264	0.18387603759765625	0.2077295184135437
16g0hs	men armed with ar rifles walk through portland to educate citizens	data/processed/pro_fakeddit/images/16g0hs.jpg	0	4	False	0.5922765769064426	0.3960299603641033	0.19624661654233932	0.09547019843012094	0.026368413819000125	0.02560102569987066	0.5922765769064426	0.06403713999316096	False	True	0.18967047333717346	0.04050208255648613	0.011901312507689	0.0013980543008074164	0.7400829792022705	0.016445079818367958	True	0.21597504615783691	0.2603745460510254	0.0697697177529335	0.0982099398970604	0.14885737001895905	0.20681332051753998
6oqx0c	dog with hotdog in his mouth	data/processed/pro_fakeddit/images/6oqx0c.jpg	0	4	False	0.6254539303481579	0.4908500202000141	0.13460391014814377	0.11607488617300987	0.043797780614113435	0.03222286192612955	0.6254539303481579	0.047846649889834225	False	True	0.12570351362228394	0.0726064145565033	0.0015861253486946225	0.0004498592752497643	0.7946882247924805	0.00496591767296195	True	0.16130509972572327	0.2464803010225296	0.17043274641036987	0.12754186987876892	0.11775104701519012	0.17648884654045105
3euu1d	shia labeouf with his mom	data/processed/pro_fakeddit/images/3euu1d.jpg	0	4	False	0.3318461626768112	0.035100869834423065	0.252021212130785	0.29674529284238815	0.036909881862811744	0.036224262352334335	0.3318461626768112	0.046253140550106764	False	True	0.2658129632472992	0.33051571249961853	0.006181816104799509	0.0006768176099285483	0.38536906242370605	0.011443594470620155	True	0.21064595878124237	0.19543403387069702	0.12909407913684845	0.1428665965795517	0.1712774634361267	0.1506817787885666
53b6sc	jane goodall trump debates like a chimp in a dominance ritual	data/processed/pro_fakeddit/images/53b6sc.jpg	0	4	False	0.3022100403904915	0.018271684646606445	0.28393835574388504	0.26903583481907845	0.029918424552306533	0.019200217677280307	0.3022100403904915	0.09569712169468403	False	True	0.317329466342926	0.2333534210920334	0.012407799251377583	0.004358463920652866	0.3694837987422943	0.06306707113981247	True	0.18376502394676208	0.3760830760002136	0.08245030045509338	0.06372547894716263	0.10038876533508301	0.1935872733592987
b4mvd6	i made ethan from quintessential british p coins	data/processed/pro_fakeddit/images/b4mvd6.jpg	0	4	False	0.5113861039280891	0.3202943727374077	0.19109173119068146	0.15454882010817528	0.016690278542228043	0.017149136983789504	0.5113861039280891	0.10913392156362534	False	True	0.17725834250450134	0.1127421110868454	0.003495191689580679	0.0030246111564338207	0.6152496933937073	0.08823005855083466	True	0.2325918972492218	0.2799689471721649	0.056275539100170135	0.05952271446585655	0.19979533553123474	0.17184551060199738
6wvmk2	aaron rodgers sweet new stache	data/processed/pro_fakeddit/images/6wvmk2.jpg	0	4	False	0.33067554235458374	0.08212226256728172	0.24855327978730202	0.248539287596941	0.03190069040283561	0.03875884925946593	0.33067554235458374	0.10157240182161331	False	True	0.2544867694377899	0.23034526407718658	0.01846589334309101	0.026630626991391182	0.39420831203460693	0.07586316764354706	True	0.23075281083583832	0.3031213581562042	0.0722050815820694	0.07514351606369019	0.14007723331451416	0.17870010435581207
24nmi6	dea orders more marijuana production	data/processed/pro_fakeddit/images/24nmi6.jpg	0	4	False	0.5355873852968216	0.345075286924839	0.19051209837198257	0.15290773287415504	0.018245925661176443	0.019441462238319218	0.5355873852968216	0.0833053532987833	False	True	0.1641986072063446	0.11419178545475006	0.0070593226701021194	0.004580543842166662	0.6612081527709961	0.0487615242600441	True	0.2694525718688965	0.26905557513237	0.051805734634399414	0.06402421742677689	0.1587250828742981	0.18693684041500092
d5jv7n	unite the right rally is held	data/processed/pro_fakeddit/images/d5jv7n.jpg	2	4	False	0.5079820025712252	0.29665846191346645	0.2113235406577587	0.154948266223073	0.035356751177459955	0.01976128644309938	0.5079820025712252	0.0706280991435051	False	True	0.2140037715435028	0.08846872299909592	0.021664155647158623	0.002583523280918598	0.6367846727371216	0.036495089530944824	True	0.20328284800052643	0.3543868958950043	0.07643453776836395	0.07129457592964172	0.12157399207353592	0.1730271279811859
c5z6ols	i have one of thes on my coffee table	data/processed/pro_fakeddit/images/c5z6ols.jpg	4	4	True	0.7313869222998619	0.6255128467455506	0.09979510493576527	0.10587407555431128	0.010418755278806202	0.00867619563723565	0.7313869222998619	0.04384891859081108	False	True	0.023189865052700043	0.055227745324373245	0.0005460186512209475	9.100527677219361e-05	0.9204168319702148	0.0005285017541609704	True	0.32961082458496094	0.25781306624412537	0.040036965161561966	0.03443176671862602	0.1642971932888031	0.1738101691007614
awe6j1	this microfilm recorder my predecessor left behind at my current job	data/processed/pro_fakeddit/images/awe6j1.jpg	0	4	False	0.6649595871567726	0.5160942431539297	0.1488653440028429	0.07017466193065047	0.02406546479323879	0.02777801244519651	0.6649595871567726	0.06415696907788515	False	True	0.11373721808195114	0.025957541540265083	0.003009903011843562	0.006387223489582539	0.8344385027885437	0.016469653695821762	True	0.2542497217655182	0.20282602310180664	0.08723215013742447	0.09195037931203842	0.15652284026145935	0.20721891522407532
5vytu2	i really can say in this country people dont realize how bad it is in this country but in this country and all over the world pres trump	data/processed/pro_fakeddit/images/5vytu2.jpg	0	1	False	0.41089311987161636	0.22264434769749641	0.18824877217411995	0.41089311987161636	0.02385627431795001	0.048785642720758915	0.16290581598877907	0.16531039774417877	False	True	0.16541440784931183	0.43846115469932556	0.014849493280053139	0.04916911944746971	0.17914003133773804	0.15296581387519836	True	0.2567518651485443	0.32818901538848877	0.050876617431640625	0.047635212540626526	0.11420316994190216	0.20234414935112
bc2sp2	white porgy and bess cast asked to say they identify as africanamerican	data/processed/pro_fakeddit/images/bc2sp2.jpg	0	4	False	0.5084810107946396	0.2602478712797165	0.13211430422961712	0.2482331395149231	0.038399431854486465	0.01771302985434886	0.5084810107946396	0.055059080477803946	False	True	0.09993571788072586	0.23008516430854797	0.022358551621437073	0.000910953909624368	0.6307933330535889	0.01591627486050129	True	0.2286500632762909	0.30267706513404846	0.08652207255363464	0.06811925768852234	0.14154404401779175	0.17248749732971191
99dlh0	maine woman who loves cops gets arrested for her rd birthday	data/processed/pro_fakeddit/images/99dlh0.jpg	0	4	False	0.5441675186157227	0.3028584122657776	0.24130910634994507	0.12688502855598927	0.02098351053427905	0.022643126168986782	0.5441675186157227	0.04401175491511822	False	True	0.23509639501571655	0.07930376380681992	0.0068179951049387455	0.0018608813406899571	0.666610062122345	0.01031097024679184	True	0.2599472403526306	0.2696288228034973	0.06348005682229996	0.08498986065387726	0.1768398880958557	0.14511410892009735
b69mw5	rare footage of a jewish man crying for mercy right before his execution by the german ss officer otto dietrich	data/processed/pro_fakeddit/images/b69mw5.jpg	2	4	False	0.3491358645260334	0.06785886362195015	0.28127700090408325	0.2055031880736351	0.047459529247134924	0.020205715321935713	0.3491358645260334	0.09641870856285095	False	True	0.28682705760002136	0.1994793713092804	0.025764213874936104	0.0009979004971683025	0.4219817817211151	0.06494967639446259	True	0.2646268308162689	0.22357463836669922	0.11254547536373138	0.07782915979623795	0.13059811294078827	0.19082580506801605
1hr7n2	trumans soldiers by veniamin briskin korean war painting	data/processed/pro_fakeddit/images/1hr7n2.jpg	5	4	False	0.5318427681922913	0.30963167175650597	0.2222110964357853	0.15527496859431267	0.0232120119035244	0.025981741986470297	0.5318427681922913	0.04147741990163922	False	True	0.20012830197811127	0.14027827978134155	0.004016853868961334	0.00041972973849624395	0.6484193801879883	0.0067374613136053085	True	0.2884594798088074	0.200265035033226	0.08079748600721359	0.10266777873039246	0.1821129322052002	0.14569729566574097
6w11x2	planet fitness offering new lightsoff hour so no one can watch you work out	data/processed/pro_fakeddit/images/6w11x2.jpg	1	4	False	0.518848117440939	0.26396485045552254	0.2548832669854164	0.11595963593572378	0.018242581223603338	0.018343165414989926	0.518848117440939	0.07372328964993358	False	True	0.26672986149787903	0.053184229880571365	0.0015021220315247774	0.000490714970510453	0.6474872827529907	0.0306058619171381	True	0.21934348344802856	0.30428585410118103	0.06846395879983902	0.07190051674842834	0.13293062150478363	0.20307557284832
6icnca	today not the day for blame say rightwing hatemongers	data/processed/pro_fakeddit/images/6icnca.jpg	1	4	False	0.35320153273642063	0.04360654763877392	0.3095949850976467	0.2160787656903267	0.022705112816765904	0.023584710666909814	0.35320153273642063	0.07483484921976924	False	True	0.3359890580177307	0.1783866286277771	0.009515608660876751	0.0156054412946105	0.4317576289176941	0.028745586052536964	True	0.23041276633739471	0.32915517687797546	0.062273625284433365	0.047522518783807755	0.11753324419260025	0.21310263872146606
40ph6w	man in norway sliding down street reading book and drinking coffee	data/processed/pro_fakeddit/images/40ph6w.jpg	0	4	False	0.6771848909556866	0.5219814851880074	0.15520340576767921	0.06966956192627549	0.025133127812296152	0.01976942543115001	0.6771848909556866	0.05303963494952768	False	True	0.12142513692378998	0.014788730069994926	0.003280220553278923	0.0005669580423273146	0.8577929139137268	0.0021460880525410175	True	0.2565382122993469	0.2343120574951172	0.09069184958934784	0.0773768275976181	0.13536082208156586	0.20572027564048767
d02gtm	manchester hotel charges australian ps for a beer	data/processed/pro_fakeddit/images/d02gtm.jpg	0	4	False	0.28476574271917343	0.031588807702064514	0.23047120869159698	0.2531769350171089	0.06043877545744181	0.024884556769393384	0.28476574271917343	0.1462627910077572	False	True	0.23229067027568817	0.2533828616142273	0.051384758204221725	0.00707537354901433	0.3227818012237549	0.13308453559875488	True	0.22501282393932343	0.2525591552257538	0.08760082721710205	0.07831210643053055	0.17071756720542908	0.1857975572347641
c7to9oa	that old weather guy from moonrise kingdom	data/processed/pro_fakeddit/images/c7to9oa.jpg	4	4	True	0.7738640122115612	0.6988961425813613	0.06535900558810681	0.07496786963019986	0.02207071549310058	0.021488189953970505	0.7738640122115612	0.04225021880847635	False	True	0.007472338620573282	0.0005350126302801073	0.00010081419168272987	1.1499071661091875e-05	0.9917846918106079	9.567415690980852e-05	True	0.2390190064907074	0.2982664406299591	0.08798041939735413	0.08591826260089874	0.12010197341442108	0.16871385276317596
d5gruj	my oreo was put on the wrong way	data/processed/pro_fakeddit/images/d5gruj.jpg	0	4	False	0.7184225842356682	0.6207951363176107	0.09762744791805744	0.06723427237011492	0.03078457433730364	0.01209902242408134	0.7184225842356682	0.07383199781179428	False	True	0.05081837624311447	0.008896666578948498	0.010303575545549393	0.0013491603313013911	0.8998610973358154	0.028771013021469116	True	0.23805466294288635	0.2422470897436142	0.09222757071256638	0.04434860870242119	0.17410704493522644	0.20901495218276978
bdsn00	this photo of a japanese boat looks like japanese kanji	data/processed/pro_fakeddit/images/bdsn00.jpg	0	4	False	0.7026695907115936	0.5614667311310768	0.14120285958051682	0.05337260663509369	0.03555861132917926	0.018909751757746562	0.7026695907115936	0.04828663426451385	False	True	0.11507643759250641	0.03156141936779022	0.0019415917340666056	0.0010834179120138288	0.8451660871505737	0.005171113647520542	True	0.21958212554454803	0.11880616843700409	0.1364096701145172	0.07238875329494476	0.2751801013946533	0.17763319611549377
1slz3a	a levitating spatulawielding friend	data/processed/pro_fakeddit/images/1slz3a.jpg	0	4	False	0.758436057716608	0.6654437305405736	0.09299232717603445	0.08509300835430622	0.011556888559425715	0.013165245851268992	0.758436057716608	0.03875642527418677	False	True	0.03535868600010872	0.02008499950170517	0.0004513482272159308	0.0003753305645659566	0.9427557587623596	0.0009738241205923259	True	0.26589325070381165	0.2801170349121094	0.04487350955605507	0.0515349917113781	0.20547695457935333	0.1521042287349701
9guzlf	this knot that i found in my headphone cable	data/processed/pro_fakeddit/images/9guzlf.jpg	0	4	False	0.3176528085023165	0.05658723972737789	0.2610655687749386	0.09252244792878628	0.17701636254787445	0.028985569311771542	0.3176528085023165	0.12275716289877892	False	True	0.2928142249584198	0.08225937932729721	0.14353886246681213	0.002403559861704707	0.38440805673599243	0.09457582235336304	True	0.16581960022449493	0.12331165373325348	0.2774488627910614	0.10873159766197205	0.1173870638012886	0.20730118453502655
cjoncr3	top of her class actually	data/processed/pro_fakeddit/images/cjoncr3.jpg	4	4	True	0.7326166480779648	0.6103404387831688	0.12227620929479599	0.08392248442396522	0.011070021224441007	0.006682514802378137	0.7326166480779648	0.043432120291981846	False	True	0.052202463150024414	0.02024206705391407	0.0015124439960345626	0.00013528470299206674	0.9238876700401306	0.002020071027800441	True	0.3324974477291107	0.27496373653411865	0.03974275290966034	0.026324205100536346	0.15880358219146729	0.16766826808452606
c9bo81a	i have no plans to die today	data/processed/pro_fakeddit/images/c9bo81a.jpg	4	4	True	0.7344942167401314	0.6281915260478854	0.10630269069224596	0.0995777437929064	0.013625427556689829	0.006507136382424505	0.7344942167401314	0.039492745883762836	False	True	0.048025693744421005	0.013144577853381634	0.003855704562738538	0.0002149175707018003	0.9331085681915283	0.0016504935920238495	True	0.2811336815357208	0.3588772416114807	0.0429345965385437	0.02538379281759262	0.13865116238594055	0.1530195027589798
cw82kp	found this in front of the capitol building in dc	data/processed/pro_fakeddit/images/cw82kp.jpg	0	4	False	0.5947224237024784	0.44314031675457954	0.15158210694789886	0.1355427298694849	0.02707265899516642	0.018620140734128654	0.5947224237024784	0.07245994172990322	False	True	0.12517574429512024	0.08903079479932785	0.0107909319922328	0.003671268466860056	0.737472414970398	0.033858828246593475	True	0.23080119490623474	0.27507853507995605	0.07591784000396729	0.06346675753593445	0.1664724498987198	0.18826328217983246
3ducw6	jeb bush hails uber in san francisco doesnt win drivers vote	data/processed/pro_fakeddit/images/3ducw6.jpg	0	1	False	0.4312133975327015	0.19597932323813438	0.18487639725208282	0.4312133975327015	0.03523234836757183	0.04149811714887619	0.2352340742945671	0.07194564584642649	False	True	0.17222318053245544	0.4948628842830658	0.01562640815973282	0.021856769919395447	0.25798270106315613	0.03744800016283989	True	0.22283604741096497	0.24026493728160858	0.09405016899108887	0.10042215883731842	0.16698819398880005	0.17543858289718628
60kjje	new orleans residents aimlessly float across the floodwaters brought on by hurricane katrina c	data/processed/pro_fakeddit/images/60kjje.jpg	2	1	False	0.3869578205049038	0.08330387622117996	0.30365394428372383	0.3869578205049038	0.0515063782222569	0.02776533205542364	0.15902050212025642	0.07109601190313697	False	True	0.3408919870853424	0.44249239563941956	0.014312108978629112	0.00017676786228548735	0.17457014322280884	0.02755660004913807	True	0.1919398158788681	0.2203540951013565	0.16308918595314026	0.1105310246348381	0.11237157881259918	0.20171424746513367
cd2mjg	winston churchill reenters the government	data/processed/pro_fakeddit/images/cd2mjg.jpg	2	1	False	0.3459535911679268	0.11050915718078613	0.17803581804037094	0.3459535911679268	0.04126988910138607	0.032034976640716195	0.23544443398714066	0.1672613024711609	False	True	0.15467078983783722	0.35499364137649536	0.03471294045448303	0.01392384897917509	0.2766592502593994	0.165039524435997	True	0.2481309026479721	0.31883344054222107	0.060940735042095184	0.08636835962533951	0.11179998517036438	0.17392663657665253
c0hql7	found this on the calder fwy melbourne australia hr am	data/processed/pro_fakeddit/images/c0hql7.jpg	0	4	False	0.547316424548626	0.31893879920244217	0.22837762534618378	0.11100995354354382	0.040867035277187824	0.016548823565244675	0.547316424548626	0.055880106054246426	False	True	0.215674489736557	0.07187116891145706	0.024591919034719467	0.0022608786821365356	0.6675243377685547	0.01807713881134987	True	0.2664870321750641	0.22842630743980408	0.0896923840045929	0.05941265821456909	0.18669268488883972	0.1692890077829361
ce6npko	kim jongun crossing the delaware	data/processed/pro_fakeddit/images/ce6npko.jpg	4	4	True	0.7796579077839851	0.6866976702585816	0.06021155510097742	0.0929602375254035	0.016659533397614723	0.017019498423906043	0.7796579077839851	0.033491324305941816	False	True	0.016841154545545578	0.011567462235689163	0.0001514700270490721	0.00025158782955259085	0.970737636089325	0.00045075968955643475	True	0.19032275676727295	0.3371385633945465	0.06618372350931168	0.0673232302069664	0.2064187228679657	0.13261301815509796
cq8vihk	the fabulous dolphin feeder	data/processed/pro_fakeddit/images/cq8vihk.jpg	4	4	True	0.41123973205685616	0.14283018931746483	0.2684095427393913	0.2406747080385685	0.02347566874232143	0.013586411776486784	0.41123973205685616	0.04261390818282962	False	True	0.2603119909763336	0.23688729107379913	0.006942261476069689	0.0006747997831553221	0.49188733100891113	0.0032962802797555923	True	0.29270219802856445	0.2520369589328766	0.07307589054107666	0.05232124775648117	0.16929693520069122	0.1605667918920517
7uvs8q	this speedminton speeder	data/processed/pro_fakeddit/images/7uvs8q.jpg	1	4	False	0.6996777579188347	0.5982493683695793	0.10142838954925537	0.08585855271667242	0.029713035306485835	0.025592147459974512	0.6996777579188347	0.05773010663688183	False	True	0.06541623175144196	0.05107912793755531	0.0004172930202912539	0.0004667082102969289	0.8768067955970764	0.0058138445019721985	True	0.20946486294269562	0.19019682705402374	0.11760026216506958	0.10096846520900726	0.1682906448841095	0.21347889304161072
b6e9x8	went to open an angry birds fruit snacks they were in the shapes of emojis and gummy bears	data/processed/pro_fakeddit/images/b6e9x8.jpg	0	4	False	0.5989683605730534	0.4588309973478317	0.14013736322522163	0.13497419282794	0.018286108010215685	0.02357383127673529	0.5989683605730534	0.08406016416847706	False	True	0.12220077216625214	0.08315308392047882	0.0015240596840158105	0.0002699402393773198	0.7528001070022583	0.04005206376314163	True	0.19394713640213013	0.2904375195503235	0.06857225298881531	0.0934855043888092	0.13747312128543854	0.21608446538448334
5hn79v	robber locks keys in car asks police for help	data/processed/pro_fakeddit/images/5hn79v.jpg	0	4	False	0.6510408129543066	0.5249833967536688	0.12416999973356724	0.12605741620063782	0.021541641151998192	0.028277076198719442	0.6510408129543066	0.048913090489804745	False	True	0.09395480901002884	0.06308609247207642	0.002340941457077861	0.0010720533318817616	0.8296050429344177	0.009941104799509048	True	0.21481557190418243	0.314971387386322	0.07914374023675919	0.10989214479923248	0.11534812301397324	0.16582904756069183
ce7gtk	this rock and stick looks like the head and tongue of a snake	data/processed/pro_fakeddit/images/ce7gtk.jpg	0	4	False	0.5496423691511154	0.30245722457766533	0.2471851445734501	0.07173090567812324	0.04153959860559553	0.026177542691584677	0.5496423691511154	0.06372448382899165	False	True	0.26640796661376953	0.029226573184132576	0.006519601214677095	0.0016684934962540865	0.6720580458641052	0.024119386449456215	True	0.18951667845249176	0.19924390316009521	0.14659959077835083	0.09970469027757645	0.182395339012146	0.18253977596759796
cjg1vh	this payphone tucked into a corner in a grocery store yes it still works	data/processed/pro_fakeddit/images/cjg1vh.jpg	0	4	False	0.665251612663269	0.5591434892266989	0.10610812343657017	0.08012616541236639	0.0447710445150733	0.03925642615649849	0.665251612663269	0.06448667217046022	False	True	0.08028069883584976	0.04510951414704323	0.009309504181146622	0.0064209881238639355	0.8427715301513672	0.016107823699712753	True	0.18359039723873138	0.18517611920833588	0.15115566551685333	0.13776274025440216	0.1326918601989746	0.20962321758270264
ces56a8	i felt like watching the hobbit again	data/processed/pro_fakeddit/images/ces56a8.jpg	4	4	True	0.5151733756065369	0.300529420375824	0.2146439552307129	0.1736293751746416	0.022394783329218626	0.007564085943158716	0.5151733756065369	0.0665944516658783	False	True	0.19263425469398499	0.12480806559324265	0.013895297423005104	0.0018717620987445116	0.6395785212516785	0.02721215784549713	True	0.2806730568408966	0.3200933039188385	0.04789324104785919	0.02464105747640133	0.14195793867111206	0.1847413331270218
d17c24	they filled my cup perfectly	data/processed/pro_fakeddit/images/d17c24.jpg	0	4	False	0.4736465737223625	0.25967569649219513	0.2139708772301674	0.18181238695979118	0.014935263490770012	0.01962799159809947	0.4736465737223625	0.09600693732500076	False	True	0.16971546411514282	0.16672007739543915	0.002158256946131587	0.015507413074374199	0.5719245672225952	0.07397425174713135	True	0.3467371165752411	0.2270893156528473	0.05326628312468529	0.031989727169275284	0.17881259322166443	0.162104994058609
52d9k7	aboriginal man wanted to do something nice after overhearing racist comments in a fremantle cafe	data/processed/pro_fakeddit/images/52d9k7.jpg	0	0	True	0.4932160936295986	0.2864179238677025	0.4932160936295986	0.20679816976189613	0.03248524107038975	0.028048623935319483	0.16143900528550148	0.07801292277872562	False	True	0.5780155062675476	0.19888126850128174	0.015282057225704193	0.005868855398148298	0.15870735049247742	0.043245039880275726	True	0.23881785571575165	0.23054887354373932	0.08409479260444641	0.09458792954683304	0.16963396966457367	0.18231657147407532
6i8xou	little girl running from a splash park	data/processed/pro_fakeddit/images/6i8xou.jpg	0	4	False	0.711835689842701	0.6055962331593037	0.1062394566833973	0.04983946750871837	0.04805476620094851	0.03733950567402644	0.711835689842701	0.046691128984093666	False	True	0.0829935371875763	0.011852429248392582	0.0030871236231178045	0.0001626274606678635	0.8982119560241699	0.003692351281642914	True	0.1759772151708603	0.16380058228969574	0.1829576939344406	0.14887014031410217	0.15270689129829407	0.17568746209144592
bwbw7n	the handle on my bag that looks like a surprised monster figure	data/processed/pro_fakeddit/images/bwbw7n.jpg	0	4	False	0.4491518586874008	0.16948028653860092	0.2796715721487999	0.0822897432371974	0.05905359610915184	0.04000250683748163	0.4491518586874008	0.08983073569834232	False	True	0.3154453933238983	0.04327749088406563	0.03408844769001007	0.0015289493603631854	0.5453392267227173	0.060320474207401276	True	0.17235010862350464	0.1993265002965927	0.13394904136657715	0.15542317926883698	0.16058975458145142	0.17836152017116547
57sdcb	rockstar just got everyone talking with one simple image	data/processed/pro_fakeddit/images/57sdcb.jpg	5	0	False	0.3982696309685707	0.20004212856292725	0.3982696309685707	0.1851445436477661	0.06882820464670658	0.08516424614936113	0.19822750240564346	0.06436585262417793	False	True	0.4388563632965088	0.1575509011745453	0.07543423026800156	0.10001230984926224	0.19366677105426788	0.03447940945625305	True	0.27650943398475647	0.2679254710674286	0.049010127782821655	0.04062005504965782	0.2119096964597702	0.15402518212795258
35lgng	woman survives off own breast milk	data/processed/pro_fakeddit/images/35lgng.jpg	0	1	False	0.6285365931689739	0.4985109642148018	0.13002562895417213	0.6285365931689739	0.029550050385296345	0.018654087209142745	0.09630902297794819	0.0969246868044138	False	True	0.08688358962535858	0.7613112926483154	0.01695195958018303	0.007084860932081938	0.06600268930196762	0.06176570802927017	True	0.2594517469406128	0.2302124947309494	0.06734432280063629	0.053361766040325165	0.1872280240058899	0.20240162312984467
8wjko7	the british government during negotiations for a better brexit deal	data/processed/pro_fakeddit/images/8wjko7.jpg	2	4	False	0.6094954516738653	0.481282003223896	0.1282134484499693	0.12461584340780973	0.05689592566341162	0.02602635370567441	0.6094954516738653	0.0547529561445117	False	True	0.08920729905366898	0.04688260331749916	0.056805580854415894	0.013361973688006401	0.7745805978775024	0.01916191354393959	True	0.24523189663887024	0.35781556367874146	0.05716696009039879	0.06401949375867844	0.11424001306295395	0.16152608394622803
curep3	this bullseye barbecue sauce label that missed the mark	data/processed/pro_fakeddit/images/curep3.jpg	0	4	False	0.4417559467256069	0.2620997950434685	0.17246457189321518	0.17965615168213844	0.030027823755517602	0.022526797954924405	0.4417559467256069	0.15356874093413353	False	True	0.16645564138889313	0.15428964793682098	0.008237767033278942	0.004072712268680334	0.5377329587936401	0.12921132147312164	True	0.19049136340618134	0.2557556629180908	0.09539799392223358	0.07788905501365662	0.15382491052150726	0.2266409993171692
3vt391	police burglary suspect identified by name on shirt	data/processed/pro_fakeddit/images/3vt391.jpg	0	1	False	0.6901500225067139	0.5777957756072283	0.11235424689948559	0.6901500225067139	0.02729389863088727	0.02722429682034999	0.0735693871974945	0.06940814573317766	False	True	0.06817594915628433	0.831240177154541	0.011394431814551353	0.00408703600987792	0.04099568724632263	0.044106703251600266	True	0.24488914012908936	0.2668795585632324	0.07499229907989502	0.0966360792517662	0.17129048705101013	0.14531247317790985
ci4ynxb	murder loves killers too	data/processed/pro_fakeddit/images/ci4ynxb.jpg	4	1	False	0.2506055571138859	0.019240040332078934	0.23136551678180695	0.2506055571138859	0.11678017769008875	0.09314295835793018	0.21018961817026138	0.0979161188006401	False	True	0.22196227312088013	0.22381047904491425	0.1380985677242279	0.1035347655415535	0.2423844039440155	0.07020942866802216	True	0.2595752477645874	0.3309907913208008	0.05282500758767128	0.06196753680706024	0.11360526084899902	0.18103618919849396
1f2ooa	tank shot repost from rpics	data/processed/pro_fakeddit/images/1f2ooa.jpg	0	4	False	0.6619281321763992	0.4729171209037304	0.18901101127266884	0.07728489208966494	0.019843730959109962	0.008142879065417219	0.6619281321763992	0.04378935624845326	False	True	0.1415252536535263	0.043596815317869186	0.003314139787107706	0.00019978833734057844	0.8009361624717712	0.010427831672132015	True	0.33146828413009644	0.17834912240505219	0.06943250447511673	0.03197215124964714	0.2449040412902832	0.143873929977417
d7a61o	this teardrop shaped button i found	data/processed/pro_fakeddit/images/d7a61o.jpg	0	4	False	0.6593126878142357	0.5425351429730654	0.11677754484117031	0.08167138509452343	0.035283471923321486	0.01472035964980023	0.6593126878142357	0.09223451372236013	False	True	0.07308901101350784	0.05073177069425583	0.00535682775080204	0.0002562078589107841	0.8185210227966309	0.05204511061310768	True	0.24784314632415771	0.17449022829532623	0.12506340444087982	0.05811281502246857	0.18168768286705017	0.2128027230501175
9ec7eq	ill be eating the meatennium falcon	data/processed/pro_fakeddit/images/9ec7eq.jpg	0	4	False	0.5130164697766304	0.25905756279826164	0.25395890697836876	0.10130797792226076	0.038006945978850126	0.013449090300127864	0.5130164697766304	0.08026061952114105	False	True	0.2496347278356552	0.043919917196035385	0.027212539687752724	0.0048363106325268745	0.631472647190094	0.042923882603645325	True	0.2669314444065094	0.2734721601009369	0.07039016485214233	0.03928742930293083	0.15764793753623962	0.19227083027362823
c8iz044	who let wario get the smash ball	data/processed/pro_fakeddit/images/c8iz044.jpg	4	4	True	0.7911438941955566	0.7197326727327891	0.07112638233229518	0.07141122146276757	0.016070720841526054	0.015763792784127872	0.7911438941955566	0.034483980813092785	False	True	0.008333558216691017	0.0021612832788378	0.0002610076335258782	4.9652677262201905e-05	0.9890769720077515	0.00011751112469937652	True	0.25950485467910767	0.2791610360145569	0.06349986046552658	0.06290621310472488	0.19734466075897217	0.137583389878273
ccvujvv	i dont really know what ive done here	data/processed/pro_fakeddit/images/ccvujvv.jpg	4	4	True	0.5954125188291073	0.38158563897013664	0.21382687985897064	0.11029964778572321	0.029116126243025064	0.00604821064916905	0.5954125188291073	0.04529659263789654	False	True	0.18214431405067444	0.04101709648966789	0.026728948578238487	0.0006342626293189824	0.7327756285667419	0.016699738800525665	True	0.30887457728385925	0.31814730167388916	0.036277659237384796	0.022290054708719254	0.1833231896162033	0.13108715415000916
15g6h1	i got a gleeful thermos for christmas	data/processed/pro_fakeddit/images/15g6h1.jpg	2	4	False	0.649135660380125	0.5022193975746632	0.1314474381506443	0.14691626280546188	0.016089595388621092	0.0099761037126882	0.649135660380125	0.046434966614469886	False	True	0.08703882992267609	0.08457326889038086	0.006177002564072609	0.0006497325957752764	0.8092769384384155	0.012284261174499989	True	0.26467326283454895	0.33394524455070496	0.04582737386226654	0.03795521706342697	0.1687118262052536	0.14888708293437958
c56m2lu	its hard to bluff when youre playing against yourself	data/processed/pro_fakeddit/images/c56m2lu.jpg	4	4	True	0.6811924986541271	0.5208295099437237	0.16036298871040344	0.09119078423827887	0.012020435533486307	0.011722383584128693	0.6811924986541271	0.04351090209092945	False	True	0.11290273070335388	0.023554939776659012	0.0015717563219368458	0.0010708117624744773	0.858680009841919	0.002219755668193102	True	0.3027437627315521	0.2940983176231384	0.04336647316813469	0.04367709904909134	0.14872996509075165	0.1673843413591385
ci3zxha	everything the light touches is our kingdom	data/processed/pro_fakeddit/images/ci3zxha.jpg	4	4	True	0.7721711844205856	0.6728685251437128	0.09930265927687287	0.07087903353385627	0.011183912371052429	0.00891901514660276	0.7721711844205856	0.037544211620115675	False	True	0.024280114099383354	0.0016973698511719704	0.0007079659262672067	2.8864284104201943e-05	0.9727762937545776	0.0005093940417282283	True	0.32437029480934143	0.2784240245819092	0.042611751705408096	0.035589467734098434	0.17035585641860962	0.14864866435527802
cffi8p	a picture from the broadway premiere of cats	data/processed/pro_fakeddit/images/cffi8p.jpg	2	1	False	0.5675589889287949	0.34996726736426353	0.21759172156453133	0.5675589889287949	0.025375724188052118	0.024083377153147012	0.10900514759123325	0.05638511665165424	False	True	0.2200886309146881	0.6829771399497986	0.00624015973880887	0.0022586227860301733	0.07681726664304733	0.011618264019489288	True	0.21010099351406097	0.2213045358657837	0.08278241753578186	0.08955764025449753	0.20556879043579102	0.1906856745481491
3u3ey4	party to celebrate end of probation in n ft myers ends in arrest	data/processed/pro_fakeddit/images/3u3ey4.jpg	0	4	False	0.47265803813934326	0.19872313737869263	0.13464759476482868	0.27393490076065063	0.03573001129552722	0.03106346447020769	0.47265803813934326	0.05196596449241042	False	True	0.09010457247495651	0.2719477713108063	0.019616441801190376	0.017832379788160324	0.580237090587616	0.020261691883206367	True	0.2682766616344452	0.2798962891101837	0.08407071977853775	0.07075671851634979	0.14992088079452515	0.14707878232002258
7c2uqn	legendary runner usain bolt about to set his m world record on th in berlin germany	data/processed/pro_fakeddit/images/7c2uqn.jpg	2	4	False	0.6205762531608343	0.43287486769258976	0.18770138546824455	0.07545863860286772	0.030443914467468858	0.01541542042104993	0.6205762531608343	0.07040436984971166	False	True	0.1573658138513565	0.012456159107387066	0.015270995907485485	0.0006124695646576583	0.7873853445053101	0.026909178122878075	True	0.2787081003189087	0.2644660770893097	0.07596267014741898	0.059824272990226746	0.12014897912740707	0.2008899450302124
9hbfz9	the president changing the legal drinking age to	data/processed/pro_fakeddit/images/9hbfz9.jpg	2	1	False	0.766100212931633	0.6685625556856394	0.09753765724599361	0.766100212931633	0.01543272803974105	0.01365215121768415	0.05822826083749533	0.04904898372478783	False	True	0.045186497271060944	0.9151042699813843	0.0003506721986923367	0.0026517892256379128	0.03249717131257057	0.004209569655358791	True	0.2545911371707916	0.31908804178237915	0.06067889556288719	0.04665323719382286	0.1354215294122696	0.18356722593307495
8et034	the music has gotten worse dire consequences	data/processed/pro_fakeddit/images/8et034.jpg	1	4	False	0.6023121550679207	0.4230399318039417	0.17927222326397896	0.1200671810656786	0.029373215045779943	0.012110486393794417	0.6023121550679207	0.056864700047299266	False	True	0.1502176970243454	0.05804961174726486	0.01724296249449253	0.004752122797071934	0.7570695877075195	0.012667977251112461	True	0.26643580198287964	0.3061198890209198	0.06576397269964218	0.03418557718396187	0.13803985714912415	0.18945486843585968
cm6brs	this giant air freshener in an alleyway	data/processed/pro_fakeddit/images/cm6brs.jpg	0	4	False	0.7513374388217926	0.6610409580171108	0.09029648080468178	0.03863749688025564	0.036957346950657666	0.03269125597580569	0.7513374388217926	0.05007998121436685	False	True	0.06542131304740906	0.006185278762131929	0.005316810216754675	0.0001353631669189781	0.9179295301437378	0.005011700559407473	True	0.16492198407649994	0.13599415123462677	0.13187895715236664	0.13035893440246582	0.25156116485595703	0.185284823179245
dbhq4j	this wasp that landed on my windshield	data/processed/pro_fakeddit/images/dbhq4j.jpg	0	4	False	0.7416985258460045	0.6549386214464903	0.0867599043995142	0.04091103526297957	0.036917344899848104	0.035135458998411195	0.7416985258460045	0.0585777263622731	False	True	0.05022921413183212	0.0054434011690318584	0.0032670265063643456	0.00011812626325991005	0.9346358180046082	0.006306403316557407	True	0.19635197520256042	0.1473139375448227	0.13786830008029938	0.14018745720386505	0.16288664937019348	0.21539169549942017
73uic4	picture of german soldiers hearing the news of the fuhrers death	data/processed/pro_fakeddit/images/73uic4.jpg	2	4	False	0.33254945278167725	0.05411360412836075	0.25885729491710663	0.2784358486533165	0.04755606595426798	0.031340432848082855	0.33254945278167725	0.051260875537991524	False	True	0.2606487572193146	0.30784475803375244	0.019401874393224716	0.0013462522765621543	0.3939610421657562	0.016797296702861786	True	0.2534829080104828	0.19020912051200867	0.13201864063739777	0.12132297456264496	0.1483146846294403	0.15465161204338074
16cz2a	saw him at the bottom of my final cup of eggnog for the year i know the feeling bro	data/processed/pro_fakeddit/images/16cz2a.jpg	2	4	False	0.4081387221813202	0.16468700394034386	0.24061790481209755	0.24345171824097633	0.02377465058816597	0.020431024211575277	0.4081387221813202	0.06358600500971079	False	True	0.24492019414901733	0.23227398097515106	0.002479313174262643	0.0008683343767188489	0.502334713935852	0.01712348684668541	True	0.2277110368013382	0.27698493003845215	0.08766066282987595	0.07911909371614456	0.1255507469177246	0.20297355949878693
c6wpb5i	yes im showing myself out	data/processed/pro_fakeddit/images/c6wpb5i.jpg	4	4	True	0.6034501604735851	0.419875118881464	0.14428110793232918	0.18357504159212112	0.016659555258229375	0.009780725638847798	0.6034501604735851	0.04225338192190975	False	True	0.07440026104450226	0.16448858380317688	0.0068504950031638145	0.0011167863849550486	0.745389997959137	0.0077538383193314075	True	0.35392364859580994	0.24083441495895386	0.046086736023426056	0.03577254340052605	0.17763064801692963	0.14575201272964478
aufe0y	the scene in washington dc this afternoon	data/processed/pro_fakeddit/images/aufe0y.jpg	0	4	False	0.6571033373475075	0.5251068584620953	0.13199647888541222	0.08150064572691917	0.04431044519878924	0.017636944394325837	0.6571033373475075	0.06745218252763152	False	True	0.10237222909927368	0.03612557053565979	0.01307812612503767	0.0010183017002418637	0.8198027014732361	0.027603136375546455	True	0.22086922824382782	0.21762587130069733	0.13800740242004395	0.06749287247657776	0.16900524497032166	0.18699932098388672
7nty7n	im a baby boomer im banning rick morty enthusiasts that he needs the be on the man who oversaw the distribution of iqs	data/processed/pro_fakeddit/images/7nty7n.jpg	3	0	False	0.40908803790807724	0.05386175960302353	0.40908803790807724	0.3552262783050537	0.021783537114970386	0.0166861912002787	0.13737377151846886	0.05984221922699362	False	True	0.47285860776901245	0.36588287353515625	0.0061044455505907536	0.0008734208531677723	0.14913848042488098	0.005142203997820616	True	0.2177763283252716	0.3232564926147461	0.06882081180810928	0.06412450224161148	0.10207964479923248	0.22394226491451263
9bjofb	tijuanas plastic bag ban good for san diego environmentalists say	data/processed/pro_fakeddit/images/9bjofb.jpg	0	4	False	0.6376385204494	0.48381713032722473	0.15382139012217522	0.08933996874839067	0.025402578990906477	0.014950576136470772	0.6376385204494	0.07884693332016468	False	True	0.12771882116794586	0.026412632316350937	0.01084921695291996	0.0006714697810821235	0.802899181842804	0.03144862502813339	True	0.23212909698486328	0.2781219780445099	0.06906266510486603	0.05778789520263672	0.14185653626918793	0.22104185819625854
926yx3	amazing how davinci captured that subtle smile circa	data/processed/pro_fakeddit/images/926yx3.jpg	2	1	False	0.4405255578458309	0.09367284923791885	0.14762950874865055	0.4405255578458309	0.014749811220099218	0.009253900949261151	0.34685270860791206	0.0409885038388893	False	True	0.08325668424367905	0.5134701728820801	0.0006413710652850568	0.0008600683067925274	0.39585939049720764	0.005912287626415491	True	0.34074798226356506	0.22169171273708344	0.0570751316845417	0.03443539887666702	0.19983266294002533	0.14621715247631073
2phxlo	scientist creates toys for immobile children allowing them to play and feel normal	data/processed/pro_fakeddit/images/2phxlo.jpg	0	4	False	0.612253837287426	0.4696028307080269	0.1426510065793991	0.12032727524638176	0.04595260415226221	0.019177256530383602	0.612253837287426	0.05963796400465071	False	True	0.11206519603729248	0.10237903892993927	0.037589188665151596	0.0013615245698019862	0.7356746196746826	0.010930369608104229	True	0.234408438205719	0.17417198419570923	0.07104285061359406	0.07262445241212845	0.24199149012565613	0.20576074719429016
3insja	dog getting caught digging a hole	data/processed/pro_fakeddit/images/3insja.jpg	0	4	False	0.46742694824934006	0.23287924006581306	0.234547708183527	0.1804913468658924	0.0319502858328633	0.036458276881603524	0.46742694824934006	0.04912544006947428	False	True	0.2513093054294586	0.160911425948143	0.00165045284666121	0.0005508620524778962	0.5784456729888916	0.007132306229323149	True	0.18426291644573212	0.23923110961914062	0.12284978479146957	0.1441805213689804	0.13437077403068542	0.17510484158992767
3gjfr1	ukrainian armed forces to employ raccoons	data/processed/pro_fakeddit/images/3gjfr1.jpg	0	4	False	0.3898470103740692	0.10379496216773987	0.21615498140454292	0.28605204820632935	0.016789946937933564	0.026734042447060347	0.3898470103740692	0.06442197877913713	False	True	0.2117958962917328	0.2740306854248047	0.0035869544371962547	0.0048191118985414505	0.47785964608192444	0.027907710522413254	True	0.22923223674297333	0.3221161365509033	0.05639892444014549	0.09247883409261703	0.12580910325050354	0.17396478354930878
139f8a	uuuuuuggghh srsly srsly guise	data/processed/pro_fakeddit/images/139f8a.jpg	2	4	False	0.6937934458255768	0.561841769143939	0.13195167668163776	0.10396560793742537	0.014247919199988246	0.009323857622803189	0.6937934458255768	0.04671750124543905	False	True	0.08445163816213608	0.031180070713162422	0.005573452450335026	0.000915412965696305	0.8643238544464111	0.013555590063333511	True	0.2744517922401428	0.32232221961021423	0.040271319448947906	0.03454919159412384	0.18220221996307373	0.14620323479175568
dhqyyq	found this in a local goodwill	data/processed/pro_fakeddit/images/dhqyyq.jpg	0	4	False	0.3758433200418949	0.011206761002540588	0.13702554628252983	0.3646365590393543	0.02933089737780392	0.013421896554064006	0.3758433200418949	0.07974176155403256	False	True	0.0986350029706955	0.41835230588912964	0.011680795811116695	0.0015609173569828272	0.4396805465221405	0.030090412124991417	True	0.25219717621803284	0.20348931849002838	0.0822812020778656	0.04900483414530754	0.18433164060115814	0.228695809841156
3o1j0k	year old attempting to play baseball	data/processed/pro_fakeddit/images/3o1j0k.jpg	0	4	False	0.44747616723179817	0.1968045011162758	0.2506716661155224	0.1982591226696968	0.02128245390485972	0.01195783808361739	0.44747616723179817	0.0703527545556426	False	True	0.23712317645549774	0.18636097013950348	0.00551040330901742	0.0021809027530252934	0.5387588143348694	0.03006574884057045	True	0.2913171350955963	0.2339535802602768	0.06859860569238663	0.04128864407539368	0.17362822592258453	0.19121377170085907
1kaymj	hooters restaurants in san diego wont serve bob filner	data/processed/pro_fakeddit/images/1kaymj.jpg	0	1	False	0.36263053864240646	0.058849429711699486	0.2314833514392376	0.36263053864240646	0.021186787984333932	0.020649035257520154	0.303781108930707	0.06026907451450825	False	True	0.2425907701253891	0.34828951954841614	0.006734803784638643	0.0012439399724826217	0.3765929043292999	0.02454792708158493	True	0.19816109538078308	0.40565359592437744	0.0645427405834198	0.07886432111263275	0.08534572273492813	0.1674325168132782
c59yl6	a crab that got hit by an explosion	data/processed/pro_fakeddit/images/c59yl6.jpg	2	4	False	0.6897850856184959	0.5619678255170584	0.12781726010143757	0.07088542869314551	0.03576872096164152	0.025356870450195856	0.6897850856184959	0.050386634189635515	False	True	0.10252388566732407	0.010643603280186653	0.0032901859376579523	0.0006581325433216989	0.8741665482521057	0.008717646822333336	True	0.20369738340377808	0.2516109049320221	0.13320432603359222	0.09945308417081833	0.13664069771766663	0.17539359629154205
bvm2pz	nevada governor signs bill to restore voting rights to convicted felons	data/processed/pro_fakeddit/images/bvm2pz.jpg	0	1	False	0.37644675374031067	0.10192928463220596	0.15314091369509697	0.37644675374031067	0.030730781611055136	0.03388177405577153	0.2745174691081047	0.131282277405262	False	True	0.12668275833129883	0.4303491711616516	0.01289466954767704	0.004432762507349253	0.3137899339199066	0.11185067892074585	True	0.2325153797864914	0.21473950147628784	0.08423911780118942	0.12222880870103836	0.15670007467269897	0.18957707285881042
b4geqy	glasses for soccer they are convertible too	data/processed/pro_fakeddit/images/b4geqy.jpg	0	4	False	0.46783824637532234	0.24978962913155556	0.21804861724376678	0.15769719518721104	0.036086487118154764	0.012105086439987645	0.46783824637532234	0.10822439566254616	False	True	0.20623070001602173	0.11668392270803452	0.01943938247859478	0.0017989148618653417	0.5731925964355469	0.08265453577041626	True	0.25350236892700195	0.2807370126247406	0.08602780103683472	0.04302360117435455	0.15177519619464874	0.18493397533893585
1m41sc	indianapolis public safety center declared unsafe	data/processed/pro_fakeddit/images/1m41sc.jpg	0	1	False	0.3973280005156994	0.23225964605808258	0.1650683544576168	0.3973280005156994	0.0381174273788929	0.13228878751397133	0.1326213888823986	0.13457610830664635	False	True	0.15108461678028107	0.45936068892478943	0.021886363625526428	0.13032209873199463	0.13081969320774078	0.10652659833431244	True	0.20701956748962402	0.21122993528842926	0.08681061863899231	0.13818885385990143	0.13802647590637207	0.21872463822364807
d3jig8v	a place left by civilisation	data/processed/pro_fakeddit/images/d3jig8v.jpg	4	4	True	0.7800801359117031	0.6959991732146591	0.08408096269704401	0.07124390111130197	0.013889610585465562	0.007011460138528491	0.7800801359117031	0.04369392515582149	False	True	0.015198963694274426	0.0008704219362698495	0.0001367613731417805	4.230315244058147e-05	0.9835206866264343	0.00023086728469934314	True	0.2907269597053528	0.2823643386363983	0.055148158222436905	0.02791893109679222	0.16975848376750946	0.17408309876918793
1qtwn4	leafs waffle man vows to strike again	data/processed/pro_fakeddit/images/1qtwn4.jpg	0	1	False	0.6334749609231949	0.49809717759490013	0.13537778332829475	0.6334749609231949	0.022742126835510135	0.027531874598935246	0.09855419769883156	0.0823190538212657	False	True	0.09705860912799835	0.7562945485115051	0.006607593037188053	0.008086285553872585	0.08304080367088318	0.04891214147210121	True	0.25033530592918396	0.26501619815826416	0.07114572823047638	0.08586864173412323	0.1450943797826767	0.18253979086875916
bc6fe5	this case of snapple with an empty bottle	data/processed/pro_fakeddit/images/bc6fe5.jpg	0	4	False	0.6956127434968948	0.6047451300546527	0.09086761344224215	0.08680565841495991	0.03395196539349854	0.021560463588684797	0.6956127434968948	0.07120156893506646	False	True	0.05229533836245537	0.030121438205242157	0.012335739098489285	0.004269065335392952	0.8704243898391724	0.030554024502635002	True	0.20658443868160248	0.25685831904411316	0.0988006442785263	0.07343465834856033	0.17117780447006226	0.19314420223236084
5qfzgn	ireland votes to be worlds first country to fully divest from fossil fuels	data/processed/pro_fakeddit/images/5qfzgn.jpg	0	4	False	0.3693663887679577	0.033206406980752945	0.33615998178720474	0.17467936128377914	0.02619938994757831	0.023497822461649776	0.3693663887679577	0.07009703805670142	False	True	0.37774524092674255	0.151765376329422	0.0049438634887337685	0.0047390395775437355	0.44509264826774597	0.01571381278336048	True	0.2114042043685913	0.24342131614685059	0.08996596932411194	0.0797741711139679	0.14218761026859283	0.23324671387672424
bg70qm	bugs bunny takes elmer fudd to task	data/processed/pro_fakeddit/images/bg70qm.jpg	2	1	False	0.524455338716507	0.3010847456753254	0.16303502954542637	0.524455338716507	0.02488328015897423	0.01639736650395207	0.22337059304118156	0.04785840190015733	False	True	0.12355073541402817	0.6047783493995667	0.0028385180048644543	0.0016814038390293717	0.253426730632782	0.013724272139370441	True	0.28148791193962097	0.2834863066673279	0.09101756662130356	0.06054525449872017	0.1332021802663803	0.150260791182518
1b6k64	russian exposed friend to radiation to render him immortal	data/processed/pro_fakeddit/images/1b6k64.jpg	0	1	False	0.6693069711327553	0.5368624292314053	0.13244454190135002	0.6693069711327553	0.013475862855557352	0.014245688158553094	0.07612582854926586	0.0944011490792036	False	True	0.07625912129878998	0.7949793934822083	0.0025450221728533506	0.0023223350290209055	0.04236189275979996	0.08153229206800461	True	0.30100080370903015	0.29228970408439636	0.04626838490366936	0.05001574754714966	0.17741763591766357	0.1330077201128006
3abvvc	jesus writing the constitution	data/processed/pro_fakeddit/images/3abvvc.jpg	0	4	False	0.6079292353242636	0.44928986951708794	0.15863936580717564	0.14069675840437412	0.018829119362635538	0.017771072292816825	0.6079292353242636	0.05613441439345479	False	True	0.12032415717840195	0.0957244262099266	0.0018242435762658715	0.0002541536814533174	0.7693578004837036	0.01251516304910183	True	0.2735849916934967	0.2756137549877167	0.06984374672174454	0.07032182812690735	0.12364353984594345	0.18699216842651367
c7nrbvy	i ran out of ideas halfway through	data/processed/pro_fakeddit/images/c7nrbvy.jpg	4	4	True	0.7380073294043541	0.6242260904982686	0.11378123890608549	0.0894537284038961	0.010447671491419896	0.006265812058700249	0.7380073294043541	0.04204423539340496	False	True	0.05948314443230629	0.011726560071110725	0.001837601070292294	0.001482029096223414	0.9229035377502441	0.0025671645998954773	True	0.2766755223274231	0.3226352334022522	0.036277882754802704	0.020617160946130753	0.18331870436668396	0.1604754477739334
3x0xb7	mans kidney donation saves seven lives in one day	data/processed/pro_fakeddit/images/3x0xb7.jpg	0	0	True	0.4156305342912674	0.16327911987900734	0.4156305342912674	0.1807449907064438	0.030462580267339945	0.029986124485731125	0.25235141441226006	0.09082431811839342	False	True	0.46345046162605286	0.15972900390625	0.013222230598330498	0.01906774193048477	0.2870059609413147	0.05752454325556755	True	0.272170752286911	0.24379295110702515	0.08218362927436829	0.06274127215147018	0.14838777482509613	0.19072364270687103
bxwme5	my first underwater picture with phone looks like nirvana cover	data/processed/pro_fakeddit/images/bxwme5.jpg	0	4	False	0.5333563163876534	0.2506188377737999	0.28273747861385345	0.06581491092219949	0.032098175724968314	0.023043408524245024	0.5333563163876534	0.06294969096779823	False	True	0.29523766040802	0.0237188171595335	0.008161169476807117	0.003754759207367897	0.6430436372756958	0.02608393132686615	True	0.24523693323135376	0.19210319221019745	0.1039091944694519	0.0809093564748764	0.204294353723526	0.17354696989059448
2hwffh	my classmates sitting on a bench	data/processed/pro_fakeddit/images/2hwffh.jpg	0	4	False	0.6699276529252529	0.5233654025942087	0.1465622503310442	0.08656492177397013	0.021612095355521888	0.02039188487106003	0.6699276529252529	0.054941236739978194	False	True	0.10798131674528122	0.036284398287534714	0.0013131333980709314	0.0004006595117971301	0.8462866544723511	0.007733886130154133	True	0.26230505108833313	0.23740649223327637	0.08250898122787476	0.08036556094884872	0.14085064828395844	0.19656328856945038
bg83tp	my orange juice has a hebrew on the label for passover	data/processed/pro_fakeddit/images/bg83tp.jpg	0	4	False	0.3233652226626873	0.028034009039402008	0.1917598694562912	0.1241734717041254	0.04721462121233344	0.0181556012830697	0.3233652226626873	0.2953312136232853	False	True	0.17191103100776672	0.07864507287740707	0.024545082822442055	0.001600946532562375	0.39529862999916077	0.3279992341995239	True	0.2513063848018646	0.2607586681842804	0.1152232363820076	0.06781956553459167	0.1075650006532669	0.1973271518945694
arp78r	a strange place to advertise mickey mouse	data/processed/pro_fakeddit/images/arp78r.jpg	0	4	False	0.6749327294528484	0.5473525989800692	0.0861548027023673	0.12758013047277927	0.014309759833849967	0.010128788379006437	0.6749327294528484	0.0868937773630023	False	True	0.03951356187462807	0.04535897821187973	0.00235257251188159	8.181198063539341e-05	0.8510022163391113	0.06169085577130318	True	0.22607852518558502	0.3742435872554779	0.050181321799755096	0.04026971757411957	0.14672426879405975	0.16250254213809967
6hut9e	while it is seen below with canada poking up over the black sand beaches heres some black sand beach lies on the river einion ceredigion wales oc x	data/processed/pro_fakeddit/images/6hut9e.jpg	3	4	False	0.5938884429633617	0.3795912452042103	0.21429719775915146	0.058591888286173344	0.032131172192748636	0.039508633033619844	0.5938884429633617	0.06158267369028181	False	True	0.22915546596050262	0.021899547427892685	0.0026114352513104677	5.811911978526041e-05	0.7429113388061523	0.003364116419106722	True	0.16972239315509796	0.16866891086101532	0.12069038301706314	0.1578601747751236	0.14681975543498993	0.23623834550380707
90h4uh	vladimir putin releases album pronouncing russias innocence in meddling with the election	data/processed/pro_fakeddit/images/90h4uh.jpg	2	1	False	0.7021950259804726	0.6030029486864805	0.09558054246008396	0.7021950259804726	0.01818188991455827	0.028996130044106394	0.09919207729399204	0.05585424602031708	False	True	0.05972296744585037	0.8426237106323242	0.0006331151234917343	0.0010504692327231169	0.08634639531373978	0.009623229503631592	True	0.20315326750278473	0.2809089720249176	0.07082821428775787	0.11283311247825623	0.13772912323474884	0.19454729557037354
1nfmx9	man attempts to pay water bill with crack cocaine	data/processed/pro_fakeddit/images/1nfmx9.jpg	0	0	True	0.3307599350810051	0.02485787868499756	0.3307599350810051	0.18941859528422356	0.02414320921525359	0.03417875408194959	0.30590205639600754	0.11559740640223026	False	True	0.359423965215683	0.1704424023628235	0.006085427477955818	0.014069546945393085	0.3565765619277954	0.09340203553438187	True	0.24476784467697144	0.24634717404842377	0.07831655442714691	0.09450637549161911	0.15387853980064392	0.18218351900577545
2q95cz	my year old italian friend flying his kite	data/processed/pro_fakeddit/images/2q95cz.jpg	0	4	False	0.7453474439680576	0.6363985724747181	0.10894887149333954	0.05505888070911169	0.026692149636801332	0.0186848041266785	0.7453474439680576	0.045267889319802634	False	True	0.06092071533203125	0.01141633465886116	0.002188942627981305	0.00029049275326542556	0.924445390701294	0.0007381663308478892	True	0.2530333399772644	0.18598651885986328	0.10020177066326141	0.07386773824691772	0.2080536037683487	0.17885705828666687
dcpkm6d	how drunk are you right now	data/processed/pro_fakeddit/images/dcpkm6d.jpg	4	4	True	0.6988140940666199	0.5453142002224922	0.08839106932282448	0.15349989384412766	0.014759240904822946	0.0091070709795531	0.6988140940666199	0.03542859878507443	False	True	0.01583181321620941	0.09656482934951782	0.0030135540291666985	2.5579091015970334e-05	0.8832184076309204	0.001345754018984735	True	0.3060688376426697	0.32430508732795715	0.04999630153179169	0.03635154664516449	0.14560115337371826	0.1376771330833435
bun0ja	civenna italy above lake como	data/processed/pro_fakeddit/images/bun0ja.jpg	0	4	False	0.5377920903265476	0.25419405475258827	0.28359803557395935	0.06456580338999629	0.03447087632957846	0.03142609212954994	0.5377920903265476	0.048147151013836265	False	True	0.2938597500324249	0.030374163761734962	0.006093330215662718	0.0004072555457241833	0.6645285487174988	0.004737016744911671	True	0.2528128921985626	0.16714072227478027	0.11960351467132568	0.12448260188102722	0.15758271515369415	0.17837755382061005
8wpm9o	african slave disguises self as local wildlife in attempts of escaping plantation	data/processed/pro_fakeddit/images/8wpm9o.jpg	2	4	False	0.5453677363693714	0.3392043113708496	0.2061634249985218	0.1722192782908678	0.01804970036027953	0.018206093503977172	0.5453677363693714	0.0399937346810475	False	True	0.20027509331703186	0.11645402759313583	0.001650057965889573	0.0008737221942283213	0.6766231060028076	0.004123962949961424	True	0.22382842004299164	0.3395150303840637	0.0672486275434494	0.07020320743322372	0.1516016274690628	0.14760304987430573
8khqfq	while out for a jog she discovered a baby buried alive twenty years later they reunite	data/processed/pro_fakeddit/images/8khqfq.jpg	0	4	False	0.5209203772246838	0.26763762906193733	0.25328274816274643	0.0989080648869276	0.03686140151694417	0.019348020490724593	0.5209203772246838	0.07067940616980195	False	True	0.2556398808956146	0.05882032960653305	0.016898108646273613	0.003060947870835662	0.6464725732803345	0.019108189269900322	True	0.24621134996414185	0.21917127072811127	0.09675128012895584	0.06820923835039139	0.14426378905773163	0.22539305686950684
ccjev19	i have no idea what im doing	data/processed/pro_fakeddit/images/ccjev19.jpg	4	4	True	0.7822144329547882	0.702875935297925	0.07596755144186318	0.07933849765686318	0.014539773112119292	0.008941626910655032	0.7822144329547882	0.0389981487460318	False	True	0.010014197789132595	0.003714639926329255	0.00012040448928019032	2.9290453312569298e-05	0.9858114719390869	0.00031001787283457816	True	0.27382761240005493	0.30621007084846497	0.0577978789806366	0.03567863628268242	0.1714233160018921	0.15506254136562347
6mtwfr	hugh hefner surrounded by bunnies late s	data/processed/pro_fakeddit/images/6mtwfr.jpg	2	4	False	0.6292448453605175	0.49148946814239025	0.13775537721812725	0.1329930666834116	0.024185702844988555	0.03320942352002021	0.6292448453605175	0.04261160152964294	False	True	0.11920223385095596	0.09894169121980667	0.0012887923512607813	0.00041087839053943753	0.772838294506073	0.007318132556974888	True	0.1934148073196411	0.23514719307422638	0.09287643432617188	0.13160505890846252	0.198464497923851	0.1484920084476471
bz6vdx	this erbert and gerberts has the time in cairo the local time and the time on venus	data/processed/pro_fakeddit/images/bz6vdx.jpg	0	4	False	0.6651698499917984	0.5470854081213474	0.08587141521275043	0.11808444187045097	0.03448965214192867	0.03125597019243287	0.6651698499917984	0.0651286500506103	False	True	0.05186503380537033	0.08870510756969452	0.002018965780735016	0.00047776158316992223	0.837054431438446	0.01987866498529911	True	0.18789055943489075	0.20622244477272034	0.13190171122550964	0.12359059602022171	0.14951610565185547	0.20087860524654388
blgl7r	jewish peasant pleads to hitler to supply more food to his synagogue	data/processed/pro_fakeddit/images/blgl7r.jpg	2	4	False	0.5370212085545063	0.3193757086992264	0.21764549985527992	0.14697926864027977	0.022832592949271202	0.025814543361775577	0.5370212085545063	0.04970682831481099	False	True	0.20828087627887726	0.1005571037530899	0.005633406341075897	0.007178700063377619	0.6679215431213379	0.010428285226225853	True	0.24573937058448792	0.28624576330184937	0.07443015277385712	0.08172207325696945	0.14432020485401154	0.1675424575805664
b57j2l	american b bomber dropping fat man over nagasaki	data/processed/pro_fakeddit/images/b57j2l.jpg	2	4	False	0.46129167079925537	0.2348942868411541	0.22639738395810127	0.19850048795342445	0.03798505157465115	0.024259999685455114	0.46129167079925537	0.051565395668148994	False	True	0.23234811425209045	0.17368660867214203	0.003083356423303485	0.0010880583431571722	0.5812346339225769	0.008559204638004303	True	0.20854519307613373	0.27294212579727173	0.14269013702869415	0.09377582371234894	0.10146278142929077	0.18058396875858307
4zi9d0	steven seagal with watermelons	data/processed/pro_fakeddit/images/4zi9d0.jpg	0	4	False	0.3874216116964817	0.07749916985630989	0.3099224418401718	0.18589909374713898	0.03292760445037857	0.02669993048766628	0.3874216116964817	0.05712928110733628	False	True	0.3379506468772888	0.18505969643592834	0.0027864675503224134	0.0008923735003918409	0.4549787938594818	0.018331972882151604	True	0.2258378267288208	0.18841728568077087	0.12335101515054703	0.1041226014494896	0.18475006520748138	0.17352120578289032
b3su2p	interview with sam the sharpdressed greeter at hawthorne freddies im not crying youre crying	data/processed/pro_fakeddit/images/b3su2p.jpg	0	4	False	0.714347131550312	0.6189613929018378	0.09538573864847422	0.08837560843676329	0.023418641736498103	0.034445317563950084	0.714347131550312	0.044027518888469785	False	True	0.044468846172094345	0.04522265866398811	0.000976603594608605	0.0009540196624584496	0.9048362970352173	0.0035415247548371553	True	0.24813641607761383	0.2178344577550888	0.0907447561621666	0.134919211268425	0.1428796350955963	0.16548550128936768
1d7nh7	stray dog who saved british soldiers by sniffing out bombs finds home i know this isnt recent so sorry if its a repost	data/processed/pro_fakeddit/images/1d7nh7.jpg	0	4	False	0.5656211245805025	0.4110590647906065	0.154562059789896	0.15044785290956497	0.041837825905531645	0.02687267752480693	0.5656211245805025	0.060658432194031775	False	True	0.13139060139656067	0.13189956545829773	0.010231846943497658	0.0011799283092841506	0.7188870310783386	0.006411015521734953	True	0.22407643496990204	0.2060927152633667	0.1366557627916336	0.10395092517137527	0.10582340508699417	0.22340068221092224
cjd3ky	virginia governor announces plan to make early childhood education accessible to atrisk preschoolers crosspost rvirginia	data/processed/pro_fakeddit/images/cjd3ky.jpg	0	4	False	0.4806300513446331	0.2527216672897339	0.18311968445777893	0.22790838405489922	0.023072146344929934	0.01845153863541782	0.4806300513446331	0.06681820191442966	False	True	0.17232736945152283	0.20157258212566376	0.010152282193303108	0.002056480385363102	0.592336118221283	0.02155519276857376	True	0.21549662947654724	0.3069157898426056	0.06183173879981041	0.06763671338558197	0.14551185071468353	0.20260722935199738
aydhsy	dentist saves yearold girl by finding tumor during routine cleaning	data/processed/pro_fakeddit/images/aydhsy.jpg	0	1	False	0.5500958785414696	0.3374483548104763	0.1404211688786745	0.5500958785414696	0.020786300010513514	0.012907214681035839	0.21264752373099327	0.06314183445647359	False	True	0.10171317309141159	0.6460810899734497	0.00361740798689425	0.00027170433895662427	0.23148871958255768	0.016827812418341637	True	0.25654515624046326	0.2621402442455292	0.07229297608137131	0.05081374570727348	0.15612393617630005	0.20208390057086945
1tszn0	sleepy scooter speakers	data/processed/pro_fakeddit/images/1tszn0.jpg	2	4	False	0.4337691031396389	0.17790138348937035	0.2354406788945198	0.25586771965026855	0.014589246013201773	0.016145916786626913	0.4337691031396389	0.04418730176985264	False	True	0.22236749529838562	0.23939189314842224	0.0038189063780009747	0.0003230126458220184	0.519748866558075	0.014349780976772308	True	0.27466022968292236	0.3052951991558075	0.04690026491880417	0.0636146292090416	0.17582981288433075	0.13369986414909363
cllqi8	at a supermarket in lusaka	data/processed/pro_fakeddit/images/cllqi8.jpg	0	4	False	0.5960393697023392	0.4350559674203396	0.1609834022819996	0.14411534555256367	0.027641953493002802	0.024253218165540602	0.5960393697023392	0.046966713038273156	False	True	0.1422966718673706	0.09830879420042038	0.001060236943885684	0.0002394526090938598	0.7541655898094177	0.0039292327128350735	True	0.21704359352588654	0.28153499960899353	0.10738710314035416	0.09629451483488083	0.12166070938110352	0.1760791540145874
1g56fn	xrays reveal lost aria in yrold opera considered one of the greatest composers of his time cherubini in an act of defiance to his critics blacked out the closing lines to make the piece shorter for centuries the piece has been played in its incomplete form	data/processed/pro_fakeddit/images/1g56fn.jpg	0	4	False	0.6898978352546692	0.5589703507721424	0.13092748448252678	0.09712379379197955	0.02235733054112643	0.016740635852329433	0.6898978352546692	0.04295289213769138	False	True	0.0964536964893341	0.028018275275826454	0.002552142832428217	0.00149247283115983	0.8622762560844421	0.009207130409777164	True	0.2343488484621048	0.30444034934043884	0.08177289366722107	0.06248512491583824	0.17276257276535034	0.14419017732143402
5gkhwh	first shot from tim burtons thomas the tank engine	data/processed/pro_fakeddit/images/5gkhwh.jpg	2	4	False	0.6573681123554707	0.44776635989546776	0.2096017524600029	0.06155149103142321	0.02114603138761595	0.01322963086568052	0.6573681123554707	0.03710295708151534	False	True	0.1707049012184143	0.009572732262313366	0.002065023174509406	0.0004119723744224757	0.8153270483016968	0.001918282127007842	True	0.3262923061847687	0.21748776733875275	0.07838905602693558	0.05168260633945465	0.1834913045167923	0.14265698194503784
6eb5tf	minnie she my trap queen watch her hit the bando	data/processed/pro_fakeddit/images/6eb5tf.jpg	1	1	True	0.6653381511569023	0.5164229590445757	0.14891519211232662	0.6653381511569023	0.011867629058542661	0.011165189200255554	0.12524442374706268	0.03746947203762829	False	True	0.09314808994531631	0.7957586050033569	0.0005159783759154379	0.00035044006654061377	0.10533863306045532	0.004888310097157955	True	0.31621649861335754	0.27407678961753845	0.04592258110642433	0.043609436601400375	0.18496179580688477	0.1352129578590393
2jjm8t	a football coach is making a difference for kids with special needs by giving them a chance to take part in a team sport	data/processed/pro_fakeddit/images/2jjm8t.jpg	0	4	False	0.4208860285580158	0.1549644097685814	0.26592161878943443	0.19105315208435059	0.03567522158846259	0.02030564621964004	0.4208860285580158	0.06615832634270191	False	True	0.2837071120738983	0.15773099660873413	0.02099170722067356	0.0006186485406942666	0.5145764946937561	0.02237502485513687	True	0.21256513893604279	0.29101961851119995	0.07972576469182968	0.07936663925647736	0.13981463015079498	0.19750823080539703
6w9u84	trump asked sessions about closing case against arpaio an ally since birtherism	data/processed/pro_fakeddit/images/6w9u84.jpg	0	4	False	0.5744792334735394	0.4063083790242672	0.11354714259505272	0.16817085444927216	0.02998487325385213	0.02165691222762689	0.5744792334735394	0.09216092992573977	False	True	0.08254273235797882	0.13541054725646973	0.008395424112677574	0.001022006617859006	0.7234810590744019	0.04914816841483116	True	0.20656037330627441	0.26645177602767944	0.0947532206773758	0.08356162905693054	0.12747375667095184	0.22119921445846558
48v1nb	union of white students forms at cornell aims to advance their race	data/processed/pro_fakeddit/images/48v1nb.jpg	0	4	False	0.5085599794983864	0.2313356101512909	0.2772243693470955	0.09366706479340792	0.04500907193869352	0.022861684148665518	0.5085599794983864	0.05267780856229365	False	True	0.28276151418685913	0.04583638533949852	0.03696262463927269	0.003498631762340665	0.6243424415588379	0.006598371081054211	True	0.26061293482780457	0.2371591031551361	0.06914841383695602	0.08095084130764008	0.16121259331703186	0.19091612100601196
cla1zt	zoom in on the guys backpack complete with cat	data/processed/pro_fakeddit/images/cla1zt.jpg	0	4	False	0.61864198371768	0.4282853230834007	0.19035666063427925	0.09144297335296869	0.03127678530290723	0.010783897276269272	0.61864198371768	0.05749767879024148	False	True	0.1594412475824356	0.057066660374403	0.015710538253188133	0.0006414348026737571	0.7474325299263	0.01970757357776165	True	0.2831028997898102	0.19457191228866577	0.07797552645206451	0.04121128469705582	0.23227034509181976	0.17086799442768097
b6ksb9	fda proposes rule to notify women with dense breasts of higher cancer risk and imprecise mammograms	data/processed/pro_fakeddit/images/b6ksb9.jpg	0	4	False	0.46494579687714577	0.2171703651547432	0.24777543172240257	0.12652853690087795	0.022673522355034947	0.02271389204543084	0.46494579687714577	0.11536282114684582	False	True	0.2555820643901825	0.07233912497758865	0.011880542151629925	0.003437983337789774	0.5757160186767578	0.0810442641377449	True	0.2243555337190628	0.28909677267074585	0.055052462965250015	0.08054161816835403	0.13263513147830963	0.21831849217414856
1famyh	soldier launches unmanned drone into the air	data/processed/pro_fakeddit/images/1famyh.jpg	0	4	False	0.6135955229401588	0.4793082978576422	0.13428722508251667	0.12488186173141003	0.04272367566591129	0.030523544148309156	0.6135955229401588	0.053988158935680985	False	True	0.10998409241437912	0.10069892555475235	0.002756855683401227	0.000639247358776629	0.7757599353790283	0.010160933248698711	True	0.20719662308692932	0.19743067026138306	0.16262413561344147	0.12017643451690674	0.12710228562355042	0.1854698359966278
28xm90	my sawhorse was really happy and excited this morning	data/processed/pro_fakeddit/images/28xm90.jpg	2	4	False	0.6753752753138542	0.5233178194612265	0.15205745585262775	0.09169312287122011	0.018536774325184524	0.010323561495169997	0.6753752753138542	0.05201383284293115	False	True	0.1153099462389946	0.020034845918416977	0.005396055523306131	0.002050803042948246	0.8464401364326477	0.010768254287540913	True	0.2622999846935272	0.3066679537296295	0.0579589307308197	0.03514183685183525	0.16218069195747375	0.17575056850910187
ditom3	these badlyrendered clouds at dawn	data/processed/pro_fakeddit/images/ditom3.jpg	0	4	False	0.6029343940317631	0.3613194637000561	0.241614930331707	0.09189180564135313	0.015775718085933477	0.009697806453914382	0.6029343940317631	0.03808532876428217	False	True	0.23091581463813782	0.04078667238354683	0.0021795572247356176	0.00027862488059327006	0.7213246822357178	0.0045146276243031025	True	0.27371227741241455	0.24520720541477203	0.056564200669527054	0.037955351173877716	0.247763529419899	0.13879743218421936
98m4ru	dog trying to catch a stone	data/processed/pro_fakeddit/images/98m4ru.jpg	0	0	True	0.4136894717812538	0.01916523277759552	0.4136894717812538	0.09251778200268745	0.039092024555429816	0.01799010440299753	0.3945242390036583	0.04218646662775427	False	True	0.47291359305381775	0.04204951226711273	0.005732637830078602	0.00038610835326835513	0.4738783538341522	0.005039907526224852	True	0.236017107963562	0.24392259120941162	0.13917018473148346	0.07080209255218506	0.1564618945121765	0.15362614393234253
4or97k	the view from omar mateens florida mosque	data/processed/pro_fakeddit/images/4or97k.jpg	0	4	False	0.5077852383255959	0.28869466111063957	0.21909057721495628	0.14769069105386734	0.037967557553201914	0.014914196784957312	0.5077852383255959	0.0725517338141799	False	True	0.1929815262556076	0.13766919076442719	0.01776631735265255	0.0006909368676133454	0.6036384105682373	0.04725361242890358	True	0.2974177300930023	0.1777551919221878	0.09857127815485	0.05758397653698921	0.2202257215976715	0.14844609797000885
5nrcx9	this guy was staring at me my entire commute	data/processed/pro_fakeddit/images/5nrcx9.jpg	2	4	False	0.633070319890976	0.484298188239336	0.14877213165163994	0.10487607400864363	0.030207622796297073	0.022608023835346103	0.633070319890976	0.06046583619900048	False	True	0.12487487494945526	0.060793954879045486	0.010226413607597351	0.0034326398745179176	0.788218080997467	0.012454039417207241	True	0.22046390175819397	0.23712243139743805	0.09015125036239624	0.08013417571783066	0.16762703657150269	0.2045012265443802
cbutsuf	i promised gandalf i would keep you safe and safe is where ill keep you	data/processed/pro_fakeddit/images/cbutsuf.jpg	4	4	True	0.7634645253419876	0.6680310070514679	0.08036391530185938	0.09543351829051971	0.015869010458118282	0.012053083439241163	0.7634645253419876	0.032815973449032754	False	True	0.022564690560102463	0.0043964385986328125	0.0005559514393098652	0.00025459477910771966	0.971927285194397	0.00030106701888144016	True	0.2537615895271301	0.3685447573661804	0.06180818751454353	0.047448549419641495	0.13807624578475952	0.1303606927394867
1dndu6	a girl holding an umbrella	data/processed/pro_fakeddit/images/1dndu6.jpg	0	4	False	0.6168379634618759	0.41754401847720146	0.19929394498467445	0.10028300154954195	0.024190980475395918	0.013107124163070694	0.6168379634618759	0.04628703708294779	False	True	0.1848122626543045	0.04418623074889183	0.006958523765206337	0.0003336722729727626	0.7607619166374207	0.002947464119642973	True	0.2427389919757843	0.2685733139514923	0.07588835060596466	0.05142747983336449	0.1850661039352417	0.17630575597286224
2ir31y	police pepper spray wake county teen inside his home after hes mistaken for burglar	data/processed/pro_fakeddit/images/2ir31y.jpg	0	4	False	0.34499895572662354	0.04717239737510681	0.2978265583515167	0.12164381891489029	0.09366235509514809	0.05018697073683143	0.34499895572662354	0.09168136771768332	False	True	0.3353012502193451	0.0782102644443512	0.10267622023820877	0.019875841215252876	0.408054381608963	0.05588210001587868	True	0.18540248274803162	0.25194448232650757	0.06662075966596603	0.14112035930156708	0.1558326780796051	0.19907917082309723
3nypgp	rupert murdoch longs for real black president	data/processed/pro_fakeddit/images/3nypgp.jpg	0	1	False	0.3065611347556114	0.03332704305648804	0.23702314496040344	0.3065611347556114	0.03197849402204156	0.03286031913012266	0.2732340916991234	0.11834277957677841	False	True	0.23368626832962036	0.3233274221420288	0.01950291357934475	0.02005770429968834	0.3087148368358612	0.09471079707145691	True	0.24703377485275269	0.25626227259635925	0.06940523535013199	0.07126816362142563	0.1667918562889099	0.18923872709274292
1x5i8i	the dashboard of doc browns delorean	data/processed/pro_fakeddit/images/1x5i8i.jpg	2	4	False	0.6884286440908909	0.552315691486001	0.13611295260488987	0.07479332480579615	0.03020470921183005	0.02617821867170278	0.6884286440908909	0.04428215400548652	False	True	0.09237542003393173	0.032831158488988876	0.0025578185450285673	0.0004929729620926082	0.8684818744659424	0.003260772442445159	True	0.2673255503177643	0.20067982375621796	0.1131453812122345	0.1032339558005333	0.1482689529657364	0.1673462986946106
1wf0y7	i went to innout burger and found it to be overrated	data/processed/pro_fakeddit/images/1wf0y7.jpg	0	4	False	0.4891457464545965	0.2519803252071142	0.2371654212474823	0.1233309730887413	0.03007345087826252	0.024030228436458856	0.4891457464545965	0.09625416062772274	False	True	0.24648191034793854	0.06449240446090698	0.014704897999763489	0.003367768367752433	0.612214982509613	0.05873803049325943	True	0.2092159539461136	0.29984667897224426	0.07617910951375961	0.08601760864257812	0.11993803828954697	0.20880255103111267
1fu7gd	every time i reach for him when coming up from the basement i hear him go noooo not the pulling on my dose again	data/processed/pro_fakeddit/images/1fu7gd.jpg	2	4	False	0.7415331602096558	0.6387217473238707	0.1028114128857851	0.07569212163798511	0.01999753643758595	0.010966963243845385	0.7415331602096558	0.04899882641620934	False	True	0.05231376737356186	0.006771818734705448	0.002269900403916836	0.00013963147648610175	0.9373645782470703	0.0011403178796172142	True	0.25430434942245483	0.2824530303478241	0.07318044453859329	0.04344895854592323	0.1540389060974121	0.19257435202598572
9gzjnn	these fursuit things i found at walmart	data/processed/pro_fakeddit/images/9gzjnn.jpg	0	4	False	0.7809695452451706	0.7066343482583761	0.07433519698679447	0.06496184202842414	0.01672024462823174	0.017873572229291312	0.7809695452451706	0.045139596244553104	False	True	0.019394122064113617	0.011037924326956272	0.00024043764278758317	0.000253133533988148	0.9672663807868958	0.0018080229638144374	True	0.23915842175483704	0.22673359513282776	0.06615966558456421	0.0707348883152008	0.22207903861999512	0.1751343160867691
4de49a	ive been thinking of buying shoes sizes online	data/processed/pro_fakeddit/images/4de49a.jpg	3	4	False	0.31533318385481834	0.01170172169804573	0.28453539311885834	0.3036314621567726	0.012622199836187065	0.017712308326736093	0.31533318385481834	0.06616546213626862	False	True	0.28521648049354553	0.2942943274974823	0.0044633508659899235	0.010377067141234875	0.37814241647720337	0.02750636637210846	True	0.28249213099479675	0.33164286613464355	0.03709874674677849	0.039718031883239746	0.12690548598766327	0.18214274942874908
8bez0d	firstever hotel space expected to welcome tourists by	data/processed/pro_fakeddit/images/8bez0d.jpg	0	4	False	0.6334246769547462	0.4766186699271202	0.15680600702762604	0.10671989526599646	0.0231044739484787	0.012999263970414177	0.6334246769547462	0.06694566830992699	False	True	0.11310726404190063	0.05524059012532234	0.012805338948965073	0.0011916774092242122	0.7840059399604797	0.03364914655685425	True	0.28790223598480225	0.2611578106880188	0.05400187894701958	0.04842202365398407	0.18168088793754578	0.1668352335691452
4hownt	closeup footage of a newly discovered deep sea fish	data/processed/pro_fakeddit/images/4hownt.jpg	2	4	False	0.6335095446556807	0.4573781546205282	0.17613139003515244	0.0644763121381402	0.033490099711343646	0.032043611630797386	0.6335095446556807	0.06034906557761133	False	True	0.14780372381210327	0.02090856060385704	0.010518328286707401	0.0069678351283073425	0.8052970170974731	0.008504544384777546	True	0.2611143887042999	0.19517956674098969	0.10240541398525238	0.10727094113826752	0.11814712733030319	0.21588262915611267
c12lif	this store is selling back to school vest	data/processed/pro_fakeddit/images/c12lif.jpg	0	4	False	0.6939257197082043	0.5403609741479158	0.07239934150129557	0.15356474556028843	0.01896810909966007	0.012146768511229311	0.6939257197082043	0.04899532103445381	False	True	0.022099535912275314	0.10060121864080429	0.0021963666658848524	6.0571204812731594e-05	0.8708357214927673	0.004206594545394182	True	0.22329875826835632	0.31245532631874084	0.06928333640098572	0.04840536043047905	0.16319571435451508	0.1833615005016327
2a83hw	this man missing the birth of his son to attend world cup semifinals	data/processed/pro_fakeddit/images/2a83hw.jpg	0	1	False	0.4018734470009804	0.09154460579156876	0.16611147299408913	0.4018734470009804	0.037809140514582396	0.016016124078305438	0.3103288412094116	0.06786098796874285	False	True	0.13627736270427704	0.4487335979938507	0.020770730450749397	0.0007575455820187926	0.36476635932922363	0.028694432228803635	True	0.2556138038635254	0.2612929940223694	0.08892437070608139	0.061791859567165375	0.14701628684997559	0.18536065518856049
4cyrg3	prostitutes no thanks were from chan modern meme against prostitution happy fools day	data/processed/pro_fakeddit/images/4cyrg3.jpg	5	1	False	0.5690825507044792	0.3479979671537876	0.2210845835506916	0.5690825507044792	0.027435786672867835	0.0221626306156395	0.09320270456373692	0.06703166849911213	False	True	0.2241838127374649	0.6499730348587036	0.007484890054911375	0.00043089367682114244	0.09059719741344452	0.02733009308576584	True	0.2117868959903717	0.32641109824180603	0.08728847652673721	0.08735784143209457	0.1010192260146141	0.186136394739151
ckt908	chris pratt invites a riot while jimi hendrix and nick kroll look on circa	data/processed/pro_fakeddit/images/ckt908.jpg	2	4	False	0.40970171242952347	0.05831098556518555	0.3513907268643379	0.10679084435105324	0.03298286208882928	0.04787953037885018	0.40970171242952347	0.05125436349771917	False	True	0.3993590474128723	0.07714422047138214	0.011374412104487419	0.0005724955117329955	0.4960736930370331	0.01547617930918932	True	0.20748576521873474	0.19573071599006653	0.09780821204185486	0.18980063498020172	0.15058577060699463	0.15858891606330872
bfjupy	this sign on a ukraine elevator pointing overweight folks toward the nearby stairs	data/processed/pro_fakeddit/images/bfjupy.jpg	0	4	False	0.5137956477701664	0.30536358058452606	0.11113478615880013	0.20843206718564034	0.03705036576138809	0.03651689011894632	0.5137956477701664	0.09307017177343369	False	True	0.09785054624080658	0.22268781065940857	0.0010664255823940039	0.0007047755061648786	0.6412757039070129	0.036414653062820435	True	0.15098750591278076	0.16566483676433563	0.14500218629837036	0.14395323395729065	0.13135547935962677	0.26303672790527344
czqnma	i noticed a few bees swarming on the front corner of my house one hour later	data/processed/pro_fakeddit/images/czqnma.jpg	0	4	False	0.7003375515341759	0.5816670525819063	0.11867049895226955	0.08296756714116782	0.02038428303785622	0.013806003436911851	0.7003375515341759	0.0638340967707336	False	True	0.08566544204950333	0.0037467614747583866	0.009203123860061169	0.0020450518932193518	0.886166512966156	0.013173127546906471	True	0.21768566966056824	0.3206299841403961	0.05392776057124138	0.04908885806798935	0.14285066723823547	0.21581700444221497
1btgtg	a shoop da whoop caterpillar crawling on a twig	data/processed/pro_fakeddit/images/1btgtg.jpg	0	4	False	0.6211630124598742	0.4906694367527962	0.12934985011816025	0.13049357570707798	0.027005364434444346	0.050710079027339816	0.6211630124598742	0.0412780677434057	False	True	0.0989021509885788	0.099237360060215	0.0006436274270527065	0.00242775771766901	0.7928059697151184	0.005983089096844196	True	0.2206929475069046	0.22426222264766693	0.10609057545661926	0.19555704295635223	0.10623414069414139	0.1471630036830902
d04t5lt	have you ever wondered if there was more to life other than being really really ridiculously good looking	data/processed/pro_fakeddit/images/d04t5lt.jpg	4	4	True	0.7364796735346317	0.6205893894657493	0.0832352451980114	0.11589028406888247	0.009933851863024756	0.008189354670321336	0.7364796735346317	0.04627159089432098	False	True	0.023032352328300476	0.03676202520728111	0.00034248235169798136	0.00013386907812673599	0.9387069344520569	0.001022321986965835	True	0.26384392380714417	0.3532750606536865	0.03870796039700508	0.032355811446905136	0.12979789078235626	0.1820193976163864
cjlpl28	who could stay mad at that face	data/processed/pro_fakeddit/images/cjlpl28.jpg	4	4	True	0.7272479832172394	0.6010490730404854	0.126198910176754	0.07767459494061768	0.01617260870989412	0.00903074094094336	0.7272479832172394	0.04367519204970449	False	True	0.07110089063644409	0.01000980194658041	0.005921636242419481	0.0025266585871577263	0.9072204232215881	0.003220603335648775	True	0.2914929687976837	0.2806689739227295	0.04692552611231804	0.028542988002300262	0.18733066320419312	0.16503895819187164
bya2p7	us and russia trade blame over near collision in east asian waters	data/processed/pro_fakeddit/images/bya2p7.jpg	0	4	False	0.4223291464149952	0.08511581644415855	0.33721332997083664	0.09320726525038481	0.05043920408934355	0.023466842074412853	0.4223291464149952	0.07334417942911386	False	True	0.36880066990852356	0.045426178723573685	0.037491846829652786	0.0027762202080339193	0.518374502658844	0.02713054046034813	True	0.24245131015777588	0.23655052483081818	0.08928127586841583	0.08553870767354965	0.1341930776834488	0.21198509633541107
atx4ce	the way ice formed on my car this morning	data/processed/pro_fakeddit/images/atx4ce.jpg	0	4	False	0.7248326167464256	0.6247153747826815	0.10011724196374416	0.06640274170786142	0.02403646713355556	0.022851548084872775	0.7248326167464256	0.061759366653859615	False	True	0.06849250942468643	0.017665427178144455	0.0011600654106587172	0.0006421120488084853	0.9091796875	0.002860192209482193	True	0.19499143958091736	0.21261468529701233	0.0926656723022461	0.08947985619306564	0.17179140448570251	0.23845688998699188
c6lgof3	always on hand just in case	data/processed/pro_fakeddit/images/c6lgof3.jpg	4	4	True	0.7529981173574924	0.646256803534925	0.10674131382256746	0.07767401589080691	0.009867654298432171	0.006188965684486902	0.7529981173574924	0.046529920771718025	False	True	0.025630202144384384	0.017857680097222328	0.0016937530599534512	6.139005563454702e-05	0.9530429840087891	0.0017139539122581482	True	0.3500746488571167	0.25712302327156067	0.03438935801386833	0.024571692571043968	0.1528635174036026	0.18097782135009766
7v03cq	socjus gamerghazi vs jontron	data/processed/pro_fakeddit/images/7v03cq.jpg	3	1	False	0.3113159313797951	0.04463309049606323	0.26668284088373184	0.3113159313797951	0.048365951515734196	0.027490924316225573	0.23732232488691807	0.10882198810577393	False	True	0.29099833965301514	0.29705575108528137	0.03577820584177971	0.001538568758405745	0.27976366877555847	0.09486544132232666	True	0.19373634457588196	0.3540964722633362	0.08612918853759766	0.10534799098968506	0.10999829322099686	0.15069162845611572
7kpe6m	henry ford constructs the first ford model t	data/processed/pro_fakeddit/images/7kpe6m.jpg	2	4	False	0.4080365262925625	0.055945295840501785	0.3520912304520607	0.14745324291288853	0.021101787453517318	0.02112734131515026	0.4080365262925625	0.050189890316687524	False	True	0.37603652477264404	0.11238443106412888	0.0087291793897748	0.0021593794226646423	0.49519702792167664	0.005493477452546358	True	0.28025534749031067	0.2526596784591675	0.05821961164474487	0.07803122699260712	0.14655502140522003	0.18427912890911102
20zukp	my eggs looked like a monkey	data/processed/pro_fakeddit/images/20zukp.jpg	2	4	False	0.6783279664814472	0.558358421549201	0.11996954493224621	0.11511608771979809	0.020892876287689433	0.01745557509275386	0.6783279664814472	0.04823794448748231	False	True	0.08460886031389236	0.054980166256427765	0.0018247404368594289	0.0003495874989312142	0.8510887026786804	0.007147936150431633	True	0.22605159878730774	0.29552385210990906	0.07809728384017944	0.0687735378742218	0.16004575788974762	0.17150796949863434
2wc9cm	russian search engine yandex sics antitrust agency on google for being too integrated with android	data/processed/pro_fakeddit/images/2wc9cm.jpg	0	1	False	0.42131357640028	0.10605321079492569	0.3152603656053543	0.42131357640028	0.019083205610513687	0.07068819738924503	0.09984975680708885	0.07380483206361532	False	True	0.3471432030200958	0.4641631543636322	0.004757322371006012	0.04736044257879257	0.09810467064380646	0.03847113624215126	True	0.21961185336112976	0.2927648425102234	0.06206085532903671	0.14067146182060242	0.10508501529693604	0.1798059195280075
b229fh	this warning on my face mask package	data/processed/pro_fakeddit/images/b229fh.jpg	0	4	False	0.39766349270939827	0.18677247315645218	0.16117484122514725	0.14412160217761993	0.043791887583211064	0.042357156111393124	0.39766349270939827	0.2108910195529461	False	True	0.16746893525123596	0.14619553089141846	0.011522672139108181	0.003654422936961055	0.4987497627735138	0.17240868508815765	True	0.1422925591468811	0.13789981603622437	0.14059953391551971	0.15846535563468933	0.0944046825170517	0.3263380229473114
2bzyjg	what did i do tell me what i did	data/processed/pro_fakeddit/images/2bzyjg.jpg	2	4	False	0.7670301273465157	0.6753691486082971	0.09166097873821855	0.0786486329161562	0.017562251072376966	0.009903726355332765	0.7670301273465157	0.03519424155820161	False	True	0.01570434682071209	0.0033099136780947447	0.006038142368197441	0.00010787099745357409	0.9709118008613586	0.003927872981876135	True	0.3195308744907379	0.3046647906303406	0.05213457718491554	0.03929129242897034	0.1553851068019867	0.12899334728717804
6w70a2	jessica finally found the source of the noisy bitches on the job and gets right to the yard	data/processed/pro_fakeddit/images/6w70a2.jpg	3	4	False	0.7841406464576721	0.7064649860840291	0.07767566037364304	0.06873179029207677	0.014833771012490615	0.013359337375732139	0.7841406464576721	0.041258778830524534	False	True	0.009428120218217373	0.003678875509649515	0.0015879228012636304	3.23060667142272e-05	0.9832074642181396	0.0020652965176850557	True	0.28241828083992004	0.2638905346393585	0.05457131564617157	0.05334043130278587	0.18694019317626953	0.15883922576904297
2u3pmn	it took me the better part of two weeks but i finally finished my macrame purse	data/processed/pro_fakeddit/images/2u3pmn.jpg	2	4	False	0.7761637568473816	0.7118058764608577	0.06311292573809624	0.0643578803865239	0.0290101967548253	0.022467601279458904	0.7761637568473816	0.04488760609092424	False	True	0.014924868941307068	0.00626326585188508	0.00040193594759330153	5.078710455563851e-05	0.9779664278030396	0.0003926853823941201	True	0.20767709612846375	0.23864172399044037	0.1148349791765213	0.0897180438041687	0.17075574398040771	0.1783723682165146
c9ulsbs	thats not a pussycarthis is a pussycar	data/processed/pro_fakeddit/images/c9ulsbs.jpg	4	4	True	0.7851496078073978	0.7081955769099295	0.07695403089746833	0.06570304998604115	0.014441506147704786	0.017916658312060463	0.7851496078073978	0.03983516825883271	False	True	0.010324688628315926	0.0007083623786456883	0.0001637937530176714	3.424954411457293e-05	0.9887164831161499	5.244491694611497e-05	True	0.27684205770492554	0.26068711280822754	0.05727464333176613	0.07156388461589813	0.17444898188114166	0.1591833382844925
d2h02a	coworker pointed out everyday this week is a palindrome with the th being a pattern	data/processed/pro_fakeddit/images/d2h02a.jpg	0	0	True	0.37541260942816734	0.17542151734232903	0.37541260942816734	0.15199525840580463	0.06165668275207281	0.03348677000030875	0.19999109208583832	0.17745758965611458	False	True	0.4337277114391327	0.11179926246404648	0.04946752265095711	0.02065902389585972	0.22361955046653748	0.16072693467140198	True	0.2004673033952713	0.2725832462310791	0.09822416305541992	0.07197000831365585	0.12910571694374084	0.22764955461025238
bcpsum	dogs cant eat chocolate revealed to be some shit cats made up	data/processed/pro_fakeddit/images/bcpsum.jpg	1	4	False	0.6340346969664097	0.5090896133333445	0.11820966377854347	0.12494508363306522	0.023704494116827846	0.016839136718772352	0.6340346969664097	0.082266915589571	False	True	0.08530701696872711	0.07944916933774948	0.008087747730314732	0.0007433262653648853	0.7933056950569153	0.033107057213783264	True	0.21691760420799255	0.26143282651901245	0.07055473327636719	0.06512656807899475	0.15622170269489288	0.2297464907169342
2ppbrl	meijer retail grocery store pays the bill for customers	data/processed/pro_fakeddit/images/2ppbrl.jpg	0	1	False	0.562598817050457	0.40388987585902214	0.15870894119143486	0.562598817050457	0.03328943811357021	0.022125072428025305	0.10875220783054829	0.11452556028962135	False	True	0.12980425357818604	0.64579838514328	0.022730737924575806	0.00505231274291873	0.10263193398714066	0.09398242831230164	True	0.24542300403118134	0.3130001127719879	0.06496553868055344	0.07334335148334503	0.12711302936077118	0.1761549562215805
azzzrf	the rainbow colours on this cats whiskers	data/processed/pro_fakeddit/images/azzzrf.jpg	0	4	False	0.6911724172532558	0.5800345838069916	0.11113783344626427	0.04025768372230232	0.0588222979567945	0.035190851893275976	0.6911724172532558	0.06341892399359494	False	True	0.08874213695526123	0.01338078174740076	0.01589137502014637	0.005954431369900703	0.8696850538253784	0.006346249487251043	True	0.17832492291927338	0.12088838964700699	0.1876150667667389	0.1229001134634018	0.15563450753688812	0.23463694751262665
b8yyty	i cut through a patch of grass on the way to work every morning they finally mowed it and now the path i walked is the only bit still alive	data/processed/pro_fakeddit/images/b8yyty.jpg	0	4	False	0.49165693670511246	0.20134253054857254	0.2903144061565399	0.10346328094601631	0.043928139843046665	0.013691731786821038	0.49165693670511246	0.05694548529572785	False	True	0.3027248978614807	0.040909543633461	0.03345907852053642	0.00243319827131927	0.6056094765663147	0.014863810501992702	True	0.25308293104171753	0.29112449288368225	0.07533532381057739	0.04746733233332634	0.14979931712150574	0.1831905096769333
42yrnt	cristiano ronaldo gives alessandra ambrosio a lift	data/processed/pro_fakeddit/images/42yrnt.jpg	0	4	False	0.7391300573945045	0.6178122237324715	0.12131783366203308	0.055697491858154535	0.024341403099242598	0.02136103929115052	0.7391300573945045	0.03815215203212574	False	True	0.08063666522502899	0.013062505051493645	0.002095550997182727	6.896169361425564e-05	0.9016167521476746	0.002519519766792655	True	0.24336133897304535	0.1836024522781372	0.09107895940542221	0.08523727208375931	0.2516699731349945	0.145050048828125
8khc6z	larry martin what is pain	data/processed/pro_fakeddit/images/8khc6z.jpg	1	0	False	0.38094860315322876	0.022051669657230377	0.38094860315322876	0.3588969334959984	0.02675379323773086	0.01124710809381213	0.15426795184612274	0.0678856186568737	False	True	0.41497862339019775	0.374897301197052	0.011289306916296482	0.0006646195542998612	0.16346265375614166	0.03470751643180847	True	0.2788585424423218	0.3108958303928375	0.073147252202034	0.04299457371234894	0.12668384611606598	0.1674199253320694
c7zpw06	they say curiosity killed the cat and it did	data/processed/pro_fakeddit/images/c7zpw06.jpg	4	4	True	0.7730240523815155	0.689809616887942	0.07798438356257975	0.08321443549357355	0.011500805907417089	0.010711600230024487	0.7730240523815155	0.043564681938732974	False	True	0.006488430313766003	0.013093148358166218	0.0007410065736621618	4.119198638363741e-05	0.9792605042457581	0.00037565460661426187	True	0.292472243309021	0.29357829689979553	0.04378020390868187	0.04272282496094704	0.15431469678878784	0.1731317639350891
5ug84s	michael moore cease all congressional business until trumps potentially traitorous actions probed	data/processed/pro_fakeddit/images/5ug84s.jpg	0	1	False	0.6563602611422539	0.5208822600543499	0.13547800108790398	0.6563602611422539	0.034263983368873596	0.037246631225571036	0.05682256817817688	0.07982850633561611	False	True	0.132036492228508	0.7790684700012207	0.008389152586460114	0.00322058517485857	0.039258264005184174	0.03802698105573654	True	0.14580252766609192	0.2882356345653534	0.11188847571611404	0.13932476937770844	0.109515480697155	0.20523308217525482
bth9im	in the city im staying at at the moment they have sunbrellas at street crossings so people can avoid the sun	data/processed/pro_fakeddit/images/bth9im.jpg	0	4	False	0.5082745254039764	0.22188426554203033	0.2863902598619461	0.1064704735763371	0.023028675001114607	0.012087207986041903	0.5082745254039764	0.06374893500469625	False	True	0.3150978982448578	0.025207480415701866	0.007871465757489204	0.0009253555908799171	0.6418495774269104	0.009048310108482838	True	0.20026734471321106	0.3502594530582428	0.06850030273199081	0.04557276517152786	0.10754936933517456	0.2278508096933365
emtorz6	sumba u have forgetten mee	data/processed/pro_fakeddit/images/emtorz6.jpg	4	4	True	0.7493360340595245	0.6531171966344118	0.09621883742511272	0.08696766186039895	0.016017335598007776	0.01288164692959981	0.7493360340595245	0.03857854262605542	False	True	0.03533882647752762	0.0052299597300589085	0.00040778907714411616	0.0004199744143988937	0.9583127498626709	0.00029078961233608425	True	0.27885887026786804	0.33218076825141907	0.06284597516059875	0.05026666447520256	0.12240588665008545	0.15344180166721344
5buqcw	soldiers tethered to a lift chopper	data/processed/pro_fakeddit/images/5buqcw.jpg	0	4	False	0.7567906342446804	0.6718335105106235	0.08495712373405695	0.045792303048074245	0.05055679741781205	0.0246377839212073	0.7567906342446804	0.037265320715960115	False	True	0.03709028288722038	0.004618141800165176	0.006575281266123056	0.0003826656029559672	0.9503397345542908	0.0009938396979123354	True	0.22855764627456665	0.16931478679180145	0.18250134587287903	0.0974031388759613	0.1761433333158493	0.14607976377010345
cxl1lr	these screws in my dorm bathroom that you can only tighten	data/processed/pro_fakeddit/images/cxl1lr.jpg	0	4	False	0.561661135405302	0.34928029030561447	0.21238084509968758	0.0618704236112535	0.04541083378717303	0.03401317377574742	0.561661135405302	0.08466359600424767	False	True	0.2124568223953247	0.015452118590474129	0.02630334533751011	0.012335679493844509	0.6929628849029541	0.04048916697502136	True	0.21215291321277618	0.2011253386735916	0.1027332991361618	0.09904565662145615	0.1677558869123459	0.21718688309192657
c2v10m	how a pair of white new balance sneakers wears down over time	data/processed/pro_fakeddit/images/c2v10m.jpg	0	4	False	0.7624157071113586	0.671788152307272	0.09062755480408669	0.07665351824834943	0.01358167827129364	0.0102757653221488	0.7624157071113586	0.04644577798899263	False	True	0.0229962021112442	0.004434665665030479	0.0007938370108604431	0.0001523531973361969	0.9659891128540039	0.005633838940411806	True	0.29352161288261414	0.2933100759983063	0.05194520205259323	0.04064600169658661	0.15169548988342285	0.1688815951347351
d15m67f	if theres any doubt i do a leavebehind with the hat i go back to her place to pick it update number three	data/processed/pro_fakeddit/images/d15m67f.jpg	4	4	True	0.7292097583413124	0.6162066282704473	0.11300313007086515	0.09371773153543472	0.015649443172151223	0.011885266911122017	0.7292097583413124	0.0365347572369501	False	True	0.058284077793359756	0.019352346658706665	0.0017893993062898517	0.0007318496354855597	0.9185753464698792	0.0012670964933931828	True	0.27716028690338135	0.3168138861656189	0.057229574769735336	0.04534551873803139	0.16111299395561218	0.14233773946762085
9ino0t	nsfw some pages from a japanese book we found at a yard sale	data/processed/pro_fakeddit/images/9ino0t.jpg	0	4	False	0.3763253688812256	0.030357282608747482	0.3459680862724781	0.12236710451543331	0.05883466359227896	0.020969104138202965	0.3763253688812256	0.07553569972515106	False	True	0.38397911190986633	0.1004369780421257	0.032147232443094254	0.0018711290322244167	0.44791296124458313	0.03365263342857361	True	0.23193500936031342	0.18815748393535614	0.13889695703983307	0.07826302945613861	0.16156259179115295	0.20118489861488342
1zvsvs	pakistan onion heroin smuggling plot uncovered	data/processed/pro_fakeddit/images/1zvsvs.jpg	0	4	False	0.4263021945953369	0.1989939585328102	0.2273082360625267	0.14972719550132751	0.0331636774353683	0.02905382274184376	0.4263021945953369	0.13444489426910877	False	True	0.2265426218509674	0.11843733489513397	0.01636282540857792	0.005580033641308546	0.5195953249931335	0.11348188668489456	True	0.2296050786972046	0.24359677731990814	0.08356623351573944	0.0994751900434494	0.14642280340194702	0.1973339170217514
cd74xi3	the most terrifying edition of battletoads to date	data/processed/pro_fakeddit/images/cd74xi3.jpg	4	4	True	0.6040034666657448	0.3728550113737583	0.06921812193468213	0.23114845529198647	0.020454681158298627	0.025365414752741344	0.6040034666657448	0.04980984691064805	False	True	0.031069060787558556	0.20541535317897797	0.0014197014970704913	0.00041522172978147864	0.7595170140266418	0.0021636285819113255	True	0.18366530537605286	0.30834776163101196	0.07755962014198303	0.10021599382162094	0.1374628245830536	0.19274850189685822
3if33g	freshly shucked malpeque bay oysters	data/processed/pro_fakeddit/images/3if33g.jpg	2	4	False	0.6362250037491322	0.4528772421181202	0.18334776163101196	0.08399643190205097	0.020773189840838313	0.02512186089734314	0.6362250037491322	0.05053574952762574	False	True	0.14740979671478271	0.050373487174510956	0.002058030106127262	0.00018736315541900694	0.7948640584945679	0.005107263568788767	True	0.2911616563796997	0.18486526608467102	0.07691866904497147	0.09992535412311554	0.160307839512825	0.18682120740413666
cli4bx8	left keys in left side pocket	data/processed/pro_fakeddit/images/cli4bx8.jpg	4	4	True	0.766143724322319	0.6923898938111961	0.07375383051112294	0.06528156716376543	0.022269385553954635	0.026926909163194068	0.766143724322319	0.04562463612819556	False	True	0.020381009206175804	0.018389876931905746	0.0004844499926548451	3.804335938184522e-05	0.960155189037323	0.000551501929294318	True	0.23387229442596436	0.20595663785934448	0.087624192237854	0.10759350657463074	0.18410933017730713	0.1808440387248993
7xh833	white house now just holding continuous goingaway party for departing staffers	data/processed/pro_fakeddit/images/7xh833.jpg	1	4	False	0.5992139540612698	0.4243154376745224	0.11442264914512634	0.17489851638674736	0.024987552780658007	0.020516051503363997	0.5992139540612698	0.06596129760146141	False	True	0.07124865055084229	0.14270885288715363	0.005246778950095177	0.0015501684974879026	0.7517872452735901	0.027458325028419495	True	0.24394464492797852	0.27146750688552856	0.0842098742723465	0.07741370052099228	0.14149408042430878	0.18147021532058716
d8c4et	these lights looks like a baloons	data/processed/pro_fakeddit/images/d8c4et.jpg	0	4	False	0.7349121868610382	0.6420170236378908	0.09289516322314739	0.09016917832195759	0.023008049989584833	0.009503108194621745	0.7349121868610382	0.04951231915038079	False	True	0.041912876069545746	0.04188203066587448	0.0033045753370970488	0.0003297226212453097	0.9062731266021729	0.006297687534242868	True	0.24584202468395233	0.2350306212902069	0.08211847394704819	0.03702326491475105	0.22082936763763428	0.17915621399879456
9gqi4d	my cookie only had one chocolate chip	data/processed/pro_fakeddit/images/9gqi4d.jpg	0	4	False	0.6525060087442398	0.49928565695881844	0.15322035178542137	0.07608271716162562	0.029300749767571688	0.012396974183502607	0.6525060087442398	0.07649322040379047	False	True	0.0986381322145462	0.0182242039591074	0.018657410517334938	0.0009285505511797965	0.8236217498779297	0.03992999345064163	True	0.3169670104980469	0.2496582567691803	0.06123076751828194	0.04680224508047104	0.13915878534317017	0.186182901263237
cc6kr2	still shot from an area guards gopro footage during the st day of the siege of a notice the heavy usage of experimental technology such as perks video game hud and a pack a punch machine yet the base is heavily damaged and the soldier is out of ammo	data/processed/pro_fakeddit/images/cc6kr2.jpg	2	4	False	0.48270291462540627	0.1986296810209751	0.28407323360443115	0.056786336936056614	0.07907532341778278	0.04579381819348782	0.48270291462540627	0.051568412221968174	False	True	0.2904866635799408	0.04289335384964943	0.053323276340961456	0.004906075540930033	0.5831785202026367	0.025212164968252182	True	0.2648329436779022	0.09846528619527817	0.15633146464824677	0.1684570461511612	0.1812760978937149	0.13063715398311615
bucdjx	this nonfunctional birdcamera outside a theatre	data/processed/pro_fakeddit/images/bucdjx.jpg	0	4	False	0.6643749698996544	0.5264685172587633	0.13790645264089108	0.08485625125467777	0.03578168828971684	0.027084690547781065	0.6643749698996544	0.049995891749858856	False	True	0.11283022910356522	0.04502338916063309	0.01288075651973486	0.0012560499599203467	0.8164007067680359	0.011608794331550598	True	0.21313512325286865	0.20435483753681183	0.10448448359966278	0.10457061231136322	0.2082977592945099	0.16515718400478363
20uhaf	new dinosaur called the chicken from hell	data/processed/pro_fakeddit/images/20uhaf.jpg	0	4	False	0.5178566426038742	0.24458373710513115	0.27327290549874306	0.09601140674203634	0.024294983595609665	0.018332146282773465	0.5178566426038742	0.07023190381005406	False	True	0.28706759214401245	0.036459047347307205	0.01162002980709076	0.0013534801546484232	0.6380928754806519	0.02540694735944271	True	0.23188884556293488	0.27466848492622375	0.06231984496116638	0.06926814466714859	0.15714794397354126	0.20470677316188812
dhjipgi	ladies and gentlemen of the jury hes a liar	data/processed/pro_fakeddit/images/dhjipgi.jpg	4	4	True	0.737288985401392	0.6333177080377936	0.07963105523958802	0.10397127736359835	0.014007663950906135	0.014243575657019392	0.737288985401392	0.05085740942740813	False	True	0.023684276267886162	0.03367942199110985	0.0006286745774559677	0.0010139642981812358	0.9382069706916809	0.002786640776321292	True	0.2474713921546936	0.31484684348106384	0.05414463207125664	0.05393240973353386	0.1345350295305252	0.19506971538066864
1s5yad	the tea wanted to say hello this morning	data/processed/pro_fakeddit/images/1s5yad.jpg	2	4	False	0.5208663605153561	0.35120686143636703	0.16965949907898903	0.11479754745960236	0.06472044810652733	0.01611483213491738	0.5208663605153561	0.11384128220379353	False	True	0.1292039304971695	0.059807389974594116	0.0692901685833931	0.005414786748588085	0.6316012740135193	0.10468242317438126	True	0.29102620482444763	0.2797680199146271	0.05101128667593002	0.04821496829390526	0.1886616200208664	0.14131785929203033
c5lwad9	shes not in first but at least shes having fun	data/processed/pro_fakeddit/images/c5lwad9.jpg	4	4	True	0.31106553971767426	0.0022480711340904236	0.30881746858358383	0.2791810780763626	0.02387475548312068	0.008029068529140204	0.31106553971767426	0.06903210282325745	False	True	0.30792802572250366	0.27866294980049133	0.01454026810824871	0.0022440257016569376	0.35980868339538574	0.0368160605430603	True	0.31148579716682434	0.28073546290397644	0.05187821760773659	0.025384197011590004	0.1648361086845398	0.16568022966384888
boptpt	the tree that we just cut down has a little tree shaped scar in it	data/processed/pro_fakeddit/images/boptpt.jpg	0	4	False	0.7247373647987843	0.6068048253655434	0.11793253943324089	0.05913822172442451	0.03028032125439495	0.018286176811670884	0.7247373647987843	0.04962542839348316	False	True	0.06824035942554474	0.0038988913875073195	0.005730141419917345	0.0002702336059883237	0.917246401309967	0.004614047706127167	True	0.26700907945632935	0.2248562127351761	0.10393086075782776	0.07233400642871857	0.1472102552652359	0.18465957045555115
d0gwn0	triangle shirtwaist factory	data/processed/pro_fakeddit/images/d0gwn0.jpg	2	1	False	0.5414119511842728	0.32254722341895103	0.21886472776532173	0.5414119511842728	0.018971888639498502	0.017442089272662997	0.14548974856734276	0.05781959998421371	False	True	0.21719856560230255	0.6113640666007996	0.0020067670848220587	0.001937435008585453	0.15457646548748016	0.012916707433760166	True	0.22386321425437927	0.3315556049346924	0.06986725330352783	0.06395605206489563	0.11822959780693054	0.19252827763557434
19dgqa	crazy lady in curlers that got to see the endeavour from rwtf	data/processed/pro_fakeddit/images/19dgqa.jpg	0	4	False	0.6900388542562723	0.5745439305901527	0.11549492366611958	0.08275614399462938	0.03832719707861543	0.0243821664043935	0.6900388542562723	0.04900071618612856	False	True	0.08733565360307693	0.024248119443655014	0.004599718376994133	0.0006813802174292505	0.8809609413146973	0.002174191642552614	True	0.1999727338552475	0.2582802176475525	0.1395096331834793	0.09548452496528625	0.11727259308099747	0.18948028981685638
choe5d	a fake horsedrawn carriage in the ocean	data/processed/pro_fakeddit/images/choe5d.jpg	0	4	False	0.5517664030194283	0.31642505154013634	0.23534135147929192	0.08803917281329632	0.03657703136559576	0.03773509195889346	0.5517664030194283	0.05054091475903988	False	True	0.24946168065071106	0.06735899299383163	0.004815966356545687	0.0011604508617892861	0.6606292128562927	0.01657366007566452	True	0.19298036396503448	0.15007971227169037	0.13186022639274597	0.147459015250206	0.22517797350883484	0.15244267880916595
divnav	adolf hitler discovers that steiners offensive did not even start berlin	data/processed/pro_fakeddit/images/divnav.jpg	2	1	False	0.6335118114948273	0.46860771253705025	0.16490409895777702	0.6335118114948273	0.02175594260916114	0.024414896150119603	0.09335661306977272	0.06205674074590206	False	True	0.13207300007343292	0.7536198496818542	0.004298904910683632	0.002662749495357275	0.08670252561569214	0.02064310759305954	True	0.2633973956108093	0.27318769693374634	0.07412705570459366	0.08967133611440659	0.11331887543201447	0.18629764020442963
7ksxx4	last known video of the kauai oo filmed by david boynton	data/processed/pro_fakeddit/images/7ksxx4.jpg	2	4	False	0.5870667695999146	0.39854973927140236	0.1885170303285122	0.11931793764233589	0.03720714105293155	0.016852152912179008	0.5870667695999146	0.05103891505859792	False	True	0.1522768884897232	0.09927375614643097	0.010723629966378212	0.0017992275534197688	0.7218115329742432	0.014114913530647755	True	0.29723745584487915	0.17945048213005066	0.11665767431259155	0.062010928988456726	0.1828324794769287	0.16181091964244843
1zz6jw	hurray for peron primary school book	data/processed/pro_fakeddit/images/1zz6jw.jpg	5	1	False	0.49699824303388596	0.20382459461688995	0.293173648416996	0.49699824303388596	0.026351164327934384	0.018236065981909633	0.1112882662564516	0.05395251838490367	False	True	0.3016268312931061	0.5577622652053833	0.009362234733998775	0.0023522013798356056	0.1105426773428917	0.018353665247559547	True	0.26781409978866577	0.3147061765193939	0.07731795310974121	0.06588765978813171	0.11352503299713135	0.16074907779693604
arud4u	mueller wins roger stone gag order moves to sentence manafort	data/processed/pro_fakeddit/images/arud4u.jpg	0	1	False	0.3984332010149956	0.14048193395137787	0.15395988523960114	0.3984332010149956	0.04303281754255295	0.03249210258945823	0.2579512670636177	0.11413073353469372	False	True	0.1332654058933258	0.433738648891449	0.03227527439594269	0.00997658260166645	0.292448490858078	0.09829562157392502	True	0.21604332327842712	0.2925168573856354	0.07530544698238373	0.10003866255283356	0.15445959568023682	0.16163606941699982
ax0f6k	this palm tree that has cacti growing out of it	data/processed/pro_fakeddit/images/ax0f6k.jpg	0	4	False	0.6161515228450298	0.4550484176725149	0.16110310517251492	0.03738391399383545	0.08183200750499964	0.04605617735069245	0.6161515228450298	0.05747330258600414	False	True	0.17565780878067017	0.02361254394054413	0.021598439663648605	0.004347468260675669	0.764353334903717	0.010430456139147282	True	0.11743899434804916	0.07869802415370941	0.26253271102905273	0.1711823046207428	0.1715460866689682	0.1986018419265747
cw0qa9	a public art found in smithfield meat market	data/processed/pro_fakeddit/images/cw0qa9.jpg	0	4	False	0.8022615909576416	0.7310182747896761	0.07124331616796553	0.07048841577488929	0.012922028196044266	0.011586188978981227	0.8022615909576416	0.031498451746301726	False	True	0.006415168754756451	0.0021856925450265408	0.00026588281616568565	8.728564716875553e-05	0.9899348616600037	0.0011110765626654029	True	0.2657277584075928	0.27539658546447754	0.05089046433568001	0.04608289897441864	0.23924177885055542	0.1226605772972107
7fwus7	man found minutes after hanging himself	data/processed/pro_fakeddit/images/7fwus7.jpg	2	4	False	0.6102077960968018	0.4576014894992113	0.1339791975915432	0.15260630659759045	0.02397417149040848	0.023002185160294175	0.6102077960968018	0.05623036902397871	False	True	0.10443948209285736	0.12103285640478134	0.0017718258313834667	0.0019177747890353203	0.7655751705169678	0.0052629150450229645	True	0.2225983440876007	0.24732665717601776	0.09058120846748352	0.08625541627407074	0.1441056728363037	0.20913273096084595
bzux5b	the way this cone is cut looks like its going through the ground	data/processed/pro_fakeddit/images/bzux5b.jpg	2	4	False	0.6137803643941879	0.4348544292151928	0.17892593517899513	0.06435268092900515	0.04083539266139269	0.015420612209709361	0.6137803643941879	0.08668504189699888	False	True	0.17282670736312866	0.038284581154584885	0.014517460018396378	0.0013657811796292663	0.7509964108467102	0.02200910821557045	True	0.19722361862659454	0.14255698025226593	0.11978919059038162	0.057585105299949646	0.2021322250366211	0.2807128429412842
6b9igu	us air force fa raptor stealth fighter jets over the western pacific ocean	data/processed/pro_fakeddit/images/6b9igu.jpg	0	4	False	0.6988030020147562	0.5892950855195522	0.10950791649520397	0.06648754770867527	0.033947928925044835	0.03606857253180351	0.6988030020147562	0.05518500995822251	False	True	0.07924773544073105	0.014034182764589787	0.005498894955962896	0.000555459235329181	0.8931522965431213	0.007511383853852749	True	0.20028845965862274	0.2238476425409317	0.11929503083229065	0.1426079124212265	0.1157551184296608	0.1982058882713318
caaukt1	imaaaaginaaaaationnnnnnnnn imaaaginaaaaaationnn	data/processed/pro_fakeddit/images/caaukt1.jpg	4	4	True	0.7719719670712948	0.6722878483124077	0.09968411875888705	0.07704796973848715	0.011277280134891043	0.007138084079997498	0.7719719670712948	0.032880584552913206	False	True	0.016379574313759804	0.0034674748312681913	9.115579450735822e-05	1.6427809896413237e-05	0.9799111485481262	0.00013422324263956398	True	0.3495977520942688	0.29778945446014404	0.0448356531560421	0.02850305289030075	0.14815442264080048	0.13111966848373413
1s8sqp	all their boxes are horrified	data/processed/pro_fakeddit/images/1s8sqp.jpg	2	4	False	0.7588656842708588	0.6685809502378106	0.09028473403304815	0.06897764862515032	0.018934874155092984	0.007286442199983867	0.7588656842708588	0.05565058393403888	False	True	0.040079835802316666	0.0092384098097682	0.0024810859467834234	0.00013541521911974996	0.9440857768058777	0.003979453817009926	True	0.24089942872524261	0.2481953650712967	0.06829623878002167	0.028739523142576218	0.203205406665802	0.21066397428512573
3nggvv	this vx module but apparently i cant tell if the writers for the unimorph disk scanner	data/processed/pro_fakeddit/images/3nggvv.jpg	3	4	False	0.6713152080774307	0.4991948939859867	0.17212031409144402	0.05981405358761549	0.024797310587018728	0.018351942824665457	0.6713152080774307	0.05360116111114621	False	True	0.13760365545749664	0.019548702985048294	0.007607566192746162	0.0019388280343264341	0.8230480551719666	0.01025318168103695	True	0.27567028999328613	0.18061010539531708	0.07636654376983643	0.06759128719568253	0.21611666679382324	0.183645099401474
7qupop	these satellite dish mounts are happy	data/processed/pro_fakeddit/images/7qupop.jpg	2	4	False	0.5604682713747025	0.3655373491346836	0.19493092224001884	0.09873023815453053	0.06514754053205252	0.011815244739409536	0.5604682713747025	0.06890775915235281	False	True	0.18330146372318268	0.026151351630687714	0.0620732419192791	0.002874425845220685	0.6921024322509766	0.033497054129838943	True	0.22981929779052734	0.31646689772605896	0.07437043637037277	0.03863770142197609	0.16556578874588013	0.1751398742198944
1yjyeq	this arctic fox repost from rpics	data/processed/pro_fakeddit/images/1yjyeq.jpg	0	4	False	0.486490149050951	0.20452671125531197	0.28196343779563904	0.12164944596588612	0.02192193892551586	0.018721734639257193	0.486490149050951	0.06925330683588982	False	True	0.27929994463920593	0.09808839112520218	0.002318388083949685	0.00542060099542141	0.5914900898933411	0.023382574319839478	True	0.28995391726493835	0.19233261048793793	0.08073259145021439	0.05862513557076454	0.17149032652378082	0.20686550438404083
90knl1	this suspicious charging cable	data/processed/pro_fakeddit/images/90knl1.jpg	2	4	False	0.45009349659085274	0.18153221532702446	0.2685612812638283	0.05660921521484852	0.09421545267105103	0.018641836708411574	0.45009349659085274	0.11187868751585484	False	True	0.29193609952926636	0.020772434771060944	0.07615673542022705	0.0038190381601452827	0.5410597920417786	0.0662558451294899	True	0.19843682646751404	0.16411955654621124	0.14839160442352295	0.06311023235321045	0.17719461023807526	0.24874721467494965
5mdpkv	rhinoceros a successful conservation story in india the hindu	data/processed/pro_fakeddit/images/5mdpkv.jpg	0	4	False	0.27580435015261173	0.015170330181717873	0.26063401997089386	0.17234806343913078	0.0685546388849616	0.03510064445436001	0.27580435015261173	0.18755825608968735	False	True	0.2757687270641327	0.14798611402511597	0.05616951361298561	0.011489607393741608	0.3351497948169708	0.1734362095594406	True	0.21522989869117737	0.24543391168117523	0.10571001470088959	0.10593375563621521	0.09776801615953445	0.22992439568042755
9bltgk	how a fallen succulent leaf begins to grow its own roots	data/processed/pro_fakeddit/images/9bltgk.jpg	0	4	False	0.704088669270277	0.6046554269269109	0.09943324234336615	0.05241864989511669	0.04292985098436475	0.022171520948177204	0.704088669270277	0.07895800145342946	False	True	0.05847745016217232	0.008520619012415409	0.015939636155962944	0.001624985714443028	0.886189341545105	0.029247885569930077	True	0.22230061888694763	0.18411274254322052	0.12390049546957016	0.08381112664937973	0.15778665244579315	0.2280883491039276
1xh62w	the bear and the wolf repost from usimpsonsfanher post on pics subreddit	data/processed/pro_fakeddit/images/1xh62w.jpg	0	4	False	0.6362825706601143	0.4642704091966152	0.17201216146349907	0.09073310252279043	0.02788982808124274	0.019932212482672185	0.6362825706601143	0.05315012135542929	False	True	0.13796110451221466	0.04751186445355415	0.006821586284786463	0.001982160145416856	0.793145477771759	0.012577797286212444	True	0.2741653323173523	0.22039681673049927	0.09109455347061157	0.07378236949443817	0.16569384932518005	0.17486709356307983
c90psbi	and a touch of indian father	data/processed/pro_fakeddit/images/c90psbi.jpg	4	4	True	0.7445200495421886	0.6332384664565325	0.08490270399488509	0.11128158308565617	0.011717965731804725	0.00786223285831511	0.7445200495421886	0.03971553318115184	False	True	0.015541057102382183	0.03502892702817917	0.00034160030190832913	0.00033938605338335037	0.9483728408813477	0.0003762605774682015	True	0.2929876446723938	0.34003955125808716	0.04584706202149391	0.03043077327311039	0.1329616755247116	0.15773335099220276
awwclv	my hotel has the fire exit signs on the ground too	data/processed/pro_fakeddit/images/awwclv.jpg	0	4	False	0.7114808410406113	0.6125140963122249	0.0989667447283864	0.06321181915700436	0.0446435286430642	0.019585859117796645	0.7114808410406113	0.06211127294227481	False	True	0.06240474805235863	0.022021226584911346	0.004921699408441782	0.0007188395829871297	0.8960778117179871	0.013855764642357826	True	0.20865273475646973	0.1867835968732834	0.16380901634693146	0.07618691772222519	0.1576899290084839	0.20687779784202576
3q3bs0	man carjacks marked police suv leads a chase and both suspectofficer jump feet down from bay bridge in san francisco	data/processed/pro_fakeddit/images/3q3bs0.jpg	0	4	False	0.5547551475465298	0.3897167406976223	0.16503840684890747	0.13050002790987492	0.05527053400874138	0.030875178170390427	0.5547551475465298	0.06356069492176175	False	True	0.15429376065731049	0.07948749512434006	0.04333248734474182	0.004637775477021933	0.6959391236305237	0.022309353575110435	True	0.19727234542369843	0.2835376262664795	0.09108467400074005	0.10958738625049591	0.13120321929454803	0.1873147189617157
cpkmtf	my bush cant decide which color blossoms it wants to carry so lets try rose purple and white	data/processed/pro_fakeddit/images/cpkmtf.jpg	0	4	False	0.590709064155817	0.38387536630034447	0.20683369785547256	0.0918214563280344	0.023304603761062026	0.01763357874006033	0.590709064155817	0.06969759613275528	False	True	0.19298531115055084	0.03632392734289169	0.009106886573135853	0.004750959575176239	0.7320752143859863	0.024757683277130127	True	0.24837885797023773	0.2583140432834625	0.06589775532484055	0.0562814362347126	0.16661061346530914	0.20451733469963074
d564la	this vending machine that sells books on the underground in berlin	data/processed/pro_fakeddit/images/d564la.jpg	0	4	False	0.7167536318302155	0.6233090851455927	0.09344454668462276	0.07311558863148093	0.02895503240870312	0.03180612150026718	0.7167536318302155	0.05592507519759238	False	True	0.059100501239299774	0.016586648300290108	0.0027399451937526464	0.00047282243031077087	0.911576509475708	0.009523565880954266	True	0.19647668302059174	0.2427024096250534	0.10760029405355453	0.1258060187101364	0.1322849988937378	0.1951296031475067
2q1w08	marilyn monroes film studio wanted to prove that she would look good in a potato sack dress	data/processed/pro_fakeddit/images/2q1w08.jpg	0	4	False	0.6580668538808823	0.523819119669497	0.1302522048354149	0.13424773421138525	0.014898439985699952	0.011558128044271143	0.6580668538808823	0.05097669595852494	False	True	0.09760895371437073	0.06215773895382881	0.0015883087180554867	7.97193351900205e-05	0.8354858756065369	0.0030794721096754074	True	0.22818195819854736	0.35051771998405457	0.05482883378863335	0.04599335417151451	0.12580978870391846	0.19466836750507355
4s7uik	an instructor teaches a young woman stretching exercises on a london rooftop	data/processed/pro_fakeddit/images/4s7uik.jpg	0	4	False	0.37957972288131714	0.02397078648209572	0.3556089363992214	0.0982503853738308	0.05841462791431695	0.06539705928298645	0.37957972288131714	0.042749188956804574	False	True	0.4289613962173462	0.08003555238246918	0.00499604782089591	0.0011133920634165406	0.4777238965034485	0.007169624324887991	True	0.1355515569448471	0.15289488434791565	0.21867036819458008	0.25824806094169617	0.0851472020149231	0.14948788285255432
85m658	family playing with the first generation of ipads	data/processed/pro_fakeddit/images/85m658.jpg	2	4	False	0.621021069586277	0.4185052737593651	0.20251579582691193	0.07745397463440895	0.02877849257492926	0.01854629673925956	0.621021069586277	0.051684314385056496	False	True	0.18350377678871155	0.03384473919868469	0.0005263526109047234	5.900175528950058e-05	0.7754467129707336	0.006619356572628021	True	0.25955185294151306	0.20828168094158173	0.11353491246700287	0.07400818169116974	0.1577441394329071	0.18687918782234192
cdw4g43	his dream was to become a professional ballet dancer and today it came true	data/processed/pro_fakeddit/images/cdw4g43.jpg	4	4	True	0.7692620158195496	0.6809816132299602	0.08828040258958936	0.07888645911589265	0.012529371233540587	0.012643345864489675	0.7692620158195496	0.038398437085561454	False	True	0.016930153593420982	0.005123330280184746	0.0005694875144399703	0.00039471592754125595	0.9767194986343384	0.0002628364600241184	True	0.3023311495780945	0.30017584562301636	0.04840902239084244	0.04938923567533493	0.1468895673751831	0.15280523896217346
cosov1	this guy happily showing off his hairy chest	data/processed/pro_fakeddit/images/cosov1.jpg	0	4	False	0.4376901462674141	0.15509475022554398	0.2825953960418701	0.20860517770051956	0.013382761680986732	0.013514272752217948	0.4376901462674141	0.04421223630197346	False	True	0.2705552577972412	0.18541070818901062	0.0020328473765403032	0.0009626881219446659	0.5262712240219116	0.014767258428037167	True	0.31871581077575684	0.2781885862350464	0.04743250459432602	0.051169026643037796	0.1719469130039215	0.13254716992378235
148sgj	conservapedia emc is a liberal conspiracy	data/processed/pro_fakeddit/images/148sgj.jpg	0	4	False	0.5712961181998253	0.38552112504839897	0.18577499315142632	0.10891992133110762	0.03113999217748642	0.019148482009768486	0.5712961181998253	0.08372046984732151	False	True	0.16850592195987701	0.05559295788407326	0.014812923967838287	0.007840592414140701	0.7216523885726929	0.031595177948474884	True	0.23758220672607422	0.2689008116722107	0.08012119680643082	0.05307215079665184	0.12022730708122253	0.2400963455438614
chza61	death to capital or death under capital by v deni	data/processed/pro_fakeddit/images/chza61.jpg	5	1	False	0.45109136402606964	0.19919778034090996	0.18676375970244408	0.45109136402606964	0.01895003888057545	0.025660553947091103	0.2518935836851597	0.06564064184203744	False	True	0.15613140165805817	0.513136625289917	0.0021775008644908667	0.0061010271310806274	0.2932250201702118	0.029228372499346733	True	0.2786608338356018	0.2649555802345276	0.0692676529288292	0.08433913439512253	0.12789927423000336	0.17487744987010956
2w44im	david axelrod obama thought yes we can was corny	data/processed/pro_fakeddit/images/2w44im.jpg	0	1	False	0.34915298223495483	0.0682321023195982	0.2108113430440426	0.34915298223495483	0.038462091237306595	0.020900517178233713	0.28092087991535664	0.09975215420126915	False	True	0.2137150764465332	0.3578549027442932	0.020713768899440765	0.0023933195043355227	0.33805111050605774	0.06727178394794464	True	0.20210014283657074	0.3230472207069397	0.09170705825090408	0.07642211019992828	0.10953018814325333	0.19719326496124268
b4s7n7	my so has a pencil made from a branch that looks like momo she got it before the meme	data/processed/pro_fakeddit/images/b4s7n7.jpg	0	4	False	0.6219901889562607	0.43463579937815666	0.18735438957810402	0.10363032948225737	0.023178259725682437	0.01503747605602257	0.6219901889562607	0.048809392494149506	False	True	0.1587667614221573	0.05599086359143257	0.005358418915420771	0.0018462302396073937	0.7731533646583557	0.004884389694780111	True	0.2731172740459442	0.24654872715473175	0.07663778215646744	0.0546112135052681	0.16850066184997559	0.1805844008922577
1ps7da	sniper finds no joy in his job	data/processed/pro_fakeddit/images/1ps7da.jpg	0	4	False	0.6830841712653637	0.5405619759112597	0.14252219535410404	0.09491967502981424	0.02307059394661337	0.015033289295388386	0.6830841712653637	0.0413700956851244	False	True	0.09871258586645126	0.02901322767138481	0.004658467601984739	0.0006652927258983254	0.8629071712493896	0.00404328852891922	True	0.2739510238170624	0.29263901710510254	0.07830697298049927	0.058137279003858566	0.14361517131328583	0.15335051715373993
8rrfjs	rare footage of a million patriot interceptor used to shoot down a drone	data/processed/pro_fakeddit/images/8rrfjs.jpg	2	4	False	0.6762437000870705	0.5689406674355268	0.10730303265154362	0.08803729806095362	0.03609711327590048	0.024708663317142054	0.6762437000870705	0.06761013902723789	False	True	0.07238992303609848	0.038141097873449326	0.013750779442489147	0.0009729355806484818	0.8595430254936218	0.015202157199382782	True	0.21204236149787903	0.2377258986234665	0.10313611477613449	0.09591584652662277	0.12634572386741638	0.22483408451080322
1sn912	charlottetown superstore resells meat found in thiefs pants	data/processed/pro_fakeddit/images/1sn912.jpg	0	1	False	0.6574000529944897	0.5307537876069546	0.1266462653875351	0.6574000529944897	0.03746920824050903	0.039073614636436105	0.05168134206905961	0.08772947359830141	False	True	0.1000082939863205	0.8072543144226074	0.018712691962718964	0.00993624608963728	0.019047511741518974	0.04504087194800377	True	0.2065601795911789	0.2078372687101364	0.09373875707387924	0.12648572027683258	0.14958283305168152	0.21579527854919434
cqfn1d	my friends lighter almost perfectly matches my hat	data/processed/pro_fakeddit/images/cqfn1d.jpg	0	4	False	0.7840381674468517	0.7186111512128264	0.06542701623402536	0.04838892666157335	0.03015474829589948	0.023711737478151917	0.7840381674468517	0.048279428548994474	False	True	0.012578238733112812	0.0036949743516743183	0.0015505508054047823	0.0010442240163683891	0.9802054166793823	0.0009266208508051932	True	0.223973348736763	0.18247078359127045	0.11596734076738358	0.0917142778635025	0.19553641974925995	0.19033785164356232
67zku1	further evidence that i could eat a dick	data/processed/pro_fakeddit/images/67zku1.jpg	3	4	False	0.5307792909443378	0.29810456559062004	0.2326747253537178	0.11982949823141098	0.018892180873081088	0.011726354074198753	0.5307792909443378	0.08609791845083237	False	True	0.22137188911437988	0.0682089626789093	0.010534324683248997	0.0026232560630887747	0.6600610017776489	0.03720054030418396	True	0.26658323407173157	0.274691104888916	0.04396574944257736	0.039035648107528687	0.1429341584444046	0.2327900528907776
de6yxq	had a bb removed from my arm after ish years heres the xray and post op culprit	data/processed/pro_fakeddit/images/de6yxq.jpg	0	4	False	0.7438046261668205	0.656158771365881	0.08764585480093956	0.05114220338873565	0.03081606642808765	0.018540966929322167	0.7438046261668205	0.06805022270418704	False	True	0.04570832848548889	0.0023787403479218483	0.0045012799091637135	5.786325709777884e-05	0.9387809634208679	0.008572760038077831	True	0.21345843374729156	0.19743259251117706	0.10976042598485947	0.07399027794599533	0.15887561440467834	0.24648261070251465
91z58w	actual photo of albert einstein lecturing on the theory of relativity	data/processed/pro_fakeddit/images/91z58w.jpg	2	1	False	0.37068377807736397	0.06513279303908348	0.3055509850382805	0.37068377807736397	0.023167322389781475	0.02133236196823418	0.2164616659283638	0.06280389754101634	False	True	0.3106902539730072	0.4238022565841675	0.0062924884259700775	0.011763396672904491	0.22446811199188232	0.02298351563513279	True	0.29013317823410034	0.21132834255695343	0.07379182428121567	0.05003925785422325	0.19244232773780823	0.182265043258667
21i5ic	discarded and depressed	data/processed/pro_fakeddit/images/21i5ic.jpg	2	4	False	0.47751037031412125	0.19790290296077728	0.27960746735334396	0.16953525505959988	0.011102546763140708	0.008064513909630477	0.47751037031412125	0.054179892875254154	False	True	0.2681126594543457	0.12011880427598953	0.0014104729052633047	0.0019349646754562855	0.5852099657058716	0.023213189095258713	True	0.31409189105033875	0.3177846074104309	0.04017876833677292	0.026453161612153053	0.15441158413887024	0.14708000421524048
ch4xge	compete for preshedule completion of fiveyear plan compete in order not to let years of revolution down by astarchevsky ukranian ssr	data/processed/pro_fakeddit/images/ch4xge.jpg	5	4	False	0.6043027061969042	0.4469763170927763	0.14437015540897846	0.15732638910412788	0.01925756043056026	0.017509924771729857	0.6043027061969042	0.05723324837163091	False	True	0.11317608505487442	0.09598170220851898	0.0024739454966038465	0.0032576515804976225	0.7725600600242615	0.01255052350461483	True	0.2379523664712906	0.3413604497909546	0.0696084052324295	0.06026674434542656	0.0995306447148323	0.19128142297267914
1pa73p	k pigeon tests positive for cocaine	data/processed/pro_fakeddit/images/1pa73p.jpg	0	4	False	0.5035595651715994	0.3152517657727003	0.18830779939889908	0.09275847673416138	0.06267713569104671	0.04857354983687401	0.5035595651715994	0.10412346944212914	False	True	0.17548714578151703	0.03541827201843262	0.0527924969792366	0.03191874176263809	0.6330367922782898	0.07134655117988586	True	0.22676976025104523	0.26477909088134766	0.09233105182647705	0.09853797405958176	0.11512788385152817	0.20245422422885895
cnboxq	we took apart a pay to play pool table in our office today	data/processed/pro_fakeddit/images/cnboxq.jpg	0	4	False	0.7199810743331909	0.6042140256613493	0.11576704867184162	0.045068969775456935	0.027156425960129127	0.023083894862793386	0.7199810743331909	0.06894250679761171	False	True	0.08112046867609024	0.003146461909636855	0.0015977277653291821	0.00012671621516346931	0.8956976532936096	0.01831088587641716	True	0.21970678865909576	0.17083649337291718	0.10383252054452896	0.09195543080568314	0.19283133745193481	0.22083736956119537
5ebcok	wwii fighter pilot flies one last mission	data/processed/pro_fakeddit/images/5ebcok.jpg	0	0	True	0.41724127531051636	0.10915258899331093	0.41724127531051636	0.17189431563019753	0.03122467244975269	0.01964884897461161	0.30808868631720543	0.05190210207365453	False	True	0.4506061375141144	0.1662677675485611	0.013058767654001713	0.0018512618262320757	0.3534538149833679	0.014762100763618946	True	0.3171466886997223	0.1887739598751068	0.08572238683700562	0.07304161041975021	0.17199330031871796	0.1633221060037613
2yj52d	texas nearly out of execution drug	data/processed/pro_fakeddit/images/2yj52d.jpg	0	4	False	0.4446914494037628	0.24301449581980705	0.20167695358395576	0.19904682412743568	0.019065410131588578	0.01644771732389927	0.4446914494037628	0.11907169036567211	False	True	0.18235544860363007	0.18128179013729095	0.008188347332179546	0.004726003855466843	0.5382026433944702	0.08524581044912338	True	0.25964146852493286	0.2523419260978699	0.051696598529815674	0.05161285772919655	0.16415786743164062	0.2205493301153183
9edrj7	the way the ground effects hides the rear tire making it look like the car is missing it	data/processed/pro_fakeddit/images/9edrj7.jpg	0	4	False	0.6400362849235535	0.484152901917696	0.11576668918132782	0.15588338300585747	0.016499251360073686	0.013983790711790789	0.6400362849235535	0.05783062940463424	False	True	0.06988105177879333	0.11509357392787933	0.0010641096159815788	0.00016582998796366155	0.8091873526573181	0.0046081263571977615	True	0.2534236013889313	0.27825281023979187	0.06280467659235	0.05543767288327217	0.13258308172225952	0.21749813854694366
6sy3f1	cutting a guitar string in the plastic in a very satisfying way	data/processed/pro_fakeddit/images/6sy3f1.jpg	3	4	False	0.6632382646203041	0.5314421504735947	0.13179611414670944	0.06139630451798439	0.03624629834666848	0.017736492794938385	0.6632382646203041	0.08958648797124624	False	True	0.10537642240524292	0.02601104974746704	0.007333746179938316	0.0010292879305779934	0.8077367544174194	0.05251270905137062	True	0.211055189371109	0.16755206882953644	0.12298395484685898	0.06785810738801956	0.22974279522895813	0.2008078247308731
b52iak	this butterfly shaped strawberry	data/processed/pro_fakeddit/images/b52iak.jpg	0	4	False	0.7372557632625103	0.6627174448221922	0.07152264099568129	0.03565761586651206	0.03987518843496218	0.04115048599487636	0.7372557632625103	0.07453831844031811	False	True	0.04064412787556648	0.008876236155629158	0.0021217584144324064	0.00066697335569188	0.9292595386505127	0.018431372940540314	True	0.1641581803560257	0.11600175499916077	0.1531354784965515	0.1626010239124298	0.1612444370985031	0.2428591549396515
c5mwdkv	woah thats like a really good point	data/processed/pro_fakeddit/images/c5mwdkv.jpg	4	4	True	0.7380707748234272	0.6308398582041264	0.10723091661930084	0.07350952853448689	0.017561228363774717	0.008138464865623973	0.7380707748234272	0.05548909807112068	False	True	0.04087001085281372	0.006941108964383602	0.00434858025982976	0.0005300909397192299	0.946075439453125	0.001234766561537981	True	0.3063136339187622	0.27321478724479675	0.05719917267560959	0.030963586643338203	0.1140567809343338	0.21825209259986877
c71uoiv	making tennis even better	data/processed/pro_fakeddit/images/c71uoiv.jpg	4	4	True	0.565501045435667	0.38868626579642296	0.154215132817626	0.17681477963924408	0.03430243534967303	0.009824767941609025	0.565501045435667	0.059341813903301954	False	True	0.10174373537302017	0.15419988334178925	0.031003402546048164	0.0006392775103449821	0.6926013231277466	0.019812339916825294	True	0.3116293251514435	0.24465946853160858	0.04419953376054764	0.037381239235401154	0.1842002123594284	0.17793023586273193
9iklj6	this sandwich shop used to be a dairy queen	data/processed/pro_fakeddit/images/9iklj6.jpg	0	4	False	0.6537352092564106	0.49664781987667084	0.15708738937973976	0.10157527774572372	0.022081290371716022	0.009651824977481738	0.6537352092564106	0.055869066156446934	False	True	0.12548880279064178	0.02718299627304077	0.007851537317037582	0.0016495835734531283	0.8207141757011414	0.017112966626882553	True	0.2518831491470337	0.3247521221637726	0.06477054953575134	0.033658549189567566	0.15279830992221832	0.17213736474514008
dfro2l3	chicken nuggets im hating it	data/processed/pro_fakeddit/images/dfro2l3.jpg	4	4	True	0.762821801006794	0.6664722408168018	0.07111253461334854	0.09634956018999219	0.011821842490462586	0.011182922578882426	0.762821801006794	0.046711323491763324	False	True	0.007349539082497358	0.01748286746442318	0.0010972205782309175	0.0003087541554123163	0.970427930355072	0.0033336898777633905	True	0.2624015212059021	0.3329496383666992	0.04399570822715759	0.043805427849292755	0.14000341296195984	0.17684422433376312
cmx97fb	great shot man hey whats going on with that van in the back	data/processed/pro_fakeddit/images/cmx97fb.jpg	4	4	True	0.6920295059680939	0.5156474597752094	0.17638204619288445	0.06384330708533525	0.018003836914431304	0.008128676854539663	0.6920295059680939	0.04161268111784011	False	True	0.1237063854932785	0.018626656383275986	0.001880793133750558	0.0005034951027482748	0.8524278998374939	0.0028548291884362698	True	0.33440902829170227	0.19949325919151306	0.06637296825647354	0.031004222109913826	0.2108343243598938	0.15788623690605164
dx22a6l	how is that even possible	data/processed/pro_fakeddit/images/dx22a6l.jpg	4	4	True	0.7794940024614334	0.698771238559857	0.0807227639015764	0.07183630979852751	0.011630611134023638	0.006072672306572713	0.7794940024614334	0.05024369855527766	False	True	0.009822417981922626	0.0024306902196258307	0.00016732093354221433	7.4310091804363765e-06	0.9872812628746033	0.00029098556842654943	True	0.2934238016605377	0.28005316853523254	0.04602048173546791	0.024268396198749542	0.15613222122192383	0.200101837515831
47pd4z	student cant attend school because hes africanamerican	data/processed/pro_fakeddit/images/47pd4z.jpg	0	1	False	0.39737264811992645	0.05779900401830673	0.3395736441016197	0.39737264811992645	0.029522810131311417	0.017247845767997205	0.1444655042141676	0.07181754242628813	False	True	0.35523614287376404	0.43324172496795654	0.02008529007434845	0.004617330152541399	0.1514580249786377	0.03536148741841316	True	0.29258614778518677	0.2897654175758362	0.05783537030220032	0.055139392614364624	0.1234879419207573	0.18118570744991302
191ead	latin american idol winner busted smuggling lbs of heroin stuffed into high heels	data/processed/pro_fakeddit/images/191ead.jpg	0	4	False	0.6813777051866055	0.5469383653253317	0.13443933986127377	0.07829764485359192	0.017916326585691422	0.0312292636372149	0.6813777051866055	0.056739717023447156	False	True	0.10781767219305038	0.02269268035888672	0.001825098181143403	0.0021068062633275986	0.8555576801300049	0.010000049136579037	True	0.2143043428659439	0.24511253833770752	0.06619001179933548	0.1185966357588768	0.15883778035640717	0.1969587206840515
b5b9u0	russia withdraws from wwi after the russian revolution	data/processed/pro_fakeddit/images/b5b9u0.jpg	2	3	False	0.24779744632542133	0.014504490420222282	0.23329295590519905	0.1353391893208027	0.17504902556538582	0.24779744632542133	0.13971157558262348	0.06880980730056763	False	True	0.21951790153980255	0.07027892768383026	0.21517618000507355	0.30894020199775696	0.1468079686164856	0.03927883505821228	True	0.27461811900138855	0.33051997423171997	0.05466756224632263	0.06436917930841446	0.11842239648103714	0.15740272402763367
2lbvc7	golfer lining up his shot	data/processed/pro_fakeddit/images/2lbvc7.jpg	0	4	False	0.46268289163708687	0.19176556915044785	0.270917322486639	0.16005168110132217	0.03053495881613344	0.022444212787377182	0.46268289163708687	0.05336894863285124	False	True	0.2798648476600647	0.1440439373254776	0.004518971312791109	0.0003063454932998866	0.5616142153739929	0.009651686064898968	True	0.244074746966362	0.2080749124288559	0.10858292132616043	0.08885781466960907	0.1658889204263687	0.18452073633670807
3sqoxa	firefighters rescued cat and dog stuck in tree	data/processed/pro_fakeddit/images/3sqoxa.jpg	0	4	False	0.7272632755339146	0.6377090672031045	0.08955420833081007	0.06166328024119139	0.048023957293480635	0.02601237897761166	0.7272632755339146	0.04748289583949372	False	True	0.04546666517853737	0.017754066735506058	0.017271244898438454	0.0004966100677847862	0.9173774123191833	0.0016340056899935007	True	0.22181683778762817	0.19339092075824738	0.14028209447860718	0.10255968570709229	0.15692086517810822	0.18502956628799438
58nohk	alpen between milano and zurich	data/processed/pro_fakeddit/images/58nohk.jpg	0	4	False	0.5770069733262062	0.3198591619729996	0.25714781135320663	0.07762330258265138	0.019158292678184807	0.00913250281882938	0.5770069733262062	0.05993112549185753	False	True	0.2369331419467926	0.01860765926539898	0.0022017783485352993	0.0006512629915960133	0.7171395421028137	0.024466633796691895	True	0.31779181957244873	0.25467023253440857	0.07002783566713333	0.03457622230052948	0.15660926699638367	0.16632460057735443
5w3bkk	this dog wrapped in a towel with tongue out	data/processed/pro_fakeddit/images/5w3bkk.jpg	0	1	False	0.45957402884960175	0.2455420047044754	0.20227643847465515	0.45957402884960175	0.028780159853340592	0.039876096205262	0.21403202414512634	0.055461265379562974	False	True	0.20804673433303833	0.5470836162567139	0.0003584490914363414	0.00041505231638439	0.23578067123889923	0.008315498940646648	True	0.18496555089950562	0.19704526662826538	0.11404529213905334	0.15825922787189484	0.14878608286380768	0.19689856469631195
57qa8c	little kids rock nonprofit reaches k kids through pop rap music	data/processed/pro_fakeddit/images/57qa8c.jpg	0	0	True	0.3699634298682213	0.08141595870256424	0.3699634298682213	0.28854747116565704	0.021335503784939647	0.019095561234280467	0.25121501088142395	0.04984304518438876	False	True	0.4092487096786499	0.27000099420547485	0.009216134436428547	0.0012443596497178078	0.29614412784576416	0.014145704917609692	True	0.2521075904369354	0.3441869020462036	0.057693611830472946	0.07264916598796844	0.11642765998840332	0.15693506598472595
cyvdeit	i dont pick up any life readings	data/processed/pro_fakeddit/images/cyvdeit.jpg	4	4	True	0.7450922690331936	0.6389243137091398	0.10616795532405376	0.08421081560663879	0.012975937657756731	0.01014042241149582	0.7450922690331936	0.04141261489712633	False	True	0.04339451342821121	0.0050941044464707375	0.000781214446760714	0.001237601856701076	0.9487833380699158	0.0007092513842508197	True	0.2944882810115814	0.32156094908714294	0.04956010729074478	0.03684888407588005	0.13401906192302704	0.16352270543575287
cfzeck6	catching the first pitch	data/processed/pro_fakeddit/images/cfzeck6.jpg	4	4	True	0.6810598596930504	0.5376561377197504	0.14340372197329998	0.09867886360734701	0.022256228607147932	0.010403927328297868	0.6810598596930504	0.044197388691827655	False	True	0.08650753647089005	0.040630538016557693	0.004854278638958931	0.0010867490200325847	0.8587891459465027	0.008131728507578373	True	0.3140922784805298	0.27282384037971497	0.07446207851171494	0.03835546225309372	0.14787200093269348	0.1523943692445755
9ijkdc	just a little feather i found	data/processed/pro_fakeddit/images/9ijkdc.jpg	0	4	False	0.5985916368663311	0.3793860748410225	0.2192055620253086	0.08826698455959558	0.019150046340655535	0.016413888428360224	0.5985916368663311	0.05837187264114618	False	True	0.19263987243175507	0.03675081953406334	0.0021167865488678217	0.0009563770145177841	0.7455510497093201	0.021985094994306564	True	0.29890263080596924	0.24281547963619232	0.07024982571601868	0.06278642266988754	0.1577133983373642	0.16753220558166504
by2m1i	instead of a stick family its a sewing machine	data/processed/pro_fakeddit/images/by2m1i.jpg	0	4	False	0.7146218828856945	0.6068745935335755	0.10774728935211897	0.09172884514555335	0.016057970700785518	0.019743079436011612	0.7146218828856945	0.050100873806513846	False	True	0.05458569899201393	0.027008922770619392	0.004796878434717655	0.002907609101384878	0.9072179198265076	0.0034829075448215008	True	0.2672320604324341	0.2858886122703552	0.049841247498989105	0.07024949043989182	0.1368337720632553	0.18995477259159088
d039fl	this unconventional bike seat	data/processed/pro_fakeddit/images/d039fl.jpg	0	4	False	0.48298387601971626	0.2242509387433529	0.2587329372763634	0.12137700244784355	0.037233665119856596	0.014371085620950907	0.48298387601971626	0.08530143648386002	False	True	0.2741563618183136	0.08777183294296265	0.02345235086977482	0.003718501189723611	0.5748600363731384	0.03604090213775635	True	0.2124626636505127	0.22219251096248627	0.07857760787010193	0.0463288389146328	0.20735539495944977	0.23308303952217102
b35xp3	sequential bills glued together like a notepad	data/processed/pro_fakeddit/images/b35xp3.jpg	0	4	False	0.6159192211925983	0.4742609206587076	0.14165830053389072	0.08857481461018324	0.027119244972709566	0.01902373075427022	0.6159192211925983	0.10770461894571781	False	True	0.11913775652647018	0.03558066859841347	0.00242249364964664	0.0007121132803149521	0.7665437459945679	0.07560314983129501	True	0.20921993255615234	0.24755725264549255	0.10120949894189835	0.07395858317613602	0.16404564678668976	0.2040090262889862
1gs1t1	grooms party cliche jumping	data/processed/pro_fakeddit/images/1gs1t1.jpg	0	4	False	0.6810120232403278	0.5477042756974697	0.13330774754285812	0.1061954963952303	0.02266704465728253	0.021942060987385048	0.6810120232403278	0.0348756312741898	False	True	0.10002607107162476	0.043928466737270355	0.0007704445160925388	4.8238271119771525e-05	0.8541909456253052	0.0010358293075114489	True	0.23315277695655823	0.2929965853691101	0.08835684508085251	0.08762352913618088	0.1614752560853958	0.13639503717422485
bbl8g1	i found these chips called boo chips shaped like little ghosts	data/processed/pro_fakeddit/images/bbl8g1.jpg	0	4	False	0.5991727486252785	0.4532318785786629	0.12218928150832653	0.0797705864533782	0.026572792674414814	0.026353721390478313	0.5991727486252785	0.1459408700466156	False	True	0.08612988144159317	0.025968585163354874	0.0071930349804461	0.0031989202834665775	0.7421451807022095	0.13536441326141357	True	0.2303674817085266	0.24117659032344818	0.08471206575632095	0.09581812471151352	0.17025545239448547	0.17767024040222168
c4agsx	the usa and uk authorise drone strikes on libya to topple colonel gaddafi circa	data/processed/pro_fakeddit/images/c4agsx.jpg	2	1	False	0.3844371438026428	0.17065032944083214	0.1352402064949274	0.3844371438026428	0.10376104898750782	0.01977287943009287	0.21378681436181068	0.14300190657377243	False	True	0.11182527989149094	0.3934219777584076	0.11493604630231857	0.005563642363995314	0.2391047477722168	0.1351483017206192	True	0.20548498630523682	0.3574826419353485	0.07023605704307556	0.062400590628385544	0.13783301413059235	0.16656272113323212
80f6vk	see the unbelievable transformation after dementia patients are given baby dolls	data/processed/pro_fakeddit/images/80f6vk.jpg	0	4	False	0.7078221365809441	0.5634006951004267	0.1444214414805174	0.06249855691567063	0.023485750425606966	0.015805524426468764	0.7078221365809441	0.04596664116252214	False	True	0.10800636559724808	0.018800077959895134	0.00538170151412487	0.00012175816664239392	0.8630968332290649	0.0045933290384709835	True	0.2536666691303253	0.19359399378299713	0.07779789716005325	0.06285682320594788	0.24199804663658142	0.1700865775346756
9h83g8	surprised to find an x and a heart in my butter	data/processed/pro_fakeddit/images/9h83g8.jpg	0	4	False	0.6969763077795506	0.5741997435688972	0.1227765642106533	0.08103953301906586	0.01894666813313961	0.01729501155205071	0.6969763077795506	0.06296587781980634	False	True	0.074149951338768	0.02086779475212097	0.001933947205543518	0.0005183955654501915	0.8818067312240601	0.020723139867186546	True	0.2686564028263092	0.2615547478199005	0.06998483091592789	0.06762485951185226	0.14248503744602203	0.1896940916776657
cqe4tu	this rock that looks like its insides are coming out	data/processed/pro_fakeddit/images/cqe4tu.jpg	0	4	False	0.689692061394453	0.5578915867954493	0.1318004745990038	0.046994523610919714	0.047060601064004004	0.017721377036650665	0.689692061394453	0.06673097796738148	False	True	0.11235182732343674	0.02040066011250019	0.006887077819555998	0.0003886194317601621	0.846822202205658	0.013149641454219818	True	0.19014641642570496	0.12677611410617828	0.16758117079734802	0.06971964985132217	0.21830163896083832	0.22747498750686646
21m3cu	first look at quicksilver in avengers	data/processed/pro_fakeddit/images/21m3cu.jpg	0	4	False	0.6092901229858398	0.4160220995545387	0.19326802343130112	0.10580967739224434	0.025365562993101776	0.015054139817948453	0.6092901229858398	0.0512124125380069	False	True	0.16639161109924316	0.07327660918235779	0.003954241517931223	0.0005871449247933924	0.7494449019432068	0.006345412693917751	True	0.273897260427475	0.203408882021904	0.08959952741861343	0.058455124497413635	0.188825786113739	0.18581341207027435
1v886f	the pope is selling his harleydavidson	data/processed/pro_fakeddit/images/1v886f.jpg	0	0	True	0.375640407204628	0.018291812390089035	0.375640407204628	0.14613648876547813	0.026219535153359175	0.022296612383797765	0.35734859481453896	0.07235833443701267	False	True	0.42134982347488403	0.09486950933933258	0.009073527529835701	0.0056374287232756615	0.437646746635437	0.03142290562391281	True	0.23851215839385986	0.2999374270439148	0.0776575580239296	0.07227416336536407	0.11645413935184479	0.19516462087631226
1zjlwi	years in environment of constant fear somehow fails to rehabilitate prisoner	data/processed/pro_fakeddit/images/1zjlwi.jpg	1	4	False	0.49501983076334	0.24948958680033684	0.24553024396300316	0.14777176454663277	0.021134082227945328	0.02245502406731248	0.49501983076334	0.06808903394266963	False	True	0.22269602119922638	0.10744993388652802	0.008890077471733093	0.015101158991456032	0.61489337682724	0.030969375744462013	True	0.3140329122543335	0.268737256526947	0.05786609649658203	0.04451661929488182	0.13539919257164001	0.17944800853729248
bgq8is	india to observe us sanctions on iranian oil	data/processed/pro_fakeddit/images/bgq8is.jpg	0	4	False	0.5030600242316723	0.3165225498378277	0.1865374743938446	0.10622512176632881	0.05303349904716015	0.027878890745341778	0.5030600242316723	0.12326492927968502	False	True	0.17082060873508453	0.05617229640483856	0.0403023436665535	0.005887094885110855	0.6290515661239624	0.09776601940393448	True	0.23368807137012482	0.25638359785079956	0.0912269651889801	0.09385427832603455	0.12508539855480194	0.19976165890693665
d3bqtvb	the reason there wasnt any room for jack	data/processed/pro_fakeddit/images/d3bqtvb.jpg	4	4	True	0.7900448702275753	0.7102024478954263	0.079842422332149	0.06554789518122561	0.015280004357919097	0.009249703940440668	0.7900448702275753	0.04003513052157359	False	True	0.0034123214427381754	0.00044780538883060217	0.0002444284036755562	1.1636540875770152e-05	0.9957815408706665	0.00010230400948785245	True	0.30913272500038147	0.26084816455841064	0.06038673222064972	0.03696390613913536	0.1728348582983017	0.1598336100578308
33qxgj	spiderman should be a snapchatting edm fan according to terrible pitch	data/processed/pro_fakeddit/images/33qxgj.jpg	0	4	False	0.5116392560303211	0.29887181147933006	0.21276744455099106	0.17346204817295074	0.02336883923271671	0.028409595950506628	0.5116392560303211	0.05035285814665258	False	True	0.21747656166553497	0.12835046648979187	0.0031172435265034437	0.004149977583438158	0.6374533176422119	0.009452474303543568	True	0.19864009320735931	0.30879679322242737	0.0841236263513565	0.10118845105171204	0.13419707119464874	0.17305400967597961
66b2zi	an athletes meteoric fall from grace very nsfl	data/processed/pro_fakeddit/images/66b2zi.jpg	2	4	False	0.7424807474017143	0.6460974104702473	0.08982692519202828	0.09638333693146706	0.015441076888237149	0.012580181995872408	0.7424807474017143	0.04328772862209007	False	True	0.029836921021342278	0.0166177898645401	0.0029626290779560804	0.002521265996620059	0.9447776675224304	0.0032837598118931055	True	0.2697969377040863	0.3356799781322479	0.05287642031908035	0.042756929993629456	0.13558998703956604	0.16329963505268097
5outr1	mark twain holding a pistol	data/processed/pro_fakeddit/images/5outr1.jpg	0	4	False	0.5696979239583015	0.38593078404664993	0.1837671399116516	0.12387711368501186	0.03889405250083655	0.036633048905059695	0.5696979239583015	0.04713072266895324	False	True	0.18329870700836182	0.09105316549539566	0.004663853440433741	0.0017518261447548866	0.7114247679710388	0.0078077069483697414	True	0.185172438621521	0.22234895825386047	0.14158464968204498	0.14127671718597412	0.14451739192008972	0.16509976983070374
94zeeo	nick young of all people says oncourt nba fashion is getting too out of hand	data/processed/pro_fakeddit/images/94zeeo.jpg	0	0	True	0.4045276790857315	0.1515902802348137	0.4045276790857315	0.2529373988509178	0.023220143979415298	0.025402675033546984	0.21998419612646103	0.07392792496830225	False	True	0.4544665813446045	0.2611101269721985	0.009799865074455738	0.00498958257958293	0.2279733568429947	0.041660528630018234	True	0.25471097230911255	0.2284192144870758	0.06348098069429398	0.08664195239543915	0.19601671397686005	0.1707301139831543
cq85ah6	dont even mention it bruh bruh	data/processed/pro_fakeddit/images/cq85ah6.jpg	4	4	True	0.5723496153950691	0.3901674933731556	0.18218212202191353	0.15585275925695896	0.01915862550958991	0.01713036058936268	0.5723496153950691	0.053326545166783035	False	True	0.13768430054187775	0.12240862101316452	0.0015971306711435318	0.0071850488893687725	0.7244241833686829	0.006700741592794657	True	0.3156755864620209	0.2561851739883423	0.07184311002492905	0.046966295689344406	0.1161259114742279	0.19320395588874817
crpyny	a bug i found in midmichigan anybody know what kind	data/processed/pro_fakeddit/images/crpyny.jpg	0	4	False	0.6092750728130341	0.3960238806903362	0.21325119212269783	0.05415572028141469	0.03098805737681687	0.023483205935917795	0.6092750728130341	0.06884675938636065	False	True	0.19794456660747528	0.006800817791372538	0.010098016820847988	0.002047822345048189	0.7603977918624878	0.022711005061864853	True	0.2591710686683655	0.19622042775154114	0.09365817904472351	0.08778935670852661	0.15590691566467285	0.20725402235984802
5h9712	christmas tree farmer returns wedding band lost years ago	data/processed/pro_fakeddit/images/5h9712.jpg	0	4	False	0.5580452531576157	0.29943782463669777	0.2586074285209179	0.09084930550307035	0.025852757040411234	0.012841351970564574	0.5580452531576157	0.053803867660462856	False	True	0.2473403662443161	0.04181470349431038	0.006913511082530022	0.0007666668388992548	0.6885370016098022	0.014627698808908463	True	0.29240861535072327	0.23795311152935028	0.08267049491405487	0.04906540736556053	0.1665700078010559	0.17133237421512604
cqur6l	collierville priest would not allow black woman to clean church blames his dog	data/processed/pro_fakeddit/images/cqur6l.jpg	0	1	False	0.3552115596830845	0.1407497115433216	0.16793641075491905	0.3552115596830845	0.06390280462801456	0.02313175133895129	0.21446184813976288	0.175355676561594	False	True	0.14719432592391968	0.4008963704109192	0.05752795189619064	0.0023741633631289005	0.21985793113708496	0.17214931547641754	True	0.23016266524791718	0.21815712749958038	0.08302736282348633	0.08540451526641846	0.19827359914779663	0.1849747598171234
54rjzv	how artisan jewelry is saving womens lives in rwanda	data/processed/pro_fakeddit/images/54rjzv.jpg	0	0	True	0.35732460021972656	0.038114286959171295	0.35732460021972656	0.14410736598074436	0.04096362553536892	0.02206081710755825	0.31921031326055527	0.11633330583572388	False	True	0.38588273525238037	0.09869768470525742	0.03034672886133194	0.008644100278615952	0.3801756203174591	0.0962531566619873	True	0.27165019512176514	0.2803364098072052	0.07281431555747986	0.06231096759438515	0.13631439208984375	0.1765737533569336
7vh6p7	this mop just tried to sell me some weed	data/processed/pro_fakeddit/images/7vh6p7.jpg	2	4	False	0.7396599054336548	0.6517663979902864	0.08739994931966066	0.08789350744336843	0.022995598323177546	0.01777471078094095	0.7396599054336548	0.04427634709281847	False	True	0.0389975868165493	0.025509227067232132	0.002137968549504876	0.0004587550647556782	0.929663360118866	0.003233107039704919	True	0.23260703682899475	0.27504634857177734	0.08556848764419556	0.06972257792949677	0.16964954137802124	0.16740606725215912
csycv6	was adjusting my watch strap and found astonished hitler	data/processed/pro_fakeddit/images/csycv6.jpg	0	4	False	0.4998051319271326	0.3008361514657736	0.19896898046135902	0.07692268397659063	0.05417500901967287	0.030495289887767285	0.4998051319271326	0.1396329328417778	False	True	0.19402603805065155	0.04206821694970131	0.01963460072875023	0.0019904079381376505	0.6288890242576599	0.11339175701141357	True	0.21379780769348145	0.1814860850572586	0.1577962338924408	0.11600993573665619	0.11255345493555069	0.21835646033287048
33x6n2	ive been saving up some good ones for my cake day mostly from my mediocre job where i set up dentures	data/processed/pro_fakeddit/images/33x6n2.jpg	2	4	False	0.5137986019253731	0.20660801976919174	0.30719058215618134	0.09742574207484722	0.01821611332707107	0.008101384126348421	0.5137986019253731	0.05526755005121231	False	True	0.31713828444480896	0.027198947966098785	0.009621934033930302	0.0008803630480542779	0.6290660500526428	0.0160943865776062	True	0.27734747529029846	0.30810612440109253	0.04399865120649338	0.02976444736123085	0.16799625754356384	0.17278704047203064
90hk6w	footage of sole survivor of amazon tribe emerges	data/processed/pro_fakeddit/images/90hk6w.jpg	0	4	False	0.49913596361875534	0.3024050332605839	0.19673093035817146	0.10276049003005028	0.06074884254485369	0.027087295660749078	0.49913596361875534	0.1135365329682827	False	True	0.17488820850849152	0.05922287702560425	0.059004928916692734	0.012550647370517254	0.6016275882720947	0.09270578622817993	True	0.2622590959072113	0.23337332904338837	0.06598058342933655	0.07069724053144455	0.19166108965873718	0.176028773188591
5ihr93	evangeline parish sheriff asks whether he is legally required to enforce the law	data/processed/pro_fakeddit/images/5ihr93.jpg	0	1	False	0.6124232336878777	0.47047675773501396	0.1419464759528637	0.6124232336878777	0.022690574056468904	0.030808622715994716	0.05797068914398551	0.13416041061282158	False	True	0.1123403012752533	0.7323251962661743	0.007517852354794741	0.009267986752092838	0.030883776023983955	0.10766489803791046	True	0.23076499998569489	0.25271734595298767	0.0682087391614914	0.09543053060770035	0.13923142850399017	0.21364694833755493
7756px	the fatal seatbelt mistake passengers are making	data/processed/pro_fakeddit/images/7756px.jpg	5	1	False	0.2853407636284828	0.012024406343698502	0.1538318358361721	0.2853407636284828	0.14411494880914688	0.014400266984011978	0.12899578921496868	0.2733163572847843	False	True	0.12529483437538147	0.29256346821784973	0.16870509088039398	0.0005099412519484758	0.12445276230573654	0.28847384452819824	True	0.239442840218544	0.2636726498603821	0.07034452259540558	0.056071244180202484	0.1426248699426651	0.22784389555454254
cayrghv	what it should have been i suppose	data/processed/pro_fakeddit/images/cayrghv.jpg	4	4	True	0.6967684850096703	0.5552966948598623	0.14147179014980793	0.08986271545290947	0.017467944067902863	0.006642482170718722	0.6967684850096703	0.047786575742065907	False	True	0.08616720885038376	0.0334727019071579	0.007503387983888388	0.0004897271865047514	0.8683197498321533	0.004047241061925888	True	0.30738553404808044	0.2590327560901642	0.04736161231994629	0.025100747123360634	0.18211469054222107	0.17900457978248596
1c4xjv	mtv star farrah abrahams porn video a new low of lows experts say	data/processed/pro_fakeddit/images/1c4xjv.jpg	0	4	False	0.4496857821941376	0.14365652948617935	0.1463041640818119	0.3060292527079582	0.02480828994885087	0.019289580814074725	0.4496857821941376	0.053882892709225416	False	True	0.12806016206741333	0.3056958317756653	0.007313502952456474	0.0035622066352516413	0.5396718978881836	0.01569635607302189	True	0.20103617012500763	0.30702951550483704	0.07729265093803406	0.06647170335054398	0.1797274351119995	0.168442502617836
1pbf9m	year old girl ran mile in the dark to summon help for her dad	data/processed/pro_fakeddit/images/1pbf9m.jpg	0	1	False	0.37433967739343643	0.03587867692112923	0.19384410232305527	0.37433967739343643	0.01829874055692926	0.01612741034477949	0.3384610004723072	0.058929109480232	False	True	0.16975811123847961	0.4028390049934387	0.0024908173363655806	0.00468643382191658	0.40224549174308777	0.017980189993977547	True	0.2661020755767822	0.28884169459342957	0.0657225102186203	0.050450339913368225	0.14710752665996552	0.18177586793899536
cscnml	a leaf fell through a hole in another leaf	data/processed/pro_fakeddit/images/cscnml.jpg	0	4	False	0.6521491296589375	0.5408175550401211	0.11133157461881638	0.05723486538045108	0.0951819196343422	0.02999932345119305	0.6521491296589375	0.05410314165055752	False	True	0.07633888721466064	0.010053441859781742	0.07435908913612366	0.001388497999869287	0.8238265514373779	0.014033474028110504	True	0.21630963683128357	0.1987791359424591	0.1576504111289978	0.11583179980516434	0.13711686432361603	0.17431214451789856
b6aatz	shadow of a shirt on staircase bannister looks like a dog hiding behind the curtain	data/processed/pro_fakeddit/images/b6aatz.jpg	0	4	False	0.7087008059024811	0.6250976230949163	0.08360318280756474	0.04087685281410813	0.051837742794305086	0.06258299946784973	0.7087008059024811	0.052398391999304295	False	True	0.0705767348408699	0.013834333047270775	0.0065614040940999985	0.0014223307371139526	0.9030143618583679	0.004590805619955063	True	0.12268252670764923	0.12200441211462021	0.18766675889492035	0.24606500566005707	0.12576013803482056	0.195821151137352
b5s1u9	nevada governor steve sisolak joins us climate alliance	data/processed/pro_fakeddit/images/b5s1u9.jpg	0	4	False	0.4175062067806721	0.1978948377072811	0.19531040638685226	0.21961136907339096	0.028916378738358617	0.029945433780085295	0.4175062067806721	0.10871015675365925	False	True	0.1932164430618286	0.22261908650398254	0.0058823442086577415	0.0022620095405727625	0.4951782524585724	0.0808418020606041	True	0.20159229636192322	0.2105882167816162	0.09801848232746124	0.1129957064986229	0.18449006974697113	0.1923152208328247
c5tx4e	this patch of rainbow in the sky on a mostly sunny day	data/processed/pro_fakeddit/images/c5tx4e.jpg	0	4	False	0.5409287810325623	0.3028562590479851	0.23807252198457718	0.12517051212489605	0.0279862976167351	0.012088797782780603	0.5409287810325623	0.05575306713581085	False	True	0.22089987993240356	0.0847388282418251	0.010824176482856274	0.0009997956221923232	0.662641167640686	0.01989610493183136	True	0.289590448141098	0.2464655637741089	0.07947266101837158	0.04535580426454544	0.17579162120819092	0.16332395374774933
6bvppt	saintjeandeluz pyreneesatlantiques france	data/processed/pro_fakeddit/images/6bvppt.jpg	0	4	False	0.5231319703161716	0.23325559124350548	0.28987637907266617	0.12098722718656063	0.012286574579775333	0.009281232138164341	0.5231319703161716	0.04443661286495626	False	True	0.2822704613208771	0.065714992582798	0.0029801279306411743	0.0010389885865151882	0.6358867883682251	0.0121086360886693	True	0.31269413232803345	0.2868039309978485	0.04020591452717781	0.0340079627931118	0.1848675161600113	0.14142054319381714
1xm70a	east ukraine gypsum mine	data/processed/pro_fakeddit/images/1xm70a.jpg	0	4	False	0.7481159456074238	0.6339123174548149	0.11420362815260887	0.06381449720356613	0.01458092920074705	0.014003826028783806	0.7481159456074238	0.04528115165885538	False	True	0.056806907057762146	0.005174401681870222	0.0006965107168070972	0.0004939631908200681	0.9327213168144226	0.004106857348233461	True	0.28639379143714905	0.23973478376865387	0.05623418465256691	0.05453341454267502	0.1942998319864273	0.16880403459072113
bfrk93	the way the stick of incense burnt	data/processed/pro_fakeddit/images/bfrk93.jpg	0	4	False	0.6781202554702759	0.5168087258934975	0.1613115295767784	0.07081608066800982	0.030535958241671324	0.008964364824350923	0.6781202554702759	0.050251741195097566	False	True	0.11383450031280518	0.005989655386656523	0.018838563933968544	0.0022511754650622606	0.8452594876289368	0.01382655929774046	True	0.3037426173686981	0.2652953565120697	0.06562814116477966	0.02910393290221691	0.1767025589942932	0.15952728688716888
bct8vq	these trees in philadelphia that grew around their cages like its no big deal	data/processed/pro_fakeddit/images/bct8vq.jpg	0	4	False	0.6954033747315407	0.5684026889503002	0.12700068578124046	0.05742150777950883	0.05198419000953436	0.015354326751548797	0.6954033747315407	0.052835980779491365	False	True	0.08325092494487762	0.01796617917716503	0.02026747539639473	0.0005745773669332266	0.8736249804496765	0.004315935540944338	True	0.258249968290329	0.17578749358654022	0.14713433384895325	0.05969357490539551	0.16073855757713318	0.19839611649513245
5563wh	oxera ive been very good to broadway	data/processed/pro_fakeddit/images/5563wh.jpg	1	4	False	0.587408471852541	0.3995452895760536	0.18786318227648735	0.15676640160381794	0.016938666522037238	0.010427025988974492	0.587408471852541	0.04059623659122735	False	True	0.15843187272548676	0.09978660196065903	0.0021457059774547815	6.802989082643762e-05	0.7358831167221069	0.0036846562288701534	True	0.27615711092948914	0.3277058005332947	0.06131754815578461	0.041504014283418655	0.14198453724384308	0.15133097767829895
7xfbz7	shaun white finding out he won gold in the olympics	data/processed/pro_fakeddit/images/7xfbz7.jpg	0	4	False	0.4835500754415989	0.2089795470237732	0.2745705284178257	0.13663050159811974	0.025046385708265007	0.01977436151355505	0.4835500754415989	0.060428164433687925	False	True	0.2924109697341919	0.085749551653862	0.007766055408865213	0.0035114623606204987	0.5927953124046326	0.0177666787058115	True	0.2210492044687271	0.28927335143089294	0.07688737660646439	0.0685630589723587	0.15581436455249786	0.1884126216173172
c86n5pw	i like them better than the camels	data/processed/pro_fakeddit/images/c86n5pw.jpg	4	4	True	0.7707579880952835	0.6765191280283034	0.07741644303314388	0.09423886006698012	0.009789414616534486	0.005621895958938694	0.7707579880952835	0.04217536226497032	False	True	0.008835882879793644	0.01290886290371418	0.0011574922828003764	4.241220813128166e-05	0.9762510657310486	0.0008042434928938746	True	0.2831581234931946	0.33822885155677795	0.035685181617736816	0.02236034721136093	0.15427875518798828	0.16628871858119965
b4113j	the way this bowling alley tells you what lanes are open	data/processed/pro_fakeddit/images/b4113j.jpg	0	4	False	0.6752770282328129	0.5639324840158224	0.11134454421699047	0.08225390501320362	0.0368945257505402	0.01731160252529662	0.6752770282328129	0.07691841293126345	False	True	0.07723589986562729	0.04237585514783859	0.005182255525141954	0.00012652535224333405	0.8565430045127869	0.01853647455573082	True	0.21367047727108002	0.2018880546092987	0.13203133642673492	0.06886683404445648	0.13147909939289093	0.25206422805786133
6i9o8z	this bombshell was dropped on ellen and fans were shocked	data/processed/pro_fakeddit/images/6i9o8z.jpg	5	1	False	0.46360422670841217	0.2357044443488121	0.22789978235960007	0.46360422670841217	0.025317645631730556	0.01405527361202985	0.2122873105108738	0.05683575477451086	False	True	0.2100382149219513	0.5304121971130371	0.015915226191282272	0.005620276089757681	0.21359442174434662	0.02441965416073799	True	0.2814844846725464	0.26318031549453735	0.05352490395307541	0.03936026617884636	0.20836597681045532	0.15408405661582947
cb9zmr	ualuis saving these two kittens	data/processed/pro_fakeddit/images/cb9zmr.jpg	0	4	False	0.7158519700169563	0.6092810686677694	0.1065709013491869	0.08104123640805483	0.02917392540257424	0.015223638336465228	0.7158519700169563	0.052138332859613	False	True	0.057204537093639374	0.030536826699972153	0.0005597048439085484	0.0004738435090985149	0.9077507257461548	0.0034743803553283215	True	0.25466999411582947	0.23255446553230286	0.11501658707857132	0.05947302281856537	0.14015570282936096	0.19813019037246704
2e578p	vote fire hydrant for mayor	data/processed/pro_fakeddit/images/2e578p.jpg	0	4	False	0.520074836909771	0.31864335760474205	0.17602626979351044	0.20143147930502892	0.02370105404406786	0.032860743813216686	0.520074836909771	0.0459055807441473	False	True	0.16494697332382202	0.15267981588840485	0.007093492895364761	0.010683666914701462	0.6415695548057556	0.023026466369628906	True	0.20926415920257568	0.3476864695549011	0.07352373749017715	0.09939197450876236	0.15559068322181702	0.11454292386770248
cah2qd	this cafe makes animals out of rice for their kids meal curry plates giraffes are my absolute favorite loved this	data/processed/pro_fakeddit/images/cah2qd.jpg	0	4	False	0.6244495138525963	0.4402466453611851	0.1842028684914112	0.09766795579344034	0.02429279830539599	0.017123236597399227	0.6244495138525963	0.05226365360431373	False	True	0.1616530567407608	0.05741850659251213	0.0004776536952704191	0.00012664409587159753	0.7758377194404602	0.004486449994146824	True	0.2518523037433624	0.21841630339622498	0.0957382321357727	0.06811301410198212	0.17028489708900452	0.19559526443481445
3zcpl2	poster for the upcoming trey parkermatt stone short film on canada	data/processed/pro_fakeddit/images/3zcpl2.jpg	2	4	False	0.6868819706141949	0.5513211712241173	0.1355607993900776	0.07523493701592088	0.03955012047663331	0.014010004146257415	0.6868819706141949	0.048762190621346235	False	True	0.10050581395626068	0.021381033584475517	0.019263869151473045	0.0009208078263327479	0.8412520885467529	0.016676420345902443	True	0.24072575569152832	0.23679664731025696	0.1004088744521141	0.05327759310603142	0.2237716168165207	0.1450195014476776
278cg7	bounce house injuries become an epidemic	data/processed/pro_fakeddit/images/278cg7.jpg	0	4	False	0.5072604417800903	0.2834368944168091	0.22382354736328125	0.17741788923740387	0.015148110047448426	0.01682667649583891	0.5072604417800903	0.05952331377193332	False	True	0.2135792374610901	0.13152363896369934	0.002363247564062476	0.0024136581923812628	0.6328886151313782	0.017231592908501625	True	0.25455647706985474	0.31510064005851746	0.05350269749760628	0.06006573140621185	0.1303759217262268	0.1863984763622284
b6ecug	they keys to the bathrooms at work are kitchen utensils so they dont get stolen or lost	data/processed/pro_fakeddit/images/b6ecug.jpg	0	4	False	0.7567167542874813	0.6724620382301509	0.0675015663728118	0.08425471605733037	0.0153817986138165	0.024827283443300985	0.7567167542874813	0.05131791444728151	False	True	0.01811114326119423	0.012216513976454735	0.0028612297028303146	0.0008013554033823311	0.9625868201255798	0.0034229743760079145	True	0.2156728357076645	0.3003693222999573	0.052943505346775055	0.09690506756305695	0.13910655677318573	0.1950027346611023
bn7wmm	this pack of waffle cones wrapped in bubble wrap	data/processed/pro_fakeddit/images/bn7wmm.jpg	0	4	False	0.5821145661175251	0.38499896600842476	0.08503077551722527	0.19711560010910034	0.026335961534641683	0.027201909746509045	0.5821145661175251	0.08220118936151266	False	True	0.05834342539310455	0.1818036288022995	0.0046377298422157764	0.003596849972382188	0.7141132950782776	0.03750506415963173	True	0.1650928258895874	0.24305151402950287	0.0914306566119194	0.09801708906888962	0.18611837923526764	0.21628956496715546
br022s	chef gary usher offered a homeless man work but now what when top chef gary usher left his manchester restaurant last week after a shift he didnt know he was about to have a conversation that would change someones life	data/processed/pro_fakeddit/images/br022s.jpg	0	4	False	0.3726954758167267	0.09491943567991257	0.17919566482305527	0.2777760401368141	0.042808497324585915	0.04065291676670313	0.3726954758167267	0.08687147311866283	False	True	0.16592206060886383	0.26686418056488037	0.03044687956571579	0.020351629704236984	0.4508642554283142	0.06555105000734329	True	0.21901647746562958	0.31051161885261536	0.07989335060119629	0.10155677795410156	0.1381891369819641	0.15083274245262146
9ges63	the all white candy corn i got today	data/processed/pro_fakeddit/images/9ges63.jpg	0	4	False	0.6990381255745888	0.5913577619940042	0.09733878634870052	0.06176729907747358	0.019683717022417113	0.014491681122308364	0.6990381255745888	0.10768036358058453	False	True	0.044541843235492706	0.007302165497094393	0.0018270515138283372	5.9987258282490075e-05	0.8767982721328735	0.06947063654661179	True	0.255729615688324	0.22516269981861115	0.07325371354818344	0.057786762714385986	0.1657576858997345	0.22230954468250275
ck2r6t0	the physical impossibility of death in the mind of someone living	data/processed/pro_fakeddit/images/ck2r6t0.jpg	4	4	True	0.7060214206576347	0.5540160108357668	0.15200540982186794	0.07411206210963428	0.010612503778247628	0.013130101579008624	0.7060214206576347	0.044118519756011665	False	True	0.105318583548069	0.00766895804554224	0.0004656950186472386	0.0005631536478176713	0.8833822011947632	0.0026014545001089573	True	0.29206588864326477	0.2734413743019104	0.0410529300570488	0.05083094537258148	0.1739390790462494	0.1686697155237198
b7phc7	my local grocery store has a shopping cart escalator	data/processed/pro_fakeddit/images/b7phc7.jpg	0	4	False	0.7640461102128029	0.697387098451145	0.04954427061602473	0.043641829513944685	0.04325207899091765	0.03285673494974617	0.7640461102128029	0.0666590117616579	False	True	0.01589391566812992	0.003810278605669737	0.002380244666710496	0.0002676478470675647	0.9716479778289795	0.006000003311783075	True	0.15049533545970917	0.16313648223876953	0.16586758196353912	0.13062399625778198	0.14124050736427307	0.24863603711128235
ddtgub	this small sidetable has a map of the city and location of the hotel	data/processed/pro_fakeddit/images/ddtgub.jpg	0	4	False	0.6757130585610867	0.5387341119349003	0.13697894662618637	0.05016477545723319	0.039977516047656536	0.039593274537764955	0.6757130585610867	0.057572472374886274	False	True	0.10927332937717438	0.017587365582585335	0.005371604114770889	0.000347041612258181	0.859967052936554	0.007453659549355507	True	0.22009579837322235	0.14789700508117676	0.14379525184631348	0.15733197331428528	0.12295107543468475	0.20792891085147858
614tnh	sweet pawlitics joe biden the human meets joe biden the puppy	data/processed/pro_fakeddit/images/614tnh.jpg	0	4	False	0.5014169085770845	0.24745078198611736	0.1216959748417139	0.2539661265909672	0.033533135894685984	0.02082664519548416	0.5014169085770845	0.06856118887662888	False	True	0.09258946031332016	0.22886408865451813	0.012144295498728752	0.0024181902408599854	0.6341586112976074	0.029825329780578613	True	0.20901551842689514	0.32927224040031433	0.09769965708255768	0.07605201005935669	0.1031918004155159	0.18476876616477966
av83mp	walmart has mirrors in the checkout lanes to look at the bottom of your cart	data/processed/pro_fakeddit/images/av83mp.jpg	0	4	False	0.6857140138745308	0.5683716144412756	0.1173423994332552	0.076023253146559	0.022498411184642464	0.017155374836875126	0.6857140138745308	0.0812665494158864	False	True	0.0935874804854393	0.017336560413241386	0.0036168608348816633	0.0012930376688018441	0.8591088652610779	0.025057192891836166	True	0.18860715627670288	0.25208333134651184	0.07914306223392487	0.06474238634109497	0.16552945971488953	0.2498946189880371
b77ykn	cbs employees credit union manager charged with embezzling million	data/processed/pro_fakeddit/images/b77ykn.jpg	0	4	False	0.5200021266937256	0.36341867595911026	0.15634510666131973	0.15658345073461533	0.019763920863624662	0.0478542884811759	0.5200021266937256	0.0994511004537344	False	True	0.1305980086326599	0.144110769033432	0.0029919848311692476	0.020148757845163345	0.6220763325691223	0.08007413893938065	True	0.2335864007472992	0.19400149583816528	0.0700797289609909	0.13097088038921356	0.2137795090675354	0.15758198499679565
f16p4th	httpsiimgurcomvlqoowwjpg	data/processed/pro_fakeddit/images/f16p4th.jpg	4	4	True	0.568264652043581	0.34190574660897255	0.15542450547218323	0.22635890543460846	0.011380159470718354	0.0062185536371544	0.568264652043581	0.03235325432615355	False	True	0.08711078763008118	0.21162137389183044	0.0036862606648355722	0.0011980566196143627	0.6939089298248291	0.0024746188428252935	True	0.3603656589984894	0.2705715000629425	0.0344618558883667	0.021280044689774513	0.19133181869983673	0.1219891607761383
auabo0	you have to look through the mirror to read this sign	data/processed/pro_fakeddit/images/auabo0.jpg	0	4	False	0.5741808973252773	0.3719884492456913	0.10995529964566231	0.20219244807958603	0.02289970964193344	0.01224443397950381	0.5741808973252773	0.07852718373760581	False	True	0.057398006319999695	0.1887412965297699	0.005376733839511871	0.0018643797375261784	0.7195008993148804	0.027118640020489693	True	0.26762717962265015	0.24254590272903442	0.07546863704919815	0.04338459670543671	0.1382208913564682	0.23275281488895416
bchbz8	a blue mirror at a starbucks by my school	data/processed/pro_fakeddit/images/bchbz8.jpg	0	4	False	0.6958717033267021	0.5933576747775078	0.10251402854919434	0.0784851424396038	0.029231929482193664	0.03800943202804774	0.6958717033267021	0.05588781554251909	False	True	0.07501004636287689	0.03411543369293213	0.0006598945474252105	0.001749089453369379	0.8778571486473083	0.010608475655317307	True	0.18502597510814667	0.21159426867961884	0.11494803428649902	0.14679045975208282	0.14991536736488342	0.19172583520412445
8zht53	thomas the tank engine is that you	data/processed/pro_fakeddit/images/8zht53.jpg	2	4	False	0.49184297397732735	0.14111712202429771	0.35072585195302963	0.07626536209136248	0.014575694222003222	0.014407279319129884	0.49184297397732735	0.052182864397764206	False	True	0.36515921354293823	0.01331239566206932	0.004582731053233147	0.007290862966328859	0.5872828364372253	0.02237197756767273	True	0.30742576718330383	0.26512426137924194	0.044554583728313446	0.03575652837753296	0.20552338659763336	0.14161552488803864
bifedn	hurricane in florida snapped all these pine trees	data/processed/pro_fakeddit/images/bifedn.jpg	0	4	False	0.6925450451672077	0.5556035302579403	0.13694151490926743	0.0633659022860229	0.040095562348142266	0.012868234423876856	0.6925450451672077	0.05418377509340644	False	True	0.10064683854579926	0.00960802473127842	0.013620886020362377	0.00010863629722734913	0.8675675988197327	0.00844806618988514	True	0.24582554399967194	0.22463953495025635	0.11951959133148193	0.05114702880382538	0.16747738420963287	0.19139090180397034
d4tbl9v	a woman not so thrilled to meet donald trump	data/processed/pro_fakeddit/images/d4tbl9v.jpg	4	4	True	0.6932439059019089	0.5741250133141875	0.09067373629659414	0.11911889258772135	0.030545207671821117	0.015464872762095183	0.6932439059019089	0.05095340358093381	False	True	0.044928211718797684	0.04258401319384575	0.019446726888418198	0.0026719404850155115	0.8772778511047363	0.013091286644339561	True	0.22791031002998352	0.34872353076934814	0.06384065002202988	0.0538436695933342	0.1411420702934265	0.16453975439071655
2j8ukx	yearold girl in sheboygan wi who has been missing since monday afternoon has been found safe	data/processed/pro_fakeddit/images/2j8ukx.jpg	0	4	False	0.5358228236436844	0.3360633850097656	0.19975943863391876	0.15555768087506294	0.027237902162596583	0.03257306550221983	0.5358228236436844	0.04904917045496404	False	True	0.1964157223701477	0.1314954310655594	0.008646042086184025	0.0007958148489706218	0.6531251072883606	0.009521973319351673	True	0.20979058742523193	0.2277444303035736	0.08301348239183426	0.12790481746196747	0.18391597270965576	0.16763076186180115
3yjal6	participant in the annual boxing day raft race in matlock england	data/processed/pro_fakeddit/images/3yjal6.jpg	0	4	False	0.72380755469203	0.6510369088500738	0.06976034678518772	0.07277064584195614	0.03147578000789508	0.06122628599405289	0.72380755469203	0.040959378573461436	False	True	0.047107286751270294	0.029545016586780548	0.0008163966704159975	0.00030823051929473877	0.9216235280036926	0.0005995107931084931	True	0.13771952688694	0.2024475336074829	0.12345393002033234	0.24398045241832733	0.13035963475704193	0.16203898191452026
3eso48	two charged with dui in same car	data/processed/pro_fakeddit/images/3eso48.jpg	0	4	False	0.3639955073595047	0.08309569954872131	0.15016380324959755	0.2808998078107834	0.04897043574601412	0.01566588329296792	0.3639955073595047	0.1403045617043972	False	True	0.10794730484485626	0.2987436056137085	0.0434342585504055	0.00027204814250580966	0.4191543459892273	0.13044844567775726	True	0.2768132984638214	0.22736841440200806	0.06557896733283997	0.06184738874435425	0.19851899147033691	0.16987290978431702
6bnlva	the yearold brit who stopped the global cyberattack is donating his reward to charity	data/processed/pro_fakeddit/images/6bnlva.jpg	0	4	False	0.4986198842525482	0.29338475689291954	0.20523512735962868	0.0880398191511631	0.05454113334417343	0.08814220130443573	0.4986198842525482	0.06542180199176073	False	True	0.19572880864143372	0.03492407500743866	0.05109871178865433	0.08251047879457474	0.6098001599311829	0.025937732309103012	True	0.23375408351421356	0.24738705158233643	0.06486839801073074	0.10503736883401871	0.1650790572166443	0.1838740110397339
b36ip9	santa rosa man displays naked mannequins after neighbor complains about high fence	data/processed/pro_fakeddit/images/b36ip9.jpg	0	4	False	0.7255847156047821	0.606387197971344	0.11919751763343811	0.07253402285277843	0.021280938119161874	0.025477435148786753	0.7255847156047821	0.03592529823072255	False	True	0.08438868820667267	0.01972150057554245	0.0024476961698383093	0.0002688115928322077	0.8921841382980347	0.0009890785440802574	True	0.22362400591373444	0.2309715896844864	0.07778066396713257	0.10110330581665039	0.22578644752502441	0.14073395729064941
wvx40	a child plays between two cartoon military statues	data/processed/pro_fakeddit/images/wvx40.jpg	0	4	False	0.4868016242980957	0.24602411314845085	0.1160143855959177	0.24077751114964485	0.07426036830293015	0.04452855638373876	0.4868016242980957	0.03761762811336666	False	True	0.11754640191793442	0.2690640985965729	0.0016684324946254492	0.00033396153594367206	0.6046614050865173	0.006725783925503492	True	0.11141833662986755	0.15591774880886078	0.29203617572784424	0.17711234092712402	0.1332222819328308	0.13029316067695618
b0p7zn	guess this belongs here robber returns money after checking womans bank balance	data/processed/pro_fakeddit/images/b0p7zn.jpg	0	4	False	0.6964488998055458	0.6070377435535192	0.08941115625202656	0.07140243286266923	0.0339780047070235	0.05178111745044589	0.6964488998055458	0.05697834980674088	False	True	0.048275820910930634	0.02782869152724743	0.013642297126352787	0.016085872426629066	0.8828573822975159	0.011309883557260036	True	0.21281716227531433	0.20212365686893463	0.09498512744903564	0.15886685252189636	0.13722345232963562	0.1939837485551834
9fmnx5	social distortion selftitled	data/processed/pro_fakeddit/images/9fmnx5.jpg	1	1	True	0.4493884854018688	0.1656915843486786	0.12760200537741184	0.4493884854018688	0.041408663731999695	0.039565991261042655	0.28369690105319023	0.05833793291822076	False	True	0.10026723891496658	0.5368093252182007	0.00431841379031539	0.004040777217596769	0.3448697328567505	0.009694484993815422	True	0.20960630476474762	0.18712596595287323	0.1526794135570526	0.1461416333913803	0.10017840564250946	0.20426827669143677
c6ro36	soap on my sunroof at the carwash	data/processed/pro_fakeddit/images/c6ro36.jpg	0	4	False	0.5334385205060244	0.28828403912484646	0.2451544813811779	0.11325390823185444	0.030929027241654694	0.02300403779372573	0.5334385205060244	0.05422001564875245	False	True	0.2564507722854614	0.04464256018400192	0.005113286431878805	0.0021755415946245193	0.6740590929985046	0.017558736726641655	True	0.21126560866832733	0.319087952375412	0.10837624967098236	0.08548952639102936	0.11157680302858353	0.16420385241508484
1drpht	caught friend yawning while superman posing at nature trail	data/processed/pro_fakeddit/images/1drpht.jpg	0	4	False	0.6348102651536465	0.46443256735801697	0.1703776977956295	0.07649604417383671	0.04756905813701451	0.027653462573653087	0.6348102651536465	0.04309346713125706	False	True	0.16379418969154358	0.03699304908514023	0.004826604388654232	0.0016729302005842328	0.784271776676178	0.008441455662250519	True	0.19012822210788727	0.19500502943992615	0.17579641938209534	0.10559505969285965	0.18642573058605194	0.14704950153827667
ddsb0z	the raised shape and the image of mjolnir on my copy of norse mythology are slightly misaligned	data/processed/pro_fakeddit/images/ddsb0z.jpg	0	0	True	0.33718035742640495	0.08051770180463791	0.33718035742640495	0.25666265562176704	0.04686404159292579	0.03194814213202335	0.23591099679470062	0.09143378213047981	False	True	0.38763371109962463	0.2800428867340088	0.01596294529736042	0.0010332072852179408	0.2779051661491394	0.03742207586765289	True	0.1858202964067459	0.1865219622850418	0.1395673304796219	0.12469294667243958	0.10992848873138428	0.25346890091896057
8h6h77	black ice cream cone with sprinkles	data/processed/pro_fakeddit/images/8h6h77.jpg	2	4	False	0.6242031361907721	0.4502187054604292	0.17398443073034286	0.06913361512124538	0.03290304681286216	0.027688614252838306	0.6242031361907721	0.07208716124296188	False	True	0.15541936457157135	0.011021770536899567	0.009915011003613472	0.0004920079954899848	0.79074627161026	0.03240557014942169	True	0.2296796292066574	0.24346914887428284	0.10186715424060822	0.10927843302488327	0.1245737299323082	0.19113193452358246
cndt6s	the way that the bubbles avoided where my hand was holding the mug	data/processed/pro_fakeddit/images/cndt6s.jpg	0	4	False	0.4262912757694721	0.05190548673272133	0.3743857890367508	0.07080061454325914	0.030890131019987166	0.022140772955026478	0.4262912757694721	0.07549136970192194	False	True	0.4070204496383667	0.030851807445287704	0.005425482522696257	0.0032183874864131212	0.5152930021286011	0.038190823048353195	True	0.2764818072319031	0.19064703583717346	0.1072840765118599	0.07890792936086655	0.15928609669208527	0.18739300966262817
68k859	apparently disneys giant turkey legs arent actually turkey	data/processed/pro_fakeddit/images/68k859.jpg	5	4	False	0.4509951211512089	0.21510331705212593	0.20300018787384033	0.23589180409908295	0.02147818705998361	0.019171983265550807	0.4509951211512089	0.06946273520588875	False	True	0.19721853733062744	0.23045817017555237	0.004201454110443592	0.0016246441518887877	0.5486516952514648	0.01784549653530121	True	0.220345139503479	0.2521927058696747	0.07330838590860367	0.07181400060653687	0.15802539885044098	0.22431445121765137
19hzae	im sure youll find something with this	data/processed/pro_fakeddit/images/19hzae.jpg	0	4	False	0.4056595601141453	0.10231255367398262	0.30334700644016266	0.22407250478863716	0.011563719308469445	0.008037927153054625	0.4056595601141453	0.04731924273073673	False	True	0.29731452465057373	0.20411087572574615	0.001986290095373988	0.0006267304997891188	0.48375585675239563	0.012205667793750763	True	0.32144445180892944	0.2839573919773102	0.040296006947755814	0.030271517112851143	0.17137067019939423	0.15265996754169464
4gppdq	a bison after being struck by lightning	data/processed/pro_fakeddit/images/4gppdq.jpg	0	4	False	0.5833490341901779	0.39689624309539795	0.18645279109477997	0.07814241945743561	0.05089133558794856	0.0318998915317934	0.5833490341901779	0.06926449807360768	False	True	0.18012019991874695	0.039968863129615784	0.016602495685219765	0.0016510781133547425	0.7309924960136414	0.03066483698785305	True	0.20545056462287903	0.19266308844089508	0.15375785529613495	0.12264633178710938	0.1404186487197876	0.18506348133087158
6l8ivu	lifes a beach by jesus christie	data/processed/pro_fakeddit/images/6l8ivu.jpg	1	4	False	0.5443490073084831	0.351288765668869	0.1930602416396141	0.1902683600783348	0.018566196551546454	0.012636857049074024	0.5443490073084831	0.04111933440435678	False	True	0.1488083004951477	0.16953212022781372	0.004667353816330433	0.0005678061861544847	0.670223593711853	0.006200836505740881	True	0.3258160650730133	0.25247707962989807	0.06026272475719452	0.04884400963783264	0.1667252480983734	0.14587482810020447
2c9jfi	mary river turtle with moss on its back	data/processed/pro_fakeddit/images/2c9jfi.jpg	0	4	False	0.6550759393721819	0.5273154582828283	0.12776048108935356	0.08100087568163872	0.04348397272406146	0.0509332067304058	0.6550759393721819	0.041745532013010234	False	True	0.11885899305343628	0.043516114354133606	0.0017963799182325602	0.00034007715294137597	0.8322957158088684	0.003192717442288995	True	0.1544649451971054	0.19345515966415405	0.16854675114154816	0.20271259546279907	0.12341661006212234	0.15740397572517395
cy8ao4	caesar and cleopatra agree to reclaim her throne circa bc	data/processed/pro_fakeddit/images/cy8ao4.jpg	2	4	False	0.43564386665821075	0.1866166815161705	0.24902718514204025	0.1918228231370449	0.04171049362048507	0.022565380029845983	0.43564386665821075	0.05923021910712123	False	True	0.24252596497535706	0.1701996773481369	0.02446826733648777	0.0037570425774902105	0.531671404838562	0.027377614751458168	True	0.26853084564208984	0.2566922605037689	0.09343717247247696	0.0789903923869133	0.14756125211715698	0.1547880321741104
64358r	man accidentally shoots himself at nra headquarters police	data/processed/pro_fakeddit/images/64358r.jpg	0	4	False	0.4558675140142441	0.19097323715686798	0.13995354063808918	0.2648942768573761	0.028153741033747792	0.02831398812122643	0.4558675140142441	0.08281693141907454	False	True	0.1204439327120781	0.25308579206466675	0.01044852938503027	0.005111834965646267	0.5639441013336182	0.04696579650044441	True	0.19848236441612244	0.30031973123550415	0.08126937597990036	0.09792044758796692	0.13163775205612183	0.1903703361749649
4mnzlv	referendum on the united kingdoms membership of the european union edited parody of an actual referendum voting slip antibrexit	data/processed/pro_fakeddit/images/4mnzlv.jpg	5	1	False	0.3924149125814438	0.12244033627212048	0.15328608825802803	0.3924149125814438	0.03628161107189953	0.04137201252160594	0.2699745763093233	0.10667077265679836	False	True	0.1560290902853012	0.4218108355998993	0.012549987994134426	0.003081366652622819	0.3244268596172333	0.08210182934999466	True	0.1450570821762085	0.30422714352607727	0.10747648030519485	0.1562439501285553	0.10661772638559341	0.18037760257720947
axvxee	this crab in the seafood section of the supermarket is holding a seashell in its claw	data/processed/pro_fakeddit/images/axvxee.jpg	0	4	False	0.5666597746312618	0.43908817134797573	0.1275716032832861	0.08956525102257729	0.06589522096328437	0.055805991374654695	0.5666597746312618	0.0945021454244852	False	True	0.13491901755332947	0.0721430778503418	0.006322347559034824	0.00112345686648041	0.7127583622932434	0.07273373752832413	True	0.10552936047315598	0.14183177053928375	0.24461384117603302	0.21985359489917755	0.12836401164531708	0.15980736911296844
4br3l1	president obama doing the tango	data/processed/pro_fakeddit/images/4br3l1.jpg	0	4	False	0.7144138962030411	0.6017947876825929	0.08850192371755838	0.11261910852044821	0.024710501573281363	0.01870310450249235	0.7144138962030411	0.04105147725204006	False	True	0.04905470833182335	0.04917709901928902	0.0011312452843412757	0.00011264476052019745	0.8975207805633545	0.0030035178642719984	True	0.2068435698747635	0.3029451370239258	0.09544827044010162	0.07447448372840881	0.16509324312210083	0.15519535541534424
8zlpq5	police post mugshot of lost dog bail paid in cookies	data/processed/pro_fakeddit/images/8zlpq5.jpg	0	4	False	0.4488653317093849	0.11341971904039383	0.1035982184112072	0.3354456126689911	0.023283976945094764	0.034261080087162554	0.4488653317093849	0.05454573454335332	False	True	0.06425376236438751	0.36326220631599426	0.005247438792139292	0.007290657144039869	0.5425634980201721	0.017382359132170677	True	0.22163158655166626	0.25199583172798157	0.07739359140396118	0.11517234891653061	0.16777083277702332	0.16603586077690125
3jp1od	obese man dies attempting to put on his socks	data/processed/pro_fakeddit/images/3jp1od.jpg	1	4	False	0.3722464181482792	0.1198526881635189	0.22336749732494354	0.2523937299847603	0.016739222104661167	0.023621782893314958	0.3722464181482792	0.11163141764700413	False	True	0.22005660831928253	0.243840754032135	0.0023627341724932194	0.009247171692550182	0.4441934823989868	0.08029934018850327	True	0.23330016434192657	0.2780526578426361	0.05986868590116501	0.06674561649560928	0.1564052253961563	0.2056276500225067
6iouao	despite many obstacles the world is getting better	data/processed/pro_fakeddit/images/6iouao.jpg	0	1	False	0.5855159088969231	0.43891663290560246	0.1465992759913206	0.5855159088969231	0.02979086060076952	0.010836367611773312	0.13155045360326767	0.09570715017616749	False	True	0.10264704376459122	0.6713597774505615	0.025900866836309433	0.004601347725838423	0.1291232705116272	0.06636770814657211	True	0.2784559726715088	0.3279843032360077	0.04146084189414978	0.02954142726957798	0.1388320028781891	0.1837254762649536
3psxmz	relay runner finishes a race	data/processed/pro_fakeddit/images/3psxmz.jpg	0	0	True	0.6255331858992577	0.46469911374151707	0.6255331858992577	0.10446451976895332	0.04412407730706036	0.020124932372709736	0.1608340721577406	0.04491923679597676	False	True	0.7551704049110413	0.04534934461116791	0.015291317366063595	0.0006443505408242345	0.17511121928691864	0.00843340065330267	True	0.23662152886390686	0.28181004524230957	0.13062235713005066	0.07856667786836624	0.11800263077020645	0.15437674522399902
b3jbbl	the outgrown left behind	data/processed/pro_fakeddit/images/b3jbbl.jpg	1	4	False	0.6490008495748043	0.4882860817015171	0.1607147678732872	0.12354972958564758	0.014378264982951805	0.008732307898753788	0.6490008495748043	0.043624114303383976	False	True	0.11519315838813782	0.07810908555984497	0.0008924311259761453	9.975608554668725e-05	0.8033106327056885	0.002394984243437648	True	0.29727959632873535	0.2598716616630554	0.054835766553878784	0.03462996333837509	0.1860715001821518	0.16731150448322296
43zh1k	goldman sachs says it be forced to fundamentally question how capitalism is working	data/processed/pro_fakeddit/images/43zh1k.jpg	0	4	False	0.4925495497882366	0.296011745929718	0.1965378038585186	0.18484162539243698	0.021143583697266877	0.01982922072056681	0.4925495497882366	0.08509825635701418	False	True	0.19685235619544983	0.14627304673194885	0.007420038338750601	0.001991837751120329	0.6161885261535645	0.0312742255628109	True	0.19559414684772491	0.30054736137390137	0.062314219772815704	0.07334136962890625	0.12163262069225311	0.24657034873962402
3krs4r	female wrester as the joker	data/processed/pro_fakeddit/images/3krs4r.jpg	0	4	False	0.6169127859175205	0.46196041628718376	0.13812122493982315	0.15495236963033676	0.020181640167720616	0.03387544391443953	0.6169127859175205	0.035956578998593614	False	True	0.11052750051021576	0.10960787534713745	0.0006665377877652645	0.0005134802777320147	0.777316689491272	0.0013679597759619355	True	0.22090239822864532	0.2909858524799347	0.07872694730758667	0.13396133482456207	0.13570107519626617	0.13972243666648865
2p6pdp	teenager at the fucking elvis concert	data/processed/pro_fakeddit/images/2p6pdp.jpg	0	4	False	0.40017615631222725	0.05813457444310188	0.34204158186912537	0.1668248400092125	0.029072065837681293	0.016249290521955118	0.40017615631222725	0.04563607485033572	False	True	0.36047327518463135	0.14116941392421722	0.012125987559556961	0.0004482503281906247	0.47565189003944397	0.010131197981536388	True	0.2867465019226074	0.2437911182641983	0.07991030067205429	0.0636524111032486	0.1737489551305771	0.1521507054567337
8dn2os	rage against the machine dont let them take your mind	data/processed/pro_fakeddit/images/8dn2os.jpg	1	4	False	0.6292739417403936	0.4684528764337301	0.12970951199531555	0.1608210653066635	0.02145036164438352	0.014134053049929207	0.6292739417403936	0.04461104073561728	False	True	0.09193643927574158	0.09911543130874634	0.002497325884178281	0.00020433329336810857	0.7986696362495422	0.007576788775622845	True	0.24302873015403748	0.34593796730041504	0.07830946892499924	0.0559232123196125	0.12108685821294785	0.15571379661560059
dmv20uc	that image explains alot	data/processed/pro_fakeddit/images/dmv20uc.jpg	4	4	True	0.7355427220463753	0.6305911215022206	0.10495160054415464	0.06659304699860513	0.03705095499753952	0.005224679378443398	0.7355427220463753	0.05063700577011332	False	True	0.03358999267220497	0.004667256958782673	0.032616421580314636	0.0005184371839277446	0.9250745177268982	0.0035333868581801653	True	0.31903642416000366	0.2523704171180725	0.05035455524921417	0.019343405961990356	0.16694733500480652	0.19194786250591278
av0l71	this pub transformed itself into the drunken clam in family guy	data/processed/pro_fakeddit/images/av0l71.jpg	0	4	False	0.6699665188789368	0.5202994793653488	0.14966703951358795	0.10409779008477926	0.018844335558242165	0.014353274396853521	0.6699665188789368	0.043071073363535106	False	True	0.11373409628868103	0.04163925722241402	0.00059539481298998	0.0005401758244261146	0.8408045172691345	0.0026865960098803043	True	0.2574658691883087	0.291473388671875	0.07359115779399872	0.05579257011413574	0.1574525237083435	0.1642245054244995
8qtcd5	redemption this senior class really came together to plan the senior prank after dropping the ball on the fundraiser for a classmates surgery	data/processed/pro_fakeddit/images/8qtcd5.jpg	1	1	True	0.3700236827135086	0.10800188034772873	0.23744650930166245	0.3700236827135086	0.030899352161213756	0.030463750183116645	0.2620218023657799	0.06914482731372118	False	True	0.25732365250587463	0.4074704945087433	0.005911880172789097	0.0027470572385936975	0.2798314392566681	0.04671540483832359	True	0.17781507968902588	0.25768324732780457	0.10586176812648773	0.11361382901668549	0.20859289169311523	0.13643309473991394
5zq097	was an awful time for many people	data/processed/pro_fakeddit/images/5zq097.jpg	2	4	False	0.4408467821776867	0.17206359282135963	0.26878318935632706	0.09971536323428154	0.07243436761200428	0.009514444973319769	0.4408467821776867	0.10870588012039661	False	True	0.2555399537086487	0.0389486700296402	0.08208323270082474	0.0037281643599271774	0.537959098815918	0.08174092322587967	True	0.3085128962993622	0.28201544284820557	0.04348777234554291	0.026873286813497543	0.14950983226299286	0.18960075080394745
c0dj6d	pickup truck with a bed made from fenceposts	data/processed/pro_fakeddit/images/c0dj6d.jpg	0	4	False	0.677083283662796	0.5442659817636013	0.13281730189919472	0.06595055107027292	0.038869121577590704	0.02420426084427163	0.677083283662796	0.0610755174420774	False	True	0.0903574675321579	0.027867954224348068	0.008108707144856453	0.00032736011780798435	0.8533105850219727	0.02002798207104206	True	0.2601968050003052	0.18019834160804749	0.13115036487579346	0.09583496302366257	0.1484013795852661	0.1842181235551834
5nucmi	this rather alarmed microphone	data/processed/pro_fakeddit/images/5nucmi.jpg	0	4	False	0.4617593251168728	0.1676063872873783	0.2941529378294945	0.1380871832370758	0.020976138359401375	0.019828076707199216	0.4617593251168728	0.06519636139273643	False	True	0.3131464123725891	0.08680251240730286	0.0024182412307709455	0.002564488910138607	0.5703214406967163	0.02474692463874817	True	0.23717251420021057	0.29194119572639465	0.07664982974529266	0.07161884009838104	0.13607297837734222	0.18654467165470123
2smca9	blood covered turban from recent shootings	data/processed/pro_fakeddit/images/2smca9.jpg	2	4	False	0.4937032889574766	0.2661518547683954	0.2275514341890812	0.14757636934518814	0.03708383897901513	0.03650883393129334	0.4937032889574766	0.057576222345232964	False	True	0.2347252368927002	0.125191792845726	0.0015876850811764598	0.0023784611839801073	0.6197630167007446	0.016353793442249298	True	0.20603002607822418	0.21473009884357452	0.14357230067253113	0.13889995217323303	0.11552410572767258	0.18124350905418396
b6utdi	bipartisan nuclear bill extends federal ppas to years to push advanced reactors the bill seeks to establish a pathway to enable privatepublic partnerships to construct advanced nuclear demonstration reactors over the next two decades sen joe manchin dwva	data/processed/pro_fakeddit/images/b6utdi.jpg	0	4	False	0.3132947161793709	0.004650279879570007	0.20282774046063423	0.3086444362998009	0.038816813845187426	0.03429732914082706	0.3132947161793709	0.1021189596503973	False	True	0.210443913936615	0.3206956386566162	0.018182216212153435	0.007881858386099339	0.37318354845046997	0.06961279362440109	True	0.17997922003269196	0.27249082922935486	0.1007206067442894	0.11354374140501022	0.1336282193660736	0.19963745772838593
5gtykw	calgary man caught on video riding scooter to work in snowstorm gifted new wheels	data/processed/pro_fakeddit/images/5gtykw.jpg	0	0	True	0.3408122956752777	0.005894646048545837	0.3408122956752777	0.3349176496267319	0.02684385422617197	0.07725214306265116	0.11098986677825451	0.109184131026268	False	True	0.381415992975235	0.38940680027008057	0.005441863089799881	0.04895986244082451	0.10147052258253098	0.07330489158630371	True	0.21900120377540588	0.1714501976966858	0.09104982763528824	0.1621289849281311	0.1395478993654251	0.2168218493461609
c794gby	opening the door to narnia	data/processed/pro_fakeddit/images/c794gby.jpg	4	4	True	0.7737223356962204	0.6725110323168337	0.10121130337938666	0.06645440199645236	0.01359511719783768	0.00955554149550153	0.7737223356962204	0.035461267485516146	False	True	0.025513174012303352	0.003777403151616454	0.0008351218421012163	0.00048597846762277186	0.9686267375946045	0.0007615213980898261	True	0.3283056914806366	0.2544853985309601	0.05187510326504707	0.0367642305791378	0.18900913000106812	0.1395605057477951
3gydfa	an aerial view of one of icelands river deltas	data/processed/pro_fakeddit/images/3gydfa.jpg	0	4	False	0.7338299602270126	0.6377615826204419	0.09606837760657072	0.05683893256355077	0.024633526016259566	0.031004076823592186	0.7338299602270126	0.057625162648037076	False	True	0.05667050555348396	0.004081898834556341	0.0013621215475723147	0.0010481923818588257	0.9314032793045044	0.005434065125882626	True	0.214261993765831	0.21511003375053406	0.09444773942232132	0.12087173014879227	0.14111000299453735	0.21419845521450043
ckymyy	this girlfriend side order	data/processed/pro_fakeddit/images/ckymyy.jpg	0	1	False	0.4399571344256401	0.21445981785655022	0.1619985941797495	0.4399571344256401	0.03875669836997986	0.009370490108267404	0.2254973165690899	0.12441979348659515	False	True	0.11598344892263412	0.5109032988548279	0.027307838201522827	0.0006777608650736511	0.23413577675819397	0.11099192500114441	True	0.3000440299510956	0.22711864113807678	0.07310327887535095	0.03544867783784866	0.19958193600177765	0.1647033989429474
d0rv6i	us general contemplating dropping the second nuclear bomb in japan	data/processed/pro_fakeddit/images/d0rv6i.jpg	2	1	False	0.7545029670000076	0.6458837864920497	0.10861918050795794	0.7545029670000076	0.020288303785491735	0.01590639670030214	0.05340101011097431	0.04728213278576732	False	True	0.052200134843587875	0.9119223952293396	0.0013219693209975958	0.0013388822553679347	0.027078695595264435	0.006137901917099953	True	0.2778763175010681	0.2822446823120117	0.07718730717897415	0.05960894003510475	0.13236795365810394	0.1707148253917694
245e6d	might be an awkward situation to be in	data/processed/pro_fakeddit/images/245e6d.jpg	0	4	False	0.5862362310290337	0.3848034739494324	0.2014327570796013	0.1307948473840952	0.01801161328330636	0.008257772424258292	0.5862362310290337	0.05526679789181799	False	True	0.17799967527389526	0.07913117855787277	0.004149986431002617	0.000571779441088438	0.7305708527565002	0.0075765554793179035	True	0.27173200249671936	0.28578585386276245	0.05959649384021759	0.03131575137376785	0.1532323658466339	0.19833752512931824
33huje	abandoned prison barbershop	data/processed/pro_fakeddit/images/33huje.jpg	0	4	False	0.6811861991882324	0.5340592190623283	0.14712698012590408	0.09903333242982626	0.016003123790142126	0.01724654241115786	0.6811861991882324	0.03940383507870138	False	True	0.10287532210350037	0.03307964280247688	0.0006306846044026315	0.0005839167861267924	0.8579605221748352	0.004869950003921986	True	0.27988195419311523	0.2968944013118744	0.06212044134736061	0.06723441928625107	0.15086323022842407	0.14300549030303955
bx5kc4	these oldschool kings queens and jacks from a vintage playing card deck	data/processed/pro_fakeddit/images/bx5kc4.jpg	0	4	False	0.6420666053891182	0.4905922897160053	0.15147431567311287	0.08538530254736543	0.02709677768871188	0.02605491888243705	0.6420666053891182	0.06792206456884742	False	True	0.1373942643404007	0.0273576807230711	0.004686372354626656	0.0014487705193459988	0.8135206699371338	0.015592189505696297	True	0.1937144696712494	0.2594681680202484	0.09432799369096756	0.0998733639717102	0.1277044117450714	0.22491168975830078
c0yccu	drying new tupperware laziness or awesomeness	data/processed/pro_fakeddit/images/c0yccu.jpg	0	4	False	0.6396737173199654	0.46213219687342644	0.17754152044653893	0.09453586023300886	0.013768905308097601	0.010173332557315007	0.6396737173199654	0.06430664286017418	False	True	0.1497340351343155	0.034308258444070816	0.0008676964789628983	0.0003228121204301715	0.7932413220405579	0.021525859832763672	True	0.26096397638320923	0.275218665599823	0.05247253179550171	0.03972489386796951	0.17897090315818787	0.1926489919424057
71gvvy	after nurses arrest utah lawmakers will draft a bill that clarifies when police can draw someones blood	data/processed/pro_fakeddit/images/71gvvy.jpg	0	4	False	0.7033524625003338	0.5949435476213694	0.10840891487896442	0.0788021432235837	0.023360501043498516	0.028144694599177456	0.7033524625003338	0.05793136078864336	False	True	0.06942643970251083	0.022962655872106552	0.006782758980989456	0.00010835840657819062	0.8939028978347778	0.006816979497671127	True	0.2253563404083252	0.24632060527801514	0.0730937272310257	0.11225370317697525	0.13170115649700165	0.21127450466156006
6z1fdb	long live the dictatorship of the proletariat china	data/processed/pro_fakeddit/images/6z1fdb.jpg	5	4	False	0.4786039777100086	0.20936871692538261	0.17907287925481796	0.269235260784626	0.010833764623384923	0.011372687353286892	0.4786039777100086	0.05088149360381067	False	True	0.152371346950531	0.23146650195121765	0.002810184145346284	0.0025138992350548506	0.5956341624259949	0.015203987248241901	True	0.25917747616767883	0.3825415372848511	0.03490450605750084	0.03794905170798302	0.12751342356204987	0.15791401267051697
buovyn	paint splashes on bathroom stall that look like sperm	data/processed/pro_fakeddit/images/buovyn.jpg	0	4	False	0.6631580144166946	0.5483952164649963	0.1147627979516983	0.08392026461660862	0.039437269791960716	0.04083702227217145	0.6631580144166946	0.05788457207381725	False	True	0.0952158123254776	0.034283347427845	0.0074119046330451965	0.0015738591318950057	0.8389430046081543	0.022572018206119537	True	0.1734037548303604	0.23283101618289948	0.13551336526870728	0.1586265116930008	0.13580304384231567	0.1638222336769104
1rxk4w	this photo of tom daley olympic diver looking swimmingly	data/processed/pro_fakeddit/images/1rxk4w.jpg	0	4	False	0.5000607930123806	0.2045532800257206	0.29550751298666	0.11227383464574814	0.02516864740755409	0.01613018661737442	0.5000607930123806	0.05085904011502862	False	True	0.3123948574066162	0.0878220647573471	0.0028411042876541615	0.000802159309387207	0.5877744555473328	0.008365390822291374	True	0.24484547972679138	0.18562914431095123	0.09215127676725388	0.06211426854133606	0.2369198054075241	0.17833998799324036
6ph6pr	kitten rescued from trash bag after tossed from car onto wauchula road	data/processed/pro_fakeddit/images/6ph6pr.jpg	0	4	False	0.5151748284697533	0.2639603950083256	0.2512144334614277	0.1234428770840168	0.02646195446141064	0.01883135015668813	0.5151748284697533	0.06487454380840063	False	True	0.255141943693161	0.08885236084461212	0.005847028456628323	0.00048137985868379474	0.6322494745254517	0.01742779091000557	True	0.23943190276622772	0.22721442580223083	0.0883067324757576	0.07388126105070114	0.16395089030265808	0.20721480250358582
6zzjml	trump to host schumer and pelosi for dinner to discuss daca health care after flurry of meetings	data/processed/pro_fakeddit/images/6zzjml.jpg	0	4	False	0.7004593387246132	0.6004513204097748	0.10000801831483841	0.09604461956769228	0.022969498939346522	0.021403202292276546	0.7004593387246132	0.059115364332683384	False	True	0.06211782991886139	0.03935464844107628	0.0024848005268722773	0.000171822146512568	0.8904280066490173	0.0054429261945188046	True	0.21367858350276947	0.2661145329475403	0.08442359417676926	0.08509734272956848	0.13055333495140076	0.22013267874717712
1wosm2	the inside of a breaking wave	data/processed/pro_fakeddit/images/1wosm2.jpg	2	4	False	0.6698423214256763	0.49251916259527206	0.17732315883040428	0.05710861610714346	0.026157844928093255	0.018058420610032044	0.6698423214256763	0.05150966823566705	False	True	0.13654403388500214	0.007138154935091734	0.0034392601810395718	0.0002345585380680859	0.8463529944419861	0.006291018333286047	True	0.2996605336666107	0.20701999962329865	0.0943135991692543	0.07153000682592392	0.14031030237674713	0.18716561794281006
d0ioqh	using a banana for archery practice	data/processed/pro_fakeddit/images/d0ioqh.jpg	2	4	False	0.7050041817128658	0.6127663245424628	0.092237857170403	0.07129576522856951	0.05171840824186802	0.018665112511371262	0.7050041817128658	0.061078650411218405	False	True	0.040134575217962265	0.0054753683507442474	0.04191955178976059	0.0005679726018570364	0.895099937915802	0.01680256612598896	True	0.24854770302772522	0.2687569558620453	0.08111497759819031	0.07295653223991394	0.1347169131040573	0.19390690326690674
4hmjt3	this woman jumping in the sea during the st andrews dip	data/processed/pro_fakeddit/images/4hmjt3.jpg	0	4	False	0.5979880951344967	0.44172267988324165	0.15626541525125504	0.08465712517499924	0.059550592850428075	0.05266271412256174	0.5979880951344967	0.04887606017291546	False	True	0.15993091464042664	0.0681694746017456	0.0022165554109960794	0.0012044791365042329	0.7574711441993713	0.011007420718669891	True	0.14526891708374023	0.13412007689476013	0.23155270516872406	0.20703741908073425	0.11953894793987274	0.16248197853565216
5x9cdo	my new apartment still needs furnishing	data/processed/pro_fakeddit/images/5x9cdo.jpg	2	4	False	0.7235696204006672	0.5879537630826235	0.1356158573180437	0.08116242568939924	0.011747788419597782	0.00873522224901535	0.7235696204006672	0.039169076015241444	False	True	0.08036219328641891	0.005985293537378311	0.0004752759705297649	3.559324977686629e-05	0.9101572632789612	0.002984368707984686	True	0.3013768494129181	0.30669382214546204	0.045565325766801834	0.034834109246730804	0.16380669176578522	0.14772319793701172
at42ti	unseen footage of erwin rommel a few days before the first battle of elalamein	data/processed/pro_fakeddit/images/at42ti.jpg	2	1	False	0.5957259349524975	0.4076544977724552	0.18807143718004227	0.5957259349524975	0.023908294591819867	0.01857291825581342	0.13261344283819199	0.04110799648333341	False	True	0.1555633246898651	0.7217362523078918	0.0013727667974308133	0.002787382807582617	0.11363892257213593	0.004901358392089605	True	0.28559577465057373	0.2176949828863144	0.09151487797498703	0.06592952460050583	0.18953700363636017	0.14972791075706482
b35gev	picture of a american soldier before being blown up by a vietcong land mine vietnam	data/processed/pro_fakeddit/images/b35gev.jpg	2	4	False	0.5240594819188118	0.31651199981570244	0.20754748210310936	0.1705816201865673	0.023948622518219054	0.0256355544552207	0.5240594819188118	0.048227229388430715	False	True	0.18298251926898956	0.14489859342575073	0.004862077068537474	0.008892025798559189	0.6438632607460022	0.014501533471047878	True	0.28124237060546875	0.24763070046901703	0.0812082588672638	0.07586614042520523	0.1646481454372406	0.14940431714057922
b1nlad	scary or scared fireplace	data/processed/pro_fakeddit/images/b1nlad.jpg	2	4	False	0.6351717710494995	0.4394521526992321	0.1957196183502674	0.08312378451228142	0.023853993276134133	0.01486867427956895	0.6351717710494995	0.04726212681271136	False	True	0.17934325337409973	0.024206742644309998	0.005895267240703106	0.0001567545550642535	0.7795785069465637	0.010819423012435436	True	0.24484871327877045	0.2598749101161957	0.07773017138242722	0.05900443345308304	0.20195156335830688	0.15659023821353912
96crs3	new mother with her newborn babies	data/processed/pro_fakeddit/images/96crs3.jpg	2	4	False	0.7734497226774693	0.6977182268165052	0.07573149586096406	0.059045512112788856	0.024681175680598244	0.01955180475670204	0.7734497226774693	0.047540216939523816	False	True	0.01964041404426098	0.005567485932260752	0.0005787593545392156	0.0001079545691027306	0.9719151258468628	0.0021901866421103477	True	0.2440047413110733	0.21947959065437317	0.09698842465877533	0.07788335531949997	0.17805351316928864	0.18359030783176422
95mvmx	new york congressman arrested on insider trading charges	data/processed/pro_fakeddit/images/95mvmx.jpg	0	1	False	0.7122646868228912	0.6067175194621086	0.10554716736078262	0.7122646868228912	0.020541982143186033	0.030059321084991097	0.058793879114091396	0.07279300130903721	False	True	0.06964682042598724	0.8554308414459229	0.004389066714793444	0.0020601926371455193	0.02622142806649208	0.04225171357393265	True	0.21324820816516876	0.2827662229537964	0.0690007284283638	0.11405670642852783	0.15651123225688934	0.1644168645143509
8kv9e0	a fishnet worker in vietnam	data/processed/pro_fakeddit/images/8kv9e0.jpg	0	4	False	0.7445727586746216	0.6601187288761139	0.08445402979850769	0.061127640190534294	0.03248465858632699	0.03458272072748514	0.7445727586746216	0.04277816280955449	False	True	0.042969703674316406	0.006569231394678354	0.0010572082828730345	0.0003065884520765394	0.9461588263511658	0.0029384128283709288	True	0.20890700817108154	0.2248028665781021	0.12676700949668884	0.13741111755371094	0.139814555644989	0.16229741275310516
5wimzz	blake griffin claims basketball seems much rounder lately	data/processed/pro_fakeddit/images/5wimzz.jpg	1	1	True	0.31677038595080376	0.03695745766162872	0.2650536000728607	0.31677038595080376	0.029244516976177692	0.02126647566910833	0.27981292828917503	0.08785209525376558	False	True	0.270243763923645	0.34423646330833435	0.013186659663915634	0.004025556612759829	0.322925329208374	0.04538219794631004	True	0.2494831085205078	0.23437215387821198	0.07741808891296387	0.07298923283815384	0.15047572553157806	0.2152617871761322
cypbc00	goddammit you beat me to it	data/processed/pro_fakeddit/images/cypbc00.jpg	4	4	True	0.7808724194765091	0.6997120330343023	0.0811603864422068	0.07619928626809269	0.011870941449160455	0.0070663265250914264	0.7808724194765091	0.04283065835261368	False	True	0.005135413724929094	0.004304836969822645	0.00018242911028210074	3.370745980646461e-05	0.9902121424674988	0.00013149929873179644	True	0.3092353045940399	0.29188263416290283	0.04693647846579552	0.028164183720946312	0.15285325050354004	0.17092813551425934
8wy0uu	the subways is flooded with water after the storm	data/processed/pro_fakeddit/images/8wy0uu.jpg	2	4	False	0.7525534629821777	0.6742641418240964	0.0782893211580813	0.07600489642936736	0.029054575730697252	0.018456038960721344	0.7525534629821777	0.045641720353160053	False	True	0.027760503813624382	0.007509355898946524	0.0009458029526285827	0.0003393974620848894	0.9610083103179932	0.002436647890135646	True	0.22987577319145203	0.2814915180206299	0.11338089406490326	0.0728059634566307	0.12718892097473145	0.17525693774223328
7gj02x	grandmother believes in helping kids however you can help kids she is one of the countless grandparents whose soft spot for children translates into annual gifts to the portland press herald toy fund	data/processed/pro_fakeddit/images/7gj02x.jpg	0	1	False	0.7096090167760849	0.5775949079543352	0.1320141088217497	0.7096090167760849	0.017223990813363343	0.012721066392259672	0.07870036456733942	0.0497314992826432	False	True	0.09693972021341324	0.8272899389266968	0.0028460936155170202	0.000947569846175611	0.0619208924472332	0.010055848397314548	True	0.23723727464675903	0.35656625032424927	0.06035768240690231	0.048041556030511856	0.12903878092765808	0.16875845193862915
czo64h8	when the memes are too dank	data/processed/pro_fakeddit/images/czo64h8.jpg	4	4	True	0.5459870770573616	0.29236386716365814	0.11460281349718571	0.25362320989370346	0.0149086156161502	0.010350802389439195	0.5459870770573616	0.06052742013707757	False	True	0.06452634185552597	0.22094595432281494	0.0054336911998689175	0.00386788253672421	0.6752452850341797	0.02998076193034649	True	0.2648322284221649	0.351654976606369	0.04333338886499405	0.029799561947584152	0.15821245312690735	0.1521673947572708
18hj7z	rays relief pitcher peralta suffers sandwichrelated injury	data/processed/pro_fakeddit/images/18hj7z.jpg	0	0	True	0.3829689361155033	0.1604149304330349	0.3829689361155033	0.22255400568246841	0.03162470483221114	0.022941463626921177	0.2121921069920063	0.12771878577768803	False	True	0.4333556294441223	0.2069602906703949	0.013965616934001446	0.00507437065243721	0.24285481870174408	0.09778928011655807	True	0.2318088561296463	0.26933515071868896	0.08460196852684021	0.07654274255037308	0.12020397186279297	0.21750730276107788
czfg0w9	its pointing upwards alright	data/processed/pro_fakeddit/images/czfg0w9.jpg	4	4	True	0.7103550992906094	0.59393092058599	0.11642417870461941	0.1078325854614377	0.010644368769135326	0.00710218473977875	0.7103550992906094	0.04764155423617922	False	True	0.0537586584687233	0.04771086201071739	0.001342409523203969	0.0005735522718168795	0.8948513865470886	0.001763097126968205	True	0.30442073941230774	0.28819775581359863	0.0385502465069294	0.02668808214366436	0.15686623752117157	0.18527692556381226
drhov0g	a dog or two spirits looking at each other	data/processed/pro_fakeddit/images/drhov0g.jpg	4	1	False	0.23342498019337654	0.0072396136820316315	0.2261853665113449	0.23342498019337654	0.13165708631277084	0.09871584549546242	0.21782050281763077	0.09219614416360855	False	True	0.22196227312088013	0.22381047904491425	0.1380985677242279	0.1035347655415535	0.2423844039440155	0.07020942866802216	True	0.23885464668273926	0.2622684836387634	0.11233264207839966	0.08425908535718918	0.14412879943847656	0.15815629065036774
4sq1a7	indiana animal shelter enlists help of pokemon go players to walk dogs	data/processed/pro_fakeddit/images/4sq1a7.jpg	0	4	False	0.5613341517746449	0.3373386822640896	0.22399546951055527	0.1134890615940094	0.02326048188842833	0.02542788174469024	0.5613341517746449	0.0524929347448051	False	True	0.22355924546718597	0.05016729235649109	0.008900093846023083	0.0024125627242028713	0.7033929824829102	0.011567795649170876	True	0.22530414164066315	0.30345436930656433	0.06634164601564407	0.09447383880615234	0.13515765964984894	0.17526835203170776
c9i5qg	moms bluetooth mouse died for the first time found these relics sitting in there	data/processed/pro_fakeddit/images/c9i5qg.jpg	0	4	False	0.6585244871675968	0.5033449567854404	0.15517953038215637	0.06415989832021296	0.02833382203243673	0.013915761170210317	0.6585244871675968	0.07988658361136913	False	True	0.12071555852890015	0.012240770272910595	0.008333568461239338	0.0009115174179896712	0.8264294266700745	0.03136923164129257	True	0.25857144594192505	0.21991728246212006	0.0883345827460289	0.05292849242687225	0.15480966866016388	0.22543863952159882
cvphmw	this package of lifesavers	data/processed/pro_fakeddit/images/cvphmw.jpg	0	4	False	0.49177293479442596	0.27031002566218376	0.16701707988977432	0.08767468016594648	0.023497438291087747	0.008574951789341867	0.49177293479442596	0.2214629091322422	False	True	0.1415642499923706	0.034675274044275284	0.011141209863126278	0.001319801900535822	0.5877150893211365	0.2235843539237976	True	0.24337556958198547	0.24667289853096008	0.06056612357497215	0.030340401455760002	0.20394647121429443	0.215098574757576
bha7io	i had to move the mats in the school gym today for a meeting you can see what the floor is supposed to look like underneath	data/processed/pro_fakeddit/images/bha7io.jpg	0	4	False	0.6198712065815926	0.4788796678185463	0.14099153876304626	0.08337894920259714	0.03461862844415009	0.026625551196048036	0.6198712065815926	0.09451409056782722	False	True	0.12531062960624695	0.03773438557982445	0.0078324219211936	0.0014883800176903605	0.787280261516571	0.04035387933254242	True	0.1880342662334442	0.22031264007091522	0.11497724801301956	0.10203706473112106	0.1176440417766571	0.25699472427368164
azzffe	mums make porn theyd be happy for their kids to watch	data/processed/pro_fakeddit/images/azzffe.jpg	0	0	True	0.4185091480612755	0.08127430826425552	0.4185091480612755	0.1435040384531021	0.02069784072227776	0.019275121157988906	0.33723483979701996	0.0607790038920939	False	True	0.46268951892852783	0.1056441068649292	0.007257147692143917	0.009283785708248615	0.393229603767395	0.021895824000239372	True	0.28596803545951843	0.25708383321762085	0.06101991981267929	0.04924912750720978	0.16925054788589478	0.17742854356765747
ban4u6	this cloud cut in two with a straight line	data/processed/pro_fakeddit/images/ban4u6.jpg	0	4	False	0.6017240881919861	0.41340649500489235	0.18831759318709373	0.06365654803812504	0.059423570055514574	0.02573201579070883	0.6017240881919861	0.061146185034886	False	True	0.19347542524337769	0.03702300041913986	0.00811397098004818	0.00048247919767163694	0.7513449192047119	0.009560192935168743	True	0.17284409701824188	0.14355719089508057	0.21335236728191376	0.1014806255698204	0.1528615951538086	0.21590416133403778
4rap24	more us babies with zikarelated birth defects reported by health agency	data/processed/pro_fakeddit/images/4rap24.jpg	0	0	True	0.3104844503104687	0.021084297448396683	0.3104844503104687	0.14326799474656582	0.028255151119083166	0.026820854749530554	0.20177141949534416	0.289400152862072	False	True	0.34043774008750916	0.1038975790143013	0.016524458304047585	0.011828253045678139	0.2271934598684311	0.3001185357570648	True	0.22062458097934723	0.2613792419433594	0.06344722956418991	0.0717986598610878	0.12550529837608337	0.2572450041770935
70ctu9	despite court order dhs release names of just maralago guests	data/processed/pro_fakeddit/images/70ctu9.jpg	0	4	False	0.38788748905062675	0.03780876845121384	0.3500787205994129	0.1160669643431902	0.035512454342097044	0.0429775039665401	0.38788748905062675	0.06747682066634297	False	True	0.39665892720222473	0.07850039750337601	0.013864735141396523	0.023658597841858864	0.4617981016635895	0.025519153103232384	True	0.21033810079097748	0.22876666486263275	0.10045561194419861	0.1009342223405838	0.1661556512117386	0.19334982335567474
cljxk3	saw this cloud casting a big shadow on the ground	data/processed/pro_fakeddit/images/cljxk3.jpg	0	4	False	0.6740004345774651	0.540333166718483	0.1336672678589821	0.05657205171883106	0.04545544204302132	0.032275830570142716	0.6740004345774651	0.058028971194289625	False	True	0.10997885465621948	0.029196463525295258	0.007072231732308865	0.000634234631434083	0.8463352918624878	0.006782915908843279	True	0.2047325074672699	0.13869881629943848	0.1606050729751587	0.12720061838626862	0.15699586272239685	0.21176713705062866
8llfkz	little white ridinghood	data/processed/pro_fakeddit/images/8llfkz.jpg	2	4	False	0.7019992843270302	0.5598426405340433	0.14215664379298687	0.083823207532987	0.022852186812087893	0.010290997568517923	0.7019992843270302	0.03887764876708388	False	True	0.08052832633256912	0.007644657976925373	0.015047461725771427	0.0027543585747480392	0.884843647480011	0.009181501343846321	True	0.3270415961742401	0.3123588562011719	0.04626636207103729	0.032900914549827576	0.15346619486808777	0.12796609103679657
8kl3jh	royal wedding watch prince harry and meghan markle just drove away from windsor castle with a dozen festive commoners tied to the back of their car	data/processed/pro_fakeddit/images/8kl3jh.jpg	1	4	False	0.7730027623474598	0.6990121703129262	0.05878279637545347	0.07399059203453362	0.02503880802396452	0.024201826559874462	0.7730027623474598	0.044983208521443885	False	True	0.009816814213991165	0.013223580084741116	0.0003520367026794702	0.00010118806676473469	0.9760299921035767	0.0004763856122735888	True	0.2056807428598404	0.25629162788391113	0.09909912198781967	0.09650374203920364	0.1639210730791092	0.17850367724895477
1ee6zy	moscow an olympic record after a revolution betrayed poster from the paris anarchist federation anticommunist human rights	data/processed/pro_fakeddit/images/1ee6zy.jpg	5	1	False	0.36218249052762985	0.09828900173306465	0.2638934887945652	0.36218249052762985	0.051193551160395145	0.04249693744350225	0.20467816665768623	0.0755553562194109	False	True	0.30049076676368713	0.395329087972641	0.027001801878213882	0.004112520720809698	0.24175018072128296	0.03131561726331711	True	0.1541016548871994	0.26274269819259644	0.12376879900693893	0.1576501876115799	0.09346212446689606	0.20827457308769226
9avs93	a squirrel holding out its arms	data/processed/pro_fakeddit/images/9avs93.jpg	0	1	False	0.37411513552069664	0.04687026888132095	0.1689137928187847	0.37411513552069664	0.04309294879203662	0.02269021637039259	0.3272448666393757	0.06394301587715745	False	True	0.16107434034347534	0.42083340883255005	0.003451518015936017	0.001282041659578681	0.39059126377105713	0.02276742272078991	True	0.19243215024471283	0.2339603155851364	0.16201724112033844	0.08691474050283432	0.13720567524433136	0.18746979534626007
5653s3	the pool has sweet dreams	data/processed/pro_fakeddit/images/5653s3.jpg	2	4	False	0.6176918484270573	0.4052687734365463	0.21242307499051094	0.09893705695867538	0.012742126651573926	0.008857299806550145	0.6176918484270573	0.049348600674420595	False	True	0.17688123881816864	0.04646378755569458	0.0023627670016139746	0.0011365106329321861	0.7564648389816284	0.016690870746970177	True	0.31904858350753784	0.2563568651676178	0.04388020560145378	0.03201966732740402	0.2013728767633438	0.14732179045677185
385u2d	antman in a hole on the ground	data/processed/pro_fakeddit/images/385u2d.jpg	0	4	False	0.6692674309015274	0.5333956144750118	0.13587181642651558	0.10655866842716932	0.020647223966079764	0.02433186222333461	0.6692674309015274	0.04332298506051302	False	True	0.099460169672966	0.04647258296608925	0.000971029105130583	0.001280402299016714	0.8468542695045471	0.004961501806974411	True	0.2451067566871643	0.28681692481040955	0.07967580854892731	0.0934862419962883	0.13650691509246826	0.15840743482112885
22frw2	this toilet has seen so much shit it has a yard stare	data/processed/pro_fakeddit/images/22frw2.jpg	2	4	False	0.3650814853608608	0.014185402542352676	0.35089608281850815	0.15462359972298145	0.02943027054425329	0.02387045742943883	0.3650814853608608	0.07609802205115557	False	True	0.4020119607448578	0.11569874733686447	0.006364487577229738	0.0050156693905591965	0.431742787361145	0.03916623815894127	True	0.19754844903945923	0.2713981568813324	0.09862761944532394	0.08043482154607773	0.16509757936000824	0.18689337372779846
bhu09k	a yearold man shared an emotional reaction to putting on a bandage in his skin tone for the first time	data/processed/pro_fakeddit/images/bhu09k.jpg	0	4	False	0.619233176112175	0.46101850271224976	0.15821467339992523	0.081294484436512	0.034538731910288334	0.02009967470075935	0.619233176112175	0.08661930076777935	False	True	0.13320140540599823	0.017751991748809814	0.02167850360274315	0.0046010506339371204	0.7703965902328491	0.052370525896549225	True	0.23325447738170624	0.27192196249961853	0.07311941683292389	0.06659554690122604	0.1657429337501526	0.18936562538146973
6qyu2p	this rat getting prepped for surgery	data/processed/pro_fakeddit/images/6qyu2p.jpg	0	4	False	0.7271903678774834	0.6186837563291192	0.10850661154836416	0.06760581443086267	0.022651131090242416	0.01635859426096431	0.7271903678774834	0.0576874939724803	False	True	0.05999257043004036	0.019368452951312065	0.0014408787246793509	0.0002096876996802166	0.9085078239440918	0.010480601340532303	True	0.25404873490333557	0.21231789886951447	0.08628188818693161	0.06480531394481659	0.18323799967765808	0.19930817186832428
884fbe	local man glad hes not a local woman	data/processed/pro_fakeddit/images/884fbe.jpg	1	1	True	0.3693745732307434	0.07377121597528458	0.2359040416777134	0.3693745732307434	0.015912686358205974	0.011959593452047557	0.29560335725545883	0.07124573737382889	False	True	0.22137071192264557	0.3938794434070587	0.0034089633263647556	0.00297847599722445	0.34387388825416565	0.034488528966903687	True	0.27950403094291687	0.2958599627017975	0.05342385545372963	0.038902945816516876	0.15079176425933838	0.1815173625946045
bkopzz	one of the lobsters at my local grocery store is blue	data/processed/pro_fakeddit/images/bkopzz.jpg	0	4	False	0.698641087859869	0.6036894395947456	0.09495164826512337	0.06551147624850273	0.030366485472768545	0.03046137301134877	0.698641087859869	0.08006794191896915	False	True	0.0651669055223465	0.020784899592399597	0.003800736740231514	0.0018227823311462998	0.8889876008033752	0.019437097012996674	True	0.18430587649345398	0.19969120621681213	0.11006373167037964	0.11637714505195618	0.12760154902935028	0.2619604766368866
avj4mc	martin scorsese visits the set of return of the jedi	data/processed/pro_fakeddit/images/avj4mc.jpg	2	4	False	0.7282320000231266	0.6295123631134629	0.09871963690966368	0.06220262637361884	0.030335077608469874	0.04321736315614544	0.7282320000231266	0.037293257541023195	False	True	0.0547439344227314	0.030469732359051704	0.001006443751975894	0.0006649523274973035	0.9111502766609192	0.0019646217115223408	True	0.2306467443704605	0.15740130841732025	0.11832097917795181	0.17087459564208984	0.17947717010974884	0.14327916502952576
2c6omy	i was at a wedding and my uncle snapped this picture if me letting go of a paper lantern	data/processed/pro_fakeddit/images/2c6omy.jpg	0	4	False	0.35779234766960144	0.008184626698493958	0.3496077209711075	0.19172238931059837	0.03368480037897825	0.014281904208473861	0.35779234766960144	0.05291087878867984	False	True	0.3896529972553253	0.19513024389743805	0.009167063981294632	0.0013211951591074467	0.38754358887672424	0.017184967175126076	True	0.22947189211845398	0.18149882555007935	0.10723800957202911	0.053164031356573105	0.26853862404823303	0.16008861362934113
7cn65z	woman caught a baby shark	data/processed/pro_fakeddit/images/7cn65z.jpg	0	4	False	0.5613759569823742	0.3545078672468662	0.20686808973550797	0.10795248299837112	0.03861437155865133	0.025799587529036216	0.5613759569823742	0.059389514150097966	False	True	0.21023820340633392	0.0697588324546814	0.008096021600067616	0.000490961188916117	0.6960417032241821	0.015374279581010342	True	0.1967577487230301	0.2225334346294403	0.13016942143440247	0.10172546654939651	0.15737871825695038	0.19143521785736084
29c1xm	about to cough up a hairball	data/processed/pro_fakeddit/images/29c1xm.jpg	0	4	False	0.6410533301532269	0.49355773255228996	0.1474955976009369	0.13360618241131306	0.016036013839766383	0.010887118878599722	0.6410533301532269	0.05092175200115889	False	True	0.11533200740814209	0.06824897974729538	0.0020315097644925117	0.0004248394106980413	0.8076238632202148	0.006338803563266993	True	0.2439863681793213	0.3296777904033661	0.058049526065588	0.042273957282304764	0.14134173095226288	0.1846705973148346
ewr14oo	hang on friend ill save you	data/processed/pro_fakeddit/images/ewr14oo.jpg	4	4	True	0.7670349553227425	0.6810582713223994	0.08597668400034308	0.07691403792705387	0.02022385993041098	0.010317993612261489	0.7670349553227425	0.03953249764163047	False	True	0.02595016546547413	0.00666609825566411	0.005688297562301159	0.001085337600670755	0.9540352821350098	0.006574859376996756	True	0.26605623960494995	0.28765785694122314	0.06383054703474045	0.03801596164703369	0.20603397488594055	0.13840541243553162
2lw5z4	this bull is being sent to the slaughterhouse because hes gay	data/processed/pro_fakeddit/images/2lw5z4.jpg	0	4	False	0.34846307151019573	0.05649500899016857	0.2608335465192795	0.29196806252002716	0.01885633956408128	0.020987818483263254	0.34846307151019573	0.05889122234657407	False	True	0.258658766746521	0.28359735012054443	0.003789107548072934	0.007140209898352623	0.42727160453796387	0.019543057307600975	True	0.26735788583755493	0.31708019971847534	0.06405803561210632	0.06253064423799515	0.11203747242689133	0.17693571746349335
3amock	fossil fuel memes oil spills are a beach	data/processed/pro_fakeddit/images/3amock.jpg	1	4	False	0.4714866541326046	0.22056715190410614	0.13153262436389923	0.25091950222849846	0.055922433733940125	0.018558600801043212	0.4714866541326046	0.07158020418137312	False	True	0.1043892353773117	0.2365543097257614	0.04690299183130264	0.006202793214470148	0.5812832117080688	0.024667490273714066	True	0.2129627913236618	0.2940150797367096	0.08298075944185257	0.055626023560762405	0.14209698140621185	0.21231834590435028
bdhhf4	this ice melting on my back step	data/processed/pro_fakeddit/images/bdhhf4.jpg	0	4	False	0.7501079477369785	0.6631026789546013	0.08700526878237724	0.06797544145956635	0.023136177333071828	0.010075167403556406	0.7501079477369785	0.0617000418715179	False	True	0.03879323601722717	0.009478075429797173	0.007089435122907162	0.000983476173132658	0.9337203502655029	0.009935477748513222	True	0.23164136707782745	0.2434675395488739	0.07127640396356583	0.03735024109482765	0.19927074015140533	0.21699373424053192
c0zf4u	the expiration date is only in s and s	data/processed/pro_fakeddit/images/c0zf4u.jpg	0	4	False	0.4471299033612013	0.2169885579496622	0.17956281453371048	0.09719686210155487	0.027712910436093807	0.018256196286529303	0.4471299033612013	0.23014134541153908	False	True	0.1336280107498169	0.04862363636493683	0.015175048261880875	0.007987892255187035	0.5552350878715515	0.23935037851333618	True	0.31736722588539124	0.242916539311409	0.0653264969587326	0.04906110838055611	0.1228143498301506	0.20251424610614777
