id	text	image_path	y_true	y_pred	correct	confidence	margin	score_informative	score_not_informative
909460046643433472	First morning back since Irma E	data_image/hurricane_irma/17_9_2017/909460046643433472_0.jpg	informative	not_informative	False	0.9831438958644867	0.966287768445909	0.01685612741857767	0.9831438958644867
915252840263806976	Earthquake experts break silence over fears volcanoes and quakes PROVES world ending	data_image/mexico_earthquake/3_10_2017/915252840263806976_0.jpg	not_informative	informative	False	0.977202445268631	0.9544049007818103	0.977202445268631	0.022797544486820698
909783665533702144	My administrators are the best! 7 Goodbye Irma, we are back in business! 0DBD8	data_image/hurricane_irma/18_9_2017/909783665533702144_0.jpg	informative	not_informative	False	0.972700834274292	0.945401638513431	0.02729919576086104	0.972700834274292
916128591863209984	Visit our infrastructure map at the Hurricane Maria Portal:	data_image/hurricane_maria/6_10_2017/916128591863209984_0.jpg	not_informative	informative	False	0.9525755643844604	0.905151080340147	0.9525755643844604	0.04742448404431343
908434854240505864	Trump vs Trump 2 weeks ago	data_image/hurricane_harvey/14_9_2017/908434854240505864_0.jpg	informative	not_informative	False	0.9523515999317169	0.9047032042872161	0.04764839564450085	0.9523515999317169
909490457603919872	Rudy Ogelsby stands in front of her daughter's prom dress--one of the only possessions that survived Irma from her	data_image/hurricane_irma/17_9_2017/909490457603919872_2.jpg	not_informative	informative	False	0.9462332129478455	0.8924664556980133	0.9462332129478455	0.05376675724983215
910078085986422785	Good Tuesday morning! We hope things are back to normal at your home following Irma.Join us now until 7am	data_image/hurricane_irma/19_9_2017/910078085986422785_0.jpg	informative	not_informative	False	0.9447216689586639	0.8894433369860053	0.055278331972658634	0.9447216689586639
9,18354E+17	Anyways, I drove through the Redwood Forest then next to the California wildfires	data_image/california_wildfires/12_10_2017/918354135350616064_3.jpg	informative	not_informative	False	0.9418854117393494	0.8837708793580532	0.05811453238129616	0.9418854117393494
911840434720210944	BRAVO MANA' !!!!! Thanks!!!! Mana MexicoEarthquake FuerzaMexco	data_image/mexico_earthquake/24_9_2017/911840434720210944_0.jpg	not_informative	informative	False	0.9345647394657135	0.8691295329481363	0.9345647394657135	0.06543520651757717
910270554812317697	Whoa! Is about to pull off one more last-minute inbound flight to San Juan before HurricaneMaria, as they d	data_image/hurricane_irma/19_9_2017/910270554812317697_0.jpg	informative	not_informative	False	0.9292731881141663	0.858546357601881	0.07072683051228523	0.9292731881141663
912388495716634624	View NOAA Storm QuickLooks for Maria:	data_image/hurricane_maria/25_9_2017/912388495716634624_0.jpg	not_informative	informative	False	0.9253316521644592	0.850663285702467	0.9253316521644592	0.07466836646199226
909843903880335360	The scum bags robbed from us when we were trying to outrun Irma in	data_image/hurricane_irma/18_9_2017/909843903880335360_0.jpg	informative	not_informative	False	0.9246853590011597	0.8493707263842225	0.07531463261693716	0.9246853590011597
910558048254435329	Statement from Cardinal Daniel DINardo, President of U.S. Bishops Conference, on earthquake that struck Mexico:	data_image/mexico_earthquake/20_9_2017/910558048254435329_0.jpg	not_informative	informative	False	0.9225574135780334	0.8451148383319378	0.9225574135780334	0.07744257524609566
909864157851394048	"lol.. I'm dying. Better than the ""IRMA Lifeguard Signer"""	data_image/hurricane_irma/18_9_2017/909864157851394048_1.jpg	informative	not_informative	False	0.9171522557735443	0.834304538089782	0.08284771768376231	0.9171522557735443
870731827832664065	Bangladesh waterways via CycloneMora geodata	data_image/srilanka_floods/2_6_2017/870731827832664065_0.jpg	not_informative	informative	False	0.9143718481063843	0.8287436813116074	0.9143718481063843	0.08562816679477692
911750610986422274	Has end of world started for REAL? Panic as globe rocked by 20 earthquakes in 24 hours	data_image/mexico_earthquake/24_9_2017/911750610986422274_0.jpg	not_informative	informative	False	0.9127647876739502	0.8255295567214489	0.9127647876739502	0.0872352309525013
905782071410483200	CeCe Winans, Bishop William Murphy, John Gray, James Fortune & More At The Hurricane Harvey	data_image/hurricane_harvey/7_9_2017/905782071410483200_0.jpg	not_informative	informative	False	0.9090756475925446	0.8181513131130487	0.9090756475925446	0.09092433447949588
930202675727216640	IranQuake IraqEarthquake Daily map by	data_image/iraq_iran_earthquake/13_11_2017/930202675727216640_0.jpg	not_informative	informative	False	0.9074727594852448	0.8149454519152641	0.9074727594852448	0.09252730756998062
927244371606589441	"This is basically the ""Hurricane Maria will help the democrats"" argument a year ahead"	data_image/hurricane_maria/5_11_2017/927244371606589441_0.jpg	informative	not_informative	False	0.9053231477737427	0.8106462620198727	0.09467688575387001	0.9053231477737427
901675204837068800	Looks like it's gonna be rain 'til Wednesday. Lots. Of. Rain. 7 HurricaneHarvey	data_image/hurricane_harvey/27_8_2017/901675204837068800_0.jpg	informative	not_informative	False	0.9038741886615753	0.8077483549714088	0.09612583369016647	0.9038741886615753
905244236320194560	Houston mayor: 'Almost every home' impacted by Harvey	data_image/hurricane_harvey/6_9_2017/905244236320194560_0.jpg	not_informative	informative	False	0.8998973071575165	0.7997946105897427	0.8998973071575165	0.10010269656777382
905822993653391360	Chainsawing pews First Baptist Church of Loeb as members struggle w/cleanup harvey	data_image/hurricane_harvey/7_9_2017/905822993653391360_0.jpg	not_informative	informative	False	0.8989504873752594	0.7979009412229061	0.8989504873752594	0.10104954615235329
910536593664090112	Useful PowerPoint slide for the Earthquake in Mexico Geography Geo JC LC	data_image/mexico_earthquake/20_9_2017/910536593664090112_0.jpg	not_informative	informative	False	0.8986702859401703	0.7973406035453081	0.8986702859401703	0.10132968239486217
904697249183215617	Important story via , : Why you should donate $ for Harvey relief, not stuff.	data_image/hurricane_harvey/4_9_2017/904697249183215617_0.jpg	informative	not_informative	False	0.8985778093338013	0.7971556223928928	0.10142218694090843	0.8985778093338013
9,19605E+17	"The conspiracy nuts are saying the California Wildfires ""set by an atmospheric weapon."" :/"	data_image/california_wildfires/15_10_2017/919605179443490822_1.jpg	informative	not_informative	False	0.8967987895011902	0.7935975715517998	0.10320121794939041	0.8967987895011902
910244526392008704	In the same spot as our fallen tree from Hurricane Irma at our house, we had a visiting rabbit come see us today.	data_image/hurricane_irma/19_9_2017/910244526392008704_0.jpg	informative	not_informative	False	0.8936309516429901	0.7872619284316897	0.10636902321130037	0.8936309516429901
909808230326513664	I swear Harvey and Irma both boutta catch these hands 4	data_image/hurricane_irma/18_9_2017/909808230326513664_0.jpg	informative	not_informative	False	0.8929388225078583	0.7858776533976197	0.10706116911023855	0.8929388225078583
910546258934280193	AAECHO MAP | 2DMexico 7.1 earthquake impact:	data_image/mexico_earthquake/20_9_2017/910546258934280193_0.jpg	not_informative	informative	False	0.8904655575752258	0.7809310965240002	0.8904655575752258	0.10953446105122566
921502001590099969	RIGHT NOW: A sample of the 80,000+ photos Tennessee Civil Air Patrol has taken in Puerto Rico. WATE	data_image/hurricane_maria/20_10_2017/921502001590099969_1.jpg	not_informative	informative	False	0.8881456851959229	0.7762914095073938	0.8881456851959229	0.11185427568852901
910258150959456256	gave the eye to Irma and she went another way 2	data_image/hurricane_irma/19_9_2017/910258150959456256_0.jpg	informative	not_informative	False	0.8856813907623291	0.7713627577759326	0.11431863298639655	0.8856813907623291
913073319431360512	Top Story: President Trump limits access of aid to the citizens impacted by Hurricane Maria.	data_image/hurricane_maria/27_9_2017/913073319431360512_0.jpg	not_informative	informative	False	0.8855774104595184	0.7711548358201981	0.8855774104595184	0.11442257463932037
909420204643434496	Even in the Midwest we all feel for the Irma victums, Pull together one and all	data_image/hurricane_irma/17_9_2017/909420204643434496_0.jpg	informative	not_informative	False	0.881652444601059	0.7633049190044403	0.11834752559661865	0.881652444601059
921435494164172801	Puerto Rico's misery, four weeks after Maria, seems like it may neverend	data_image/hurricane_maria/20_10_2017/921435494164172801_0.jpg	not_informative	informative	False	0.8813843429088593	0.7627686634659767	0.8813843429088593	0.11861567944288254
9,23706E+17	California why are you on so much fire	data_image/california_wildfires/27_10_2017/923706401049911297_0.jpg	informative	not_informative	False	0.8812562525272369	0.76251251087524	0.11874374165199697	0.8812562525272369
913116913605140480	Retired NBA Player Tim Duncan One-on-One on Hurricane Maria. NBA TimDuncanHurricaneMaria	data_image/hurricane_maria/27_9_2017/913116913605140480_0.jpg	not_informative	informative	False	0.8807174861431122	0.7614349611103535	0.8807174861431122	0.11928252503275871
927220105276264449	Submitted applications to volunteer in Puerto Rico. Hopefully they'll get back to me.	data_image/hurricane_maria/5_11_2017/927220105276264449_0.jpg	informative	not_informative	False	0.8799209892749786	0.7598419710993767	0.12007901817560196	0.8799209892749786
909909071138050053	Please don't. We're still recovering from Irma	data_image/hurricane_irma/18_9_2017/909909071138050053_0.jpg	informative	not_informative	False	0.87481889128685	0.7496377639472485	0.12518112733960152	0.87481889128685
910541902872682497	EARTHQUAKE IN MEXICO 2D PLEASE RT TO HELP FuerzaMexico	data_image/mexico_earthquake/20_9_2017/910541902872682497_0.jpg	not_informative	informative	False	0.8692576289176941	0.7385152280330658	0.8692576289176941	0.1307424008846283
910751822587056128	Keele's Dr Ian Stimpson has been on this morning speaking about the Mexico earthquake	data_image/mexico_earthquake/21_9_2017/910751822587056128_1.jpg	not_informative	informative	False	0.8669471144676208	0.7338942158967257	0.8669471144676208	0.1330528985708952
9,17803E+17	I think Event: Wildfire has occurred in California Tue Oct 10 12:25:03 2017 CDT	data_image/california_wildfires/10_10_2017/917803185317859329_0.jpg	informative	not_informative	False	0.8659298717975616	0.7318597547709942	0.13407011702656746	0.8659298717975616
913872783637188610	Several hundreds of new OpenStreetMap contributors around PuertoRico mapping for (HurricaneMaria) ... 1/2	data_image/hurricane_maria/29_9_2017/913872783637188610_0.jpg	not_informative	informative	False	0.8648391664028168	0.7296783365309238	0.8648391664028168	0.13516082987189293
910532234855305218	Stay Strong puertorico and mexico HurricaneMaria earthquake	data_image/mexico_earthquake/20_9_2017/910532234855305218_0.jpg	not_informative	informative	False	0.8644650280475616	0.7289300262928009	0.8644650280475616	0.13553500175476074
901671567192678400	ME: I wonder whats on the internet today 2 Minutes Later: hurricane Harvey	data_image/hurricane_harvey/27_8_2017/901671567192678400_0.jpg	informative	not_informative	False	0.8643932044506073	0.7287863539531827	0.1356068504974246	0.8643932044506073
905663793115439105	Hurricane Irma in NYC on Sept 11? It's possible, tho models this far out r usually wrong.	data_image/hurricane_irma/7_9_2017/905663793115439105_0.jpg	informative	not_informative	False	0.8623451292514801	0.7246902510523796	0.1376548781991005	0.8623451292514801
905663703735050240	If hurricane Irma comes up the east coast	data_image/hurricane_irma/7_9_2017/905663703735050240_0.jpg	informative	not_informative	False	0.8611601889133453	0.7223203368484974	0.13883985206484795	0.8611601889133453
910545486062419968	.Central Mexico Earthquake Worksheet Geography Junior Cycle JCGeography	data_image/mexico_earthquake/20_9_2017/910545486062419968_0.jpg	not_informative	informative	False	0.8599478900432587	0.7198957670480013	0.8599478900432587	0.14005212299525738
909416407279874048	Final numbers are in from Hurricane Irma crime spree and it ain't pretty WednesdayWisdom	data_image/hurricane_irma/17_9_2017/909416407279874048_0.png	informative	not_informative	False	0.8585852384567261	0.7171704526990652	0.14141478575766087	0.8585852384567261
905704988306948097	Trend Alert: 'Hurricane Irma'. More trends at trndnl	data_image/hurricane_irma/7_9_2017/905704988306948097_0.jpg	informative	not_informative	False	0.8579427897930145	0.7158855721354485	0.14205721765756607	0.8579427897930145
921515157720879104	VA Task Force is back from Puerto Rico, now they're hard at work in Virginia Beach	data_image/hurricane_maria/20_10_2017/921515157720879104_0.jpg	not_informative	informative	False	0.8575372695922852	0.7150745280086994	0.8575372695922852	0.14246274158358574
910610058098114560	White House says Trump is deploying search-and-rescue teams to Mexico following Wednesday's earthquake.	data_image/mexico_earthquake/20_9_2017/910610058098114560_0.jpg	not_informative	informative	False	0.8567403852939606	0.7134807743132114	0.8567403852939606	0.14325961098074913
913491401320521728	Together for Mexico: Fundraising event for Mexico's earthquake victims. Join us! October 1, Vancouver BC.	data_image/mexico_earthquake/28_9_2017/913491401320521728_0.jpg	not_informative	informative	False	0.856270432472229	0.7125408761203289	0.856270432472229	0.1437295563519001
911710649666981888	Humidity will increase Sunday Tracking when cooler air returns & Hurricane Maria Right Now on Channel 11 News wpxi	data_image/hurricane_maria/23_9_2017/911710649666981888_0.jpg	informative	not_informative	False	0.8560037314891815	0.7120074406266212	0.14399629086256027	0.8560037314891815
928883955285106688	USGS:M 3.0 - 38km WNW of Rincon, Puerto Rico earthquake	data_image/hurricane_maria/10_11_2017/928883955285106688_0.jpg	not_informative	informative	False	0.8556680679321289	0.7113361433148384	0.8556680679321289	0.1443319246172905
905658811750408193	Hurricane Irma doesn't stand a chance against	data_image/hurricane_irma/7_9_2017/905658811750408193_0.jpg	informative	not_informative	False	0.8551091849803925	0.7102183699607849	0.14489081501960754	0.8551091849803925
929095727279689728	StormTech II: Hurricane Maria Edition	data_image/hurricane_maria/10_11_2017/929095727279689728_0.jpg	not_informative	informative	False	0.8543688654899597	0.708737701177597	0.8543688654899597	0.14563116431236267
911571450750017536	OMG a Dam it's about to burst and they are trying to get people out. PuertoRico HurricaneMaria	data_image/hurricane_maria/23_9_2017/911571450750017536_0.jpg	not_informative	informative	False	0.8533933758735657	0.7067867498844862	0.8533933758735657	0.14660662598907948
910637028685045760	Eye of Hurricane Maria (via radar from San Juan, PR)	data_image/hurricane_maria/20_9_2017/910637028685045760_0.jpg	not_informative	informative	False	0.8521960377693176	0.7043920895084739	0.8521960377693176	0.14780394826084375
913379594945916928	CAUTION: Beautiful day at the beach, but dangerous surf conditions continue due to Tropical Storm Maria.	data_image/hurricane_maria/28_9_2017/913379594945916928_0.jpg	informative	not_informative	False	0.8507451415061951	0.7014903463423252	0.14925479516386986	0.8507451415061951
930731898913075201	"Iran earthquake is ""politicised""."	data_image/iraq_iran_earthquake/15_11_2017/930731898913075201_0.jpg	not_informative	informative	False	0.8498272597789764	0.6996545270085335	0.8498272597789764	0.15017273277044296
930114627219767296	M7.3 earthquake 32km S of Halabjah, Iraq Sulaymnyah USGS Geology	data_image/iraq_iran_earthquake/13_11_2017/930114627219767296_0.jpg	not_informative	informative	False	0.8494129180908203	0.6988258315250278	0.8494129180908203	0.15058708656579256
906661652338298881	tornado cell that you were reporting hypoluxo heading towards 441 west	data_image/hurricane_harvey/9_9_2017/906661652338298881_0.jpg	informative	not_informative	False	0.8483959436416626	0.6967918686568737	0.1516040749847889	0.8483959436416626
9,17844E+17	Climatologist explains why 'the conditions are primed for fire' in California	data_image/california_wildfires/10_10_2017/917844462662967297_0.jpg	not_informative	informative	False	0.8475176692008972	0.6950353011488914	0.8475176692008972	0.15248236805200577
905462459674320896	Man Global Warming is real! Harvey, Irma, Jose and now Katia!	data_image/hurricane_harvey/6_9_2017/905462459674320896_0.jpg	informative	not_informative	False	0.847090095281601	0.6941801514476538	0.15290994383394718	0.847090095281601
910563478858952704	Satellites Tracking Powerful Hurricane Maria From Space	data_image/hurricane_maria/20_9_2017/910563478858952704_0.jpg	not_informative	informative	False	0.8467159271240234	0.693431917577982	0.8467159271240234	0.1532840095460415
909967847958425602	WHO REMEMBERS THIS WHITE DOT PRE IRMA 9-7	data_image/hurricane_irma/19_9_2017/909967847958425602_0.jpg	informative	not_informative	False	0.8440816402435303	0.6881632646545768	0.1559183755889535	0.8440816402435303
905709457824518144	Weekly Summary for Tornado	data_image/hurricane_harvey/7_9_2017/905709457824518144_0.jpg	informative	not_informative	False	0.8438419699668884	0.6876839585602283	0.15615801140666008	0.8438419699668884
912456822040100864	MEXICO CITY: Risk from earthquake tremorsBuilt-up on top of...	data_image/mexico_earthquake/25_9_2017/912456822040100864_0.jpg	not_informative	informative	False	0.8437337279319763	0.687467485666275	0.8437337279319763	0.1562662422657013
910212600734117888	Weird.... during Irma an earthquake hit Mexico and now during Maria it happens again? Coincedense? Does this mak	data_image/hurricane_irma/19_9_2017/910212600734117888_0.jpg	informative	not_informative	False	0.8428278565406799	0.6856557428836823	0.15717211365699768	0.8428278565406799
910026423309672448	Just got through Irma. Hopefully Maria dies in the Atlantic.	data_image/hurricane_irma/19_9_2017/910026423309672448_0.jpg	informative	not_informative	False	0.8416556417942047	0.6833113059401512	0.1583443358540535	0.8416556417942047
905188857179545600	Back to Back to Back. Harvey Irma Jose	data_image/hurricane_harvey/5_9_2017/905188857179545600_1.jpg	informative	not_informative	False	0.8398604989051819	0.6797210164368153	0.16013948246836662	0.8398604989051819
9,17998E+17	Smoke from Northern California wildfires prompt health caution	data_image/california_wildfires/11_10_2017/917997649805971456_0.jpg	informative	not_informative	False	0.837567925453186	0.6751358583569527	0.16243206709623337	0.837567925453186
931572350751072256	World Red Cross; Netanyahu's claim is false Iran did not wanted help for earthquake victims	data_image/iraq_iran_earthquake/17_11_2017/931572350751072256_1.jpg	not_informative	informative	False	0.8369058668613434	0.6738117411732674	0.8369058668613434	0.16309412568807602
930183481988018176	Devastating blow to the people of Iran & Iraq earthquake	data_image/iraq_iran_earthquake/13_11_2017/930183481988018176_0.jpg	not_informative	informative	False	0.8366112411022186	0.6732224710285664	0.8366112411022186	0.16338877007365227
910261997660459013	COKH and other local officials met today with in for Irma after action. FloridaStrong	data_image/hurricane_irma/19_9_2017/910261997660459013_1.jpg	not_informative	informative	False	0.8359014987945557	0.6718030339106917	0.8359014987945557	0.16409846488386393
910558121570926593	We are with you. Mexico Earthquake Latest	data_image/mexico_earthquake/20_9_2017/910558121570926593_0.jpg	not_informative	informative	False	0.83577099442482	0.6715419739484787	0.83577099442482	0.16422902047634125
910268356820967424	Spotty showers will die out this evening, just after sunset. Nice to see some rain, we've been bone dry since Irma!	data_image/hurricane_irma/19_9_2017/910268356820967424_0.jpg	informative	not_informative	False	0.8341657519340515	0.6683314982801676	0.16583425365388393	0.8341657519340515
915020309987827712	Their fault for not whipping out their own hurricane and kicking Maria's ass. /s PuertoRico LasVegas	data_image/hurricane_maria/3_10_2017/915020309987827712_0.jpg	informative	not_informative	False	0.8327761590480804	0.6655523031949997	0.16722385585308075	0.8327761590480804
9,23706E+17	California why are you on so much fire	data_image/california_wildfires/27_10_2017/923706401049911297_1.jpg	informative	not_informative	False	0.8320108652114868	0.6640217660460621	0.1679890991654247	0.8320108652114868
910736967196954624	IRIS Special Event page for the Chiapas Earthquake MexicoEarthquake	data_image/mexico_earthquake/21_9_2017/910736967196954624_0.jpg	not_informative	informative	False	0.8302574753761292	0.6605149544775486	0.8302574753761292	0.16974252089858055
912130261588103168	Thank you for all. We'll never forget it F. LoveArmyMexico fuertemexico mexicotequiero MexicoEarthquake .	data_image/mexico_earthquake/25_9_2017/912130261588103168_0.jpg	not_informative	informative	False	0.8302286863327026	0.6604573577642441	0.8302286863327026	0.16977132856845856
910792736453922816	GFS suggests Ex-Hurricane Maria arrives in the first days of October;	data_image/hurricane_maria/21_9_2017/910792736453922816_0.jpg	informative	not_informative	False	0.8300511538982391	0.6601022779941559	0.16994887590408325	0.8300511538982391
910032908206841856	NEIL KEENAN UPDATE | HurricaneIrma Weaponized: HAARP Weather Warfare Methodology Exposed	data_image/hurricane_irma/19_9_2017/910032908206841856_0.jpg	not_informative	informative	False	0.8286639153957367	0.6573278233408928	0.8286639153957367	0.1713360920548439
914217633368756226	Give this dog a bone! mexicoearthquake dogs	data_image/mexico_earthquake/30_9_2017/914217633368756226_0.jpg	not_informative	informative	False	0.8271205723285675	0.6542411483824253	0.8271205723285675	0.1728794239461422
911634078524358656	My youngest son, Colin, manning the phones. MexicoEarthquake	data_image/mexico_earthquake/23_9_2017/911634078524358656_0.jpg	not_informative	informative	False	0.825774759054184	0.6515495553612709	0.825774759054184	0.17422520369291306
909872980431298560	from VICE News:Rohingya Refugees & Riding Out Irma: VICE News Tonight Full Episode (HBO)	data_image/hurricane_irma/18_9_2017/909872980431298560_0.jpg	not_informative	informative	False	0.8255340456962585	0.6510680690407753	0.8255340456962585	0.17446597665548325
910525947455164416	Tracking Hurricane Maria's path	data_image/hurricane_maria/20_9_2017/910525947455164416_0.jpg	not_informative	informative	False	0.825427383184433	0.6508547747507691	0.825427383184433	0.17457260843366385
879128419987988480	iembot ABQ cancels Tornado Warning for Mora [NM] iln	data_image/srilanka_floods/26_6_2017/879128419987988480_0.jpg	informative	not_informative	False	0.8253493309020996	0.6506986618041992	0.1746506690979004	0.8253493309020996
916045245418168320	Constant State Of Emergency... Now It's Puerto Rico. If You Are Not OUTRAGED Then You Are Not Paying Attention.	data_image/hurricane_maria/5_10_2017/916045245418168320_0.jpg	informative	not_informative	False	0.8250018656253815	0.6500037163496017	0.17499814927577972	0.8250018656253815
911790457864237056	USGS:M 4.1 - 51km WSW of Paredon, Mexico earthquake	data_image/mexico_earthquake/24_9_2017/911790457864237056_0.jpg	not_informative	informative	False	0.8248078525066376	0.6496157050132751	0.8248078525066376	0.17519214749336243
912178875160870912	USGS:M 4.3 - 62km S of San Francisco del Mar, Mexico earthquake	data_image/mexico_earthquake/25_9_2017/912178875160870912_0.jpg	not_informative	informative	False	0.8242209553718567	0.6484418883919716	0.8242209553718567	0.1757790669798851
909916227409256449	Irma Maria Just sayin'...	data_image/hurricane_irma/18_9_2017/909916227409256449_0.jpg	informative	not_informative	False	0.8241589367389679	0.6483178662019782	0.17584107053698972	0.8241589367389679
913560426872324097	HRA stands with Mexico amid the earthquake of September 19th FuerzaMexico	data_image/mexico_earthquake/29_9_2017/913560426872324097_0.jpg	not_informative	informative	False	0.8220347464084625	0.6440695039927959	0.8220347464084625	0.17796524241566658
908184575100182533	Harvey, Katia, and Irma sure did churn up and absorb much of the warmer water.	data_image/hurricane_harvey/14_9_2017/908184575100182533_0.jpg	informative	not_informative	False	0.8217933773994446	0.6435867697000504	0.17820660769939423	0.8217933773994446
930232593403985920	USGS:M 4.1 - 33km E of Al Miqdadiyah, Iraq earthquake	data_image/iraq_iran_earthquake/14_11_2017/930232593403985920_0.jpg	not_informative	informative	False	0.8217792809009552	0.6435585543513298	0.8217792809009552	0.1782207265496254
927220105276264449	Submitted applications to volunteer in Puerto Rico. Hopefully they'll get back to me.	data_image/hurricane_maria/5_11_2017/927220105276264449_1.jpg	informative	not_informative	False	0.8204684555530548	0.6409369222819805	0.1795315332710743	0.8204684555530548
921478890157207552	Sunnova Energy Begins Battery Installations for Customers in Puerto Rico recovery Maria	data_image/hurricane_maria/20_10_2017/921478890157207552_0.jpg	not_informative	informative	False	0.8195719420909882	0.6391438469290733	0.8195719420909882	0.18042809516191483
910622386042671108	7.1 Mw earthquake near Rabosco, Mexico; GCCapitalIdeas cat report reinsurance	data_image/mexico_earthquake/20_9_2017/910622386042671108_0.jpg	not_informative	informative	False	0.8195189833641052	0.6390379518270493	0.8195189833641052	0.18048103153705597
910130660869730304	Researchpreneur ScienceAlertsThe 2017 Hurricane Season Really Is More Intense Than	data_image/hurricane_irma/19_9_2017/910130660869730304_0.jpg	not_informative	informative	False	0.8174858689308167	0.6349717527627945	0.8174858689308167	0.18251411616802216
872672448394780672	Srilanka Floods Seen From Space	data_image/srilanka_floods/8_6_2017/872672448394780672_1.jpg	not_informative	informative	False	0.8161460757255554	0.632292129099369	0.8161460757255554	0.18385394662618637
905647423778721793	First Harvey and now Irma, this sure is a twisted pair of storms.	data_image/hurricane_harvey/7_9_2017/905647423778721793_0.jpg	informative	not_informative	False	0.8158897757530212	0.6317795589566231	0.18411021679639816	0.8158897757530212
910670262789709824	S A F E B O Y E S ready to look for people after earthquake in Mexico.	data_image/mexico_earthquake/21_9_2017/910670262789709824_0.jpg	informative	not_informative	False	0.8157157301902771	0.6314314231276512	0.18428430706262589	0.8157157301902771
909447627325964289	Flooded Cars Could Flood UsedCar Market Irma Harvey	data_image/hurricane_irma/17_9_2017/909447627325964289_0.jpg	not_informative	informative	False	0.8138520121574402	0.6277040168642998	0.8138520121574402	0.1861479952931404
921366169512112129	Why It's So Hard To Turn The Lights Back On In Puerto Rico	data_image/hurricane_maria/20_10_2017/921366169512112129_0.jpg	not_informative	informative	False	0.8132631182670593	0.6265262067317963	0.8132631182670593	0.18673691153526306
909462726740672514	FINAL DAY SkinnyCoCares IrmaRecovery IrmaRelief HurricaneIrmaAftermath IRMA	data_image/hurricane_irma/17_9_2017/909462726740672514_0.jpg	not_informative	informative	False	0.8132032752037048	0.6264065653085709	0.8132032752037048	0.18679670989513397
905712277751549952	May the Lord be with you to strengthen, comfort and protect you in Jesus name! hurricane irma prayer	data_image/hurricane_irma/7_9_2017/905712277751549952_0.jpg	not_informative	informative	False	0.8125832378864288	0.6251664757728577	0.8125832378864288	0.18741676211357117
913856267969540099	Lloyd's braces for hurricane profit damage after Harvey, Irma and Maria	data_image/mexico_earthquake/29_9_2017/913856267969540099_0.jpg	not_informative	informative	False	0.8121492862701416	0.6242985837161541	0.8121492862701416	0.1878507025539875
911757231602925575	Groves woman reconnects with brother after Mexico City's deadly earthquake	data_image/mexico_earthquake/24_9_2017/911757231602925575_0.jpg	not_informative	informative	False	0.8101693689823151	0.6203387230634689	0.8101693689823151	0.18983064591884613
905856140742762496	San Rafael Volunteers Feed Orphaned Harvey Squirrels	data_image/hurricane_harvey/7_9_2017/905856140742762496_0.jpg	informative	not_informative	False	0.8098954260349274	0.6197908595204353	0.19010456651449203	0.8098954260349274
922921521785462784	'I Start From Zero': Puerto Rico Evacuee Seeks New Start InMiami	data_image/hurricane_maria/24_10_2017/922921521785462784_0.jpg	not_informative	informative	False	0.8086210489273071	0.6172420755028725	0.8086210489273071	0.19137897342443466
909491970539696128	*Kyogre intensifies* irma	data_image/hurricane_irma/17_9_2017/909491970539696128_0.jpg	informative	not_informative	False	0.807849794626236	0.6156995905912481	0.19215020403498784	0.807849794626236
908822750852210689	Great Edu gift:STEM playedu 4M Kidz Labs Tornado	data_image/hurricane_harvey/15_9_2017/908822750852210689_0.jpg	not_informative	informative	False	0.8068588078022003	0.6137175932526588	0.8068588078022003	0.19314121454954147
911556086183886849	Hurricane Maria remaining a Category 3. How will Maria impact us in ENC? Tune into WCTI NOW for details.	data_image/hurricane_maria/23_9_2017/911556086183886849_0.jpg	not_informative	informative	False	0.8053958714008331	0.610791739076376	0.8053958714008331	0.19460413232445717
9,2303E+17	Firefighters Quickly Contain Clifftop Brush Fire S.F:	data_image/california_wildfires/25_10_2017/923030194096656384_0.jpg	informative	not_informative	False	0.8034322261810303	0.6068644896149635	0.19656773656606674	0.8034322261810303
907654224955285504	That hurricane sure does look awfully... Tornado-ey.	data_image/hurricane_harvey/12_9_2017/907654224955285504_0.jpg	informative	not_informative	False	0.8023631274700165	0.6047262717038393	0.19763685576617718	0.8023631274700165
909946096197292032	If this lede don't make you wanna keep reading:	data_image/hurricane_irma/19_9_2017/909946096197292032_0.jpg	informative	not_informative	False	0.8017436861991882	0.6034873926837463	0.19825629351544194	0.8017436861991882
906026408949907458	Seen this on FB. Very interesting. HurricaneHarvey EndOfDays SignsandWonders	data_image/hurricane_harvey/8_9_2017/906026408949907458_0.jpg	not_informative	informative	False	0.8015673458576202	0.6031347010284662	0.8015673458576202	0.19843264482915401
905618345822695424	Last Saturday these kiddos raised $50 for hurricane Harvey! Bravo	data_image/hurricane_harvey/7_9_2017/905618345822695424_0.jpg	informative	not_informative	False	0.799657553434372	0.5993151441216469	0.20034240931272507	0.799657553434372
909908379728039936	Grateful for the amazing community organizations like supporting thousands of FL families still trying	data_image/hurricane_irma/18_9_2017/909908379728039936_1.jpg	informative	not_informative	False	0.7990442514419556	0.598088501021266	0.20095575042068958	0.7990442514419556
901767261643558918	Check out the Houston traffic map. On a Monday, I'd say this is normal. But it's Sunday morning. Harvey Flooding	data_image/hurricane_harvey/27_8_2017/901767261643558918_0.jpg	informative	not_informative	False	0.7972020208835602	0.5944040343165398	0.20279798656702042	0.7972020208835602
921566195031011330	"Red state moochers to Puerto Rico: I got mine; your ""country"" can drop dead."	data_image/hurricane_maria/21_10_2017/921566195031011330_0.jpg	informative	not_informative	False	0.7938965260982513	0.5877930577844381	0.2061034683138132	0.7938965260982513
909490925268692992	Parrots 22nd Floor During Irma Marriott	data_image/hurricane_irma/17_9_2017/909490925268692992_0.jpg	informative	not_informative	False	0.7934374213218689	0.5868748351931572	0.2065625861287117	0.7934374213218689
905900435445338112	Oil's Post-Harvey Rally Stalls With Refinery Restarts Still Iffy	data_image/hurricane_harvey/7_9_2017/905900435445338112_0.jpg	informative	not_informative	False	0.7933862507343292	0.5867724493145943	0.20661380141973495	0.7933862507343292
923361135268696064	Thank you, , for transporting Westbrook's donations for Puerto Rico today! NovakandParker	data_image/hurricane_maria/26_10_2017/923361135268696064_2.jpg	informative	not_informative	False	0.7930712997913361	0.5861425511538982	0.20692874863743782	0.7930712997913361
913491469629034496	District Director Yvette Collazo talks radio on DisasterAssistance for PuertoRico after Hurricane Maria.	data_image/hurricane_maria/28_9_2017/913491469629034496_0.jpg	not_informative	informative	False	0.792418509721756	0.5848370078019798	0.792418509721756	0.2075815019197762
916043570980802561	.: Puerto Rico needs all of the support we can get.	data_image/hurricane_maria/5_10_2017/916043570980802561_0.jpg	informative	not_informative	False	0.7920903861522675	0.5841807536780834	0.20790963247418404	0.7920903861522675
909801861502373889	This week CES is spotlighting -protecting the health, safety, & well-being of our community during	data_image/hurricane_irma/18_9_2017/909801861502373889_0.png	informative	not_informative	False	0.7916656136512756	0.5833312459290028	0.20833436772227287	0.7916656136512756
914588144724529152	We have your back- John Velazquez Help as much as you can with Hurricane Maria Relief	data_image/hurricane_maria/1_10_2017/914588144724529152_0.jpg	not_informative	informative	False	0.7916277945041656	0.5832555815577507	0.7916277945041656	0.20837221294641495
904339471382044672	Best ways to help with Harvey recovery: fact (theirs) and opinion (mine). Blog:	data_image/hurricane_harvey/3_9_2017/904339471382044672_0.jpg	informative	not_informative	False	0.7915751338005066	0.5831502377986908	0.2084248960018158	0.7915751338005066
912178184455622656	Storm cones aloft North Carolina... HurricaneMaria NorthCarolina	data_image/hurricane_maria/25_9_2017/912178184455622656_0.jpg	not_informative	informative	False	0.7914428114891052	0.5828855894505978	0.7914428114891052	0.20855722203850746
909957278618603520	Your irma and Jose vs my irma and Jose Both equally as destructive	data_image/hurricane_irma/19_9_2017/909957278618603520_0.jpg	informative	not_informative	False	0.7907362580299377	0.5814725151285529	0.20926374290138483	0.7907362580299377
9,17825E+17	JUST IN: President Trump approves California disaster declaration for areas affected by wildfires	data_image/california_wildfires/10_10_2017/917825152636907523_0.jpg	not_informative	informative	False	0.7904912531375885	0.580982469022274	0.7904912531375885	0.20950878411531448
9,19939E+17	15 Videos Show What It's Really Like Trying to Survive the CaliforniaWildfires	data_image/california_wildfires/16_10_2017/919939268646019072_0.jpg	not_informative	informative	False	0.7899208664894104	0.5798417031764984	0.7899208664894104	0.210079163312912
930693871239073795	Situation update on Sunday's EarthquakeIraq from	data_image/iraq_iran_earthquake/15_11_2017/930693871239073795_0.jpg	not_informative	informative	False	0.7896996736526489	0.579399362206459	0.7896996736526489	0.21030031144618988
911707767584456704	Intensity map of Mexico's earthquake	data_image/mexico_earthquake/23_9_2017/911707767584456704_0.jpg	not_informative	informative	False	0.7893825769424438	0.578765147831291	0.7893825769424438	0.2106174291111529
871112578583449600	Dark Goddess antonio mora	data_image/srilanka_floods/3_6_2017/871112578583449600_0.jpg	not_informative	informative	False	0.7883460819721222	0.5766921415925026	0.7883460819721222	0.2116539403796196
905204400318242821	Thanx for the gangbang Mother Nature CD44 Harvey, Irma, Jose	data_image/hurricane_harvey/5_9_2017/905204400318242821_0.jpg	informative	not_informative	False	0.787255048751831	0.5745100777130574	0.21274497103877366	0.787255048751831
915231662916669441	"forget about ""can you hear me now"" under this cell phone coverage scenario (13th day) MariaPR hurricaneMaria"	data_image/hurricane_maria/3_10_2017/915231662916669441_0.jpg	not_informative	informative	False	0.7865982055664062	0.5731964483857155	0.7865982055664062	0.21340175718069077
905390758873706496	harvey brought the whole damn gang smh	data_image/hurricane_harvey/6_9_2017/905390758873706496_0.jpg	informative	not_informative	False	0.7865121066570282	0.5730242421850562	0.213487864471972	0.7865121066570282
909760195240308737	Insurance claims have you confused after Irma? Start here TampaBay StPete SunShinesHere	data_image/hurricane_irma/18_9_2017/909760195240308737_0.jpg	not_informative	informative	False	0.785631388425827	0.5712627992033958	0.785631388425827	0.21436858922243118
9,19566E+17	Amazing! Family dog emerges alive amid California wildfire aftermath	data_image/california_wildfires/15_10_2017/919565833596125184_0.jpg	not_informative	informative	False	0.7851074039936066	0.5702148173004389	0.7851074039936066	0.2148925866931677
909497276875395083	Nope, I am definitely over this hurricane watching. Irma Jose Lee Maria	data_image/hurricane_irma/17_9_2017/909497276875395083_0.jpg	informative	not_informative	False	0.7831378281116486	0.5662756562232971	0.21686217188835144	0.7831378281116486
909908949926899712	First Irma, and now Maria. Why does mother nature not like Puerto Rico.D9D9D9D9	data_image/hurricane_irma/18_9_2017/909908949926899712_1.jpg	informative	not_informative	False	0.7827960848808289	0.5655921548604965	0.21720393002033234	0.7827960848808289
906395699855667200	Welcomed our Willbern Whales back to school AND raised $$ for Hurricane Harvey relief! Have a WHALE OF A YEAR!	data_image/hurricane_harvey/9_9_2017/906395699855667200_0.jpg	informative	not_informative	False	0.78268101811409	0.5653620176017284	0.21731900051236153	0.78268101811409
909809979338760192	Good evening twitter world. Thoughts wyith everyone effected by Irma.	data_image/hurricane_irma/18_9_2017/909809979338760192_0.jpg	informative	not_informative	False	0.7821770310401917	0.5643540555611253	0.21782297547906637	0.7821770310401917
905839406577315840	Harvey Shows America's Colorblind Spirit neighbor helping neighbor	data_image/hurricane_harvey/7_9_2017/905839406577315840_0.jpg	informative	not_informative	False	0.7818399369716644	0.5636799186468124	0.218160018324852	0.7818399369716644
910243047568560128	Hurricane Irma 'Wonder Girls' Help in Georgia Shelter RedCross RedCrosser	data_image/hurricane_irma/19_9_2017/910243047568560128_0.jpg	not_informative	informative	False	0.7817723751068115	0.5635447651147842	0.7817723751068115	0.21822760999202728
910140776952336384	Back to work post-Irma in my Studio Physics class.	data_image/hurricane_irma/19_9_2017/910140776952336384_0.jpg	informative	not_informative	False	0.7813235223293304	0.5626470353454351	0.2186764869838953	0.7813235223293304
930079924010061824	United in Prayer for Iran & Iraq after deadly earthquake. PrayforIran PrayforIraq	data_image/iraq_iran_earthquake/13_11_2017/930079924010061824_0.jpg	not_informative	informative	False	0.7800076007843018	0.5600151997059584	0.7800076007843018	0.2199924010783434
910198756968148992	no as strong as irma but similar path	data_image/hurricane_irma/19_9_2017/910198756968148992_0.jpg	informative	not_informative	False	0.7788432240486145	0.5576864704489708	0.2211567535996437	0.7788432240486145
916229562832363520	'Golfing? Tweeting?': Clinton asks what Trump was doing when Puerto Rico crisis began	data_image/hurricane_maria/6_10_2017/916229562832363520_0.jpg	not_informative	informative	False	0.777815192937851	0.5556304063647985	0.777815192937851	0.2221847865730524
910123109650456576	Don't Fire Guns at Hurricane Irma, Florida Police Warn	data_image/hurricane_irma/19_9_2017/910123109650456576_0.jpg	informative	not_informative	False	0.777782529592514	0.5555650517344475	0.22221747785806656	0.777782529592514
921331413642817537	FEMA's Long: No time for mayor's 'spout off,' focused on Puerto Rico	data_image/hurricane_maria/20_10_2017/921331413642817537_0.jpg	not_informative	informative	False	0.7776887118816376	0.555377408862114	0.7776887118816376	0.22231130301952362
873663452585308160	Mobilization of Emergency Humanitarian Assistance to People affected in CycloneMora	data_image/srilanka_floods/10_6_2017/873663452585308160_0.jpg	not_informative	informative	False	0.7773546576499939	0.5547093488276005	0.7773546576499939	0.22264530882239342
922495760595288066	Why is FEMA failing Florida, Texas, and Puerto Rico?--	data_image/hurricane_maria/23_10_2017/922495760595288066_0.jpg	not_informative	informative	False	0.7771741151809692	0.5543482676148415	0.7771741151809692	0.22282584756612778
871860172833996802	PSA - Is your school affected due to FloodSL ? (via )	data_image/srilanka_floods/5_6_2017/871860172833996802_0.jpg	not_informative	informative	False	0.7758511304855347	0.5517022460699081	0.7758511304855347	0.22414888441562653
915247754410151936	RIGHT NOW: President and First Lady Trump receive Hurricane Maria briefing... -	data_image/hurricane_maria/3_10_2017/915247754410151936_0.jpg	not_informative	informative	False	0.7758370041847229	0.551674023270607	0.7758370041847229	0.2241629809141159
913385573104148480	Weeks after hurricane a critical window for PTSD, experts say. ptsd ptsdawareness	data_image/hurricane_maria/28_9_2017/913385573104148480_0.jpg	not_informative	informative	False	0.775253415107727	0.5505068302154541	0.775253415107727	0.22474658489227295
907014413500256256	Evidently somebody didn't want to risk putting Orlando under a Tornado Warning.	data_image/hurricane_harvey/10_9_2017/907014413500256256_0.jpg	informative	not_informative	False	0.7749152183532715	0.5498304460197687	0.22508477233350277	0.7749152183532715
909932628714967041	Considering Maria's buzzsaw structure, it wouldn't shock me at all if it gets up to 150 knots. Irma did it in the	data_image/hurricane_irma/19_9_2017/909932628714967041_0.jpg	informative	not_informative	False	0.7743099331855774	0.5486198402941227	0.2256900928914547	0.7743099331855774
909940529349226496	Irma just got down and now this	data_image/hurricane_irma/19_9_2017/909940529349226496_0.jpg	informative	not_informative	False	0.7739920318126678	0.5479840524494648	0.22600797936320305	0.7739920318126678
915017760266084352	Mexico's earthquake victims can't even get donations bc of cartels!	data_image/mexico_earthquake/3_10_2017/915017760266084352_0.jpg	informative	not_informative	False	0.7726317644119263	0.5452635884284973	0.22736817598342896	0.7726317644119263
910118239618912258	We just had a hurricane just hits Florida Big bad Irma	data_image/hurricane_irma/19_9_2017/910118239618912258_0.jpg	informative	not_informative	False	0.7725726962089539	0.5451453812420368	0.22742731496691704	0.7725726962089539
930693871239073795	Situation update on Sunday's EarthquakeIraq from	data_image/iraq_iran_earthquake/15_11_2017/930693871239073795_1.jpg	not_informative	informative	False	0.7721123993396759	0.5442248061299324	0.7721123993396759	0.2278875932097435
930153444156911616	Prayers for those who suffering the natural disaster in Iran E7 and Iraq E6 F Earthquake	data_image/iraq_iran_earthquake/13_11_2017/930153444156911616_0.jpg	not_informative	informative	False	0.77164426445961	0.5432885587215424	0.77164426445961	0.22835570573806763
913369778240319490	Report by UNAM seismologists on Mexico earthquake of Sept 19	data_image/mexico_earthquake/28_9_2017/913369778240319490_0.jpg	not_informative	informative	False	0.771269679069519	0.5425393832847476	0.771269679069519	0.22873029578477144
913306064942223360	Locals relieved Hurricane Maria didn't cause any major damage	data_image/hurricane_maria/28_9_2017/913306064942223360_0.jpg	informative	not_informative	False	0.7703974843025208	0.5407949462532997	0.22960253804922104	0.7703974843025208
910640199272747008	Map of 2017PueblaMexicoEarthquake	data_image/mexico_earthquake/20_9_2017/910640199272747008_0.jpg	not_informative	informative	False	0.7703329026699066	0.5406657578423619	0.7703329026699066	0.2296671448275447
870161183927660544	Data from geoinfo center included in our map FloodSL	data_image/srilanka_floods/1_6_2017/870161183927660544_0.jpg	not_informative	informative	False	0.76994189620018	0.5398837700486183	0.76994189620018	0.23005812615156174
906713677818187777	Plus Harvey. But Global Warming is not real according to scientists in the age of Trumpiland.	data_image/hurricane_harvey/10_9_2017/906713677818187777_0.jpg	informative	not_informative	False	0.769586831331253	0.5391737106256187	0.23041312070563436	0.769586831331253
9,21883E+17	Michio Kaku On Record-Setting Hurricanes In Florida And Houston, California Wildfires, Mexi	data_image/california_wildfires/21_10_2017/921883056146927616_0.jpg	not_informative	informative	False	0.7695296704769135	0.5390593260526657	0.7695296704769135	0.23047034442424774
915056767129800704	Please help support and share !!! LasVegasShooting mexicoearthquake PuertoRicoSeLevanta	data_image/mexico_earthquake/3_10_2017/915056767129800704_0.jpg	not_informative	informative	False	0.7693975269794464	0.5387950725853443	0.7693975269794464	0.2306024543941021
913068281879318528	You sneaky so and so! Maria restrengthens to hurricane status.	data_image/hurricane_maria/27_9_2017/913068281879318528_0.jpg	informative	not_informative	False	0.7689637243747711	0.5379274375736713	0.23103628680109978	0.7689637243747711
870383429929578498	Bangladesh: Admin Level 4 Boundaries CycloneMora geodata	data_image/srilanka_floods/1_6_2017/870383429929578498_0.jpg	not_informative	informative	False	0.7684508264064789	0.5369016826152802	0.7684508264064789	0.23154914379119873
930132844516708355	Humanity and to everyone in Iran & Iraq 5 earthquake rescue help aid	data_image/iraq_iran_earthquake/13_11_2017/930132844516708355_0.jpg	not_informative	informative	False	0.7676174938678741	0.5352349802851677	0.7676174938678741	0.23238251358270645
904461654452252673	Locally, some steady rain yesterday as a result of Harvey's remnants, but nothing too crazy njwx	data_image/hurricane_harvey/3_9_2017/904461654452252673_0.jpg	informative	not_informative	False	0.7663723528385162	0.5327447187155485	0.23362763412296772	0.7663723528385162
908049934422888449	How did Hurricane Harvey get so strong?	data_image/hurricane_harvey/13_9_2017/908049934422888449_0.jpg	not_informative	informative	False	0.7644573450088501	0.5289146974682808	0.7644573450088501	0.2355426475405693
908414172622409730	Irma Jose Harvey -_- 2? Again? Poor Leeward Islands... :-(	data_image/hurricane_harvey/14_9_2017/908414172622409730_0.jpg	informative	not_informative	False	0.764291912317276	0.5285838320851326	0.2357080802321434	0.764291912317276
915056767129800704	Please help support and share !!! LasVegasShooting mexicoearthquake PuertoRicoSeLevanta	data_image/mexico_earthquake/3_10_2017/915056767129800704_1.jpg	not_informative	informative	False	0.7620294988155365	0.5240590013563633	0.7620294988155365	0.2379704974591732
929399613257388043	WATCH: Puerto Rico's looming medical crisis is 'about to explode'	data_image/hurricane_maria/11_11_2017/929399613257388043_0.jpg	not_informative	informative	False	0.7617622017860413	0.5235243765637279	0.7617622017860413	0.2382378252223134
912056910316060672	Harlem Rep. Adriano Espaillat Statement On Federal Hurricane Maria ReliefEfforts	data_image/hurricane_maria/24_9_2017/912056910316060672_0.jpg	not_informative	informative	False	0.7614354491233826	0.5228709001094103	0.7614354491233826	0.23856454901397228
929989388863508480	We pray for all those affected by the earthquake in Iraq and Iran	data_image/iraq_iran_earthquake/13_11_2017/929989388863508480_0.jpg	not_informative	informative	False	0.7607666254043579	0.5215332582592964	0.7607666254043579	0.2392333671450615
912076440811790336	Familiar weather pattern for FL although satellite shows Hurricane Maria in distant E & upper low pressure in Gulf.	data_image/hurricane_maria/24_9_2017/912076440811790336_0.jpg	informative	not_informative	False	0.7606204748153687	0.5212409645318985	0.23937951028347015	0.7606204748153687
909490457603919872	Rudy Ogelsby stands in front of her daughter's prom dress--one of the only possessions that survived Irma from her	data_image/hurricane_irma/17_9_2017/909490457603919872_0.jpg	not_informative	informative	False	0.7605297565460205	0.5210595466196537	0.7605297565460205	0.2394702099263668
870389549116948480	Weather forecast 1stJune2017 SLFloods2017 FloodSL lka dmclk English and Sinhala	data_image/srilanka_floods/1_6_2017/870389549116948480_1.jpg	not_informative	informative	False	0.7604969441890717	0.5209938734769821	0.7604969441890717	0.23950307071208954
9,17852E+17	Smoke from N. California wildfires drifting into Central Oregon. Cold front should push smoke out of area tonight	data_image/california_wildfires/10_10_2017/917851944420610049_0.jpg	informative	not_informative	False	0.7603353559970856	0.5206707045435905	0.23966465145349503	0.7603353559970856
913074566968221696	The brainstorming session on the MexicoEarthquake has begun at the Center.	data_image/mexico_earthquake/27_9_2017/913074566968221696_0.jpg	not_informative	informative	False	0.759861022233963	0.5197220593690872	0.759861022233963	0.2401389628648758
905288649692127232	Arrived . You should volunteer. Harvey Irma	data_image/hurricane_harvey/6_9_2017/905288649692127232_2.jpg	informative	not_informative	False	0.7595146596431732	0.519029326736927	0.24048533290624619	0.7595146596431732
908757312705249280	Rock climbing in Big Cottonwood! HurricaneHarvey	data_image/hurricane_harvey/15_9_2017/908757312705249280_0.jpg	not_informative	informative	False	0.7593753933906555	0.518750786781311	0.7593753933906555	0.24062460660934448
909469956990996480	Irma still over Cuba heading toward open ocean then Florida Keys	data_image/hurricane_irma/17_9_2017/909469956990996480_2.jpg	informative	not_informative	False	0.7592524886131287	0.5185049921274185	0.24074749648571014	0.7592524886131287
909435281216073728	harvey irma and now jose maria ? hummm...	data_image/hurricane_irma/17_9_2017/909435281216073728_0.jpg	informative	not_informative	False	0.7580267488956451	0.5160534847527742	0.2419732641428709	0.7580267488956451
913191528863956993	1 Communications. DoD officials provide an update on HurricaneMaria ReliefEfforts	data_image/hurricane_maria/28_9_2017/913191528863956993_0.jpg	not_informative	informative	False	0.7578968107700348	0.5157936476171017	0.7578968107700348	0.24210316315293312
908162986291818496	I TEXAS! Hog hunters, private pilots provide airlift to hurricane victims A8	data_image/hurricane_harvey/14_9_2017/908162986291818496_0.jpg	informative	not_informative	False	0.7578727602958679	0.515745498239994	0.24212726205587387	0.7578727602958679
909466389911654400	Yo Irma, right here. 26.6771 N, 80.0370 W	data_image/hurricane_irma/17_9_2017/909466389911654400_0.jpg	informative	not_informative	False	0.7576994001865387	0.5153987798839808	0.24230062030255795	0.7576994001865387
930179482014638080	Iran-Iraq earthquake live blog	data_image/iraq_iran_earthquake/13_11_2017/930179482014638080_0.jpg	not_informative	informative	False	0.7569507360458374	0.5139014460146427	0.7569507360458374	0.2430492900311947
914221296904544256	After 2 weeks, on tuesday Maria will end Atlantic journey in Bay of Biscay. hurricane wind weather	data_image/hurricane_maria/30_9_2017/914221296904544256_0.jpg	informative	not_informative	False	0.7566739320755005	0.5133478343486786	0.2433260977268219	0.7566739320755005
910217184542064640	Help Irma victims....and see me in a smock. Win-win, amiright?	data_image/hurricane_irma/19_9_2017/910217184542064640_0.jpg	informative	not_informative	False	0.7565438449382782	0.5130877438932657	0.24345610104501247	0.7565438449382782
9,20622E+17	Oregon strike teams return home from battling wildfires in California LiveonK2	data_image/california_wildfires/18_10_2017/920621738932649985_0.jpg	informative	not_informative	False	0.7563652694225311	0.5127305313944817	0.24363473802804947	0.7563652694225311
921313540090327041	Jos Andrs And Crew Of Hundreds Serve One Million Puerto Rico Meals, Skip The Paper Towels	data_image/hurricane_maria/20_10_2017/921313540090327041_0.jpg	not_informative	informative	False	0.7552322149276733	0.5104643814265728	0.7552322149276733	0.24476783350110054
913823026197676032	Puerto Rico Hurricane and Mexico Earthquake Relief Fund - FLACS will be collecting specific	data_image/mexico_earthquake/29_9_2017/913823026197676032_0.jpg	not_informative	informative	False	0.7549871802330017	0.5099743530154228	0.7549871802330017	0.2450128272175789
910658021671436288	earthquake: Mexico Earthquake: Interview with eyewitness Kenan Onat	data_image/mexico_earthquake/21_9_2017/910658021671436288_0.jpg	not_informative	informative	False	0.7540320158004761	0.508064080029726	0.7540320158004761	0.24596793577075005
916061152504885248	Come out this Saturday, 4th & Lehigh. Accepting all donations for Puerto Rico	data_image/hurricane_maria/5_10_2017/916061152504885248_1.jpg	informative	not_informative	False	0.7530896067619324	0.506179191172123	0.24691041558980942	0.7530896067619324
909916227409256449	Irma Maria Just sayin'...	data_image/hurricane_irma/18_9_2017/909916227409256449_1.jpg	informative	not_informative	False	0.7525573372840881	0.5051146672922187	0.24744266999186948	0.7525573372840881
905621904505139200	The fiscally responsible hurricane response Republicans won't talk about	data_image/hurricane_harvey/7_9_2017/905621904505139200_0.jpg	not_informative	informative	False	0.7521930932998657	0.5043861716985703	0.7521930932998657	0.24780692160129547
914117407169380353	M2.2 earthquake 85mi SW of Yuma, AZ at 05:15am. 39mi SW of Alberto Oviedo Mota, Mexico	data_image/mexico_earthquake/30_9_2017/914117407169380353_0.jpg	not_informative	informative	False	0.7515532970428467	0.5031065703369677	0.7515532970428467	0.24844672670587897
922874068965249025	How Donald Trump's failure to help Puerto Rico could haunt him in 2020	data_image/hurricane_maria/24_10_2017/922874068965249025_0.jpg	not_informative	informative	False	0.7513230443000793	0.5026460960507393	0.7513230443000793	0.24867694824934006
912382620234903554	Just when I thought I couldn't love more. LoveArmyMexico MexicoEarthquake MexicoEarthquakeRelief	data_image/mexico_earthquake/25_9_2017/912382620234903554_0.jpg	not_informative	informative	False	0.7512896955013275	0.5025793612003326	0.7512896955013275	0.24871033430099487
909420384260362240	The Stahl boys doing a little cleaning up after Hurricane Irma. DADEPBA thinblueline Maria	data_image/hurricane_irma/17_9_2017/909420384260362240_0.jpg	informative	not_informative	False	0.7507932484149933	0.5015864670276642	0.2492067813873291	0.7507932484149933
930389449363599360	It fucking hurts when you can't do anything for your people .. iranEarthquake Iran earthquake	data_image/iraq_iran_earthquake/14_11_2017/930389449363599360_0.jpg	not_informative	informative	False	0.7507688403129578	0.5015376470983028	0.7507688403129578	0.24923119321465492
910005276748779520	Eerily reminiscent of Irma's Spaghetti model dumpster fire..	data_image/hurricane_irma/19_9_2017/910005276748779520_0.jpg	informative	not_informative	False	0.749748170375824	0.49949631188064814	0.25025185849517584	0.749748170375824
871111006054785024	Cyclone Mora from the ISS (May 29, 2017 at 10:54Z)	data_image/srilanka_floods/3_6_2017/871111006054785024_0.jpg	not_informative	informative	False	0.7489403784275055	0.4978807377628982	0.7489403784275055	0.2510596406646073
929418602599546881	San Juan Mayor Carmen Yulin Cruz On Relief Effort In Puerto Rico: 'Mr. Trump Do Your Job' |	data_image/hurricane_maria/11_11_2017/929418602599546881_0.jpg	not_informative	informative	False	0.7477761209011078	0.49555225670337677	0.7477761209011078	0.252223864197731
923521848318529537	Puerto Rico bankruptcy judge forbids disaster funds for credit repayment	data_image/hurricane_maria/26_10_2017/923521848318529537_0.jpg	not_informative	informative	False	0.7461784780025482	0.49235694855451584	0.7461784780025482	0.2538215294480324
922285969717338112	It's not just Puerto Rico: FEMA bogs down in Florida, Texas too	data_image/hurricane_maria/23_10_2017/922285969717338112_0.jpg	not_informative	informative	False	0.7459471821784973	0.4918943792581558	0.7459471821784973	0.2540528029203415
927982073717157891	Our own Rebecca NewmanExcited to help in service project. Filling backpacks for Puerto Rico! DF17 HLS	data_image/hurricane_maria/7_11_2017/927982073717157891_2.jpg	informative	not_informative	False	0.7456381916999817	0.4912763759493828	0.2543618157505989	0.7456381916999817
906107650978480129	Day 1 Hurricane Harvey Relief. Today's soup is Stuffed Green Pepper. Stop on by for the fundraiser!!	data_image/hurricane_harvey/8_9_2017/906107650978480129_0.jpg	informative	not_informative	False	0.745559424161911	0.4911188706755638	0.2544405534863472	0.745559424161911
930693871239073795	Situation update on Sunday's EarthquakeIraq from	data_image/iraq_iran_earthquake/15_11_2017/930693871239073795_2.jpg	not_informative	informative	False	0.7453849017620087	0.49076976627111435	0.7453849017620087	0.2546151354908943
905933447637721089	Hurricanes Harvey & Irma: What We Know and What to Expect Read more: forbes	data_image/hurricane_harvey/7_9_2017/905933447637721089_0.jpg	not_informative	informative	False	0.7452479898929596	0.4904959574341774	0.7452479898929596	0.2547520324587822
912950452223975425	thisisUS helping where it matters most. FloridaKeys MexicoEarthquake houstonflood	data_image/mexico_earthquake/27_9_2017/912950452223975425_1.jpg	not_informative	informative	False	0.7448521852493286	0.48970439564436674	0.7448521852493286	0.25514778960496187
923361135268696064	Thank you, , for transporting Westbrook's donations for Puerto Rico today! NovakandParker	data_image/hurricane_maria/26_10_2017/923361135268696064_0.jpg	informative	not_informative	False	0.7441421747207642	0.48828428611159325	0.2558578886091709	0.7441421747207642
909941384529952769	Table for 600? Dinner served for Hurricane Irma victims	data_image/hurricane_irma/19_9_2017/909941384529952769_0.jpg	informative	not_informative	False	0.7440198659896851	0.4880397096276283	0.25598015636205673	0.7440198659896851
909386522549420032	South Florida just got its own Hurricane Irma viral rap song	data_image/hurricane_irma/17_9_2017/909386522549420032_0.jpg	informative	not_informative	False	0.7431161403656006	0.48623232170939445	0.25688381865620613	0.7431161403656006
901684002544910336	This is where one of the best computer models predicts Harvey will be....six days from now.	data_image/hurricane_harvey/27_8_2017/901684002544910336_0.jpg	informative	not_informative	False	0.7429201900959015	0.48584043234586716	0.25707975775003433	0.7429201900959015
914892963171454977	Bolongo Bay Beach Resort: Post-Hurricane Irma & Maria Update	data_image/hurricane_maria/2_10_2017/914892963171454977_0.jpg	not_informative	informative	False	0.7424840331077576	0.4849680997431278	0.7424840331077576	0.25751593336462975
9,17983E+17	CURRENT FIRE AND SMOKE IN CALIFORNIA KUSINEWS	data_image/california_wildfires/11_10_2017/917983113015365634_0.jpg	informative	not_informative	False	0.7421202063560486	0.4842404015362263	0.2578798048198223	0.7421202063560486
909811330814824449	If you prefer some still images, here is the Panasonic Weather Solutions Irma forecast at: hour 144, 99, 66, and 14	data_image/hurricane_irma/18_9_2017/909811330814824449_3.jpg	informative	not_informative	False	0.7420214712619781	0.4840429872274399	0.25797848403453827	0.7420214712619781
909446946376560640	Blanketing ~quarter of US, remnant clouds from what was Hurricane Irma.	data_image/hurricane_irma/17_9_2017/909446946376560640_0.jpg	informative	not_informative	False	0.7408459782600403	0.4816919192671776	0.2591540589928627	0.7408459782600403
910267451664986112	Our crew returned from FL today after working hand-in-hand to cleanup Irma debris in .	data_image/hurricane_irma/19_9_2017/910267451664986112_0.jpg	informative	not_informative	False	0.7405977249145508	0.48119543120265007	0.2594022937119007	0.7405977249145508
9,21095E+17	Obama-nation destroyed 164 Million trees in California's forests. Fire tinderbox	data_image/california_wildfires/19_10_2017/921095476455321600_2.jpg	informative	not_informative	False	0.7405286133289337	0.4810572527348995	0.2594713605940342	0.7405286133289337
908806454949298177	BREAKING Red Cross to re-launch Harvey assistance site on Sept. 21	data_image/hurricane_harvey/15_9_2017/908806454949298177_0.jpg	not_informative	informative	False	0.7399708926677704	0.4799417778849602	0.7399708926677704	0.2600291147828102
906021278691205122	Harvey did next to nothing for Oil in comparison to Katrina	data_image/hurricane_harvey/8_9_2017/906021278691205122_0.jpg	informative	not_informative	False	0.7398720681667328	0.4797441139817238	0.260127954185009	0.7398720681667328
905818622408450048	Dropped off our donation for Harvey relief to they will distribute to victims and volunteers	data_image/hurricane_harvey/7_9_2017/905818622408450048_0.jpg	informative	not_informative	False	0.7395603656768799	0.47912076115608215	0.26043960452079773	0.7395603656768799
930317873989369856	Praying for earthquake victims & their families in Iran & Iraq.	data_image/iraq_iran_earthquake/14_11_2017/930317873989369856_0.jpg	not_informative	informative	False	0.7391473054885864	0.47829461097717285	0.7391473054885864	0.2608526945114136
909811330814824449	If you prefer some still images, here is the Panasonic Weather Solutions Irma forecast at: hour 144, 99, 66, and 14	data_image/hurricane_irma/18_9_2017/909811330814824449_2.jpg	informative	not_informative	False	0.7388589978218079	0.4777179956436157	0.26114100217819214	0.7388589978218079
922356832949084161	- For sale! Puerto Rico Strong - 100% Premium Cotton T-shirt | via - deals	data_image/hurricane_maria/23_10_2017/922356832949084161_0.jpg	not_informative	informative	False	0.7388047873973846	0.4776095747947693	0.7388047873973846	0.26119521260261536
9,17852E+17	California on fire, as seen from space. Aqua satellite, dated 9 Oct 2017 at 21:50 UTC (2:50 PM local time).	data_image/california_wildfires/10_10_2017/917852446898102272_0.jpg	not_informative	informative	False	0.7368185520172119	0.47363712126389146	0.7368185520172119	0.26318143075332046
906937988982214659	WHY ARE THEY GIVING THE WARNING DURING THE TORNADO	data_image/hurricane_harvey/10_9_2017/906937988982214659_0.jpg	informative	not_informative	False	0.7365142405033112	0.4730284810066223	0.26348575949668884	0.7365142405033112
910645932944908288	Hurricane Hunters () are now in Maria. We'll have the first data from the eye in any minute now!	data_image/hurricane_maria/20_9_2017/910645932944908288_1.jpg	informative	not_informative	False	0.7362558245658875	0.4725116491317749	0.26374417543411255	0.7362558245658875
909490430600990721	Cleaning up after Irma and this is what I have to see online. :( didn't we have enough already?	data_image/hurricane_irma/17_9_2017/909490430600990721_0.jpg	informative	not_informative	False	0.7360994815826416	0.4721989519894123	0.2639005295932293	0.7360994815826416
909769051966201857	ICYMI: Trump pushes to run for Senate during Irma recovery visit	data_image/hurricane_irma/18_9_2017/909769051966201857_0.jpg	not_informative	informative	False	0.7359821498394012	0.4719642996788025	0.7359821498394012	0.26401785016059875
914942756815986689	NiLP Report: Inequlities of the Mexico Earthquake	data_image/mexico_earthquake/2_10_2017/914942756815986689_0.jpg	not_informative	informative	False	0.735799640417099	0.4715992584824562	0.735799640417099	0.2642003819346428
909908379728039936	Grateful for the amazing community organizations like supporting thousands of FL families still trying	data_image/hurricane_irma/18_9_2017/909908379728039936_0.jpg	informative	not_informative	False	0.7356657683849335	0.471331549808383	0.2643342185765505	0.7356657683849335
907750756937293825	Oldest known photo of a tornado. Aug. 28th, 1884 near Howard, South Dakota	data_image/hurricane_harvey/12_9_2017/907750756937293825_0.jpg	not_informative	informative	False	0.7354967445135117	0.47099344339221716	0.7354967445135117	0.2645033011212945
930068475984392192	Earthquake () possibly felt 2 min ago in Northern Iran. Felt it? See	data_image/iraq_iran_earthquake/13_11_2017/930068475984392192_0.jpg	informative	not_informative	False	0.7353420853614807	0.4706841856241226	0.2646578997373581	0.7353420853614807
931302097575956480	Iran used HAARP technology which caused earthquake in Kurdistan.	data_image/iraq_iran_earthquake/16_11_2017/931302097575956480_0.jpg	not_informative	informative	False	0.7350302636623383	0.4700604975223541	0.7350302636623383	0.26496976613998413
914117407169380353	M2.2 earthquake 85mi SW of Yuma, AZ at 05:15am. 39mi SW of Alberto Oviedo Mota, Mexico	data_image/mexico_earthquake/30_9_2017/914117407169380353_1.jpg	not_informative	informative	False	0.734961211681366	0.4699224145151675	0.734961211681366	0.2650387971661985
921592416779587584	'It was dire,' Kern firefighters return from Puerto Rico	data_image/hurricane_maria/21_10_2017/921592416779587584_0.jpg	not_informative	informative	False	0.7336050868034363	0.46721015870571136	0.7336050868034363	0.2663949280977249
909428648796704768	Hey I just saw you on w/ discussing Hurricane Irma. Good job. NABJ	data_image/hurricane_irma/17_9_2017/909428648796704768_1.jpg	informative	not_informative	False	0.7329306304454803	0.4658612683415413	0.26706936210393906	0.7329306304454803
911795195368415232	PuertoRico utuado utuadopuertorico No contact with my family since hurricane Maria. EFD57	data_image/hurricane_maria/24_9_2017/911795195368415232_0.jpg	informative	not_informative	False	0.732389897108078	0.4647798389196396	0.2676100581884384	0.732389897108078
922112444427841536	Sean Duffy was one of the few who opposed the aid package for Puerto Rico	data_image/hurricane_maria/22_10_2017/922112444427841536_0.jpg	not_informative	informative	False	0.7313931286334991	0.4627862423658371	0.7313931286334991	0.26860688626766205
904773355546578944	Hurry up go to and donate harvey they will double ur donation till sept 6th	data_image/hurricane_harvey/4_9_2017/904773355546578944_0.jpg	informative	not_informative	False	0.7308887839317322	0.46177754551172256	0.2691112384200096	0.7308887839317322
909722343106367488	I like to wake up to good news. This is NOT it. Irma StCroix	data_image/hurricane_irma/18_9_2017/909722343106367488_0.jpg	informative	not_informative	False	0.7305797636508942	0.46115956036373973	0.26942020328715444	0.7305797636508942
904375409441087488	Texans are unstoppable! HoustonStrong TexasStrong Harvey HarveyRecovery SundayMorning Americans A8	data_image/hurricane_harvey/3_9_2017/904375409441087488_0.jpg	not_informative	informative	False	0.7302910089492798	0.46058197133243084	0.7302910089492798	0.26970903761684895
921783125323145216	Despite the rain, WyEast middle school yard sale in the 'Couv goes til 4:00! Raising money for trip & Puerto Rico	data_image/hurricane_maria/21_10_2017/921783125323145216_0.jpg	informative	not_informative	False	0.7302192151546478	0.4604383781552315	0.26978083699941635	0.7302192151546478
929051206705733634	OOOOOOOOHHHHHH WHO LIVES AS A COLONY UNDER THE SEA? PUERTO RICO!	data_image/hurricane_maria/10_11_2017/929051206705733634_0.jpg	informative	not_informative	False	0.7295515686273575	0.459103147033602	0.2704484215937555	0.7295515686273575
9,22217E+17	Extended period of critical fire weather conditions in California with another strong SantaAna wind event. CAwx	data_image/california_wildfires/22_10_2017/922217480629694465_0.jpg	not_informative	informative	False	0.7289352118968964	0.4578704424202442	0.7289352118968964	0.27106476947665215
909863311528820738	Found this in a neighborhood still in the dark from Irma Duke Energy apologizing to ppl still w/out power.	data_image/hurricane_irma/18_9_2017/909863311528820738_0.jpg	informative	not_informative	False	0.7288690805435181	0.4577381759881973	0.27113090455532074	0.7288690805435181
923593857396301824	Volunteer Event at Island Harvest! T1191 Packing for Puerto Rico! worksomewhereyou	data_image/hurricane_maria/26_10_2017/923593857396301824_1.jpg	informative	not_informative	False	0.7281944155693054	0.45638881623744965	0.2718055993318558	0.7281944155693054
928745049629839364	Outsite worldwide stands with Puerto Rico as they recover from natural disaster	data_image/hurricane_maria/9_11_2017/928745049629839364_0.jpg	not_informative	informative	False	0.7281671166419983	0.4563342519104481	0.7281671166419983	0.2718328647315502
929176216602644480	Hurricane Maria oldmeme by Xevioni FOLLOW 4 MORE MEMES.	data_image/hurricane_maria/11_11_2017/929176216602644480_0.jpg	not_informative	informative	False	0.7280785441398621	0.45615706592798233	0.7280785441398621	0.27192147821187973
921616755360960512	Balloons turn on internet for areas knocked out by Hurricane Maria	data_image/hurricane_maria/21_10_2017/921616755360960512_0.jpg	informative	not_informative	False	0.7277970016002655	0.455594003200531	0.2722029983997345	0.7277970016002655
909856019886551040	Florida aid Irma recovery, electric crews Nebraska:	data_image/hurricane_irma/18_9_2017/909856019886551040_0.jpg	informative	not_informative	False	0.7266067564487457	0.45321354642510414	0.2733932100236416	0.7266067564487457
913033803135901696	Heroes in This Galaxy: Diego Luna's Charity Movement for Mexico City Earthquake Recovery	data_image/mexico_earthquake/27_9_2017/913033803135901696_0.jpg	not_informative	informative	False	0.7262526154518127	0.4525051936507225	0.7262526154518127	0.27374742180109024
9,20501E+17	Vegetation Fire Burns At Least 30 Acres InDublin:	data_image/california_wildfires/18_10_2017/920500722063601666_0.jpg	informative	not_informative	False	0.7262470126152039	0.452494028955698	0.27375298365950584	0.7262470126152039
914221296904544256	After 2 weeks, on tuesday Maria will end Atlantic journey in Bay of Biscay. hurricane wind weather	data_image/hurricane_maria/30_9_2017/914221296904544256_3.jpg	informative	not_informative	False	0.7258012294769287	0.45160243660211563	0.2741987928748131	0.7258012294769287
930101728342675456	National Earthquake Information Center Iraq	data_image/iraq_iran_earthquake/13_11_2017/930101728342675456_0.jpg	not_informative	informative	False	0.7255950272083282	0.4511900693178177	0.7255950272083282	0.27440495789051056
9,17873E+17	NEW: CanyonFire2 in Orange County, California, is now 4,000 acres, according to Cal Fire.	data_image/california_wildfires/10_10_2017/917873017065160704_0.jpg	not_informative	informative	False	0.725217416882515	0.4504348337650299	0.725217416882515	0.27478258311748505
914221296904544256	After 2 weeks, on tuesday Maria will end Atlantic journey in Bay of Biscay. hurricane wind weather	data_image/hurricane_maria/30_9_2017/914221296904544256_2.jpg	informative	not_informative	False	0.7250948548316956	0.4501897096633911	0.27490514516830444	0.7250948548316956
912401270580957185	Puerto Rico 57 at night before & after. HurricaneMaria	data_image/hurricane_maria/25_9_2017/912401270580957185_0.jpg	not_informative	informative	False	0.7250881493091583	0.45017628371715546	0.7250881493091583	0.27491186559200287
904492590426460160	The Rescue Entrepreneurs Fielding Thousands of Harvey Distress Calls	data_image/hurricane_harvey/3_9_2017/904492590426460160_0.jpg	not_informative	informative	False	0.7249576449394226	0.449915274977684	0.7249576449394226	0.2750423699617386
9,18086E+17	A Fire Weather Warning is back in effect for most of nothern California. 47weather	data_image/california_wildfires/11_10_2017/918085982234316800_0.jpg	informative	not_informative	False	0.7244801819324493	0.4489603862166405	0.27551979571580887	0.7244801819324493
910187666917994498	No idea what this means, but teams who have made Irma jokes are 0-1	data_image/hurricane_irma/19_9_2017/910187666917994498_0.jpg	informative	not_informative	False	0.72427037358284	0.44854077976197004	0.2757295938208699	0.72427037358284
9,20628E+17	Pair of Fire/Rescue Boats now on duty in California	data_image/california_wildfires/18_10_2017/920628075561439237_0.jpg	informative	not_informative	False	0.7239789366722107	0.4479578956961632	0.2760210409760475	0.7239789366722107
922539455847780353	After 32 days of HurricaneMaria , no electricity, only maintaining magnets (Transferring Liquid Nitrogen)	data_image/hurricane_maria/23_10_2017/922539455847780353_3.jpg	informative	not_informative	False	0.7233754694461823	0.4467509910464287	0.27662447839975357	0.7233754694461823
912149064510328832	Maria a little weaker	data_image/hurricane_maria/25_9_2017/912149064510328832_0.jpg	informative	not_informative	False	0.7233732491731644	0.4467465211637318	0.27662672800943255	0.7233732491731644
911957169813295107	Your mid morning reminder to do your part! HurricaneMaria MariaRecovery	data_image/hurricane_maria/24_9_2017/911957169813295107_0.jpg	not_informative	informative	False	0.7231216430664062	0.44624331034719944	0.7231216430664062	0.2768783327192068
9,17955E+17	When the entire state of California is on fire	data_image/california_wildfires/11_10_2017/917954508231184385_1.jpg	informative	not_informative	False	0.7210411131381989	0.44208225328475237	0.2789588598534465	0.7210411131381989
913280494476906496	HurricaneMaria hasn't gone away, you know.	data_image/hurricane_maria/28_9_2017/913280494476906496_0.jpg	informative	not_informative	False	0.7209080904722214	0.4418161902576685	0.2790919002145529	0.7209080904722214
909899148551491584	Still Praying F HurricaneHarvey	data_image/hurricane_harvey/18_9_2017/909899148551491584_0.jpg	not_informative	informative	False	0.7205128073692322	0.44102558493614197	0.7205128073692322	0.2794872224330902
906271118817972230	Morgan students collected over 40 boxes of donations for Hurticane Harvey!!	data_image/hurricane_harvey/8_9_2017/906271118817972230_1.jpg	informative	not_informative	False	0.7199352383613586	0.43987052887678146	0.2800647094845772	0.7199352383613586
910775201763352576	Mexico Native Recalls Earthquake -	data_image/mexico_earthquake/21_9_2017/910775201763352576_0.jpg	not_informative	informative	False	0.719902366399765	0.43980473279953003	0.719902366399765	0.280097633600235
921502001590099969	RIGHT NOW: A sample of the 80,000+ photos Tennessee Civil Air Patrol has taken in Puerto Rico. WATE	data_image/hurricane_maria/20_10_2017/921502001590099969_0.jpg	not_informative	informative	False	0.7190537303686142	0.4381074998527765	0.7190537303686142	0.28094623051583767
909750134287847424	It has been a pleasure to help our community during the aftermath of Irma	data_image/hurricane_irma/18_9_2017/909750134287847424_0.jpg	informative	not_informative	False	0.7188529074192047	0.4377058520913124	0.2811470553278923	0.7188529074192047
912358937160187905	OMG! Earthquakes happen again in many places! In Mexico, North Korea, Calif ,USA!	data_image/mexico_earthquake/25_9_2017/912358937160187905_0.jpg	not_informative	informative	False	0.7181192338466644	0.43623845279216766	0.7181192338466644	0.28188078105449677
929464595407917056	All Star Benefit for Puerto Rico a Success; Tonight Adalberto Santiago & Tito Allen	data_image/hurricane_maria/11_11_2017/929464595407917056_0.jpg	not_informative	informative	False	0.718081533908844	0.436163067817688	0.718081533908844	0.281918466091156
908767293399695360	Stuff the bus for Harvey a big success!!	data_image/hurricane_harvey/15_9_2017/908767293399695360_1.jpg	informative	not_informative	False	0.7178288698196411	0.43565775640308857	0.28217111341655254	0.7178288698196411
906554296178798592	republiKKKLANs = RNC = GOP VOTED AGAINST $$$ 4DISASTERs HARVEY IRMA KATRINA THANK a DEMOCRAT	data_image/hurricane_harvey/9_9_2017/906554296178798592_0.jpg	informative	not_informative	False	0.717557817697525	0.43511565029621124	0.2824421674013138	0.717557817697525
927146372016558080	Donald and Melania Trump Visit Storm Wrecked Puerto Rico	data_image/hurricane_maria/5_11_2017/927146372016558080_0.jpg	not_informative	informative	False	0.7171500623226166	0.43430016189813614	0.7171500623226166	0.28284990042448044
906246862008717312	Jennifer Garner Travels to Houston to Help Families Affected by HurricaneHarvey	data_image/hurricane_harvey/8_9_2017/906246862008717312_0.jpg	informative	not_informative	False	0.7169044613838196	0.43380894511938095	0.28309551626443863	0.7169044613838196
909486151760777216	Irma knocked a lot of trees down on powerlines.I've not had power for a week.	data_image/hurricane_irma/17_9_2017/909486151760777216_0.jpg	informative	not_informative	False	0.7156045138835907	0.4312090277671814	0.2843954861164093	0.7156045138835907
910111384045854720	. crews to return today after helping with Irma recovery in Georgia vt	data_image/hurricane_irma/19_9_2017/910111384045854720_0.jpg	informative	not_informative	False	0.7154518067836761	0.4309036582708359	0.28454814851284027	0.7154518067836761
904405775141019649	Waiting in long lines at Carroll academy Watts Harvey Relief.	data_image/hurricane_harvey/3_9_2017/904405775141019649_1.jpg	informative	not_informative	False	0.714818924665451	0.4296378493309021	0.28518107533454895	0.714818924665451
910137249144168448	a stark reminder that much of the damage from big storms and climate change is manmade	data_image/hurricane_irma/19_9_2017/910137249144168448_0.jpg	informative	not_informative	False	0.7142108976840973	0.4284217804670334	0.2857891172170639	0.7142108976840973
911959035167035392	Hurricane Maria and tiny little Lee in the Atlantico can this Sunday morning.	data_image/hurricane_maria/24_9_2017/911959035167035392_0.jpg	informative	not_informative	False	0.7141800820827484	0.42836013063788414	0.2858199514448643	0.7141800820827484
927906138280087552	Help ADL-CRC Make a Difference in Puerto Rico!!	data_image/hurricane_maria/7_11_2017/927906138280087552_0.jpg	not_informative	informative	False	0.714168518781662	0.428337037563324	0.714168518781662	0.285831481218338
911695824731635713	This is what stupid looks like earthquake HurricaneMaria HurricaneIrma	data_image/hurricane_maria/23_9_2017/911695824731635713_0.jpg	not_informative	informative	False	0.714020624756813	0.4280412895604968	0.714020624756813	0.28597933519631624
905710526264692736	It's a hurricane party in the Atlantic.	data_image/hurricane_irma/7_9_2017/905710526264692736_0.jpg	informative	not_informative	False	0.7138250768184662	0.4276501862332225	0.2861748905852437	0.7138250768184662
911950640611577856	Quakes don't kill, structures do - Earthquake Lab Tests New Bridge Design After Mexico Quake	data_image/mexico_earthquake/24_9_2017/911950640611577856_0.jpg	not_informative	informative	False	0.7134889662265778	0.4269779361784458	0.7134889662265778	0.28651103004813194
908853408156745728	Funnel cloud reported w/ tornado warning. D sdwx	data_image/hurricane_harvey/16_9_2017/908853408156745728_0.jpg	informative	not_informative	False	0.7134329378604889	0.426865890622139	0.2865670472383499	0.7134329378604889
909451288655605760	Maria is a fraction the size of Irma. GiveFactsNotFucks	data_image/hurricane_irma/17_9_2017/909451288655605760_0.jpg	informative	not_informative	False	0.7127180844545364	0.42543615959584713	0.2872819248586893	0.7127180844545364
909800451331301376	I swear to God if Maria hit us like Irma did I will move up north	data_image/hurricane_irma/18_9_2017/909800451331301376_0.jpg	informative	not_informative	False	0.7125160396099091	0.42503208853304386	0.2874839510768652	0.7125160396099091
921803413897216002	Volunteering & dropping donations at Puerto Rico Rises with my own family & fam BuggbyDesign	data_image/hurricane_maria/21_10_2017/921803413897216002_2.jpg	informative	not_informative	False	0.7116602063179016	0.4233204200863838	0.2883397862315178	0.7116602063179016
931281225096089600	Sweet Moment Little Kid Helps His Friend Get Food After Devastating Earthquake	data_image/iraq_iran_earthquake/16_11_2017/931281225096089600_0.jpg	not_informative	informative	False	0.7114178091287613	0.4228355884552002	0.7114178091287613	0.2885822206735611
907433474025455617	How the big tree got devastated and the small one untouched is beyond me! Luck of the draw! Or a tornado!	data_image/hurricane_harvey/12_9_2017/907433474025455617_0.jpg	informative	not_informative	False	0.7112674862146378	0.4225349873304367	0.28873249888420105	0.7112674862146378
913367525660008448	What's in your bag? HHS MERS HurricaneMaria PuertoRico1st recovery	data_image/hurricane_maria/28_9_2017/913367525660008448_0.jpg	not_informative	informative	False	0.7102716863155365	0.4205433800816536	0.7102716863155365	0.2897283062338829
909452604576604165	Trump says Harvey/Irma haven't changed his mind re climate change, via pooler	data_image/hurricane_irma/17_9_2017/909452604576604165_0.jpg	informative	not_informative	False	0.7100055813789368	0.42001113295555115	0.2899944484233856	0.7100055813789368
905647123542155266	your girl isn't home and you walk in on hurricane Irma like this, wyd?	data_image/hurricane_irma/7_9_2017/905647123542155266_0.jpg	informative	not_informative	False	0.7098841667175293	0.4197683297097683	0.290115837007761	0.7098841667175293
905410056363139073	USA HURRICANE IRMA Is Strength of F3 Tornado Pounding You for 8 Straight Hours	data_image/hurricane_harvey/6_9_2017/905410056363139073_0.jpg	not_informative	informative	False	0.7095338106155396	0.4190676137804985	0.7095338106155396	0.29046619683504105
909720270608494592	1ST LOOK AT JOSE AS WITH IRMA JOSE WILL ATTACH TO WHERE FRONT PINCHES OFF MARIA GOING TO TAIL END OF JOSE NHC	data_image/hurricane_irma/18_9_2017/909720270608494592_0.jpg	informative	not_informative	False	0.7085491865873337	0.41709838062524796	0.2914508059620857	0.7085491865873337
909811330814824449	If you prefer some still images, here is the Panasonic Weather Solutions Irma forecast at: hour 144, 99, 66, and 14	data_image/hurricane_irma/18_9_2017/909811330814824449_1.jpg	informative	not_informative	False	0.7080989927053452	0.4161979854106903	0.29190100729465485	0.7080989927053452
930026550501580801	7.3 magnitude earthquake dkt Iraq-Iran border. Hope everything will be fine	data_image/iraq_iran_earthquake/13_11_2017/930026550501580801_0.jpg	informative	not_informative	False	0.707929790019989	0.41585956513881683	0.2920702248811722	0.707929790019989
910171664406712321	Here are some ways you can help: Harvey relief ( and Irma relief (	data_image/hurricane_irma/19_9_2017/910171664406712321_0.jpg	informative	not_informative	False	0.7071594297885895	0.41431887447834015	0.29284055531024933	0.7071594297885895
910733264754741254	Mexico: AMDA Emergency Relief Bulletin 1: Earthquake in Central Mexico humanitarian newzealand auckland	data_image/mexico_earthquake/21_9_2017/910733264754741254_0.png	not_informative	informative	False	0.7069741785526276	0.41394839622080326	0.7069741785526276	0.2930257823318243
909775762869428225	issued directive on Hurricane Irma response.	data_image/hurricane_irma/18_9_2017/909775762869428225_0.jpg	informative	not_informative	False	0.7067066729068756	0.41341333091259	0.2932933419942856	0.7067066729068756
909949334531203072	Hurricane Irma's wind, rain lash the FloridaKeys	data_image/hurricane_irma/19_9_2017/909949334531203072_0.jpg	informative	not_informative	False	0.7063595354557037	0.41271908581256866	0.29364044964313507	0.7063595354557037
907011413889228800	Tornado warning. Disney, universal.	data_image/hurricane_harvey/10_9_2017/907011413889228800_0.jpg	informative	not_informative	False	0.7055286169052124	0.4110572040081024	0.29447141289711	0.7055286169052124
912101534296666112	Maria just barely holding on as a hurricane IMO. Looks pretty sorry on satellite. Good. Get lost	data_image/hurricane_maria/24_9_2017/912101534296666112_1.jpg	informative	not_informative	False	0.7051618546247482	0.4103236757218838	0.29483817890286446	0.7051618546247482
916037888357302272	Help to close the zoo located in Mayagez, Puerto Rico for animal mistreatment! Plz sign:	data_image/hurricane_maria/5_10_2017/916037888357302272_0.jpg	informative	not_informative	False	0.7047644704580307	0.409528948366642	0.2952355220913887	0.7047644704580307
929989844633313280	I think Event: Earthquake has occurred in Iran Mon Nov 13 02:26:33 2017 CDT	data_image/iraq_iran_earthquake/13_11_2017/929989844633313280_0.jpg	informative	not_informative	False	0.7042334377765656	0.4084668308496475	0.29576660692691803	0.7042334377765656
909409896428392448	First Irma, then Jose. And now Maria ? The whole soccer team needs to chill	data_image/hurricane_irma/17_9_2017/909409896428392448_0.jpg	informative	not_informative	False	0.7038857042789459	0.40777142718434334	0.2961142770946026	0.7038857042789459
909763677791891456	. got 17 new arrivals on Saturday in an effort to help southern shelters following Hurricane Irma	data_image/hurricane_irma/18_9_2017/909763677791891456_0.jpg	informative	not_informative	False	0.7036803662776947	0.4073607102036476	0.2963196560740471	0.7036803662776947
912059401732857856	Rodeo event to raise money for Mexico earthquake recovery efforts	data_image/mexico_earthquake/24_9_2017/912059401732857856_0.jpg	not_informative	informative	False	0.7036394476890564	0.4072788804769516	0.7036394476890564	0.2963605672121048
9,23117E+17	For an Endangered Animal, a Fire or Hurricane Can Mean the End Arizona California	data_image/california_wildfires/25_10_2017/923117148276477952_0.jpg	informative	not_informative	False	0.7026939392089844	0.40538790822029114	0.29730603098869324	0.7026939392089844
930331158604328960	S. Mohadjer and explains Iran Iraq earthquake.	data_image/iraq_iran_earthquake/14_11_2017/930331158604328960_0.jpg	not_informative	informative	False	0.7022785246372223	0.40455709397792816	0.7022785246372223	0.29772143065929413
905519478456320002	Sweet student brought in HIS money to donate to Harvey relief. kindnessmatters GullicksonsGreats wilmeth	data_image/hurricane_harvey/6_9_2017/905519478456320002_0.jpg	informative	not_informative	False	0.7006632685661316	0.401326522231102	0.2993367463350296	0.7006632685661316
914221296904544256	After 2 weeks, on tuesday Maria will end Atlantic journey in Bay of Biscay. hurricane wind weather	data_image/hurricane_maria/30_9_2017/914221296904544256_1.jpg	informative	not_informative	False	0.7004876732826233	0.4009753316640854	0.2995123416185379	0.7004876732826233
906271118817972230	Morgan students collected over 40 boxes of donations for Hurticane Harvey!!	data_image/hurricane_harvey/8_9_2017/906271118817972230_0.jpg	informative	not_informative	False	0.6984092593193054	0.396818570792675	0.3015906885266304	0.6984092593193054
923694750540054529	Too Little, Too Late: Critics Denounce Trump-Linked Energy Firms Apology for Puerto Rico	data_image/hurricane_maria/26_10_2017/923694750540054529_0.jpg	not_informative	informative	False	0.6982958614826202	0.3965917229652405	0.6982958614826202	0.30170413851737976
905668986712424449	"Hurricane Irma meteorologists are me: unable to say ""I don't know what's happening"" but provides answers anyways"	data_image/hurricane_irma/7_9_2017/905668986712424449_0.jpg	informative	not_informative	False	0.6978877782821655	0.39577558636665344	0.3021121919155121	0.6978877782821655
871220595928834049	9 days No Electricity, No phone calls, No Internet, No Chatting, No Fresh Water.... Miss you all so much! FloodSL	data_image/srilanka_floods/4_6_2017/871220595928834049_0.jpg	informative	not_informative	False	0.696986198425293	0.39397241547703743	0.30301378294825554	0.696986198425293
905288649692127232	Arrived . You should volunteer. Harvey Irma	data_image/hurricane_harvey/6_9_2017/905288649692127232_0.jpg	informative	not_informative	False	0.6969601213932037	0.3939202204346657	0.30303990095853806	0.6969601213932037
910807974024708097	Frida. She's rescued over 50 people in Mexico so far. Heroic 6	data_image/mexico_earthquake/21_9_2017/910807974024708097_0.jpg	informative	not_informative	False	0.6968836784362793	0.3937673270702362	0.3031163513660431	0.6968836784362793
911927889100263424	Looks like HurricaneMaria will move out East to Sea in the coming days.	data_image/hurricane_maria/24_9_2017/911927889100263424_0.jpg	informative	not_informative	False	0.696796178817749	0.39359235763549805	0.303203821182251	0.696796178817749
921349835705536512	YOU can make a difference for the people of Puerto Rico. See you Tuesday night!	data_image/hurricane_maria/20_10_2017/921349835705536512_0.jpg	not_informative	informative	False	0.6958855837583542	0.391771137714386	0.6958855837583542	0.3041144460439682
921832213938950144	If you're hungry you can help Puerto Rico	data_image/hurricane_maria/21_10_2017/921832213938950144_0.jpg	not_informative	informative	False	0.6957205682992935	0.39144113287329674	0.6957205682992935	0.3042794354259968
910645932944908288	Hurricane Hunters () are now in Maria. We'll have the first data from the eye in any minute now!	data_image/hurricane_maria/20_9_2017/910645932944908288_0.jpg	informative	not_informative	False	0.6955901086330414	0.3911801800131798	0.3044099286198616	0.6955901086330414
905096259584884736	Blessings on blessings!! Amazed at the turnout so far for our Harvey relief drive, we'll be out here until 7 p.m.!	data_image/hurricane_harvey/5_9_2017/905096259584884736_0.jpg	informative	not_informative	False	0.6952773332595825	0.3905546963214874	0.3047226369380951	0.6952773332595825
910617061696688128	Keep Mexico in your thoughts! earthquake	data_image/mexico_earthquake/20_9_2017/910617061696688128_0.jpg	not_informative	informative	False	0.6952452957630157	0.3904905915260315	0.6952452957630157	0.30475470423698425
909755306145718273	We will be holding collections 22 and 29 Sept suttoncoldfield to help those impacted by	data_image/hurricane_irma/18_9_2017/909755306145718273_0.jpg	informative	not_informative	False	0.694799929857254	0.38959984481334686	0.30520008504390717	0.694799929857254
906927969171656705	Irma causing street flooding near intracoastal in westpalmbeach	data_image/hurricane_irma/10_9_2017/906927969171656705_0.jpg	informative	not_informative	False	0.6947547495365143	0.3895094692707062	0.3052452802658081	0.6947547495365143
873842388040417280	US Military Ship USSLakeErie Has Arrived To Sri Lanka With 150 Military To Help Flood Effected People. lka	data_image/srilanka_floods/11_6_2017/873842388040417280_3.jpg	informative	not_informative	False	0.6943792402744293	0.38875846564769745	0.3056207746267319	0.6943792402744293
906927908673003520	Some more wind gusts from hurricane Irma as it closes in on Florida flwx gawx	data_image/hurricane_irma/10_9_2017/906927908673003520_0.jpg	informative	not_informative	False	0.6943387091159821	0.3886774033308029	0.30566130578517914	0.6943387091159821
911781063181033472	What has the United States done? What can we do? MexicoEarthquake	data_image/mexico_earthquake/24_9_2017/911781063181033472_0.jpg	not_informative	informative	False	0.6941317021846771	0.38826340436935425	0.6941317021846771	0.3058682978153229
905897023144161281	Tough Times Never Last, But Tough People Do. InspirationalQuote weightloss HurricaineIrma HurricaneHarvey	data_image/hurricane_harvey/7_9_2017/905897023144161281_0.jpg	not_informative	informative	False	0.6939626038074493	0.3879251778125763	0.6939626038074493	0.30603742599487305
921803413897216002	Volunteering & dropping donations at Puerto Rico Rises with my own family & fam BuggbyDesign	data_image/hurricane_maria/21_10_2017/921803413897216002_3.jpg	informative	not_informative	False	0.6937972605228424	0.3875945061445236	0.3062027543783188	0.6937972605228424
913074566968221696	The brainstorming session on the MexicoEarthquake has begun at the Center.	data_image/mexico_earthquake/27_9_2017/913074566968221696_1.jpg	not_informative	informative	False	0.6936571896076202	0.3873143792152405	0.6936571896076202	0.30634281039237976
914682387249995776	Comic diary about what we're living in PuertoRico 2 2 2 HurricaneMaria PRsTRONG	data_image/hurricane_maria/2_10_2017/914682387249995776_1.jpg	informative	not_informative	False	0.6932142078876495	0.38642843067646027	0.30678577721118927	0.6932142078876495
928609225651249152	Amarillo VA employees return home from deployment in Puerto Rico.	data_image/hurricane_maria/9_11_2017/928609225651249152_0.jpg	not_informative	informative	False	0.6926569044589996	0.38531383872032166	0.6926569044589996	0.307343065738678
914794642541105152	Dr Steve Godby comments on Mexico's preparedness for the latest earthquake.	data_image/mexico_earthquake/2_10_2017/914794642541105152_0.jpg	not_informative	informative	False	0.6921716779470444	0.38434337452054024	0.6921716779470444	0.30782830342650414
909720661450469376	SWFL weather: Our dry, quiet stretch continues, which we desperately need as many try to recover from Irma.	data_image/hurricane_irma/18_9_2017/909720661450469376_0.jpg	informative	not_informative	False	0.6921278834342957	0.3842557966709137	0.30787208676338196	0.6921278834342957
905137970751135744	Thank you TRC FOR BEING CRAZY GIVERS!!! Sending Harvey relief.	data_image/hurricane_harvey/5_9_2017/905137970751135744_1.jpg	informative	not_informative	False	0.691999763250351	0.38399953953921795	0.308000223711133	0.691999763250351
909751675585421313	We need your help.Pray for us. Miguel. Hurricane Irma. God bless you all	data_image/hurricane_irma/18_9_2017/909751675585421313_0.jpg	not_informative	informative	False	0.6918154656887054	0.3836309462785721	0.6918154656887054	0.30818451941013336
910243402863796226	Tornado Watch 487 in effect until midnight. mnwx ndwx sdwx	data_image/hurricane_harvey/19_9_2017/910243402863796226_0.jpg	informative	not_informative	False	0.6913679242134094	0.38273581117391586	0.30863211303949356	0.6913679242134094
910586702120443904	Joes can you help us with a RT Mexico's Earthquake	data_image/mexico_earthquake/20_9_2017/910586702120443904_0.jpg	not_informative	informative	False	0.6908420920372009	0.38168416917324066	0.6908420920372009	0.30915792286396027
910085568050221057	Working through our Hurricane Irma emotions irmageddon	data_image/hurricane_irma/19_9_2017/910085568050221057_0.jpg	informative	not_informative	False	0.6904768645763397	0.38095372915267944	0.3095231354236603	0.6904768645763397
901734547422724096	Per WH, photo of Trump teleconferencing on Hurricane Harvey response efforts	data_image/hurricane_harvey/27_8_2017/901734547422724096_1.jpg	not_informative	informative	False	0.6902144551277161	0.38042889907956123	0.6902144551277161	0.30978555604815483
905705459998490624	Stark County couple on honeymoon brace for Hurricane Irma	data_image/hurricane_irma/7_9_2017/905705459998490624_0.jpg	informative	not_informative	False	0.68971386551857	0.3794277608394623	0.31028610467910767	0.68971386551857
905730220736565248	Action on ClimateChange NOW = sound economics Irma2017 Harvey JoseHurricane	data_image/hurricane_harvey/7_9_2017/905730220736565248_0.jpg	not_informative	informative	False	0.6894584894180298	0.378916971385479	0.6894584894180298	0.3105415180325508
910682398907617280	moved all their main anchors to Mexico City Earthquake	data_image/mexico_earthquake/21_9_2017/910682398907617280_1.jpg	informative	not_informative	False	0.688666582107544	0.3773331642150879	0.31133341789245605	0.688666582107544
921754220407263237	Who's joining us this weekend for the final days of Orlando Cares - Hope for Puerto Rico?	data_image/hurricane_maria/21_10_2017/921754220407263237_0.jpg	not_informative	informative	False	0.6884501576423645	0.376900315284729	0.6884501576423645	0.3115498423576355
914866551005810688	What's left of the mighty Hurricane Maria is now passing harmlessly to the south of us.	data_image/hurricane_maria/2_10_2017/914866551005810688_0.jpg	informative	not_informative	False	0.68793123960495	0.3758624792098999	0.31206876039505005	0.68793123960495
930072924752670720	New activation [EMSR256]: Earthquake in Iraq Copernicus Earthquake EUCivPro	data_image/iraq_iran_earthquake/13_11_2017/930072924752670720_0.jpg	not_informative	informative	False	0.6877740621566772	0.3755481317639351	0.6877740621566772	0.31222593039274216
922486815797469184	Corps of Engineers Costs Top $1B for Puerto Rico, Virgin Islands Work ~via DoD Buzz	data_image/hurricane_maria/23_10_2017/922486815797469184_0.jpg	not_informative	informative	False	0.6876092255115509	0.375218465924263	0.6876092255115509	0.3123907595872879
9,1785E+17	The world's only 747 supertanker is fighting California's wildfires right now.	data_image/california_wildfires/10_10_2017/917850123543171073_0.jpg	informative	not_informative	False	0.6874580979347229	0.3749161884188652	0.3125419095158577	0.6874580979347229
909470491056001024	we made a donation to the redcross hurricane Irma appeal as a result of the raffle that Rosa and her	data_image/hurricane_irma/17_9_2017/909470491056001024_0.jpg	informative	not_informative	False	0.6871107667684555	0.374221496284008	0.3128892704844475	0.6871107667684555
901780002571776001	Another Dry One While Harvey Soaks SE Texas ALWX	data_image/hurricane_harvey/27_8_2017/901780002571776001_0.jpg	informative	not_informative	False	0.6871068924665451	0.37421378679573536	0.31289310567080975	0.6871068924665451
906976748591513600	Clare and Don's hosting a fundraiser Sunday til 8pm for relief of victims of Hurricane Harvey.	data_image/hurricane_harvey/10_9_2017/906976748591513600_1.jpg	informative	not_informative	False	0.6868541836738586	0.3737083524465561	0.31314583122730255	0.6868541836738586
909876025001201664	The literal edge of Irma is right above me here in central MA.	data_image/hurricane_irma/18_9_2017/909876025001201664_1.jpg	informative	not_informative	False	0.686838373541832	0.37367673590779305	0.3131616376340389	0.686838373541832
904733485138681856	Hey guys just wanted to tell you to help Harvey survivors as much as you can! Spread this tweet!	data_image/hurricane_harvey/4_9_2017/904733485138681856_0.jpg	informative	not_informative	False	0.6866323500871658	0.3732647392898798	0.31336761079728603	0.6866323500871658
912210588733923328	Riding along with NY Air National Guard in Puerto Rico after Hurricane Maria newyork nyc	data_image/hurricane_maria/25_9_2017/912210588733923328_0.jpg	not_informative	informative	False	0.6863966584205627	0.3727932795882225	0.6863966584205627	0.31360337883234024
910532102008971264	Hopefully the jet streams and the nearby hurricane will push Maria into the mid Atlantic Ocean.	data_image/hurricane_maria/20_9_2017/910532102008971264_0.jpg	informative	not_informative	False	0.6851038634777069	0.3702077567577362	0.3148961067199707	0.6851038634777069
914268791357476864	Criminal complaint over EnriqueRebsamen school's collapse. MexicoEarthquake corruption	data_image/mexico_earthquake/30_9_2017/914268791357476864_0.jpg	not_informative	informative	False	0.6843457370996475	0.3686914835125208	0.6843457370996475	0.31565425358712673
909804675859443713	Tonight, far too many people in Irma's path and in its wake.	data_image/hurricane_irma/18_9_2017/909804675859443713_0.jpg	informative	not_informative	False	0.6841141134500504	0.3682282529771328	0.31588586047291756	0.6841141134500504
909725772142784513	Student asks to bring dog to class before Hurricane Irma, professor has the best response via /r/UpliftingNews	data_image/hurricane_irma/18_9_2017/909725772142784513_0.jpg	informative	not_informative	False	0.6837066411972046	0.367413267493248	0.3162933737039566	0.6837066411972046
909457585513910272	Six manatees rescued from Melbourne pond after being trapped by Hurricane Irma	data_image/hurricane_irma/17_9_2017/909457585513910272_0.jpg	informative	not_informative	False	0.6832323670387268	0.3664647042751312	0.3167676627635956	0.6832323670387268
907996759577776135	Documents Prove Government Used 'Cloud Seeding' To Amplify Hurricane Harvey	data_image/hurricane_harvey/13_9_2017/907996759577776135_0.jpg	not_informative	informative	False	0.6828896403312683	0.3657792657613754	0.6828896403312683	0.3171103745698929
916190834130804736	If you can, buy the song please... Let's help our people in Puerto Rico. AlmostLikePraying	data_image/hurricane_maria/6_10_2017/916190834130804736_0.jpg	informative	not_informative	False	0.6814204454421997	0.3628408759832382	0.3185795694589615	0.6814204454421997
909765901997805569	No Harvey. No Irma. Just AmazingAggies who can't wait to get to school on Monday Morning. smallcitylife	data_image/hurricane_irma/18_9_2017/909765901997805569_0.jpg	informative	not_informative	False	0.681313693523407	0.36262737959623337	0.3186863139271736	0.681313693523407
910643681421443072	In Depth: Centracchio discusses Hurricane Maria'simpact	data_image/hurricane_maria/20_9_2017/910643681421443072_0.jpg	not_informative	informative	False	0.6811506003141403	0.3623012024909258	0.6811506003141403	0.31884939782321453
909900167888953345	Irma was just a test.... now, it was nice meeting ya'll.... CAT 4 Mara hitting us straight thru the middle C ooc	data_image/hurricane_irma/18_9_2017/909900167888953345_0.jpg	informative	not_informative	False	0.6810006648302078	0.36200135946273804	0.3189993053674698	0.6810006648302078
912368579097563136	No athlete is more humble than this guy. Cristiano MexicoEarthquake	data_image/mexico_earthquake/25_9_2017/912368579097563136_0.jpg	not_informative	informative	False	0.6807886064052582	0.36157727241516113	0.6807886064052582	0.31921133399009705
923321279486205952	Lawmakers call for probe into Puerto Rico power repair deal	data_image/hurricane_maria/25_10_2017/923321279486205952_0.jpg	not_informative	informative	False	0.6804229021072388	0.36084581911563873	0.6804229021072388	0.31957708299160004
910713454926934016	Hurricane Maria seems to want to stay offshore from now on. Let's hope. Check with in the a.m.	data_image/hurricane_maria/21_9_2017/910713454926934016_0.jpg	informative	not_informative	False	0.6804061233997345	0.3608122430741787	0.3195938803255558	0.6804061233997345
908057774722109440	SayCheese! Helping out Harvey victims in true Wisconsin fashion	data_image/hurricane_harvey/13_9_2017/908057774722109440_0.jpg	informative	not_informative	False	0.6800472438335419	0.36009448766708374	0.31995275616645813	0.6800472438335419
910548969184428033	A message from the Queen to the President of Mexico following the recent earthquake.	data_image/mexico_earthquake/20_9_2017/910548969184428033_0.jpg	not_informative	informative	False	0.6787127256393433	0.35742542892694473	0.6787127256393433	0.32128729671239853
921446636412211200	"EPC removes ""pause button"" from Hurricane Mariarelief"	data_image/hurricane_maria/20_10_2017/921446636412211200_0.jpg	not_informative	informative	False	0.6783576607704163	0.3567153438925743	0.6783576607704163	0.32164231687784195
870389549116948480	Weather forecast 1stJune2017 SLFloods2017 FloodSL lka dmclk English and Sinhala	data_image/srilanka_floods/1_6_2017/870389549116948480_0.jpg	not_informative	informative	False	0.6779733598232269	0.35594668984413147	0.6779733598232269	0.32202666997909546
910209612623859714	Irma Victims Warned About ManBearPig	data_image/hurricane_irma/19_9_2017/910209612623859714_0.jpg	informative	not_informative	False	0.677914172410965	0.35582830756902695	0.322085864841938	0.677914172410965
911667758911377413	NYC work your fucking magic 857 puertorico prayforpuertorico hurricanemaria NYC	data_image/hurricane_maria/23_9_2017/911667758911377413_0.jpg	not_informative	informative	False	0.6777510046958923	0.35550200939178467	0.6777510046958923	0.32224899530410767
927221367543607297	Everyone Is Freaking Out About Puerto Rico's Whitefish Energy Scandal And Here'sWhy	data_image/hurricane_maria/5_11_2017/927221367543607297_0.jpg	not_informative	informative	False	0.677686795592308	0.3553735911846161	0.677686795592308	0.32231320440769196
904425464885678080	On top of that, Houston's geology makes it very sensitive to flooding.	data_image/hurricane_harvey/3_9_2017/904425464885678080_0.jpg	informative	not_informative	False	0.6768338978290558	0.3536677807569504	0.3231661170721054	0.6768338978290558
904815771930513408	Braves players are out & about in the right now collecting donations for Harvey recovery efforts!	data_image/hurricane_harvey/4_9_2017/904815771930513408_2.jpg	informative	not_informative	False	0.6765663921833038	0.35313277319073677	0.32343361899256706	0.6765663921833038
929995053619138560	New Earthquake. E 4.4 - 44km E of Kifri - Iraq. 2017/11/13 08:29:01. Temblor Sismo USGS alert	data_image/iraq_iran_earthquake/13_11_2017/929995053619138560_0.jpg	not_informative	informative	False	0.6764271557331085	0.35285431891679764	0.6764271557331085	0.3235728368163109
912242692054233088	HurricaneMaria should die down to a tropical storm in the middle of this week. NC could feel some wind and rain.	data_image/hurricane_maria/25_9_2017/912242692054233088_0.jpg	informative	not_informative	False	0.6763411164283752	0.3526822626590729	0.32365885376930237	0.6763411164283752
909813342268743681	YOU MEAN GLOBAL WARMING LIES TRICK WERE ON2 U,2005 WORST YEAR RECO	data_image/hurricane_irma/18_9_2017/909813342268743681_1.jpg	informative	not_informative	False	0.6759080588817596	0.3518161065876484	0.32409195229411125	0.6759080588817596
870240178618499072	A message from Jetwing Lighthouse. Galle FloodSL Lka	data_image/srilanka_floods/1_6_2017/870240178618499072_0.jpg	not_informative	informative	False	0.6752809286117554	0.35056187212467194	0.6752809286117554	0.32471905648708344
905702392796209152	BREAKING: Hurricane Irma wreaks 'total carnage' on Barbuda	data_image/hurricane_irma/7_9_2017/905702392796209152_0.jpg	not_informative	informative	False	0.6752416640520096	0.35048335790634155	0.6752416640520096	0.32475830614566803
928057053041577985	The Navy's largest floating hospital docked in Puerto Rico	data_image/hurricane_maria/8_11_2017/928057053041577985_0.jpg	informative	not_informative	False	0.6751752197742462	0.3503504544496536	0.3248247653245926	0.6751752197742462
910619921452818433	Earthquake (sismo) possibly felt 2 min ago in Estado De Mexico, Mexico. Felt it? See	data_image/mexico_earthquake/20_9_2017/910619921452818433_0.jpg	informative	not_informative	False	0.6747595369815826	0.3495190739631653	0.32524046301841736	0.6747595369815826
905993224350826497	"""President Obama didn't make an appearance for hurricane Katrina so why should trump for Harvey?!"""	data_image/hurricane_harvey/8_9_2017/905993224350826497_1.jpg	informative	not_informative	False	0.6745650470256805	0.34913010708987713	0.3254349399358034	0.6745650470256805
909128086985338880	it's still flooded because of Harvey. fam 9	data_image/hurricane_harvey/16_9_2017/909128086985338880_2.jpg	informative	not_informative	False	0.6741034984588623	0.3482069820165634	0.3258965164422989	0.6741034984588623
916029250926518272	Our coin drive for Puerto Rico relief kicked off today. Our Byam students showing empathy by donating their change.	data_image/hurricane_maria/5_10_2017/916029250926518272_1.jpg	not_informative	informative	False	0.6740999817848206	0.3481999449431896	0.6740999817848206	0.32590003684163094
909876002746195973	using on air in Irma	data_image/hurricane_irma/18_9_2017/909876002746195973_0.jpg	informative	not_informative	False	0.6739062815904617	0.34781258553266525	0.3260936960577965	0.6739062815904617
909485882285215750	Katia Irma Jose pls believe in man made climate change	data_image/hurricane_irma/17_9_2017/909485882285215750_0.jpg	informative	not_informative	False	0.6738878935575485	0.34777576057240367	0.32611213298514485	0.6738878935575485
9,17863E+17	California Wildfires: What's Next? Insurance	data_image/california_wildfires/10_10_2017/917862609713446915_0.jpg	not_informative	informative	False	0.6738506853580475	0.34770137071609497	0.6738506853580475	0.3261493146419525
909394977511428096	Getting Through Hurricane Irma, with Gratitude and Relief	data_image/hurricane_irma/17_9_2017/909394977511428096_0.jpg	informative	not_informative	False	0.6736361086368561	0.34727223217487335	0.3263638764619827	0.6736361086368561
909910746259009538	While friends and family sheltered in place, my family packed it up and headed for a hotel	data_image/hurricane_irma/18_9_2017/909910746259009538_0.jpg	informative	not_informative	False	0.6735768169164658	0.34715363197028637	0.3264231849461794	0.6735768169164658
927591267852324866	Congressional hearings seek to define fiscal board's role in Puerto Rico recovery:	data_image/hurricane_maria/6_11_2017/927591267852324866_0.jpg	not_informative	informative	False	0.6735683977603912	0.3471367657184601	0.6735683977603912	0.32643163204193115
910625131281690624	Dear please share if you want to help Mexico's earthquake victims.	data_image/mexico_earthquake/20_9_2017/910625131281690624_1.jpg	not_informative	informative	False	0.673370435833931	0.3467409163713455	0.673370435833931	0.32662951946258545
930121838763626496	Our condolences due to loss of last night's earthquake victimsFBFBFB iran	data_image/iraq_iran_earthquake/13_11_2017/930121838763626496_0.jpg	not_informative	informative	False	0.6732980012893677	0.34659603238105774	0.6732980012893677	0.32670196890830994
9,17869E+17	Sorry to see the round barn in Santa Rosa destroyed by fire	data_image/california_wildfires/10_10_2017/917869210499399680_0.jpg	informative	not_informative	False	0.6721176356077194	0.34423525631427765	0.3278823792934418	0.6721176356077194
906002768556548097	Leading by example. POTUS HurricaneHarvey	data_image/hurricane_harvey/8_9_2017/906002768556548097_0.jpg	not_informative	informative	False	0.6719841063022614	0.3439682126045227	0.6719841063022614	0.32801589369773865
913992284986855424	HurricaneMaria wrecked the park i had my first kiss on.	data_image/hurricane_maria/30_9_2017/913992284986855424_0.jpg	informative	not_informative	False	0.6715003103017807	0.3430006103590131	0.3284996999427676	0.6715003103017807
930101728342675456	National Earthquake Information Center Iraq	data_image/iraq_iran_earthquake/13_11_2017/930101728342675456_1.jpg	not_informative	informative	False	0.6713150292634964	0.342630073428154	0.6713150292634964	0.3286849558353424
909840192802054144	Time to Get Back To Work After Hurricane Irma - Part I South Florida Trial Practice	data_image/hurricane_irma/18_9_2017/909840192802054144_0.jpg	not_informative	informative	False	0.6710514426231384	0.34210288524627686	0.6710514426231384	0.3289485573768616
908152289134657536	And then this happened today. tornado WARNING	data_image/hurricane_harvey/14_9_2017/908152289134657536_0.jpg	informative	not_informative	False	0.6706450283527374	0.34129002690315247	0.32935500144958496	0.6706450283527374
9,17999E+17	OMFG literally almost all of California is on fire SOS 3333	data_image/california_wildfires/11_10_2017/917999332728688640_0.jpg	informative	not_informative	False	0.6699948161840439	0.33998960070312023	0.33000521548092365	0.6699948161840439
921491626882682880	Finally uploading some post storm photos. This is post-Irma pre-Maria	data_image/hurricane_maria/20_10_2017/921491626882682880_0.jpg	informative	not_informative	False	0.669542670249939	0.33908534049987793	0.33045732975006104	0.669542670249939
909960700474347520	Trump Hands Out Hoagies and Reassurances in Storm-Battered Florida	data_image/hurricane_irma/19_9_2017/909960700474347520_0.jpg	informative	not_informative	False	0.6691519021987915	0.3383038118481636	0.3308480903506279	0.6691519021987915
907551747836485633	This Coastie kid is helping Harvey victims in the sweetest way possible	data_image/hurricane_harvey/12_9_2017/907551747836485633_0.jpg	informative	not_informative	False	0.6688372790813446	0.3376745879650116	0.331162691116333	0.6688372790813446
916060901169664005	President Trump on Tuesday raised the prospect of wiping out hurricane-ravaged Puerto Rico's	data_image/hurricane_maria/5_10_2017/916060901169664005_0.jpg	not_informative	informative	False	0.6687275171279907	0.33745497465133667	0.6687275171279907	0.33127254247665405
9,23641E+17	Severe fire weather loosens grip on Southern California	data_image/california_wildfires/26_10_2017/923641271712874497_0.jpg	informative	not_informative	False	0.6685984432697296	0.3371969014406204	0.3314015418291092	0.6685984432697296
930262966460485632	Thinking of the E7 Iran's and E6 Iraq's victims of the earthquake ....	data_image/iraq_iran_earthquake/14_11_2017/930262966460485632_0.jpg	informative	not_informative	False	0.6685650646686554	0.3371301479637623	0.3314349167048931	0.6685650646686554
905411756029333505	Thought this was a pretty remarkable bit of info about Harvey 9Trillion	data_image/hurricane_harvey/6_9_2017/905411756029333505_0.jpg	informative	not_informative	False	0.6681354492902756	0.33627090509980917	0.3318645441904664	0.6681354492902756
907016334025818113	Walt Disney World is under a Tornado Warning please take shelter and stay safe!!!	data_image/hurricane_harvey/10_9_2017/907016334025818113_0.jpg	informative	not_informative	False	0.6679709255695343	0.3359418511390686	0.3320290744304657	0.6679709255695343
909398976251809795	It seems Irma was a dry run for Mara. All I want to do is write papers and proposals, but nature is distracting me!	data_image/hurricane_irma/17_9_2017/909398976251809795_0.jpg	informative	not_informative	False	0.6676074266433716	0.33521487133111805	0.33239255531225353	0.6676074266433716
905821754047598592	Cruz is a YES on the Harvey $/Debt limit/CR deal:	data_image/hurricane_harvey/7_9_2017/905821754047598592_0.jpg	informative	not_informative	False	0.6672345399856567	0.334469061344862	0.33276547864079475	0.6672345399856567
917785162787647488	Mark Zuckerberg toured a disaster-stricken Puerto Rico as a virtual reality cartoon	data_image/hurricane_maria/10_10_2017/917785162787647488_0.jpg	not_informative	informative	False	0.6669904738664627	0.3339809328317642	0.6669904738664627	0.3330095410346985
909232097784586240	Thank you Fedexprint 4 support of education fundraiser HurricaneIrma HurricaneHarvey	data_image/hurricane_harvey/17_9_2017/909232097784586240_0.jpg	not_informative	informative	False	0.6665594577789307	0.3331189304590225	0.6665594577789307	0.33344052731990814
909377570667466752	Irma isn't getting by Big B 4F	data_image/hurricane_irma/17_9_2017/909377570667466752_0.jpg	informative	not_informative	False	0.6661472469568253	0.33229449670761824	0.333852750249207	0.6661472469568253
910718208398602243	Japan helping MexicoA earthquake	data_image/mexico_earthquake/21_9_2017/910718208398602243_0.jpg	informative	not_informative	False	0.6660694181919098	0.3321388140320778	0.333930604159832	0.6660694181919098
927164215181430786	President Donald J. Trump Amends Puerto Rico Disaster Declaration	data_image/hurricane_maria/5_11_2017/927164215181430786_1.jpg	not_informative	informative	False	0.6651879847049713	0.33037595450878143	0.6651879847049713	0.3348120301961899
907698656580653057	A Flood of New Oyster Regulations : ccatexas conservation oysters HurricaneHarvey	data_image/hurricane_harvey/12_9_2017/907698656580653057_0.jpg	not_informative	informative	False	0.6649446785449982	0.32988932728767395	0.6649446785449982	0.3350553512573242
911980209175281664	Now at PHX airport. Preparing to load plane to Mexico. MexicoEarthquake	data_image/mexico_earthquake/24_9_2017/911980209175281664_2.jpg	not_informative	informative	False	0.6645856648683548	0.3291713371872902	0.6645856648683548	0.3354143276810646
910736388919881729	PLEASE PRAY FOR MEXICO..THE EARTHQUAKE WAS DEVASTATINGF99999999999F	data_image/mexico_earthquake/21_9_2017/910736388919881729_0.jpg	not_informative	informative	False	0.6645425856113434	0.329085148870945	0.6645425856113434	0.3354574367403984
910639665769848832	Hurricane Maria still on track to miss Florida. I'll have the latest on 5 EYEWITNESS NEWS at 10 PM.	data_image/hurricane_maria/20_9_2017/910639665769848832_0.jpg	informative	not_informative	False	0.6644110977649689	0.32882223278284073	0.33558886498212814	0.6644110977649689
910042438823288832	IRMA WAS PEANUTS, MariaLiveblogging is where it's at!	data_image/hurricane_irma/19_9_2017/910042438823288832_0.jpg	informative	not_informative	False	0.6642028093338013	0.3284056023694575	0.3357972069643438	0.6642028093338013
906113658442403840	Chemical plant explodes from Harvey damage via	data_image/hurricane_harvey/8_9_2017/906113658442403840_0.jpg	informative	not_informative	False	0.6638409197330475	0.3276818245649338	0.3361590951681137	0.6638409197330475
905882900217909249	What are tech companies doing to support during Harvey and Irma? - CX	data_image/hurricane_harvey/7_9_2017/905882900217909249_0.jpg	not_informative	informative	False	0.6637045741081238	0.32740915939211845	0.6637045741081238	0.3362954147160053
904950508653293568	Gamers to raise money for Harvey victims through video game marathon gamers gaming	data_image/hurricane_harvey/5_9_2017/904950508653293568_0.jpg	not_informative	informative	False	0.6635894477367401	0.3271789103746414	0.6635894477367401	0.3364105373620987
9,20154E+17	Fire Victims Begin Long Process Of Getting FEMA Aid:	data_image/california_wildfires/17_10_2017/920153745689923584_0.jpg	not_informative	informative	False	0.6631193310022354	0.3262386582791805	0.6631193310022354	0.3368806727230549
910798202122760192	5 am Advisory on Hurricane Maria. Stay informed & monitor latest forecasts from & .	data_image/hurricane_maria/21_9_2017/910798202122760192_0.jpg	informative	not_informative	False	0.6629934906959534	0.3259869823232293	0.33700650837272406	0.6629934906959534
909388488956461058	A Virgin Islands Author On Irma	data_image/hurricane_irma/17_9_2017/909388488956461058_0.jpg	not_informative	informative	False	0.6623847186565399	0.3247694671154022	0.6623847186565399	0.3376152515411377
911877633243303936	Mexico earthquake: Girl who captivated the nation never existed News World Media	data_image/mexico_earthquake/24_9_2017/911877633243303936_0.jpg	not_informative	informative	False	0.6620308458805084	0.32406168431043625	0.6620308458805084	0.3379691615700722
910536714396909568	Eva Longoria, Fifth Harmony and More Celebs React to Devastating MexicoEarthquake	data_image/mexico_earthquake/20_9_2017/910536714396909568_0.jpg	not_informative	informative	False	0.6620242744684219	0.3240485554561019	0.6620242744684219	0.33797571901232004
912990443234881536	'Tropical Storm Maria' moving away but still causing issues for the NC coast. Don has more, ahead at 6:48am. ABC11	data_image/hurricane_maria/27_9_2017/912990443234881536_0.jpg	informative	not_informative	False	0.6617375910282135	0.3234751969575882	0.3382623940706253	0.6617375910282135
909415687461986304	Please stay safe STX! I can't believe the USVI is in the direct path in back to back weeks. Irma Maria	data_image/hurricane_irma/17_9_2017/909415687461986304_0.jpg	informative	not_informative	False	0.6613592058420181	0.32271842285990715	0.338640782982111	0.6613592058420181
906409340478902272	Hurricane Harvey was a very serious storm	data_image/hurricane_harvey/9_9_2017/906409340478902272_0.jpg	informative	not_informative	False	0.6613579243421555	0.3227158561348915	0.33864206820726395	0.6613579243421555
910625131281690624	Dear please share if you want to help Mexico's earthquake victims.	data_image/mexico_earthquake/20_9_2017/910625131281690624_0.jpg	not_informative	informative	False	0.66121406853199	0.3224281594157219	0.66121406853199	0.33878590911626816
908981846758662144	Tropical Storm Harvey: Latestforecast	data_image/hurricane_harvey/16_9_2017/908981846758662144_0.jpg	informative	not_informative	False	0.6611707806587219	0.32234156131744385	0.3388292193412781	0.6611707806587219
909382547674673153	Big difference at THIS point GEFS ENS between Irma & Maria PR hit the deck Fla whewwwww	data_image/hurricane_irma/17_9_2017/909382547674673153_1.jpg	informative	not_informative	False	0.6609000563621521	0.3218000903725624	0.3390999659895897	0.6609000563621521
910533037212893185	Juice=Juice sending love to Mexico after big earthquake. JJ_worldtour Mexico FuerzaMexico	data_image/mexico_earthquake/20_9_2017/910533037212893185_0.jpg	not_informative	informative	False	0.6602029204368591	0.32040584087371826	0.6602029204368591	0.33979707956314087
910698946821021696	From my dear 2D friend , who always does his research. Mexico CDMX Earthquake Donations	data_image/mexico_earthquake/21_9_2017/910698946821021696_0.jpg	not_informative	informative	False	0.6592903286218643	0.31858063489198685	0.6592903286218643	0.34070969372987747
913231920321966081	Maria headed out to sea	data_image/hurricane_maria/28_9_2017/913231920321966081_0.jpg	informative	not_informative	False	0.6592109799385071	0.3184219649992883	0.34078901493921876	0.6592109799385071
908078410324369408	is giving 100 % of the funds donated to Irma and Harvey. Don't recommend .	data_image/hurricane_harvey/13_9_2017/908078410324369408_0.jpg	informative	not_informative	False	0.6591365784406662	0.3182731522247195	0.3408634262159467	0.6591365784406662
909808319937859584	Irma damage in Hardee County. .	data_image/hurricane_irma/18_9_2017/909808319937859584_0.jpg	informative	not_informative	False	0.6586948335170746	0.3173896595835686	0.341305173933506	0.6586948335170746
912270257594576896	Raleigh News Tropical Storm warning issued for NC coast as Hurricane Maria moves north	data_image/hurricane_maria/25_9_2017/912270257594576896_0.jpg	informative	not_informative	False	0.6582148373126984	0.3164296895265579	0.34178514778614044	0.6582148373126984
929058124132159488	All supplies headed to Arecibo, Puerto Rico! Thank you CPOP community!BeTheGreaterGator	data_image/hurricane_maria/10_11_2017/929058124132159488_0.jpg	informative	not_informative	False	0.6580987572669983	0.3161974996328354	0.3419012576341629	0.6580987572669983
910786199287160832	Mexico still open for tourists TravelNews Mexico Earthquake Tourism	data_image/mexico_earthquake/21_9_2017/910786199287160832_0.jpg	not_informative	informative	False	0.6567120552062988	0.31342411041259766	0.6567120552062988	0.34328794479370117
909478939273306112	So it's official....Irma's already on :	data_image/hurricane_irma/17_9_2017/909478939273306112_0.jpg	informative	not_informative	False	0.6562116295099258	0.31242330092936754	0.3437883285805583	0.6562116295099258
911624893199994880	Shifty Maria could prompt storm watch here bytomorrow	data_image/hurricane_maria/23_9_2017/911624893199994880_0.jpg	informative	not_informative	False	0.6562052220106125	0.312410444021225	0.3437947779893875	0.6562052220106125
904401576336478209	A rainy Sunday for much of the Northeast with several areas of low pressure (Harvey's remnants) lifting Northward:	data_image/hurricane_harvey/3_9_2017/904401576336478209_0.jpg	informative	not_informative	False	0.6561140716075897	0.31222814321517944	0.3438859283924103	0.6561140716075897
910149445915877376	Way to drop the ball Verizon I guess this what I pay big money for 5E irma verizon att hurricane	data_image/hurricane_irma/19_9_2017/910149445915877376_0.jpg	informative	not_informative	False	0.6558134257793427	0.3116268515586853	0.34418657422065735	0.6558134257793427
904601210103181312	Van Buren Duo Helps With Hurricane Harvey Relief	data_image/hurricane_harvey/4_9_2017/904601210103181312_0.jpg	informative	not_informative	False	0.6557776182889938	0.31155524775385857	0.34422237053513527	0.6557776182889938
909431953434251264	We're here to help! Irma Harvey	data_image/hurricane_irma/17_9_2017/909431953434251264_0.jpg	informative	not_informative	False	0.6556335836648941	0.3112671710550785	0.3443664126098156	0.6556335836648941
910541902872682497	EARTHQUAKE IN MEXICO 2D PLEASE RT TO HELP FuerzaMexico	data_image/mexico_earthquake/20_9_2017/910541902872682497_1.jpg	not_informative	informative	False	0.6555010080337524	0.3110020086169243	0.6555010080337524	0.34449899941682816
906638527194124293	The 12thMan is supporting BTHOharvey today Visit to help those impacted by Harvey	data_image/hurricane_harvey/9_9_2017/906638527194124293_0.jpg	informative	not_informative	False	0.6552790701389313	0.31055814400315285	0.3447209261357784	0.6552790701389313
913514800189251584	Dad I'm making a documentary on hurricane Maria -My 4th grader (map drawn completely from memory)	data_image/hurricane_maria/28_9_2017/913514800189251584_1.jpg	not_informative	informative	False	0.6551244258880615	0.31024882942438126	0.6551244258880615	0.34487559646368027
9,20825E+17	No, An Undocumented Immigrant Did Not Start The Deadly Northern California Wildfires	data_image/california_wildfires/19_10_2017/920824862528061440_0.jpg	informative	not_informative	False	0.6549649089574814	0.30992982164025307	0.3450350873172283	0.6549649089574814
910225532037378048	Via : Is Hurricane Maria worse than Irma? | p2 tcot	data_image/hurricane_irma/19_9_2017/910225532037378048_0.jpg	informative	not_informative	False	0.6549606919288635	0.30992141366004944	0.3450392782688141	0.6549606919288635
915167299610521601	America stay strong! LasVegasShooting mexicoearthquake PuertoRicoReliefNOW HoustonStrong	data_image/mexico_earthquake/3_10_2017/915167299610521601_0.jpg	not_informative	informative	False	0.6545613408088684	0.30912271328270435	0.6545613408088684	0.34543862752616405
907973594952589314	Irma is ranked 7th in our observational record. Harvey, 18th.	data_image/hurricane_harvey/13_9_2017/907973594952589314_0.jpg	informative	not_informative	False	0.6545309126377106	0.30906181037425995	0.3454691022634506	0.6545309126377106
914258646678347776	I'm doing a heckuva job! Brownie. 2 scoops of ice cream. PuertoRico TrumpStump HurricaneMaria	data_image/hurricane_maria/30_9_2017/914258646678347776_1.jpg	not_informative	informative	False	0.654472827911377	0.3089456334710121	0.654472827911377	0.34552719444036484
908200672901963776	no empathy shown to victims of Harvey.	data_image/hurricane_harvey/14_9_2017/908200672901963776_0.jpg	informative	not_informative	False	0.6544437110424042	0.30888745188713074	0.34555625915527344	0.6544437110424042
904343320243163137	1st bike since Harvey devastated Houston. Path blocked, water every where, and 1 snake that did not make it.	data_image/hurricane_harvey/3_9_2017/904343320243163137_0.jpg	informative	not_informative	False	0.6540387868881226	0.3080775737762451	0.34596121311187744	0.6540387868881226
915318824357859328	EPN: Tragedies Have Brought Army and Citizens Closer mexicoearthquake news Mexico	data_image/mexico_earthquake/3_10_2017/915318824357859328_0.jpg	not_informative	informative	False	0.6539696007966995	0.30793920904397964	0.6539696007966995	0.3460303917527199
916290992483061760	Congress can't play politics with the lives of 3.4 million Americans in Puerto Rico via	data_image/hurricane_maria/6_10_2017/916290992483061760_0.jpg	not_informative	informative	False	0.6539621502161026	0.307924322783947	0.6539621502161026	0.3460378274321556
911711785882755077	Have You Seen This Dog? Mexicans Search for Missing Pets mexicoearthquake dogs news	data_image/mexico_earthquake/23_9_2017/911711785882755077_0.jpg	not_informative	informative	False	0.6536532789468765	0.3073065709322691	0.6536532789468765	0.34634670801460743
923601566220935168	Chefs Aiding Puerto Rico Find Redients Difficult To Come : .,,,,	data_image/hurricane_maria/26_10_2017/923601566220935168_0.jpg	informative	not_informative	False	0.6534721255302429	0.30694423615932465	0.3465278893709183	0.6534721255302429
905625285214617600	8Hurricane Irma: a useful checklist8 PLEASE SPREAD & KEEP SAFE	data_image/hurricane_irma/7_9_2017/905625285214617600_2.jpg	informative	not_informative	False	0.6533418297767639	0.30668365955352783	0.3466581702232361	0.6533418297767639
921437660526399489	"San Juan mayor: Puerto Rico response was a 10 if it's ""out of a scale of 100"""	data_image/hurricane_maria/20_10_2017/921437660526399489_0.jpg	not_informative	informative	False	0.6531267762184143	0.3062535338103771	0.6531267762184143	0.3468732424080372
905491119705702400	"PHOTOS: New album ""Texas recovers from Harvey"" posted on our Facebook page (CNS/Bob Roller)"	data_image/hurricane_harvey/6_9_2017/905491119705702400_0.jpg	not_informative	informative	False	0.6531160622835159	0.3062320910394192	0.6531160622835159	0.34688397124409676
9,20475E+17	Engineered drought causing wildfires	data_image/california_wildfires/18_10_2017/920474622205628416_3.jpg	informative	not_informative	False	0.6529060900211334	0.30581216514110565	0.34709392488002777	0.6529060900211334
910554434207436801	I think Event: Earthquake has occurred in Mexico Wed Sep 20 12:17:12 2017 CDT	data_image/mexico_earthquake/20_9_2017/910554434207436801_0.jpg	informative	not_informative	False	0.6529044508934021	0.3058089017868042	0.3470955491065979	0.6529044508934021
910043537575743488	made it clear that there isn't a policy dictating leave from natural disaster like Irma	data_image/hurricane_irma/19_9_2017/910043537575743488_0.jpg	informative	not_informative	False	0.6527694463729858	0.30553892254829407	0.3472305238246918	0.6527694463729858
913530736233328642	The Thursday 5pm advisories for Maria & Lee. Lee is now a category 1 hurricane. SpectrumNews ncwx Maria Lee	data_image/hurricane_maria/28_9_2017/913530736233328642_1.jpg	informative	not_informative	False	0.6526378691196442	0.30527570843696594	0.3473621606826782	0.6526378691196442
909865909992296448	Via : Hurricane Maria aims at Irma-battered Florida coast | p2 tcot	data_image/hurricane_irma/18_9_2017/909865909992296448_0.jpg	informative	not_informative	False	0.6521362364292145	0.30427245795726776	0.3478637784719467	0.6521362364292145
910624891292061701	Experts in Vancouver look to Mexico for earthquake lessons. has details.	data_image/mexico_earthquake/20_9_2017/910624891292061701_0.jpg	not_informative	informative	False	0.6515403091907501	0.30308064445853233	0.6515403091907501	0.3484596647322178
928337383191449607	Docs On Shady Puerto Rico Energy Contract 'Add More Questions,' GOP Congressman Says	data_image/hurricane_maria/8_11_2017/928337383191449607_0.jpg	not_informative	informative	False	0.6511944234371185	0.30238886177539825	0.6511944234371185	0.3488055616617203
870389549116948480	Weather forecast 1stJune2017 SLFloods2017 FloodSL lka dmclk English and Sinhala	data_image/srilanka_floods/1_6_2017/870389549116948480_2.jpg	not_informative	informative	False	0.6503570079803467	0.30071400105953217	0.6503570079803467	0.3496430069208145
9,20324E+17	'5 California is on fire! '5 Please be safe out there everyone!	data_image/california_wildfires/17_10_2017/920324100601421824_0.jpg	informative	not_informative	False	0.6499366611242294	0.29987334948964417	0.35006331163458526	0.6499366611242294
904437063327649793	More Texas dogs displaced by Harvey finding homes in NJ	data_image/hurricane_harvey/3_9_2017/904437063327649793_0.jpg	not_informative	informative	False	0.6497920006513596	0.2995840087532997	0.6497920006513596	0.35020799189805984
910099479839281152	After Irma, Special Oxygen Masks Helped Florida Pets Breathe Easier USNews USRC USNews	data_image/hurricane_irma/19_9_2017/910099479839281152_0.jpg	informative	not_informative	False	0.6495333015918732	0.29906658828258514	0.350466713309288	0.6495333015918732
9,17867E+17	Blue Sparks Came Out The Sky	data_image/california_wildfires/10_10_2017/917866755363442688_0.jpg	informative	not_informative	False	0.6487213224172592	0.29744264218606986	0.35127868023118936	0.6487213224172592
910553259881975808	For all of those concerned about the earthquake in Mexico, YOU CAN HELP TOO.	data_image/mexico_earthquake/20_9_2017/910553259881975808_0.jpg	not_informative	informative	False	0.6482418477535248	0.29648371040821075	0.6482418477535248	0.351758137345314
911946080387948544	Light mag. 4.5 earthquake - OAXACA, MEXICO on Sunday, 24 September 2017 vulcano vulkaan	data_image/mexico_earthquake/24_9_2017/911946080387948544_0.jpg	not_informative	informative	False	0.6475204080343246	0.29504079883918166	0.6475204080343246	0.352479609195143
922450221455593472	The Trump Administration Is Using Hurricane Maria as an Excuse to Subsidize the Coal Industry - ... Trump Adminis...	data_image/hurricane_maria/23_10_2017/922450221455593472_0.jpg	not_informative	informative	False	0.6469236016273499	0.2938472107052803	0.6469236016273499	0.35307639092206955
911923296735776769	Tropical storm Pilar heads for devastated Mexico in latest shock weather warning	data_image/mexico_earthquake/24_9_2017/911923296735776769_0.jpg	not_informative	informative	False	0.6466656476259232	0.293331291526556	0.6466656476259232	0.35333435609936714
922210693352493056	Did anyone else happen to see these cute Moyer kids having a bake sale to help Puerto Rico. Always so proud!	data_image/hurricane_maria/22_10_2017/922210693352493056_0.jpg	informative	not_informative	False	0.64664426445961	0.29328855872154236	0.3533557057380676	0.64664426445961
923589859322707968	Elementary schools and food pantry collaborate to help PuertoRico	data_image/hurricane_maria/26_10_2017/923589859322707968_0.jpg	informative	not_informative	False	0.6465905606746674	0.2931811884045601	0.35340937227010727	0.6465905606746674
9,19949E+17	California Air Board Issues Tips for Safe Cleanup of FireAsh	data_image/california_wildfires/16_10_2017/919948539521785863_0.jpg	not_informative	informative	False	0.6465615332126617	0.2931230515241623	0.6465615332126617	0.35343848168849945
901767940994985984	reporting from Houston on HurricaneHarvey. Great job and please be safe.	data_image/hurricane_harvey/27_8_2017/901767940994985984_0.jpg	informative	not_informative	False	0.6461876630783081	0.2923753559589386	0.3538123071193695	0.6461876630783081
908527684166316032	Did a Georgia Mosque send Harvey donations to Syria? truthsetter	data_image/hurricane_harvey/15_9_2017/908527684166316032_0.jpg	informative	not_informative	False	0.6456377804279327	0.29127559065818787	0.3543621897697449	0.6456377804279327
909856057811402752	God is our refuge from the storma prayer Harvey Irma Wildfires PuertoRico USA	data_image/hurricane_irma/18_9_2017/909856057811402752_0.jpg	not_informative	informative	False	0.6453676819801331	0.2907354054041207	0.6453676819801331	0.3546322765760124
910555383197974528	"Mexico City earthquake ""damages"" two-time World Cup final venue and scene of Maradona's"	data_image/mexico_earthquake/20_9_2017/910555383197974528_0.jpg	not_informative	informative	False	0.6452391296625137	0.2904782611876726	0.6452391296625137	0.3547608684748411
910765741993005058	Delaware Restaurant Owner Recounts Moment 7.1 Earthquake Shook Mexico -	data_image/mexico_earthquake/21_9_2017/910765741993005058_0.jpg	not_informative	informative	False	0.6451595723628998	0.2903191149234772	0.6451595723628998	0.3548404574394226
912950371055734784	US military sends ships, aircraft to Puerto Rico	data_image/hurricane_maria/27_9_2017/912950371055734784_0.jpg	informative	not_informative	False	0.6451335698366165	0.29026713222265244	0.3548664376139641	0.6451335698366165
910533037212893185	Juice=Juice sending love to Mexico after big earthquake. JJ_worldtour Mexico FuerzaMexico	data_image/mexico_earthquake/20_9_2017/910533037212893185_1.jpg	not_informative	informative	False	0.644766628742218	0.28953325748443604	0.644766628742218	0.355233371257782
909388814917017602	Early heads-up to Puerto Rico. Irma spared you but Maria may not.	data_image/hurricane_irma/17_9_2017/909388814917017602_0.jpg	informative	not_informative	False	0.644315704703331	0.2886313758790493	0.3556843288242817	0.644315704703331
927982073717157891	Our own Rebecca NewmanExcited to help in service project. Filling backpacks for Puerto Rico! DF17 HLS	data_image/hurricane_maria/7_11_2017/927982073717157891_0.jpg	informative	not_informative	False	0.6441763341426849	0.2883526682853699	0.35582366585731506	0.6441763341426849
912151169098686464	These photos of sniffer doggos in the rubble of Mexico's earthquake *cry emoji*	data_image/mexico_earthquake/25_9_2017/912151169098686464_0.jpg	not_informative	informative	False	0.643779993057251	0.28756000380963087	0.643779993057251	0.3562199892476201
910028818592677888	An earthquake just shook LA. After Mexico, now we get hit. After Irma now Maria-5 hitting the Caribbean but argue w	data_image/hurricane_irma/19_9_2017/910028818592677888_0.jpg	informative	not_informative	False	0.6437786221504211	0.2875572144985199	0.35622140765190125	0.6437786221504211
905642144576135168	We now have Tropical Storm Katia in the Gulf, along with Hurricane Irma & Tropical Storm Jose.	data_image/hurricane_irma/7_9_2017/905642144576135168_0.jpg	informative	not_informative	False	0.6431846618652344	0.28636933863162994	0.35681532323360443	0.6431846618652344
911939556605390848	1 scene of SENTINEL ingested to HDDS for event 201709_Earthquake_MEX mexicoearthquake	data_image/mexico_earthquake/24_9_2017/911939556605390848_0.jpg	not_informative	informative	False	0.6429877281188965	0.28597545996308327	0.6429877281188965	0.3570122681558132
905036991644958720	AZ-TF1 has been demobilized from Harvey. We're heading home.	data_image/hurricane_harvey/5_9_2017/905036991644958720_0.jpg	not_informative	informative	False	0.6426443457603455	0.2852886766195297	0.6426443457603455	0.35735566914081573
909897343671177216	This symmetry isn't quite like Irma (yet), but let's check back in this evening. Stunning appearance either way.	data_image/hurricane_irma/18_9_2017/909897343671177216_0.jpg	informative	not_informative	False	0.6424571871757507	0.28491439297795296	0.3575427941977978	0.6424571871757507
912462895841251328	8:00 update: Maria is still a cat 1 storm with 80mph winds. All models are still keeping the storm offshore.	data_image/hurricane_maria/25_9_2017/912462895841251328_0.jpg	not_informative	informative	False	0.6422314345836639	0.2844628542661667	0.6422314345836639	0.35776858031749725
904484911268196352	Navy helicopters ready to help with rescue efforts in Beaumont, Tx in wake of Harvey	data_image/hurricane_harvey/3_9_2017/904484911268196352_0.jpg	informative	not_informative	False	0.6422064751386642	0.2844129540026188	0.35779352113604546	0.6422064751386642
910541703521685505	New activation [EMSR244]: Earthquake in Central Mexico Copernicus Earthquake EUCivPro	data_image/mexico_earthquake/20_9_2017/910541703521685505_0.jpg	not_informative	informative	False	0.642120286822319	0.28424056619405746	0.642120286822319	0.35787972062826157
913616341575270400	strong earthquake shakes Offshore Chiapas, Mexico 7 min ago. More info at:	data_image/mexico_earthquake/29_9_2017/913616341575270400_0.jpg	informative	not_informative	False	0.6419297754764557	0.28385956585407257	0.3580702096223831	0.6419297754764557
905729343443394561	Fort Lauderdale News Search Reviews (Tracking Hurricane Irma 9/7 5AM) Fort Lauderdale News -	data_image/hurricane_irma/7_9_2017/905729343443394561_0.jpg	informative	not_informative	False	0.6416926980018616	0.283385394141078	0.3583073038607836	0.6416926980018616
901772145004613632	Sustained winds of Tropical Storm Harvey down to 45 mph. Continues to weaken in wind intensity. Heavy rain continu	data_image/hurricane_harvey/27_8_2017/901772145004613632_0.jpg	informative	not_informative	False	0.6403224319219589	0.28064482659101486	0.35967760533094406	0.6403224319219589
901679854273400832	OMG thats it! Thats the tornado 1	data_image/hurricane_harvey/27_8_2017/901679854273400832_0.jpg	informative	not_informative	False	0.6402766704559326	0.28055332601070404	0.3597233444452286	0.6402766704559326
921470656323162112	would like you to know what's happening in Puerto Rico	data_image/hurricane_maria/20_10_2017/921470656323162112_0.jpg	informative	not_informative	False	0.640127882361412	0.2802557540126145	0.35987212834879756	0.640127882361412
930180427016491008	Statement attributable to the on the earthquake in Iran HumanRights	data_image/iraq_iran_earthquake/13_11_2017/930180427016491008_0.jpg	not_informative	informative	False	0.640095517039299	0.28019100800156593	0.640095517039299	0.3599045090377331
930143820443873280	Twitter erupts after Iran-Iraq earthquake	data_image/iraq_iran_earthquake/13_11_2017/930143820443873280_0.jpg	not_informative	informative	False	0.640067458152771	0.2801349014043808	0.640067458152771	0.3599325567483902
9,2066E+17	Fidelity Charitable Issues Guidance on California Wildfire Relief	data_image/california_wildfires/18_10_2017/920659752106975232_0.jpg	not_informative	informative	False	0.6393929421901703	0.2787858694791794	0.6393929421901703	0.3606070727109909
909392561776848899	Useful tips for parents/guardians to help children deal with their emotions after Irma.	data_image/hurricane_irma/17_9_2017/909392561776848899_0.jpg	not_informative	informative	False	0.6390451490879059	0.27809032797813416	0.6390451490879059	0.36095482110977173
905479023366635520	delivering supplies for Harvey Relief. I think my Tesla holds more than my Jeep!	data_image/hurricane_harvey/6_9_2017/905479023366635520_0.jpg	informative	not_informative	False	0.639028787612915	0.2780575454235077	0.36097124218940735	0.639028787612915
907011776969142272	Tornado warnings all over the place 3	data_image/hurricane_harvey/10_9_2017/907011776969142272_0.jpg	informative	not_informative	False	0.6389684081077576	0.27793680131435394	0.3610316067934036	0.6389684081077576
922741841543360514	Exactly how I feel. donateaphoto jnj hurricaneirma2017 hurricanemaria	data_image/hurricane_maria/24_10_2017/922741841543360514_0.jpg	not_informative	informative	False	0.6386770308017731	0.27735403180122375	0.6386770308017731	0.3613229990005493
911901874168778753	Tropical storm force wind probability from Maria along the carolina coast:	data_image/hurricane_maria/24_9_2017/911901874168778753_0.jpg	informative	not_informative	False	0.6385690867900848	0.2771381586790085	0.36143092811107635	0.6385690867900848
915300476824031238	"""Out of whack"": The most jaw-dropping remarks from Trump's Puerto Rico trip"	data_image/hurricane_maria/3_10_2017/915300476824031238_0.jpg	not_informative	informative	False	0.6381588578224182	0.2763177305459976	0.6381588578224182	0.3618411272764206
908399918297047042	Harvey Relief T-Shirts	data_image/hurricane_harvey/14_9_2017/908399918297047042_1.jpg	not_informative	informative	False	0.6379629969596863	0.27592596411705017	0.6379629969596863	0.3620370328426361
905148566099951619	Harvey flooded 13 of the US's most news usa headline | 0 by	data_image/hurricane_harvey/5_9_2017/905148566099951619_0.jpg	informative	not_informative	False	0.6376904249191284	0.27538084983825684	0.3623095750808716	0.6376904249191284
910626456442720256	It was a privilege to interview Philly's consul for Mexico about how to help earthquake victims.	data_image/mexico_earthquake/20_9_2017/910626456442720256_0.jpg	not_informative	informative	False	0.6373783946037292	0.2747568041086197	0.6373783946037292	0.36262159049510956
904886058608984064	HELP PEOPLE AFFECTED BY	data_image/hurricane_harvey/5_9_2017/904886058608984064_0.jpg	informative	not_informative	False	0.6369471848011017	0.2738943836884573	0.3630528011126444	0.6369471848011017
9,21487E+17	MT : set up a donation fund for Northern California fire aid donate	data_image/california_wildfires/20_10_2017/921487466720301056_0.jpg	informative	not_informative	False	0.6368080824613571	0.27361615374684334	0.3631919287145138	0.6368080824613571
914007121087418368	Jimmy Fallon is a kind, sweet, lovely human being. DDD PeurtoRicoRelief HurricaneMaria	data_image/hurricane_maria/30_9_2017/914007121087418368_0.jpg	not_informative	informative	False	0.6361057162284851	0.2722114250063896	0.6361057162284851	0.3638942912220955
904815771930513408	Braves players are out & about in the right now collecting donations for Harvey recovery efforts!	data_image/hurricane_harvey/4_9_2017/904815771930513408_0.jpg	informative	not_informative	False	0.6359808444976807	0.27196168899536133	0.36401915550231934	0.6359808444976807
9,20363E+17	California is legit on fire	data_image/california_wildfires/17_10_2017/920363008232062976_0.jpg	informative	not_informative	False	0.635764867067337	0.27152971480973065	0.3642351522576064	0.635764867067337
905762187796414464	My thanks go out 2 Hananya, & the Israeli relief team for helping out!	data_image/hurricane_harvey/7_9_2017/905762187796414464_0.jpg	informative	not_informative	False	0.6356871724128723	0.2713742982596159	0.3643128741532564	0.6356871724128723
904927079640178688	Extreme Hurricane Harvey Video from Aransas County, TX - 8/25/2017	data_image/hurricane_harvey/5_9_2017/904927079640178688_0.jpg	not_informative	informative	False	0.6356128454208374	0.2712257280945778	0.6356128454208374	0.3643871173262596
911612686257020930	There will be a town-hall meeting tonight in Brooklyn, NY w/ . PrayForDominica HurricaneMaria	data_image/hurricane_maria/23_9_2017/911612686257020930_0.jpg	not_informative	informative	False	0.6352158188819885	0.27043163776397705	0.6352158188819885	0.3647841811180115
909893730823483392	While Irma was a glacing blow for Puerto Rico, I can't see how PR/USVI can escape the punishment of Cat. 4 Maria.	data_image/hurricane_irma/18_9_2017/909893730823483392_0.jpg	informative	not_informative	False	0.63514843583107	0.2702968865633011	0.36485154926776886	0.63514843583107
922107994741137410	How about getting some power to the American citizens in Puerto Rico, you hopeless asswipe?	data_image/hurricane_maria/22_10_2017/922107994741137410_0.jpg	informative	not_informative	False	0.6350879818201065	0.27017597667872906	0.36491200514137745	0.6350879818201065
914117407169380353	M2.2 earthquake 85mi SW of Yuma, AZ at 05:15am. 39mi SW of Alberto Oviedo Mota, Mexico	data_image/mexico_earthquake/30_9_2017/914117407169380353_2.jpg	not_informative	informative	False	0.6348630338907242	0.2697261101566255	0.6348630338907242	0.3651369237340987
909489841578094593	Group rescues 6 manatees from pond after Irma flooding	data_image/hurricane_irma/17_9_2017/909489841578094593_0.jpg	informative	not_informative	False	0.6344705075025558	0.2689410448074341	0.36552946269512177	0.6344705075025558
9,23613E+17	Upheaval at California fire district as chief waits to be fired	data_image/california_wildfires/26_10_2017/923612570078064640_0.jpg	not_informative	informative	False	0.6333548128604889	0.2667096257209778	0.6333548128604889	0.3666451871395111
914885323099901952	Pray for PR PR HurricaneMaria 57	data_image/hurricane_maria/2_10_2017/914885323099901952_0.jpg	not_informative	informative	False	0.6329439878463745	0.2658879868686199	0.6329439878463745	0.3670560009777546
909935975630909440	2017 joins a list of elite years with multiple Category 5s in the Atlantic. maria irma	data_image/hurricane_irma/19_9_2017/909935975630909440_0.jpg	informative	not_informative	False	0.6329039484262466	0.2658079192042351	0.36709602922201157	0.6329039484262466
909690545735294977	There's another threat coming from Harvey and Irma ^Salon	data_image/hurricane_irma/18_9_2017/909690545735294977_0.jpg	informative	not_informative	False	0.6328465640544891	0.2656931057572365	0.36715345829725266	0.6328465640544891
909744783115120640	Hurricane Irma on Twitter	data_image/hurricane_irma/18_9_2017/909744783115120640_0.jpg	informative	not_informative	False	0.6324474215507507	0.26489485800266266	0.3675525635480881	0.6324474215507507
927790008882298880	The Year of Tempest: Mara in the History of Puerto Rico/the CaribbeanTwoLectures	data_image/hurricane_maria/7_11_2017/927790008882298880_0.jpg	not_informative	informative	False	0.632342517375946	0.2646850571036339	0.632342517375946	0.36765746027231216
911787200479682560	Badass Rescue Dog Who Has Rescued 52 Lives Is Now Saving People Affected By	data_image/mexico_earthquake/24_9_2017/911787200479682560_0.jpg	informative	not_informative	False	0.632309228181839	0.2646184414625168	0.3676907867193222	0.632309228181839
906927853471715329	a boarded window surprisingly makes a great canvas irma	data_image/hurricane_irma/10_9_2017/906927853471715329_1.jpg	informative	not_informative	False	0.6320988982915878	0.2641977537423372	0.3679011445492506	0.6320988982915878
911623545943396352	Mexico City airport resumes flights after earthquake nature vacation adventure	data_image/mexico_earthquake/23_9_2017/911623545943396352_0.jpg	not_informative	informative	False	0.632014736533165	0.2640294283628464	0.632014736533165	0.3679853081703186
912184177071620096	THIS IS SHOCKING AND VERY FEARFUL, THIRTEEN YEAR MEXICO EARTHQUAKE PROPHECY By ProphetDrOwuor FULFILLED	data_image/mexico_earthquake/25_9_2017/912184177071620096_3.jpg	not_informative	informative	False	0.6311670392751694	0.26233405619859695	0.6311670392751694	0.3688329830765724
909879689610743810	. fishing pier closed pending Irma damage inspection	data_image/hurricane_irma/18_9_2017/909879689610743810_0.jpg	informative	not_informative	False	0.6310382187366486	0.2620764449238777	0.36896177381277084	0.6310382187366486
913750600214396928	Hemisphere Media Group Provides Information Regarding Hurricane Maria	data_image/hurricane_maria/29_9_2017/913750600214396928_0.jpg	not_informative	informative	False	0.6309409439563751	0.26188186556100845	0.6309409439563751	0.36905907839536667
910544332033347585	the-huffington-post|Hurricane Maria Slams Into Puerto Rico|	data_image/hurricane_maria/20_9_2017/910544332033347585_0.jpg	not_informative	informative	False	0.630764901638031	0.2615298181772232	0.630764901638031	0.3692350834608078
913433081540939776	HurricaneMaria avoiding trump like.... swerve	data_image/hurricane_maria/28_9_2017/913433081540939776_0.jpg	informative	not_informative	False	0.6307216584682465	0.2614433653652668	0.36927829310297966	0.6307216584682465
9,20236E+17	BEARFIRE Fire in Santa Cruz mountains forces evacuations near Bear Crk Canyon Rd. via	data_image/california_wildfires/17_10_2017/920236266335162368_0.jpg	informative	not_informative	False	0.6305475831031799	0.26109517365694046	0.36945240944623947	0.6305475831031799
905199804497702915	Irma throws shade on Harvey.Both are important!	data_image/hurricane_harvey/5_9_2017/905199804497702915_0.jpg	informative	not_informative	False	0.6304164379835129	0.2608328852802515	0.3695835527032614	0.6304164379835129
909902152277139456	development ALERT Puerto Rico: Emergency declared by Hurricane Maria and warn that it will be more devastating tha	data_image/hurricane_irma/18_9_2017/909902152277139456_1.jpg	informative	not_informative	False	0.630092978477478	0.26018594205379486	0.36990703642368317	0.630092978477478
906688666298458112	Heads up! Tornado watch in effect until midnight. (This was anticipated says )	data_image/hurricane_harvey/10_9_2017/906688666298458112_0.jpg	informative	not_informative	False	0.6298255771398544	0.25965119898319244	0.370174378156662	0.6298255771398544
911647833392078848	'High' confidence that Hurricane Maria won't affect South Carolina	data_image/hurricane_maria/23_9_2017/911647833392078848_0.jpg	informative	not_informative	False	0.6293443739414215	0.2586887627840042	0.3706556111574173	0.6293443739414215
905647896330084353	Jose is now a hurricane, following right behind Irma.	data_image/hurricane_irma/7_9_2017/905647896330084353_0.jpg	informative	not_informative	False	0.6290768682956696	0.2581537216901779	0.37092314660549164	0.6290768682956696
906946555676164096	We are Prepared!! Sucks to many Tornado warnings!	data_image/hurricane_harvey/10_9_2017/906946555676164096_0.jpg	informative	not_informative	False	0.6290286630392075	0.2580573633313179	0.37097129970788956	0.6290286630392075
921823384660594689	Blacked-out Puerto Rico makes a long-shot pitch for Amazon's HQ2	data_image/hurricane_maria/21_10_2017/921823384660594689_0.jpg	not_informative	informative	False	0.629014179110527	0.2580283284187317	0.629014179110527	0.37098585069179535
906810549387890688	TORNADO WARNING BREVARD COUNTY UNTIL 5:45 AM. BE IN LOWEST LEVEL AWAY FROM WINDOWS. LIVE ON 9.	data_image/hurricane_harvey/10_9_2017/906810549387890688_0.jpg	informative	not_informative	False	0.6287946105003357	0.2575892060995102	0.3712054044008255	0.6287946105003357
921538910865494017	Puerto Rico From the Space Station via	data_image/hurricane_maria/21_10_2017/921538910865494017_0.jpg	not_informative	informative	False	0.6287031173706055	0.25740619003772736	0.6287031173706055	0.3712969273328781
872677498827317248	Our prayers go out to all the families victimized by the floods. FloodSL	data_image/srilanka_floods/8_6_2017/872677498827317248_0.jpg	not_informative	informative	False	0.6279773712158203	0.25595469772815704	0.6279773712158203	0.37202267348766327
906759447942516737	My Ride Garage Orange County Choppers Hurricane HarveyRelief	data_image/hurricane_harvey/10_9_2017/906759447942516737_0.jpg	not_informative	informative	False	0.6277810633182526	0.25556210055947304	0.6277810633182526	0.3722189627587795
905453454855897088	Be sure to follow guidelines during HurricaneHarvey recovery PrayersforTexas prayersforhouston	data_image/hurricane_harvey/6_9_2017/905453454855897088_0.png	not_informative	informative	False	0.6275663673877716	0.2551327347755432	0.6275663673877716	0.3724336326122284
921754220407263237	Who's joining us this weekend for the final days of Orlando Cares - Hope for Puerto Rico?	data_image/hurricane_maria/21_10_2017/921754220407263237_1.jpg	not_informative	informative	False	0.6274957656860352	0.2549915313720703	0.6274957656860352	0.37250423431396484
905625285214617600	8Hurricane Irma: a useful checklist8 PLEASE SPREAD & KEEP SAFE	data_image/hurricane_irma/7_9_2017/905625285214617600_3.jpg	informative	not_informative	False	0.6274648606777191	0.25492972135543823	0.3725351393222809	0.6274648606777191
906262165618753536	Crowdsourcing info about Hurricane Harvey using berkEagles wearePBV pbvtech	data_image/hurricane_harvey/8_9_2017/906262165618753536_0.jpg	not_informative	informative	False	0.6271655559539795	0.2543310895562172	0.6271655559539795	0.3728344663977623
909829040147755008	Reflecting on effects of Irma in BVI, calls for ClimateAction now. CWNYC	data_image/hurricane_irma/18_9_2017/909829040147755008_0.jpg	not_informative	informative	False	0.6266593188047409	0.2533186748623848	0.6266593188047409	0.3733406439423561
909438945871712258	Climate Prediction. A hurricane more powerful than IRMA will hit the WH during Trumps Presidency. MotherNatureFury.	data_image/hurricane_irma/17_9_2017/909438945871712258_0.jpg	informative	not_informative	False	0.6265562772750854	0.2531125545501709	0.37344372272491455	0.6265562772750854
910564754221158402	Please pray for our neighbors in Mexico who have suffered a massive earthquake. God bless Mexico.	data_image/mexico_earthquake/20_9_2017/910564754221158402_0.jpg	not_informative	informative	False	0.6264106333255768	0.2528212424367666	0.6264106333255768	0.37358939088881016
905189440926167040	Harvey Aid, Tax Reform Lead Busy Congressional To-Do List | NBC News	data_image/hurricane_harvey/5_9_2017/905189440926167040_0.jpg	not_informative	informative	False	0.6263689696788788	0.2527379160746932	0.6263689696788788	0.3736310536041856
910753899182743552	Noma Mexico Earthquake Relief Dinner	data_image/mexico_earthquake/21_9_2017/910753899182743552_0.jpg	not_informative	informative	False	0.6261574327945709	0.25231486558914185	0.6261574327945709	0.3738425672054291
916029250926518272	Our coin drive for Puerto Rico relief kicked off today. Our Byam students showing empathy by donating their change.	data_image/hurricane_maria/5_10_2017/916029250926518272_0.jpg	not_informative	informative	False	0.625480443239212	0.2509608678519726	0.625480443239212	0.37451957538723946
910617832852938752	Mexico's 4-legged Heroes aka Disaster Dog's - we salute you2D mexico Earthquake cdmx caninehero	data_image/mexico_earthquake/20_9_2017/910617832852938752_0.jpg	not_informative	informative	False	0.625471904873848	0.25094377249479294	0.625471904873848	0.374528132379055
909873185226674176	Our drone caught some Irma damage at . Despite the set back, they're still filling out baskets with	data_image/hurricane_irma/18_9_2017/909873185226674176_0.jpg	informative	not_informative	False	0.625218003988266	0.250436007976532	0.374781996011734	0.625218003988266
914579945988476928	Photos: Meet the sniff dogs rescuing earthquake survivors in Mexico	data_image/mexico_earthquake/1_10_2017/914579945988476928_0.jpg	not_informative	informative	False	0.6251513212919235	0.2503026779741049	0.6251513212919235	0.37484864331781864
911682837190979585	Earthquake Golfo de California Mexico Update M5.5 Sinaloa Sismo temblor	data_image/mexico_earthquake/23_9_2017/911682837190979585_0.jpg	not_informative	informative	False	0.6250609159469604	0.2501218803226948	0.6250609159469604	0.37493903562426567
906262165618753536	Crowdsourcing info about Hurricane Harvey using berkEagles wearePBV pbvtech	data_image/hurricane_harvey/8_9_2017/906262165618753536_1.jpg	not_informative	informative	False	0.6250165551900864	0.25003310292959213	0.6250165551900864	0.37498345226049423
915319846849728512	Trump Denies Puerto Rico Request to Use Food Stamps to Buy Desperately Needed Hot Meals:	data_image/hurricane_maria/3_10_2017/915319846849728512_0.jpg	informative	not_informative	False	0.6249750703573227	0.2499501034617424	0.3750249668955803	0.6249750703573227
901743324620402688	Harvey, now a tropical storm is going nowwhere. Low to remain over Texas for much of this week.	data_image/hurricane_harvey/27_8_2017/901743324620402688_0.jpg	informative	not_informative	False	0.6245971322059631	0.24919424951076508	0.37540288269519806	0.6245971322059631
911531849398104065	SEVERE STORM THREAT for today. Catch'em on Radar: wx weather tornado hail maria	data_image/hurricane_maria/23_9_2017/911531849398104065_0.jpg	informative	not_informative	False	0.6241673231124878	0.24833466112613678	0.375832661986351	0.6241673231124878
912368566665728001	Seeing some cloud cover overhead?? They're actually high clouds being pushed in from Hurricane Maria's outer bands	data_image/hurricane_maria/25_9_2017/912368566665728001_0.jpg	informative	not_informative	False	0.6240015029907227	0.2480030357837677	0.37599846720695496	0.6240015029907227
908692274380292096	Be ready for the next hurricane or naturaldisaster	data_image/hurricane_harvey/15_9_2017/908692274380292096_0.jpg	informative	not_informative	False	0.6236721575260162	0.24734431505203247	0.37632784247398376	0.6236721575260162
9,17868E+17	Colorado-based SuperTanker takes on California wildfires:	data_image/california_wildfires/10_10_2017/917868035423080449_0.jpg	informative	not_informative	False	0.6233334243297577	0.246666818857193	0.3766666054725647	0.6233334243297577
910523364154003456	Our solidarity with the victims of the earthquake in Mexico	data_image/mexico_earthquake/20_9_2017/910523364154003456_0.jpg	not_informative	informative	False	0.6233064532279968	0.24661289155483246	0.6233064532279968	0.37669356167316437
907418250006470656	How to tell if that used car was flooded by Harvey carmarket HarveyThousands	data_image/hurricane_harvey/12_9_2017/907418250006470656_0.jpg	not_informative	informative	False	0.6228760480880737	0.24575207382440567	0.6228760480880737	0.37712397426366806
909128086985338880	it's still flooded because of Harvey. fam 9	data_image/hurricane_harvey/16_9_2017/909128086985338880_1.jpg	informative	not_informative	False	0.6228578388690948	0.2457156926393509	0.37714214622974396	0.6228578388690948
909969570525585411	I surfed North Carolina at this pier..in light of Harvey and Irma the country is forgetting what Jose is doing to t	data_image/hurricane_irma/19_9_2017/909969570525585411_1.jpg	informative	not_informative	False	0.6227853298187256	0.24557067453861237	0.3772146552801132	0.6227853298187256
909390637367222282	Joining us now is to discuss the aftermath of Irma PoliticsNation	data_image/hurricane_irma/17_9_2017/909390637367222282_0.jpg	informative	not_informative	False	0.622634693980217	0.24526938796043396	0.377365306019783	0.622634693980217
914234082355240961	The latest, and last advisory on now Post-Tropical Storm Maria and its historical track.	data_image/hurricane_maria/30_9_2017/914234082355240961_0.jpg	informative	not_informative	False	0.6225631833076477	0.24512635171413422	0.3774368315935135	0.6225631833076477
913074566968221696	The brainstorming session on the MexicoEarthquake has begun at the Center.	data_image/mexico_earthquake/27_9_2017/913074566968221696_2.jpg	not_informative	informative	False	0.6225040405988693	0.24500808119773865	0.6225040405988693	0.3774959594011307
928024809455476740	Here's what some great Mississippi musicians have planned to help out Puerto Rico!	data_image/hurricane_maria/7_11_2017/928024809455476740_0.jpg	not_informative	informative	False	0.6223552227020264	0.24471046030521393	0.6223552227020264	0.37764476239681244
901646530922328064	A few showers from Harvey will be possible mid-late week in N GA. I'll have the latest on Harvey at 6AM	data_image/hurricane_harvey/27_8_2017/901646530922328064_0.jpg	informative	not_informative	False	0.6222042292356491	0.24440848082304	0.3777957484126091	0.6222042292356491
923204252566036480	"Lawmakers ask Betsy DeVos to provide ""immediate"" relief to Puerto Rico's schools."	data_image/hurricane_maria/25_10_2017/923204252566036480_0.jpg	not_informative	informative	False	0.6220020949840546	0.24400419369339943	0.6220020949840546	0.37799790129065514
905762187796414464	My thanks go out 2 Hananya, & the Israeli relief team for helping out!	data_image/hurricane_harvey/7_9_2017/905762187796414464_1.jpg	informative	not_informative	False	0.6216230094432831	0.24324600212275982	0.37837700732052326	0.6216230094432831
904357071688278017	We love you! We are praying for you! UnitedWeStand HurricaneHarvey SundayMorning	data_image/hurricane_harvey/3_9_2017/904357071688278017_0.jpg	not_informative	informative	False	0.621461495757103	0.24292299523949623	0.621461495757103	0.37853850051760674
907591489634672642	Will Harvey And Irma Affect Attitudes On Climate? Probably Not.	data_image/hurricane_harvey/12_9_2017/907591489634672642_0.jpg	not_informative	informative	False	0.6214115172624588	0.2428230494260788	0.6214115172624588	0.37858846783638
909395132176306176	Another look at JEA- expecting an update at 9am after Irma	data_image/hurricane_irma/17_9_2017/909395132176306176_0.jpg	informative	not_informative	False	0.6208213865756989	0.2416427731513977	0.37917861342430115	0.6208213865756989
873542650674020352	It is the time they need us the most. srilanka flooding savethemall	data_image/srilanka_floods/10_6_2017/873542650674020352_0.jpg	not_informative	informative	False	0.6207513511180878	0.24150268733501434	0.6207513511180878	0.3792486637830734
909402859011235845	6 scenes of SENTINEL ingested to HDDS for event 201709_Hurricane_Irma Irma Hurricane	data_image/hurricane_irma/17_9_2017/909402859011235845_0.jpg	not_informative	informative	False	0.620346263051033	0.2406925237737596	0.620346263051033	0.3796537392772734
910670238869368832	Stick around for the surreal photos from old L.A. quakes.	data_image/mexico_earthquake/21_9_2017/910670238869368832_0.jpg	not_informative	informative	False	0.6203265190124512	0.24065303802490234	0.6203265190124512	0.37967348098754883
9,23338E+17	Wildfires Leave California Vulnerable to Flooding,Mudslides	data_image/california_wildfires/25_10_2017/923337635468382208_0.jpg	not_informative	informative	False	0.6201387345790863	0.2402774691581726	0.6201387345790863	0.3798612654209137
906927853471715329	a boarded window surprisingly makes a great canvas irma	data_image/hurricane_irma/10_9_2017/906927853471715329_2.jpg	informative	not_informative	False	0.6200617402791977	0.24012343771755695	0.37993830256164074	0.6200617402791977
9,19889E+17	Fire in California continues to blaze but firefighters gainground	data_image/california_wildfires/16_10_2017/919888686707175424_0.jpg	informative	not_informative	False	0.6197705864906311	0.2395411878824234	0.3802293986082077	0.6197705864906311
927891160420503552	Up from the ashes, a chance to build a functioning power grid for Puerto Rico	data_image/hurricane_maria/7_11_2017/927891160420503552_0.jpg	not_informative	informative	False	0.6197161823511124	0.23943235725164413	0.6197161823511124	0.38028382509946823
906786772377636865	Breaking Tornado warning for Lantana Rd south to Boca Raton. BeSafe	data_image/hurricane_harvey/10_9_2017/906786772377636865_0.jpg	informative	not_informative	False	0.6195914298295975	0.23918286710977554	0.38040856271982193	0.6195914298295975
9,19641E+17	Homeowners cry as they return after fire USNews USRC	data_image/california_wildfires/15_10_2017/919641467206774784_0.jpg	informative	not_informative	False	0.619555875658989	0.2391117662191391	0.38044410943984985	0.619555875658989
909721081027678208	As recovery continues from Hurricanes Irma & Harvey, Wolters Kluwer will be donating $70,000 total to .	data_image/hurricane_irma/18_9_2017/909721081027678208_0.jpg	informative	not_informative	False	0.6191907599568367	0.23838152131065726	0.38080923864617944	0.6191907599568367
907026660926648325	St. Augustine may be tornado warned soon HurricaneIrma	data_image/hurricane_harvey/10_9_2017/907026660926648325_0.jpg	informative	not_informative	False	0.61912402510643	0.2382480502128601	0.38087597489356995	0.61912402510643
904727847629189122	As Harvey affects New Orleans, stay up to date here:	data_image/hurricane_harvey/4_9_2017/904727847629189122_0.jpg	informative	not_informative	False	0.619073286652565	0.238146610558033	0.380926676094532	0.619073286652565
9,19716E+17	California wildfire north of Yosemite today.	data_image/california_wildfires/16_10_2017/919715738104995840_1.jpg	informative	not_informative	False	0.6184388399124146	0.2368776500225067	0.38156118988990784	0.6184388399124146
909698230836850688	Baby Born as a Giant Tornado Bears Down onHospital	data_image/hurricane_harvey/18_9_2017/909698230836850688_0.jpg	informative	not_informative	False	0.6184227466583252	0.23684553802013397	0.3815772086381912	0.6184227466583252
905691655839379456	Winds decrease slightly as Hurricane Irma's eye northeast of Dominican Republic - winkne	data_image/hurricane_irma/7_9_2017/905691655839379456_0.jpg	informative	not_informative	False	0.6181218773126602	0.23624370992183685	0.38187816739082336	0.6181218773126602
901734547422724096	Per WH, photo of Trump teleconferencing on Hurricane Harvey response efforts	data_image/hurricane_harvey/27_8_2017/901734547422724096_0.jpg	not_informative	informative	False	0.6180922985076904	0.23618458583950996	0.6180922985076904	0.38190771266818047
911691649734017024	Deadly Earthquake Could Cost Mexico US $10 Billion, One Percent of Its GDP	data_image/mexico_earthquake/23_9_2017/911691649734017024_0.jpg	not_informative	informative	False	0.6179465502500534	0.2358931042253971	0.6179465502500534	0.3820534460246563
923548961486581760	Stuff just coming in every day thank you Fifth District folks I know the people of Puerto Rico will be grateful.	data_image/hurricane_maria/26_10_2017/923548961486581760_0.jpg	informative	not_informative	False	0.6174645274877548	0.23492904007434845	0.38253548741340637	0.6174645274877548
909819357982687232	1-2-1: ACV's Montagnese talks Irma, AirCanada's response, and client contact info	data_image/hurricane_irma/18_9_2017/909819357982687232_0.jpg	not_informative	informative	False	0.6173634082078934	0.23472681641578674	0.6173634082078934	0.38263659179210663
910557802531241984	Thoughts on pull quote on home page link to Mexico City earthquake?	data_image/mexico_earthquake/20_9_2017/910557802531241984_0.jpg	informative	not_informative	False	0.6172770261764526	0.23455405235290527	0.38272297382354736	0.6172770261764526
904620246270705664	Commentary of the week: Gulf Coast Takes A Hit From Harvey oilandgas gulf texas	data_image/hurricane_harvey/4_9_2017/904620246270705664_0.jpg	not_informative	informative	False	0.6169401854276657	0.23388036340475082	0.6169401854276657	0.3830598220229149
909482708027498496	Right Angle 'Cane Irma; Further Hard Proof of Weather War Terrorism Cuba...	data_image/hurricane_irma/17_9_2017/909482708027498496_0.jpg	informative	not_informative	False	0.6168194711208344	0.2336389571428299	0.38318051397800446	0.6168194711208344
872235889820291072	Accumulating hail in Cleveland, NM [Mora Co.]...Courtesy: Geri Roper nmwx	data_image/srilanka_floods/6_6_2017/872235889820291072_0.jpg	not_informative	informative	False	0.6167300045490265	0.23346003144979477	0.6167300045490265	0.3832699730992317
913188246104035330	Divided by water, together by culture! CaribbeanStrong Dominica HurricaneMaria	data_image/hurricane_maria/27_9_2017/913188246104035330_0.jpg	not_informative	informative	False	0.616603672504425	0.23320735059678555	0.616603672504425	0.3833963219076395
9,22364E+17	Elevated fire risk along Colorado River on Monday. Wildfire risk critical in southern California. azfamily	data_image/california_wildfires/23_10_2017/922364016952930304_0.jpg	informative	not_informative	False	0.6160604357719421	0.23212088644504547	0.38393954932689667	0.6160604357719421
909690631194398720	DUMP TRUCK - FEMA CONTRACT HURRICANE IRMA King's Highway Transportation, LLC Location :...	data_image/hurricane_irma/18_9_2017/909690631194398720_0.jpg	not_informative	informative	False	0.6160256564617157	0.2320513091981411	0.6160256564617157	0.3839743472635746
911934793427963905	New New : Hurricane Maria: Puerto Rico officials describe 'apocalyptic' conditions -	data_image/hurricane_maria/24_9_2017/911934793427963905_0.jpg	not_informative	informative	False	0.6157850027084351	0.23156996071338654	0.6157850027084351	0.3842150419950485
909905730492395525	Farm Share brings 1 million pounds of food to Irma victims across Florida FlaPol	data_image/hurricane_irma/18_9_2017/909905730492395525_0.jpg	informative	not_informative	False	0.6157325059175491	0.23146496713161469	0.38426753878593445	0.6157325059175491
909808555250868225	Blog Post: Why Caribbean Islands Went Brown And How Long Will They Stay That Way? Irma N	data_image/hurricane_irma/18_9_2017/909808555250868225_0.jpg	informative	not_informative	False	0.615689754486084	0.2313794642686844	0.3843102902173996	0.615689754486084
904874425224503297	Updated link: Lost and found for Harvey victims. Please share!	data_image/hurricane_harvey/5_9_2017/904874425224503297_0.jpg	not_informative	informative	False	0.6147529184818268	0.22950579226016998	0.6147529184818268	0.3852471262216568
910225455927701505	SPC is probably going to post a tornado watch for the area shown.	data_image/hurricane_harvey/19_9_2017/910225455927701505_0.jpg	informative	not_informative	False	0.6146371066570282	0.2292741984128952	0.385362908244133	0.6146371066570282
906661514903306240	TORNADO WARNING IN MY AREA HOLY FUCK	data_image/hurricane_harvey/9_9_2017/906661514903306240_0.jpg	informative	not_informative	False	0.6145980209112167	0.22919600643217564	0.3854020144790411	0.6145980209112167
9,17827E+17	GoFundMe: How to Immediately Help Those Impacted by the California Wildfires webdesign	data_image/california_wildfires/10_10_2017/917827226372132864_0.jpg	not_informative	informative	False	0.6144208610057831	0.22884172946214676	0.6144208610057831	0.3855791315436363
9,19565E+17	EarthChanges California wildfires visible from outer space - Bemidji Pioneer via hng news	data_image/california_wildfires/15_10_2017/919564784537804800_0.jpg	not_informative	informative	False	0.6140361130237579	0.22807224094867706	0.6140361130237579	0.38596387207508087
912298354956259334	Check out my video on - Impressive drone footage from Mexicos Earthquake	data_image/mexico_earthquake/25_9_2017/912298354956259334_0.jpg	not_informative	informative	False	0.6139536201953888	0.22790725529193878	0.6139536201953888	0.38604636490345
905625285214617600	8Hurricane Irma: a useful checklist8 PLEASE SPREAD & KEEP SAFE	data_image/hurricane_irma/7_9_2017/905625285214617600_1.jpg	informative	not_informative	False	0.6139266788959503	0.22785337269306183	0.3860733062028885	0.6139266788959503
905479545121382401	In Harvey's wake, energy security legislation needed now more than ever	data_image/hurricane_harvey/6_9_2017/905479545121382401_0.jpg	not_informative	informative	False	0.6139097362756729	0.22781945765018463	0.6139097362756729	0.3860902786254883
913430664560693275	Maria has once again weakened into a tropical storm -	data_image/hurricane_maria/28_9_2017/913430664560693275_0.jpg	informative	not_informative	False	0.6137090027332306	0.22741802036762238	0.3862909823656082	0.6137090027332306
913584048496295937	Mexico: We are the Crack, They are the Collapse mexicoearthquake SismosMexico2017	data_image/mexico_earthquake/29_9_2017/913584048496295937_0.jpg	not_informative	informative	False	0.6131049245595932	0.22620985470712185	0.6131049245595932	0.38689506985247135
921803413897216002	Volunteering & dropping donations at Puerto Rico Rises with my own family & fam BuggbyDesign	data_image/hurricane_maria/21_10_2017/921803413897216002_1.jpg	informative	not_informative	False	0.6130551695823669	0.2261103391647339	0.38694483041763306	0.6130551695823669
930177317070131201	Iraq: Relief International Assisting Earthquake-Affected Communities humanitarian newzealand auckland	data_image/iraq_iran_earthquake/13_11_2017/930177317070131201_0.jpg	not_informative	informative	False	0.6130288690328598	0.2260577380657196	0.6130288690328598	0.3869711309671402
870990463238406144	Chinese cargo plane delivers relief to flood-hit SriLanka .	data_image/srilanka_floods/3_6_2017/870990463238406144_1.jpg	informative	not_informative	False	0.6128021776676178	0.2256043553352356	0.3871978223323822	0.6128021776676178
909917880120168448	To all Cubans... stay strong comrades irma	data_image/hurricane_irma/18_9_2017/909917880120168448_0.jpg	informative	not_informative	False	0.6125925928354263	0.22518517822027206	0.38740741461515427	0.6125925928354263
9,20106E+17	This gives you a rundown on the different Wildfires burning in California	data_image/california_wildfires/17_10_2017/920106209608458240_0.jpg	not_informative	informative	False	0.612559586763382	0.22511915862560272	0.612559586763382	0.38744042813777924
9,23166E+17	Scars Wine Country Wildfires Spotted Space (Photo:	data_image/california_wildfires/25_10_2017/923166159041695744_0.jpg	not_informative	informative	False	0.6123767644166946	0.22475355863571167	0.6123767644166946	0.38762320578098297
901646559384829953	Harvey destroyed Dairy Treet. I'm officially pissed2	data_image/hurricane_harvey/27_8_2017/901646559384829953_0.jpg	informative	not_informative	False	0.6116225272417068	0.22324509173631668	0.38837743550539017	0.6116225272417068
907729188559495168	Love to those affected my Irma and Harvey, especially to our 30+ chapters affects love HerCampus hope	data_image/hurricane_harvey/12_9_2017/907729188559495168_0.jpg	not_informative	informative	False	0.6116075962781906	0.22321515530347824	0.6116075962781906	0.38839244097471237
906207246174101505	What happens to prison inmates when natural disaster strikes? .	data_image/hurricane_harvey/8_9_2017/906207246174101505_0.jpg	informative	not_informative	False	0.6114726662635803	0.22294534742832184	0.3885273188352585	0.6114726662635803
911950273312022529	Praying for everyone's safety in Mexico Earthquake . Hope you & near ones are safe.	data_image/mexico_earthquake/24_9_2017/911950273312022529_0.jpg	not_informative	informative	False	0.6112364232540131	0.22247286140918732	0.6112364232540131	0.38876356184482574
909882509063725056	Donated supplies for Irma victims sent off from Mosquito Lake on truck	data_image/hurricane_irma/18_9_2017/909882509063725056_0.jpg	informative	not_informative	False	0.6111042499542236	0.22220851480960846	0.3888957351446152	0.6111042499542236
927351359636103168	Life after Maria: 'Teachers going to save the day'	data_image/hurricane_maria/6_11_2017/927351359636103168_0.jpg	not_informative	informative	False	0.6108687222003937	0.22173746675252914	0.6108687222003937	0.38913125544786453
9,19974E+17	Stunning maps and images from the	data_image/california_wildfires/16_10_2017/919974245106626561_2.jpg	informative	not_informative	False	0.6106622293591499	0.22132450621575117	0.38933772314339876	0.6106622293591499
930497460270698496	Deepest condolences to families of people were killed in Iran Iraq Earthquake. CyrusBalarak	data_image/iraq_iran_earthquake/14_11_2017/930497460270698496_0.jpg	not_informative	informative	False	0.6101135164499283	0.22022704780101776	0.6101135164499283	0.3898864686489105
901663058388504576	Flooding in Houston. North Braeswood @ Mullins. Almost 30 inches height. Harvey	data_image/hurricane_harvey/27_8_2017/901663058388504576_0.jpg	informative	not_informative	False	0.6097457706928253	0.21949154138565063	0.3902542293071747	0.6097457706928253
912437923940839425	HurricaneMaria expected to have low impact on Beaufort County	data_image/hurricane_maria/25_9_2017/912437923940839425_0.jpg	informative	not_informative	False	0.6094836890697479	0.21896734833717346	0.39051634073257446	0.6094836890697479
905822484435521536	Women's health clinic will offer free abortions for Hurricane Harvey survivors	data_image/hurricane_harvey/7_9_2017/905822484435521536_0.jpg	informative	not_informative	False	0.6092762500047684	0.21855248510837555	0.3907237648963928	0.6092762500047684
923652761799024640	Repowering Puerto Rico with Solar a Worthwhile Goal, But Harder Than It Sounds	data_image/hurricane_maria/26_10_2017/923652761799024640_0.jpg	not_informative	informative	False	0.609166145324707	0.21833229064941406	0.609166145324707	0.39083385467529297
910537712335237120	"MyMusicGrind ""Mexico City Earthquake: Beyonc, Nicki Minaj & More Share Prayers"	data_image/mexico_earthquake/20_9_2017/910537712335237120_0.jpg	not_informative	informative	False	0.6090796738862991	0.21815933659672737	0.6090796738862991	0.39092033728957176
921821681018200064	We are Indivisible. 100% of profits benefit aid for Puerto Rico.	data_image/hurricane_maria/21_10_2017/921821681018200064_0.jpg	informative	not_informative	False	0.6089451760053635	0.2178903967142105	0.39105477929115295	0.6089451760053635
9,20168E+17	California Fires Leave 32 Dead, a Vast Landscape Charred, and a Sky Full of Soot	data_image/california_wildfires/17_10_2017/920167628303491073_0.jpg	informative	not_informative	False	0.6087341010570526	0.21746820211410522	0.3912658989429474	0.6087341010570526
874286391374565376	Juan Francisco Mora shows a well-controlled anaerobic co-digester at ICA2017	data_image/srilanka_floods/12_6_2017/874286391374565376_0.jpg	not_informative	informative	False	0.6086147129535675	0.21722941100597382	0.6086147129535675	0.3913853019475937
905105305226248193	Harvey: climate change is not real Irma: Hold my beer	data_image/hurricane_harvey/5_9_2017/905105305226248193_0.jpg	informative	not_informative	False	0.6081955432891846	0.21639114245772362	0.39180440083146095	0.6081955432891846
9,21045E+17	Thanks to our employees who donated supplies for the victims of California wildfires. generosity.	data_image/california_wildfires/19_10_2017/921044916158869505_0.jpg	informative	not_informative	False	0.6081598252058029	0.21631967276334763	0.3918401524424553	0.6081598252058029
909790655659966469	Georgia: Thomas County How Did Crops Fare Following Irma?	data_image/hurricane_irma/18_9_2017/909790655659966469_0.jpg	not_informative	informative	False	0.6078137308359146	0.21562747657299042	0.6078137308359146	0.3921862542629242
9,17955E+17	When the entire state of California is on fire	data_image/california_wildfires/11_10_2017/917954508231184385_0.jpg	informative	not_informative	False	0.607717901468277	0.21543582994490862	0.39228207152336836	0.607717901468277
9,20394E+17	USA California - Wildfire Near The Geysers Geothermal Field Being Contained	data_image/california_wildfires/17_10_2017/920394039509204992_0.jpg	not_informative	informative	False	0.6077090203762054	0.2154180333018303	0.6077090203762054	0.39229098707437515
921578610624000004	my dad collected so much stuff for puerto rico	data_image/hurricane_maria/21_10_2017/921578610624000004_0.jpg	informative	not_informative	False	0.607343390583992	0.21468674391508102	0.392656646668911	0.607343390583992
921315114355167232	Mark Zuckerberg apologizes for that awkward VR tour of Puerto Rico	data_image/hurricane_maria/20_10_2017/921315114355167232_0.jpg	not_informative	informative	False	0.607045978307724	0.2140919417142868	0.607045978307724	0.3929540365934372
922233857184645120	Gives us hope: Donations for Puerto Rico collected during weekend Latino festival:	data_image/hurricane_maria/22_10_2017/922233857184645120_0.jpg	informative	not_informative	False	0.6070383191108704	0.2140766605734825	0.39296165853738785	0.6070383191108704
909714435920494594	All eyes on Maria as it heads over simliar islands that got hit with Irma. Sending Fto them, as we watch it closely	data_image/hurricane_irma/18_9_2017/909714435920494594_1.jpg	informative	not_informative	False	0.6069811582565308	0.2139623463153839	0.39301881194114685	0.6069811582565308
9,20475E+17	Engineered drought causing wildfires	data_image/california_wildfires/18_10_2017/920474622205628416_1.jpg	informative	not_informative	False	0.606807678937912	0.2136153131723404	0.3931923657655716	0.606807678937912
909380267999207424	Click HERE Finance Politics Business Three storms raging in Atlantic -- with one aimi	data_image/hurricane_irma/17_9_2017/909380267999207424_0.jpg	informative	not_informative	False	0.6067389845848083	0.2134779877960682	0.39326099678874016	0.6067389845848083
927986923355832320	SCDOC Director Bryan Sterling says will recruit corrections officers in Puerto Rico	data_image/hurricane_maria/7_11_2017/927986923355832320_0.jpg	not_informative	informative	False	0.6065983474254608	0.21319666504859924	0.6065983474254608	0.3934016823768616
911846702558138368	Volunteers filling semi trailer for Mexico earthquake relief	data_image/mexico_earthquake/24_9_2017/911846702558138368_0.jpg	not_informative	informative	False	0.6064287945628166	0.21285756910219789	0.6064287945628166	0.39357122546061873
908660710409953281	Fewer Denialists: The Tiny Silver Lining of Irma &Harvey	data_image/hurricane_harvey/15_9_2017/908660710409953281_0.jpg	informative	not_informative	False	0.6061718836426735	0.2123437561094761	0.3938281275331974	0.6061718836426735
904499065672622080	Harvey HoustonStrong Watch Gulf: 20% chance tropical development next 5 days, would likely move toward TX.	data_image/hurricane_harvey/4_9_2017/904499065672622080_1.jpg	informative	not_informative	False	0.6059307307004929	0.2118614837527275	0.39406924694776535	0.6059307307004929
922461855695757313	Getting another box of shirts ready to send to 4-H'ers in Puerto Rico. Come on Kentucky 4-H let's lend a hand!	data_image/hurricane_maria/23_10_2017/922461855695757313_0.jpg	informative	not_informative	False	0.6057679653167725	0.21153594553470612	0.39423201978206635	0.6057679653167725
905716323757547521	Gospel Singer Performs for Harvey Evacuees in Conroe	data_image/hurricane_harvey/7_9_2017/905716323757547521_0.jpg	not_informative	informative	False	0.6052892953157425	0.21057857386767864	0.6052892953157425	0.39471072144806385
927982073717157891	Our own Rebecca NewmanExcited to help in service project. Filling backpacks for Puerto Rico! DF17 HLS	data_image/hurricane_maria/7_11_2017/927982073717157891_1.jpg	informative	not_informative	False	0.605116993188858	0.21023398637771606	0.39488300681114197	0.605116993188858
910790915840774144	Gears Pro Circuit Delays Mexico City Event, Donates to Earthquake Relief Effort	data_image/mexico_earthquake/21_9_2017/910790915840774144_0.jpg	not_informative	informative	False	0.6041054874658585	0.20821093022823334	0.6041054874658585	0.3958945572376251
916352353741271043	"""I Wanna Get Out Of Here."" Vet Has Gut-Wrenching Reunion With Family In PuertoRico"	data_image/hurricane_maria/6_10_2017/916352353741271043_0.jpg	not_informative	informative	False	0.6037151217460632	0.20743020623922348	0.6037151217460632	0.39628491550683975
913037674260439040	Hurricane Maria may offer a preview of climate-fueled migration in America	data_image/hurricane_maria/27_9_2017/913037674260439040_0.jpg	not_informative	informative	False	0.6032295227050781	0.20645906031131744	0.6032295227050781	0.3967704623937607
904362164588208132	Sen. Blunt Says Harvey 'Another Reason to Keep the Government Open'	data_image/hurricane_harvey/3_9_2017/904362164588208132_0.jpg	not_informative	informative	False	0.603110283613205	0.20622055232524872	0.603110283613205	0.39688973128795624
909715026872762368	trees that fell near my apartment complex due to hurricane Irma!	data_image/hurricane_irma/18_9_2017/909715026872762368_0.jpg	informative	not_informative	False	0.6030806079506874	0.206161224283278	0.3969193836674094	0.6030806079506874
910563899539378178	Dear international friends. Here's a way to aid Mexico after the earthquake. Please Retweet!	data_image/mexico_earthquake/20_9_2017/910563899539378178_0.jpg	not_informative	informative	False	0.6030670404434204	0.20613403618335724	0.6030670404434204	0.39693300426006317
923089275029094401	Puerto Rico and Whitefish Defend $300 Million Power Grid Restoration Contract - Fortune	data_image/hurricane_maria/25_10_2017/923089275029094401_0.jpg	not_informative	informative	False	0.6030376255512238	0.2060752511024475	0.6030376255512238	0.39696237444877625
905685213157629952	Passengers from Florida land in NH as Hurricane Irma approaches	data_image/hurricane_irma/7_9_2017/905685213157629952_0.jpg	informative	not_informative	False	0.602683961391449	0.20536789298057556	0.3973160684108734	0.602683961391449
905850848726667268	This Newborn Photo Shoot Celebrates Hurricane Harvey Rescue	data_image/hurricane_harvey/7_9_2017/905850848726667268_0.jpg	informative	not_informative	False	0.6025653928518295	0.20513081923127174	0.3974345736205578	0.6025653928518295
923450527224139777	Many great experiences helping people in Yauco, Puerto Rico!!!	data_image/hurricane_maria/26_10_2017/923450527224139777_1.jpg	informative	not_informative	False	0.6021558344364166	0.20431164652109146	0.39784418791532516	0.6021558344364166
911908638306045952	Another one earthquake. Hope everyone is okay in Mexico 2D Stay safe ! Fuerza mexico 2D	data_image/mexico_earthquake/24_9_2017/911908638306045952_0.jpg	not_informative	informative	False	0.601491779088974	0.20298358798027039	0.601491779088974	0.3985081911087036
913795933799817216	Mexican rescue dog Frida became symbol of earthquake hope..	data_image/mexico_earthquake/29_9_2017/913795933799817216_0.jpg	not_informative	informative	False	0.6014795005321503	0.20295901969075203	0.6014795005321503	0.39852048084139824
913751945554296832	Celtic FC Foundation donate 10,000 after Mexico's earthquake Hailhail	data_image/mexico_earthquake/29_9_2017/913751945554296832_0.jpg	informative	not_informative	False	0.6012663841247559	0.20253274589776993	0.39873363822698593	0.6012663841247559
910802569500483584	Fort Lauderdale News Search Reviews (Tracking Hurricane Maria 9/21) Fort Lauderdale News -	data_image/hurricane_maria/21_9_2017/910802569500483584_0.jpg	informative	not_informative	False	0.6012649610638618	0.20252991188317537	0.3987350491806865	0.6012649610638618
911962817498107904	Good news! 12z Tropical Models keep HurricaneMaria off NC coast	data_image/hurricane_maria/24_9_2017/911962817498107904_0.jpg	informative	not_informative	False	0.6012170165777206	0.20243403315544128	0.39878298342227936	0.6012170165777206
9,22164E+17	Red Flag Warnings today, October 22, in California, Nebraska, Kansas, and Colorado. Wildfires	data_image/california_wildfires/22_10_2017/922164120744493056_0.jpg	not_informative	informative	False	0.6010126322507858	0.20202524960041046	0.6010126322507858	0.39898738265037537
923580417038536704	Recently deployed team members share their stories from Texas, Florida, Puerto Rico. Are all humble & kind!	data_image/hurricane_maria/26_10_2017/923580417038536704_0.jpg	not_informative	informative	False	0.6009281724691391	0.2018563598394394	0.6009281724691391	0.3990718126296997
927544875184214016	Officials disagree on Puerto Rico outage restoration timeline	data_image/hurricane_maria/6_11_2017/927544875184214016_0.jpg	not_informative	informative	False	0.6008424907922745	0.20168499648571014	0.6008424907922745	0.39915749430656433
906832179036073984	The cone of uncertain continues to shift WEST putting ATL on E side of Irma meaning greater tornado threat gawx	data_image/hurricane_harvey/10_9_2017/906832179036073984_0.jpg	informative	not_informative	False	0.6006575673818588	0.20131514966487885	0.39934241771698	0.6006575673818588
911720281126981637	Latest forecast track for Hurricane Maria tends to keep New England safe...fingers crossed.	data_image/hurricane_maria/23_9_2017/911720281126981637_0.jpg	informative	not_informative	False	0.6006210446357727	0.201242096722126	0.3993789479136467	0.6006210446357727
870803535956287489	Never judge a book by its cover FF FloodSL FloodRelief SriLanka	data_image/srilanka_floods/3_6_2017/870803535956287489_1.jpg	not_informative	informative	False	0.6004319190979004	0.20086386799812317	0.6004319190979004	0.3995680510997772
909925715453325312	difference Trajectory to compare ( comparison ) Irma Jose and Maria	data_image/hurricane_irma/18_9_2017/909925715453325312_0.jpg	informative	not_informative	False	0.600037157535553	0.2000743541866541	0.3999628033488989	0.600037157535553
9,17794E+17	Henry Cejudo suffers burns, loses gold medal in California wildfire	data_image/california_wildfires/10_10_2017/917794024173563904_0.jpg	informative	not_informative	False	0.5999870449304581	0.19997410476207733	0.40001294016838074	0.5999870449304581
908206404317704192	Are Harvey and Irma good enough reasons to dump McDonald's stock? via	data_image/hurricane_harvey/14_9_2017/908206404317704192_0.jpg	not_informative	informative	False	0.5983361601829529	0.19667237997055054	0.5983361601829529	0.40166378021240234
910615577915310081	Mexico City Earthquake Should Raise Questions About Building Safety	data_image/mexico_earthquake/20_9_2017/910615577915310081_0.jpg	not_informative	informative	False	0.5981174260377884	0.19623483903706074	0.5981174260377884	0.40188258700072765
9,1783E+17	Our hearts are with all those affected by the devastating wildfires in our home state of California.	data_image/california_wildfires/10_10_2017/917829763812618240_0.jpg	not_informative	informative	False	0.5980936288833618	0.19618724286556244	0.5980936288833618	0.4019063860177994
913530736233328642	The Thursday 5pm advisories for Maria & Lee. Lee is now a category 1 hurricane. SpectrumNews ncwx Maria Lee	data_image/hurricane_maria/28_9_2017/913530736233328642_0.jpg	informative	not_informative	False	0.5980616807937622	0.19612333178520203	0.4019383490085602	0.5980616807937622
906257689742901248	Donate. Have a beer. This sounds good to me! reliefbeers Harvey	data_image/hurricane_harvey/8_9_2017/906257689742901248_0.jpg	not_informative	informative	False	0.5979816913604736	0.19596340507268906	0.5979816913604736	0.4020182862877846
922655361223421952	Picture my husband took of him and his team getting on a C-130 out of Puerto Rico to Florida.	data_image/hurricane_maria/24_10_2017/922655361223421952_0.jpg	not_informative	informative	False	0.5979368537664413	0.19587372243404388	0.5979368537664413	0.40206313133239746
908128265830887424	Recap of 2017 storm season- 21 chases 7 shelf clouds 1 tornado 2 hail cores punched 0 regrets. Bring it on 2018!	data_image/hurricane_harvey/14_9_2017/908128265830887424_1.jpg	informative	not_informative	False	0.5977798998355865	0.1955597698688507	0.40222012996673584	0.5977798998355865
908128265830887424	Recap of 2017 storm season- 21 chases 7 shelf clouds 1 tornado 2 hail cores punched 0 regrets. Bring it on 2018!	data_image/hurricane_harvey/14_9_2017/908128265830887424_0.jpg	informative	not_informative	False	0.597579836845398	0.1951596587896347	0.40242017805576324	0.597579836845398
908583093300350976	Glenn 'Hurricane' Schwartz's Blog: Irma, Harvey & Climate Change NBC 10Philadelphia	data_image/hurricane_harvey/15_9_2017/908583093300350976_0.jpg	informative	not_informative	False	0.5975447595119476	0.19508951902389526	0.40245524048805237	0.5975447595119476
907393952504061954	Thank you to everyone who donated this past week. I am proud to teach at such a giving school. HurricaneHarvey	data_image/hurricane_harvey/12_9_2017/907393952504061954_1.jpg	informative	not_informative	False	0.5972016751766205	0.19440333545207977	0.4027983397245407	0.5972016751766205
9,18091E+17	U.S. House panel approves $36.5 billion for hurricane, wildfire relief	data_image/california_wildfires/11_10_2017/918091371096846338_0.jpg	not_informative	informative	False	0.5966724902391434	0.19334494695067406	0.5966724902391434	0.4033275432884693
9,20333E+17	Comparing notes from difficult 2017 wildfire seasons in Canada, USA, Mexico NAFC	data_image/california_wildfires/17_10_2017/920332513914032129_0.jpg	not_informative	informative	False	0.5958292484283447	0.19165845960378647	0.5958292484283447	0.40417078882455826
905036678913392645	Woman donates 30 litres of breast milk to Texas flood victims	data_image/hurricane_harvey/5_9_2017/905036678913392645_0.jpg	informative	not_informative	False	0.5958217084407806	0.1916433833539486	0.40417832508683205	0.5958217084407806
914532332517834753	It's working! It's working! puertorico hurricanemaria 57	data_image/hurricane_maria/1_10_2017/914532332517834753_0.jpg	not_informative	informative	False	0.5956168919801712	0.1912337839603424	0.5956168919801712	0.4043831080198288
909431954562519048	This is the cutoff point for buying travel insurance before a storm Irma	data_image/hurricane_irma/17_9_2017/909431954562519048_0.jpg	not_informative	informative	False	0.5954472422599792	0.1908944845199585	0.5954472422599792	0.40455275774002075
910147498873950208	Tree fell from hurricane Irma. OddlySatisfying PicsBae via	data_image/hurricane_irma/19_9_2017/910147498873950208_0.jpg	informative	not_informative	False	0.5953162610530853	0.19063249230384827	0.40468376874923706	0.5953162610530853
901655072131731456	8/26/18 10 pm CDT T.S. Harvey , Torrential Rains Will Continue TXwx	data_image/hurricane_harvey/27_8_2017/901655072131731456_0.jpg	informative	not_informative	False	0.5952007919549942	0.1904016062617302	0.404799185693264	0.5952007919549942
911710158438457344	this graphic feels like a very poor representation of actual Real Life Hurricane Maria	data_image/hurricane_maria/23_9_2017/911710158438457344_0.jpg	informative	not_informative	False	0.5949711203575134	0.18994223326444626	0.40502888709306717	0.5949711203575134
909469956990996480	Irma still over Cuba heading toward open ocean then Florida Keys	data_image/hurricane_irma/17_9_2017/909469956990996480_1.jpg	informative	not_informative	False	0.5947226881980896	0.1894453763961792	0.4052773118019104	0.5947226881980896
9,19698E+17	Disneyland during raging wildfire. California, October 9, 2017. Kennya Boulter via Reuters	data_image/california_wildfires/15_10_2017/919698307655577602_0.jpg	not_informative	informative	False	0.5946958512067795	0.1893916940316558	0.5946958512067795	0.4053041571751237
909940747637608448	Miami, Florida right now. irma	data_image/hurricane_irma/19_9_2017/909940747637608448_0.jpg	informative	not_informative	False	0.5943420827388763	0.1886841505765915	0.40565793216228485	0.5943420827388763
913233168039387136	Hurricane Maria still churning in the Atlantic. She is moving away from us & doesn't look like she'll turn back.	data_image/hurricane_maria/28_9_2017/913233168039387136_0.jpg	informative	not_informative	False	0.5941881239414215	0.18837624788284302	0.4058118760585785	0.5941881239414215
910085248410685440	& donation for hurricane Irma donate here :	data_image/hurricane_irma/19_9_2017/910085248410685440_0.jpg	informative	not_informative	False	0.5940522402524948	0.18810448795557022	0.4059477522969246	0.5940522402524948
905740276878204928	Hurricane Irma is now a killer storm as track targets Florida ' Miami Herald	data_image/hurricane_irma/7_9_2017/905740276878204928_0.jpg	informative	not_informative	False	0.5939087569713593	0.18781748414039612	0.40609127283096313	0.5939087569713593
909388525212073984	Snowbirds Fret After Irma	data_image/hurricane_irma/17_9_2017/909388525212073984_0.jpg	not_informative	informative	False	0.5933521091938019	0.18670423328876495	0.5933521091938019	0.4066478759050369
909715026872762368	trees that fell near my apartment complex due to hurricane Irma!	data_image/hurricane_irma/18_9_2017/909715026872762368_1.jpg	informative	not_informative	False	0.5933407917618752	0.18668157048523426	0.4066592212766409	0.5933407917618752
911712329791885312	Remember our brethren throughout the world tonight!! MexicoEarthquake	data_image/mexico_earthquake/23_9_2017/911712329791885312_0.jpg	not_informative	informative	False	0.5930492207407951	0.18609842844307423	0.5930492207407951	0.4069507922977209
910175402886299648	9/19 - 8pm - Tornado Alley Student Center	data_image/hurricane_harvey/19_9_2017/910175402886299648_0.jpg	not_informative	informative	False	0.5924269258975983	0.18485382199287415	0.5924269258975983	0.4075731039047241
911760863979278336	Click HERE EU News EuropeUnion Mexico hit by a new 6.1-magnitude earthquake	data_image/mexico_earthquake/24_9_2017/911760863979278336_0.jpg	not_informative	informative	False	0.5922242254018784	0.1844484508037567	0.5922242254018784	0.40777577459812164
922388981345603586	Crews haul away remnants of Puerto Rican homes in trash SocialMedia	data_image/hurricane_maria/23_10_2017/922388981345603586_0.jpg	informative	not_informative	False	0.5922128111124039	0.18442557752132416	0.4077872335910797	0.5922128111124039
907311049434640384	These United States shall weather any storm. NeverForget September11 Irma Florida Harvey TexasStrong 911Day	data_image/hurricane_harvey/11_9_2017/907311049434640384_0.jpg	not_informative	informative	False	0.5918420776724815	0.18368415720760822	0.5918420776724815	0.4081579204648733
931191133362905088	Pak top politician expresses sorrow over Iran killer earthquake	data_image/iraq_iran_earthquake/16_11_2017/931191133362905088_0.jpg	not_informative	informative	False	0.5918141379952431	0.18362830393016338	0.5918141379952431	0.4081858340650797
904389536674791424	TODAY: Holbrook Girl Selling Lemonade To Raise Money For Hurricane Harvey Victims	data_image/hurricane_harvey/3_9_2017/904389536674791424_0.jpg	informative	not_informative	False	0.5913900583982468	0.18278010562062263	0.40860995277762413	0.5913900583982468
901666925641654277	Scott Fisher Says: HARVEY UPDATE. Austin Texas Weather.	data_image/hurricane_harvey/27_8_2017/901666925641654277_0.jpg	informative	not_informative	False	0.5913157612085342	0.1826315075159073	0.40868425369262695	0.5913157612085342
910147862733971457	Bonita Springs Residents can call Monarch Builders and Remodelers if you are looking for post-Irma r	data_image/hurricane_irma/19_9_2017/910147862733971457_0.jpg	not_informative	informative	False	0.5911918729543686	0.18238374590873718	0.5911918729543686	0.4088081270456314
909757379620872193	Some New Brunswickers are doing a really great job helping Florida reconstruct from Irma. Power restored to over 6	data_image/hurricane_irma/18_9_2017/909757379620872193_0.jpg	informative	not_informative	False	0.591051310300827	0.18210260570049286	0.40894870460033417	0.591051310300827
912130173541273600	In addition to HurricaneMaria we also have Lee expected to stay at sea.	data_image/hurricane_maria/25_9_2017/912130173541273600_0.jpg	informative	not_informative	False	0.5906942933797836	0.18138857185840607	0.40930572152137756	0.5906942933797836
912997063704576000	"IDF ""Army with a Heart""! AmYisraelChai tks on Instagram Mexico earthquake Israel IDF"	data_image/mexico_earthquake/27_9_2017/912997063704576000_0.jpg	not_informative	informative	False	0.5905455648899078	0.18109112605452538	0.5905455648899078	0.40945443883538246
921406193758695425	How Gov Created and Keeps Creating Impediments to Puerto Rico's Recovery	data_image/hurricane_maria/20_10_2017/921406193758695425_0.jpg	not_informative	informative	False	0.5902994871139526	0.18059897422790527	0.5902994871139526	0.40970051288604736
909800633942888448	HungerActionMonth. Here's what you can do at UCF: -Donate food at . (Especially untouched Hurricane Irm	data_image/hurricane_irma/18_9_2017/909800633942888448_0.jpg	informative	not_informative	False	0.5899555683135986	0.17991115152835846	0.4100444167852402	0.5899555683135986
905714805733855232	"Hurricane irma is like ""Don't worry, if I don't do enough damage, my niggas behind me"""	data_image/hurricane_irma/7_9_2017/905714805733855232_0.jpg	informative	not_informative	False	0.5895946323871613	0.1791892796754837	0.41040535271167755	0.5895946323871613
928681840331894784	LU Send Now team to be dispatched to Puerto Rico | Liberty University	data_image/hurricane_maria/9_11_2017/928681840331894784_0.jpg	not_informative	informative	False	0.5888322591781616	0.17766448855400085	0.5888322591781616	0.41116777062416077
927969834465406981	Puerto Rico board asks Congress for backing in fight with governor	data_image/hurricane_maria/7_11_2017/927969834465406981_0.jpg	not_informative	informative	False	0.5887660980224609	0.17753218114376068	0.5887660980224609	0.41123391687870026
909406602037547008	. helps out area's Irma victims: | | Savannah	data_image/hurricane_irma/17_9_2017/909406602037547008_0.jpg	informative	not_informative	False	0.5887099355459213	0.17741982638835907	0.41129010915756226	0.5887099355459213
921356849584119808	Air Techniques donates to the University of Puerto Rico School of Dental Medicine	data_image/hurricane_maria/20_10_2017/921356849584119808_0.jpg	informative	not_informative	False	0.5886266529560089	0.17725330591201782	0.4113733470439911	0.5886266529560089
912086943776751616	For real. HurricaneIrma HurricaneHarvey fires mexicoearthquake tiger texas Florida	data_image/mexico_earthquake/24_9_2017/912086943776751616_0.jpg	not_informative	informative	False	0.588514119386673	0.17702820897102356	0.588514119386673	0.4114859104156494
901650538433044481	Flooding begins as worst of TS Harvey's moisture moves into Houston	data_image/hurricane_harvey/27_8_2017/901650538433044481_0.jpg	informative	not_informative	False	0.5885132849216461	0.17702654004096985	0.41148674488067627	0.5885132849216461
913749600464379904	HurricaneMaria Now a tropical storm headed for Ireland	data_image/hurricane_maria/29_9_2017/913749600464379904_0.jpg	informative	not_informative	False	0.5884407758712769	0.17688152939081192	0.41155924648046494	0.5884407758712769
909956089789190144	climatechange Irma still a storm effect tonight	data_image/hurricane_irma/19_9_2017/909956089789190144_0.jpg	informative	not_informative	False	0.588339775800705	0.1766795665025711	0.41166020929813385	0.588339775800705
904393064936075264	Watch 'Teaming up for Texas' telethon with Coach Cal and the Cats on from 3:30-6:30 pm	data_image/hurricane_harvey/3_9_2017/904393064936075264_0.jpg	not_informative	informative	False	0.5877364426851273	0.17547286953777075	0.5877364426851273	0.4122635731473565
910525040961118208	news Hurricane Maria Impacting Travel in Caribbean	data_image/hurricane_maria/20_9_2017/910525040961118208_0.jpg	not_informative	informative	False	0.5875097215175629	0.17501948028802872	0.5875097215175629	0.41249024122953415
909718574641614848	damage to soffits, missing soffits, and a blown down fence in my apartme	data_image/hurricane_irma/18_9_2017/909718574641614848_0.jpg	informative	not_informative	False	0.5872123688459396	0.17442472279071808	0.41278764605522156	0.5872123688459396
909416120960069632	After Harvey and Irma, Atlantic keeps brewing up new storms	data_image/hurricane_irma/17_9_2017/909416120960069632_0.jpg	informative	not_informative	False	0.5871312320232391	0.17426244914531708	0.41286878287792206	0.5871312320232391
907123330813235201	We did it! Home in CT roadwarriors TexasAFTproud HurricaneHarvey	data_image/hurricane_harvey/11_9_2017/907123330813235201_0.jpg	not_informative	informative	False	0.5868925452232361	0.17378512769937515	0.5868925452232361	0.41310741752386093
910575854987743233	Beyonc leads prayers for Mexico City following earthquake.	data_image/mexico_earthquake/20_9_2017/910575854987743233_0.jpg	not_informative	informative	False	0.5868359953165054	0.17367201298475266	0.5868359953165054	0.4131639823317528
910030359487746048	While we're watching Maria, 's post-Irma devastation images were uploaded to	data_image/hurricane_irma/19_9_2017/910030359487746048_2.jpg	informative	not_informative	False	0.5868050903081894	0.17361021786928177	0.4131948724389076	0.5868050903081894
929408358767087618	General leading military effort in Puerto Rico explains departure -	data_image/hurricane_maria/11_11_2017/929408358767087618_0.jpg	not_informative	informative	False	0.5867876708507538	0.17357535660266876	0.5867876708507538	0.413212314248085
913537620768038913	Kim Kardashian Is Bringing Awareness To The Need For Earthquake Relief Efforts In Mexico!	data_image/mexico_earthquake/28_9_2017/913537620768038913_0.jpg	not_informative	informative	False	0.5864165127277374	0.17283302545547485	0.5864165127277374	0.4135834872722626
905740031716986880	From - Hurricane watches will likely be issued for parts of FL today. Irma	data_image/hurricane_irma/7_9_2017/905740031716986880_0.jpg	informative	not_informative	False	0.5862979143857956	0.1725958287715912	0.4137020856142044	0.5862979143857956
907010985151680512	When hurricaneirma isn't enough, add a tornado...	data_image/hurricane_harvey/10_9_2017/907010985151680512_0.jpg	informative	not_informative	False	0.585752859711647	0.17150570452213287	0.41424715518951416	0.585752859711647
905826811946221573	Stocking up at for a Houston relief trip this weekend. HurricaneHarvey floodcleanup	data_image/hurricane_harvey/7_9_2017/905826811946221573_0.jpg	not_informative	informative	False	0.5853220373392105	0.17064407467842102	0.5853220373392105	0.4146779626607895
910524470338609153	Mexico earthquake: Praise for those who raced to help others	data_image/mexico_earthquake/20_9_2017/910524470338609153_0.jpg	not_informative	informative	False	0.5844720155000687	0.16894401423633099	0.5844720155000687	0.4155280012637377
905675648601006080	Did AC1715 just fly through Hurricane Irma	data_image/hurricane_irma/7_9_2017/905675648601006080_0.jpg	informative	not_informative	False	0.5843475759029388	0.1686951369047165	0.41565243899822235	0.5843475759029388
9,17827E+17	California is really on fire 5 somthing ain't right 2 Pray4California	data_image/california_wildfires/10_10_2017/917826948625088512_0.jpg	informative	not_informative	False	0.584341324865818	0.16868270561099052	0.4156586192548275	0.584341324865818
905636739758292993	That's Indiana. And that's how large Hurricane Irma is. Oh my.	data_image/hurricane_irma/7_9_2017/905636739758292993_0.jpg	informative	not_informative	False	0.5840556547045708	0.16811127215623856	0.4159443825483322	0.5840556547045708
9,20685E+17	Oct. 17, 6:00 pm PST: Northern California Vintners Assess Wildfire Damage Wine	data_image/california_wildfires/18_10_2017/920685440272699392_0.jpg	not_informative	informative	False	0.5834229290485382	0.16684584692120552	0.5834229290485382	0.4165770821273327
912042097963929600	Mexico earthquake leaves historical churches in countryhit	data_image/mexico_earthquake/24_9_2017/912042097963929600_0.jpg	not_informative	informative	False	0.5832294672727585	0.16645894944667816	0.5832294672727585	0.4167705178260803
931925410224529410	Kurdish children's situation after the earthquake In Iran No tent. No house.	data_image/iraq_iran_earthquake/18_11_2017/931925410224529410_0.jpg	informative	not_informative	False	0.5831161290407181	0.16623231023550034	0.41688381880521774	0.5831161290407181
909787209238241280	Houston lawyer Mostyn talks Harvey, Irma and how new laws could affect storm-related lawsuits.	data_image/hurricane_irma/18_9_2017/909787209238241280_0.jpg	not_informative	informative	False	0.5826902315020561	0.16538046952337027	0.5826902315020561	0.41730976197868586
913783784151093248	Todays weather map from Northwood. Storm systems Lee and Maria also on the map in the mid Atlantic. wefax	data_image/hurricane_maria/29_9_2017/913783784151093248_0.jpg	informative	not_informative	False	0.5824012905359268	0.16480261087417603	0.4175986796617508	0.5824012905359268
910041922756136960	". on Hurricane Irma: ""We saw upwards of a foot of rainfall."""	data_image/hurricane_irma/19_9_2017/910041922756136960_0.jpg	informative	not_informative	False	0.5821448862552643	0.16428976505994797	0.4178551211953163	0.5821448862552643
906641734158954496	Holy crap! Poseidon's trident! HurricaneHarvey	data_image/hurricane_harvey/9_9_2017/906641734158954496_0.jpg	not_informative	informative	False	0.5820110142230988	0.16402199864387512	0.5820110142230988	0.41798901557922363
914587188536516610	This should help crumble your false narrative AHurricaneMaria	data_image/hurricane_maria/1_10_2017/914587188536516610_0.jpg	not_informative	informative	False	0.5818554535508156	0.1637109573930502	0.5818554535508156	0.4181444961577654
910794877788737537	Cell Phone Carriers Waive Fees to Help Earthquake Victims	data_image/mexico_earthquake/21_9_2017/910794877788737537_0.jpg	not_informative	informative	False	0.5816589742898941	0.1633179634809494	0.5816589742898941	0.4183410108089447
906877020134617089	Thank you for your generosity. Supporting families affected by Hurricane Harvey. ccsd93	data_image/hurricane_harvey/10_9_2017/906877020134617089_1.jpg	informative	not_informative	False	0.5814258456230164	0.16285169124603271	0.41857415437698364	0.5814258456230164
923594177631408128	California nurse shames Admin for not doing enough in Puerto Rico	data_image/hurricane_maria/26_10_2017/923594177631408128_0.jpg	not_informative	informative	False	0.5812070965766907	0.16241423785686493	0.5812070965766907	0.41879285871982574
923052305905197057	Montana firm Whitefish Energy hired to rebuild Puerto Rico's power grid Hedging	data_image/hurricane_maria/25_10_2017/923052305905197057_0.jpg	not_informative	informative	False	0.5808495283126831	0.1616990864276886	0.5808495283126831	0.4191504418849945
905967693513281536	wish I had this cake to eat while watching the game!! jnj HurricaneHarvey	data_image/hurricane_harvey/8_9_2017/905967693513281536_0.jpg	not_informative	informative	False	0.5808350443840027	0.16167008876800537	0.5808350443840027	0.4191649556159973
9,17934E+17	THICK SMOKE across Northern California as seen from NASA visible satellite images Monday.CAfires fire	data_image/california_wildfires/11_10_2017/917934130368864256_0.jpg	not_informative	informative	False	0.5805618166923523	0.16112364828586578	0.5805618166923523	0.4194381684064865
910096682301509634	Hoping that Maria, just like Irma, will not touch the Dominican Republic. Fingers crossed!	data_image/hurricane_irma/19_9_2017/910096682301509634_0.jpg	informative	not_informative	False	0.5801681652665138	0.16033633053302765	0.4198318347334862	0.5801681652665138
910751822587056128	Keele's Dr Ian Stimpson has been on this morning speaking about the Mexico earthquake	data_image/mexico_earthquake/21_9_2017/910751822587056128_2.jpg	not_informative	informative	False	0.5801625698804855	0.16032511927187443	0.5801625698804855	0.4198374506086111
914175456525668352	staff helped us pack 480 Water Purification Kits for Mexico earthquake today!	data_image/mexico_earthquake/30_9_2017/914175456525668352_0.jpg	informative	not_informative	False	0.5801434218883514	0.16028684377670288	0.41985657811164856	0.5801434218883514
905412661688619009	hugs for Harvey collection of stuffed animals for children affected byHarvey	data_image/hurricane_harvey/6_9_2017/905412661688619009_0.jpg	informative	not_informative	False	0.5796998143196106	0.15939967334270477	0.4203001409769058	0.5796998143196106
909781251007107072	RVHS remembers! 9/11 remembrance delayed due to Irma.	data_image/hurricane_irma/18_9_2017/909781251007107072_0.jpg	not_informative	informative	False	0.5794034898281097	0.15880701690912247	0.5794034898281097	0.4205964729189873
9,19676E+17	Ways you can help those in Napa and Sonoma now wildfires napavalley california	data_image/california_wildfires/15_10_2017/919676230949003264_0.jpg	informative	not_informative	False	0.5788862705230713	0.15777256339788437	0.4211137071251869	0.5788862705230713
913009738211893248	This is an excellent explainer on what exactly Puerto Rico is dealing with.	data_image/hurricane_maria/27_9_2017/913009738211893248_0.jpg	not_informative	informative	False	0.5787972509860992	0.15759452432394028	0.5787972509860992	0.42120272666215897
904927525993943040	Harvey: babe come over Irma: I can't, South Carolina is dry Harvey: Florida is prone to flooding Irma:	data_image/hurricane_harvey/5_9_2017/904927525993943040_0.jpg	informative	not_informative	False	0.5781280547380447	0.15625610575079918	0.42187194898724556	0.5781280547380447
909915400724516867	The small towns forgotten about that received the first blow of Harvey. Shit is crazy	data_image/hurricane_harvey/18_9_2017/909915400724516867_3.jpg	informative	not_informative	False	0.577718123793602	0.1554362177848816	0.4222819060087204	0.577718123793602
911724634067714048	Earthquake mexico hero dogs dogsonduty superhero	data_image/mexico_earthquake/23_9_2017/911724634067714048_0.jpg	not_informative	informative	False	0.5776101648807526	0.15522032277658582	0.5776101648807526	0.42238984210416675
909394587201998849	PipsHub Breaking: Yes, climate change made Harvey and Irma worse	data_image/hurricane_irma/17_9_2017/909394587201998849_0.jpg	informative	not_informative	False	0.5771661698818207	0.15433236956596375	0.42283380031585693	0.5771661698818207
909751601405054976	Five of 32 First Coast Bank of America branches open post-Irma	data_image/hurricane_irma/18_9_2017/909751601405054976_0.jpg	informative	not_informative	False	0.576920822262764	0.15384162962436676	0.4230791926383972	0.576920822262764
909780742787432452	>60,000 workers, including from , working long hours 2 restore power after Irma. Very tough work, but	data_image/hurricane_irma/18_9_2017/909780742787432452_0.jpg	informative	not_informative	False	0.576870858669281	0.1537417471408844	0.4231291115283966	0.576870858669281
930915994159271937	KingMohammedVI of Morocco Offers Condolences to President of Republic Iran HassanRohani Earthquake	data_image/iraq_iran_earthquake/15_11_2017/930915994159271937_0.jpg	not_informative	informative	False	0.5768611133098602	0.15372220054268837	0.5768611133098602	0.42313891276717186
910524419390369792	Prayers for the millions people affected by the powerful earthquake in Mexico. A2D MexicoFuerte MexicoCity	data_image/mexico_earthquake/20_9_2017/910524419390369792_0.jpg	not_informative	informative	False	0.5767936259508133	0.15358722116798162	0.5767936259508133	0.42320640478283167
908399918297047042	Harvey Relief T-Shirts	data_image/hurricane_harvey/14_9_2017/908399918297047042_0.jpg	not_informative	informative	False	0.576779842376709	0.15355965495109558	0.576779842376709	0.4232201874256134
9,18395E+17	"News via FOXNEWS ""California wildfires make searching for missing tough"""	data_image/california_wildfires/12_10_2017/918394712842735616_0.jpg	informative	not_informative	False	0.5767508000135422	0.15350164473056793	0.42324915528297424	0.5767508000135422
909718574641614848	damage to soffits, missing soffits, and a blown down fence in my apartme	data_image/hurricane_irma/18_9_2017/909718574641614848_3.jpg	informative	not_informative	False	0.5764951854944229	0.15299035608768463	0.4235048294067383	0.5764951854944229
911922450975227905	Very Warm Sunday; Latest On Hurricane Maria	data_image/hurricane_maria/24_9_2017/911922450975227905_0.jpg	informative	not_informative	False	0.5762359350919724	0.1524718776345253	0.42376405745744705	0.5762359350919724
922718887778566144	President Trump says he will travel to storm-ravaged Puerto Rico next Tuesday	data_image/hurricane_maria/24_10_2017/922718887778566144_0.jpg	not_informative	informative	False	0.5762230455875397	0.15244608744978905	0.5762230455875397	0.4237769581377506
928752490975322113	Council exec sees schools in Puerto Rico with U.S. Secretary DeVos and State Secretary Kelleher.	data_image/hurricane_maria/9_11_2017/928752490975322113_0.jpg	not_informative	informative	False	0.5760671198368073	0.1521342694759369	0.5760671198368073	0.42393285036087036
870145906548539392	news summary: cyclone mora brings heavy downpour in rajasthan	data_image/srilanka_floods/1_6_2017/870145906548539392_0.jpg	informative	not_informative	False	0.5758652687072754	0.15173053741455078	0.4241347312927246	0.5758652687072754
910546943457349632	Tropical Jose may be waiting for Hurricane Maria.	data_image/hurricane_maria/20_9_2017/910546943457349632_0.jpg	informative	not_informative	False	0.5756743848323822	0.15134872496128082	0.4243256598711014	0.5756743848323822
909898545494462464	And not one irma model was right. Only one was close but it had her hit Miami and the panhandle.	data_image/hurricane_irma/18_9_2017/909898545494462464_0.jpg	informative	not_informative	False	0.5751764625310898	0.15035291761159897	0.4248235449194908	0.5751764625310898
911693378437500928	HurricaneMaria still Cat3 poses no immediate threat to landfall next few days..	data_image/hurricane_maria/23_9_2017/911693378437500928_3.jpg	informative	not_informative	False	0.5751499682664871	0.15029993653297424	0.4248500317335129	0.5751499682664871
911982031898365952	HURRICANE ALERTS: North Carolina to NYC -- 72 Hours or less to IMPACT!	data_image/hurricane_maria/24_9_2017/911982031898365952_0.jpg	informative	not_informative	False	0.5750102549791336	0.1500205248594284	0.4249897301197052	0.5750102549791336
910682398907617280	moved all their main anchors to Mexico City Earthquake	data_image/mexico_earthquake/21_9_2017/910682398907617280_0.jpg	informative	not_informative	False	0.5749331712722778	0.14986635744571686	0.425066813826561	0.5749331712722778
912184177071620096	THIS IS SHOCKING AND VERY FEARFUL, THIRTEEN YEAR MEXICO EARTHQUAKE PROPHECY By ProphetDrOwuor FULFILLED	data_image/mexico_earthquake/25_9_2017/912184177071620096_0.jpg	not_informative	informative	False	0.5745847672224045	0.14916954189538956	0.5745847672224045	0.4254152253270149
910533259586613248	NOW: on with discussing the path of Hurricane Maria on	data_image/hurricane_maria/20_9_2017/910533259586613248_0.jpg	informative	not_informative	False	0.5741590708494186	0.14831813424825668	0.42584093660116196	0.5741590708494186
906631054303383554	The saddest moment of Harvey cleanup devinereserve Harvey2017 HoustonStrong	data_image/hurricane_harvey/9_9_2017/906631054303383554_0.jpg	not_informative	informative	False	0.5741580054163933	0.14831604179926217	0.5741580054163933	0.4258419636171311
912114747126042624	Just In: the full news release from Hyde Co. on Hurricane Maria preps 7Cmyfox8	data_image/hurricane_maria/25_9_2017/912114747126042624_0.jpg	informative	not_informative	False	0.5737818479537964	0.14756375551223755	0.42621809244155884	0.5737818479537964
910169179021545472	COME TO THE TAKE 5 FOR CHILI COOK-OFF! $3 all proceeds go to Hurricane Harvey & Irma relief!	data_image/hurricane_irma/19_9_2017/910169179021545472_1.jpg	informative	not_informative	False	0.573650673031807	0.1473013311624527	0.42634934186935425	0.573650673031807
912280734932590592	High Surf Advisory: today - tomorrow due to Hurricane Maria tracking up the coast into mid-week, staying offshore	data_image/hurricane_maria/25_9_2017/912280734932590592_0.jpg	informative	not_informative	False	0.5735491812229156	0.1470983773469925	0.42645080387592316	0.5735491812229156
910612603596099586	5 PM new cone for Hurricane Maria, next 5 days	data_image/hurricane_maria/20_9_2017/910612603596099586_0.jpg	informative	not_informative	False	0.5732842981815338	0.14656858891248703	0.4267157092690468	0.5732842981815338
909846206909702144	We are remodeling, since Hurricane Irma flooded our dive center. Guess she thought we needed it remodeled.	data_image/hurricane_irma/18_9_2017/909846206909702144_0.jpg	informative	not_informative	False	0.573275052011013	0.14655015245079994	0.4267248995602131	0.573275052011013
910728280029794304	PLEASE PRAY FOR MEXICO..THE EARTHQUAKE WAS DEVASTATINGFAAAAAAAAAAAF	data_image/mexico_earthquake/21_9_2017/910728280029794304_0.jpg	not_informative	informative	False	0.5728264003992081	0.14565280824899673	0.5728264003992081	0.42717359215021133
909404029398212608	Looks like same track as Irma. 2nd chance to hit Trump estate.	data_image/hurricane_irma/17_9_2017/909404029398212608_0.jpg	informative	not_informative	False	0.5727954134345055	0.14559081941843033	0.42720459401607513	0.5727954134345055
912313467889225728	Connected Cars Detect Mexico Earthquake	data_image/mexico_earthquake/25_9_2017/912313467889225728_0.jpg	not_informative	informative	False	0.5726234465837479	0.1452469266951084	0.5726234465837479	0.42737651988863945
909732418478903297	Elderly vet reunites with officers who rescued her before Irma	data_image/hurricane_irma/18_9_2017/909732418478903297_0.jpg	informative	not_informative	False	0.5725969225168228	0.14519384875893593	0.4274030737578869	0.5725969225168228
907653301822517248	MannKind Corporation on Twitter HurricaneHarvey	data_image/hurricane_harvey/12_9_2017/907653301822517248_0.jpg	not_informative	informative	False	0.572572872042656	0.1451457515358925	0.572572872042656	0.42742712050676346
911679281121566720	Salma Hayek recalls how she survived the 1985 Mexico earthquake	data_image/mexico_earthquake/23_9_2017/911679281121566720_0.jpg	not_informative	informative	False	0.571991354227066	0.1439826786518097	0.571991354227066	0.42800867557525635
901663058388504576	Flooding in Houston. North Braeswood @ Mullins. Almost 30 inches height. Harvey	data_image/hurricane_harvey/27_8_2017/901663058388504576_2.jpg	informative	not_informative	False	0.5715191662311554	0.1430383175611496	0.4284808486700058	0.5715191662311554
909702941044543488	Why the Everglades Might Never Look the Same After Hurricane Irma westcoast Florida	data_image/hurricane_irma/18_9_2017/909702941044543488_0.jpg	informative	not_informative	False	0.5712212175130844	0.14244244992733002	0.4287787675857544	0.5712212175130844
930116035671416833	Earthquake effect Kuwait version TamilansDCAB	data_image/iraq_iran_earthquake/13_11_2017/930116035671416833_1.jpg	not_informative	informative	False	0.5710940510034561	0.14218811690807343	0.5710940510034561	0.4289059340953827
908930940029857792	Guys, NEW ARTICLE OUT NOW666LINK IS IN THE BIO 33DEFAD8. WAS HARVEY AND IRMA REALLY DISASTERS?? foodforthought	data_image/hurricane_harvey/16_9_2017/908930940029857792_0.jpg	informative	not_informative	False	0.5709108263254166	0.14182162284851074	0.4290892034769058	0.5709108263254166
912102963686109184	Maria stays offshore, but a close enough brush to deliver Outer Banks tropical storm wind gusts w/beach erosion.	data_image/hurricane_maria/24_9_2017/912102963686109184_1.jpg	informative	not_informative	False	0.5708128362894058	0.14162567257881165	0.4291871637105942	0.5708128362894058
921734083478089728	Benefit for Puerto Rico in Shorewood	data_image/hurricane_maria/21_10_2017/921734083478089728_0.jpg	not_informative	informative	False	0.5705451667308807	0.14109034091234207	0.5705451667308807	0.42945482581853867
907014605607759872	Harvey, Katia, Irma, Jose... Our planet is screaming for help. 2E	data_image/hurricane_harvey/10_9_2017/907014605607759872_0.jpg	informative	not_informative	False	0.5704432129859924	0.14088642597198486	0.42955678701400757	0.5704432129859924
927605025458630656	Arlington doctor collects 50 pounds of medicine for Puerto Rico Arlington	data_image/hurricane_maria/6_11_2017/927605025458630656_0.jpg	informative	not_informative	False	0.5703320354223251	0.14066404104232788	0.42966799437999725	0.5703320354223251
909948371401457664	Today we helped clean up the campus we love in the recovery effort post IrmaNoCeilings	data_image/hurricane_irma/19_9_2017/909948371401457664_0.jpg	informative	not_informative	False	0.5701789408922195	0.1403578743338585	0.42982106655836105	0.5701789408922195
929246841727791104	Hurricane Maria and Lee on their way to UK Uk Media Digital	data_image/hurricane_maria/11_11_2017/929246841727791104_0.jpg	informative	not_informative	False	0.5699843764305115	0.13996875286102295	0.4300156235694885	0.5699843764305115
930025819975618560	Sunday evening a earthquake west of Iran. Many people lost their lives.	data_image/iraq_iran_earthquake/13_11_2017/930025819975618560_0.jpg	informative	not_informative	False	0.5698081403970718	0.13961630500853062	0.4301918353885412	0.5698081403970718
910534049583603712	Mexico City earthquake: Cristiano Ronaldo and top clubs lead tributes to victims of disaster	data_image/mexico_earthquake/20_9_2017/910534049583603712_0.jpg	not_informative	informative	False	0.5698044300079346	0.13960884464904666	0.5698044300079346	0.4301955853588879
922765857276792838	Maria Sharapova's work in Puerto Rico yesterday. 57 8: Ricky Martin Foundation	data_image/hurricane_maria/24_10_2017/922765857276792838_3.jpg	informative	not_informative	False	0.5692442804574966	0.1384885609149933	0.43075571954250336	0.5692442804574966
909776158706855936	Welcome back Titans! Finally back to school post Irma!! bcpsfirst knownova BackInBusiness	data_image/hurricane_irma/18_9_2017/909776158706855936_0.jpg	not_informative	informative	False	0.5690711736679077	0.13814230263233185	0.5690711736679077	0.43092887103557587
909943135601442819	First storm since Harvey sweeps across region, flash flood warningissued	data_image/hurricane_harvey/19_9_2017/909943135601442819_0.jpg	informative	not_informative	False	0.5689255893230438	0.13785119354724884	0.431074395775795	0.5689255893230438
911535287091781633	Impacts from HurricaneMaria	data_image/hurricane_maria/23_9_2017/911535287091781633_0.jpg	not_informative	informative	False	0.568766176700592	0.1375323310494423	0.568766176700592	0.43123384565114975
910586004784009216	- Mexico City's F1 track escapes damage during huge earthquake F1	data_image/mexico_earthquake/20_9_2017/910586004784009216_0.jpg	not_informative	informative	False	0.5687541142106056	0.1375082191079855	0.5687541142106056	0.4312458951026201
910609207690354688	Hurricane Maria now a cat 2 storm. I'll track in on News Center 7 at 5pm. STREAM LIVE:	data_image/hurricane_maria/20_9_2017/910609207690354688_0.jpg	informative	not_informative	False	0.5684165507555008	0.13683312386274338	0.4315834268927574	0.5684165507555008
905625059326353409	JUST IN: 11PM Hurricane Irma update. weather	data_image/hurricane_irma/7_9_2017/905625059326353409_0.jpg	informative	not_informative	False	0.5683421343564987	0.13668426126241684	0.4316578730940819	0.5683421343564987
909382547674673153	Big difference at THIS point GEFS ENS between Irma & Maria PR hit the deck Fla whewwwww	data_image/hurricane_irma/17_9_2017/909382547674673153_0.jpg	informative	not_informative	False	0.5681304782629013	0.13626091927289963	0.4318695589900017	0.5681304782629013
911656125556125697	Is it me or did Hurricane Maria just catheterize Florida.	data_image/hurricane_maria/23_9_2017/911656125556125697_0.jpg	informative	not_informative	False	0.568109966814518	0.1362199317663908	0.4318900350481272	0.568109966814518
915252335659675649	Hold | On | Pain | Ends HOPE humanity PuertoRico LasVegas HurricaneMaria	data_image/hurricane_maria/3_10_2017/915252335659675649_0.jpg	not_informative	informative	False	0.567851223051548	0.13570242654532194	0.567851223051548	0.43214879650622606
914886154402615296	Ave MARIA! Seen from the space station- horizon to horizon- nothing but storm	data_image/hurricane_maria/2_10_2017/914886154402615296_0.jpg	not_informative	informative	False	0.5678410828113556	0.13568217307329178	0.5678410828113556	0.4321589097380638
907824968104337408	Getting played and not getting paid after Harvey	data_image/hurricane_harvey/13_9_2017/907824968104337408_0.jpg	not_informative	informative	False	0.5678201913833618	0.13564038649201393	0.5678201913833618	0.4321798048913479
929122538608762880	Dispatches from Puerto Rico: Front Line Relief	data_image/hurricane_maria/10_11_2017/929122538608762880_0.jpg	not_informative	informative	False	0.5677714794874191	0.13554295897483826	0.5677714794874191	0.43222852051258087
911674280743550976	NC Outer Banks in Hurricane Maria's forecast track as outlook keeps nudgingwest	data_image/hurricane_maria/23_9_2017/911674280743550976_0.jpg	informative	not_informative	False	0.5676486790180206	0.13529734313488007	0.43235133588314056	0.5676486790180206
911684747004391424	A pic of the Mexican government helping Mexico's earthquake recovery	data_image/mexico_earthquake/23_9_2017/911684747004391424_0.jpg	not_informative	informative	False	0.5675895437598228	0.13517903164029121	0.5675895437598228	0.43241051211953163
906661068273053696	TORNADO WARNING IN NARANJA TAKE COVER!!!!	data_image/hurricane_harvey/9_9_2017/906661068273053696_0.jpg	informative	not_informative	False	0.5674841850996017	0.13496840745210648	0.43251577764749527	0.5674841850996017
921520897038708741	They did it! Supplies at I-X to leave for Puerto Rico ( reports)	data_image/hurricane_maria/20_10_2017/921520897038708741_0.jpg	informative	not_informative	False	0.5674793869256973	0.13495877385139465	0.4325206130743027	0.5674793869256973
914780744546947072	Help CENOTAPH Drummer Rebuild His Home, Destroyed By Earthquake In MexicoCity	data_image/mexico_earthquake/2_10_2017/914780744546947072_0.jpg	not_informative	informative	False	0.5668840482831001	0.13376805745065212	0.5668840482831001	0.433115990832448
923629227534159875	Tulane offers free tuition for displaced students in Puerto Rico.	data_image/hurricane_maria/26_10_2017/923629227534159875_0.jpg	not_informative	informative	False	0.5664083361625671	0.13281667977571487	0.5664083361625671	0.43359165638685226
910130386289807361	Sh*t Happened 9/19/17: Hurricane Irma fallout continues	data_image/hurricane_irma/19_9_2017/910130386289807361_0.jpg	informative	not_informative	False	0.5663421750068665	0.1326843798160553	0.43365779519081116	0.5663421750068665
910197622316527616	FCB Financial Holdings, Inc. Post Hurricane Irma Operations Update	data_image/hurricane_irma/19_9_2017/910197622316527616_0.jpg	not_informative	informative	False	0.5662032514810562	0.13240651786327362	0.5662032514810562	0.4337967336177826
909717054143463424	our staffroom cake sale to help with Irma!	data_image/hurricane_irma/18_9_2017/909717054143463424_0.jpg	informative	not_informative	False	0.5660702735185623	0.13214052468538284	0.4339297488331795	0.5660702735185623
910238719894020096	Hurricane Irma prompts Magic and Solar Bears to help out OrlandoMagic	data_image/hurricane_irma/19_9_2017/910238719894020096_0.jpg	informative	not_informative	False	0.5657077133655548	0.13141539692878723	0.4342923164367676	0.5657077133655548
905541149527552005	Added guest on the Seth & Chris Show: on his Hurrican Harvey Aid Vote. Tune in today from 3-6 pm!	data_image/hurricane_harvey/6_9_2017/905541149527552005_0.jpg	not_informative	informative	False	0.5654258504509926	0.13085166737437248	0.5654258504509926	0.4345741830766201
916292426175741953	Woman Tells VP To See More Than Donald Trump In Puerto Rico | Morning Joe | MSNBC -	data_image/hurricane_maria/6_10_2017/916292426175741953_0.jpg	not_informative	informative	False	0.5651482790708542	0.13029658049345016	0.5651482790708542	0.434851698577404
909918730947301378	Gay Jewish veteran says she was asked to stop volunteering at church during Harvey kprc2	data_image/hurricane_harvey/18_9_2017/909918730947301378_0.jpg	not_informative	informative	False	0.5651037096977234	0.13020743429660797	0.5651037096977234	0.4348962754011154
912201570871164928	Hurricane Maria moves north; Lee still far from land -	data_image/hurricane_maria/25_9_2017/912201570871164928_0.jpg	informative	not_informative	False	0.565067321062088	0.13013465702533722	0.4349326640367508	0.565067321062088
922598646092369921	Services deploys with field kitchen for HurricaneMaria recovery	data_image/hurricane_maria/23_10_2017/922598646092369921_0.jpg	not_informative	informative	False	0.5650376528501511	0.13007529824972153	0.5650376528501511	0.43496235460042953
916139171663765504	Champions for Puerto Rico Medical Relief in NY NHMA2017	data_image/hurricane_maria/6_10_2017/916139171663765504_0.jpg	not_informative	informative	False	0.5649990886449814	0.12999817728996277	0.5649990886449814	0.4350009113550186
905625088300654592	Here is the 11 pm advisory for Hurricane Irma. FirstAlertWX	data_image/hurricane_irma/7_9_2017/905625088300654592_0.jpg	informative	not_informative	False	0.5648921579122543	0.12978431582450867	0.43510784208774567	0.5648921579122543
912158040517832705	Evil is as wonderful as Frida we love you mexican Paw Patrol! mexico MexicoEarthquake rescuedog	data_image/mexico_earthquake/25_9_2017/912158040517832705_0.jpg	not_informative	informative	False	0.56456408649683	0.12912819534540176	0.56456408649683	0.4354358911514282
912944498535256064	Will the remnants of MariaHurricane Maria impact the unitedkingdom UK	data_image/hurricane_maria/27_9_2017/912944498535256064_0.jpg	informative	not_informative	False	0.5644433200359344	0.1288866102695465	0.43555670976638794	0.5644433200359344
9,19575E+17	A selection of Sunday front pages focusing on the California wildfires.	data_image/california_wildfires/15_10_2017/919574683934183424_0.jpg	not_informative	informative	False	0.5642820596694946	0.12856408953666687	0.5642820596694946	0.43571797013282776
913656087542484992	Ex HurricaneMaria heading towards UK as a post-tropical storm. Data from	data_image/hurricane_maria/29_9_2017/913656087542484992_0.jpg	informative	not_informative	False	0.5642099529504776	0.12841995060443878	0.4357900023460388	0.5642099529504776
910177380408446976	Hurricane Irma might not have gotten us, but we got a whole new storm that's about to destroy us	data_image/hurricane_irma/19_9_2017/910177380408446976_0.jpg	informative	not_informative	False	0.5639514923095703	0.1279030293226242	0.4360484629869461	0.5639514923095703
9,22787E+17	California Tribe Donates $1 Million to Establish South Dakota Indian Fire Department	data_image/california_wildfires/24_10_2017/922786778385334275_0.jpg	not_informative	informative	False	0.5639069378376007	0.127813920378685	0.5639069378376007	0.4360930174589157
9,2047E+17	Berthoud fire department sending crew to California to fight wildfires via	data_image/california_wildfires/18_10_2017/920470417428451328_0.jpg	informative	not_informative	False	0.5636961162090302	0.1273922100663185	0.43630390614271164	0.5636961162090302
912004612223324161	Friends from outside of Mexico please help by donating to mexicoearthquake	data_image/mexico_earthquake/24_9_2017/912004612223324161_0.jpg	not_informative	informative	False	0.5633510053157806	0.12670202553272247	0.5633510053157806	0.43664897978305817
923546867526459394	"""Let's rebuild better and smarter than before,"" Cuomo says. ""That's what we should be doing in Puerto Rico"""	data_image/hurricane_maria/26_10_2017/923546867526459394_0.jpg	not_informative	informative	False	0.5626764595508575	0.1253529191017151	0.5626764595508575	0.43732354044914246
923538717242986496	Key Technology and Public Policy Leaders Discuss Puerto Rico Case at Washington DC Event -	data_image/hurricane_maria/26_10_2017/923538717242986496_0.jpg	not_informative	informative	False	0.5626191943883896	0.12523841857910156	0.5626191943883896	0.437380775809288
909799302322630662	Unlike Irma, models seem to be tracking along in better agreement on Maria route north into western Atlantic by nex	data_image/hurricane_irma/18_9_2017/909799302322630662_0.jpg	informative	not_informative	False	0.5625171661376953	0.12503430247306824	0.4374828636646271	0.5625171661376953
927858973243559936	proven right once again!! Hurricane Maria that hit PR was Cat 5! Nobody will be laughing now	data_image/hurricane_maria/7_11_2017/927858973243559936_0.jpg	informative	not_informative	False	0.5623403415083885	0.12468071095645428	0.43765963055193424	0.5623403415083885
907315724275695616	Many streets here on Folly have water. Tornado threat now over for the moment.	data_image/hurricane_harvey/11_9_2017/907315724275695616_0.jpg	informative	not_informative	False	0.5621938854455948	0.12438780069351196	0.4378060847520828	0.5621938854455948
910697604219932672	Hurricane Maria to become major storm near Caribbean islands Watch Now 9	data_image/hurricane_maria/21_9_2017/910697604219932672_0.jpg	informative	not_informative	False	0.5619727373123169	0.1239454597234726	0.4380272775888443	0.5619727373123169
909384533828653057	So it appears many of the same places battered by Hurricane Irma about to get hit again by Hurricane Maria.	data_image/hurricane_irma/17_9_2017/909384533828653057_0.jpg	informative	not_informative	False	0.5618833899497986	0.12376677989959717	0.4381166100502014	0.5618833899497986
921754220407263237	Who's joining us this weekend for the final days of Orlando Cares - Hope for Puerto Rico?	data_image/hurricane_maria/21_10_2017/921754220407263237_2.jpg	not_informative	informative	False	0.5616374611854553	0.12327492237091064	0.5616374611854553	0.4383625388145447
9,21708E+17	Local sheriff smacks down Breitbart for bigoted lie about California wildfires	data_image/california_wildfires/21_10_2017/921707911478480896_0.jpg	not_informative	informative	False	0.5612482130527496	0.12249642610549927	0.5612482130527496	0.43875178694725037
909733349173923841	Remote Area Medical returns from Irma relief trip:	data_image/hurricane_irma/18_9_2017/909733349173923841_0.jpg	informative	not_informative	False	0.5612204670906067	0.12244097888469696	0.43877948820590973	0.5612204670906067
927657615332651008	Working w/ , DoD was able to provide WX radar coverage for PR. Check out more here-->	data_image/hurricane_maria/6_11_2017/927657615332651008_0.jpg	not_informative	informative	False	0.5610598772764206	0.12211979925632477	0.5610598772764206	0.4389400780200958
912261752074768384	On Thursday Hurricane Maria moves East away from US, as a Cold Front races through PA to usher in cooler air.	data_image/hurricane_maria/25_9_2017/912261752074768384_0.jpg	informative	not_informative	False	0.5606939047574997	0.12138780951499939	0.4393060952425003	0.5606939047574997
912377889508687874	Are you in DC? Have fun and donate for MexicoEarthquake!! 7C	data_image/mexico_earthquake/25_9_2017/912377889508687874_0.jpg	not_informative	informative	False	0.5606410875916481	0.12128216587007046	0.5606410875916481	0.43935892172157764
909869077581221889	please invite Duncan, Blomberg & Chesney to your show for their efforts in the USVI after Hurricane I	data_image/hurricane_irma/18_9_2017/909869077581221889_0.jpg	informative	not_informative	False	0.5606197118759155	0.12123936414718628	0.43938034772872925	0.5606197118759155
913671188215365632	Chiapas and Puebla, mexicoearthquake : Chain Reaction or Coincidence?	data_image/mexico_earthquake/29_9_2017/913671188215365632_0.jpg	not_informative	informative	False	0.5603707730770111	0.12074154615402222	0.5603707730770111	0.4396292269229889
911640840908476416	Aftershocks of Mexico earthquake shake members of campus community	data_image/mexico_earthquake/23_9_2017/911640840908476416_0.jpg	not_informative	informative	False	0.5603596493601799	0.12071928568184376	0.5603596493601799	0.43964036367833614
9,17827E+17	California Wildfires: How Climate Change Could Make The Problem Worse	data_image/california_wildfires/10_10_2017/917827102308671488_0.jpg	not_informative	informative	False	0.5602483600378036	0.12049674242734909	0.5602483600378036	0.43975161761045456
9,17829E+17	Cities in Southern California can't escape the fire at their door.	data_image/california_wildfires/10_10_2017/917829232423731200_0.png	informative	not_informative	False	0.5601361244916916	0.12027226388454437	0.4398638606071472	0.5601361244916916
909835088044580864	Clearing it all out. Some hot and sweaty tree work post Hurricane Irma.	data_image/hurricane_irma/18_9_2017/909835088044580864_1.jpg	informative	not_informative	False	0.5601214915513992	0.12024296820163727	0.43987852334976196	0.5601214915513992
910204369576054784	In wake of Harvey & Irma rebuilding costs spike, jobs get repriced & deliveries stall	data_image/hurricane_harvey/19_9_2017/910204369576054784_0.jpg	informative	not_informative	False	0.5599203109741211	0.11984062194824219	0.4400796890258789	0.5599203109741211
913443185078218752	Officials reopening Outer Banks as HurricaneMaria races out to sea	data_image/hurricane_maria/28_9_2017/913443185078218752_0.jpg	not_informative	informative	False	0.5599081069231033	0.11981619894504547	0.5599081069231033	0.44009190797805786
921502001590099969	RIGHT NOW: A sample of the 80,000+ photos Tennessee Civil Air Patrol has taken in Puerto Rico. WATE	data_image/hurricane_maria/20_10_2017/921502001590099969_2.jpg	not_informative	informative	False	0.5596927925944328	0.1193856168538332	0.5596927925944328	0.44030717574059963
9,23282E+17	Third day in a row of record-breaking temperatures brings critical fire conditions across Southern California	data_image/california_wildfires/25_10_2017/923281592054943746_0.jpg	not_informative	informative	False	0.5594573616981506	0.11891470849514008	0.5594573616981506	0.44054265320301056
921411155830149121	My beloved friend is doing God's work in PuertoRico right now. HurricaneMaria crytime keepgoing	data_image/hurricane_maria/20_10_2017/921411155830149121_0.jpg	not_informative	informative	False	0.5592537969350815	0.11850759387016296	0.5592537969350815	0.4407462030649185
911915332629143552	SUN 7AM: Maria is no longer a major hurricane. Winds have dropped to 110mph. Heading toward Cape Hatteras, NC.	data_image/hurricane_maria/24_9_2017/911915332629143552_0.jpg	informative	not_informative	False	0.5591045618057251	0.11820913851261139	0.4408954232931137	0.5591045618057251
921479205157732354	costco employees greatly help Hurricane Relief effort for Moca Puerto Rico, unitedforMocaPR, gloriabeecoproject	data_image/hurricane_maria/20_10_2017/921479205157732354_0.jpg	informative	not_informative	False	0.5589033365249634	0.11780665814876556	0.4410966783761978	0.5589033365249634
930173464824176641	Is it true that An earthquake will reach kuwait soon ???	data_image/iraq_iran_earthquake/13_11_2017/930173464824176641_0.jpg	not_informative	informative	False	0.5587109625339508	0.1174219399690628	0.5587109625339508	0.441289022564888
905729131207421952	A Prayer for Protection FDFD Hurricane Irma Pray	data_image/hurricane_irma/7_9_2017/905729131207421952_0.jpg	informative	not_informative	False	0.5586696714162827	0.11733932793140411	0.44133034348487854	0.5586696714162827
911693378437500928	HurricaneMaria still Cat3 poses no immediate threat to landfall next few days..	data_image/hurricane_maria/23_9_2017/911693378437500928_2.jpg	informative	not_informative	False	0.5586504191160202	0.1173008382320404	0.4413495808839798	0.5586504191160202
912382620234903554	Just when I thought I couldn't love more. LoveArmyMexico MexicoEarthquake MexicoEarthquakeRelief	data_image/mexico_earthquake/25_9_2017/912382620234903554_1.jpg	not_informative	informative	False	0.5584611594676971	0.11692233011126518	0.5584611594676971	0.44153882935643196
930949813553782785	3 scenes of LANDSAT ingested to HDDS for event 201711_Earthquake_IRN Iran Earthquake	data_image/iraq_iran_earthquake/16_11_2017/930949813553782785_0.jpg	not_informative	informative	False	0.5584358721971512	0.11687175906263292	0.5584358721971512	0.44156411313451827
912284065272807424	When an earthquake struck this rural corner of Mexico City, the flimsy shacks -	data_image/mexico_earthquake/25_9_2017/912284065272807424_0.jpg	not_informative	informative	False	0.55838343501091	0.11676682531833649	0.55838343501091	0.44161660969257355
909759502953648128	There's another hurricane coming to my country this one is category 3, please pray for Caribbeans, this hurricane w	data_image/hurricane_irma/18_9_2017/909759502953648128_0.jpg	informative	not_informative	False	0.5580629408359528	0.11612588167190552	0.44193705916404724	0.5580629408359528
904464126348587009	Houston Rescuers Prove the Lie of 'Toxic Masculinity' by HurricaneHarvey	data_image/hurricane_harvey/3_9_2017/904464126348587009_0.jpg	informative	not_informative	False	0.5579973310232162	0.1159946471452713	0.44200268387794495	0.5579973310232162
915068241155735553	Fundrising JEDIS Gael y Diego Luna :) EARTHQUAKE MEXICO	data_image/mexico_earthquake/3_10_2017/915068241155735553_0.jpg	not_informative	informative	False	0.5574014484882355	0.11480289325118065	0.5574014484882355	0.4425985552370548
909380712876396544	Ladies and Gentlemen...introducing Irma's little sister Tropical Storm Maria.	data_image/hurricane_irma/17_9_2017/909380712876396544_0.jpg	informative	not_informative	False	0.5572986155748367	0.11459727212786674	0.44270134344697	0.5572986155748367
909731060140924928	EarlyMorningEveningNews w: : HurricaneMaria Heading Towards Islands Hit By Irma	data_image/hurricane_irma/18_9_2017/909731060140924928_0.jpg	informative	not_informative	False	0.5572951063513756	0.11459023505449295	0.44270487129688263	0.5572951063513756
909783984405663744	We're tag teaming in with , , NIC4, & to connect survivors and critical resources in the	data_image/hurricane_irma/18_9_2017/909783984405663744_0.jpg	informative	not_informative	False	0.5572208315134048	0.1144416593015194	0.44277917221188545	0.5572208315134048
914617818238345217	"Trump bragged about the government's ""amazing"" response to Hurricane Maria. USRC"	data_image/hurricane_maria/1_10_2017/914617818238345217_0.jpg	not_informative	informative	False	0.5571919977664948	0.11438401788473129	0.5571919977664948	0.44280797988176346
921363636479774720	Senate Democrats Doubt Validity of Puerto Rico Death Toll	data_image/hurricane_maria/20_10_2017/921363636479774720_0.jpg	not_informative	informative	False	0.557004913687706	0.114009790122509	0.557004913687706	0.442995123565197
9,20326E+17	Tending To Patients As Her New Home Burns California wildfires	data_image/california_wildfires/17_10_2017/920326087195938816_0.jpg	not_informative	informative	False	0.5569746494293213	0.11394926905632019	0.5569746494293213	0.4430253803730011
912987337906360320	Maria looks more post-tropical this morning. Look for the storm to begin moving out to sea later. Thanks !	data_image/hurricane_maria/27_9_2017/912987337906360320_0.jpg	informative	not_informative	False	0.5566095858812332	0.11321915686130524	0.443390429019928	0.5566095858812332
905712250387816450	Forcecast track of Hurricane Irma has Trump's Mar-a-Lago club in its sights	data_image/hurricane_irma/7_9_2017/905712250387816450_0.jpg	informative	not_informative	False	0.5565634369850159	0.11312685906887054	0.4434365779161453	0.5565634369850159
909798915846713344	Nothing like getting right to it w/ Louis Uccelini talking Harvey & Irma. NWAS17	data_image/hurricane_irma/18_9_2017/909798915846713344_0.jpg	informative	not_informative	False	0.5563406199216843	0.1126812044531107	0.44365941546857357	0.5563406199216843
909739895027007488	Could you ,, not ,, I just had Irma	data_image/hurricane_irma/18_9_2017/909739895027007488_0.jpg	informative	not_informative	False	0.5563061609864235	0.11261229868978262	0.4436938622966409	0.5563061609864235
915056767129800704	Please help support and share !!! LasVegasShooting mexicoearthquake PuertoRicoSeLevanta	data_image/mexico_earthquake/3_10_2017/915056767129800704_2.jpg	not_informative	informative	False	0.5559171959757805	0.11183437332510948	0.5559171959757805	0.444082822650671
914326540422451200	A pair of HurricaneMaria related readouts just issued by .	data_image/hurricane_maria/1_10_2017/914326540422451200_0.jpg	not_informative	informative	False	0.5554932206869125	0.11098644137382507	0.5554932206869125	0.44450677931308746
9,17848E+17	The California wildfires seen yesterday from space via .	data_image/california_wildfires/10_10_2017/917848318595751936_0.jpg	not_informative	informative	False	0.5553295016288757	0.11065900325775146	0.5553295016288757	0.44467049837112427
909886507435139072	Before Irma, AP Psych students got to build their own edible neurons! ramsrise NCSSBeTheBest	data_image/hurricane_irma/18_9_2017/909886507435139072_0.jpg	not_informative	informative	False	0.5552749186754227	0.11054982244968414	0.5552749186754227	0.4447250962257385
911731131678171136	"Quite the picture: Major Hurricane (Maria) at its ""Closest Position"" to south FL right now. It's 478 miles away."	data_image/hurricane_maria/23_9_2017/911731131678171136_0.jpg	informative	not_informative	False	0.5552703887224197	0.11054079234600067	0.44472959637641907	0.5552703887224197
923207016499367937	Come on down to 8GN Rec Room to help us fundraise for Puerto Rico! TrickyTray NYP	data_image/hurricane_maria/25_10_2017/923207016499367937_0.jpg	informative	not_informative	False	0.5550232902169228	0.11004655808210373	0.44497673213481903	0.5550232902169228
906615997716627456	This is a was an old school building in Aransas Pass. harvey aransaspass	data_image/hurricane_harvey/9_9_2017/906615997716627456_0.jpg	informative	not_informative	False	0.5550157874822617	0.11003158241510391	0.44498420506715775	0.5550157874822617
905761817984716800	Hurricane Irma not gunning for New Orleans, forecasters say on	data_image/hurricane_irma/7_9_2017/905761817984716800_0.jpg	informative	not_informative	False	0.5548245757818222	0.10964913666248322	0.445175439119339	0.5548245757818222
910749869014384640	'Panic mode': Topeka native describes devastating Mexico City earthquake	data_image/mexico_earthquake/21_9_2017/910749869014384640_0.jpg	not_informative	informative	False	0.5545628070831299	0.10912563931196928	0.5545628070831299	0.4454371677711606
904499126913695744	I think these new MHTs are going to do just fine! Cjnj HurricaneHarvey	data_image/hurricane_harvey/4_9_2017/904499126913695744_0.jpg	not_informative	informative	False	0.554556667804718	0.10911335051059723	0.554556667804718	0.4454433172941208
911633335813783552	Frida the Labrador emerges as hero following Mexico earthquake	data_image/mexico_earthquake/23_9_2017/911633335813783552_0.jpg	not_informative	informative	False	0.5542559027671814	0.10851181671023369	0.5542559027671814	0.4457440860569477
910238145538514945	Irma update: Lee County Schools set up meals this week while children are out	data_image/hurricane_irma/19_9_2017/910238145538514945_0.jpg	informative	not_informative	False	0.55416040122509	0.10832082480192184	0.4458395764231682	0.55416040122509
910800792927522816	New York City News Search (Hurricane Maria Latest) New York City News & Search -	data_image/hurricane_maria/21_9_2017/910800792927522816_0.jpg	informative	not_informative	False	0.5539223402738571	0.10784465447068214	0.446077685803175	0.5539223402738571
911729580729356289	18z GEFS quite a bit further west, looks to be pretty weak and in the Parking/Albemarle sound. HurricaneMaria	data_image/hurricane_maria/23_9_2017/911729580729356289_0.jpg	not_informative	informative	False	0.5537912175059319	0.1075824424624443	0.5537912175059319	0.44620877504348755
910563637445750792	Please help.....Westie found after Mexico's Earthquake ! :(	data_image/mexico_earthquake/20_9_2017/910563637445750792_0.jpg	not_informative	informative	False	0.5533525496721268	0.10670508444309235	0.5533525496721268	0.4466474652290344
915318053990277122	Mexico's Earthquake Generation |	data_image/mexico_earthquake/3_10_2017/915318053990277122_0.jpg	not_informative	informative	False	0.5532428622245789	0.10648570954799652	0.5532428622245789	0.44675715267658234
907371025926639619	Lightning, Sky, Tornado, Electricity, Category, Elements, Blackness photo mlm homebiz	data_image/hurricane_harvey/11_9_2017/907371025926639619_0.jpg	informative	not_informative	False	0.5531100928783417	0.10622020065784454	0.44688989222049713	0.5531100928783417
912102963686109184	Maria stays offshore, but a close enough brush to deliver Outer Banks tropical storm wind gusts w/beach erosion.	data_image/hurricane_maria/24_9_2017/912102963686109184_0.jpg	informative	not_informative	False	0.5528995841741562	0.10579916834831238	0.4471004158258438	0.5528995841741562
909437172599726080	CITY OFFICIALS: Sunday's conference call is at 4 pm. Same number, just earlier! Thanks for your constan	data_image/hurricane_irma/17_9_2017/909437172599726080_0.jpg	informative	not_informative	False	0.5528479777276516	0.10569591610692441	0.4471520616207272	0.5528479777276516
930550921968406528	Iran-Iraq Earthquake: President Rouhani Speaks In Sarpol-E Zahab (Sourced by ENEX)	data_image/iraq_iran_earthquake/14_11_2017/930550921968406528_0.jpg	not_informative	informative	False	0.5527186840772629	0.10543737653642893	0.5527186840772629	0.44728130754083395
901758390615072769	Never seen this before: Hobby Airport in Houston is closed until Wednesday(!) due to Harvey	data_image/hurricane_harvey/27_8_2017/901758390615072769_0.jpg	informative	not_informative	False	0.5525816679000854	0.10516330599784851	0.44741836190223694	0.5525816679000854
928434506029260800	Puerto Rico rescue dog finds forever home with disaster responder	data_image/hurricane_maria/9_11_2017/928434506029260800_0.jpg	not_informative	informative	False	0.5524890497326851	0.10497814416885376	0.5524890497326851	0.44751090556383133
910635649501323269	A massive earthquake struck Mexico yesterday. If you're interested to help, please contact me.	data_image/mexico_earthquake/20_9_2017/910635649501323269_0.jpg	informative	not_informative	False	0.552423506975174	0.1048469990491867	0.44757650792598724	0.552423506975174
9,20998E+17	The climatology and meteorology of the northern California wildfires, from :	data_image/california_wildfires/19_10_2017/920997740972265472_0.jpg	informative	not_informative	False	0.5523792803287506	0.10475853085517883	0.4476207494735718	0.5523792803287506
910193271330222080	PicOfTheWeek An amazing photo by CA Air of 129thRescueWing supporting Irma SearchAndRescue effor	data_image/hurricane_irma/19_9_2017/910193271330222080_0.jpg	not_informative	informative	False	0.5523780733346939	0.10475613549351692	0.5523780733346939	0.447621937841177
906058645158469633	Raising Funds to Put Rockport, Texas, Back Together After Hurricane Harvey	data_image/hurricane_harvey/8_9_2017/906058645158469633_0.jpg	informative	not_informative	False	0.5521340668201447	0.10426812618970871	0.44786594063043594	0.5521340668201447
907682230285340673	Check out how we quickly reacted during hurricaneharvey in order to create amazing results!	data_image/hurricane_harvey/12_9_2017/907682230285340673_0.jpg	not_informative	informative	False	0.5521096736192703	0.10421937704086304	0.5521096736192703	0.4478902965784073
911983033477140480	US Wx News/ CAT2 HURRICANE MARIA 21/1500Z Update from NHC and others	data_image/hurricane_maria/24_9_2017/911983033477140480_0.jpg	not_informative	informative	False	0.551851212978363	0.10370241105556488	0.551851212978363	0.44814880192279816
921345619150635008	"Puerto Rico's governor begs: ""We need equal treatment"" from FEMA"	data_image/hurricane_maria/20_10_2017/921345619150635008_0.jpg	not_informative	informative	False	0.551705427467823	0.10341085493564606	0.551705427467823	0.44829457253217697
910112603250282496	They said hurricane Matthew was a skull, but Irma is a laughing	data_image/hurricane_irma/19_9_2017/910112603250282496_0.jpg	informative	not_informative	False	0.5516677424311638	0.10333547741174698	0.4483322650194168	0.5516677424311638
910533037212893185	Juice=Juice sending love to Mexico after big earthquake. JJ_worldtour Mexico FuerzaMexico	data_image/mexico_earthquake/20_9_2017/910533037212893185_2.jpg	not_informative	informative	False	0.5513177663087845	0.10263554751873016	0.5513177663087845	0.4486822187900543
927548647738429440	RAM leaves for relief mission in Puerto Rico	data_image/hurricane_maria/6_11_2017/927548647738429440_0.jpg	not_informative	informative	False	0.5512447357177734	0.10248947143554688	0.5512447357177734	0.44875526428222656
904343237099307012	By : Aftermath of HurricaneHarvey shows panorama of good will and charity	data_image/hurricane_harvey/3_9_2017/904343237099307012_0.jpg	informative	not_informative	False	0.5511938184499741	0.10238764435052872	0.44880617409944534	0.5511938184499741
909383530148503554	Thanks to my app and EAS alerts, I now know there is a boilalert for entire Florida Keys in place Irma	data_image/hurricane_irma/17_9_2017/909383530148503554_0.jpg	informative	not_informative	False	0.55063296854496	0.10126590728759766	0.44936706125736237	0.55063296854496
913682539985825792	Virgin Mary statue 'started crying' after Mexico earthquake that killed 343	data_image/mexico_earthquake/29_9_2017/913682539985825792_0.jpg	not_informative	informative	False	0.550461582839489	0.10092317312955856	0.550461582839489	0.4495384097099304
910259920079147009	Walt Disney World in Hurricane Irma:	data_image/hurricane_irma/19_9_2017/910259920079147009_0.jpg	informative	not_informative	False	0.5501893758773804	0.10037876665592194	0.44981060922145844	0.5501893758773804
906109206142517249	Assessing Hurricane Harvey's Impact On Housing And GDP money business finance	data_image/hurricane_harvey/8_9_2017/906109206142517249_0.jpg	not_informative	informative	False	0.5498860850930214	0.09977222234010696	0.5498860850930214	0.45011386275291443
9,19919E+17	California's wildfires spouted a 500-mile stream of smoke visible from space:	data_image/california_wildfires/16_10_2017/919918846932324355_0.jpg	not_informative	informative	False	0.5497525334358215	0.09950505197048187	0.5497525334358215	0.45024748146533966
912402917000454144	Keep alert and stay informed. HurricaneMaria	data_image/hurricane_maria/25_9_2017/912402917000454144_0.jpg	informative	not_informative	False	0.5492875427007675	0.09857510030269623	0.4507124423980713	0.5492875427007675
913625471937597441	M5.6 earthquake - 119km SSW of Tres Picos, Mexico - Broadband EW-component Fordham seismic station Bronx NYC	data_image/mexico_earthquake/29_9_2017/913625471937597441_0.jpg	not_informative	informative	False	0.5492366775870323	0.09847337380051613	0.5492366775870323	0.4507633037865162
907214672809656320	From Monte Carlo, insurers' view of the impact of Irma and Harvey is surprisingly rosy	data_image/hurricane_harvey/11_9_2017/907214672809656320_0.jpg	not_informative	informative	False	0.5490775480866432	0.09815509244799614	0.5490775480866432	0.4509224556386471
910144694801268736	Many thanks to the team from WI including five Plymouth Utilities linemen who traveled to FL to help restore power	data_image/hurricane_irma/19_9_2017/910144694801268736_0.jpg	not_informative	informative	False	0.5490070134401321	0.09801402688026428	0.5490070134401321	0.45099298655986786
921406546482999297	So sweet to see Paris helping at Puerto Rico	data_image/hurricane_maria/20_10_2017/921406546482999297_0.jpg	informative	not_informative	False	0.5486333668231964	0.09726673364639282	0.4513666331768036	0.5486333668231964
910760580537098241	Mexico Earthquake by Luc Descheemaeke, from	data_image/mexico_earthquake/21_9_2017/910760580537098241_0.jpg	not_informative	informative	False	0.5486060082912445	0.0972120389342308	0.5486060082912445	0.4513939693570137
9,23475E+17	How St. Joseph And The Blessed Virgin Mary Saved Family Home From California Wild Fire	data_image/california_wildfires/26_10_2017/923475169800200193_0.jpg	not_informative	informative	False	0.5485603660345078	0.09712071716785431	0.5485603660345078	0.45143964886665344
911915533779521536	This morning's update on hurricanemaria - remaining watchful.	data_image/hurricane_maria/24_9_2017/911915533779521536_0.jpg	informative	not_informative	False	0.5483076572418213	0.09661528468132019	0.4516923725605011	0.5483076572418213
904668541802205184	Trump prepares for second Harvey visit by tweeting about Hillary Clinton	data_image/hurricane_harvey/4_9_2017/904668541802205184_0.jpg	not_informative	informative	False	0.5480051040649414	0.09601016342639923	0.5480051040649414	0.4519949406385422
911720281126981637	Latest forecast track for Hurricane Maria tends to keep New England safe...fingers crossed.	data_image/hurricane_maria/23_9_2017/911720281126981637_1.jpg	informative	not_informative	False	0.5478089600801468	0.09561791270971298	0.4521910473704338	0.5478089600801468
909918385475026944	Wrong tree, wrong place = unnecessary damage to lines/equipment & longer restoration	data_image/hurricane_irma/18_9_2017/909918385475026944_0.jpg	informative	not_informative	False	0.54753727465868	0.09507454931735992	0.45246272534132004	0.54753727465868
930059447237595136	A 7.2 earthquake just hit Iraq & surrounding regions. I hope everyone is safe!	data_image/iraq_iran_earthquake/13_11_2017/930059447237595136_0.jpg	informative	not_informative	False	0.5474336445331573	0.09486724436283112	0.45256640017032623	0.5474336445331573
922151629268377600	Puerto Rico Hurricane Relief party is underway at Blue Moon Event Center, 2560 Mt Moriah. Runs until 7pm!	data_image/hurricane_maria/22_10_2017/922151629268377600_0.jpg	informative	not_informative	False	0.5474151372909546	0.09483030438423157	0.452584832906723	0.5474151372909546
913874583920316416	There used to be a dock here USVI vistrong there will be a dock here again...HurricaneMaria	data_image/hurricane_maria/29_9_2017/913874583920316416_0.jpg	not_informative	informative	False	0.5472724139690399	0.09454481303691864	0.5472724139690399	0.4527276009321213
915319566506631169	7 PHOTOS: Scenes from President Trump's visit to Puerto Rico	data_image/hurricane_maria/3_10_2017/915319566506631169_0.jpg	not_informative	informative	False	0.5472653359174728	0.09453066438436508	0.5472653359174728	0.45273467153310776
911584112212955136	Hurricane Maria remains at 125 mph; Lee forms -->	data_image/hurricane_maria/23_9_2017/911584112212955136_0.jpg	informative	not_informative	False	0.5472015738487244	0.09440313279628754	0.45279844105243683	0.5472015738487244
906551249121812485	Tornado Watch for most of south Florida until 12AM Sept 10th	data_image/hurricane_harvey/9_9_2017/906551249121812485_0.jpg	not_informative	informative	False	0.5470596253871918	0.09411925077438354	0.5470596253871918	0.4529403746128082
909908949926899712	First Irma, and now Maria. Why does mother nature not like Puerto Rico.D9D9D9D9	data_image/hurricane_irma/18_9_2017/909908949926899712_0.jpg	informative	not_informative	False	0.5469886139035225	0.09397720545530319	0.4530114084482193	0.5469886139035225
906769720077991936	'Nite all. F for all those in Irma and for those recovering from Harvey and those preparing for Jose	data_image/hurricane_harvey/10_9_2017/906769720077991936_0.jpg	informative	not_informative	False	0.5469385534524918	0.09387711808085442	0.45306143537163734	0.5469385534524918
910636213547130880	There was an earthquake at my home town. So freaking crazy. My prayers goes out to Puebla, Mexico. FB	data_image/mexico_earthquake/20_9_2017/910636213547130880_0.jpg	not_informative	informative	False	0.5468851029872894	0.09377022087574005	0.5468851029872894	0.4531148821115494
931316346259984389	Iran: Mullahs' Priority Is to Cover up Dimensions of Disaster and Prevent Popular Protests in Earthquake Areasiran	data_image/iraq_iran_earthquake/17_11_2017/931316346259984389_0.jpg	not_informative	informative	False	0.546487420797348	0.09297487512230873	0.546487420797348	0.4535125456750393
910128978622664704	Money and Power florida irma solar	data_image/hurricane_irma/19_9_2017/910128978622664704_0.jpg	not_informative	informative	False	0.5464136451482773	0.09282729029655457	0.5464136451482773	0.4535863548517227
906277060930396160	0 what showed up! ThankYou you guys truly getit bestinthebiz HurricaneHarvey RedCross	data_image/hurricane_harvey/8_9_2017/906277060930396160_0.jpg	not_informative	informative	False	0.5462620258331299	0.09252406656742096	0.5462620258331299	0.4537379592657089
913152812325920769	Remnants of HurricaneMaria still due to take an extended cruise, winding up close to Ireland early next week.alwx	data_image/hurricane_maria/27_9_2017/913152812325920769_0.jpg	informative	not_informative	False	0.5461843758821487	0.0923687070608139	0.45381566882133484	0.5461843758821487
921741747667062784	Hurricane Maria Drive!! 9-12...come support! And...PTO clothing drive!	data_image/hurricane_maria/21_10_2017/921741747667062784_0.jpg	informative	not_informative	False	0.5461330115795135	0.09226605296134949	0.45386695861816406	0.5461330115795135
905750243546890240	AP NEWS: Trump weighing option of dropping nuclear bomb on Hurricane Irma to save Mar-a-Lago.	data_image/hurricane_irma/7_9_2017/905750243546890240_0.jpg	informative	not_informative	False	0.5460945218801498	0.09218902885913849	0.45390549302101135	0.5460945218801498
909715026872762368	trees that fell near my apartment complex due to hurricane Irma!	data_image/hurricane_irma/18_9_2017/909715026872762368_3.jpg	informative	not_informative	False	0.5460288003087044	0.09205761551856995	0.45397118479013443	0.5460288003087044
906262165618753536	Crowdsourcing info about Hurricane Harvey using berkEagles wearePBV pbvtech	data_image/hurricane_harvey/8_9_2017/906262165618753536_2.jpg	not_informative	informative	False	0.5457431152462959	0.09148623049259186	0.5457431152462959	0.45425688475370407
905733867365171200	Hurricane Irma is still a category 5 storm early this Thursday morning. ncwx	data_image/hurricane_irma/7_9_2017/905733867365171200_0.jpg	informative	not_informative	False	0.545337364077568	0.09067471325397491	0.45466265082359314	0.545337364077568
908793499096633345	Great work Students. Almost 100 meals to families affected by Harvey. weareitasca10	data_image/hurricane_harvey/15_9_2017/908793499096633345_0.jpg	informative	not_informative	False	0.545335441827774	0.0906708687543869	0.45466457307338715	0.545335441827774
901663873580896256	Tornado warning has been issued for Pasadena, Texas. TXwx Harvey	data_image/hurricane_harvey/27_8_2017/901663873580896256_0.jpg	informative	not_informative	False	0.5452237278223038	0.09044745564460754	0.45477627217769623	0.5452237278223038
9,18059E+17	A few aquatic survivors of California's wildfires provide some solace for one homeowner.	data_image/california_wildfires/11_10_2017/918059058074210304_0.jpg	informative	not_informative	False	0.544779434800148	0.08955885469913483	0.4552205801010132	0.544779434800148
904417479455162368	ICE must be kept away from schools, hospitals, shelters, jails, etc. (8 of 8) Hurricane Harvey	data_image/hurricane_harvey/3_9_2017/904417479455162368_0.jpg	not_informative	informative	False	0.5447517484426498	0.08950350433588028	0.5447517484426498	0.45524824410676956
929077513636204544	Help us support Puerto Rico 11/16! You can win a Shove-it Snow Sleeve among other cool prizes! maria	data_image/hurricane_maria/10_11_2017/929077513636204544_0.jpg	not_informative	informative	False	0.5447073802351952	0.08941476047039032	0.5447073802351952	0.45529261976480484
914271884253986817	95% of customers are without electricity service in Puerto Rico 10 days after	data_image/hurricane_maria/30_9_2017/914271884253986817_0.jpg	informative	not_informative	False	0.54466612637043	0.08933226764202118	0.4553338587284088	0.54466612637043
930502412619698176	Top Lebanese figures condole with Iran on earthquake IranQuake	data_image/iraq_iran_earthquake/14_11_2017/930502412619698176_0.jpg	not_informative	informative	False	0.5446134060621262	0.08922680281102657	0.5446134060621262	0.4553866032510996
914868779498209280	Ready for a coloring book the earthquake. mexico puebla Oaxaca Kids meeting Frida-chan!Fridatherescuedog	data_image/mexico_earthquake/2_10_2017/914868779498209280_0.jpg	not_informative	informative	False	0.5444220155477524	0.08884403109550476	0.5444220155477524	0.4555779844522476
906262786002604032	Thank you softball!They collected over 6000 diapers and wipes for Hurricane Harvey victims! stevensinspired	data_image/hurricane_harvey/8_9_2017/906262786002604032_0.jpg	informative	not_informative	False	0.544366866350174	0.0887337476015091	0.45563311874866486	0.544366866350174
876386158309236737	Aphrodite, born on the waves Antonio Mora photography	data_image/srilanka_floods/18_6_2017/876386158309236737_0.jpg	not_informative	informative	False	0.5442330688238144	0.088466115295887	0.5442330688238144	0.4557669535279274
930159055435419648	Donald Trump silent on deadly Iran-Iraq earthquake 24 hours after it happened, despite	data_image/iraq_iran_earthquake/13_11_2017/930159055435419648_0.png	not_informative	informative	False	0.5441257804632187	0.08825159072875977	0.5441257804632187	0.4558741897344589
9,19971E+17	California earthquake Go Bag plus plan for meeting Home/Friends/School/Fire Dept/0ut of town location	data_image/california_wildfires/16_10_2017/919970526344253445_0.jpg	not_informative	informative	False	0.5440576076507568	0.08811523020267487	0.5440576076507568	0.45594237744808197
901776373177561088	Buffalo Bayou is higher than I've ever seen it. Pool about to go under. Harvey	data_image/hurricane_harvey/27_8_2017/901776373177561088_0.jpg	informative	not_informative	False	0.5439862608909607	0.08797253668308258	0.4560137242078781	0.5439862608909607
913559017741602816	At 10&11, how Buffalo cyclists are helping those impacted by HurricaneMaria in PuertoRico.	data_image/hurricane_maria/29_9_2017/913559017741602816_2.jpg	informative	not_informative	False	0.5439183935523033	0.08783676289021969	0.4560816306620836	0.5439183935523033
9,17828E+17	Why California's wildfires are worse in the fall.	data_image/california_wildfires/10_10_2017/917828283047260161_0.jpg	informative	not_informative	False	0.54385706782341	0.08771415054798126	0.45614291727542877	0.54385706782341
923884396419133440	LOOK cute faces! Need forever home. Rescue has 24 homeless dogs/cats from St. Croix HurricaneMaria.	data_image/hurricane_maria/27_10_2017/923884396419133440_2.jpg	not_informative	informative	False	0.5438009649515152	0.08760196715593338	0.5438009649515152	0.4561989977955818
9,20143E+17	So was California.Wild fire w/ trees standing, cars burned w/melted rims B.S.	data_image/california_wildfires/17_10_2017/920143388590080001_0.jpg	informative	not_informative	False	0.5437695235013962	0.08753903210163116	0.456230491399765	0.5437695235013962
910201842013032448	The 31st USWomensMidAm slated for Oct. 7-12 will be relocated at a future date due to Hurricane Irma	data_image/hurricane_irma/19_9_2017/910201842013032448_0.jpg	not_informative	informative	False	0.5435892939567566	0.08717861771583557	0.5435892939567566	0.456410676240921
915987728776302592	President DonaldTrump push back when it comes to Puerto Rico.	data_image/hurricane_maria/5_10_2017/915987728776302592_0.jpg	not_informative	informative	False	0.5434540212154388	0.0869080126285553	0.5434540212154388	0.45654600858688354
910246215836614656	Follow this list of trusted accounts for up-to-date information as Irma unfolds:	data_image/hurricane_irma/19_9_2017/910246215836614656_0.jpg	informative	not_informative	False	0.5433989241719246	0.08679782971739769	0.4566010944545269	0.5433989241719246
904289158843248640	Low pressure scooping up Harvey's leftovers, tracking the rain on all morning!	data_image/hurricane_harvey/3_9_2017/904289158843248640_0.jpg	informative	not_informative	False	0.5433578938245773	0.08671580255031586	0.4566420912742615	0.5433578938245773
909780349433077762	FL freight networks resume operations post-Irma: supplychains resilientsupplychains	data_image/hurricane_irma/18_9_2017/909780349433077762_0.jpg	not_informative	informative	False	0.5432366281747818	0.08647327870130539	0.5432366281747818	0.4567633494734764
909798839380406272	. was 1 of many helping to collect donations post-Irma this weekend. Caravan heading to Ke	data_image/hurricane_irma/18_9_2017/909798839380406272_2.jpg	informative	not_informative	False	0.5431899875402451	0.0863800197839737	0.45680996775627136	0.5431899875402451
922598908789968896	'Like a war zone': People from DC area head to Puerto Rico after thestorm	data_image/hurricane_maria/23_10_2017/922598908789968896_0.jpg	not_informative	informative	False	0.5429911240935326	0.08598224353045225	0.5429911240935326	0.4570088805630803
912065273380798465	NEW: Tropical Storm Watches posted for coastal North Carolina, with winds that could gust 60+ MPH: ncwx Maria	data_image/hurricane_maria/24_9_2017/912065273380798465_0.jpg	informative	not_informative	False	0.5428988188505173	0.08579763770103455	0.4571011811494827	0.5428988188505173
910625638905733121	Skype makes calls free to affected regions of Mexico after deadly earthquake	data_image/mexico_earthquake/20_9_2017/910625638905733121_0.jpg	not_informative	informative	False	0.5428210496902466	0.08564206957817078	0.5428210496902466	0.4571789801120758
9,23274E+17	Thank you, Francisco Medina, for your generous support of the California Fire Foundation!	data_image/california_wildfires/25_10_2017/923273838573453312_0.jpg	informative	not_informative	False	0.5426924228668213	0.08538485318422318	0.4573075696825981	0.5426924228668213
9,20651E+17	Forest City native shares experience evacuating from California wildfires	data_image/california_wildfires/18_10_2017/920650692951494656_0.jpg	not_informative	informative	False	0.5425938814878464	0.08518778160214424	0.5425938814878464	0.45740609988570213
870502689439862784	What does a dignity kit comprise? Check it out: FloodSL SRHR	data_image/srilanka_floods/2_6_2017/870502689439862784_1.jpg	not_informative	informative	False	0.5424269437789917	0.08485385775566101	0.5424269437789917	0.4575730860233307
910111247898632192	Fort Lauderdale, FL Airport Chaos Irma Preps Lake Worth FL - 9/8/2017	data_image/hurricane_irma/19_9_2017/910111247898632192_0.jpg	not_informative	informative	False	0.5420148819684982	0.0840297844260931	0.5420148819684982	0.45798509754240513
910730588981624832	Gael Garca Bernal took to Twitter to find his father after the Mexico earthquake	data_image/mexico_earthquake/21_9_2017/910730588981624832_0.jpg	not_informative	informative	False	0.5419186651706696	0.08383730985224247	0.5419186651706696	0.4580813553184271
930101728342675456	National Earthquake Information Center Iraq	data_image/iraq_iran_earthquake/13_11_2017/930101728342675456_2.jpg	not_informative	informative	False	0.5411055758595467	0.08221114426851273	0.5411055758595467	0.45889443159103394
910053306566942720	A tale of two storms - AnthonyButtigieg Irma Jose Caribbean	data_image/hurricane_irma/19_9_2017/910053306566942720_0.jpg	informative	not_informative	False	0.5404404550790787	0.08088087290525436	0.4595595821738243	0.5404404550790787
914229431027273728	Hurricane Maria is 45's Katrina. Will his condescending attitude and slow response contribute to the lost of life?	data_image/hurricane_maria/30_9_2017/914229431027273728_0.jpg	informative	not_informative	False	0.5404402315616608	0.08088041841983795	0.4595598131418228	0.5404402315616608
921755152075444225	Donations were dropped off from the Amherst jv donative drive for Puerto Rico!	data_image/hurricane_maria/21_10_2017/921755152075444225_1.jpg	informative	not_informative	False	0.5402917265892029	0.08058346807956696	0.4597082585096359	0.5402917265892029
905161654521913344	Flickr GALLERY captures best moments from Hurricane Harvey response:	data_image/hurricane_harvey/5_9_2017/905161654521913344_1.jpg	informative	not_informative	False	0.5401086211204529	0.08021722733974457	0.4598913937807083	0.5401086211204529
911557791076188165	Jose is dead, Maria continues to wreak havoc, and Lee somehow came back to life Friday & is now a tropical storm.	data_image/hurricane_maria/23_9_2017/911557791076188165_0.jpg	informative	not_informative	False	0.5399922281503677	0.07998445630073547	0.46000777184963226	0.5399922281503677
930374412708335616	Iran-Iraq Brder Earthquake Devastates Twn Targeted b SaddamHussein	data_image/iraq_iran_earthquake/14_11_2017/930374412708335616_0.jpg	not_informative	informative	False	0.5399860665202141	0.07997214421629906	0.5399860665202141	0.460013922303915
905537355762761728	"The last four named storms have all developed into hurricanes, and Harvey and Irma are ""historic."" My God."	data_image/hurricane_harvey/6_9_2017/905537355762761728_0.jpg	informative	not_informative	False	0.5398818403482437	0.07976369559764862	0.4601181447505951	0.5398818403482437
872670344032665600	Sri Lanka Flood Relief 2017 with Dhammakaya Foundation & Dhammakaya Devotees and WBSY.	data_image/srilanka_floods/8_6_2017/872670344032665600_1.jpg	not_informative	informative	False	0.5398704335093498	0.07974087074398994	0.5398704335093498	0.4601295627653599
905739208266014720	Back at it this morning: Collecting HarveyRelief items at Info:	data_image/hurricane_harvey/7_9_2017/905739208266014720_0.jpg	informative	not_informative	False	0.5397364050149918	0.07947278022766113	0.4602636247873306	0.5397364050149918
912249222321250304	Norfolk News Tropical storm warning in effect for Dare County ahead of Maria	data_image/hurricane_maria/25_9_2017/912249222321250304_0.jpg	informative	not_informative	False	0.5396285951137543	0.07925716042518616	0.4603714346885681	0.5396285951137543
870502689439862784	What does a dignity kit comprise? Check it out: FloodSL SRHR	data_image/srilanka_floods/2_6_2017/870502689439862784_0.jpg	not_informative	informative	False	0.5394765138626099	0.07895299792289734	0.5394765138626099	0.4605235159397125
905522969723666432	Please join us in collecting items for Hurricane Harvey Victims.	data_image/hurricane_harvey/6_9_2017/905522969723666432_1.jpg	informative	not_informative	False	0.5392187684774399	0.07843752950429916	0.4607812389731407	0.5392187684774399
906675989404676097	Now there are UFOs in FortLauderdale???? Irma2017 HurricaneIrma tornado	data_image/hurricane_harvey/10_9_2017/906675989404676097_0.jpg	not_informative	informative	False	0.5389655604958534	0.07793109118938446	0.5389655604958534	0.46103446930646896
908182403570692097	Judge Andrew Napolitano: Irma, Harvey and other disasters -- If God loves us, why does he allow this stuff?	data_image/hurricane_harvey/14_9_2017/908182403570692097_0.jpg	not_informative	informative	False	0.5389150232076645	0.07783004641532898	0.5389150232076645	0.4610849767923355
916051876096954368	Proud to serve and aid the people of Puerto Rico. FDNY NYPD USAR NY TF-1 returns from deployment	data_image/hurricane_maria/5_10_2017/916051876096954368_0.jpg	not_informative	informative	False	0.538819432258606	0.07763887941837311	0.538819432258606	0.46118055284023285
910227973264916480	BVI IRMA Offices closed for IRMA.	data_image/hurricane_irma/19_9_2017/910227973264916480_0.jpg	informative	not_informative	False	0.5385640412569046	0.0771280974149704	0.4614359438419342	0.5385640412569046
905090831606063104	Football team surprised by former NFL stars after Harvey damages school	data_image/hurricane_harvey/5_9_2017/905090831606063104_0.jpg	not_informative	informative	False	0.5383641570806503	0.07672832161188126	0.5383641570806503	0.4616358354687691
909484004377858048	. members keep Hurricane Irma relief supplies flowing:	data_image/hurricane_irma/17_9_2017/909484004377858048_0.jpg	informative	not_informative	False	0.5383536368608475	0.07670725882053375	0.4616463780403137	0.5383536368608475
910131343350206466	WRT Irma forming over cool water, here's Judith Curry (an expert on hurricanes): (	data_image/hurricane_irma/19_9_2017/910131343350206466_0.jpg	informative	not_informative	False	0.5376546233892441	0.07530921697616577	0.4623454064130783	0.5376546233892441
913066535262081025	WSBTV reports RT BMonahanWSB: Maria is actually a hurricane again -- barely. Wind at 75 mph... but it's headed ou	data_image/hurricane_maria/27_9_2017/913066535262081025_0.jpg	informative	not_informative	False	0.5375708192586899	0.07514165341854095	0.4624291658401489	0.5375708192586899
923696810366865408	Whitefish's No-Bid Puerto Rico Contract Spotlights Troubled FEMA Grants -	data_image/hurricane_maria/26_10_2017/923696810366865408_0.jpg	not_informative	informative	False	0.5372261852025986	0.07445237040519714	0.5372261852025986	0.46277381479740143
871054362218344448	USA A8 donates $2.3 million to SriLanka 10 flood relief aid. Thank you America FC	data_image/srilanka_floods/3_6_2017/871054362218344448_0.jpg	informative	not_informative	False	0.5371397584676743	0.07427948713302612	0.46286027133464813	0.5371397584676743
908144973035528195	Chicago Jews donate and pitch in to help Houston afterHarvey	data_image/hurricane_harvey/14_9_2017/908144973035528195_0.jpg	informative	not_informative	False	0.536899670958519	0.07379931211471558	0.4631003588438034	0.536899670958519
927974014617903106	How HurricaneMaria could affect mentalhealth edchat naturaldisaster	data_image/hurricane_maria/7_11_2017/927974014617903106_0.jpg	not_informative	informative	False	0.5368888080120087	0.07377761602401733	0.5368888080120087	0.46311119198799133
914875275275587590	"You can help Hurricane Maria victims just by listening to Beyonce's ""Mi Gente"" remix"	data_image/hurricane_maria/2_10_2017/914875275275587590_0.jpg	not_informative	informative	False	0.536879301071167	0.073758564889431	0.536879301071167	0.463120736181736
906950458371198976	Tornado Warning that covers all of Brevard County. Good grief. Tony and Eric have it covered now on .	data_image/hurricane_harvey/10_9_2017/906950458371198976_0.jpg	informative	not_informative	False	0.536814883351326	0.07362975180149078	0.4631851315498352	0.536814883351326
913929718352764928	First round to donate! Thk you Ms.Walsh for organizing PuertoRicoRelief mexicoearthquake	data_image/mexico_earthquake/30_9_2017/913929718352764928_0.jpg	informative	not_informative	False	0.5363270193338394	0.07265405356884003	0.4636729657649994	0.5363270193338394
906723141912801280	Watch on Periscope: Harvey Irma Prophecy Prayer	data_image/hurricane_harvey/10_9_2017/906723141912801280_0.jpg	not_informative	informative	False	0.5357877686619759	0.07157554849982262	0.5357877686619759	0.46421222016215324
901758957299138560	Harvey to move on average 2.4 mph over the next five days. Flooding will last for DAYS. txwx	data_image/hurricane_harvey/27_8_2017/901758957299138560_0.jpg	informative	not_informative	False	0.5357643663883209	0.07152873277664185	0.4642356336116791	0.5357643663883209
913399695699046400	Typical entry on PuertoRico HurricaneMaria Facebook groups these days.	data_image/hurricane_maria/28_9_2017/913399695699046400_0.jpg	not_informative	informative	False	0.5356910973787308	0.07138218730688095	0.5356910973787308	0.4643089100718498
922285156416835584	Houston-Waiting on FEMA	data_image/hurricane_maria/23_10_2017/922285156416835584_0.jpg	not_informative	informative	False	0.5355587750673294	0.07111755758523941	0.5355587750673294	0.46444121748209
910158416550744064	9/19 Post Irma Information	data_image/hurricane_irma/19_9_2017/910158416550744064_0.jpg	not_informative	informative	False	0.5354868173599243	0.07097363471984863	0.5354868173599243	0.4645131826400757
909437923703054336	TropicalStormMaria and tropicalstormlee follow in wakes of Irma , Jose |	data_image/hurricane_irma/17_9_2017/909437923703054336_0.jpg	informative	not_informative	False	0.5350082069635391	0.07001638412475586	0.46499182283878326	0.5350082069635391
913060308855468033	"hey Nyle, this woman is helping people after Mexico's earthquake, the sign says ""I'm deaf""."	data_image/mexico_earthquake/27_9_2017/913060308855468033_0.jpg	informative	not_informative	False	0.5350019484758377	0.0700039304792881	0.4649980179965496	0.5350019484758377
906976806015782913	Nothing but respect for MY president houston hurricaneharvey HoustonStrong beyhive beyonce beystan	data_image/hurricane_harvey/10_9_2017/906976806015782913_0.jpg	not_informative	informative	False	0.5349305421113968	0.06986106932163239	0.5349305421113968	0.4650694727897644
909695732126552064	At last check 312 JEA customers without power one week after Irma. Info-	data_image/hurricane_irma/18_9_2017/909695732126552064_1.jpg	informative	not_informative	False	0.5344976633787155	0.06899534165859222	0.4655023217201233	0.5344976633787155
908878679186358279	Harvey will make the history books for nation's wettest storm - Houston Chronicle news	data_image/hurricane_harvey/16_9_2017/908878679186358279_0.jpg	not_informative	informative	False	0.5342823714017868	0.0685647577047348	0.5342823714017868	0.465717613697052
912352957567504385	I don't have otters but here's the dog that has helped rescuing many people in Mexico's earthquake ;)	data_image/mexico_earthquake/25_9_2017/912352957567504385_0.jpg	informative	not_informative	False	0.5341801866889	0.0683603584766388	0.4658198282122612	0.5341801866889
9,22833E+17	DSNAP is now open following the California wildfires:	data_image/california_wildfires/24_10_2017/922832577001598976_0.jpg	not_informative	informative	False	0.5337802916765213	0.0675606345757842	0.5337802916765213	0.4662196571007371
911633175100690433	Over 2000 bottles of water hVe been donated. Thank you.... w love you Dominica hurricaneMaria	data_image/hurricane_maria/23_9_2017/911633175100690433_2.jpg	informative	not_informative	False	0.5336028188467026	0.06720560789108276	0.4663972109556198	0.5336028188467026
915227533993529344	Frida, a Labrador, has been working tirelessly after the earthquake in Mexico.	data_image/mexico_earthquake/3_10_2017/915227533993529344_0.jpg	not_informative	informative	False	0.5333260744810104	0.06665214989334345	0.5333260744810104	0.466673924587667
910630415815262208	Please continue to pray for Mexico and contribute to the relief efforts. F	data_image/mexico_earthquake/20_9_2017/910630415815262208_0.jpg	not_informative	informative	False	0.533294215798378	0.06658843159675598	0.533294215798378	0.466705784201622
909895739546980353	Irma costs to Jax to be 'equal or a bit more' than Matthew FlaPol jaxpol via	data_image/hurricane_irma/18_9_2017/909895739546980353_0.jpg	informative	not_informative	False	0.5331139415502548	0.06622786819934845	0.46688607335090637	0.5331139415502548
912256651184541697	Calgary couple describes terrifying ordeal in Mexico City earthquake	data_image/mexico_earthquake/25_9_2017/912256651184541697_0.jpg	not_informative	informative	False	0.5330601818859577	0.06612032186239958	0.5330601818859577	0.46693986002355814
927964046137192448	. asks how many streets have been fully repaired in Puerto Rico? Zero.	data_image/hurricane_maria/7_11_2017/927964046137192448_0.jpg	not_informative	informative	False	0.5330050587654114	0.06601007841527462	0.5330050587654114	0.46699498035013676
909714435920494594	All eyes on Maria as it heads over simliar islands that got hit with Irma. Sending Fto them, as we watch it closely	data_image/hurricane_irma/18_9_2017/909714435920494594_0.jpg	informative	not_informative	False	0.5328959375619888	0.06579186022281647	0.46710407733917236	0.5328959375619888
910637646526996481	Powerful Hurricane Maria right now StormVolume Fox35	data_image/hurricane_maria/20_9_2017/910637646526996481_0.jpg	informative	not_informative	False	0.5325916707515717	0.06518332660198212	0.46740834414958954	0.5325916707515717
928376117144248320	Private company buys 26 Generac generators for employees without power in Puerto Rico!	data_image/hurricane_maria/8_11_2017/928376117144248320_0.jpg	not_informative	informative	False	0.5321623384952545	0.06432461738586426	0.5321623384952545	0.46783772110939026
904623406133501953	HurricaneHarvey Prophesied, one month later FULFILLED. Surely He is a Just Judge	data_image/hurricane_harvey/4_9_2017/904623406133501953_0.jpg	not_informative	informative	False	0.5320592969655991	0.06411860883235931	0.5320592969655991	0.46794068813323975
923213507147026433	Dogs from Puerto Rico available for adoption Thursday in Vanderburgh Co. >>>	data_image/hurricane_maria/25_10_2017/923213507147026433_0.jpg	not_informative	informative	False	0.5318590328097343	0.0637180544435978	0.5318590328097343	0.46814097836613655
909415257315184640	MyRadarWX: Risk of severe storms over the Southern High Plains. Hail, winds, a tornado or two possible here today.	data_image/hurricane_harvey/17_9_2017/909415257315184640_0.jpg	informative	not_informative	False	0.5317596346139908	0.06351923942565918	0.4682403951883316	0.5317596346139908
910150633436663808	Helping distribute Irma supplies.	data_image/hurricane_irma/19_9_2017/910150633436663808_1.jpg	informative	not_informative	False	0.531440943479538	0.06288185715675354	0.4685590863227844	0.531440943479538
911687587441586176	Hurricane Maria won't impact directly, but indirectly bring high surf to our coastline the next two days...	data_image/hurricane_maria/23_9_2017/911687587441586176_0.jpg	informative	not_informative	False	0.5309434533119202	0.06188693642616272	0.46905651688575745	0.5309434533119202
9,22978E+17	Wildfire breaks out in California's Ventura County	data_image/california_wildfires/25_10_2017/922977684728061952_0.jpg	not_informative	informative	False	0.5307397693395615	0.061479538679122925	0.5307397693395615	0.46926023066043854
875297155535192064	FloodSL: over 2,500 live births are expected in the next 3 months in SriLanka.	data_image/srilanka_floods/15_6_2017/875297155535192064_0.jpg	not_informative	informative	False	0.5305332392454147	0.061066463589668274	0.5305332392454147	0.46946677565574646
910546943457349632	Tropical Jose may be waiting for Hurricane Maria.	data_image/hurricane_maria/20_9_2017/910546943457349632_1.jpg	informative	not_informative	False	0.5304294675588608	0.06085893511772156	0.4695705324411392	0.5304294675588608
907788481719611392	We leave for China in 5 days!! jnj HurricaneHarvey	data_image/hurricane_harvey/13_9_2017/907788481719611392_0.jpg	not_informative	informative	False	0.5303224325180054	0.060644879937171936	0.5303224325180054	0.46967755258083344
909221299557486592	captured this one a couple weeks ago from a tornado-warned storm near Valley City, ND.	data_image/hurricane_harvey/17_9_2017/909221299557486592_0.jpg	informative	not_informative	False	0.5301995873451233	0.060399189591407776	0.4698003977537155	0.5301995873451233
904212397698711552	Millions of fire ants floating in flooding from Harvey	data_image/hurricane_harvey/3_9_2017/904212397698711552_0.jpg	informative	not_informative	False	0.5300235748291016	0.06004711985588074	0.4699764549732208	0.5300235748291016
923324822360174593	Bilingual Panel To Discuss Help For Hurricane Maria Evacuees	data_image/hurricane_maria/25_10_2017/923324822360174593_0.jpg	not_informative	informative	False	0.529749296605587	0.0594986267387867	0.529749296605587	0.4702506698668003
922735995459702785	Russian tennis star Sharapova provides humanitarian aid to hurricane-hit Puerto Rico	data_image/hurricane_maria/24_10_2017/922735995459702785_0.jpg	informative	not_informative	False	0.5297283977270126	0.059456780552864075	0.47027161717414856	0.5297283977270126
914121512646361088	Thank you K9s Military Police for your dogs saving lives MexicoEarthquake ...heroes	data_image/mexico_earthquake/30_9_2017/914121512646361088_0.jpg	not_informative	informative	False	0.5296686328947544	0.05933724716305733	0.5296686328947544	0.4703313857316971
907863144286081026	Come on Aileen! stormaileen puns weather storms harvey irma comeoneileen comeonaileen illustration comic	data_image/hurricane_harvey/13_9_2017/907863144286081026_0.jpg	not_informative	informative	False	0.5296002812683582	0.059200551360845566	0.5296002812683582	0.47039972990751266
904623406133501953	HurricaneHarvey Prophesied, one month later FULFILLED. Surely He is a Just Judge	data_image/hurricane_harvey/4_9_2017/904623406133501953_1.jpg	not_informative	informative	False	0.5295556038618088	0.05911123752593994	0.5295556038618088	0.47044436633586884
912452761714905088	Delta getting folks OUT of Puerto Rico SJU may be harder than before HurricaneMaria!	data_image/hurricane_maria/25_9_2017/912452761714905088_0.jpg	informative	not_informative	False	0.5293428152799606	0.05868564546108246	0.4706571698188782	0.5293428152799606
904565472263258112	Idaho company, nonprofits donate pet supplies to Hurricane Harvey relief effort	data_image/hurricane_harvey/4_9_2017/904565472263258112_0.jpg	informative	not_informative	False	0.5292882472276688	0.05857648700475693	0.47071176022291183	0.5292882472276688
907951923965382656	Aid for Cuero, hit by Hurricane Harvey, is part of KTD activities	data_image/hurricane_harvey/13_9_2017/907951923965382656_0.jpg	informative	not_informative	False	0.5292833298444748	0.058566659688949585	0.4707166701555252	0.5292833298444748
915995328075223040	"Clinton: Puerto Rico is ""most tragic"" example of Trump only serving his base"	data_image/hurricane_maria/5_10_2017/915995328075223040_0.jpg	not_informative	informative	False	0.529269203543663	0.058538421988487244	0.529269203543663	0.4707307815551758
901809493671124992	Here is a picture edit of me with a umbrella upside down during hurricane Harvey.	data_image/hurricane_harvey/27_8_2017/901809493671124992_0.jpg	informative	not_informative	False	0.5292133390903473	0.05842667818069458	0.4707866609096527	0.5292133390903473
905060268304211968	Help us Help Harvey! Give whatever you can today at the scramble light!	data_image/hurricane_harvey/5_9_2017/905060268304211968_0.jpg	informative	not_informative	False	0.5291720107197762	0.05834400653839111	0.47082800418138504	0.5291720107197762
9,20402E+17	Bank CEO perseveres after losing home in California wildfires	data_image/california_wildfires/17_10_2017/920402057613287424_0.jpg	not_informative	informative	False	0.5291243344545364	0.05824870616197586	0.5291243344545364	0.4708756282925606
908798773471584256	NZers return from fighting 'tornado-like' Canadian wildfires.	data_image/hurricane_harvey/15_9_2017/908798773471584256_0.jpg	informative	not_informative	False	0.5289286375045776	0.05785727500915527	0.47107136249542236	0.5289286375045776
916118866178330624	This about the efforts of American Amateur Radio operators in Puerto Rico.	data_image/hurricane_maria/6_10_2017/916118866178330624_0.jpg	not_informative	informative	False	0.5286973714828491	0.057394735515117645	0.5286973714828491	0.4713026359677315
9,19875E+17	California wildfires threatening state's wine, tourism industries usa vacation travel	data_image/california_wildfires/16_10_2017/919875217622814721_0.jpg	informative	not_informative	False	0.5278586223721504	0.05571725219488144	0.472141370177269	0.5278586223721504
872670344032665600	Sri Lanka Flood Relief 2017 with Dhammakaya Foundation & Dhammakaya Devotees and WBSY.	data_image/srilanka_floods/8_6_2017/872670344032665600_2.jpg	not_informative	informative	False	0.5278033651411533	0.055606722831726074	0.5278033651411533	0.47219664230942726
909788271600947200	Recovery crew, Hurricane Irma, Coral Gables, Fl	data_image/hurricane_irma/18_9_2017/909788271600947200_0.jpg	informative	not_informative	False	0.527759563177824	0.05551913008093834	0.4722404330968857	0.527759563177824
914482220299104257	Friends & family greeted search & rescue team back California MexicoEarthquake . WELCOME HOME!!	data_image/mexico_earthquake/1_10_2017/914482220299104257_1.jpg	not_informative	informative	False	0.5273879915475845	0.05477598309516907	0.5273879915475845	0.47261200845241547
909450713377501185	Aid just keeps on coming from one small island to a tiny island barbuda irma	data_image/hurricane_irma/17_9_2017/909450713377501185_0.jpg	informative	not_informative	False	0.5271077938377857	0.05421561375260353	0.4728921800851822	0.5271077938377857
913804552289255424	CBP drives supplies from to for transport to . HurricaneMaria	data_image/hurricane_maria/29_9_2017/913804552289255424_0.jpg	informative	not_informative	False	0.5269663110375404	0.05393259972333908	0.47303371131420135	0.5269663110375404
909769464337588225	$LIGA fully sustainable and disaster resistant living environments. Irma Harvey	data_image/hurricane_irma/18_9_2017/909769464337588225_0.jpg	informative	not_informative	False	0.526839554309845	0.05367910861968994	0.47316044569015503	0.526839554309845
911684280820146177	0 Hands of Hope 0 This lady is doing amazing work for victims of HurricaneMaria and the MexicoEarthquake	data_image/mexico_earthquake/23_9_2017/911684280820146177_0.jpg	not_informative	informative	False	0.5267737060785294	0.053547441959381104	0.5267737060785294	0.47322626411914825
910610674983636993	White House statement on Hurricane Maria response and recovery efforts:	data_image/hurricane_maria/20_9_2017/910610674983636993_0.jpg	informative	not_informative	False	0.526760458946228	0.05352088809013367	0.47323957085609436	0.526760458946228
923633471452581896	wwmsrocks raised almost $500 with a bake sale to donate to to help victims of Hurricane Maria! edisonk12	data_image/hurricane_maria/26_10_2017/923633471452581896_0.jpg	informative	not_informative	False	0.5266780257225037	0.05335603654384613	0.47332198917865753	0.5266780257225037
906937609519292416	Hoover cooking lunch for Harvey & Irma evacuees at the RV Park. Irma	data_image/hurricane_harvey/10_9_2017/906937609519292416_0.jpg	informative	not_informative	False	0.5265728831291199	0.05314581096172333	0.47342707216739655	0.5265728831291199
910162808603627523	Irma missed Puerto Rico, HurricaneMaria will not	data_image/hurricane_irma/19_9_2017/910162808603627523_0.jpg	informative	not_informative	False	0.5265606939792633	0.05312137305736542	0.4734393209218979	0.5265606939792633
9,17957E+17	Were The California Wildfires DeliberatelySet?	data_image/california_wildfires/11_10_2017/917957391957848066_0.jpg	informative	not_informative	False	0.5263886004686356	0.05277722328901291	0.47361137717962265	0.5263886004686356
909448137185677312	Real-life hurricanes and the importance of sports by	data_image/hurricane_irma/17_9_2017/909448137185677312_0.jpg	informative	not_informative	False	0.5263876393437386	0.05277525633573532	0.47361238300800323	0.5263876393437386
904379734754287616	ETH084 - Hurricane Harvey, JamHam and more with guest Co-Host hamradio	data_image/hurricane_harvey/3_9_2017/904379734754287616_0.jpg	not_informative	informative	False	0.5261447876691818	0.05228959023952484	0.5261447876691818	0.473855197429657
927974965709651968	Come to Dream Valley 'til 12:30 to help pack backpacks for kids in Puerto Rico! It's so easy! DF17	data_image/hurricane_maria/7_11_2017/927974965709651968_0.jpg	informative	not_informative	False	0.5260872840881348	0.05217461287975311	0.47391267120838165	0.5260872840881348
912284013188014080	After Maria, hurricane respite may beshort-lived	data_image/hurricane_maria/25_9_2017/912284013188014080_0.jpg	informative	not_informative	False	0.5259097516536713	0.05181951820850372	0.47409023344516754	0.5259097516536713
9,19836E+17	Whole neighborhood burns in California but trees look untouched by fire?	data_image/california_wildfires/16_10_2017/919836010292416512_0.jpg	informative	not_informative	False	0.5257485061883926	0.05149700120091438	0.47425150498747826	0.5257485061883926
910151125168476160	After Irma's $1B Damage Puerto Rico Braces for Maria - via insurance	data_image/hurricane_irma/19_9_2017/910151125168476160_0.jpg	not_informative	informative	False	0.525710217654705	0.0514204241335392	0.525710217654705	0.47428979352116585
912069255918735360	5pm Sunday Maria update... cat 2 storm centered WELL EAST of the Jacksonville Florida coast... heading north.	data_image/hurricane_maria/24_9_2017/912069255918735360_0.jpg	informative	not_informative	False	0.5253624767065048	0.05072498321533203	0.4746374934911728	0.5253624767065048
910576405330640896	Atlantic Infrared Satellite Hurricane Maria TropicalStorm Jose	data_image/hurricane_maria/20_9_2017/910576405330640896_0.jpg	not_informative	informative	False	0.5251926630735397	0.05038534849882126	0.5251926630735397	0.4748073145747185
931664033299738625	Tukish aid to Iraqs earthquake.	data_image/iraq_iran_earthquake/17_11_2017/931664033299738625_0.jpg	not_informative	informative	False	0.5251423269510269	0.050284601747989655	0.5251423269510269	0.47485772520303726
913051514419269632	Now Hatteras Island getting hammered by Hurricane Maria	data_image/hurricane_maria/27_9_2017/913051514419269632_1.jpg	informative	not_informative	False	0.5251341611146927	0.050268322229385376	0.4748658388853073	0.5251341611146927
9,19989E+17	The fire and the damage done	data_image/california_wildfires/16_10_2017/919989130683064320_0.jpg	not_informative	informative	False	0.5247392170131207	0.049478438682854176	0.5247392170131207	0.4752607783302665
906668551028789249	NCAA OKs request by Houston coach for aid to Harvey victims. Read More: Sports News	data_image/hurricane_harvey/10_9_2017/906668551028789249_0.jpg	informative	not_informative	False	0.5245684683322906	0.04913689196109772	0.47543157637119293	0.5245684683322906
906631054303383554	The saddest moment of Harvey cleanup devinereserve Harvey2017 HoustonStrong	data_image/hurricane_harvey/9_9_2017/906631054303383554_1.jpg	not_informative	informative	False	0.5240597948431969	0.04811965045519173	0.5240597948431969	0.47594014438800514
907317301673959426	Possible Tornado near Chas. Airport- dangerous weather breaking out all over! Watch Live5 News now!chsnews	data_image/hurricane_harvey/11_9_2017/907317301673959426_0.jpg	informative	not_informative	False	0.5240525305271149	0.04810504615306854	0.4759474843740463	0.5240525305271149
910695387157188608	The LAGalaxy donned black armbands during ATLvLA to honor those lost in Mexico's tragic Earthquake. FuerzaMexico	data_image/mexico_earthquake/21_9_2017/910695387157188608_2.jpg	not_informative	informative	False	0.5237020701169968	0.04740411043167114	0.5237020701169968	0.4762979596853256
9,17832E+17	Calistoga Fire tubbsfire napafire ABC7now kron4news fire california napa	data_image/california_wildfires/10_10_2017/917832022017445888_1.jpg	not_informative	informative	False	0.523607149720192	0.047214314341545105	0.523607149720192	0.47639283537864685
910698951988383744	We are still tracking Hurricane Maria as it heads northwest!	data_image/hurricane_maria/21_9_2017/910698951988383744_0.jpg	informative	not_informative	False	0.5235081911087036	0.04701635241508484	0.4764918386936188	0.5235081911087036
9,207E+17	Much-needed rain & higher humidity arrives tomorrow eve across N. California. rain wildfire weather	data_image/california_wildfires/18_10_2017/920700423497048065_0.jpg	informative	not_informative	False	0.5235031843185425	0.047006383538246155	0.4764968007802963	0.5235031843185425
904528601567158273	I'm not saying it's true... I'm not saying it's not... You never know. Houston HurricaneHarvey	data_image/hurricane_harvey/4_9_2017/904528601567158273_0.jpg	not_informative	informative	False	0.5232895761728287	0.04657915234565735	0.5232895761728287	0.4767104238271713
911607653109059587	Hurricane Maria to move east of Jacksonville late this weekend	data_image/hurricane_maria/23_9_2017/911607653109059587_0.jpg	informative	not_informative	False	0.5231381505727768	0.0462762713432312	0.4768618792295456	0.5231381505727768
930120851634102272	Pope offers 'prayerful solidarity' to Iran-Iraq earthquake victims	data_image/iraq_iran_earthquake/13_11_2017/930120851634102272_0.jpg	not_informative	informative	False	0.5229937173426151	0.045987410470843315	0.5229937173426151	0.4770063068717718
911633175100690433	Over 2000 bottles of water hVe been donated. Thank you.... w love you Dominica hurricaneMaria	data_image/hurricane_maria/23_9_2017/911633175100690433_0.jpg	informative	not_informative	False	0.5228914171457291	0.04578278958797455	0.4771086275577545	0.5228914171457291
907077391968858112	allstate harvey houstonflood Att'a way Allstate. Not many qualifed women adjusters. This lady is terrific.	data_image/hurricane_harvey/11_9_2017/907077391968858112_0.jpg	not_informative	informative	False	0.5227745473384857	0.04554907977581024	0.5227745473384857	0.4772254675626755
909797659795427334	Irma takes down iconic Wish Tree at Salvadore Dali Museum	data_image/hurricane_irma/18_9_2017/909797659795427334_0.jpg	informative	not_informative	False	0.522374227643013	0.04474844038486481	0.4776257872581482	0.522374227643013
906516516123930624	Tornado warning from Irma are starting to pop up. At 955a Sep 9.	data_image/hurricane_harvey/9_9_2017/906516516123930624_0.jpg	informative	not_informative	False	0.522041916847229	0.0440838485956192	0.4779580682516098	0.522041916847229
911948866567725059	Mexico music professor: I was about to teach a class when the earthquake struck	data_image/mexico_earthquake/24_9_2017/911948866567725059_0.jpg	not_informative	informative	False	0.521894060075283	0.04378814622759819	0.521894060075283	0.47810591384768486
922923896004689921	On the brink of running out of cash, Puerto Rico gets lifeline from Capitol Hill:	data_image/hurricane_maria/24_10_2017/922923896004689921_0.jpg	not_informative	informative	False	0.5212198346853256	0.04243968427181244	0.5212198346853256	0.4787801504135132
9,18235E+17	Wildfires destroy Northern California wineriesMetal racks... News NewsPhotos WorldNews	data_image/california_wildfires/11_10_2017/918235098591514626_0.jpg	informative	not_informative	False	0.5210046358406544	0.04200928658246994	0.47899534925818443	0.5210046358406544
909931316484784129	Researchpreneur ScienceAlertsCaribbean Braces for Maria: 'When Will All of the	data_image/hurricane_irma/19_9_2017/909931316484784129_0.jpg	not_informative	informative	False	0.5209520906209946	0.04190421104431152	0.5209520906209946	0.47904787957668304
905796829845090304	A couple of XIII Sqn Tornado scans......... Loop, June 2001 and M6 Pass, May 2002.	data_image/hurricane_harvey/7_9_2017/905796829845090304_0.jpg	not_informative	informative	False	0.52091084420681	0.04182171821594238	0.52091084420681	0.4790891259908676
915294286756876288	Trump throwing paper towels at a crowd in Puerto Rico is his strangest attempt at hurricane relief yet	data_image/hurricane_maria/3_10_2017/915294286756876288_0.jpg	not_informative	informative	False	0.5208458453416824	0.04169170558452606	0.5208458453416824	0.47915413975715637
915105838892748800	President condoles Mexico earthquake victims	data_image/mexico_earthquake/3_10_2017/915105838892748800_0.png	not_informative	informative	False	0.5203974284231663	0.04079481028020382	0.5203974284231663	0.47960261814296246
916227774318366720	Street Art by Fintan Magee, highlighting climate change impact on Puerto Rico	data_image/hurricane_maria/6_10_2017/916227774318366720_0.jpg	not_informative	informative	False	0.5203207805752754	0.0406415481120348	0.5203207805752754	0.4796792324632406
875202637473476609	Flood biggest calamity which happened recently in Sri Lanka. done their duty. 2500 ltrs has been donated.	data_image/srilanka_floods/15_6_2017/875202637473476609_1.jpg	informative	not_informative	False	0.5203190520405769	0.040638089179992676	0.47968096286058426	0.5203190520405769
909753444952657920	Navy Medics join HMSOcean on humanitarian mission Irma Ukaid	data_image/hurricane_irma/18_9_2017/909753444952657920_0.jpg	informative	not_informative	False	0.5201848596334457	0.04036968946456909	0.47981517016887665	0.5201848596334457
910730847195561984	Charlotte News Carolinians urged to remain vigilant about Hurricane Maria	data_image/hurricane_maria/21_9_2017/910730847195561984_0.jpg	informative	not_informative	False	0.5199153423309326	0.03983066976070404	0.4800846725702286	0.5199153423309326
909740358371889152	Police arrest 14 people in Cuba for looting during hurricane Irma	data_image/hurricane_irma/18_9_2017/909740358371889152_0.jpg	not_informative	informative	False	0.5199148505926132	0.03982974588871002	0.5199148505926132	0.4800851047039032
908454070251343874	pnk portable network kit prototype no. 2 prepped for deployment to irma and harvey affected areas	data_image/hurricane_harvey/14_9_2017/908454070251343874_0.jpg	not_informative	informative	False	0.5198868066072464	0.0397736020386219	0.5198868066072464	0.4801132045686245
913418380312551425	Labrador Helping Mexico's Earthquake Efforts Earns Presidential Thanks	data_image/mexico_earthquake/28_9_2017/913418380312551425_0.png	not_informative	informative	False	0.5198523998260498	0.039704740047454834	0.5198523998260498	0.48014765977859497
909462715235581953	Promise Delivered: President Trump Sends 12 PERSONAL CHECKS to Hurricane Harvey Relief	data_image/hurricane_harvey/17_9_2017/909462715235581953_0.jpg	informative	not_informative	False	0.5195219814777374	0.039043959230184555	0.48047802224755287	0.5195219814777374
929504336094416897	Also check out the table to send support for Hunger and Homelessness in Puerto Rico	data_image/hurricane_maria/12_11_2017/929504336094416897_0.jpg	informative	not_informative	False	0.5194067507982254	0.03881353139877319	0.4805932193994522	0.5194067507982254
872670344032665600	Sri Lanka Flood Relief 2017 with Dhammakaya Foundation & Dhammakaya Devotees and WBSY.	data_image/srilanka_floods/8_6_2017/872670344032665600_0.jpg	not_informative	informative	False	0.5193833559751511	0.03876672312617302	0.5193833559751511	0.48061663284897804
904508316579225601	Get your daily deals here! hurricaneharveyskincaremakeupavon	data_image/hurricane_harvey/4_9_2017/904508316579225601_1.jpg	not_informative	informative	False	0.5193727910518646	0.03874559700489044	0.5193727910518646	0.4806271940469742
907378962879442944	S/O to OU FIJI for raising over $6,000 for hurricane relief.	data_image/hurricane_harvey/11_9_2017/907378962879442944_0.jpg	informative	not_informative	False	0.5192479193210602	0.03849582374095917	0.480752095580101	0.5192479193210602
907148608876810240	Picture of tornado warning. Atlantic / Neptune but please assume near you too.	data_image/hurricane_harvey/11_9_2017/907148608876810240_0.jpg	informative	not_informative	False	0.5190471112728119	0.03809423744678497	0.4809528738260269	0.5190471112728119
910067231408771072	Winston-Salem native back in NC from St. Thomas after Irma	data_image/hurricane_irma/19_9_2017/910067231408771072_0.jpg	not_informative	informative	False	0.5190296620130539	0.03805933892726898	0.5190296620130539	0.4809703230857849
910586516967088128	Mexico earthquake forces postponement of Clasico Nacional | Soccer	data_image/mexico_earthquake/20_9_2017/910586516967088128_0.jpg	not_informative	informative	False	0.5190282985568047	0.03805657476186752	0.5190282985568047	0.48097172379493713
911693378437500928	HurricaneMaria still Cat3 poses no immediate threat to landfall next few days..	data_image/hurricane_maria/23_9_2017/911693378437500928_1.jpg	informative	not_informative	False	0.5187905877828598	0.037581175565719604	0.4812094122171402	0.5187905877828598
909439227489898496	Emergency kits for those affected by Harvey and Irma lovethyneighbor	data_image/hurricane_harvey/17_9_2017/909439227489898496_0.jpg	informative	not_informative	False	0.5184787511825562	0.03695753216743469	0.48152121901512146	0.5184787511825562
905844397488660481	Donate underwear to Harvey victims, get a free cup of coffee in Cobb:	data_image/hurricane_harvey/7_9_2017/905844397488660481_0.jpg	informative	not_informative	False	0.5181370452046394	0.036274030804634094	0.48186301440000534	0.5181370452046394
916036010454130688	Operation Boricua- Military putting Puerto rico first	data_image/hurricane_maria/5_10_2017/916036010454130688_0.jpg	not_informative	informative	False	0.5180082768201828	0.0360165536403656	0.5180082768201828	0.4819917231798172
907240299847589888	I will never tire of this photo!jnj HurricaneHarvey	data_image/hurricane_harvey/11_9_2017/907240299847589888_0.jpg	not_informative	informative	False	0.5178774148225784	0.035754814743995667	0.5178774148225784	0.48212260007858276
910250177264476160	Irma's Gone, but Hurricane Jose Still Churning in Atlantic	data_image/hurricane_irma/19_9_2017/910250177264476160_0.jpg	informative	not_informative	False	0.5178074389696121	0.03561490774154663	0.4821925312280655	0.5178074389696121
910610147520733190	Hurricane Maria downgraded to a Category 2 storm. Here is the 5 PM advisory.	data_image/hurricane_maria/20_9_2017/910610147520733190_0.jpg	informative	not_informative	False	0.5178029090166092	0.03560583293437958	0.4821970760822296	0.5178029090166092
9,17852E+17	California's wildfires gave Disneyland an apocalyptic glow	data_image/california_wildfires/10_10_2017/917851589053943813_0.jpg	not_informative	informative	False	0.5173927992582321	0.03478561341762543	0.5173927992582321	0.4826071858406067
911742461051129856	Maria becoming more organized tonight - still a dangerous Category 3 hurricane	data_image/hurricane_maria/24_9_2017/911742461051129856_0.jpg	informative	not_informative	False	0.5173687636852264	0.034737542271614075	0.48263122141361237	0.5173687636852264
906870198694764549	Wind bands hitting already. 70+ gusts. First tornado warning of day just came across TV. irma	data_image/hurricane_harvey/10_9_2017/906870198694764549_0.jpg	informative	not_informative	False	0.5169423595070839	0.03388471156358719	0.4830576479434967	0.5169423595070839
877206435846922242	Some works of Antonio Mora. Very nice tattoo ideas actually.	data_image/srilanka_floods/20_6_2017/877206435846922242_2.jpg	not_informative	informative	False	0.5166039764881134	0.03320795297622681	0.5166039764881134	0.4833960235118866
923006293681377280	Puerto Rico power blackout the biggest in US history - World Socialist Web Site	data_image/hurricane_maria/25_10_2017/923006293681377280_0.jpg	not_informative	informative	False	0.5165831744670868	0.03316633403301239	0.5165831744670868	0.4834168404340744
909417096026759168	Please note that FIU is not a drop-off site for donations. How to help: Irma	data_image/hurricane_irma/17_9_2017/909417096026759168_0.jpg	not_informative	informative	False	0.5165160894393921	0.03303217142820358	0.5165160894393921	0.4834839180111885
906262452593197056	Kids at St. Joe's raised money for Harvey by paying $1 or more to have an out of uniform day	data_image/hurricane_harvey/8_9_2017/906262452593197056_0.jpg	not_informative	informative	False	0.5162245705723763	0.0324491448700428	0.5162245705723763	0.48377542570233345
910630238773641216	"Hurricane Maria becomes an 'extremely dangerous' stormHurricane Maria has strengthened to an ""extremely dangerous"".."	data_image/hurricane_maria/20_9_2017/910630238773641216_0.png	informative	not_informative	False	0.5161696523427963	0.03233928978443146	0.48383036255836487	0.5161696523427963
9,17836E+17	Striking satellite images show smoke, heat from California wildfires	data_image/california_wildfires/10_10_2017/917836387155677185_0.jpg	informative	not_informative	False	0.51612289249897	0.032245784997940063	0.48387710750102997	0.51612289249897
904898284573126657	McCarthy visits Hurricane Harvey survi.. Bakersfield 0	data_image/hurricane_harvey/5_9_2017/904898284573126657_0.jpg	not_informative	informative	False	0.5154805928468704	0.03096117079257965	0.5154805928468704	0.48451942205429077
909718455640719360	'Maria' to batter after 'Irma'; Second Hurricane to strike easternCaribbean	data_image/hurricane_irma/18_9_2017/909718455640719360_0.jpg	informative	not_informative	False	0.515081524848938	0.03016301989555359	0.4849185049533844	0.515081524848938
914562388489158656	. : how long Maria 'Stayed On' PR (Harvey Stayed on Texas 4 long Time!)	data_image/hurricane_maria/1_10_2017/914562388489158656_0.jpg	informative	not_informative	False	0.5150542296469212	0.03010844881646335	0.4849457808304578	0.5150542296469212
909829401629548544	Irma now CAT 5. NHC Forecast puts center near south Florida by Sunday. tristatewx	data_image/hurricane_irma/18_9_2017/909829401629548544_0.jpg	informative	not_informative	False	0.514999195933342	0.029998421669006348	0.48500077426433563	0.514999195933342
912351111436279810	NDBC station 41424 has a webcam and Hurricane Maria is heading straight for it.	data_image/hurricane_maria/25_9_2017/912351111436279810_0.jpg	informative	not_informative	False	0.514951691031456	0.029903367161750793	0.4850483238697052	0.514951691031456
906831916397199361	Don't forget the tornado threat today, says while literally gripping a tree in Miami. Irma	data_image/hurricane_harvey/10_9_2017/906831916397199361_0.jpg	informative	not_informative	False	0.5149312168359756	0.02986246347427368	0.48506875336170197	0.5149312168359756
909128086985338880	it's still flooded because of Harvey. fam 9	data_image/hurricane_harvey/16_9_2017/909128086985338880_0.jpg	informative	not_informative	False	0.514905720949173	0.02981141209602356	0.4850943088531494	0.514905720949173
910536972816601088	Cat. 4 Maria Blasting P.R., What's Next? From The Weather Channel iPhone App	data_image/hurricane_maria/20_9_2017/910536972816601088_0.jpg	informative	not_informative	False	0.5146948397159576	0.029389679431915283	0.48530516028404236	0.5146948397159576
909497199100399616	Savannah's undergoing repairs after Irma damage: |	data_image/hurricane_irma/17_9_2017/909497199100399616_0.jpg	informative	not_informative	False	0.5145666301250458	0.029133230447769165	0.4854333996772766	0.5145666301250458
910627988080873473	Matches of the Cup of Mexico are postponed because of a powerful earthquake	data_image/mexico_earthquake/20_9_2017/910627988080873473_0.jpg	not_informative	informative	False	0.5145509093999863	0.02910182625055313	0.5145509093999863	0.48544908314943314
909700175081467904	Sasquatch sighting in Punta Gorda FL during Irma!	data_image/hurricane_irma/18_9_2017/909700175081467904_0.jpg	informative	not_informative	False	0.5144164860248566	0.028832972049713135	0.48558351397514343	0.5144164860248566
913783841978044416	Old SAN Juan. Blackhawk & marine helicopters fill the air as we try to land.HurricaneMaria	data_image/hurricane_maria/29_9_2017/913783841978044416_0.jpg	not_informative	informative	False	0.5143782943487167	0.028756629675626755	0.5143782943487167	0.48562166467309
921457759828054016	Youngstown Air Reserve crews return from Puerto Rico mission	data_image/hurricane_maria/20_10_2017/921457759828054016_0.jpg	not_informative	informative	False	0.5143621265888214	0.028724268078804016	0.5143621265888214	0.4856378585100174
9,20457E+17	Thanks to all the donors who gave so generously to California Wildfire relief today! NNVredcross	data_image/california_wildfires/18_10_2017/920456927997583361_0.jpg	informative	not_informative	False	0.5139992386102676	0.02799847722053528	0.48600076138973236	0.5139992386102676
901671648935469058	Harvey is now a tropical storm with sustained winds of 70 mph	data_image/hurricane_harvey/27_8_2017/901671648935469058_0.jpg	informative	not_informative	False	0.5137642025947571	0.02752844989299774	0.48623575270175934	0.5137642025947571
905511356568305664	Up & running to help students register at Alief & all campuses HoustonStrong	data_image/hurricane_harvey/6_9_2017/905511356568305664_0.jpg	not_informative	informative	False	0.5137587934732437	0.02751760184764862	0.5137587934732437	0.4862411916255951
928239205074927616	Puerto Rico chief says there could be a case for limited Jones Act exemptions	data_image/hurricane_maria/8_11_2017/928239205074927616_0.jpg	not_informative	informative	False	0.5136507749557495	0.027301549911499023	0.5136507749557495	0.4863492250442505
910126584513941505	"Helping FLA. Today: 15% of all sales using code ""FLA"" goes to Gainesville Rabbit Rescue. irma irmarelief"	data_image/hurricane_irma/19_9_2017/910126584513941505_0.jpg	not_informative	informative	False	0.5135385096073151	0.02707706391811371	0.5135385096073151	0.48646144568920135
913029119008313344	TROPICAL UPDATE: Tropical Storm Maria is bigger, Hurricane Lee is stronger. No issue for FL. Moving away. swfl	data_image/hurricane_maria/27_9_2017/913029119008313344_0.jpg	informative	not_informative	False	0.5134932845830917	0.026986584067344666	0.48650670051574707	0.5134932845830917
910175660106231808	Gator Creek too a beating from hurricane Irma... 73 trees down! NicePoseZing	data_image/hurricane_irma/19_9_2017/910175660106231808_0.jpg	informative	not_informative	False	0.51312355697155	0.026247084140777588	0.4868764728307724	0.51312355697155
906096495061028864	Major David Harvey speaking with from about our 12 hr hygiene drive today at 1110 E Truman in KCMO.	data_image/hurricane_harvey/8_9_2017/906096495061028864_0.jpg	not_informative	informative	False	0.5129861980676651	0.02597235143184662	0.5129861980676651	0.4870138466358185
908595809389891584	President Trump speaks to reporters in the press cabin on an Air Force One	data_image/hurricane_harvey/15_9_2017/908595809389891584_0.jpg	not_informative	informative	False	0.5128279514610767	0.02565586566925049	0.5128279514610767	0.48717208579182625
908396808409317378	"The gravestone of blues legend Clarence ""Gatemouth"" Brown cracked at Hollywood Cemetery in Orange setxnews harvey"	data_image/hurricane_harvey/14_9_2017/908396808409317378_0.jpg	not_informative	informative	False	0.5123648941516876	0.02472977340221405	0.5123648941516876	0.48763512074947357
907423029973659648	Tornado Watch continues for the tri county and the nearby Atlantic Ocean water until midnight. chswx Irma	data_image/hurricane_harvey/12_9_2017/907423029973659648_0.jpg	informative	not_informative	False	0.5118207484483719	0.023641467094421387	0.4881792813539505	0.5118207484483719
870113671699193857	India, Srilanka have religious relationships. Indian_Navy playing vital role, to help in fighting flood. !	data_image/srilanka_floods/1_6_2017/870113671699193857_0.jpg	informative	not_informative	False	0.5117332935333252	0.023466557264328003	0.4882667362689972	0.5117332935333252
921692963130019842	Puerto Rico reaches out to Taliban for tips on getting US aid	data_image/hurricane_maria/21_10_2017/921692963130019842_0.jpg	not_informative	informative	False	0.5115232020616531	0.023046433925628662	0.5115232020616531	0.4884767681360245
872797884684451840	"That moment after live program ""New Parliament"" ! youth FloodSL ReligionOfPeace volunteer United"	data_image/srilanka_floods/8_6_2017/872797884684451840_0.jpg	not_informative	informative	False	0.5113105028867722	0.022621020674705505	0.5113105028867722	0.48868948221206665
922446438147280896	Puerto Rico in My Heart, a Chefs' Collaboration Benefit10/26/17	data_image/hurricane_maria/23_10_2017/922446438147280896_0.png	not_informative	informative	False	0.5112664103507996	0.022532805800437927	0.5112664103507996	0.48873360455036163
9,20651E+17	Forest City native shares experience evacuating from California wildfires	data_image/california_wildfires/18_10_2017/920650692951494656_2.jpg	not_informative	informative	False	0.5112300962209702	0.0224602110683918	0.5112300962209702	0.48876988515257835
921803413897216002	Volunteering & dropping donations at Puerto Rico Rises with my own family & fam BuggbyDesign	data_image/hurricane_maria/21_10_2017/921803413897216002_0.jpg	informative	not_informative	False	0.5103769153356552	0.02075381577014923	0.489623099565506	0.5103769153356552
929298296467873792	The future: climatesmarthealthcare and solar panels in Puerto Rico climatehealthsummit	data_image/hurricane_maria/11_11_2017/929298296467873792_1.jpg	not_informative	informative	False	0.5103519260883331	0.020703837275505066	0.5103519260883331	0.48964808881282806
921462391426240512	Stars unite for Puerto Rico relief FD6575757	data_image/hurricane_maria/20_10_2017/921462391426240512_0.jpg	not_informative	informative	False	0.509990394115448	0.01998080313205719	0.509990394115448	0.4900095909833908
905096259584884736	Blessings on blessings!! Amazed at the turnout so far for our Harvey relief drive, we'll be out here until 7 p.m.!	data_image/hurricane_harvey/5_9_2017/905096259584884736_2.jpg	informative	not_informative	False	0.5098204165697098	0.019640818238258362	0.4901795983314514	0.5098204165697098
923556974486343680	Energy Company Tasked With Bringing Power Back to Puerto Rico Gets Into Twitter Beef with Mayor Instead	data_image/hurricane_maria/26_10_2017/923556974486343680_0.jpg	not_informative	informative	False	0.509736567735672	0.0194731205701828	0.509736567735672	0.4902634471654892
9,18273E+17	Raining Ash and No Rest: Firefighters Struggle to Contain California Wildfires SocialMedia	data_image/california_wildfires/12_10_2017/918272560848101376_0.jpg	informative	not_informative	False	0.5097062289714813	0.019412457942962646	0.4902937710285187	0.5097062289714813
911784798162735104	For anyone concerned, this seems like good news. rossuniversity hurricanemaria Dominica	data_image/hurricane_maria/24_9_2017/911784798162735104_0.jpg	not_informative	informative	False	0.5096231549978256	0.01924629509449005	0.5096231549978256	0.49037685990333557
914675894278434816	Simpsons end credits tonight. Fuck you with a rusty stump unidosporpuertorico HurricaneMaria	data_image/hurricane_maria/2_10_2017/914675894278434816_0.jpg	not_informative	informative	False	0.5094216056168079	0.01884320378303528	0.5094216056168079	0.49057840183377266
910214970650087425	Significant shift SW of track of Hurricane Irma in GFS model thru Day 5. 0	data_image/hurricane_irma/19_9_2017/910214970650087425_0.jpg	informative	not_informative	False	0.5092960596084595	0.01859211176633835	0.4907039478421211	0.5092960596084595
871734745394102272	What's next at Voice Foundation lka FloodSL if you wish to help out, contact Moses on 0772512374	data_image/srilanka_floods/5_6_2017/871734745394102272_1.jpg	not_informative	informative	False	0.5092606991529465	0.018521413207054138	0.5092606991529465	0.49073928594589233
909394672698740737	Islands hit by Irma bracing for another hurricane	data_image/hurricane_irma/17_9_2017/909394672698740737_0.jpg	informative	not_informative	False	0.5090435445308685	0.018087103962898254	0.4909564405679703	0.5090435445308685
909782273280630784	Hurricane Irma debris pickup gets underway -->	data_image/hurricane_irma/18_9_2017/909782273280630784_0.jpg	informative	not_informative	False	0.509021207690239	0.0180424302816391	0.49097877740859985	0.509021207690239
905096939909328897	Approved HurricaneHarvey Nursing	data_image/hurricane_harvey/5_9_2017/905096939909328897_0.jpg	not_informative	informative	False	0.5090104341506958	0.018020831048488617	0.5090104341506958	0.4909896031022072
911786734626541568	Local drive fills hundreds of boxes to help with Hurricane Maria relief inPuert	data_image/hurricane_maria/24_9_2017/911786734626541568_0.jpg	informative	not_informative	False	0.5089759975671768	0.017952024936676025	0.4910239726305008	0.5089759975671768
914349365476691968	Puerto Rico got leveled by Hurricane Maria and all I got was this lousy t-shirt. From CNN?	data_image/hurricane_maria/1_10_2017/914349365476691968_0.jpg	not_informative	informative	False	0.5085434168577194	0.01708681881427765	0.5085434168577194	0.4914565980434418
909472199874154498	LTC News supports the Red Cross	data_image/hurricane_irma/17_9_2017/909472199874154498_0.jpg	informative	not_informative	False	0.5084338113665581	0.016867592930793762	0.4915662184357643	0.5084338113665581
909783995281440768	Insurance Stock Buying Opportunities Post Harvey & Irma -	data_image/hurricane_harvey/18_9_2017/909783995281440768_0.jpg	not_informative	informative	False	0.5084337443113327	0.0168675035238266	0.5084337443113327	0.4915662407875061
911512002954067968	San Juan flights still on hold in wake of Hurricane Maria	data_image/hurricane_maria/23_9_2017/911512002954067968_0.jpg	informative	not_informative	False	0.5083233714103699	0.01664680242538452	0.49167656898498535	0.5083233714103699
9,17971E+17	California's notorious winds feed wildfires	data_image/california_wildfires/11_10_2017/917970575997497344_0.jpg	informative	not_informative	False	0.5083128213882446	0.01662563532590866	0.49168718606233597	0.5083128213882446
913559017741602816	At 10&11, how Buffalo cyclists are helping those impacted by HurricaneMaria in PuertoRico.	data_image/hurricane_maria/29_9_2017/913559017741602816_3.jpg	informative	not_informative	False	0.5082116946578026	0.016423378139734268	0.4917883165180683	0.5082116946578026
9,19685E+17	What's on fire in Northern California? - Berkeleyside googlemaps	data_image/california_wildfires/15_10_2017/919685344563310592_0.jpg	informative	not_informative	False	0.5080735757946968	0.016147121787071228	0.4919264540076256	0.5080735757946968
911932765062311936	Support the children of oaxaca mexico and their recovery.	data_image/mexico_earthquake/24_9_2017/911932765062311936_0.jpg	not_informative	informative	False	0.5080045536160469	0.016009099781513214	0.5080045536160469	0.4919954538345337
914326540422451200	A pair of HurricaneMaria related readouts just issued by .	data_image/hurricane_maria/1_10_2017/914326540422451200_1.jpg	not_informative	informative	False	0.5078250020742416	0.015649989247322083	0.5078250020742416	0.49217501282691956
923399109238755329	Puerto Rico Benefit in a few days!	data_image/hurricane_maria/26_10_2017/923399109238755329_0.jpg	not_informative	informative	False	0.5076354965567589	0.015271026641130447	0.5076354965567589	0.49236446991562843
928945035290333185	20 packages of necessities & love on their way to Puerto Rico from our ESL Ambassadors	data_image/hurricane_maria/10_11_2017/928945035290333185_0.jpg	informative	not_informative	False	0.5075747519731522	0.015149518847465515	0.49242523312568665	0.5075747519731522
911611190714843136	Hurricane Maria/Mary: Advisory 30: Maria/Mary forecasted to track out into the Atlantic Ocean.	data_image/hurricane_maria/23_9_2017/911611190714843136_0.jpg	informative	not_informative	False	0.5074514448642731	0.014902874827384949	0.4925485700368881	0.5074514448642731
9,22659E+17	"Northern California fire survivors: ""It's shameful they didn't warn us"""	data_image/california_wildfires/24_10_2017/922658961937108992_0.jpg	not_informative	informative	False	0.5074488744139671	0.014897726476192474	0.5074488744139671	0.49255114793777466
910547261834366976	Raiders Release Statement on Central Mexico Earthquake	data_image/mexico_earthquake/20_9_2017/910547261834366976_0.jpg	not_informative	informative	False	0.5073182992637157	0.014636613428592682	0.5073182992637157	0.49268168583512306
909912124029272064	Still very early,but all indications are that Maria will move north much sooner than Irma,staying E of Florida 2/2	data_image/hurricane_irma/18_9_2017/909912124029272064_0.jpg	informative	not_informative	False	0.5071340650320053	0.014268100261688232	0.4928659647703171	0.5071340650320053
901697361541509120	House is flooded. Me & cats will sleep upstairs. Still have power. Hope neighbors ok!HurricaneHarvey please stop!	data_image/hurricane_harvey/27_8_2017/901697361541509120_0.jpg	informative	not_informative	False	0.507020890712738	0.014041781425476074	0.49297910928726196	0.507020890712738
909389185240485890	WATCH: Reporter rescues stranded dolphins while covering Hurricane Irma	data_image/hurricane_irma/17_9_2017/909389185240485890_0.jpg	informative	not_informative	False	0.5069767311215401	0.013953432440757751	0.4930232986807823	0.5069767311215401
9,23879E+17	How long will heat, wildfire threat persist in California?	data_image/california_wildfires/27_10_2017/923879231175630848_0.jpg	not_informative	informative	False	0.5068451911211014	0.013690412044525146	0.5068451911211014	0.49315477907657623
904853861378269184	All Tornado, Severe Thunderstorm, and Flash Flood warnings for the month of August:	data_image/hurricane_harvey/4_9_2017/904853861378269184_1.jpg	informative	not_informative	False	0.506571814417839	0.013143613934516907	0.49342820048332214	0.506571814417839
904277366851198982	President Trump and serving meals to HurricaneHarvey victims. Thank you	data_image/hurricane_harvey/3_9_2017/904277366851198982_0.jpg	informative	not_informative	False	0.506328672170639	0.012657374143600464	0.4936712980270386	0.506328672170639
906476295864946689	My Kids and I Tried to Escape Hurricane Harvey It Was Impossible fitnessworldabs	data_image/hurricane_harvey/9_9_2017/906476295864946689_0.jpg	informative	not_informative	False	0.5062476247549057	0.012495219707489014	0.4937524050474167	0.5062476247549057
910150747228172288	FPL throws some shade on a city's threat to sue over Irma power outage.	data_image/hurricane_irma/19_9_2017/910150747228172288_0.jpg	informative	not_informative	False	0.5059554874897003	0.011910960078239441	0.4940445274114609	0.5059554874897003
921733462377328640	Sunday, Oct 22, 2:00pm, 530 Broadway, United for Puerto Rico	data_image/hurricane_maria/21_10_2017/921733462377328640_0.jpg	not_informative	informative	False	0.5057663470506668	0.01153271272778511	0.5057663470506668	0.4942336343228817
901804807303954432	Sums it up in one pic: submerged car, HPD high water rescue, kayaker. Houston abc13 Harvey	data_image/hurricane_harvey/27_8_2017/901804807303954432_0.jpg	informative	not_informative	False	0.5054580867290497	0.010916158556938171	0.4945419281721115	0.5054580867290497
901822202022125571	Here's a mid-morning update on Harvey's future forecast in the Houston area	data_image/hurricane_harvey/27_8_2017/901822202022125571_0.jpg	informative	not_informative	False	0.505373626947403	0.010747238993644714	0.49462638795375824	0.505373626947403
9,20085E+17	Trump's Response To Deadly California Wildfires Has Americans Ready To Impeach	data_image/california_wildfires/17_10_2017/920085271265165312_0.jpg	not_informative	informative	False	0.5052290707826614	0.010458111763000488	0.5052290707826614	0.49477095901966095
911980209175281664	Now at PHX airport. Preparing to load plane to Mexico. MexicoEarthquake	data_image/mexico_earthquake/24_9_2017/911980209175281664_0.jpg	not_informative	informative	False	0.5051856860518456	0.010371431708335876	0.5051856860518456	0.4948142543435097
908128387939622912	FEMA barges expected to arrive in Port Arthur in two days	data_image/hurricane_harvey/14_9_2017/908128387939622912_0.jpg	not_informative	informative	False	0.5051638334989548	0.010327666997909546	0.5051638334989548	0.4948361665010452
904830278379687936	hypervocal: Israel pledges $1M in aid for Houston Jewish community after Harvey	data_image/hurricane_harvey/4_9_2017/904830278379687936_0.jpg	informative	not_informative	False	0.5051430761814117	0.01028616726398468	0.49485690891742706	0.5051430761814117
912332317452111872	11am Hurricane Maria Update storm expected to turn out to sea over the next 24 hours.	data_image/hurricane_maria/25_9_2017/912332317452111872_0.jpg	informative	not_informative	False	0.5051194280385971	0.01023884117603302	0.4948805868625641	0.5051194280385971
909301087819231232	Robert Deeble Tornado Swirl Paperweight Studio Art Glass	data_image/hurricane_harvey/17_9_2017/909301087819231232_0.jpg	not_informative	informative	False	0.5049842819571495	0.009968552738428116	0.5049842819571495	0.4950157292187214
911611972948545536	BREAKING: Dangerous surf expected as Hurricane Maria moves north.	data_image/hurricane_maria/23_9_2017/911611972948545536_0.jpg	informative	not_informative	False	0.5048245787620544	0.009649157524108887	0.49517542123794556	0.5048245787620544
9,17828E+17	Why California's wildfires are worse in the fall.	data_image/california_wildfires/10_10_2017/917828283047260161_2.jpg	informative	not_informative	False	0.5046980232000351	0.009396076202392578	0.4953019469976425	0.5046980232000351
927955915814375424	Read Chairman 's statement from his recent visit to Puerto Rico PRseLevanta	data_image/hurricane_maria/7_11_2017/927955915814375424_1.jpg	not_informative	informative	False	0.5045438781380653	0.009087763726711273	0.5045438781380653	0.49545611441135406
907343071905501184	2 trucks of insulation AC A-Team to the rescue! UNTOCHABLES A SWBEST Harvey	data_image/hurricane_harvey/11_9_2017/907343071905501184_1.jpg	informative	not_informative	False	0.5044573992490768	0.008914783596992493	0.49554261565208435	0.5044573992490768
911533645982289920	Maria is still a major hurricane -- and will actually have a positive effect on our weather this weekend -- dry!	data_image/hurricane_maria/23_9_2017/911533645982289920_0.jpg	informative	not_informative	False	0.5044134110212326	0.00882682204246521	0.4955865889787674	0.5044134110212326
909907990219653120	Bonita Shores Aerial Drone Post Irma Watch Now 9	data_image/hurricane_irma/18_9_2017/909907990219653120_0.jpg	not_informative	informative	False	0.5043390989303589	0.008678190410137177	0.5043390989303589	0.4956609085202217
908368867650666501	First Harvey, now Irma. Pres Trump & VPres Pence again with hurricane victims on the ground. Eyecontact leadership	data_image/hurricane_harvey/14_9_2017/908368867650666501_0.jpg	not_informative	informative	False	0.5042865499854088	0.008573085069656372	0.5042865499854088	0.4957134649157524
905714374844837889	This is on nasty looking hurricane. Irma on the move & heading towards Florida by Saturday. More on .	data_image/hurricane_irma/7_9_2017/905714374844837889_0.jpg	informative	not_informative	False	0.5041873604059219	0.00837475061416626	0.4958126097917557	0.5041873604059219
905706876624560129	More NEWS on last link. Hurricane Irma: Visual guide	data_image/hurricane_irma/7_9_2017/905706876624560129_0.jpg	informative	not_informative	False	0.5040839910507202	0.008167997002601624	0.4959159940481186	0.5040839910507202
909808555250868225	Blog Post: Why Caribbean Islands Went Brown And How Long Will They Stay That Way? Irma N	data_image/hurricane_irma/18_9_2017/909808555250868225_2.jpg	informative	not_informative	False	0.5040027126669884	0.008005417883396149	0.4959972947835922	0.5040027126669884
909714435920494594	All eyes on Maria as it heads over simliar islands that got hit with Irma. Sending Fto them, as we watch it closely	data_image/hurricane_irma/18_9_2017/909714435920494594_2.jpg	informative	not_informative	False	0.5039932876825333	0.007986560463905334	0.49600672721862793	0.5039932876825333
930023306002096130	Interesting 'coincidence' that the earthquake took place exactly on the artificial man-made border of Iraq and Iran!	data_image/iraq_iran_earthquake/13_11_2017/930023306002096130_0.jpg	informative	not_informative	False	0.5037297904491425	0.007459536194801331	0.4962702542543411	0.5037297904491425
905796606796197888	Gwinnett students collecting diapers for Harvey flood victims:	data_image/hurricane_harvey/7_9_2017/905796606796197888_0.jpg	informative	not_informative	False	0.5035985261201859	0.007197052240371704	0.49640147387981415	0.5035985261201859
906305568494817280	Operation blessing expecting thousands of volunteers tomorrow. Harvey Rockport	data_image/hurricane_harvey/8_9_2017/906305568494817280_0.jpg	informative	not_informative	False	0.5033769756555557	0.00675395131111145	0.4966230243444443	0.5033769756555557
901671714668527616	Harvey now classified as a tropical storm.	data_image/hurricane_harvey/27_8_2017/901671714668527616_0.jpg	informative	not_informative	False	0.5033547282218933	0.006709426641464233	0.4966453015804291	0.5033547282218933
921387092302757889	Without power, Puerto Rico turns to radio for information - and company in the dark	data_image/hurricane_maria/20_10_2017/921387092302757889_0.jpg	not_informative	informative	False	0.5033312290906906	0.006662450730800629	0.5033312290906906	0.49666877835989
913515779605266433	US Military Finally Heading To Puerto Rico And Virgin Islands After StormMaria	data_image/hurricane_maria/28_9_2017/913515779605266433_0.jpg	informative	not_informative	False	0.5033260956406593	0.006652183830738068	0.49667391180992126	0.5033260956406593
907669669670133760	Houston, We Have a Problem: Financial Inclusion in a Harvey World	data_image/hurricane_harvey/12_9_2017/907669669670133760_0.jpg	not_informative	informative	False	0.5033254027366638	0.006650775671005249	0.5033254027366638	0.49667462706565857
905796829845090304	A couple of XIII Sqn Tornado scans......... Loop, June 2001 and M6 Pass, May 2002.	data_image/hurricane_harvey/7_9_2017/905796829845090304_1.jpg	not_informative	informative	False	0.50331811606884	0.006636232137680054	0.50331811606884	0.49668188393116
905487148652036096	Dynamo and Dash players recount Harvey experiences ForeverOrange	data_image/hurricane_harvey/6_9_2017/905487148652036096_0.jpg	not_informative	informative	False	0.5033136531710625	0.006627261638641357	0.5033136531710625	0.4966863915324211
905801304714432512	LuLaRoe outfit Drops!! LuLaRoe outfits HurricaneHarvey ThreeFrogsandaTadpole	data_image/hurricane_harvey/7_9_2017/905801304714432512_0.jpg	not_informative	informative	False	0.5030125230550766	0.0060250163078308105	0.5030125230550766	0.4969875067472458
914989976688902145	Toys, clothes, shoes, books all going to Mexico for earthquake victims	data_image/mexico_earthquake/2_10_2017/914989976688902145_0.jpg	informative	not_informative	False	0.5029557943344116	0.005911603569984436	0.4970441907644272	0.5029557943344116
914120534572584960	When will this end SanJuanMayor HurricaneMaria	data_image/hurricane_maria/30_9_2017/914120534572584960_0.jpg	not_informative	informative	False	0.5026767700910568	0.00535351037979126	0.5026767700910568	0.49732325971126556
930001895288029184	Breaking: Giant 7.2 Earthquake hits Iraq E6 SundayMorning	data_image/iraq_iran_earthquake/13_11_2017/930001895288029184_2.jpg	not_informative	informative	False	0.5026532113552094	0.005306437611579895	0.5026532113552094	0.49734677374362946
9,21467E+17	Aided By Rain, Bear Fire Containment Reaches 40 Percent:	data_image/california_wildfires/20_10_2017/921467401077698562_0.jpg	informative	not_informative	False	0.502429410815239	0.004858791828155518	0.49757061898708344	0.502429410815239
928329767253958656	Hedge funds behind Puerto Rico austerity are also fueling climate change:	data_image/hurricane_maria/8_11_2017/928329767253958656_0.jpg	not_informative	informative	False	0.5024283826351166	0.004856765270233154	0.5024283826351166	0.4975716173648834
922821096386199556	Would Repealing the Jones Act Help Puerto Rico? by NIRAJ CHOKSHI via NYT	data_image/hurricane_maria/24_10_2017/922821096386199556_0.jpg	not_informative	informative	False	0.502300813794136	0.004601627588272095	0.502300813794136	0.49769918620586395
913289292352561152	"""I'm looking for my family"" ""so am I"" MexicoEarthquake Ayotzinapa 4"	data_image/mexico_earthquake/28_9_2017/913289292352561152_0.jpg	not_informative	informative	False	0.5021312385797501	0.004262484610080719	0.5021312385797501	0.49786875396966934
913783217924268034	Hurricane: Trump to visit Puerto Rico on Tuesday -	data_image/hurricane_maria/29_9_2017/913783217924268034_0.jpg	informative	not_informative	False	0.5020420774817467	0.004084132611751556	0.4979579448699951	0.5020420774817467
910005587496157184	Harvey and Irma Make Their Presence Felt Market Update finance	data_image/hurricane_irma/19_9_2017/910005587496157184_0.png	not_informative	informative	False	0.5013384073972702	0.0026767849922180176	0.5013384073972702	0.4986616224050522
905483887375249410	We will recover from Irma and Harvey, not sure about Trump	data_image/hurricane_harvey/6_9_2017/905483887375249410_0.jpg	not_informative	informative	False	0.5011707693338394	0.002341538667678833	0.5011707693338394	0.4988292306661606
921404183072387072	Atlanta Humane Society taking in pups from Puerto Rico	data_image/hurricane_maria/20_10_2017/921404183072387072_0.jpg	not_informative	informative	False	0.5010216273367405	0.0020432285964488983	0.5010216273367405	0.4989783987402916
907200075687964672	Twisted up sign and splintered light pole make me wonder if we had a small tornado here HurricaneIrma	data_image/hurricane_harvey/11_9_2017/907200075687964672_1.jpg	informative	not_informative	False	0.5008444264531136	0.0016888156533241272	0.49915561079978943	0.5008444264531136
905630589276917760	If Hurricane Irma's eye was over Phoenix. That's scary. azfamily	data_image/hurricane_irma/7_9_2017/905630589276917760_0.jpg	informative	not_informative	False	0.5007135421037674	0.0014270544052124023	0.499286487698555	0.5007135421037674
930717456112463872	IranEarthquake 'Divine Trial' for Statesmen: Leader	data_image/iraq_iran_earthquake/15_11_2017/930717456112463872_0.jpg	not_informative	informative	False	0.5004643853753805	0.0009287800639867783	0.5004643853753805	0.49953560531139374
907076526880858112	Like us on facebook we love you Texas HurricaneHarvey	data_image/hurricane_harvey/11_9_2017/907076526880858112_0.jpg	not_informative	informative	False	0.5004342645406723	0.0008685290813446045	0.5004342645406723	0.4995657354593277
913099719941017600	HurricaneMaria is pounding NC beaches this week. Here's the latest: ncwx OBX	data_image/hurricane_maria/27_9_2017/913099719941017600_0.jpg	informative	not_informative	False	0.50041563808918	0.0008312910795211792	0.4995843470096588	0.50041563808918
