id	text	image_path	y_true	y_pred	correct	confidence	margin	score_informative	score_not_informative	_text_was_empty	_image_encoded	score_image_informative	score_image_not_informative	_text_encoded	score_text_informative	score_text_not_informative
908434854240505864	Trump vs Trump 2 weeks ago	data/processed/pro_crisismmd/images/data_image/hurricane_harvey/14_9_2017/908434854240505864_0.jpg	informative	not_informative	False	0.998025506734848	0.9960509943193756	0.001974512415472418	0.998025506734848	False	True	0.0026137002278119326	0.9973862767219543	True	0.0013353246031329036	0.9986647367477417
905709457824518144	Weekly Summary for Tornado	data/processed/pro_crisismmd/images/data_image/hurricane_harvey/7_9_2017/905709457824518144_0.jpg	informative	not_informative	False	0.9701693058013916	0.9403386367484927	0.029830669052898884	0.9701693058013916	False	True	0.04508133605122566	0.9549186825752258	True	0.014580002054572105	0.9854199290275574
909491970539696128	*Kyogre intensifies* irma	data/processed/pro_crisismmd/images/data_image/hurricane_irma/17_9_2017/909491970539696128_0.jpg	informative	not_informative	False	0.9686970710754395	0.9373941380326869	0.031302933042752557	0.9686970710754395	False	True	0.06234319135546684	0.937656819820404	True	0.00026267473003827035	0.9997373223304749
909460046643433472	First morning back since Irma E	data/processed/pro_crisismmd/images/data_image/hurricane_irma/17_9_2017/909460046643433472_0.jpg	informative	not_informative	False	0.9683018028736115	0.9366035619750619	0.03169824089854956	0.9683018028736115	False	True	0.040968216955661774	0.9590318202972412	True	0.02242826484143734	0.9775717854499817
9,19605E+17	"The conspiracy nuts are saying the California Wildfires ""set by an atmospheric weapon."" :/"	data/processed/pro_crisismmd/images/data_image/california_wildfires/15_10_2017/919605179443490822_1.jpg	informative	not_informative	False	0.9630810022354126	0.92616200260818	0.03691899962723255	0.9630810022354126	False	True	0.02647498995065689	0.9735249876976013	True	0.04736300930380821	0.9526370167732239
905822993653391360	Chainsawing pews First Baptist Church of Loeb as members struggle w/cleanup harvey	data/processed/pro_crisismmd/images/data_image/hurricane_harvey/7_9_2017/905822993653391360_0.jpg	not_informative	informative	False	0.9575539827346802	0.9151079449802637	0.9575539827346802	0.042446037754416466	False	True	0.9333550930023193	0.06664495915174484	True	0.981752872467041	0.01824711635708809
905704988306948097	Trend Alert: 'Hurricane Irma'. More trends at trndnl	data/processed/pro_crisismmd/images/data_image/hurricane_irma/7_9_2017/905704988306948097_0.jpg	informative	not_informative	False	0.9545432925224304	0.9090866111218929	0.04545668140053749	0.9545432925224304	False	True	0.04405024275183678	0.9559497237205505	True	0.046863120049238205	0.9531368613243103
905900435445338112	Oil's Post-Harvey Rally Stalls With Refinery Restarts Still Iffy	data/processed/pro_crisismmd/images/data_image/hurricane_harvey/7_9_2017/905900435445338112_0.jpg	informative	not_informative	False	0.9526316821575165	0.90526332706213	0.047368355095386505	0.9526316821575165	False	True	0.0253860205411911	0.9746140241622925	True	0.06935068964958191	0.9306493401527405
904697249183215617	Important story via , : Why you should donate $ for Harvey relief, not stuff.	data/processed/pro_crisismmd/images/data_image/hurricane_harvey/4_9_2017/904697249183215617_0.jpg	informative	not_informative	False	0.9501149356365204	0.900229899212718	0.049885036423802376	0.9501149356365204	False	True	0.046159643679857254	0.9538403153419495	True	0.0536104291677475	0.9463895559310913
909420204643434496	Even in the Midwest we all feel for the Irma victums, Pull together one and all	data/processed/pro_crisismmd/images/data_image/hurricane_irma/17_9_2017/909420204643434496_0.jpg	informative	not_informative	False	0.9496136605739594	0.8992273285984993	0.05038633197546005	0.9496136605739594	False	True	0.06418206542730331	0.9358178973197937	True	0.03659059852361679	0.963409423828125
905462459674320896	Man Global Warming is real! Harvey, Irma, Jose and now Katia!	data/processed/pro_crisismmd/images/data_image/hurricane_harvey/6_9_2017/905462459674320896_0.jpg	informative	not_informative	False	0.947961688041687	0.8959233574569225	0.05203833058476448	0.947961688041687	False	True	0.05879586935043335	0.9412041306495667	True	0.04528079181909561	0.9547192454338074
904773355546578944	Hurry up go to and donate harvey they will double ur donation till sept 6th	data/processed/pro_crisismmd/images/data_image/hurricane_harvey/4_9_2017/904773355546578944_0.jpg	informative	not_informative	False	0.9432748258113861	0.8865496199578047	0.05672520585358143	0.9432748258113861	False	True	0.01956719532608986	0.9804328680038452	True	0.093883216381073	0.906116783618927
907654224955285504	That hurricane sure does look awfully... Tornado-ey.	data/processed/pro_crisismmd/images/data_image/hurricane_harvey/12_9_2017/907654224955285504_0.jpg	informative	not_informative	False	0.9408009350299835	0.8816018612124026	0.05919907381758094	0.9408009350299835	False	True	0.10966572165489197	0.8903342485427856	True	0.008732425980269909	0.9912676215171814
905663703735050240	If hurricane Irma comes up the east coast	data/processed/pro_crisismmd/images/data_image/hurricane_irma/7_9_2017/905663703735050240_0.jpg	informative	not_informative	False	0.9405015408992767	0.881003025919199	0.059498514980077744	0.9405015408992767	False	True	0.09867721050977707	0.9013228416442871	True	0.020319819450378418	0.9796802401542664
906976748591513600	Clare and Don's hosting a fundraiser Sunday til 8pm for relief of victims of Hurricane Harvey.	data/processed/pro_crisismmd/images/data_image/hurricane_harvey/10_9_2017/906976748591513600_1.jpg	informative	not_informative	False	0.9378683567047119	0.8757366659119725	0.06213169079273939	0.9378683567047119	False	True	0.022087527438998222	0.9779125452041626	True	0.10217585414648056	0.8978241682052612
905993224350826497	"""President Obama didn't make an appearance for hurricane Katrina so why should trump for Harvey?!"""	data/processed/pro_crisismmd/images/data_image/hurricane_harvey/8_9_2017/905993224350826497_1.jpg	informative	not_informative	False	0.9356824457645416	0.8713648999109864	0.0643175458535552	0.9356824457645416	False	True	0.1061508059501648	0.8938491344451904	True	0.02248428575694561	0.9775157570838928
904339471382044672	Best ways to help with Harvey recovery: fact (theirs) and opinion (mine). Blog:	data/processed/pro_crisismmd/images/data_image/hurricane_harvey/3_9_2017/904339471382044672_0.jpg	informative	not_informative	False	0.9341572523117065	0.8683144934475422	0.06584275886416435	0.9341572523117065	False	True	0.06692837178707123	0.9330716729164124	True	0.06475714594125748	0.9352428317070007
909490457603919872	Rudy Ogelsby stands in front of her daughter's prom dress--one of the only possessions that survived Irma from her	data/processed/pro_crisismmd/images/data_image/hurricane_irma/17_9_2017/909490457603919872_2.jpg	not_informative	informative	False	0.9332076907157898	0.8664153758436441	0.9332076907157898	0.06679231487214565	False	True	0.9006112217903137	0.09938883781433105	True	0.9658041596412659	0.03419579192996025
909452604576604165	Trump says Harvey/Irma haven't changed his mind re climate change, via pooler	data/processed/pro_crisismmd/images/data_image/hurricane_irma/17_9_2017/909452604576604165_0.jpg	informative	not_informative	False	0.9324361383914948	0.864872282370925	0.0675638560205698	0.9324361383914948	False	True	0.060773562639951706	0.9392264485359192	True	0.0743541494011879	0.9256458282470703
905647423778721793	First Harvey and now Irma, this sure is a twisted pair of storms.	data/processed/pro_crisismmd/images/data_image/hurricane_harvey/7_9_2017/905647423778721793_0.jpg	informative	not_informative	False	0.9315303862094879	0.8630607463419437	0.06846963986754417	0.9315303862094879	False	True	0.06718000769615173	0.9328200221061707	True	0.06975927203893661	0.9302407503128052
905821754047598592	Cruz is a YES on the Harvey $/Debt limit/CR deal:	data/processed/pro_crisismmd/images/data_image/hurricane_harvey/7_9_2017/905821754047598592_0.jpg	informative	not_informative	False	0.9292621314525604	0.858524254988879	0.07073787646368146	0.9292621314525604	False	True	0.13380534946918488	0.8661946058273315	True	0.007670403458178043	0.9923296570777893
901675204837068800	Looks like it's gonna be rain 'til Wednesday. Lots. Of. Rain. 7 HurricaneHarvey	data/processed/pro_crisismmd/images/data_image/hurricane_harvey/27_8_2017/901675204837068800_0.jpg	informative	not_informative	False	0.9289677441120148	0.8579354863613844	0.07103225775063038	0.9289677441120148	False	True	0.03248907998204231	0.9675109386444092	True	0.10957543551921844	0.8904245495796204
905244236320194560	Houston mayor: 'Almost every home' impacted by Harvey	data/processed/pro_crisismmd/images/data_image/hurricane_harvey/6_9_2017/905244236320194560_0.jpg	not_informative	informative	False	0.9213818311691284	0.8427636921405792	0.9213818311691284	0.0786181390285492	False	True	0.9702015519142151	0.029798448085784912	True	0.8725621104240417	0.12743782997131348
909386522549420032	South Florida just got its own Hurricane Irma viral rap song	data/processed/pro_crisismmd/images/data_image/hurricane_irma/17_9_2017/909386522549420032_0.jpg	informative	not_informative	False	0.9133639335632324	0.8267278634011745	0.08663607016205788	0.9133639335632324	False	True	0.036090873181819916	0.9639090895652771	True	0.13718126714229584	0.8628187775611877
909490925268692992	Parrots 22nd Floor During Irma Marriott	data/processed/pro_crisismmd/images/data_image/hurricane_irma/17_9_2017/909490925268692992_0.jpg	informative	not_informative	False	0.9132526516914368	0.8265053015202284	0.08674735017120838	0.9132526516914368	False	True	0.03391242399811745	0.9660875797271729	True	0.13958227634429932	0.8604177236557007
905411756029333505	Thought this was a pretty remarkable bit of info about Harvey 9Trillion	data/processed/pro_crisismmd/images/data_image/hurricane_harvey/6_9_2017/905411756029333505_0.jpg	informative	not_informative	False	0.9114271700382233	0.8228543296572752	0.08857284038094804	0.9114271700382233	False	True	0.17600823938846588	0.8239917159080505	True	0.0011374413734301925	0.998862624168396
9,17803E+17	I think Event: Wildfire has occurred in California Tue Oct 10 12:25:03 2017 CDT	data/processed/pro_crisismmd/images/data_image/california_wildfires/10_10_2017/917803185317859329_0.jpg	informative	not_informative	False	0.9083007872104645	0.8166015632450581	0.09169922396540642	0.9083007872104645	False	True	0.06785512715578079	0.9321449398994446	True	0.11554332077503204	0.8844566345214844
905663793115439105	Hurricane Irma in NYC on Sept 11? It's possible, tho models this far out r usually wrong.	data/processed/pro_crisismmd/images/data_image/hurricane_irma/7_9_2017/905663793115439105_0.jpg	informative	not_informative	False	0.9080850780010223	0.8161701634526253	0.09191491454839706	0.9080850780010223	False	True	0.09000047296285629	0.9099995493888855	True	0.09382935613393784	0.9061706066131592
9,22164E+17	Red Flag Warnings today, October 22, in California, Nebraska, Kansas, and Colorado. Wildfires	data/processed/pro_crisismmd/images/data_image/california_wildfires/22_10_2017/922164120744493056_0.jpg	not_informative	informative	False	0.9048144221305847	0.8096288740634918	0.9048144221305847	0.0951855480670929	False	True	0.9011231660842896	0.09887680411338806	True	0.9085056781768799	0.09149429202079773
905188857179545600	Back to Back to Back. Harvey Irma Jose	data/processed/pro_crisismmd/images/data_image/hurricane_harvey/5_9_2017/905188857179545600_1.jpg	informative	not_informative	False	0.903077632188797	0.80615527741611	0.09692235477268696	0.903077632188797	False	True	0.16341465711593628	0.836585283279419	True	0.030430052429437637	0.969569981098175
9,22217E+17	Extended period of critical fire weather conditions in California with another strong SantaAna wind event. CAwx	data/processed/pro_crisismmd/images/data_image/california_wildfires/22_10_2017/922217480629694465_0.jpg	not_informative	informative	False	0.8994071781635284	0.7988143563270569	0.8994071781635284	0.10059282183647156	False	True	0.8849499821662903	0.11505003273487091	True	0.9138643741607666	0.0861356109380722
906021278691205122	Harvey did next to nothing for Oil in comparison to Katrina	data/processed/pro_crisismmd/images/data_image/hurricane_harvey/8_9_2017/906021278691205122_0.jpg	informative	not_informative	False	0.8983854353427887	0.7967709256336093	0.1016145097091794	0.8983854353427887	False	True	0.024615341797471046	0.9753845930099487	True	0.17861367762088776	0.8213862776756287
905658811750408193	Hurricane Irma doesn't stand a chance against	data/processed/pro_crisismmd/images/data_image/hurricane_irma/7_9_2017/905658811750408193_0.jpg	informative	not_informative	False	0.8975927233695984	0.7951854653656483	0.10240725800395012	0.8975927233695984	False	True	0.08045661449432373	0.9195433855056763	True	0.12435790151357651	0.8756420612335205
9,18354E+17	Anyways, I drove through the Redwood Forest then next to the California wildfires	data/processed/pro_crisismmd/images/data_image/california_wildfires/12_10_2017/918354135350616064_3.jpg	informative	not_informative	False	0.8967141807079315	0.7934283544309437	0.10328582627698779	0.8967141807079315	False	True	0.19676394760608673	0.8032360672950745	True	0.009807704947888851	0.9901922941207886
909717054143463424	our staffroom cake sale to help with Irma!	data/processed/pro_crisismmd/images/data_image/hurricane_irma/18_9_2017/909717054143463424_0.jpg	informative	not_informative	False	0.8939190804958344	0.7878381460905075	0.10608093440532684	0.8939190804958344	False	True	0.13662290573120117	0.8633770942687988	True	0.07553896307945251	0.9244610667228699
9,17852E+17	California on fire, as seen from space. Aqua satellite, dated 9 Oct 2017 at 21:50 UTC (2:50 PM local time).	data/processed/pro_crisismmd/images/data_image/california_wildfires/10_10_2017/917852446898102272_0.jpg	not_informative	informative	False	0.8935582041740417	0.7871163915842772	0.8935582041740417	0.1064418125897646	False	True	0.7898547649383545	0.2101452797651291	True	0.997261643409729	0.0027383454144001007
909725772142784513	Student asks to bring dog to class before Hurricane Irma, professor has the best response via /r/UpliftingNews	data/processed/pro_crisismmd/images/data_image/hurricane_irma/18_9_2017/909725772142784513_0.jpg	informative	not_informative	False	0.8906519711017609	0.7813039850443602	0.1093479860574007	0.8906519711017609	False	True	0.009543213993310928	0.990456759929657	True	0.20915275812149048	0.7908471822738647
905668986712424449	"Hurricane Irma meteorologists are me: unable to say ""I don't know what's happening"" but provides answers anyways"	data/processed/pro_crisismmd/images/data_image/hurricane_irma/7_9_2017/905668986712424449_0.jpg	informative	not_informative	False	0.8888730108737946	0.7777460180222988	0.11112699285149574	0.8888730108737946	False	True	0.13418227434158325	0.865817666053772	True	0.08807171136140823	0.9119283556938171
905036991644958720	AZ-TF1 has been demobilized from Harvey. We're heading home.	data/processed/pro_crisismmd/images/data_image/hurricane_harvey/5_9_2017/905036991644958720_0.jpg	not_informative	informative	False	0.8869181871414185	0.7738363686949015	0.8869181871414185	0.11308181844651699	False	True	0.8108435869216919	0.1891564577817917	True	0.962992787361145	0.037007179111242294
906713677818187777	Plus Harvey. But Global Warming is not real according to scientists in the age of Trumpiland.	data/processed/pro_crisismmd/images/data_image/hurricane_harvey/10_9_2017/906713677818187777_0.jpg	informative	not_informative	False	0.8805053234100342	0.761010647052899	0.11949467635713518	0.8805053234100342	False	True	0.2378949671983719	0.7621049880981445	True	0.0010943855158984661	0.9989056587219238
9,19566E+17	Amazing! Family dog emerges alive amid California wildfire aftermath	data/processed/pro_crisismmd/images/data_image/california_wildfires/15_10_2017/919565833596125184_0.jpg	not_informative	informative	False	0.876789927482605	0.7535798940807581	0.876789927482605	0.12321003340184689	False	True	0.7961471676826477	0.2038528323173523	True	0.9574326872825623	0.042567234486341476
9,17873E+17	NEW: CanyonFire2 in Orange County, California, is now 4,000 acres, according to Cal Fire.	data/processed/pro_crisismmd/images/data_image/california_wildfires/10_10_2017/917873017065160704_0.jpg	not_informative	informative	False	0.8747715353965759	0.7495430232957006	0.8747715353965759	0.12522851210087538	False	True	0.754803478717804	0.24519655108451843	True	0.9947395920753479	0.005260473117232323
9,23706E+17	California why are you on so much fire	data/processed/pro_crisismmd/images/data_image/california_wildfires/27_10_2017/923706401049911297_0.jpg	informative	not_informative	False	0.8746873140335083	0.7493746255058795	0.12531268852762878	0.8746873140335083	False	True	0.24733689427375793	0.7526631355285645	True	0.0032884827814996243	0.9967114925384521
905625285214617600	8Hurricane Irma: a useful checklist8 PLEASE SPREAD & KEEP SAFE	data/processed/pro_crisismmd/images/data_image/hurricane_irma/7_9_2017/905625285214617600_3.jpg	informative	not_informative	False	0.874126672744751	0.7482533659785986	0.12587330676615238	0.874126672744751	False	True	0.031821344047784805	0.9681786894798279	True	0.21992526948451996	0.7800746560096741
909490430600990721	Cleaning up after Irma and this is what I have to see online. :( didn't we have enough already?	data/processed/pro_crisismmd/images/data_image/hurricane_irma/17_9_2017/909490430600990721_0.jpg	informative	not_informative	False	0.8734246790409088	0.7468493431806564	0.12657533586025238	0.8734246790409088	False	True	0.18054787814617157	0.819452166557312	True	0.07260279357433319	0.9273971915245056
909409896428392448	First Irma, then Jose. And now Maria ? The whole soccer team needs to chill	data/processed/pro_crisismmd/images/data_image/hurricane_irma/17_9_2017/909409896428392448_0.jpg	informative	not_informative	False	0.8709207773208618	0.7418415583670139	0.12907921895384789	0.8709207773208618	False	True	0.2201082706451416	0.7798917889595032	True	0.03805016726255417	0.9619497656822205
906688666298458112	Heads up! Tornado watch in effect until midnight. (This was anticipated says )	data/processed/pro_crisismmd/images/data_image/hurricane_harvey/10_9_2017/906688666298458112_0.jpg	informative	not_informative	False	0.8703829646110535	0.7407659590244293	0.12961700558662415	0.8703829646110535	False	True	0.13212497532367706	0.8678749799728394	True	0.12710903584957123	0.8728909492492676
909416407279874048	Final numbers are in from Hurricane Irma crime spree and it ain't pretty WednesdayWisdom	data/processed/pro_crisismmd/images/data_image/hurricane_irma/17_9_2017/909416407279874048_0.png	informative	not_informative	False	0.8697355687618256	0.739471129141748	0.1302644396200776	0.8697355687618256	False	True	0.2504563331604004	0.7495436668395996	True	0.01007254607975483	0.9899274706840515
906927853471715329	a boarded window surprisingly makes a great canvas irma	data/processed/pro_crisismmd/images/data_image/hurricane_irma/10_9_2017/906927853471715329_1.jpg	informative	not_informative	False	0.8644134998321533	0.7288270061835647	0.13558649364858866	0.8644134998321533	False	True	0.26644188165664673	0.7335581183433533	True	0.004731105640530586	0.9952688813209534
909745945960747008	IRMA wasn't as big a problem as the assholes who contributed to mess afterwards.	data/processed/pro_crisismmd/images/data_image/hurricane_irma/18_9_2017/909745945960747008_0.jpg	informative	not_informative	False	0.8630011081695557	0.7260021977126598	0.13699891045689583	0.8630011081695557	False	True	0.18809492886066437	0.8119050860404968	True	0.08590289205312729	0.9140971302986145
907551747836485633	This Coastie kid is helping Harvey victims in the sweetest way possible	data/processed/pro_crisismmd/images/data_image/hurricane_harvey/12_9_2017/907551747836485633_0.jpg	informative	not_informative	False	0.8617152869701385	0.7234305711463094	0.13828471582382917	0.8617152869701385	False	True	0.025956934317946434	0.974043071269989	True	0.2506124973297119	0.7493875026702881
901671567192678400	ME: I wonder whats on the internet today 2 Minutes Later: hurricane Harvey	data/processed/pro_crisismmd/images/data_image/hurricane_harvey/27_8_2017/901671567192678400_0.jpg	informative	not_informative	False	0.8573735654354095	0.7147471497301012	0.14262641570530832	0.8573735654354095	False	True	0.2803802192211151	0.7196198105812073	True	0.004872612189501524	0.9951273202896118
906937988982214659	WHY ARE THEY GIVING THE WARNING DURING THE TORNADO	data/processed/pro_crisismmd/images/data_image/hurricane_harvey/10_9_2017/906937988982214659_0.jpg	informative	not_informative	False	0.8560788333415985	0.7121576219797134	0.14392121136188507	0.8560788333415985	False	True	0.21538281440734863	0.7846172451972961	True	0.07245960831642151	0.9275404214859009
906554296178798592	republiKKKLANs = RNC = GOP VOTED AGAINST $$$ 4DISASTERs HARVEY IRMA KATRINA THANK a DEMOCRAT	data/processed/pro_crisismmd/images/data_image/hurricane_harvey/9_9_2017/906554296178798592_0.jpg	informative	not_informative	False	0.8512464761734009	0.7024929895997047	0.14875348657369614	0.8512464761734009	False	True	0.20487019419670105	0.7951297760009766	True	0.09263677895069122	0.9073631763458252
9,17825E+17	JUST IN: President Trump approves California disaster declaration for areas affected by wildfires	data/processed/pro_crisismmd/images/data_image/california_wildfires/10_10_2017/917825152636907523_0.jpg	not_informative	informative	False	0.8484649062156677	0.6969298142939806	0.8484649062156677	0.15153509192168713	False	True	0.7321084141731262	0.2678915560245514	True	0.9648213982582092	0.03517862781882286
909470491056001024	we made a donation to the redcross hurricane Irma appeal as a result of the raffle that Rosa and her	data/processed/pro_crisismmd/images/data_image/hurricane_irma/17_9_2017/909470491056001024_0.jpg	informative	not_informative	False	0.8467548489570618	0.6935096886008978	0.15324516035616398	0.8467548489570618	False	True	0.2955605983734131	0.7044394016265869	True	0.010929722338914871	0.9890702962875366
908200672901963776	no empathy shown to victims of Harvey.	data/processed/pro_crisismmd/images/data_image/hurricane_harvey/14_9_2017/908200672901963776_0.jpg	informative	not_informative	False	0.8466621935367584	0.6933243460953236	0.15333784744143486	0.8466621935367584	False	True	0.2125016301870346	0.787498414516449	True	0.09417406469583511	0.9058259725570679
908078410324369408	is giving 100 % of the funds donated to Irma and Harvey. Don't recommend .	data/processed/pro_crisismmd/images/data_image/hurricane_harvey/13_9_2017/908078410324369408_0.jpg	informative	not_informative	False	0.8383111655712128	0.6766223718877882	0.1616887936834246	0.8383111655712128	False	True	0.31585177779197693	0.6841481924057007	True	0.007525809574872255	0.9924741387367249
909739895027007488	Could you ,, not ,, I just had Irma	data/processed/pro_crisismmd/images/data_image/hurricane_irma/18_9_2017/909739895027007488_0.jpg	informative	not_informative	False	0.8357706367969513	0.6715413052588701	0.16422933153808117	0.8357706367969513	False	True	0.31750768423080444	0.6824923157691956	True	0.010950978845357895	0.989048957824707
905625285214617600	8Hurricane Irma: a useful checklist8 PLEASE SPREAD & KEEP SAFE	data/processed/pro_crisismmd/images/data_image/hurricane_irma/7_9_2017/905625285214617600_1.jpg	informative	not_informative	False	0.8342807292938232	0.6685614809393883	0.16571924835443497	0.8342807292938232	False	True	0.11151322722434998	0.8884868025779724	True	0.21992526948451996	0.7800746560096741
905625285214617600	8Hurricane Irma: a useful checklist8 PLEASE SPREAD & KEEP SAFE	data/processed/pro_crisismmd/images/data_image/hurricane_irma/7_9_2017/905625285214617600_2.jpg	informative	not_informative	False	0.8286861479282379	0.6573723405599594	0.1713138073682785	0.8286861479282379	False	True	0.12270234525203705	0.8772976398468018	True	0.21992526948451996	0.7800746560096741
905519478456320002	Sweet student brought in HIS money to donate to Harvey relief. kindnessmatters GullicksonsGreats wilmeth	data/processed/pro_crisismmd/images/data_image/hurricane_harvey/6_9_2017/905519478456320002_0.jpg	informative	not_informative	False	0.8268997371196747	0.653799444437027	0.1731002926826477	0.8268997371196747	False	True	0.07973518967628479	0.9202648401260376	True	0.2664653956890106	0.7335346341133118
904727847629189122	As Harvey affects New Orleans, stay up to date here:	data/processed/pro_crisismmd/images/data_image/hurricane_harvey/4_9_2017/904727847629189122_0.jpg	informative	not_informative	False	0.8266246616840363	0.65324935503304	0.1733753066509962	0.8266246616840363	False	True	0.29407477378845215	0.7059252262115479	True	0.05267583951354027	0.9473240971565247
905390758873706496	harvey brought the whole damn gang smh	data/processed/pro_crisismmd/images/data_image/hurricane_harvey/6_9_2017/905390758873706496_0.jpg	informative	not_informative	False	0.8213009834289551	0.6426019761129282	0.17869900731602684	0.8213009834289551	False	True	0.356256365776062	0.643743634223938	True	0.0011416488559916615	0.9988583326339722
908414172622409730	Irma Jose Harvey -_- 2? Again? Poor Leeward Islands... :-(	data/processed/pro_crisismmd/images/data_image/hurricane_harvey/14_9_2017/908414172622409730_0.jpg	informative	not_informative	False	0.818891316652298	0.6377826482057571	0.18110866844654083	0.818891316652298	False	True	0.23811011016368866	0.7618898749351501	True	0.124107226729393	0.8758927583694458
905618345822695424	Last Saturday these kiddos raised $50 for hurricane Harvey! Bravo	data/processed/pro_crisismmd/images/data_image/hurricane_harvey/7_9_2017/905618345822695424_0.jpg	informative	not_informative	False	0.8168950378894806	0.6337900683283806	0.1831049695611	0.8168950378894806	False	True	0.19482070207595825	0.8051793575286865	True	0.17138923704624176	0.8286107182502747
909485882285215750	Katia Irma Jose pls believe in man made climate change	data/processed/pro_crisismmd/images/data_image/hurricane_irma/17_9_2017/909485882285215750_0.jpg	informative	not_informative	False	0.8166598975658417	0.6333198349457234	0.18334006262011826	0.8166598975658417	False	True	0.36259573698043823	0.637404203414917	True	0.004084388259798288	0.9959155917167664
905537355762761728	"The last four named storms have all developed into hurricanes, and Harvey and Irma are ""historic."" My God."	data/processed/pro_crisismmd/images/data_image/hurricane_harvey/6_9_2017/905537355762761728_0.jpg	informative	not_informative	False	0.8164682686328888	0.6329365447163582	0.1835317239165306	0.8164682686328888	False	True	0.06923224031925201	0.9307677745819092	True	0.2978312075138092	0.7021687626838684
9,17869E+17	Sorry to see the round barn in Santa Rosa destroyed by fire	data/processed/pro_crisismmd/images/data_image/california_wildfires/10_10_2017/917869210499399680_0.jpg	informative	not_informative	False	0.8158341944217682	0.6316684260964394	0.18416576832532883	0.8158341944217682	False	True	0.18522058427333832	0.8147794008255005	True	0.18311095237731934	0.8168889880180359
9,20394E+17	USA California - Wildfire Near The Geysers Geothermal Field Being Contained	data/processed/pro_crisismmd/images/data_image/california_wildfires/17_10_2017/920394039509204992_0.jpg	not_informative	informative	False	0.8134828805923462	0.626965768635273	0.8134828805923462	0.1865171119570732	False	True	0.7956011891365051	0.20439879596233368	True	0.8313645720481873	0.16863542795181274
909382547674673153	Big difference at THIS point GEFS ENS between Irma & Maria PR hit the deck Fla whewwwww	data/processed/pro_crisismmd/images/data_image/hurricane_irma/17_9_2017/909382547674673153_1.jpg	informative	not_informative	False	0.8113386034965515	0.6226772479712963	0.1886613555252552	0.8113386034965515	False	True	0.2579161822795868	0.7420837879180908	True	0.11940652877092361	0.8805934190750122
9,23117E+17	For an Endangered Animal, a Fire or Hurricane Can Mean the End Arizona California	data/processed/pro_crisismmd/images/data_image/california_wildfires/25_10_2017/923117148276477952_0.jpg	informative	not_informative	False	0.809160590171814	0.6183212138712406	0.19083937630057335	0.809160590171814	False	True	0.12072541564702988	0.8792745471000671	True	0.2609533369541168	0.7390466332435608
906661652338298881	tornado cell that you were reporting hypoluxo heading towards 441 west	data/processed/pro_crisismmd/images/data_image/hurricane_harvey/9_9_2017/906661652338298881_0.jpg	informative	not_informative	False	0.8081095516681671	0.6162191592156887	0.1918903924524784	0.8081095516681671	False	True	0.30439695715904236	0.6956030130386353	True	0.07938382774591446	0.920616090297699
909497276875395083	Nope, I am definitely over this hurricane watching. Irma Jose Lee Maria	data/processed/pro_crisismmd/images/data_image/hurricane_irma/17_9_2017/909497276875395083_0.jpg	informative	not_informative	False	0.8079946041107178	0.6159891784191132	0.19200542569160461	0.8079946041107178	False	True	0.31547725200653076	0.6845227479934692	True	0.06853359937667847	0.9314664602279663
909755306145718273	We will be holding collections 22 and 29 Sept suttoncoldfield to help those impacted by	data/processed/pro_crisismmd/images/data_image/hurricane_irma/18_9_2017/909755306145718273_0.jpg	informative	not_informative	False	0.804460734128952	0.608921479433775	0.19553925469517708	0.804460734128952	False	True	0.37020716071128845	0.6297928690910339	True	0.020871348679065704	0.9791285991668701
909707301602381825	OJCC IRMA Closure update 09.18.17;FTM And MIA remain closed.	data/processed/pro_crisismmd/images/data_image/hurricane_irma/18_9_2017/909707301602381825_0.jpg	informative	not_informative	False	0.8029438555240631	0.6058877091854811	0.19705614633858204	0.8029438555240631	False	True	0.3473939597606659	0.6526060104370117	True	0.046718332916498184	0.9532817006111145
901684002544910336	This is where one of the best computer models predicts Harvey will be....six days from now.	data/processed/pro_crisismmd/images/data_image/hurricane_harvey/27_8_2017/901684002544910336_0.jpg	informative	not_informative	False	0.798728346824646	0.5974566638469696	0.2012716829776764	0.798728346824646	False	True	0.35916173458099365	0.6408382654190063	True	0.04338163137435913	0.9566184282302856
909394977511428096	Getting Through Hurricane Irma, with Gratitude and Relief	data/processed/pro_crisismmd/images/data_image/hurricane_irma/17_9_2017/909394977511428096_0.jpg	informative	not_informative	False	0.7951633334159851	0.5903266444802284	0.20483668893575668	0.7951633334159851	False	True	0.27669990062713623	0.7233001589775085	True	0.13297347724437714	0.8670265078544617
906246862008717312	Jennifer Garner Travels to Houston to Help Families Affected by HurricaneHarvey	data/processed/pro_crisismmd/images/data_image/hurricane_harvey/8_9_2017/906246862008717312_0.jpg	informative	not_informative	False	0.7945231795310974	0.5890463441610336	0.20547683537006378	0.7945231795310974	False	True	0.21303002536296844	0.7869699597358704	True	0.19792364537715912	0.8020763993263245
905412661688619009	hugs for Harvey collection of stuffed animals for children affected byHarvey	data/processed/pro_crisismmd/images/data_image/hurricane_harvey/6_9_2017/905412661688619009_0.jpg	informative	not_informative	False	0.7942095100879669	0.5884190127253532	0.20579049736261368	0.7942095100879669	False	True	0.2107314169406891	0.7892686128616333	True	0.20084957778453827	0.7991504073143005
904898284573126657	McCarthy visits Hurricane Harvey survi.. Bakersfield 0	data/processed/pro_crisismmd/images/data_image/hurricane_harvey/5_9_2017/904898284573126657_0.jpg	not_informative	informative	False	0.7925935387611389	0.5851871371269226	0.7925935387611389	0.2074064016342163	False	True	0.695590078830719	0.30440986156463623	True	0.8895969986915588	0.11040294170379639
908184575100182533	Harvey, Katia, and Irma sure did churn up and absorb much of the warmer water.	data/processed/pro_crisismmd/images/data_image/hurricane_harvey/14_9_2017/908184575100182533_0.jpg	informative	not_informative	False	0.7921531498432159	0.5843062736093998	0.20784687623381615	0.7921531498432159	False	True	0.33129066228866577	0.668709397315979	True	0.08440309017896652	0.9155969023704529
906107650978480129	Day 1 Hurricane Harvey Relief. Today's soup is Stuffed Green Pepper. Stop on by for the fundraiser!!	data/processed/pro_crisismmd/images/data_image/hurricane_harvey/8_9_2017/906107650978480129_0.jpg	informative	not_informative	False	0.7921057939529419	0.5842115711420774	0.20789422281086445	0.7921057939529419	False	True	0.059749457985162735	0.94025057554245	True	0.35603898763656616	0.6439610123634338
9,17828E+17	Why California's wildfires are worse in the fall.	data/processed/pro_crisismmd/images/data_image/california_wildfires/10_10_2017/917828283047260161_0.jpg	informative	not_informative	False	0.7906723618507385	0.5813447311520576	0.20932763069868088	0.7906723618507385	False	True	0.2844911515712738	0.7155088186264038	True	0.13416410982608795	0.8658359050750732
906409340478902272	Hurricane Harvey was a very serious storm	data/processed/pro_crisismmd/images/data_image/hurricane_harvey/9_9_2017/906409340478902272_0.jpg	informative	not_informative	False	0.7896211743354797	0.5792423412203789	0.21037883311510086	0.7896211743354797	False	True	0.09363622963428497	0.9063637852668762	True	0.32712143659591675	0.6728785634040833
906207246174101505	What happens to prison inmates when natural disaster strikes? .	data/processed/pro_crisismmd/images/data_image/hurricane_harvey/8_9_2017/906207246174101505_0.jpg	informative	not_informative	False	0.7891995310783386	0.5783990249037743	0.21080050617456436	0.7891995310783386	False	True	0.11807648837566376	0.8819235563278198	True	0.30352452397346497	0.6964755058288574
909402859011235845	6 scenes of SENTINEL ingested to HDDS for event 201709_Hurricane_Irma Irma Hurricane	data/processed/pro_crisismmd/images/data_image/hurricane_irma/17_9_2017/909402859011235845_0.jpg	not_informative	informative	False	0.7864311039447784	0.5728622260503471	0.7864311039447784	0.21356887789443135	False	True	0.5815017223358154	0.4184982180595398	True	0.9913604855537415	0.00863953772932291
906395699855667200	Welcomed our Willbern Whales back to school AND raised $$ for Hurricane Harvey relief! Have a WHALE OF A YEAR!	data/processed/pro_crisismmd/images/data_image/hurricane_harvey/9_9_2017/906395699855667200_0.jpg	informative	not_informative	False	0.7840509712696075	0.5681019611656666	0.21594901010394096	0.7840509712696075	False	True	0.04843711107969284	0.9515628814697266	True	0.3834609091281891	0.6165390610694885
905856140742762496	San Rafael Volunteers Feed Orphaned Harvey Squirrels	data/processed/pro_crisismmd/images/data_image/hurricane_harvey/7_9_2017/905856140742762496_0.jpg	informative	not_informative	False	0.7826691269874573	0.5653382558375597	0.21733087114989758	0.7826691269874573	False	True	0.02057945355772972	0.9794206023216248	True	0.41408228874206543	0.5859176516532898
904425464885678080	On top of that, Houston's geology makes it very sensitive to flooding.	data/processed/pro_crisismmd/images/data_image/hurricane_harvey/3_9_2017/904425464885678080_0.jpg	informative	not_informative	False	0.7783389985561371	0.556677982211113	0.2216610163450241	0.7783389985561371	False	True	0.30462297797203064	0.6953770518302917	True	0.13869905471801758	0.8613009452819824
9,17844E+17	Climatologist explains why 'the conditions are primed for fire' in California	data/processed/pro_crisismmd/images/data_image/california_wildfires/10_10_2017/917844462662967297_0.jpg	not_informative	informative	False	0.7782207429409027	0.5564414784312248	0.7782207429409027	0.2217792645096779	False	True	0.7311645150184631	0.26883548498153687	True	0.8252769708633423	0.1747230440378189
909398976251809795	It seems Irma was a dry run for Mara. All I want to do is write papers and proposals, but nature is distracting me!	data/processed/pro_crisismmd/images/data_image/hurricane_irma/17_9_2017/909398976251809795_0.jpg	informative	not_informative	False	0.7748959064483643	0.5497918528853916	0.2251040535629727	0.7748959064483643	False	True	0.44916045665740967	0.5508395433425903	True	0.0010476504685357213	0.9989522695541382
909395132176306176	Another look at JEA- expecting an update at 9am after Irma	data/processed/pro_crisismmd/images/data_image/hurricane_irma/17_9_2017/909395132176306176_0.jpg	informative	not_informative	False	0.7741555571556091	0.5483111143112183	0.22584444284439087	0.7741555571556091	False	True	0.18694010376930237	0.8130598664283752	True	0.26474878191947937	0.735251247882843
9,17998E+17	Smoke from Northern California wildfires prompt health caution	data/processed/pro_crisismmd/images/data_image/california_wildfires/11_10_2017/917997649805971456_0.jpg	informative	not_informative	False	0.773758590221405	0.5475171841681004	0.22624140605330467	0.773758590221405	False	True	0.3334816098213196	0.6665183901786804	True	0.11900120228528976	0.8809987902641296
9,20333E+17	Comparing notes from difficult 2017 wildfire seasons in Canada, USA, Mexico NAFC	data/processed/pro_crisismmd/images/data_image/california_wildfires/17_10_2017/920332513914032129_0.jpg	not_informative	informative	False	0.7726922929286957	0.5453845597803593	0.7726922929286957	0.2273077331483364	False	True	0.6185622215270996	0.3814378082752228	True	0.9268223643302917	0.07317765802145004
905744291196231680	Hurricane Irma reminds us of an important truth about financial models.	data/processed/pro_crisismmd/images/data_image/hurricane_irma/7_9_2017/905744291196231680_0.jpg	informative	not_informative	False	0.772180825471878	0.5443616583943367	0.22781916707754135	0.772180825471878	False	True	0.07281665503978729	0.9271833300590515	True	0.3828216791152954	0.6171783208847046
905453454855897088	Be sure to follow guidelines during HurricaneHarvey recovery PrayersforTexas prayersforhouston	data/processed/pro_crisismmd/images/data_image/hurricane_harvey/6_9_2017/905453454855897088_0.png	not_informative	informative	False	0.7720294296741486	0.5440588742494583	0.7720294296741486	0.22797055542469025	False	True	0.7037221193313599	0.2962779104709625	True	0.8403367400169373	0.15966320037841797
907371025926639619	Lightning, Sky, Tornado, Electricity, Category, Elements, Blackness photo mlm homebiz	data/processed/pro_crisismmd/images/data_image/hurricane_harvey/11_9_2017/907371025926639619_0.jpg	informative	not_informative	False	0.7715069055557251	0.5430138260126114	0.2284930795431137	0.7715069055557251	False	True	0.18308186531066895	0.816918134689331	True	0.27390429377555847	0.7260956764221191
9,23706E+17	California why are you on so much fire	data/processed/pro_crisismmd/images/data_image/california_wildfires/27_10_2017/923706401049911297_1.jpg	informative	not_informative	False	0.7708892226219177	0.5417784724850208	0.22911075013689697	0.7708892226219177	False	True	0.4549330174922943	0.5450669527053833	True	0.0032884827814996243	0.9967114925384521
901767261643558918	Check out the Houston traffic map. On a Monday, I'd say this is normal. But it's Sunday morning. Harvey Flooding	data/processed/pro_crisismmd/images/data_image/hurricane_harvey/27_8_2017/901767261643558918_0.jpg	informative	not_informative	False	0.7699671983718872	0.5399343892931938	0.2300328090786934	0.7699671983718872	False	True	0.2591382563114166	0.740861713886261	True	0.20092736184597015	0.7990726828575134
905636739758292993	That's Indiana. And that's how large Hurricane Irma is. Oh my.	data/processed/pro_crisismmd/images/data_image/hurricane_irma/7_9_2017/905636739758292993_0.jpg	informative	not_informative	False	0.7693870961666107	0.5387742109596729	0.2306128852069378	0.7693870961666107	False	True	0.4151461124420166	0.5848538279533386	True	0.04607965797185898	0.9539203643798828
909720661450469376	SWFL weather: Our dry, quiet stretch continues, which we desperately need as many try to recover from Irma.	data/processed/pro_crisismmd/images/data_image/hurricane_irma/18_9_2017/909720661450469376_0.jpg	informative	not_informative	False	0.7687487602233887	0.5374975185841322	0.23125124163925648	0.7687487602233887	False	True	0.051496896892786026	0.9485031366348267	True	0.41100558638572693	0.5889943838119507
905705459998490624	Stark County couple on honeymoon brace for Hurricane Irma	data/processed/pro_crisismmd/images/data_image/hurricane_irma/7_9_2017/905705459998490624_0.jpg	informative	not_informative	False	0.7683306038379669	0.5366611862555146	0.2316694175824523	0.7683306038379669	False	True	0.017240984365344048	0.9827590584754944	True	0.44609785079956055	0.5539021492004395
907011776969142272	Tornado warnings all over the place 3	data/processed/pro_crisismmd/images/data_image/hurricane_harvey/10_9_2017/907011776969142272_0.jpg	informative	not_informative	False	0.7655629813671112	0.5311260186135769	0.23443696275353432	0.7655629813671112	False	True	0.4182879626750946	0.581712007522583	True	0.05058596283197403	0.9494139552116394
905933447637721089	Hurricanes Harvey & Irma: What We Know and What to Expect Read more: forbes	data/processed/pro_crisismmd/images/data_image/hurricane_harvey/7_9_2017/905933447637721089_0.jpg	not_informative	informative	False	0.7652771770954132	0.5305543318390846	0.7652771770954132	0.23472284525632858	False	True	0.8526395559310913	0.14736048877239227	True	0.6779147982597351	0.3220852017402649
904874425224503297	Updated link: Lost and found for Harvey victims. Please share!	data/processed/pro_crisismmd/images/data_image/hurricane_harvey/5_9_2017/904874425224503297_0.jpg	not_informative	informative	False	0.7641445696353912	0.5282891169190407	0.7641445696353912	0.23585545271635056	False	True	0.8582608699798584	0.14173917472362518	True	0.6700282692909241	0.3299717307090759
904697532483342336	Guild members & LM Otero take to the skies to cover Harvey. weareAP	data/processed/pro_crisismmd/images/data_image/hurricane_harvey/4_9_2017/904697532483342336_0.jpg	not_informative	informative	False	0.7640892863273621	0.5281785205006599	0.7640892863273621	0.23591076582670212	False	True	0.8723911643028259	0.12760888040065765	True	0.6557874083518982	0.3442126512527466
909722343106367488	I like to wake up to good news. This is NOT it. Irma StCroix	data/processed/pro_crisismmd/images/data_image/hurricane_irma/18_9_2017/909722343106367488_0.jpg	informative	not_informative	False	0.7632139027118683	0.5264278184622526	0.23678608424961567	0.7632139027118683	False	True	0.4714033901691437	0.5285966396331787	True	0.0021687783300876617	0.9978311657905579
909457585513910272	Six manatees rescued from Melbourne pond after being trapped by Hurricane Irma	data/processed/pro_crisismmd/images/data_image/hurricane_irma/17_9_2017/909457585513910272_0.jpg	informative	not_informative	False	0.7590244710445404	0.5180488899350166	0.24097558110952377	0.7590244710445404	False	True	0.08621416985988617	0.9137858748435974	True	0.3957369923591614	0.6042630672454834
909751675585421313	We need your help.Pray for us. Miguel. Hurricane Irma. God bless you all	data/processed/pro_crisismmd/images/data_image/hurricane_irma/18_9_2017/909751675585421313_0.jpg	not_informative	informative	False	0.7553550899028778	0.5107101574540138	0.7553550899028778	0.24464493244886398	False	True	0.6372400522232056	0.3627599775791168	True	0.87347012758255	0.12652988731861115
9,19949E+17	California Air Board Issues Tips for Safe Cleanup of FireAsh	data/processed/pro_crisismmd/images/data_image/california_wildfires/16_10_2017/919948539521785863_0.jpg	not_informative	informative	False	0.7538288831710815	0.5076578259468079	0.7538288831710815	0.24617105722427368	False	True	0.6661036014556885	0.33389633893966675	True	0.8415541648864746	0.15844577550888062
905647123542155266	your girl isn't home and you walk in on hurricane Irma like this, wyd?	data/processed/pro_crisismmd/images/data_image/hurricane_irma/7_9_2017/905647123542155266_0.jpg	informative	not_informative	False	0.7527254521846771	0.5054509174078703	0.24727453477680683	0.7527254521846771	False	True	0.45409223437309265	0.5459077954292297	True	0.04045683518052101	0.9595431089401245
904461654452252673	Locally, some steady rain yesterday as a result of Harvey's remnants, but nothing too crazy njwx	data/processed/pro_crisismmd/images/data_image/hurricane_harvey/3_9_2017/904461654452252673_0.jpg	informative	not_informative	False	0.7521225810050964	0.5042451922781765	0.2478773887269199	0.7521225810050964	False	True	0.48396849632263184	0.5160315036773682	True	0.011786281131207943	0.9882136583328247
905822484435521536	Women's health clinic will offer free abortions for Hurricane Harvey survivors	data/processed/pro_crisismmd/images/data_image/hurricane_harvey/7_9_2017/905822484435521536_0.jpg	informative	not_informative	False	0.7495738863945007	0.49914778023958206	0.25042610615491867	0.7495738863945007	False	True	0.126236692070961	0.8737632632255554	True	0.37461552023887634	0.625384509563446
9,23613E+17	Upheaval at California fire district as chief waits to be fired	data/processed/pro_crisismmd/images/data_image/california_wildfires/26_10_2017/923612570078064640_0.jpg	not_informative	informative	False	0.748224139213562	0.49644829146564007	0.748224139213562	0.25177584774792194	False	True	0.9419203400611877	0.058079663664102554	True	0.5545279383659363	0.44547203183174133
909435281216073728	harvey irma and now jose maria ? hummm...	data/processed/pro_crisismmd/images/data_image/hurricane_irma/17_9_2017/909435281216073728_0.jpg	informative	not_informative	False	0.744610071182251	0.48922013863921165	0.2553899325430393	0.744610071182251	False	True	0.4986240863800049	0.5013759136199951	True	0.012155778706073761	0.9878442287445068
905204400318242821	Thanx for the gangbang Mother Nature CD44 Harvey, Irma, Jose	data/processed/pro_crisismmd/images/data_image/hurricane_harvey/5_9_2017/905204400318242821_0.jpg	informative	not_informative	False	0.744446337223053	0.4888927084975876	0.2555536287254654	0.744446337223053	False	True	0.5093454122543335	0.4906545877456665	True	0.0017618451965972781	0.9982380867004395
908152289134657536	And then this happened today. tornado WARNING	data/processed/pro_crisismmd/images/data_image/hurricane_harvey/14_9_2017/908152289134657536_0.jpg	informative	not_informative	False	0.7431487441062927	0.48629746586084366	0.25685127824544907	0.7431487441062927	False	True	0.4129110872745514	0.5870888829231262	True	0.10079146921634674	0.8992086052894592
905042336727658496	Listening to our friend Rafferty Laredo OTR share resources for Hurricane Harvey	data/processed/pro_crisismmd/images/data_image/hurricane_harvey/5_9_2017/905042336727658496_1.jpg	informative	not_informative	False	0.7395650446414948	0.4791300520300865	0.26043499261140823	0.7395650446414948	False	True	0.17660309374332428	0.8233969211578369	True	0.3442668914794922	0.6557331681251526
908806454949298177	BREAKING Red Cross to re-launch Harvey assistance site on Sept. 21	data/processed/pro_crisismmd/images/data_image/hurricane_harvey/15_9_2017/908806454949298177_0.jpg	not_informative	informative	False	0.7374233603477478	0.4748467579483986	0.7374233603477478	0.2625766023993492	False	True	0.6110816597938538	0.38891828060150146	True	0.8637650609016418	0.13623492419719696
9,18059E+17	A few aquatic survivors of California's wildfires provide some solace for one homeowner.	data/processed/pro_crisismmd/images/data_image/california_wildfires/11_10_2017/918059058074210304_0.jpg	informative	not_informative	False	0.7342359125614166	0.46847182512283325	0.2657640874385834	0.7342359125614166	False	True	0.10939764976501465	0.8906022906303406	True	0.4221305251121521	0.5778695344924927
9,21537E+17	Drones Help California Firefighters	data/processed/pro_crisismmd/images/data_image/california_wildfires/21_10_2017/921537209043369984_0.jpg	not_informative	informative	False	0.7341680824756622	0.46833618357777596	0.7341680824756622	0.2658318988978863	False	True	0.5726252198219299	0.42737478017807007	True	0.8957109451293945	0.10428901761770248
9,19662E+17	Check out the NEW CharityWatch CaliforniaWildfires Hot Topic:	data/processed/pro_crisismmd/images/data_image/california_wildfires/15_10_2017/919661659181871104_0.png	not_informative	informative	False	0.7328251600265503	0.4656503275036812	0.7328251600265503	0.2671748325228691	False	True	0.7833775281906128	0.2166224867105484	True	0.6822727918624878	0.3177271783351898
909744783115120640	Hurricane Irma on Twitter	data/processed/pro_crisismmd/images/data_image/hurricane_irma/18_9_2017/909744783115120640_0.jpg	informative	not_informative	False	0.7324405610561371	0.4648811146616936	0.2675594463944435	0.7324405610561371	False	True	0.20805035531520844	0.7919496893882751	True	0.3270685374736786	0.672931432723999
909394587201998849	PipsHub Breaking: Yes, climate change made Harvey and Irma worse	data/processed/pro_crisismmd/images/data_image/hurricane_irma/17_9_2017/909394587201998849_0.jpg	informative	not_informative	False	0.7320041060447693	0.46400824189186096	0.2679958641529083	0.7320041060447693	False	True	0.3184075355529785	0.6815924644470215	True	0.21758419275283813	0.7824157476425171
9,17934E+17	THICK SMOKE across Northern California as seen from NASA visible satellite images Monday.CAfires fire	data/processed/pro_crisismmd/images/data_image/california_wildfires/11_10_2017/917934130368864256_0.jpg	not_informative	informative	False	0.7314021289348602	0.46280425786972046	0.7314021289348602	0.26859787106513977	False	True	0.6949328184127808	0.30506718158721924	True	0.7678714394569397	0.2321285605430603
909390637367222282	Joining us now is to discuss the aftermath of Irma PoliticsNation	data/processed/pro_crisismmd/images/data_image/hurricane_irma/17_9_2017/909390637367222282_0.jpg	informative	not_informative	False	0.7313843965530396	0.46276880428195	0.26861559227108955	0.7313843965530396	False	True	0.4346771240234375	0.5653228759765625	True	0.10255406051874161	0.8974459171295166
9,20168E+17	California Fires Leave 32 Dead, a Vast Landscape Charred, and a Sky Full of Soot	data/processed/pro_crisismmd/images/data_image/california_wildfires/17_10_2017/920167628303491073_0.jpg	informative	not_informative	False	0.7310104966163635	0.4620210323482752	0.26898946426808834	0.7310104966163635	False	True	0.047141771763563156	0.9528582096099854	True	0.4908371567726135	0.5091627836227417
905060268304211968	Help us Help Harvey! Give whatever you can today at the scramble light!	data/processed/pro_crisismmd/images/data_image/hurricane_harvey/5_9_2017/905060268304211968_0.jpg	informative	not_informative	False	0.730726957321167	0.4614539034664631	0.2692730538547039	0.730726957321167	False	True	0.48816877603530884	0.5118312239646912	True	0.05037733167409897	0.9496226906776428
905642144576135168	We now have Tropical Storm Katia in the Gulf, along with Hurricane Irma & Tropical Storm Jose.	data/processed/pro_crisismmd/images/data_image/hurricane_irma/7_9_2017/905642144576135168_0.jpg	informative	not_informative	False	0.730486273765564	0.46097248792648315	0.2695137858390808	0.730486273765564	False	True	0.2634228467941284	0.7365772128105164	True	0.2756047248840332	0.7243953347206116
905410056363139073	USA HURRICANE IRMA Is Strength of F3 Tornado Pounding You for 8 Straight Hours	data/processed/pro_crisismmd/images/data_image/hurricane_harvey/6_9_2017/905410056363139073_0.jpg	not_informative	informative	False	0.7303346991539001	0.4606693834066391	0.7303346991539001	0.26966531574726105	False	True	0.6075488328933716	0.3924511969089508	True	0.8531205654144287	0.1468794345855713
905782071410483200	CeCe Winans, Bishop William Murphy, John Gray, James Fortune & More At The Hurricane Harvey	data/processed/pro_crisismmd/images/data_image/hurricane_harvey/7_9_2017/905782071410483200_0.jpg	not_informative	informative	False	0.7300669103860855	0.46013383101671934	0.7300669103860855	0.26993307936936617	False	True	0.4673004448413849	0.5326995849609375	True	0.9928333759307861	0.007166573777794838
909451288655605760	Maria is a fraction the size of Irma. GiveFactsNotFucks	data/processed/pro_crisismmd/images/data_image/hurricane_irma/17_9_2017/909451288655605760_0.jpg	informative	not_informative	False	0.729910284280777	0.4598205666989088	0.27008971758186817	0.729910284280777	False	True	0.5161300897598267	0.48386991024017334	True	0.024049345403909683	0.9759506583213806
909462726740672514	FINAL DAY SkinnyCoCares IrmaRecovery IrmaRelief HurricaneIrmaAftermath IRMA	data/processed/pro_crisismmd/images/data_image/hurricane_irma/17_9_2017/909462726740672514_0.jpg	not_informative	informative	False	0.7298521101474762	0.4597042128443718	0.7298521101474762	0.2701478973031044	False	True	0.8167619109153748	0.18323810398578644	True	0.6429423093795776	0.35705769062042236
908049934422888449	How did Hurricane Harvey get so strong?	data/processed/pro_crisismmd/images/data_image/hurricane_harvey/13_9_2017/908049934422888449_0.jpg	not_informative	informative	False	0.7246360182762146	0.4492720365524292	0.7246360182762146	0.2753639817237854	False	True	0.8790753483772278	0.1209246814250946	True	0.5701966881752014	0.4298032820224762
9,21883E+17	Michio Kaku On Record-Setting Hurricanes In Florida And Houston, California Wildfires, Mexi	data/processed/pro_crisismmd/images/data_image/california_wildfires/21_10_2017/921883056146927616_0.jpg	not_informative	informative	False	0.7245043814182281	0.4490087628364563	0.7245043814182281	0.27549561858177185	False	True	0.8024160265922546	0.19758397340774536	True	0.6465927362442017	0.35340726375579834
905839406577315840	Harvey Shows America's Colorblind Spirit neighbor helping neighbor	data/processed/pro_crisismmd/images/data_image/hurricane_harvey/7_9_2017/905839406577315840_0.jpg	informative	not_informative	False	0.7243695855140686	0.4487391635775566	0.275630421936512	0.7243695855140686	False	True	0.3526477515697479	0.6473522782325745	True	0.19861309230327606	0.8013868927955627
904927079640178688	Extreme Hurricane Harvey Video from Aransas County, TX - 8/25/2017	data/processed/pro_crisismmd/images/data_image/hurricane_harvey/5_9_2017/904927079640178688_0.jpg	not_informative	informative	False	0.7242041826248169	0.4484084106516093	0.7242041826248169	0.2757957719732076	False	True	0.4551318883895874	0.5448680520057678	True	0.9932764768600464	0.006723491940647364
909751601405054976	Five of 32 First Coast Bank of America branches open post-Irma	data/processed/pro_crisismmd/images/data_image/hurricane_irma/18_9_2017/909751601405054976_0.jpg	informative	not_informative	False	0.7207441031932831	0.44148824363946915	0.27925585955381393	0.7207441031932831	False	True	0.04849855601787567	0.9515014290809631	True	0.5100131630897522	0.489986777305603
906927908673003520	Some more wind gusts from hurricane Irma as it closes in on Florida flwx gawx	data/processed/pro_crisismmd/images/data_image/hurricane_irma/10_9_2017/906927908673003520_0.jpg	informative	not_informative	False	0.7207238376140594	0.4414476789534092	0.27927615866065025	0.7207238376140594	False	True	0.45541855692863464	0.544581413269043	True	0.10313376039266586	0.8968662619590759
905710526264692736	It's a hurricane party in the Atlantic.	data/processed/pro_crisismmd/images/data_image/hurricane_irma/7_9_2017/905710526264692736_0.jpg	informative	not_informative	False	0.7204646915197372	0.4409293659264222	0.27953532559331506	0.7204646915197372	False	True	0.5569314956665039	0.4430685341358185	True	0.0021391555201262236	0.997860848903656
909469956990996480	Irma still over Cuba heading toward open ocean then Florida Keys	data/processed/pro_crisismmd/images/data_image/hurricane_irma/17_9_2017/909469956990996480_2.jpg	informative	not_informative	False	0.720258891582489	0.4405177980661392	0.2797410935163498	0.720258891582489	False	True	0.4205893576145172	0.5794106125831604	True	0.13889282941818237	0.8611071705818176
905691424808677376	Hurricane Irma Looks a Lot Like Hurricane Katrina Right Now	data/processed/pro_crisismmd/images/data_image/hurricane_irma/7_9_2017/905691424808677376_0.jpg	informative	not_informative	False	0.7194519937038422	0.43890395015478134	0.2805480435490608	0.7194519937038422	False	True	0.08655430376529694	0.913445770740509	True	0.4745417833328247	0.5254582166671753
906271118817972230	Morgan students collected over 40 boxes of donations for Hurticane Harvey!!	data/processed/pro_crisismmd/images/data_image/hurricane_harvey/8_9_2017/906271118817972230_0.jpg	informative	not_informative	False	0.7188791036605835	0.437758207321167	0.2811208963394165	0.7188791036605835	False	True	0.36266031861305237	0.6373396515846252	True	0.19958147406578064	0.8004185557365417
9,21045E+17	Thanks to our employees who donated supplies for the victims of California wildfires. generosity.	data/processed/pro_crisismmd/images/data_image/california_wildfires/19_10_2017/921044916158869505_0.jpg	informative	not_informative	False	0.7180121541023254	0.43602434545755386	0.2819878086447716	0.7180121541023254	False	True	0.3986590504646301	0.6013409495353699	True	0.16531656682491302	0.834683358669281
904576062125989888	, here is info for anyone who needs a child's car seat replacement after Harvey	data/processed/pro_crisismmd/images/data_image/hurricane_harvey/4_9_2017/904576062125989888_0.jpg	informative	not_informative	False	0.7173208892345428	0.4346417784690857	0.28267911076545715	0.7173208892345428	False	True	0.41230320930480957	0.5876967906951904	True	0.15305501222610474	0.8469449877738953
904389536674791424	TODAY: Holbrook Girl Selling Lemonade To Raise Money For Hurricane Harvey Victims	data/processed/pro_crisismmd/images/data_image/hurricane_harvey/3_9_2017/904389536674791424_0.jpg	informative	not_informative	False	0.7165493220090866	0.4330986216664314	0.2834507003426552	0.7165493220090866	False	True	0.033869460225105286	0.9661305546760559	True	0.5330319404602051	0.4669680893421173
910220057602658305	80% chance of tornado watch eastern Dakotas; severe storms push into Minnesota tonight	data/processed/pro_crisismmd/images/data_image/hurricane_harvey/19_9_2017/910220057602658305_0.jpg	informative	not_informative	False	0.7156143486499786	0.4312286786735058	0.28438566997647285	0.7156143486499786	False	True	0.08748988062143326	0.9125101566314697	True	0.48128145933151245	0.5187185406684875
901780002571776001	Another Dry One While Harvey Soaks SE Texas ALWX	data/processed/pro_crisismmd/images/data_image/hurricane_harvey/27_8_2017/901780002571776001_0.jpg	informative	not_informative	False	0.7150084227323532	0.430016812402755	0.2849916103295982	0.7150084227323532	False	True	0.5628707408905029	0.43712928891181946	True	0.007112479768693447	0.992887556552887
906113658442403840	Chemical plant explodes from Harvey damage via	data/processed/pro_crisismmd/images/data_image/hurricane_harvey/8_9_2017/906113658442403840_0.jpg	informative	not_informative	False	0.7142916917800903	0.4285833537578583	0.28570833802223206	0.7142916917800903	False	True	0.39590123295783997	0.6040987968444824	True	0.17551544308662415	0.8244845867156982
909765229889892352	So where will you be when Jose hits? Here's why we talk about it so much Irma Weather	data/processed/pro_crisismmd/images/data_image/hurricane_irma/18_9_2017/909765229889892352_0.jpg	informative	not_informative	False	0.7109886705875397	0.42197731137275696	0.2890113592147827	0.7109886705875397	False	True	0.43135586380958557	0.5686441659927368	True	0.14666685461997986	0.8533331751823425
905781192733155328	Life comes at you fast.. Harvey hurricaneirma2017 WednesdayWisdom IrmaHurricane	data/processed/pro_crisismmd/images/data_image/hurricane_harvey/7_9_2017/905781192733155328_0.jpg	informative	not_informative	False	0.710968017578125	0.4219360090792179	0.2890320084989071	0.710968017578125	False	True	0.030951552093029022	0.9690485000610352	True	0.5471124649047852	0.45288753509521484
907698656580653057	A Flood of New Oyster Regulations : ccatexas conservation oysters HurricaneHarvey	data/processed/pro_crisismmd/images/data_image/hurricane_harvey/12_9_2017/907698656580653057_0.jpg	not_informative	informative	False	0.7105865776538849	0.4211731869727373	0.7105865776538849	0.2894133906811476	False	True	0.4623175263404846	0.5376824736595154	True	0.9588556289672852	0.04114430770277977
909438945871712258	Climate Prediction. A hurricane more powerful than IRMA will hit the WH during Trumps Presidency. MotherNatureFury.	data/processed/pro_crisismmd/images/data_image/hurricane_irma/17_9_2017/909438945871712258_0.jpg	informative	not_informative	False	0.7095047980546951	0.41900961846113205	0.2904951795935631	0.7095047980546951	False	True	0.05925552546977997	0.9407444596290588	True	0.5217348337173462	0.4782651364803314
910225455927701505	SPC is probably going to post a tornado watch for the area shown.	data/processed/pro_crisismmd/images/data_image/hurricane_harvey/19_9_2017/910225455927701505_0.jpg	informative	not_informative	False	0.7085180282592773	0.4170360267162323	0.29148200154304504	0.7085180282592773	False	True	0.3119467496871948	0.68805330991745	True	0.27101725339889526	0.7289827466011047
905625106583609344	. releases statement on Hurricane Irma	data/processed/pro_crisismmd/images/data_image/hurricane_irma/7_9_2017/905625106583609344_0.jpg	informative	not_informative	False	0.7078037559986115	0.4156074821949005	0.29219627380371094	0.7078037559986115	False	True	0.3798185884952545	0.6201814413070679	True	0.20457395911216736	0.795426070690155
906927853471715329	a boarded window surprisingly makes a great canvas irma	data/processed/pro_crisismmd/images/data_image/hurricane_irma/10_9_2017/906927853471715329_2.jpg	informative	not_informative	False	0.7073871195316315	0.41477424558252096	0.2926128739491105	0.7073871195316315	False	True	0.5804946422576904	0.41950535774230957	True	0.004731105640530586	0.9952688813209534
9,20475E+17	Engineered drought causing wildfires	data/processed/pro_crisismmd/images/data_image/california_wildfires/18_10_2017/920474622205628416_3.jpg	informative	not_informative	False	0.7067390382289886	0.41347810998559	0.29326092824339867	0.7067390382289886	False	True	0.11587461084127426	0.8841253519058228	True	0.47064724564552307	0.5293527245521545
9,2303E+17	Firefighters Quickly Contain Clifftop Brush Fire S.F:	data/processed/pro_crisismmd/images/data_image/california_wildfires/25_10_2017/923030194096656384_0.jpg	informative	not_informative	False	0.7061074674129486	0.4122149422764778	0.2938925251364708	0.7061074674129486	False	True	0.3894796073436737	0.6105203628540039	True	0.19830544292926788	0.8016945719718933
906927887454011394	A huge crane just collapsed on top of building in down town Miami irma	data/processed/pro_crisismmd/images/data_image/hurricane_irma/10_9_2017/906927887454011394_0.jpg	informative	not_informative	False	0.7055675387382507	0.41113508492708206	0.29443245381116867	0.7055675387382507	False	True	0.1847369223833084	0.8152630925178528	True	0.40412798523902893	0.5958719849586487
907433474025455617	How the big tree got devastated and the small one untouched is beyond me! Luck of the draw! Or a tornado!	data/processed/pro_crisismmd/images/data_image/hurricane_harvey/12_9_2017/907433474025455617_0.jpg	informative	not_informative	False	0.7053690403699875	0.4107380658388138	0.2946309745311737	0.7053690403699875	False	True	0.5188637971878052	0.4811362326145172	True	0.07039815187454224	0.9296018481254578
905288649692127232	Arrived . You should volunteer. Harvey Irma	data/processed/pro_crisismmd/images/data_image/hurricane_harvey/6_9_2017/905288649692127232_0.jpg	informative	not_informative	False	0.7030028849840164	0.4060057448223233	0.2969971401616931	0.7030028849840164	False	True	0.572074830532074	0.4279251992702484	True	0.021919449791312218	0.9780805706977844
901692870498897920	Believe The Meteorologists. Harvey Is Incredibly Dangerous.	data/processed/pro_crisismmd/images/data_image/hurricane_harvey/27_8_2017/901692870498897920_0.jpg	informative	not_informative	False	0.7028977274894714	0.4057954177260399	0.29710230976343155	0.7028977274894714	False	True	0.37758907675743103	0.6224109530448914	True	0.21661554276943207	0.7833845019340515
909702941044543488	Why the Everglades Might Never Look the Same After Hurricane Irma westcoast Florida	data/processed/pro_crisismmd/images/data_image/hurricane_irma/18_9_2017/909702941044543488_0.jpg	informative	not_informative	False	0.7018253803253174	0.40365076065063477	0.2981746196746826	0.7018253803253174	False	True	0.14918509125709534	0.850814938545227	True	0.4471641480922699	0.5528358221054077
906927969171656705	Irma causing street flooding near intracoastal in westpalmbeach	data/processed/pro_crisismmd/images/data_image/hurricane_irma/10_9_2017/906927969171656705_0.jpg	informative	not_informative	False	0.7018177807331085	0.40363557636737823	0.2981822043657303	0.7018177807331085	False	True	0.4649679958820343	0.5350319743156433	True	0.13139641284942627	0.8686035871505737
9,19641E+17	Homeowners cry as they return after fire USNews USRC	data/processed/pro_crisismmd/images/data_image/california_wildfires/15_10_2017/919641467206774784_0.jpg	informative	not_informative	False	0.7010834664106369	0.4021668992936611	0.2989165671169758	0.7010834664106369	False	True	0.5095418095588684	0.490458220243454	True	0.08829132467508316	0.9117087125778198
906877020134617089	Thank you for your generosity. Supporting families affected by Hurricane Harvey. ccsd93	data/processed/pro_crisismmd/images/data_image/hurricane_harvey/10_9_2017/906877020134617089_1.jpg	informative	not_informative	False	0.7008711695671082	0.4017423167824745	0.29912885278463364	0.7008711695671082	False	True	0.14508093893527985	0.8549190759658813	True	0.4531767666339874	0.546823263168335
901743324620402688	Harvey, now a tropical storm is going nowwhere. Low to remain over Texas for much of this week.	data/processed/pro_crisismmd/images/data_image/hurricane_harvey/27_8_2017/901743324620402688_0.jpg	informative	not_informative	False	0.7003796696662903	0.4007593244314194	0.2996203452348709	0.7003796696662903	False	True	0.3887394964694977	0.6112605333328247	True	0.21050119400024414	0.7894988059997559
908767293399695360	Stuff the bus for Harvey a big success!!	data/processed/pro_crisismmd/images/data_image/hurricane_harvey/15_9_2017/908767293399695360_1.jpg	informative	not_informative	False	0.6995997428894043	0.3991994773969054	0.3004002654924989	0.6995997428894043	False	True	0.5823778510093689	0.4176221489906311	True	0.018422679975628853	0.9815773367881775
909690631194398720	DUMP TRUCK - FEMA CONTRACT HURRICANE IRMA King's Highway Transportation, LLC Location :...	data/processed/pro_crisismmd/images/data_image/hurricane_irma/18_9_2017/909690631194398720_0.jpg	not_informative	informative	False	0.6995552033185959	0.39911038521677256	0.6995552033185959	0.30044481810182333	False	True	0.41561856865882874	0.5843814611434937	True	0.983491837978363	0.016508175060153008
901679854273400832	OMG thats it! Thats the tornado 1	data/processed/pro_crisismmd/images/data_image/hurricane_harvey/27_8_2017/901679854273400832_0.jpg	informative	not_informative	False	0.6995319873094559	0.39906394109129906	0.3004680462181568	0.6995319873094559	False	True	0.564669668674469	0.4353303611278534	True	0.036266423761844635	0.9637336134910583
9,23641E+17	Severe fire weather loosens grip on Southern California	data/processed/pro_crisismmd/images/data_image/california_wildfires/26_10_2017/923641271712874497_0.jpg	informative	not_informative	False	0.6989899575710297	0.3979799300432205	0.30101002752780914	0.6989899575710297	False	True	0.14807558059692383	0.8519243597984314	True	0.45394447445869446	0.5460555553436279
909416120960069632	After Harvey and Irma, Atlantic keeps brewing up new storms	data/processed/pro_crisismmd/images/data_image/hurricane_irma/17_9_2017/909416120960069632_0.jpg	informative	not_informative	False	0.6988748908042908	0.39774976670742035	0.3011251240968704	0.6988748908042908	False	True	0.4276987612247467	0.5723012685775757	True	0.17455148696899414	0.8254485130310059
909377570667466752	Irma isn't getting by Big B 4F	data/processed/pro_crisismmd/images/data_image/hurricane_irma/17_9_2017/909377570667466752_0.jpg	informative	not_informative	False	0.6985862702131271	0.39717254089191556	0.3014137293212116	0.6985862702131271	False	True	0.5889020562171936	0.411097913980484	True	0.01392540242522955	0.9860746264457703
905818622408450048	Dropped off our donation for Harvey relief to they will distribute to victims and volunteers	data/processed/pro_crisismmd/images/data_image/hurricane_harvey/7_9_2017/905818622408450048_0.jpg	informative	not_informative	False	0.6979503333568573	0.3959006518125534	0.3020496815443039	0.6979503333568573	False	True	0.3079279959201813	0.6920719742774963	True	0.2961713671684265	0.7038286924362183
909915400724516867	The small towns forgotten about that received the first blow of Harvey. Shit is crazy	data/processed/pro_crisismmd/images/data_image/hurricane_harvey/18_9_2017/909915400724516867_3.jpg	informative	not_informative	False	0.6977123916149139	0.39542482048273087	0.3022875711321831	0.6977123916149139	False	True	0.42851197719573975	0.5714879631996155	True	0.1760631650686264	0.8239368200302124
905199804497702915	Irma throws shade on Harvey.Both are important!	data/processed/pro_crisismmd/images/data_image/hurricane_harvey/5_9_2017/905199804497702915_0.jpg	informative	not_informative	False	0.6971238106489182	0.39424766041338444	0.3028761502355337	0.6971238106489182	False	True	0.5890742540359497	0.4109257161617279	True	0.01667804643511772	0.9833219051361084
905714805733855232	"Hurricane irma is like ""Don't worry, if I don't do enough damage, my niggas behind me"""	data/processed/pro_crisismmd/images/data_image/hurricane_irma/7_9_2017/905714805733855232_0.jpg	informative	not_informative	False	0.6960309743881226	0.3920619636774063	0.30396901071071625	0.6960309743881226	False	True	0.42891934514045715	0.5710806250572205	True	0.17901867628097534	0.8209813237190247
909448889249517569	Last day to shop to help victims of Hurricanes Harvey and Irma! 10% of all retail sales at both of our stores go to	data/processed/pro_crisismmd/images/data_image/hurricane_irma/17_9_2017/909448889249517569_0.png	informative	not_informative	False	0.695591151714325	0.3911823034286499	0.30440884828567505	0.695591151714325	False	True	0.5033835768699646	0.4966164231300354	True	0.1054341197013855	0.8945658802986145
905702392796209152	BREAKING: Hurricane Irma wreaks 'total carnage' on Barbuda	data/processed/pro_crisismmd/images/data_image/hurricane_irma/7_9_2017/905702392796209152_0.jpg	not_informative	informative	False	0.6950305551290512	0.3900611326098442	0.6950305551290512	0.304969422519207	False	True	0.46720996499061584	0.5327900052070618	True	0.9228511452674866	0.07714883983135223
901650463224987649	Large road signs down over I-37 near Corpus. ksatwx harvey	data/processed/pro_crisismmd/images/data_image/hurricane_harvey/27_8_2017/901650463224987649_0.jpg	informative	not_informative	False	0.6929377615451813	0.38587550073862076	0.3070622608065605	0.6929377615451813	False	True	0.4255187511444092	0.5744813084602356	True	0.18860577046871185	0.811394214630127
906661514903306240	TORNADO WARNING IN MY AREA HOLY FUCK	data/processed/pro_crisismmd/images/data_image/hurricane_harvey/9_9_2017/906661514903306240_0.jpg	informative	not_informative	False	0.6928095072507858	0.3856190228834748	0.307190484367311	0.6928095072507858	False	True	0.5901860594749451	0.40981391072273254	True	0.024194909259676933	0.9758051037788391
904815771930513408	Braves players are out & about in the right now collecting donations for Harvey recovery efforts!	data/processed/pro_crisismmd/images/data_image/hurricane_harvey/4_9_2017/904815771930513408_2.jpg	informative	not_informative	False	0.6927689909934998	0.3855379894375801	0.30723100155591965	0.6927689909934998	False	True	0.06651972234249115	0.9334802031517029	True	0.5479422807693481	0.45205777883529663
904997956486496258	Fossil fuel didnt cause Hurricane Harvey Its saving lives (video)	data/processed/pro_crisismmd/images/data_image/hurricane_harvey/5_9_2017/904997956486496258_0.jpg	informative	not_informative	False	0.6917787492275238	0.3835574686527252	0.3082212805747986	0.6917787492275238	False	True	0.44522660970687866	0.5547734498977661	True	0.1712159514427185	0.8287840485572815
909756427945828352	Blood drive today to help those affected by Irma & Harvey community makeadifference relief coastalcommunity	data/processed/pro_crisismmd/images/data_image/hurricane_harvey/18_9_2017/909756427945828352_0.jpg	informative	not_informative	False	0.691336989402771	0.3826739639043808	0.3086630254983902	0.691336989402771	False	True	0.32194530963897705	0.678054690361023	True	0.29538074135780334	0.704619288444519
905750243546890240	AP NEWS: Trump weighing option of dropping nuclear bomb on Hurricane Irma to save Mar-a-Lago.	data/processed/pro_crisismmd/images/data_image/hurricane_irma/7_9_2017/905750243546890240_0.jpg	informative	not_informative	False	0.6911876797676086	0.3823753744363785	0.30881230533123016	0.6911876797676086	False	True	0.4526914060115814	0.547308623790741	True	0.1649332046508789	0.8350667357444763
901646559384829953	Harvey destroyed Dairy Treet. I'm officially pissed2	data/processed/pro_crisismmd/images/data_image/hurricane_harvey/27_8_2017/901646559384829953_0.jpg	informative	not_informative	False	0.6905807107686996	0.3811614476144314	0.30941926315426826	0.6905807107686996	False	True	0.5399389863014221	0.4600609838962555	True	0.07889954000711441	0.9211004376411438
908981846758662144	Tropical Storm Harvey: Latestforecast	data/processed/pro_crisismmd/images/data_image/hurricane_harvey/16_9_2017/908981846758662144_0.jpg	informative	not_informative	False	0.6898400634527206	0.3796801120042801	0.31015995144844055	0.6898400634527206	False	True	0.5051887631416321	0.4948112666606903	True	0.11513113975524902	0.884868860244751
905522969723666432	Please join us in collecting items for Hurricane Harvey Victims.	data/processed/pro_crisismmd/images/data_image/hurricane_harvey/6_9_2017/905522969723666432_1.jpg	informative	not_informative	False	0.6882640719413757	0.37652819231152534	0.3117358796298504	0.6882640719413757	False	True	0.01513674110174179	0.9848632216453552	True	0.608335018157959	0.39166492223739624
9,19939E+17	15 Videos Show What It's Really Like Trying to Survive the CaliforniaWildfires	data/processed/pro_crisismmd/images/data_image/california_wildfires/16_10_2017/919939268646019072_0.jpg	not_informative	informative	False	0.6876014471054077	0.3752029165625572	0.6876014471054077	0.3123985305428505	False	True	0.529914379119873	0.47008562088012695	True	0.8452885150909424	0.15471144020557404
907014413500256256	Evidently somebody didn't want to risk putting Orlando under a Tornado Warning.	data/processed/pro_crisismmd/images/data_image/hurricane_harvey/10_9_2017/907014413500256256_0.jpg	informative	not_informative	False	0.6849017292261124	0.3698034742847085	0.31509825494140387	0.6849017292261124	False	True	0.6107591390609741	0.38924089074134827	True	0.01943737082183361	0.9805625677108765
906831916397199361	Don't forget the tornado threat today, says while literally gripping a tree in Miami. Irma	data/processed/pro_crisismmd/images/data_image/hurricane_harvey/10_9_2017/906831916397199361_0.jpg	informative	not_informative	False	0.6847741603851318	0.36954837292432785	0.315225787460804	0.6847741603851318	False	True	0.4574533700942993	0.5425465703010559	True	0.17299820482730865	0.8270017504692078
907335902334263297	Irma and Harvey: very different storms, but both affected by climatechange	data/processed/pro_crisismmd/images/data_image/hurricane_harvey/11_9_2017/907335902334263297_0.jpg	informative	not_informative	False	0.6844426989555359	0.3688853606581688	0.3155573382973671	0.6844426989555359	False	True	0.22163008153438568	0.7783699631690979	True	0.4094845950603485	0.5905154347419739
909899148551491584	Still Praying F HurricaneHarvey	data/processed/pro_crisismmd/images/data_image/hurricane_harvey/18_9_2017/909899148551491584_0.jpg	not_informative	informative	False	0.6833887696266174	0.36677756905555725	0.6833887696266174	0.3166112005710602	False	True	0.666847288608551	0.3331526815891266	True	0.6999302506446838	0.3000697195529938
907011413889228800	Tornado warning. Disney, universal.	data/processed/pro_crisismmd/images/data_image/hurricane_harvey/10_9_2017/907011413889228800_0.jpg	informative	not_informative	False	0.6829148381948471	0.365829698741436	0.3170851394534111	0.6829148381948471	False	True	0.5183428525924683	0.4816571772098541	True	0.11582742631435394	0.8841724991798401
904733485138681856	Hey guys just wanted to tell you to help Harvey survivors as much as you can! Spread this tweet!	data/processed/pro_crisismmd/images/data_image/hurricane_harvey/4_9_2017/904733485138681856_0.jpg	informative	not_informative	False	0.6801687180995941	0.36033738777041435	0.31983133032917976	0.6801687180995941	False	True	0.01519552618265152	0.9848045110702515	True	0.624467134475708	0.37553292512893677
9,22187E+17	CALIFORNIA WILDFIRES: Geoengineered Firestorms Terrorize to Advance theAgenda(s)	data/processed/pro_crisismmd/images/data_image/california_wildfires/22_10_2017/922187283142504448_0.jpg	not_informative	informative	False	0.6793711483478546	0.3587423413991928	0.6793711483478546	0.3206288069486618	False	True	0.6939631104469299	0.3060368597507477	True	0.6647791862487793	0.3352207541465759
907077391968858112	allstate harvey houstonflood Att'a way Allstate. Not many qualifed women adjusters. This lady is terrific.	data/processed/pro_crisismmd/images/data_image/hurricane_harvey/11_9_2017/907077391968858112_0.jpg	not_informative	informative	False	0.6763511300086975	0.352702297270298	0.6763511300086975	0.3236488327383995	False	True	0.5576582551002502	0.442341685295105	True	0.7950440049171448	0.20495598018169403
906832179036073984	The cone of uncertain continues to shift WEST putting ATL on E side of Irma meaning greater tornado threat gawx	data/processed/pro_crisismmd/images/data_image/hurricane_harvey/10_9_2017/906832179036073984_0.jpg	informative	not_informative	False	0.6762705296278	0.3525410443544388	0.3237294852733612	0.6762705296278	False	True	0.5843878984451294	0.4156120717525482	True	0.06307107210159302	0.9369289875030518
909447627325964289	Flooded Cars Could Flood UsedCar Market Irma Harvey	data/processed/pro_crisismmd/images/data_image/hurricane_irma/17_9_2017/909447627325964289_0.jpg	not_informative	informative	False	0.6751222908496857	0.35024457424879074	0.6751222908496857	0.32487771660089493	False	True	0.7920831441879272	0.20791684091091156	True	0.5581614375114441	0.4418385922908783
904417479455162368	ICE must be kept away from schools, hospitals, shelters, jails, etc. (8 of 8) Hurricane Harvey	data/processed/pro_crisismmd/images/data_image/hurricane_harvey/3_9_2017/904417479455162368_0.jpg	not_informative	informative	False	0.6747561693191528	0.34951238334178925	0.6747561693191528	0.3252437859773636	False	True	0.5503411293029785	0.4496588110923767	True	0.7991712093353271	0.20082876086235046
905850848726667268	This Newborn Photo Shoot Celebrates Hurricane Harvey Rescue	data/processed/pro_crisismmd/images/data_image/hurricane_harvey/7_9_2017/905850848726667268_0.jpg	informative	not_informative	False	0.6744642555713654	0.348928552120924	0.32553570345044136	0.6744642555713654	False	True	0.09839210659265518	0.9016078114509583	True	0.5526793003082275	0.44732069969177246
904499065672622080	Harvey HoustonStrong Watch Gulf: 20% chance tropical development next 5 days, would likely move toward TX.	data/processed/pro_crisismmd/images/data_image/hurricane_harvey/4_9_2017/904499065672622080_1.jpg	informative	not_informative	False	0.6734780967235565	0.34695618599653244	0.3265219107270241	0.6734780967235565	False	True	0.16044090688228607	0.8395590782165527	True	0.4926029145717621	0.5073971152305603
909446946376560640	Blanketing ~quarter of US, remnant clouds from what was Hurricane Irma.	data/processed/pro_crisismmd/images/data_image/hurricane_irma/17_9_2017/909446946376560640_0.jpg	informative	not_informative	False	0.6734081953763962	0.34681638330221176	0.3265918120741844	0.6734081953763962	False	True	0.5409409403800964	0.45905908942222595	True	0.1122426837682724	0.8877573013305664
905761817984716800	Hurricane Irma not gunning for New Orleans, forecasters say on	data/processed/pro_crisismmd/images/data_image/hurricane_irma/7_9_2017/905761817984716800_0.jpg	informative	not_informative	False	0.6725056618452072	0.34501132369041443	0.3274943381547928	0.6725056618452072	False	True	0.5511974692344666	0.44880250096321106	True	0.10379120707511902	0.8962088227272034
9,21708E+17	Local sheriff smacks down Breitbart for bigoted lie about California wildfires	data/processed/pro_crisismmd/images/data_image/california_wildfires/21_10_2017/921707911478480896_0.jpg	not_informative	informative	False	0.6714954674243927	0.3429909497499466	0.6714954674243927	0.3285045176744461	False	True	0.7997395396232605	0.20026043057441711	True	0.5432513952255249	0.4567486047744751
909490457603919872	Rudy Ogelsby stands in front of her daughter's prom dress--one of the only possessions that survived Irma from her	data/processed/pro_crisismmd/images/data_image/hurricane_irma/17_9_2017/909490457603919872_0.jpg	not_informative	informative	False	0.6708554178476334	0.34171087481081486	0.6708554178476334	0.3291445430368185	False	True	0.37590667605400085	0.6240932941436768	True	0.9658041596412659	0.03419579192996025
906810549387890688	TORNADO WARNING BREVARD COUNTY UNTIL 5:45 AM. BE IN LOWEST LEVEL AWAY FROM WINDOWS. LIVE ON 9.	data/processed/pro_crisismmd/images/data_image/hurricane_harvey/10_9_2017/906810549387890688_0.jpg	informative	not_informative	False	0.6705953776836395	0.34119079634547234	0.3294045813381672	0.6705953776836395	False	True	0.5534854531288147	0.4465144872665405	True	0.10532370954751968	0.8946762681007385
904815771930513408	Braves players are out & about in the right now collecting donations for Harvey recovery efforts!	data/processed/pro_crisismmd/images/data_image/hurricane_harvey/4_9_2017/904815771930513408_0.jpg	informative	not_informative	False	0.6697312593460083	0.3394624963402748	0.3302687630057335	0.6697312593460083	False	True	0.11259524524211884	0.88740473985672	True	0.5479422807693481	0.45205777883529663
905137970751135744	Thank you TRC FOR BEING CRAZY GIVERS!!! Sending Harvey relief.	data/processed/pro_crisismmd/images/data_image/hurricane_harvey/5_9_2017/905137970751135744_1.jpg	informative	not_informative	False	0.6694090664386749	0.3388181459158659	0.33059092052280903	0.6694090664386749	False	True	0.6202975511550903	0.37970244884490967	True	0.040884289890527725	0.9591156840324402
9,20154E+17	Fire Victims Begin Long Process Of Getting FEMA Aid:	data/processed/pro_crisismmd/images/data_image/california_wildfires/17_10_2017/920153745689923584_0.jpg	not_informative	informative	False	0.6692478507757187	0.33849568478763103	0.6692478507757187	0.33075216598808765	False	True	0.36083605885505676	0.6391639709472656	True	0.9776596426963806	0.022340361028909683
906927848648212481	Sheriff: Suspect shot, wounded during Irma burglary	data/processed/pro_crisismmd/images/data_image/hurricane_irma/10_9_2017/906927848648212481_0.jpg	not_informative	informative	False	0.6684039533138275	0.33680790662765503	0.6684039533138275	0.3315960466861725	False	True	0.7361939549446106	0.2638060450553894	True	0.6006139516830444	0.39938604831695557
909437172599726080	CITY OFFICIALS: Sunday's conference call is at 4 pm. Same number, just earlier! Thanks for your constan	data/processed/pro_crisismmd/images/data_image/hurricane_irma/17_9_2017/909437172599726080_0.jpg	informative	not_informative	False	0.6680508702993393	0.336101693668752	0.3319491766305873	0.6680508702993393	False	True	0.6635046005249023	0.33649542927742004	True	0.00039375273627229035	0.9996063113212585
908057774722109440	SayCheese! Helping out Harvey victims in true Wisconsin fashion	data/processed/pro_crisismmd/images/data_image/hurricane_harvey/13_9_2017/908057774722109440_0.jpg	informative	not_informative	False	0.667573943734169	0.3351478837430477	0.3324260599911213	0.667573943734169	False	True	0.5597794055938721	0.4402206242084503	True	0.10507271438837051	0.8949272632598877
909431953434251264	We're here to help! Irma Harvey	data/processed/pro_crisismmd/images/data_image/hurricane_irma/17_9_2017/909431953434251264_0.jpg	informative	not_informative	False	0.666781410574913	0.33356280811131	0.333218602463603	0.666781410574913	False	True	0.6346572041511536	0.36534276604652405	True	0.031780000776052475	0.968220055103302
907148608876810240	Picture of tornado warning. Atlantic / Neptune but please assume near you too.	data/processed/pro_crisismmd/images/data_image/hurricane_harvey/11_9_2017/907148608876810240_0.jpg	informative	not_informative	False	0.666370764374733	0.33274155110120773	0.33362921327352524	0.666370764374733	False	True	0.5117761492729187	0.4882238209247589	True	0.15548227727413177	0.844517707824707
9,22787E+17	California Tribe Donates $1 Million to Establish South Dakota Indian Fire Department	data/processed/pro_crisismmd/images/data_image/california_wildfires/24_10_2017/922786778385334275_0.jpg	not_informative	informative	False	0.6654715538024902	0.33094312250614166	0.6654715538024902	0.33452843129634857	False	True	0.5845296382904053	0.41547033190727234	True	0.7464134693145752	0.2535865306854248
905685213157629952	Passengers from Florida land in NH as Hurricane Irma approaches	data/processed/pro_crisismmd/images/data_image/hurricane_irma/7_9_2017/905685213157629952_0.jpg	informative	not_informative	False	0.6653100699186325	0.330620139837265	0.3346899300813675	0.6653100699186325	False	True	0.16773858666419983	0.8322613835334778	True	0.5016412734985352	0.49835875630378723
905185678757126144	First pic is a overlay of Irma the second was of Harvey. That a big ass hurricane.	data/processed/pro_crisismmd/images/data_image/hurricane_harvey/5_9_2017/905185678757126144_0.jpg	informative	not_informative	False	0.6650633215904236	0.330126628279686	0.3349366933107376	0.6650633215904236	False	True	0.251770555973053	0.748229444026947	True	0.41810283064842224	0.5818971991539001
905745545007849472	Americans are sending Hurricane Irma the coordinates for Trump's Florida MaraLago estate.	data/processed/pro_crisismmd/images/data_image/hurricane_irma/7_9_2017/905745545007849472_0.jpg	informative	not_informative	False	0.6643299460411072	0.32865990698337555	0.33567003905773163	0.6643299460411072	False	True	0.2957901954650879	0.7042098045349121	True	0.37554988265037537	0.6244500875473022
901734547422724096	Per WH, photo of Trump teleconferencing on Hurricane Harvey response efforts	data/processed/pro_crisismmd/images/data_image/hurricane_harvey/27_8_2017/901734547422724096_1.jpg	not_informative	informative	False	0.6601444184780121	0.3202888257801533	0.6601444184780121	0.3398555926978588	False	True	0.38282305002212524	0.6171769499778748	True	0.9374657869338989	0.06253423541784286
909764245033758720	Hurricane Irma: Response & live updates attemployee	data/processed/pro_crisismmd/images/data_image/hurricane_irma/18_9_2017/909764245033758720_0.jpg	informative	not_informative	False	0.659659281373024	0.3193185403943062	0.3403407409787178	0.659659281373024	False	True	0.5211998820304871	0.4788001477718353	True	0.15948159992694855	0.8405184149742126
908660710409953281	Fewer Denialists: The Tiny Silver Lining of Irma &Harvey	data/processed/pro_crisismmd/images/data_image/hurricane_harvey/15_9_2017/908660710409953281_0.jpg	informative	not_informative	False	0.6592027097940445	0.3184054116718471	0.3407972981221974	0.6592027097940445	False	True	0.6721810102462769	0.32781895995140076	True	0.009413585998117924	0.9905864596366882
905740276878204928	Hurricane Irma is now a killer storm as track targets Florida ' Miami Herald	data/processed/pro_crisismmd/images/data_image/hurricane_irma/7_9_2017/905740276878204928_0.jpg	informative	not_informative	False	0.6566633880138397	0.31332677602767944	0.3433366119861603	0.6566633880138397	False	True	0.4321019947528839	0.5678980350494385	True	0.25457122921943665	0.745428740978241
9,20106E+17	This gives you a rundown on the different Wildfires burning in California	data/processed/pro_crisismmd/images/data_image/california_wildfires/17_10_2017/920106209608458240_0.jpg	not_informative	informative	False	0.6563520431518555	0.31270408630371094	0.6563520431518555	0.34364795684814453	False	True	0.6891319751739502	0.3108680248260498	True	0.6235721111297607	0.37642788887023926
905148566099951619	Harvey flooded 13 of the US's most news usa headline | 0 by	data/processed/pro_crisismmd/images/data_image/hurricane_harvey/5_9_2017/905148566099951619_0.jpg	informative	not_informative	False	0.656052827835083	0.31210568733513355	0.34394714049994946	0.656052827835083	False	True	0.6313852071762085	0.36861473321914673	True	0.056509073823690414	0.9434909224510193
908128387939622912	FEMA barges expected to arrive in Port Arthur in two days	data/processed/pro_crisismmd/images/data_image/hurricane_harvey/14_9_2017/908128387939622912_0.jpg	not_informative	informative	False	0.6560153812170029	0.31203074008226395	0.6560153812170029	0.3439846411347389	False	True	0.38482770323753357	0.6151723265647888	True	0.9272030591964722	0.07279695570468903
909415687461986304	Please stay safe STX! I can't believe the USVI is in the direct path in back to back weeks. Irma Maria	data/processed/pro_crisismmd/images/data_image/hurricane_irma/17_9_2017/909415687461986304_0.jpg	informative	not_informative	False	0.6556622385978699	0.31132451072335243	0.34433772787451744	0.6556622385978699	False	True	0.5889996886253357	0.41100025177001953	True	0.09967576712369919	0.9003242254257202
904492590426460160	The Rescue Entrepreneurs Fielding Thousands of Harvey Distress Calls	data/processed/pro_crisismmd/images/data_image/hurricane_harvey/3_9_2017/904492590426460160_0.jpg	not_informative	informative	False	0.6550798267126083	0.3101596385240555	0.6550798267126083	0.34492018818855286	False	True	0.47903695702552795	0.5209630727767944	True	0.8311226963996887	0.16887730360031128
909394672698740737	Islands hit by Irma bracing for another hurricane	data/processed/pro_crisismmd/images/data_image/hurricane_irma/17_9_2017/909394672698740737_0.jpg	informative	not_informative	False	0.654868870973587	0.3097377419471741	0.34513112902641296	0.654868870973587	False	True	0.2988099753856659	0.7011899948120117	True	0.39145228266716003	0.6085477471351624
906262165618753536	Crowdsourcing info about Hurricane Harvey using berkEagles wearePBV pbvtech	data/processed/pro_crisismmd/images/data_image/hurricane_harvey/8_9_2017/906262165618753536_1.jpg	not_informative	informative	False	0.6542965024709702	0.30859301798045635	0.6542965024709702	0.3457034844905138	False	True	0.34551164507865906	0.6544883251190186	True	0.9630813598632812	0.03691864386200905
909718455640719360	'Maria' to batter after 'Irma'; Second Hurricane to strike easternCaribbean	data/processed/pro_crisismmd/images/data_image/hurricane_irma/18_9_2017/909718455640719360_0.jpg	informative	not_informative	False	0.6541160345077515	0.30823203921318054	0.3458839952945709	0.6541160345077515	False	True	0.5031563639640808	0.4968436360359192	True	0.18861162662506104	0.8113884329795837
908399918297047042	Harvey Relief T-Shirts	data/processed/pro_crisismmd/images/data_image/hurricane_harvey/14_9_2017/908399918297047042_1.jpg	not_informative	informative	False	0.6538430452346802	0.30768607556819916	0.6538430452346802	0.346156969666481	False	True	0.5813673734664917	0.4186326265335083	True	0.7263187170028687	0.27368131279945374
905631045810311171	Amtrak says it will temporarily suspend service in Florida due to Hurricane Irma.	data/processed/pro_crisismmd/images/data_image/hurricane_irma/7_9_2017/905631045810311171_0.jpg	informative	not_informative	False	0.6521607935428619	0.3043215796351433	0.34783921390771866	0.6521607935428619	False	True	0.14201004803180695	0.8579899668693542	True	0.5536683797836304	0.44633162021636963
906613004191531008	Tornado threat increasing across South FL as Irma approaches	data/processed/pro_crisismmd/images/data_image/hurricane_harvey/9_9_2017/906613004191531008_0.jpg	informative	not_informative	False	0.65101757645607	0.3020351529121399	0.34898242354393005	0.65101757645607	False	True	0.09417080879211426	0.9058291912078857	True	0.6037940382957458	0.39620596170425415
904212036887785472	Harvey's Chilling Wake NASA	data/processed/pro_crisismmd/images/data_image/hurricane_harvey/3_9_2017/904212036887785472_0.jpg	informative	not_informative	False	0.6498559415340424	0.2997118681669235	0.35014407336711884	0.6498559415340424	False	True	0.47332653403282166	0.5266734957695007	True	0.22696161270141602	0.773038387298584
905105305226248193	Harvey: climate change is not real Irma: Hold my beer	data/processed/pro_crisismmd/images/data_image/hurricane_harvey/5_9_2017/905105305226248193_0.jpg	informative	not_informative	False	0.6482535898685455	0.29650719743222	0.35174639243632555	0.6482535898685455	False	True	0.6752022504806519	0.32479774951934814	True	0.028290534391999245	0.9717094302177429
906271118817972230	Morgan students collected over 40 boxes of donations for Hurticane Harvey!!	data/processed/pro_crisismmd/images/data_image/hurricane_harvey/8_9_2017/906271118817972230_1.jpg	informative	not_informative	False	0.6480459123849869	0.29609182476997375	0.3519540876150131	0.6480459123849869	False	True	0.5043267011642456	0.495673269033432	True	0.19958147406578064	0.8004185557365417
908399918297047042	Harvey Relief T-Shirts	data/processed/pro_crisismmd/images/data_image/hurricane_harvey/14_9_2017/908399918297047042_0.jpg	not_informative	informative	False	0.6467920243740082	0.29358403384685516	0.6467920243740082	0.353207990527153	False	True	0.5672653317451477	0.4327346682548523	True	0.7263187170028687	0.27368131279945374
9,20825E+17	No, An Undocumented Immigrant Did Not Start The Deadly Northern California Wildfires	data/processed/pro_crisismmd/images/data_image/california_wildfires/19_10_2017/920824862528061440_0.jpg	informative	not_informative	False	0.6467070579528809	0.293414156883955	0.35329290106892586	0.6467070579528809	False	True	0.056652165949344635	0.9433478116989136	True	0.6499336361885071	0.35006630420684814
909497199100399616	Savannah's undergoing repairs after Irma damage: |	data/processed/pro_crisismmd/images/data_image/hurricane_irma/17_9_2017/909497199100399616_0.jpg	informative	not_informative	False	0.6465195715427399	0.2930391877889633	0.35348038375377655	0.6465195715427399	False	True	0.2573104500770569	0.7426894903182983	True	0.4496503174304962	0.5503496527671814
901758390615072769	Never seen this before: Hobby Airport in Houston is closed until Wednesday(!) due to Harvey	data/processed/pro_crisismmd/images/data_image/hurricane_harvey/27_8_2017/901758390615072769_0.jpg	informative	not_informative	False	0.6464397609233856	0.29287950694561005	0.3535602539777756	0.6464397609233856	False	True	0.32273024320602417	0.6772697567939758	True	0.384390264749527	0.6156097650527954
9,1997E+17	GuyFieri Brings Aid to California Wildfire Victims via	data/processed/pro_crisismmd/images/data_image/california_wildfires/16_10_2017/919969988437512192_0.jpg	not_informative	informative	False	0.6464252173900604	0.29285042732954025	0.6464252173900604	0.35357479006052017	False	True	0.8933719396591187	0.10662807524204254	True	0.3994784951210022	0.6005215048789978
904375409441087488	Texans are unstoppable! HoustonStrong TexasStrong Harvey HarveyRecovery SundayMorning Americans A8	data/processed/pro_crisismmd/images/data_image/hurricane_harvey/3_9_2017/904375409441087488_0.jpg	not_informative	informative	False	0.6462640464305878	0.2925280909985304	0.6462640464305878	0.3537359554320574	False	True	0.3100799322128296	0.6899200081825256	True	0.982448160648346	0.017551902681589127
909444846875799557	LuLaRoe Irma and Leggings -LuLaRoe Jamie Bigley lularoe, lularoeleggings, LLR, lulaaddict, howIroe	data/processed/pro_crisismmd/images/data_image/hurricane_irma/17_9_2017/909444846875799557_0.png	not_informative	informative	False	0.6460557878017426	0.2921115681529045	0.6460557878017426	0.35394421964883804	False	True	0.501052737236023	0.49894729256629944	True	0.7910588383674622	0.20894114673137665
9,19919E+17	California's wildfires spouted a 500-mile stream of smoke visible from space:	data/processed/pro_crisismmd/images/data_image/california_wildfires/16_10_2017/919918846932324355_0.jpg	not_informative	informative	False	0.646017849445343	0.29203568398952484	0.646017849445343	0.3539821654558182	False	True	0.6597173810005188	0.3402826189994812	True	0.6323183178901672	0.36768171191215515
905739208266014720	Back at it this morning: Collecting HarveyRelief items at Info:	data/processed/pro_crisismmd/images/data_image/hurricane_harvey/7_9_2017/905739208266014720_0.jpg	informative	not_informative	False	0.6426152288913727	0.28523047268390656	0.3573847562074661	0.6426152288913727	False	True	0.44114887714385986	0.5588511228561401	True	0.2736206352710724	0.7263793349266052
9,23282E+17	Third day in a row of record-breaking temperatures brings critical fire conditions across Southern California	data/processed/pro_crisismmd/images/data_image/california_wildfires/25_10_2017/923281592054943746_0.jpg	not_informative	informative	False	0.6418266296386719	0.28365324437618256	0.6418266296386719	0.3581733852624893	False	True	0.8420574069023132	0.15794262290000916	True	0.4415958523750305	0.5584041476249695
905036678913392645	Woman donates 30 litres of breast milk to Texas flood victims	data/processed/pro_crisismmd/images/data_image/hurricane_harvey/5_9_2017/905036678913392645_0.jpg	informative	not_informative	False	0.6391092389822006	0.27821846306324005	0.36089077591896057	0.6391092389822006	False	True	0.06627929210662842	0.9337207674980164	True	0.6555022597312927	0.3444977104663849
908084892453367808	Parts of Katy to be targeted by post-Harvey aerial spraying	data/processed/pro_crisismmd/images/data_image/hurricane_harvey/13_9_2017/908084892453367808_0.jpg	not_informative	informative	False	0.6376525163650513	0.27530502527952194	0.6376525163650513	0.3623474910855293	False	True	0.488176167011261	0.511823832988739	True	0.7871288657188416	0.21287114918231964
906002768556548097	Leading by example. POTUS HurricaneHarvey	data/processed/pro_crisismmd/images/data_image/hurricane_harvey/8_9_2017/906002768556548097_0.jpg	not_informative	informative	False	0.6373985409736633	0.27479706704616547	0.6373985409736633	0.36260147392749786	False	True	0.6696996688842773	0.33030030131340027	True	0.6050974130630493	0.39490264654159546
909221299557486592	captured this one a couple weeks ago from a tornado-warned storm near Valley City, ND.	data/processed/pro_crisismmd/images/data_image/hurricane_harvey/17_9_2017/909221299557486592_0.jpg	informative	not_informative	False	0.6367129385471344	0.273425817489624	0.3632871210575104	0.6367129385471344	False	True	0.2948290705680847	0.7051709890365601	True	0.43174517154693604	0.5682548880577087
905412496625987584	Drop off your donate-ables at Green Art in Freeport hurricaneharvey prayersfortexas	data/processed/pro_crisismmd/images/data_image/hurricane_harvey/6_9_2017/905412496625987584_0.jpg	informative	not_informative	False	0.6363120377063751	0.27262409031391144	0.3636879473924637	0.6363120377063751	False	True	0.4004349708557129	0.5995650291442871	True	0.3269409239292145	0.6730590462684631
909381183225712640	Hurricane Irma literally changed the color of these Caribbean islands	data/processed/pro_crisismmd/images/data_image/hurricane_irma/17_9_2017/909381183225712640_0.jpg	informative	not_informative	False	0.6352789103984833	0.27055781334638596	0.3647210970520973	0.6352789103984833	False	True	0.5997986197471619	0.4002014398574829	True	0.12964357435703278	0.8703563809394836
906652590179536896	Another tornado spotted off Fort Lauderdale beach Irma IrmaFL IrmaFlorida	data/processed/pro_crisismmd/images/data_image/hurricane_harvey/9_9_2017/906652590179536896_0.jpg	informative	not_informative	False	0.6337908506393433	0.2675817310810089	0.36620911955833435	0.6337908506393433	False	True	0.2770957350730896	0.7229042649269104	True	0.4553225040435791	0.5446774363517761
909769464337588225	$LIGA fully sustainable and disaster resistant living environments. Irma Harvey	data/processed/pro_crisismmd/images/data_image/hurricane_irma/18_9_2017/909769464337588225_0.jpg	informative	not_informative	False	0.6324684917926788	0.26493696868419647	0.36753152310848236	0.6324684917926788	False	True	0.5257202982902527	0.4742797017097473	True	0.20934274792671204	0.7906572818756104
901650538433044481	Flooding begins as worst of TS Harvey's moisture moves into Houston	data/processed/pro_crisismmd/images/data_image/hurricane_harvey/27_8_2017/901650538433044481_0.jpg	informative	not_informative	False	0.6319340467453003	0.2638680785894394	0.3680659681558609	0.6319340467453003	False	True	0.3564014136791229	0.6435986161231995	True	0.3797305226325989	0.6202694773674011
909428648796704768	Hey I just saw you on w/ discussing Hurricane Irma. Good job. NABJ	data/processed/pro_crisismmd/images/data_image/hurricane_irma/17_9_2017/909428648796704768_1.jpg	informative	not_informative	False	0.6319026052951813	0.26380518451333046	0.3680974207818508	0.6319026052951813	False	True	0.7204364538192749	0.2795635461807251	True	0.015758387744426727	0.9842416644096375
909482708027498496	Right Angle 'Cane Irma; Further Hard Proof of Weather War Terrorism Cuba...	data/processed/pro_crisismmd/images/data_image/hurricane_irma/17_9_2017/909482708027498496_0.jpg	informative	not_informative	False	0.630035400390625	0.2600708305835724	0.3699645698070526	0.630035400390625	False	True	0.328531950712204	0.6714680194854736	True	0.41139718890190125	0.5886027812957764
909943135601442819	First storm since Harvey sweeps across region, flash flood warningissued	data/processed/pro_crisismmd/images/data_image/hurricane_harvey/19_9_2017/909943135601442819_0.jpg	informative	not_informative	False	0.6298161149024963	0.25963224470615387	0.37018387019634247	0.6298161149024963	False	True	0.2754206359386444	0.724579393863678	True	0.4649471044540405	0.5350528359413147
908723134781517824	Houston refinery 'significantly underestimated' amount of toxic chemicals released	data/processed/pro_crisismmd/images/data_image/hurricane_harvey/15_9_2017/908723134781517824_0.jpg	informative	not_informative	False	0.6291331648826599	0.25826631486415863	0.3708668500185013	0.6291331648826599	False	True	0.39778968691825867	0.6022103428840637	True	0.3439440131187439	0.6560559868812561
906759447942516737	My Ride Garage Orange County Choppers Hurricane HarveyRelief	data/processed/pro_crisismmd/images/data_image/hurricane_harvey/10_9_2017/906759447942516737_0.jpg	not_informative	informative	False	0.6291192919015884	0.258238572627306	0.6291192919015884	0.37088071927428246	False	True	0.3192956745624542	0.6807042956352234	True	0.9389429092407227	0.06105714291334152
905491119705702400	"PHOTOS: New album ""Texas recovers from Harvey"" posted on our Facebook page (CNS/Bob Roller)"	data/processed/pro_crisismmd/images/data_image/hurricane_harvey/6_9_2017/905491119705702400_0.jpg	not_informative	informative	False	0.628520280122757	0.25704053044319153	0.628520280122757	0.37147974967956543	False	True	0.3303062319755554	0.6696938276290894	True	0.9267343282699585	0.0732656717300415
9,17794E+17	Henry Cejudo suffers burns, loses gold medal in California wildfire	data/processed/pro_crisismmd/images/data_image/california_wildfires/10_10_2017/917794024173563904_0.jpg	informative	not_informative	False	0.6270517557859421	0.25410349667072296	0.3729482591152191	0.6270517557859421	False	True	0.16855382919311523	0.8314462304115295	True	0.577342689037323	0.4226572811603546
909469956990996480	Irma still over Cuba heading toward open ocean then Florida Keys	data/processed/pro_crisismmd/images/data_image/hurricane_irma/17_9_2017/909469956990996480_0.jpg	informative	not_informative	False	0.6267715692520142	0.2535431385040283	0.37322843074798584	0.6267715692520142	False	True	0.6075640320777893	0.3924359679222107	True	0.13889282941818237	0.8611071705818176
909760195240308737	Insurance claims have you confused after Irma? Start here TampaBay StPete SunShinesHere	data/processed/pro_crisismmd/images/data_image/hurricane_irma/18_9_2017/909760195240308737_0.jpg	not_informative	informative	False	0.626760333776474	0.2535206526517868	0.626760333776474	0.3732396811246872	False	True	0.5373757481575012	0.46262431144714355	True	0.7161449193954468	0.28385505080223083
906786772377636865	Breaking Tornado warning for Lantana Rd south to Boca Raton. BeSafe	data/processed/pro_crisismmd/images/data_image/hurricane_harvey/10_9_2017/906786772377636865_0.jpg	informative	not_informative	False	0.6264330744743347	0.25286611914634705	0.37356695532798767	0.6264330744743347	False	True	0.1482241153717041	0.8517759442329407	True	0.5989097952842712	0.40109020471572876
910204369576054784	In wake of Harvey & Irma rebuilding costs spike, jobs get repriced & deliveries stall	data/processed/pro_crisismmd/images/data_image/hurricane_harvey/19_9_2017/910204369576054784_0.jpg	informative	not_informative	False	0.6246950328350067	0.24939009547233582	0.3753049373626709	0.6246950328350067	False	True	0.41454190015792847	0.5854580998420715	True	0.33606797456741333	0.6639319658279419
908757312705249280	Rock climbing in Big Cottonwood! HurricaneHarvey	data/processed/pro_crisismmd/images/data_image/hurricane_harvey/15_9_2017/908757312705249280_0.jpg	not_informative	informative	False	0.6236727237701416	0.2473454475402832	0.6236727237701416	0.3763272762298584	False	True	0.5708682537078857	0.4291316866874695	True	0.6764771938323975	0.3235228657722473
904437063327649793	More Texas dogs displaced by Harvey finding homes in NJ	data/processed/pro_crisismmd/images/data_image/hurricane_harvey/3_9_2017/904437063327649793_0.jpg	not_informative	informative	False	0.6232462674379349	0.24649256095290184	0.6232462674379349	0.37675370648503304	False	True	0.3309195339679718	0.6690804362297058	True	0.915573000907898	0.08442697674036026
908692274380292096	Be ready for the next hurricane or naturaldisaster	data/processed/pro_crisismmd/images/data_image/hurricane_harvey/15_9_2017/908692274380292096_0.jpg	informative	not_informative	False	0.6231361925601959	0.24627237021923065	0.37686382234096527	0.6231361925601959	False	True	0.22752180695533752	0.7724782228469849	True	0.526205837726593	0.473794162273407
905712277751549952	May the Lord be with you to strengthen, comfort and protect you in Jesus name! hurricane irma prayer	data/processed/pro_crisismmd/images/data_image/hurricane_irma/7_9_2017/905712277751549952_0.jpg	not_informative	informative	False	0.6229293197393417	0.24585866928100586	0.6229293197393417	0.3770706504583359	False	True	0.3054083287715912	0.6945916414260864	True	0.9404503107070923	0.05954965949058533
909472219478286336	My dog lost his kennel on irma 11 dogs pet 222	data/processed/pro_crisismmd/images/data_image/hurricane_irma/17_9_2017/909472219478286336_0.jpg	not_informative	informative	False	0.622923731803894	0.24584749341011047	0.622923731803894	0.37707623839378357	False	True	0.5588586330413818	0.44114136695861816	True	0.6869888305664062	0.313011109828949
9,23338E+17	Wildfires Leave California Vulnerable to Flooding,Mudslides	data/processed/pro_crisismmd/images/data_image/california_wildfires/25_10_2017/923337635468382208_0.jpg	not_informative	informative	False	0.622576504945755	0.24515299499034882	0.622576504945755	0.3774235099554062	False	True	0.5430057644844055	0.45699426531791687	True	0.7021472454071045	0.2978527545928955
904686036219027461	Virginia charity gathers donations for women impacted by Harvey	data/processed/pro_crisismmd/images/data_image/hurricane_harvey/4_9_2017/904686036219027461_0.jpg	informative	not_informative	False	0.622295081615448	0.2445901334285736	0.3777049481868744	0.622295081615448	False	True	0.3498407006263733	0.6501593589782715	True	0.4055691957473755	0.5944308042526245
9,22953E+17	Liam Anderson Talks About Impact Of California Wildfires After Big Race At Mt. SAC	data/processed/pro_crisismmd/images/data_image/california_wildfires/24_10_2017/922952858235944961_0.jpg	not_informative	informative	False	0.6222644448280334	0.2445288896560669	0.6222644448280334	0.37773555517196655	False	True	0.6291033029556274	0.37089669704437256	True	0.6154255867004395	0.38457441329956055
905625439334539264	Here are key messages for Hurricane Irma from . FLwx FLKeys KeyWest	data/processed/pro_crisismmd/images/data_image/hurricane_irma/7_9_2017/905625439334539264_0.jpg	informative	not_informative	False	0.6213664412498474	0.24273286759853363	0.3786335736513138	0.6213664412498474	False	True	0.4444889426231384	0.5555110573768616	True	0.31277820467948914	0.6872218251228333
909769051966201857	ICYMI: Trump pushes to run for Senate during Irma recovery visit	data/processed/pro_crisismmd/images/data_image/hurricane_irma/18_9_2017/909769051966201857_0.jpg	not_informative	informative	False	0.6211823523044586	0.24236471951007843	0.6211823523044586	0.3788176327943802	False	True	0.6938197016716003	0.30618029832839966	True	0.5485450029373169	0.4514549672603607
909478939273306112	So it's official....Irma's already on :	data/processed/pro_crisismmd/images/data_image/hurricane_irma/17_9_2017/909478939273306112_0.jpg	informative	not_informative	False	0.6203341111540794	0.24066820758162066	0.3796659035724588	0.6203341111540794	False	True	0.7575942873954773	0.2424057573080063	True	0.0017375197494402528	0.9982624650001526
909466389911654400	Yo Irma, right here. 26.6771 N, 80.0370 W	data/processed/pro_crisismmd/images/data_image/hurricane_irma/17_9_2017/909466389911654400_0.jpg	informative	not_informative	False	0.6197609305381775	0.23952187597751617	0.3802390545606613	0.6197609305381775	False	True	0.7091537117958069	0.2908462882041931	True	0.05132439732551575	0.9486755728721619
905691435378372609	Hurricane Irma brings fear, gas shortages to Key West	data/processed/pro_crisismmd/images/data_image/hurricane_irma/7_9_2017/905691435378372609_0.jpg	informative	not_informative	False	0.6189808547496796	0.23796172440052032	0.38101913034915924	0.6189808547496796	False	True	0.44081953167915344	0.559180498123169	True	0.32121872901916504	0.6787812113761902
907654309587779584	After Harvey, Irma Leaves Its Own Trail of Destruction metals	data/processed/pro_crisismmd/images/data_image/hurricane_harvey/12_9_2017/907654309587779584_0.jpg	informative	not_informative	False	0.6184442639350891	0.23688854277133942	0.3815557211637497	0.6184442639350891	False	True	0.5546179413795471	0.4453820586204529	True	0.20849350094795227	0.7915064692497253
909698230836850688	Baby Born as a Giant Tornado Bears Down onHospital	data/processed/pro_crisismmd/images/data_image/hurricane_harvey/18_9_2017/909698230836850688_0.jpg	informative	not_informative	False	0.618198424577713	0.2363969162106514	0.3818015083670616	0.618198424577713	False	True	0.5350533127784729	0.4649466276168823	True	0.22854970395565033	0.7714502215385437
909721081027678208	As recovery continues from Hurricanes Irma & Harvey, Wolters Kluwer will be donating $70,000 total to .	data/processed/pro_crisismmd/images/data_image/hurricane_irma/18_9_2017/909721081027678208_0.jpg	informative	not_informative	False	0.616764672100544	0.2335293721407652	0.3832352999597788	0.616764672100544	False	True	0.761924147605896	0.2380758672952652	True	0.004546452313661575	0.9954534769058228
909383530148503554	Thanks to my app and EAS alerts, I now know there is a boilalert for entire Florida Keys in place Irma	data/processed/pro_crisismmd/images/data_image/hurricane_irma/17_9_2017/909383530148503554_0.jpg	informative	not_informative	False	0.6163356304168701	0.23267127200961113	0.383664358407259	0.6163356304168701	False	True	0.08524201065301895	0.9147579669952393	True	0.682086706161499	0.317913293838501
907996759577776135	Documents Prove Government Used 'Cloud Seeding' To Amplify Hurricane Harvey	data/processed/pro_crisismmd/images/data_image/hurricane_harvey/13_9_2017/907996759577776135_0.jpg	not_informative	informative	False	0.615228608250618	0.23045725747942924	0.615228608250618	0.38477135077118874	False	True	0.3444180190563202	0.6555819511413574	True	0.8860391974449158	0.11396075040102005
9,20651E+17	Forest City native shares experience evacuating from California wildfires	data/processed/pro_crisismmd/images/data_image/california_wildfires/18_10_2017/920650692951494656_0.jpg	not_informative	informative	False	0.614493191242218	0.22898635268211365	0.614493191242218	0.38550683856010437	False	True	0.2624669075012207	0.7375330924987793	True	0.9665194749832153	0.03348058462142944
9,17957E+17	Were The California Wildfires DeliberatelySet?	data/processed/pro_crisismmd/images/data_image/california_wildfires/11_10_2017/917957391957848066_0.jpg	informative	not_informative	False	0.6127020716667175	0.22540412470698357	0.38729794695973396	0.6127020716667175	False	True	0.696708083152771	0.303291916847229	True	0.07788781076669693	0.922112226486206
909690545735294977	There's another threat coming from Harvey and Irma ^Salon	data/processed/pro_crisismmd/images/data_image/hurricane_irma/18_9_2017/909690545735294977_0.jpg	informative	not_informative	False	0.6124579459428787	0.22491589561104774	0.387542050331831	0.6124579459428787	False	True	0.7291865348815918	0.2708134353160858	True	0.04589756578207016	0.9541024565696716
9,17848E+17	The California wildfires seen yesterday from space via .	data/processed/pro_crisismmd/images/data_image/california_wildfires/10_10_2017/917848318595751936_0.jpg	not_informative	informative	False	0.6123710870742798	0.22474217414855957	0.6123710870742798	0.3876289129257202	False	True	0.5249978303909302	0.4750021696090698	True	0.6997443437576294	0.3002556562423706
907951923965382656	Aid for Cuero, hit by Hurricane Harvey, is part of KTD activities	data/processed/pro_crisismmd/images/data_image/hurricane_harvey/13_9_2017/907951923965382656_0.jpg	informative	not_informative	False	0.6121839582920074	0.2243679314851761	0.38781602680683136	0.6121839582920074	False	True	0.279818594455719	0.720181405544281	True	0.4958134591579437	0.5041865110397339
909472199874154498	LTC News supports the Red Cross	data/processed/pro_crisismmd/images/data_image/hurricane_irma/17_9_2017/909472199874154498_0.jpg	informative	not_informative	False	0.6105066388845444	0.2210132833570242	0.3894933555275202	0.6105066388845444	False	True	0.7213500142097473	0.2786499559879303	True	0.057636696845293045	0.9423633217811584
9,19565E+17	EarthChanges California wildfires visible from outer space - Bemidji Pioneer via hng news	data/processed/pro_crisismmd/images/data_image/california_wildfires/15_10_2017/919564784537804800_0.jpg	not_informative	informative	False	0.6103731840848923	0.22074636071920395	0.6103731840848923	0.3896268233656883	False	True	0.3606051504611969	0.6393948793411255	True	0.8601412177085876	0.13985876739025116
9,232E+17	Ashley Greene lancia il California Fire Fund	data/processed/pro_crisismmd/images/data_image/california_wildfires/25_10_2017/923200090432462855_0.jpg	not_informative	informative	False	0.6101906895637512	0.22038142383098602	0.6101906895637512	0.3898092657327652	False	True	0.38192111253738403	0.6180788278579712	True	0.8384602665901184	0.1615397036075592
909918730947301378	Gay Jewish veteran says she was asked to stop volunteering at church during Harvey kprc2	data/processed/pro_crisismmd/images/data_image/hurricane_harvey/18_9_2017/909918730947301378_0.jpg	not_informative	informative	False	0.6098561882972717	0.21971236914396286	0.6098561882972717	0.39014381915330887	False	True	0.8863388895988464	0.11366112530231476	True	0.333373486995697	0.666626513004303
908842348385316865	J.J. Watt's Hurricane Harvey Charity Fundraising Closes... - - JJ Topstories Watts	data/processed/pro_crisismmd/images/data_image/hurricane_harvey/15_9_2017/908842348385316865_0.jpg	not_informative	informative	False	0.6081417798995972	0.21628354489803314	0.6081417798995972	0.391858235001564	False	True	0.6115435361862183	0.38845646381378174	True	0.6047400236129761	0.3952600061893463
907311049434640384	These United States shall weather any storm. NeverForget September11 Irma Florida Harvey TexasStrong 911Day	data/processed/pro_crisismmd/images/data_image/hurricane_harvey/11_9_2017/907311049434640384_0.jpg	not_informative	informative	False	0.6074647307395935	0.21492950432002544	0.6074647307395935	0.39253522641956806	False	True	0.27460575103759766	0.7253941893577576	True	0.9403237104415894	0.059676263481378555
901655072131731456	8/26/18 10 pm CDT T.S. Harvey , Torrential Rains Will Continue TXwx	data/processed/pro_crisismmd/images/data_image/hurricane_harvey/27_8_2017/901655072131731456_0.jpg	informative	not_informative	False	0.6074316799640656	0.2148633785545826	0.39256830140948296	0.6074316799640656	False	True	0.6915453672409058	0.30845463275909424	True	0.09359123557806015	0.9064087271690369
908128265830887424	Recap of 2017 storm season- 21 chases 7 shelf clouds 1 tornado 2 hail cores punched 0 regrets. Bring it on 2018!	data/processed/pro_crisismmd/images/data_image/hurricane_harvey/14_9_2017/908128265830887424_1.jpg	informative	not_informative	False	0.6073567271232605	0.2147134691476822	0.3926432579755783	0.6073567271232605	False	True	0.18424805998802185	0.8157519102096558	True	0.6010384559631348	0.39896154403686523
905712250387816450	Forcecast track of Hurricane Irma has Trump's Mar-a-Lago club in its sights	data/processed/pro_crisismmd/images/data_image/hurricane_irma/7_9_2017/905712250387816450_0.jpg	informative	not_informative	False	0.6067845821380615	0.21356916427612305	0.3932154178619385	0.6067845821380615	False	True	0.4394713044166565	0.5605286955833435	True	0.34695953130722046	0.6530404686927795
906638527194124293	The 12thMan is supporting BTHOharvey today Visit to help those impacted by Harvey	data/processed/pro_crisismmd/images/data_image/hurricane_harvey/9_9_2017/906638527194124293_0.jpg	informative	not_informative	False	0.6066101491451263	0.21322033926844597	0.3933898098766804	0.6066101491451263	False	True	0.11720100790262222	0.8827989101409912	True	0.6695786118507385	0.3304213881492615
909750134287847424	It has been a pleasure to help our community during the aftermath of Irma	data/processed/pro_crisismmd/images/data_image/hurricane_irma/18_9_2017/909750134287847424_0.jpg	informative	not_informative	False	0.606445387005806	0.21289077028632164	0.39355461671948433	0.606445387005806	False	True	0.6990451812744141	0.30095478892326355	True	0.0880640521645546	0.9119359850883484
905739345054883840	Hurricane Irma: Cruise Line Updates	data/processed/pro_crisismmd/images/data_image/hurricane_irma/7_9_2017/905739345054883840_0.jpg	informative	not_informative	False	0.6058391630649567	0.21167831122875214	0.39416085183620453	0.6058391630649567	False	True	0.3772108554840088	0.622789204120636	True	0.41111084818840027	0.5888891220092773
9,19831E+17	Latest on Post-Tropical Cyclone Ophelia & California Wildfires Weather updates: StormHour	data/processed/pro_crisismmd/images/data_image/california_wildfires/16_10_2017/919831359123808256_0.jpg	informative	not_informative	False	0.6054330319166183	0.2108660563826561	0.39456697553396225	0.6054330319166183	False	True	0.1097068041563034	0.8902932405471802	True	0.6794271469116211	0.3205728232860565
909720270608494592	1ST LOOK AT JOSE AS WITH IRMA JOSE WILL ATTACH TO WHERE FRONT PINCHES OFF MARIA GOING TO TAIL END OF JOSE NHC	data/processed/pro_crisismmd/images/data_image/hurricane_irma/18_9_2017/909720270608494592_0.jpg	informative	not_informative	False	0.6053610742092133	0.2107221484184265	0.39463892579078674	0.6053610742092133	False	True	0.48874402046203613	0.5112559795379639	True	0.30053383111953735	0.6994661688804626
905826811946221573	Stocking up at for a Houston relief trip this weekend. HurricaneHarvey floodcleanup	data/processed/pro_crisismmd/images/data_image/hurricane_harvey/7_9_2017/905826811946221573_0.jpg	not_informative	informative	False	0.6053431183099747	0.21068622171878815	0.6053431183099747	0.3946568965911865	False	True	0.27100273966789246	0.7289972901344299	True	0.9396834969520569	0.060316503047943115
908822750852210689	Great Edu gift:STEM playedu 4M Kidz Labs Tornado	data/processed/pro_crisismmd/images/data_image/hurricane_harvey/15_9_2017/908822750852210689_0.jpg	not_informative	informative	False	0.6051848083734512	0.21036960184574127	0.6051848083734512	0.39481520652770996	False	True	0.34779080748558044	0.6522092223167419	True	0.862578809261322	0.13742119073867798
906946555676164096	We are Prepared!! Sucks to many Tornado warnings!	data/processed/pro_crisismmd/images/data_image/hurricane_harvey/10_9_2017/906946555676164096_0.jpg	informative	not_informative	False	0.6050038039684296	0.21000759303569794	0.39499621093273163	0.6050038039684296	False	True	0.462401419878006	0.5375985503196716	True	0.3275910019874573	0.6724090576171875
9,23166E+17	Scars Wine Country Wildfires Spotted Space (Photo:	data/processed/pro_crisismmd/images/data_image/california_wildfires/25_10_2017/923166159041695744_0.jpg	not_informative	informative	False	0.604961022734642	0.20992206037044525	0.604961022734642	0.3950389623641968	False	True	0.9335886836051941	0.06641131639480591	True	0.27633336186408997	0.7236666083335876
9,17863E+17	California Wildfires: What's Next? Insurance	data/processed/pro_crisismmd/images/data_image/california_wildfires/10_10_2017/917862609713446915_0.jpg	not_informative	informative	False	0.6043232679367065	0.20864655822515488	0.6043232679367065	0.39567670971155167	False	True	0.3795396089553833	0.6204603910446167	True	0.8291069269180298	0.17089302837848663
904623406133501953	HurricaneHarvey Prophesied, one month later FULFILLED. Surely He is a Just Judge	data/processed/pro_crisismmd/images/data_image/hurricane_harvey/4_9_2017/904623406133501953_0.jpg	not_informative	informative	False	0.6042220890522003	0.20844417810440063	0.6042220890522003	0.3957779109477997	False	True	0.703209638595581	0.29679036140441895	True	0.5052345395088196	0.4947654604911804
908583093300350976	Glenn 'Hurricane' Schwartz's Blog: Irma, Harvey & Climate Change NBC 10Philadelphia	data/processed/pro_crisismmd/images/data_image/hurricane_harvey/15_9_2017/908583093300350976_0.jpg	informative	not_informative	False	0.6035321205854416	0.20706423372030258	0.396467886865139	0.6035321205854416	False	True	0.587432861328125	0.4125671088695526	True	0.20550291240215302	0.7944971323013306
9,17987E+17	Unwelcome news for California: Another round of critical fire weather is coming up Wednesday - Thursday.	data/processed/pro_crisismmd/images/data_image/california_wildfires/11_10_2017/917987134518321154_0.jpg	informative	not_informative	False	0.6035226583480835	0.20704533159732819	0.3964773267507553	0.6035226583480835	False	True	0.702069878578186	0.29793012142181396	True	0.09088477492332458	0.909115195274353
907106673571049472	7 Tornado next to a rainbow photography Jason Blum	data/processed/pro_crisismmd/images/data_image/hurricane_harvey/11_9_2017/907106673571049472_0.jpg	informative	not_informative	False	0.6022967994213104	0.20459362119436264	0.3977031782269478	0.6022967994213104	False	True	0.16271652281284332	0.8372834324836731	True	0.6326898336410522	0.36731016635894775
905664610618884096	Hurricane Jose could make landfall right after Irma	data/processed/pro_crisismmd/images/data_image/hurricane_irma/7_9_2017/905664610618884096_0.jpg	informative	not_informative	False	0.6020376980304718	0.2040753737092018	0.39796232432127	0.6020376980304718	False	True	0.6340907216072083	0.36590927839279175	True	0.16183392703533173	0.8381661176681519
9,17827E+17	GoFundMe: How to Immediately Help Those Impacted by the California Wildfires webdesign	data/processed/pro_crisismmd/images/data_image/california_wildfires/10_10_2017/917827226372132864_0.jpg	not_informative	informative	False	0.6017505675554276	0.203501146286726	0.6017505675554276	0.39824942126870155	False	True	0.9225627779960632	0.07743722945451736	True	0.28093835711479187	0.7190616130828857
909714435920494594	All eyes on Maria as it heads over simliar islands that got hit with Irma. Sending Fto them, as we watch it closely	data/processed/pro_crisismmd/images/data_image/hurricane_irma/18_9_2017/909714435920494594_1.jpg	informative	not_informative	False	0.6013921499252319	0.20278432965278625	0.3986078202724457	0.6013921499252319	False	True	0.4356538951396942	0.5643460750579834	True	0.36156174540519714	0.6384382247924805
904601210103181312	Van Buren Duo Helps With Hurricane Harvey Relief	data/processed/pro_crisismmd/images/data_image/hurricane_harvey/4_9_2017/904601210103181312_0.jpg	informative	not_informative	False	0.6010522395372391	0.20210450142621994	0.39894773811101913	0.6010522395372391	False	True	0.2258094996213913	0.7741904854774475	True	0.572085976600647	0.42791399359703064
907026660926648325	St. Augustine may be tornado warned soon HurricaneIrma	data/processed/pro_crisismmd/images/data_image/hurricane_harvey/10_9_2017/907026660926648325_0.jpg	informative	not_informative	False	0.6007016897201538	0.20140337944030762	0.3992983102798462	0.6007016897201538	False	True	0.561453640460968	0.438546359539032	True	0.23714298009872437	0.7628570199012756
9,18091E+17	U.S. House panel approves $36.5 billion for hurricane, wildfire relief	data/processed/pro_crisismmd/images/data_image/california_wildfires/11_10_2017/918091371096846338_0.jpg	not_informative	informative	False	0.5981340557336807	0.196268105879426	0.5981340557336807	0.4018659498542547	False	True	0.24875697493553162	0.7512430548667908	True	0.9475111365318298	0.052488844841718674
904927525993943040	Harvey: babe come over Irma: I can't, South Carolina is dry Harvey: Florida is prone to flooding Irma:	data/processed/pro_crisismmd/images/data_image/hurricane_harvey/5_9_2017/904927525993943040_0.jpg	informative	not_informative	False	0.598005473613739	0.19601091742515564	0.4019945561885834	0.598005473613739	False	True	0.7676471471786499	0.2323528528213501	True	0.036341965198516846	0.9636580944061279
905723999082225665	Forecast models indicated Hurricane Irma will turn North & move over or near SouthFlorida Sunday CBS4	data/processed/pro_crisismmd/images/data_image/hurricane_irma/7_9_2017/905723999082225665_0.jpg	informative	not_informative	False	0.5976883471012115	0.19537664949893951	0.40231169760227203	0.5976883471012115	False	True	0.4416179955005646	0.5583820343017578	True	0.3630053997039795	0.6369946599006653
9,17852E+17	Smoke from N. California wildfires drifting into Central Oregon. Cold front should push smoke out of area tonight	data/processed/pro_crisismmd/images/data_image/california_wildfires/10_10_2017/917851944420610049_0.jpg	informative	not_informative	False	0.5961487889289856	0.19229760766029358	0.403851181268692	0.5961487889289856	False	True	0.339493066072464	0.6605069041252136	True	0.46820929646492004	0.5317906737327576
905716323757547521	Gospel Singer Performs for Harvey Evacuees in Conroe	data/processed/pro_crisismmd/images/data_image/hurricane_harvey/7_9_2017/905716323757547521_0.jpg	not_informative	informative	False	0.5961185544729233	0.19223713874816895	0.5961185544729233	0.40388141572475433	False	True	0.23980072140693665	0.760199248790741	True	0.9524363875389099	0.0475635826587677
906856916864913408	Much like Harvey, HurricaneIrma could bring rain to Arkansas as it fizzles out. arwx	data/processed/pro_crisismmd/images/data_image/hurricane_harvey/10_9_2017/906856916864913408_0.jpg	informative	not_informative	False	0.5956624746322632	0.19132495298981667	0.4043375216424465	0.5956624746322632	False	True	0.7193362712860107	0.28066372871398926	True	0.0893387719988823	0.9106612205505371
9,197E+17	TubbsFire victim Karen Aycock, 54, 'wouldn't leave the house without her animals.'	data/processed/pro_crisismmd/images/data_image/california_wildfires/15_10_2017/919700496583049216_0.jpg	not_informative	informative	False	0.5953653752803802	0.19073078781366348	0.5953653752803802	0.40463458746671677	False	True	0.3424151539802551	0.6575847864151001	True	0.8483155965805054	0.15168438851833344
905740031716986880	From - Hurricane watches will likely be issued for parts of FL today. Irma	data/processed/pro_crisismmd/images/data_image/hurricane_irma/7_9_2017/905740031716986880_0.jpg	informative	not_informative	False	0.5950430035591125	0.1900859922170639	0.40495701134204865	0.5950430035591125	False	True	0.4922157824039459	0.5077842473983765	True	0.31769824028015137	0.6823017597198486
908359696406466560	Texas 'extreme couponer' shops to provide necessities for Hurricane Harvey survivors:	data/processed/pro_crisismmd/images/data_image/hurricane_harvey/14_9_2017/908359696406466560_0.jpg	informative	not_informative	False	0.5945560038089752	0.18911200761795044	0.4054439961910248	0.5945560038089752	False	True	0.3282274007797241	0.6717725992202759	True	0.48266059160232544	0.5173394083976746
908930940029857792	Guys, NEW ARTICLE OUT NOW666LINK IS IN THE BIO 33DEFAD8. WAS HARVEY AND IRMA REALLY DISASTERS?? foodforthought	data/processed/pro_crisismmd/images/data_image/hurricane_harvey/16_9_2017/908930940029857792_0.jpg	informative	not_informative	False	0.5945203229784966	0.18904062919318676	0.4054796937853098	0.5945203229784966	False	True	0.7521283626556396	0.24787168204784393	True	0.058831024914979935	0.9411689639091492
909382547674673153	Big difference at THIS point GEFS ENS between Irma & Maria PR hit the deck Fla whewwwww	data/processed/pro_crisismmd/images/data_image/hurricane_irma/17_9_2017/909382547674673153_0.jpg	informative	not_informative	False	0.5941544324159622	0.18830890581011772	0.4058455266058445	0.5941544324159622	False	True	0.6922845244407654	0.30771544575691223	True	0.11940652877092361	0.8805934190750122
9,20143E+17	So was California.Wild fire w/ trees standing, cars burned w/melted rims B.S.	data/processed/pro_crisismmd/images/data_image/california_wildfires/17_10_2017/920143388590080001_0.jpg	informative	not_informative	False	0.593647763133049	0.1872955821454525	0.4063521809875965	0.593647763133049	False	True	0.6921345591545105	0.3078654110431671	True	0.12056980282068253	0.8794301152229309
905729343443394561	Fort Lauderdale News Search Reviews (Tracking Hurricane Irma 9/7 5AM) Fort Lauderdale News -	data/processed/pro_crisismmd/images/data_image/hurricane_irma/7_9_2017/905729343443394561_0.jpg	informative	not_informative	False	0.5936304703354836	0.1872609555721283	0.40636951476335526	0.5936304703354836	False	True	0.7565277814865112	0.2434721738100052	True	0.05621124804019928	0.9437887668609619
907653301822517248	MannKind Corporation on Twitter HurricaneHarvey	data/processed/pro_crisismmd/images/data_image/hurricane_harvey/12_9_2017/907653301822517248_0.jpg	not_informative	informative	False	0.5935723930597305	0.18714475631713867	0.5935723930597305	0.40642763674259186	False	True	0.40540966391563416	0.5945903658866882	True	0.7817351222038269	0.21826490759849548
9,17815E+17	Photos of California's destructive wildfires, via :	data/processed/pro_crisismmd/images/data_image/california_wildfires/10_10_2017/917815040962695168_2.jpg	informative	not_informative	False	0.5930893570184708	0.18617872893810272	0.40691062808036804	0.5930893570184708	False	True	0.18225091695785522	0.8177490830421448	True	0.6315703392028809	0.36842963099479675
901646530922328064	A few showers from Harvey will be possible mid-late week in N GA. I'll have the latest on Harvey at 6AM	data/processed/pro_crisismmd/images/data_image/hurricane_harvey/27_8_2017/901646530922328064_0.jpg	informative	not_informative	False	0.5926639437675476	0.1853279061615467	0.4073360376060009	0.5926639437675476	False	True	0.6957508325576782	0.3042491674423218	True	0.11892124265432358	0.8810787200927734
909489841578094593	Group rescues 6 manatees from pond after Irma flooding	data/processed/pro_crisismmd/images/data_image/hurricane_irma/17_9_2017/909489841578094593_0.jpg	informative	not_informative	False	0.5925279408693314	0.18505588546395302	0.40747205540537834	0.5925279408693314	False	True	0.11586620658636093	0.8841337561607361	True	0.6990779042243958	0.30092212557792664
905732896027287552	From space, Hurricane Irma looks like a superstorm from another planet	data/processed/pro_crisismmd/images/data_image/hurricane_irma/7_9_2017/905732896027287552_0.jpg	informative	not_informative	False	0.5915943533182144	0.18318872153759003	0.4084056317806244	0.5915943533182144	False	True	0.5551149249076843	0.4448850452899933	True	0.26169633865356445	0.7383036613464355
9,23475E+17	How St. Joseph And The Blessed Virgin Mary Saved Family Home From California Wild Fire	data/processed/pro_crisismmd/images/data_image/california_wildfires/26_10_2017/923475169800200193_0.jpg	not_informative	informative	False	0.5912400782108307	0.18248018622398376	0.5912400782108307	0.4087598919868469	False	True	0.40452855825424194	0.5954713821411133	True	0.7779515981674194	0.22204840183258057
9,21827E+17	California Highway Patrol thanks the Oceanside Fire Department for their service and partnership!	data/processed/pro_crisismmd/images/data_image/california_wildfires/21_10_2017/921826796101804033_0.jpg	not_informative	informative	False	0.5912116169929504	0.1824232116341591	0.5912116169929504	0.40878840535879135	False	True	0.33973240852355957	0.6602675914764404	True	0.8426908254623413	0.15730921924114227
909439227489898496	Emergency kits for those affected by Harvey and Irma lovethyneighbor	data/processed/pro_crisismmd/images/data_image/hurricane_harvey/17_9_2017/909439227489898496_0.jpg	informative	not_informative	False	0.5911470875144005	0.18229417316615582	0.40885291434824467	0.5911470875144005	False	True	0.06122453883290291	0.9387754201889038	True	0.7564812898635864	0.24351875483989716
9,1783E+17	Our hearts are with all those affected by the devastating wildfires in our home state of California.	data/processed/pro_crisismmd/images/data_image/california_wildfires/10_10_2017/917829763812618240_0.jpg	not_informative	informative	False	0.5910523235797882	0.1821046769618988	0.5910523235797882	0.4089476466178894	False	True	0.6150397658348083	0.38496023416519165	True	0.5670648813247681	0.43293505907058716
906551249121812485	Tornado Watch for most of south Florida until 12AM Sept 10th	data/processed/pro_crisismmd/images/data_image/hurricane_harvey/9_9_2017/906551249121812485_0.jpg	not_informative	informative	False	0.5905983448028564	0.1811966747045517	0.5905983448028564	0.40940167009830475	False	True	0.5873205661773682	0.4126794636249542	True	0.5938761234283447	0.4061238765716553
909420384260362240	The Stahl boys doing a little cleaning up after Hurricane Irma. DADEPBA thinblueline Maria	data/processed/pro_crisismmd/images/data_image/hurricane_irma/17_9_2017/909420384260362240_0.jpg	informative	not_informative	False	0.5896822363138199	0.17936445772647858	0.4103177785873413	0.5896822363138199	False	True	0.22159332036972046	0.7784066796302795	True	0.5990422368049622	0.40095779299736023
909422173793681409	Florida Andrew and Irma History Irma Florida micropoetry haiku amwriting	data/processed/pro_crisismmd/images/data_image/hurricane_irma/17_9_2017/909422173793681409_0.jpg	informative	not_informative	False	0.5891764461994171	0.17835292499512434	0.4108235212042928	0.5891764461994171	False	True	0.8059855103492737	0.19401443004608154	True	0.015661532059311867	0.9843384623527527
905732581005590528	Irma Flooding Likely Won't Rival Harvey's, But Florida GetsReady	data/processed/pro_crisismmd/images/data_image/hurricane_harvey/7_9_2017/905732581005590528_0.jpg	informative	not_informative	False	0.5869335830211639	0.1738671436905861	0.41306643933057785	0.5869335830211639	False	True	0.6360615491867065	0.36393845081329346	True	0.19007132947444916	0.8099287152290344
905288649692127232	Arrived . You should volunteer. Harvey Irma	data/processed/pro_crisismmd/images/data_image/hurricane_harvey/6_9_2017/905288649692127232_2.jpg	informative	not_informative	False	0.5868386775255203	0.17367732990533113	0.4131613476201892	0.5868386775255203	False	True	0.8044032454490662	0.19559678435325623	True	0.021919449791312218	0.9780805706977844
907317301673959426	Possible Tornado near Chas. Airport- dangerous weather breaking out all over! Watch Live5 News now!chsnews	data/processed/pro_crisismmd/images/data_image/hurricane_harvey/11_9_2017/907317301673959426_0.jpg	informative	not_informative	False	0.5863599181175232	0.17271985858678818	0.413640059530735	0.5863599181175232	False	True	0.23569972813129425	0.7643002271652222	True	0.5915803909301758	0.4084196090698242
907378962879442944	S/O to OU FIJI for raising over $6,000 for hurricane relief.	data/processed/pro_crisismmd/images/data_image/hurricane_harvey/11_9_2017/907378962879442944_0.jpg	informative	not_informative	False	0.5861252397298813	0.1722504422068596	0.4138747975230217	0.5861252397298813	False	True	0.6207779049873352	0.3792221248149872	True	0.2069716900587082	0.7930283546447754
909731060140924928	EarlyMorningEveningNews w: : HurricaneMaria Heading Towards Islands Hit By Irma	data/processed/pro_crisismmd/images/data_image/hurricane_irma/18_9_2017/909731060140924928_0.jpg	informative	not_informative	False	0.5846556425094604	0.1693112477660179	0.41534439474344254	0.5846556425094604	False	True	0.7595607042312622	0.24043935537338257	True	0.07112808525562286	0.9288719296455383
9,21095E+17	Obama-nation destroyed 164 Million trees in California's forests. Fire tinderbox	data/processed/pro_crisismmd/images/data_image/california_wildfires/19_10_2017/921095476455321600_2.jpg	informative	not_informative	False	0.5827161967754364	0.165432371199131	0.4172838255763054	0.5827161967754364	False	True	0.5905587673187256	0.4094412326812744	True	0.2440088838338852	0.7559911608695984
909765901997805569	No Harvey. No Irma. Just AmazingAggies who can't wait to get to school on Monday Morning. smallcitylife	data/processed/pro_crisismmd/images/data_image/hurricane_irma/18_9_2017/909765901997805569_0.jpg	informative	not_informative	False	0.5815940052270889	0.16318802535533905	0.4184059798717499	0.5815940052270889	False	True	0.5447209477424622	0.45527902245521545	True	0.2920910120010376	0.7079089879989624
9,20501E+17	Vegetation Fire Burns At Least 30 Acres InDublin:	data/processed/pro_crisismmd/images/data_image/california_wildfires/18_10_2017/920500722063601666_0.jpg	informative	not_informative	False	0.5808444023132324	0.16168881952762604	0.4191555827856064	0.5808444023132324	False	True	0.6412394046783447	0.3587605953216553	True	0.19707176089286804	0.8029282093048096
906661068273053696	TORNADO WARNING IN NARANJA TAKE COVER!!!!	data/processed/pro_crisismmd/images/data_image/hurricane_harvey/9_9_2017/906661068273053696_0.jpg	informative	not_informative	False	0.5806147903203964	0.16122961789369583	0.4193851724267006	0.5806147903203964	False	True	0.6439876556396484	0.3560123145580292	True	0.19478268921375275	0.8052172660827637
909485323079602179	Look how pretty our new yard waste bags arrive! Screw you Irma! Floridastrong Lovefl Hobsonresort lilsentyou	data/processed/pro_crisismmd/images/data_image/hurricane_irma/17_9_2017/909485323079602179_2.jpg	not_informative	informative	False	0.5803299248218536	0.16065984219312668	0.5803299248218536	0.41967008262872696	False	True	0.40722543001174927	0.5927745699882507	True	0.753434419631958	0.24656559526920319
904700849531826178	After Harvey, when Irma follows ... definite signs of Browning for south Florida	data/processed/pro_crisismmd/images/data_image/hurricane_harvey/4_9_2017/904700849531826178_0.jpg	informative	not_informative	False	0.5801354944705963	0.16027097404003143	0.4198645204305649	0.5801354944705963	False	True	0.4435039162635803	0.5564960837364197	True	0.39622512459754944	0.603774905204773
905234488158015489	MSHS STUDENTS!!!!!!! Hurricane Harvey Donation Drive!!!!!!!! (Rt & share)!!!	data/processed/pro_crisismmd/images/data_image/hurricane_harvey/6_9_2017/905234488158015489_0.jpg	informative	not_informative	False	0.578927755355835	0.15785551816225052	0.42107223719358444	0.578927755355835	False	True	0.13921914994716644	0.8607808351516724	True	0.7029253244400024	0.29707467555999756
9,19875E+17	California wildfires threatening state's wine, tourism industries usa vacation travel	data/processed/pro_crisismmd/images/data_image/california_wildfires/16_10_2017/919875217622814721_0.jpg	informative	not_informative	False	0.5781960412859917	0.15639207884669304	0.42180396243929863	0.5781960412859917	False	True	0.8266183137893677	0.17338167130947113	True	0.016989611089229584	0.9830104112625122
9,17983E+17	CURRENT FIRE AND SMOKE IN CALIFORNIA KUSINEWS	data/processed/pro_crisismmd/images/data_image/california_wildfires/11_10_2017/917983113015365634_0.jpg	informative	not_informative	False	0.5775025486946106	0.15500512719154358	0.422497421503067	0.5775025486946106	False	True	0.7177698016166687	0.2822301983833313	True	0.12722504138946533	0.8727748990058899
909437923703054336	TropicalStormMaria and tropicalstormlee follow in wakes of Irma , Jose |	data/processed/pro_crisismmd/images/data_image/hurricane_irma/17_9_2017/909437923703054336_0.jpg	informative	not_informative	False	0.575946182012558	0.15189231932163239	0.4240538626909256	0.575946182012558	False	True	0.3892447352409363	0.6107553243637085	True	0.4588629901409149	0.5411370396614075
908339072552366080	It's hungeractionmonth and we're here at packing food for HurricaneHarvey victims.	data/processed/pro_crisismmd/images/data_image/hurricane_harvey/14_9_2017/908339072552366080_0.jpg	informative	not_informative	False	0.5753916352987289	0.15078327059745789	0.42460836470127106	0.5753916352987289	False	True	0.31079283356666565	0.6892071962356567	True	0.5384238958358765	0.46157607436180115
905695796422684673	Island hotel lashed by brutal wind and driving rain USNews USRC	data/processed/pro_crisismmd/images/data_image/hurricane_irma/7_9_2017/905695796422684673_0.jpg	informative	not_informative	False	0.5752450153231621	0.15049003064632416	0.4247549846768379	0.5752450153231621	False	True	0.7744501829147339	0.2255498617887497	True	0.07505978643894196	0.9249401688575745
909384533828653057	So it appears many of the same places battered by Hurricane Irma about to get hit again by Hurricane Maria.	data/processed/pro_crisismmd/images/data_image/hurricane_irma/17_9_2017/909384533828653057_0.jpg	informative	not_informative	False	0.5745117664337158	0.14902353286743164	0.4254882335662842	0.5745117664337158	False	True	0.4941604435443878	0.5058395862579346	True	0.35681602358818054	0.6431839466094971
909448137185677312	Real-life hurricanes and the importance of sports by	data/processed/pro_crisismmd/images/data_image/hurricane_irma/17_9_2017/909448137185677312_0.jpg	informative	not_informative	False	0.5735146626830101	0.1470293253660202	0.4264853373169899	0.5735146626830101	False	True	0.7874305844306946	0.212569460272789	True	0.06554009020328522	0.9344598650932312
906262165618753536	Crowdsourcing info about Hurricane Harvey using berkEagles wearePBV pbvtech	data/processed/pro_crisismmd/images/data_image/hurricane_harvey/8_9_2017/906262165618753536_2.jpg	not_informative	informative	False	0.5717333108186722	0.14346660487353802	0.5717333108186722	0.42826670594513416	False	True	0.1803852617740631	0.8196147680282593	True	0.9630813598632812	0.03691864386200905
901822579362627584	Front page of this morning's Houston Chronicle - print and digital editions HurricaneHarvey	data/processed/pro_crisismmd/images/data_image/hurricane_harvey/27_8_2017/901822579362627584_1.jpg	informative	not_informative	False	0.5714509785175323	0.14290199428796768	0.42854898422956467	0.5714509785175323	False	True	0.24240486323833466	0.7575950622558594	True	0.6146931052207947	0.3853068947792053
905688595738107906	The Cost of Hurricane Harvey: Only One Recent Storm Comes Close Katrina, of course.	data/processed/pro_crisismmd/images/data_image/hurricane_harvey/7_9_2017/905688595738107906_0.jpg	informative	not_informative	False	0.5709536969661713	0.14190737903118134	0.42904631793498993	0.5709536969661713	False	True	0.5301889777183533	0.46981102228164673	True	0.3279036581516266	0.6720963716506958
9,22833E+17	DSNAP is now open following the California wildfires:	data/processed/pro_crisismmd/images/data_image/california_wildfires/24_10_2017/922832577001598976_0.jpg	not_informative	informative	False	0.5707636028528214	0.14152717730030417	0.5707636028528214	0.4292364255525172	False	True	0.9912320971488953	0.0087679298594594	True	0.15029510855674744	0.849704921245575
905691655839379456	Winds decrease slightly as Hurricane Irma's eye northeast of Dominican Republic - winkne	data/processed/pro_crisismmd/images/data_image/hurricane_irma/7_9_2017/905691655839379456_0.jpg	informative	not_informative	False	0.569929912686348	0.13985979557037354	0.4300701171159744	0.569929912686348	False	True	0.6526088714599609	0.34739115834236145	True	0.20753136277198792	0.7924686670303345
909715923334057984	Storms are lined up in the Atlantic: Jose weakens as it moves North, and H. Maria moves over over islands Irma hit.	data/processed/pro_crisismmd/images/data_image/hurricane_irma/18_9_2017/909715923334057984_0.jpg	informative	not_informative	False	0.5698525756597519	0.13970517367124557	0.4301474019885063	0.5698525756597519	False	True	0.6833150386810303	0.31668493151664734	True	0.17697976529598236	0.8230202198028564
909383732775153664	TD15 expected to become hurricaneMaria next week threatening parts of Caribbean hit by Irma	data/processed/pro_crisismmd/images/data_image/hurricane_irma/17_9_2017/909383732775153664_0.jpg	informative	not_informative	False	0.569558322429657	0.13911664485931396	0.430441677570343	0.569558322429657	False	True	0.36335429549217224	0.6366456747055054	True	0.4975290596485138	0.5024709701538086
907200075687964672	Twisted up sign and splintered light pole make me wonder if we had a small tornado here HurricaneIrma	data/processed/pro_crisismmd/images/data_image/hurricane_harvey/11_9_2017/907200075687964672_1.jpg	informative	not_informative	False	0.5690172761678696	0.13803459145128727	0.4309826847165823	0.5690172761678696	False	True	0.05976129695773125	0.9402386546134949	True	0.8022040724754333	0.19779589772224426
9,17827E+17	California Wildfires: How Climate Change Could Make The Problem Worse	data/processed/pro_crisismmd/images/data_image/california_wildfires/10_10_2017/917827102308671488_0.jpg	not_informative	informative	False	0.5689592659473419	0.13791851699352264	0.5689592659473419	0.4310407489538193	False	True	0.5877312421798706	0.4122687876224518	True	0.5501872897148132	0.44981271028518677
908087920111665152	Houston and Florida swimming in raw sewage as harvey and irma overwhelm systems.	data/processed/pro_crisismmd/images/data_image/hurricane_harvey/13_9_2017/908087920111665152_0.jpg	informative	not_informative	False	0.5679283738136292	0.1358567178249359	0.43207165598869324	0.5679283738136292	False	True	0.36546221375465393	0.6345378160476685	True	0.49868109822273254	0.5013189315795898
904357071688278017	We love you! We are praying for you! UnitedWeStand HurricaneHarvey SundayMorning	data/processed/pro_crisismmd/images/data_image/hurricane_harvey/3_9_2017/904357071688278017_0.jpg	not_informative	informative	False	0.5671280026435852	0.13425600714981556	0.5671280026435852	0.43287199549376965	False	True	0.19617873430252075	0.8038212656974792	True	0.9380772709846497	0.06192272529006004
905745461532753920	Irma not expected to reach N.L., says Canadian Hurricane Centre nlwx cbcnl	data/processed/pro_crisismmd/images/data_image/hurricane_irma/7_9_2017/905745461532753920_0.jpg	informative	not_informative	False	0.5659980997443199	0.13199619203805923	0.4340019077062607	0.5659980997443199	False	True	0.8229976296424866	0.177002415060997	True	0.04500618577003479	0.9549937844276428
908853408156745728	Funnel cloud reported w/ tornado warning. D sdwx	data/processed/pro_crisismmd/images/data_image/hurricane_harvey/16_9_2017/908853408156745728_0.jpg	informative	not_informative	False	0.5650585144758224	0.1301170438528061	0.43494147062301636	0.5650585144758224	False	True	0.5569333434104919	0.44306662678718567	True	0.31294959783554077	0.6870504021644592
906277060930396160	0 what showed up! ThankYou you guys truly getit bestinthebiz HurricaneHarvey RedCross	data/processed/pro_crisismmd/images/data_image/hurricane_harvey/8_9_2017/906277060930396160_0.jpg	not_informative	informative	False	0.5645050704479218	0.12901017256081104	0.5645050704479218	0.4354948978871107	False	True	0.18164551258087158	0.8183544874191284	True	0.9473646283149719	0.052635308355093
909388814917017602	Early heads-up to Puerto Rico. Irma spared you but Maria may not.	data/processed/pro_crisismmd/images/data_image/hurricane_irma/17_9_2017/909388814917017602_0.jpg	informative	not_informative	False	0.563811406493187	0.12762277945876122	0.43618862703442574	0.563811406493187	False	True	0.8355486989021301	0.16445133090019226	True	0.036828555166721344	0.9631714820861816
9,17999E+17	OMFG literally almost all of California is on fire SOS 3333	data/processed/pro_crisismmd/images/data_image/california_wildfires/11_10_2017/917999332728688640_0.jpg	informative	not_informative	False	0.5637932419776917	0.12758645601570606	0.4362067859619856	0.5637932419776917	False	True	0.8465363383293152	0.15346366167068481	True	0.02587723359465599	0.9741228222846985
905063992347021313	. asking Austinites to donate toys for Harvey evacuees	data/processed/pro_crisismmd/images/data_image/hurricane_harvey/5_9_2017/905063992347021313_0.jpg	informative	not_informative	False	0.56284961104393	0.1256992071866989	0.43715040385723114	0.56284961104393	False	True	0.6330468058586121	0.36695319414138794	True	0.24125400185585022	0.7587460279464722
908144973035528195	Chicago Jews donate and pitch in to help Houston afterHarvey	data/processed/pro_crisismmd/images/data_image/hurricane_harvey/14_9_2017/908144973035528195_0.jpg	informative	not_informative	False	0.5619884729385376	0.1239769458770752	0.4380115270614624	0.5619884729385376	False	True	0.36189621686935425	0.6381037831306458	True	0.5141268372535706	0.48587316274642944
9,17955E+17	When the entire state of California is on fire	data/processed/pro_crisismmd/images/data_image/california_wildfires/11_10_2017/917954508231184385_1.jpg	informative	not_informative	False	0.5608522668480873	0.12170453276485205	0.43914773408323526	0.5608522668480873	False	True	0.8663529753684998	0.13364703953266144	True	0.011942492797970772	0.9880574941635132
905123257518505984	Denver Bars and Restaurants Hosting More Hurricane Harvey Fundraisers Denver	data/processed/pro_crisismmd/images/data_image/hurricane_harvey/5_9_2017/905123257518505984_0.jpg	informative	not_informative	False	0.5602936968207359	0.12058740481734276	0.4397062920033932	0.5602936968207359	False	True	0.7694001793861389	0.2305998057126999	True	0.11001240462064743	0.889987587928772
904405775141019649	Waiting in long lines at Carroll academy Watts Harvey Relief.	data/processed/pro_crisismmd/images/data_image/hurricane_harvey/3_9_2017/904405775141019649_1.jpg	informative	not_informative	False	0.560240626335144	0.12048130482435226	0.4397593215107918	0.560240626335144	False	True	0.6559410095214844	0.34405893087387085	True	0.22357763350009918	0.7764223217964172
909450713377501185	Aid just keeps on coming from one small island to a tiny island barbuda irma	data/processed/pro_crisismmd/images/data_image/hurricane_irma/17_9_2017/909450713377501185_0.jpg	informative	not_informative	False	0.5601113736629486	0.12022277899086475	0.43988859467208385	0.5601113736629486	False	True	0.875381350517273	0.12461858987808228	True	0.00439583882689476	0.9956041574478149
9,19971E+17	California earthquake Go Bag plus plan for meeting Home/Friends/School/Fire Dept/0ut of town location	data/processed/pro_crisismmd/images/data_image/california_wildfires/16_10_2017/919970526344253445_0.jpg	not_informative	informative	False	0.5600812882184982	0.12016257643699646	0.5600812882184982	0.43991871178150177	False	True	0.28563031554222107	0.7143697142601013	True	0.8345322608947754	0.16546770930290222
905768224809263105	Tomorrow night come out and have a good time! All Donations will go to Hurricane Harvey victims AEFE	data/processed/pro_crisismmd/images/data_image/hurricane_harvey/7_9_2017/905768224809263105_0.jpg	informative	not_informative	False	0.5597053617238998	0.11941073462367058	0.44029462710022926	0.5597053617238998	False	True	0.8517301082611084	0.1482698619365692	True	0.028859145939350128	0.9711408615112305
907016334025818113	Walt Disney World is under a Tornado Warning please take shelter and stay safe!!!	data/processed/pro_crisismmd/images/data_image/hurricane_harvey/10_9_2017/907016334025818113_0.jpg	informative	not_informative	False	0.5594680607318878	0.11893607676029205	0.44053198397159576	0.5594680607318878	False	True	0.4483536183834076	0.5516464114189148	True	0.43271034955978394	0.5672897100448608
905762139989790720	Hurricane Irma maintains winds as eye moves off coast of Hispaniola - winknews	data/processed/pro_crisismmd/images/data_image/hurricane_irma/7_9_2017/905762139989790720_0.jpg	informative	not_informative	False	0.559435248374939	0.11887049674987793	0.44056475162506104	0.559435248374939	False	True	0.4225269854068756	0.5774730443954468	True	0.45860251784324646	0.5413974523544312
9,19858E+17	California Emergency Services hold news conference on North Bay wildfires Watch Now 9	data/processed/pro_crisismmd/images/data_image/california_wildfires/16_10_2017/919858108754640899_0.jpg	informative	not_informative	False	0.5594159960746765	0.11883196234703064	0.4405840337276459	0.5594159960746765	False	True	0.4455488622188568	0.5544511675834656	True	0.43561920523643494	0.5643808245658875
909378138274181120	'Extraordinary' British troops praised for Hurricane Irma relief effort	data/processed/pro_crisismmd/images/data_image/hurricane_irma/17_9_2017/909378138274181120_0.jpg	informative	not_informative	False	0.5594009757041931	0.11880198866128922	0.4405989870429039	0.5594009757041931	False	True	0.6978974938392639	0.3021024465560913	True	0.18330048024654388	0.8166995048522949
904212397698711552	Millions of fire ants floating in flooding from Harvey	data/processed/pro_crisismmd/images/data_image/hurricane_harvey/3_9_2017/904212397698711552_0.jpg	informative	not_informative	False	0.5590275079011917	0.11805501580238342	0.4409724920988083	0.5590275079011917	False	True	0.5365137457847595	0.4634862244129181	True	0.34543123841285706	0.6545687913894653
905658759229214720	Hurricane Irma threatens the United States with power rarely seen	data/processed/pro_crisismmd/images/data_image/hurricane_irma/7_9_2017/905658759229214720_0.jpg	informative	not_informative	False	0.5588015019893646	0.11760299652814865	0.441198505461216	0.5588015019893646	False	True	0.7149636149406433	0.2850363850593567	True	0.16743339598178864	0.8325666189193726
909779373770887170	Can The Lessons Of Harvey Save Us? Equal Time News	data/processed/pro_crisismmd/images/data_image/hurricane_harvey/18_9_2017/909779373770887170_0.jpg	informative	not_informative	False	0.5582247972488403	0.11644962802529335	0.441775169223547	0.5582247972488403	False	True	0.781440258026123	0.21855974197387695	True	0.10211008042097092	0.8978898525238037
905642244635410432	Tropical triple threat: Irma followed by Hurricanes Katia & Jose	data/processed/pro_crisismmd/images/data_image/hurricane_irma/7_9_2017/905642244635410432_0.jpg	informative	not_informative	False	0.5571960508823395	0.11439207196235657	0.4428039789199829	0.5571960508823395	False	True	0.6354343891143799	0.3645656704902649	True	0.25017356872558594	0.7498264312744141
9,2252E+17	Parts of California will see enhanced risk of wildfire this week amid unseasonably high temperatures	data/processed/pro_crisismmd/images/data_image/california_wildfires/23_10_2017/922519854233653254_0.jpg	informative	not_informative	False	0.557058721780777	0.11411750316619873	0.44294121861457825	0.557058721780777	False	True	0.30496567487716675	0.6950342655181885	True	0.5809167623519897	0.4190831780433655
9,20616E+17	California anticipates much-needed rain this week after catastrophic wildfires:	data/processed/pro_crisismmd/images/data_image/california_wildfires/18_10_2017/920615738557321216_0.jpg	informative	not_informative	False	0.5565570890903473	0.11311419308185577	0.4434428960084915	0.5565570890903473	False	True	0.3848859369754791	0.6151140332221985	True	0.5019998550415039	0.4980001449584961
908128265830887424	Recap of 2017 storm season- 21 chases 7 shelf clouds 1 tornado 2 hail cores punched 0 regrets. Bring it on 2018!	data/processed/pro_crisismmd/images/data_image/hurricane_harvey/14_9_2017/908128265830887424_0.jpg	informative	not_informative	False	0.5557291507720947	0.11145830154418945	0.4442708492279053	0.5557291507720947	False	True	0.2875032424926758	0.7124967575073242	True	0.6010384559631348	0.39896154403686523
9,22659E+17	"Northern California fire survivors: ""It's shameful they didn't warn us"""	data/processed/pro_crisismmd/images/data_image/california_wildfires/24_10_2017/922658961937108992_0.jpg	not_informative	informative	False	0.5557114332914352	0.11142285913228989	0.5557114332914352	0.44428857415914536	False	True	0.3335839807987213	0.6664160490036011	True	0.7778388857841492	0.22216109931468964
909387801916928000	Tropical Storm Maria may follow Irma's path	data/processed/pro_crisismmd/images/data_image/hurricane_irma/17_9_2017/909387801916928000_0.jpg	informative	not_informative	False	0.5554833859205246	0.11096678674221039	0.4445165991783142	0.5554833859205246	False	True	0.5924386382102966	0.407561331987381	True	0.2965945601463318	0.7034054398536682
908162986291818496	I TEXAS! Hog hunters, private pilots provide airlift to hurricane victims A8	data/processed/pro_crisismmd/images/data_image/hurricane_harvey/14_9_2017/908162986291818496_0.jpg	informative	not_informative	False	0.5552762299776077	0.11055244505405426	0.44472378492355347	0.5552762299776077	False	True	0.3517271876335144	0.6482728719711304	True	0.5377203822135925	0.4622795879840851
9,1785E+17	The world's only 747 supertanker is fighting California's wildfires right now.	data/processed/pro_crisismmd/images/data_image/california_wildfires/10_10_2017/917850123543171073_0.jpg	informative	not_informative	False	0.554772138595581	0.10954426229000092	0.44522787630558014	0.554772138595581	False	True	0.48612380027770996	0.51387619972229	True	0.4043319523334503	0.5956680774688721
905090831606063104	Football team surprised by former NFL stars after Harvey damages school	data/processed/pro_crisismmd/images/data_image/hurricane_harvey/5_9_2017/905090831606063104_0.jpg	not_informative	informative	False	0.5546231269836426	0.10924629867076874	0.5546231269836426	0.44537682831287384	False	True	0.4824356436729431	0.5175642967224121	True	0.626810610294342	0.37318935990333557
9,20324E+17	'5 California is on fire! '5 Please be safe out there everyone!	data/processed/pro_crisismmd/images/data_image/california_wildfires/17_10_2017/920324100601421824_0.jpg	informative	not_informative	False	0.554509948939085	0.10901987575925887	0.44549007317982614	0.554509948939085	False	True	0.8841870427131653	0.11581297963857651	True	0.006793103646486998	0.9932069182395935
909404029398212608	Looks like same track as Irma. 2nd chance to hit Trump estate.	data/processed/pro_crisismmd/images/data_image/hurricane_irma/17_9_2017/909404029398212608_0.jpg	informative	not_informative	False	0.5532913729548454	0.10658274590969086	0.44670862704515457	0.5532913729548454	False	True	0.835588812828064	0.16441123187541962	True	0.05782844126224518	0.9421715140342712
905733867365171200	Hurricane Irma is still a category 5 storm early this Thursday morning. ncwx	data/processed/pro_crisismmd/images/data_image/hurricane_irma/7_9_2017/905733867365171200_0.jpg	informative	not_informative	False	0.5532501190900803	0.10650020837783813	0.4467499107122421	0.5532501190900803	False	True	0.6068994402885437	0.3931005895137787	True	0.28660038113594055	0.7133996486663818
909392561776848899	Useful tips for parents/guardians to help children deal with their emotions after Irma.	data/processed/pro_crisismmd/images/data_image/hurricane_irma/17_9_2017/909392561776848899_2.jpg	informative	not_informative	False	0.5532137900590897	0.10642756521701813	0.44678622484207153	0.5532137900590897	False	True	0.272927463054657	0.727072536945343	True	0.6206449866294861	0.3793550431728363
907123330813235201	We did it! Home in CT roadwarriors TexasAFTproud HurricaneHarvey	data/processed/pro_crisismmd/images/data_image/hurricane_harvey/11_9_2017/907123330813235201_0.jpg	not_informative	informative	False	0.5530438497662544	0.10608774423599243	0.5530438497662544	0.446956105530262	False	True	0.15358449518680573	0.8464154601097107	True	0.9525032043457031	0.04749675095081329
9,17823E+17	(Radio Reports On California Wildfires) -	data/processed/pro_crisismmd/images/data_image/california_wildfires/10_10_2017/917822562259931137_0.jpg	not_informative	informative	False	0.5522663369774818	0.10453264601528645	0.5522663369774818	0.4477336909621954	False	True	0.9509329199790955	0.049067120999097824	True	0.15359975397586823	0.846400260925293
901767940994985984	reporting from Houston on HurricaneHarvey. Great job and please be safe.	data/processed/pro_crisismmd/images/data_image/hurricane_harvey/27_8_2017/901767940994985984_0.jpg	informative	not_informative	False	0.5522091239690781	0.10441826283931732	0.44779086112976074	0.5522091239690781	False	True	0.3503848910331726	0.6496150493621826	True	0.5451968312263489	0.4548031985759735
905729131207421952	A Prayer for Protection FDFD Hurricane Irma Pray	data/processed/pro_crisismmd/images/data_image/hurricane_irma/7_9_2017/905729131207421952_0.jpg	informative	not_informative	False	0.5516010895371437	0.1032022051513195	0.4483988843858242	0.5516010895371437	False	True	0.10725461691617966	0.8927453756332397	True	0.7895431518554688	0.21045680344104767
901734547422724096	Per WH, photo of Trump teleconferencing on Hurricane Harvey response efforts	data/processed/pro_crisismmd/images/data_image/hurricane_harvey/27_8_2017/901734547422724096_0.jpg	not_informative	informative	False	0.550506092607975	0.10101219639182091	0.550506092607975	0.4494938962161541	False	True	0.1635463982820511	0.8364535570144653	True	0.9374657869338989	0.06253423541784286
9,21483E+17	northbayfires MendocinoLakeComplex cats fire animals california Pls RT	data/processed/pro_crisismmd/images/data_image/california_wildfires/20_10_2017/921482651009089536_0.jpg	not_informative	informative	False	0.5499448925256729	0.09988982230424881	0.5499448925256729	0.4500550702214241	False	True	0.33666446805000305	0.6633355021476746	True	0.7632253170013428	0.23677463829517365
910243402863796226	Tornado Watch 487 in effect until midnight. mnwx ndwx sdwx	data/processed/pro_crisismmd/images/data_image/hurricane_harvey/19_9_2017/910243402863796226_0.jpg	informative	not_informative	False	0.5499207377433777	0.09984150528907776	0.4500792324542999	0.5499207377433777	False	True	0.680860161781311	0.31913983821868896	True	0.21929830312728882	0.7807016372680664
907213825019084801	Kudos to the and who sent items our way! HurricaneHarvey	data/processed/pro_crisismmd/images/data_image/hurricane_harvey/11_9_2017/907213825019084801_0.jpg	informative	not_informative	False	0.5497147887945175	0.09942956268787384	0.4502852261066437	0.5497147887945175	False	True	0.2481352686882019	0.7518647909164429	True	0.6524351835250854	0.34756478667259216
909128086985338880	it's still flooded because of Harvey. fam 9	data/processed/pro_crisismmd/images/data_image/hurricane_harvey/16_9_2017/909128086985338880_2.jpg	informative	not_informative	False	0.5487323999404907	0.09746477007865906	0.45126762986183167	0.5487323999404907	False	True	0.4206700026988983	0.5793300271034241	True	0.481865257024765	0.5181347727775574
905675648601006080	Did AC1715 just fly through Hurricane Irma	data/processed/pro_crisismmd/images/data_image/hurricane_irma/7_9_2017/905675648601006080_0.jpg	informative	not_informative	False	0.5486358925700188	0.09727180004119873	0.45136409252882004	0.5486358925700188	False	True	0.7838952541351318	0.21610473096370697	True	0.11883293092250824	0.8811670541763306
909421699778715648	I-4 takes a hit from Hurricane Irma, road closures remain	data/processed/pro_crisismmd/images/data_image/hurricane_irma/17_9_2017/909421699778715648_0.jpg	informative	not_informative	False	0.5483514666557312	0.09670291841030121	0.45164854824543	0.5483514666557312	False	True	0.41590583324432373	0.584094226360321	True	0.48739126324653625	0.5126087069511414
909380267999207424	Click HERE Finance Politics Business Three storms raging in Atlantic -- with one aimi	data/processed/pro_crisismmd/images/data_image/hurricane_irma/17_9_2017/909380267999207424_0.jpg	informative	not_informative	False	0.547720093280077	0.09544015908613801	0.45227993419393897	0.547720093280077	False	True	0.8965318202972412	0.10346821695566177	True	0.00802804809063673	0.9919719696044922
906615997716627456	This is a was an old school building in Aransas Pass. harvey aransaspass	data/processed/pro_crisismmd/images/data_image/hurricane_harvey/9_9_2017/906615997716627456_0.jpg	informative	not_informative	False	0.5473635643720627	0.09472715854644775	0.45263640582561493	0.5473635643720627	False	True	0.7395151853561401	0.2604847848415375	True	0.16575762629508972	0.8342423439025879
905409783330738176	trees down behind Sawmill Valley dr from yesterday's little tornado.	data/processed/pro_crisismmd/images/data_image/hurricane_harvey/6_9_2017/905409783330738176_0.jpg	not_informative	informative	False	0.5468944907188416	0.0937889888882637	0.5468944907188416	0.45310550183057785	False	True	0.242140531539917	0.757859468460083	True	0.8516484498977661	0.1483515352010727
905712369334190080	independent|Follow live as Hurricane Irma hits Caribbean|	data/processed/pro_crisismmd/images/data_image/hurricane_irma/7_9_2017/905712369334190080_0.jpg	informative	not_informative	False	0.5467605143785477	0.09352104365825653	0.45323947072029114	0.5467605143785477	False	True	0.7769885063171387	0.22301146388053894	True	0.1294904351234436	0.8705095648765564
909759502953648128	There's another hurricane coming to my country this one is category 3, please pray for Caribbeans, this hurricane w	data/processed/pro_crisismmd/images/data_image/hurricane_irma/18_9_2017/909759502953648128_0.jpg	informative	not_informative	False	0.5465766042470932	0.09315318241715431	0.4534234218299389	0.5465766042470932	False	True	0.8041283488273621	0.19587168097496033	True	0.10271849483251572	0.8972815275192261
909399058623684608	Irma infographic (pic) and add'l funny feedback (RE corndogs & port-o-potties) on our Facebook page:	data/processed/pro_crisismmd/images/data_image/hurricane_irma/17_9_2017/909399058623684608_0.jpg	informative	not_informative	False	0.5458199977874756	0.09163997322320938	0.4541800245642662	0.5458199977874756	False	True	0.8133722543716431	0.1866278052330017	True	0.09498779475688934	0.9050121903419495
9,21487E+17	MT : set up a donation fund for Northern California fire aid donate	data/processed/pro_crisismmd/images/data_image/california_wildfires/20_10_2017/921487466720301056_0.jpg	informative	not_informative	False	0.545431949198246	0.09086392819881439	0.4545680209994316	0.545431949198246	False	True	0.8025824427604675	0.19741757214069366	True	0.10655359923839569	0.8934463262557983
9,20635E+17	Harris, Feinstein Raise Concerns About Wireless Emergency Alert System Deficiencies During	data/processed/pro_crisismmd/images/data_image/california_wildfires/18_10_2017/920635343606599680_0.jpg	not_informative	informative	False	0.5450034588575363	0.09000689536333084	0.5450034588575363	0.4549965634942055	False	True	0.31463655829429626	0.6853634715080261	True	0.7753703594207764	0.22462965548038483
905625160904044549	Here are 6 terrifying reasons to fear Miami 'won't survive' HurricaneIrma	data/processed/pro_crisismmd/images/data_image/hurricane_irma/7_9_2017/905625160904044549_0.jpg	informative	not_informative	False	0.5449795797467232	0.08995913714170456	0.4550204426050186	0.5449795797467232	False	True	0.765727698802948	0.2342723160982132	True	0.14431318640708923	0.8556868433952332
906476295864946689	My Kids and I Tried to Escape Hurricane Harvey It Was Impossible fitnessworldabs	data/processed/pro_crisismmd/images/data_image/hurricane_harvey/9_9_2017/906476295864946689_0.jpg	informative	not_informative	False	0.5447479039430618	0.08949579298496246	0.45525211095809937	0.5447479039430618	False	True	0.6367546916007996	0.3632453382015228	True	0.27374953031539917	0.7262504696846008
906691769630257153	USA: massive spike in jobless claims last week - mostly in Texas after Hurricane Harvey	data/processed/pro_crisismmd/images/data_image/hurricane_harvey/10_9_2017/906691769630257153_0.jpg	informative	not_informative	False	0.5445365011692047	0.08907297253608704	0.4554635286331177	0.5445365011692047	False	True	0.720946729183197	0.279053270816803	True	0.18998032808303833	0.8100197315216064
909399115443900417	A benefit concert in Savannah, GA to help those effected by Hurricane Irma on September 24th starting at 6pm.	data/processed/pro_crisismmd/images/data_image/hurricane_irma/17_9_2017/909399115443900417_0.jpg	informative	not_informative	False	0.5444828569889069	0.08896569907665253	0.45551715791225433	0.5444828569889069	False	True	0.5156739950180054	0.48432600498199463	True	0.3953603208065033	0.6046397089958191
9,207E+17	Much-needed rain & higher humidity arrives tomorrow eve across N. California. rain wildfire weather	data/processed/pro_crisismmd/images/data_image/california_wildfires/18_10_2017/920700423497048065_0.jpg	informative	not_informative	False	0.5444364845752716	0.08887293934822083	0.4555635452270508	0.5444364845752716	False	True	0.44720757007598877	0.552792489528656	True	0.4639195203781128	0.5360804796218872
9,19698E+17	Disneyland during raging wildfire. California, October 9, 2017. Kennya Boulter via Reuters	data/processed/pro_crisismmd/images/data_image/california_wildfires/15_10_2017/919698307655577602_0.jpg	not_informative	informative	False	0.5444187819957733	0.08883755095303059	0.5444187819957733	0.45558123104274273	False	True	0.11411154270172119	0.8858884572982788	True	0.9747260212898254	0.02527400478720665
906675989404676097	Now there are UFOs in FortLauderdale???? Irma2017 HurricaneIrma tornado	data/processed/pro_crisismmd/images/data_image/hurricane_harvey/10_9_2017/906675989404676097_0.jpg	not_informative	informative	False	0.5439621955156326	0.08792437613010406	0.5439621955156326	0.45603781938552856	False	True	0.23135516047477722	0.7686448693275452	True	0.856569230556488	0.14343076944351196
905625059326353409	JUST IN: 11PM Hurricane Irma update. weather	data/processed/pro_crisismmd/images/data_image/hurricane_irma/7_9_2017/905625059326353409_0.jpg	informative	not_informative	False	0.5438082367181778	0.08761642873287201	0.4561918079853058	0.5438082367181778	False	True	0.7336960434913635	0.26630398631095886	True	0.17868757247924805	0.8213124871253967
909404713573109760	Climate change is fueling hurricanes like Irma. What can we do about it? Join us for discussion & videos @ the SLC	data/processed/pro_crisismmd/images/data_image/hurricane_irma/17_9_2017/909404713573109760_0.jpg	informative	not_informative	False	0.5437180437147617	0.0874360331799835	0.45628201053477824	0.5437180437147617	False	True	0.004076641518622637	0.9959233999252319	True	0.9084873795509338	0.09151268750429153
905844397488660481	Donate underwear to Harvey victims, get a free cup of coffee in Cobb:	data/processed/pro_crisismmd/images/data_image/hurricane_harvey/7_9_2017/905844397488660481_0.jpg	informative	not_informative	False	0.5433309152722359	0.0866618063300848	0.45666910894215107	0.5433309152722359	False	True	0.8574921488761902	0.142507866024971	True	0.055846069008111954	0.9441539645195007
904476428552593408	Loving Melania in her chucks! Converse HurricaneHarvey HoustonFlood	data/processed/pro_crisismmd/images/data_image/hurricane_harvey/3_9_2017/904476428552593408_0.jpg	not_informative	informative	False	0.5433157682418823	0.08663154020905495	0.5433157682418823	0.4566842280328274	False	True	0.13985365629196167	0.8601463437080383	True	0.946777880191803	0.053222112357616425
905189440926167040	Harvey Aid, Tax Reform Lead Busy Congressional To-Do List | NBC News	data/processed/pro_crisismmd/images/data_image/hurricane_harvey/5_9_2017/905189440926167040_0.jpg	not_informative	informative	False	0.5419370643794537	0.08387408871203661	0.5419370643794537	0.45806297566741705	False	True	0.10510661453008652	0.8948934078216553	True	0.9787675142288208	0.021232543513178825
909707343398625280	Irma: Impact on the Caribbean Tourism	data/processed/pro_crisismmd/images/data_image/hurricane_irma/18_9_2017/909707343398625280_0.jpg	informative	not_informative	False	0.5416246503591537	0.0832492783665657	0.45837537199258804	0.5416246503591537	False	True	0.7017729878425598	0.2982270419597626	True	0.21497775614261627	0.7850222587585449
904886058608984064	HELP PEOPLE AFFECTED BY	data/processed/pro_crisismmd/images/data_image/hurricane_harvey/5_9_2017/904886058608984064_0.jpg	informative	not_informative	False	0.5409598723053932	0.08191976073430851	0.4590401115710847	0.5409598723053932	False	True	0.9164406061172485	0.08355940878391266	True	0.0016396170249208808	0.9983603358268738
9,23293E+17	1 minute video: Police help rescue cat after the California wildfires -	data/processed/pro_crisismmd/images/data_image/california_wildfires/25_10_2017/923292980068237313_0.jpg	not_informative	informative	False	0.5407573319971561	0.08151466306298971	0.5407573319971561	0.45924266893416643	False	True	0.10072726756334305	0.8992727994918823	True	0.9807873964309692	0.01921253837645054
901758957299138560	Harvey to move on average 2.4 mph over the next five days. Flooding will last for DAYS. txwx	data/processed/pro_crisismmd/images/data_image/hurricane_harvey/27_8_2017/901758957299138560_0.jpg	informative	not_informative	False	0.5407180786132812	0.0814361721277237	0.45928190648555756	0.5407180786132812	False	True	0.47826942801475525	0.5217305421829224	True	0.44029438495635986	0.5597056150436401
906976806015782913	Nothing but respect for MY president houston hurricaneharvey HoustonStrong beyhive beyonce beystan	data/processed/pro_crisismmd/images/data_image/hurricane_harvey/10_9_2017/906976806015782913_0.jpg	not_informative	informative	False	0.5405381172895432	0.0810762345790863	0.5405381172895432	0.45946188271045685	False	True	0.30946454405784607	0.6905354261398315	True	0.7716116905212402	0.22838833928108215
905096939909328897	Approved HurricaneHarvey Nursing	data/processed/pro_crisismmd/images/data_image/hurricane_harvey/5_9_2017/905096939909328897_0.jpg	not_informative	informative	False	0.5403555780649185	0.08071117103099823	0.5403555780649185	0.4596444070339203	False	True	0.22881802916526794	0.7711819410324097	True	0.8518931269645691	0.1481068730354309
905852980376866816	People in Katy keeping a sense of humor while clearing out homes gutted by HurricaneHarvey.	data/processed/pro_crisismmd/images/data_image/hurricane_harvey/7_9_2017/905852980376866816_1.jpg	informative	not_informative	False	0.5399350970983505	0.07987017929553986	0.46006491780281067	0.5399350970983505	False	True	0.41437941789627075	0.5856205821037292	True	0.5057504177093506	0.4942496120929718
905664032949993472	Is it me or do Harvey and Irma seem hell-bent on destroying climate-denial red states?	data/processed/pro_crisismmd/images/data_image/hurricane_harvey/7_9_2017/905664032949993472_0.jpg	informative	not_informative	False	0.539669007062912	0.07933805137872696	0.46033095568418503	0.539669007062912	False	True	0.737861156463623	0.2621387839317322	True	0.182800754904747	0.8171992301940918
904517353588744192	Largest Oil Refinery in U.S. Forced to Close as Harvey Floods Texas - OANN	data/processed/pro_crisismmd/images/data_image/hurricane_harvey/4_9_2017/904517353588744192_0.jpg	informative	not_informative	False	0.5393067002296448	0.07861340045928955	0.4606932997703552	0.5393067002296448	False	True	0.36837440729141235	0.6316255927085876	True	0.5530121922492981	0.4469878077507019
905681430931542016	C7 Release on the arrival of Hurricane Irma in the Dominican Republic	data/processed/pro_crisismmd/images/data_image/hurricane_irma/7_9_2017/905681430931542016_0.jpg	informative	not_informative	False	0.5389762222766876	0.07795245945453644	0.4610237628221512	0.5389762222766876	False	True	0.45634400844573975	0.5436559915542603	True	0.4657035171985626	0.534296452999115
906641734158954496	Holy crap! Poseidon's trident! HurricaneHarvey	data/processed/pro_crisismmd/images/data_image/hurricane_harvey/9_9_2017/906641734158954496_0.jpg	not_informative	informative	False	0.537571132183075	0.07514229416847229	0.537571132183075	0.46242883801460266	False	True	0.552466094493866	0.44753384590148926	True	0.5226761698722839	0.47732383012771606
9,17971E+17	California's notorious winds feed wildfires	data/processed/pro_crisismmd/images/data_image/california_wildfires/11_10_2017/917970575997497344_0.jpg	informative	not_informative	False	0.5373625755310059	0.07472509518265724	0.4626374803483486	0.5373625755310059	False	True	0.10861479490995407	0.8913852572441101	True	0.8166601657867432	0.1833398938179016
901671648935469058	Harvey is now a tropical storm with sustained winds of 70 mph	data/processed/pro_crisismmd/images/data_image/hurricane_harvey/27_8_2017/901671648935469058_0.jpg	informative	not_informative	False	0.5368348062038422	0.07366961240768433	0.46316519379615784	0.5368348062038422	False	True	0.6756519675254822	0.3243480324745178	True	0.2506784200668335	0.7493215799331665
907010985151680512	When hurricaneirma isn't enough, add a tornado...	data/processed/pro_crisismmd/images/data_image/hurricane_harvey/10_9_2017/907010985151680512_0.jpg	informative	not_informative	False	0.5367786511778831	0.0735572949051857	0.46322135627269745	0.5367786511778831	False	True	0.7781383991241455	0.22186164557933807	True	0.1483043134212494	0.8516956567764282
906769720077991936	'Nite all. F for all those in Irma and for those recovering from Harvey and those preparing for Jose	data/processed/pro_crisismmd/images/data_image/hurricane_harvey/10_9_2017/906769720077991936_0.jpg	informative	not_informative	False	0.5362188890576363	0.07243776321411133	0.46378112584352493	0.5362188890576363	False	True	0.8071747422218323	0.19282521307468414	True	0.12038750946521759	0.8796125650405884
907214672809656320	From Monte Carlo, insurers' view of the impact of Irma and Harvey is surprisingly rosy	data/processed/pro_crisismmd/images/data_image/hurricane_harvey/11_9_2017/907214672809656320_0.jpg	not_informative	informative	False	0.5356396585702896	0.07127933204174042	0.5356396585702896	0.4643603265285492	False	True	0.3251713812351227	0.6748285889625549	True	0.7461079359054565	0.25389206409454346
907672880535805952	Global Warming? NO! It's something else. hurricaneharvey hurricaneirma from talk40news commentary	data/processed/pro_crisismmd/images/data_image/hurricane_harvey/12_9_2017/907672880535805952_0.jpg	informative	not_informative	False	0.5356212966144085	0.07124262675642967	0.4643786698579788	0.5356212966144085	False	True	0.8836179971694946	0.11638196557760239	True	0.04513934254646301	0.9548606276512146
905096259584884736	Blessings on blessings!! Amazed at the turnout so far for our Harvey relief drive, we'll be out here until 7 p.m.!	data/processed/pro_crisismmd/images/data_image/hurricane_harvey/5_9_2017/905096259584884736_0.jpg	informative	not_informative	False	0.5355990082025528	0.0711979866027832	0.4644010215997696	0.5355990082025528	False	True	0.33032479882240295	0.6696752309799194	True	0.5984772443771362	0.40152278542518616
9,18086E+17	A Fire Weather Warning is back in effect for most of nothern California. 47weather	data/processed/pro_crisismmd/images/data_image/california_wildfires/11_10_2017/918085982234316800_0.jpg	informative	not_informative	False	0.5349229872226715	0.06984595954418182	0.4650770276784897	0.5349229872226715	False	True	0.49168258905410767	0.5083174109458923	True	0.4384714663028717	0.5615285634994507
9,19996E+17	Wonder what happens when he notices half of California is on fire. Resistance LoveTrumpsHate	data/processed/pro_crisismmd/images/data_image/california_wildfires/16_10_2017/919996197057843201_0.jpg	not_informative	informative	False	0.5347529053688049	0.06950582563877106	0.5347529053688049	0.4652470797300339	False	True	0.5083896517753601	0.4916103482246399	True	0.5611161589622498	0.43888381123542786
906262165618753536	Crowdsourcing info about Hurricane Harvey using berkEagles wearePBV pbvtech	data/processed/pro_crisismmd/images/data_image/hurricane_harvey/8_9_2017/906262165618753536_0.jpg	not_informative	informative	False	0.5345485731959343	0.06909715197980404	0.5345485731959343	0.46545142121613026	False	True	0.10601578652858734	0.8939841985702515	True	0.9630813598632812	0.03691864386200905
905055726183124993	13 Toxic Waste Sites Damaged by Harvey, Houston Awash in Chemicals	data/processed/pro_crisismmd/images/data_image/hurricane_harvey/5_9_2017/905055726183124993_0.jpg	informative	not_informative	False	0.5342937484383583	0.0685875229537487	0.4657062254846096	0.5342937484383583	False	True	0.07448744028806686	0.9255125522613525	True	0.8569250106811523	0.14307494461536407
906196156262338560	Volunteer effort still going strong as help continues to pour in for Harvey and now Irma	data/processed/pro_crisismmd/images/data_image/hurricane_harvey/8_9_2017/906196156262338560_1.jpg	informative	not_informative	False	0.5342751517891884	0.06855029612779617	0.4657248556613922	0.5342751517891884	False	True	0.11064952611923218	0.8893504738807678	True	0.8208001852035522	0.17919982969760895
908412667710332929	Prelim NWS data on rainfall and tornadoes during Harvey. So far, 29 and counting! Frank	data/processed/pro_crisismmd/images/data_image/hurricane_harvey/14_9_2017/908412667710332929_0.jpg	informative	not_informative	False	0.5342467874288559	0.06849357485771179	0.4657532125711441	0.5342467874288559	False	True	0.6429342031478882	0.35706576704978943	True	0.2885722219944	0.7114278078079224
9,23744E+17	Montana fire crews back from California	data/processed/pro_crisismmd/images/data_image/california_wildfires/27_10_2017/923743588260880384_0.jpg	not_informative	informative	False	0.5341906771063805	0.06838135421276093	0.5341906771063805	0.46580932289361954	False	True	0.21037743985652924	0.7896225452423096	True	0.8580039143562317	0.1419961005449295
901756296096956418	NASA releases surreal footage of HurricaneHarvey captured from space	data/processed/pro_crisismmd/images/data_image/hurricane_harvey/27_8_2017/901756296096956418_2.jpg	informative	not_informative	False	0.5341233760118484	0.0682467520236969	0.46587662398815155	0.5341233760118484	False	True	0.6185304522514343	0.3814695179462433	True	0.3132227957248688	0.6867772340774536
907393952504061954	Thank you to everyone who donated this past week. I am proud to teach at such a giving school. HurricaneHarvey	data/processed/pro_crisismmd/images/data_image/hurricane_harvey/12_9_2017/907393952504061954_1.jpg	informative	not_informative	False	0.5337703227996826	0.06754064559936523	0.4662296772003174	0.5337703227996826	False	True	0.4889587461948395	0.5110412836074829	True	0.4435006082057953	0.5564993619918823
901714191324766209	Houston Hobby airport shutdown until further notice. HurricaneHarvey	data/processed/pro_crisismmd/images/data_image/hurricane_harvey/27_8_2017/901714191324766209_0.jpg	informative	not_informative	False	0.5329463928937912	0.0658927783370018	0.4670536145567894	0.5329463928937912	False	True	0.15839950740337372	0.8416004776954651	True	0.7757077217102051	0.2242923080921173
904393064936075264	Watch 'Teaming up for Texas' telethon with Coach Cal and the Cats on from 3:30-6:30 pm	data/processed/pro_crisismmd/images/data_image/hurricane_harvey/3_9_2017/904393064936075264_0.jpg	not_informative	informative	False	0.5323806926608086	0.06476141139864922	0.5323806926608086	0.46761928126215935	False	True	0.9034731388092041	0.09652682393789291	True	0.16128824651241302	0.8387117385864258
909469956990996480	Irma still over Cuba heading toward open ocean then Florida Keys	data/processed/pro_crisismmd/images/data_image/hurricane_irma/17_9_2017/909469956990996480_1.jpg	informative	not_informative	False	0.531961552798748	0.06392308324575424	0.4680384695529938	0.531961552798748	False	True	0.7971841096878052	0.2028159350156784	True	0.13889282941818237	0.8611071705818176
904705739733782530	Businesses Underwater After Harvey PhotoEssay	data/processed/pro_crisismmd/images/data_image/hurricane_harvey/4_9_2017/904705739733782530_0.jpg	informative	not_informative	False	0.5314452797174454	0.06289054453372955	0.4685547351837158	0.5314452797174454	False	True	0.6337180137634277	0.36628201603889465	True	0.3033914566040039	0.6966085433959961
9,18235E+17	Wildfires destroy Northern California wineriesMetal racks... News NewsPhotos WorldNews	data/processed/pro_crisismmd/images/data_image/california_wildfires/11_10_2017/918235098591514626_0.jpg	informative	not_informative	False	0.5302751809358597	0.060550374910235405	0.4697248060256243	0.5302751809358597	False	True	0.9216163158416748	0.07838371396064758	True	0.017833296209573746	0.9821666479110718
9,20651E+17	Forest City native shares experience evacuating from California wildfires	data/processed/pro_crisismmd/images/data_image/california_wildfires/18_10_2017/920650692951494656_2.jpg	not_informative	informative	False	0.5301813930273056	0.060362741351127625	0.5301813930273056	0.469818651676178	False	True	0.09384331107139587	0.9061567187309265	True	0.9665194749832153	0.03348058462142944
9,20685E+17	Oct. 17, 6:00 pm PST: Northern California Vintners Assess Wildfire Damage Wine	data/processed/pro_crisismmd/images/data_image/california_wildfires/18_10_2017/920685440272699392_0.jpg	not_informative	informative	False	0.529401883482933	0.0588037446141243	0.529401883482933	0.47059813886880875	False	True	0.25790485739707947	0.7420951724052429	True	0.8008989095687866	0.19910110533237457
901663873580896256	Tornado warning has been issued for Pasadena, Texas. TXwx Harvey	data/processed/pro_crisismmd/images/data_image/hurricane_harvey/27_8_2017/901663873580896256_0.jpg	informative	not_informative	False	0.5292087197303772	0.0584174245595932	0.470791295170784	0.5292087197303772	False	True	0.4753294289112091	0.5246706008911133	True	0.4662531614303589	0.5337468385696411
9,17955E+17	When the entire state of California is on fire	data/processed/pro_crisismmd/images/data_image/california_wildfires/11_10_2017/917954508231184385_0.jpg	informative	not_informative	False	0.5285668708384037	0.05713374447077513	0.4714331263676286	0.5285668708384037	False	True	0.9309237599372864	0.06907624751329422	True	0.011942492797970772	0.9880574941635132
907750756937293825	Oldest known photo of a tornado. Aug. 28th, 1884 near Howard, South Dakota	data/processed/pro_crisismmd/images/data_image/hurricane_harvey/12_9_2017/907750756937293825_0.jpg	not_informative	informative	False	0.5285058505833149	0.0570116825401783	0.5285058505833149	0.4714941680431366	False	True	0.08936259895563126	0.9106374382972717	True	0.9676491022109985	0.032350897789001465
909714435920494594	All eyes on Maria as it heads over simliar islands that got hit with Irma. Sending Fto them, as we watch it closely	data/processed/pro_crisismmd/images/data_image/hurricane_irma/18_9_2017/909714435920494594_2.jpg	informative	not_informative	False	0.5278668105602264	0.05573360621929169	0.47213320434093475	0.5278668105602264	False	True	0.5827046632766724	0.4172953963279724	True	0.36156174540519714	0.6384382247924805
909380712876396544	Ladies and Gentlemen...introducing Irma's little sister Tropical Storm Maria.	data/processed/pro_crisismmd/images/data_image/hurricane_irma/17_9_2017/909380712876396544_0.jpg	informative	not_informative	False	0.5270603522658348	0.05412071384489536	0.47293963842093945	0.5270603522658348	False	True	0.9145212173461914	0.08547870814800262	True	0.031358059495687485	0.968641996383667
909429430229127170	"Check out The Newest OrganizedDisaster Episode ""Irma Can't Hold Us Back"""	data/processed/pro_crisismmd/images/data_image/hurricane_irma/17_9_2017/909429430229127170_0.jpg	informative	not_informative	False	0.526913970708847	0.05382794141769409	0.47308602929115295	0.526913970708847	False	True	0.4696361720561981	0.5303637981414795	True	0.4765358865261078	0.5234641432762146
9,20363E+17	California is legit on fire	data/processed/pro_crisismmd/images/data_image/california_wildfires/17_10_2017/920363008232062976_0.jpg	informative	not_informative	False	0.5264865346252918	0.05297307507134974	0.4735134595539421	0.5264865346252918	False	True	0.9418715238571167	0.058128513395786285	True	0.005155395250767469	0.9948445558547974
905641847866875905	Forget a storm shelter. All we need is a blueshed legacycontinues harvey Irma	data/processed/pro_crisismmd/images/data_image/hurricane_harvey/7_9_2017/905641847866875905_0.png	informative	not_informative	False	0.5252837389707565	0.05056750774383545	0.4747162312269211	0.5252837389707565	False	True	0.5067084431648254	0.4932915270328522	True	0.4427240192890167	0.5572759509086609
905647896330084353	Jose is now a hurricane, following right behind Irma.	data/processed/pro_crisismmd/images/data_image/hurricane_irma/7_9_2017/905647896330084353_0.jpg	informative	not_informative	False	0.5249531865119934	0.049906373023986816	0.4750468134880066	0.5249531865119934	False	True	0.5022258758544922	0.4977741241455078	True	0.447867751121521	0.552132248878479
905725083972509697	Tampa Local hospital staff in full hurricane preparation mode, ready... via	data/processed/pro_crisismmd/images/data_image/hurricane_irma/7_9_2017/905725083972509697_0.jpg	informative	not_informative	False	0.5248320251703262	0.049664080142974854	0.4751679450273514	0.5248320251703262	False	True	0.27947404980659485	0.7205259203910828	True	0.6708618402481079	0.3291381299495697
901666925641654277	Scott Fisher Says: HARVEY UPDATE. Austin Texas Weather.	data/processed/pro_crisismmd/images/data_image/hurricane_harvey/27_8_2017/901666925641654277_0.jpg	informative	not_informative	False	0.5244193524122238	0.04883870482444763	0.4755806475877762	0.5244193524122238	False	True	0.7307618260383606	0.269238144159317	True	0.22039946913719177	0.7796005606651306
909732418478903297	Elderly vet reunites with officers who rescued her before Irma	data/processed/pro_crisismmd/images/data_image/hurricane_irma/18_9_2017/909732418478903297_0.jpg	informative	not_informative	False	0.5243816077709198	0.04876324534416199	0.4756183624267578	0.5243816077709198	False	True	0.15284299850463867	0.8471570014953613	True	0.798393726348877	0.20160621404647827
9,23879E+17	How long will heat, wildfire threat persist in California?	data/processed/pro_crisismmd/images/data_image/california_wildfires/27_10_2017/923879231175630848_0.jpg	not_informative	informative	False	0.5239608436822891	0.04792168736457825	0.5239608436822891	0.4760391563177109	False	True	0.3382096588611603	0.6617903113365173	True	0.709712028503418	0.2902880012989044
909742172454424577	Made a sequel to my Irma Post! Pokemon Pelipper HurricaneMaria Hurricane	data/processed/pro_crisismmd/images/data_image/hurricane_irma/18_9_2017/909742172454424577_0.jpg	informative	not_informative	False	0.5238250829279423	0.047650141175836325	0.47617494175210595	0.5238250829279423	False	True	0.015152615495026112	0.984847366809845	True	0.9371972680091858	0.06280279904603958
909757379620872193	Some New Brunswickers are doing a really great job helping Florida reconstruct from Irma. Power restored to over 6	data/processed/pro_crisismmd/images/data_image/hurricane_irma/18_9_2017/909757379620872193_0.jpg	informative	not_informative	False	0.5237904638051987	0.047580935060977936	0.47620952874422073	0.5237904638051987	False	True	0.24597539007663727	0.7540245652198792	True	0.7064436674118042	0.2935563623905182
9,17832E+17	Calistoga Fire tubbsfire napafire ABC7now kron4news fire california napa	data/processed/pro_crisismmd/images/data_image/california_wildfires/10_10_2017/917832022017445888_1.jpg	not_informative	informative	False	0.5230232179164886	0.046046480536460876	0.5230232179164886	0.47697673738002777	False	True	0.43479591608047485	0.5652040243148804	True	0.6112505197525024	0.38874945044517517
905636601396690944	When hurricane Irma is double the size of your little island 4	data/processed/pro_crisismmd/images/data_image/hurricane_irma/7_9_2017/905636601396690944_0.jpg	informative	not_informative	False	0.522652380168438	0.04530474916100502	0.47734763100743294	0.522652380168438	False	True	0.8760440349578857	0.12395595014095306	True	0.07865122705698013	0.9213488101959229
9,19974E+17	Stunning maps and images from the	data/processed/pro_crisismmd/images/data_image/california_wildfires/16_10_2017/919974245106626561_2.jpg	informative	not_informative	False	0.5224033556878567	0.04480666993185878	0.4775966857559979	0.5224033556878567	False	True	0.9528047442436218	0.04719530791044235	True	0.0023886272683739662	0.997611403465271
909483074861375488	PROOF!!! FALSE FLAG IRMA w/ DOCS; ...JOSEON THE WAY to NYC 9/23 !?!? Farmer Irma HarveyVictims...	data/processed/pro_crisismmd/images/data_image/hurricane_irma/17_9_2017/909483074861375488_0.jpg	not_informative	informative	False	0.5214318335056305	0.042863622307777405	0.5214318335056305	0.4785682111978531	False	True	0.46156519651412964	0.5384348630905151	True	0.5812984704971313	0.41870155930519104
9,20998E+17	The climatology and meteorology of the northern California wildfires, from :	data/processed/pro_crisismmd/images/data_image/california_wildfires/19_10_2017/920997740972265472_0.jpg	informative	not_informative	False	0.5210056975483894	0.042011380195617676	0.47899431735277176	0.5210056975483894	False	True	0.7732061743736267	0.22679384052753448	True	0.1847824603319168	0.8152175545692444
901772145004613632	Sustained winds of Tropical Storm Harvey down to 45 mph. Continues to weaken in wind intensity. Heavy rain continu	data/processed/pro_crisismmd/images/data_image/hurricane_harvey/27_8_2017/901772145004613632_0.jpg	informative	not_informative	False	0.5205094665288925	0.04101894795894623	0.4794905185699463	0.5205094665288925	False	True	0.6621460914611816	0.33785393834114075	True	0.29683494567871094	0.7031649947166443
9,17845E+17	Aftermath of a Fire La Honda California USA 1976jt blackandwhitephotography	data/processed/pro_crisismmd/images/data_image/california_wildfires/10_10_2017/917844519890153472_0.jpg	informative	not_informative	False	0.5202343314886093	0.040468696504831314	0.479765634983778	0.5202343314886093	False	True	0.07811840623617172	0.9218815565109253	True	0.8814128637313843	0.11858710646629333
9,17867E+17	Blue Sparks Came Out The Sky	data/processed/pro_crisismmd/images/data_image/california_wildfires/10_10_2017/917866755363442688_0.jpg	informative	not_informative	False	0.5197582822293043	0.039516550714324694	0.4802417315149796	0.5197582822293043	False	True	0.9603316187858582	0.03966843709349632	True	0.00015184424410108477	0.9998481273651123
909763677791891456	. got 17 new arrivals on Saturday in an effort to help southern shelters following Hurricane Irma	data/processed/pro_crisismmd/images/data_image/hurricane_irma/18_9_2017/909763677791891456_0.jpg	informative	not_informative	False	0.5196702182292938	0.03934044390916824	0.4803297743201256	0.5196702182292938	False	True	0.24106882512569427	0.7589311599731445	True	0.7195907235145569	0.2804092764854431
906289178916347905	Lady Tornado Volleyball Team defeats Saugus 3-0!	data/processed/pro_crisismmd/images/data_image/hurricane_harvey/8_9_2017/906289178916347905_0.jpg	not_informative	informative	False	0.5196053087711334	0.039210595190525055	0.5196053087711334	0.48039471358060837	False	True	0.7619494199752808	0.23805062472820282	True	0.2772611975669861	0.7227388024330139
905625088300654592	Here is the 11 pm advisory for Hurricane Irma. FirstAlertWX	data/processed/pro_crisismmd/images/data_image/hurricane_irma/7_9_2017/905625088300654592_0.jpg	informative	not_informative	False	0.5193554759025574	0.03871092200279236	0.480644553899765	0.5193554759025574	False	True	0.6637458205223083	0.3362542390823364	True	0.2975432872772217	0.7024567127227783
9,20313E+17	What causes fires in California?	data/processed/pro_crisismmd/images/data_image/california_wildfires/17_10_2017/920313439116935173_0.jpg	not_informative	informative	False	0.5193437337875366	0.038687437772750854	0.5193437337875366	0.48065629601478577	False	True	0.6874442100524902	0.31255584955215454	True	0.351243257522583	0.648756742477417
9,21023E+17	OutFront: As wildfires rage, California advocate fights for LGBTQ homeless youth	data/processed/pro_crisismmd/images/data_image/california_wildfires/19_10_2017/921023189739859968_0.jpg	not_informative	informative	False	0.5192533358931541	0.0385066457092762	0.5192533358931541	0.48074669018387794	False	True	0.07714204490184784	0.922857940196991	True	0.9613646268844604	0.03863544017076492
909406602037547008	. helps out area's Irma victims: | | Savannah	data/processed/pro_crisismmd/images/data_image/hurricane_irma/17_9_2017/909406602037547008_0.jpg	informative	not_informative	False	0.5192213281989098	0.038442667573690414	0.48077866062521935	0.5192213281989098	False	True	0.8569142818450928	0.14308570325374603	True	0.10464303940534592	0.8953569531440735
9,18395E+17	"News via FOXNEWS ""California wildfires make searching for missing tough"""	data/processed/pro_crisismmd/images/data_image/california_wildfires/12_10_2017/918394712842735616_0.jpg	informative	not_informative	False	0.5187415778636932	0.03748314082622528	0.48125843703746796	0.5187415778636932	False	True	0.28323760628700256	0.7167624235153198	True	0.6792792677879333	0.32072073221206665
904254413530959872	Saving our doggie pals! harvey doglovers doggiepals	data/processed/pro_crisismmd/images/data_image/hurricane_harvey/3_9_2017/904254413530959872_0.jpg	informative	not_informative	False	0.5177019238471985	0.03540384769439697	0.4822980761528015	0.5177019238471985	False	True	0.4122045636177063	0.5877954959869385	True	0.5523915886878967	0.4476083517074585
901671714668527616	Harvey now classified as a tropical storm.	data/processed/pro_crisismmd/images/data_image/hurricane_harvey/27_8_2017/901671714668527616_0.jpg	informative	not_informative	False	0.5176362693309784	0.03527255356311798	0.4823637157678604	0.5176362693309784	False	True	0.716950535774231	0.28304946422576904	True	0.24777689576148987	0.7522230744361877
9,2087E+17	Illegal Alien Charged With California Wildfire That Killed 40 People tiot	data/processed/pro_crisismmd/images/data_image/california_wildfires/19_10_2017/920870303466524672_0.jpg	not_informative	informative	False	0.5170125439763069	0.03402507305145264	0.5170125439763069	0.4829874709248543	False	True	0.20229126513004303	0.7977087497711182	True	0.8317338228225708	0.1682661920785904
9,20326E+17	Tending To Patients As Her New Home Burns California wildfires	data/processed/pro_crisismmd/images/data_image/california_wildfires/17_10_2017/920326087195938816_0.jpg	not_informative	informative	False	0.51649110019207	0.032982178032398224	0.51649110019207	0.4835089221596718	False	True	0.2654808461666107	0.7345191836357117	True	0.7675013542175293	0.2324986606836319
909421173741637632	Due to Hurricane Irma, some FCE bus stops have been temporarily relocated. See image.	data/processed/pro_crisismmd/images/data_image/hurricane_irma/17_9_2017/909421173741637632_0.jpg	informative	not_informative	False	0.5164154320955276	0.032830849289894104	0.48358458280563354	0.5164154320955276	False	True	0.4058331847190857	0.5941668748855591	True	0.5613359808921814	0.4386639893054962
904343320243163137	1st bike since Harvey devastated Houston. Path blocked, water every where, and 1 snake that did not make it.	data/processed/pro_crisismmd/images/data_image/hurricane_harvey/3_9_2017/904343320243163137_0.jpg	informative	not_informative	False	0.5154745578765869	0.03094910830259323	0.4845254495739937	0.5154745578765869	False	True	0.13364340364933014	0.866356611251831	True	0.8354074954986572	0.16459250450134277
909462715235581953	Promise Delivered: President Trump Sends 12 PERSONAL CHECKS to Hurricane Harvey Relief	data/processed/pro_crisismmd/images/data_image/hurricane_harvey/17_9_2017/909462715235581953_0.jpg	informative	not_informative	False	0.5150833204388618	0.030166616663336754	0.4849167037755251	0.5150833204388618	False	True	0.06096431985497475	0.9390357136726379	True	0.9088690876960754	0.09113092720508575
905641988178849794	Miami: Here's What You Need to Know About How Hurricane Irma Might Impa =>	data/processed/pro_crisismmd/images/data_image/hurricane_irma/7_9_2017/905641988178849794_0.jpg	informative	not_informative	False	0.5150444060564041	0.030088812112808228	0.4849555939435959	0.5150444060564041	False	True	0.7101273536682129	0.2898726165294647	True	0.2597838342189789	0.7402161955833435
9,17827E+17	California is really on fire 5 somthing ain't right 2 Pray4California	data/processed/pro_crisismmd/images/data_image/california_wildfires/10_10_2017/917826948625088512_0.jpg	informative	not_informative	False	0.5148697085678577	0.029739437624812126	0.4851302709430456	0.5148697085678577	False	True	0.951737642288208	0.0482623353600502	True	0.018522899597883224	0.9814770817756653
904966999847165956	Tropical Storm Harvey Just Made A SECONDLandfall	data/processed/pro_crisismmd/images/data_image/hurricane_harvey/5_9_2017/904966999847165956_0.jpg	informative	not_informative	False	0.5147756636142731	0.029551327228546143	0.48522433638572693	0.5147756636142731	False	True	0.47390663623809814	0.5260933637619019	True	0.4965420365333557	0.5034579634666443
9,19646E+17	Incredible moment family dog emerges unscathed from California wildfires	data/processed/pro_crisismmd/images/data_image/california_wildfires/15_10_2017/919645897054502912_0.jpg	not_informative	informative	False	0.5145852714776993	0.029170552268624306	0.5145852714776993	0.485414719209075	False	True	0.08587577939033508	0.9141241908073425	True	0.9432947635650635	0.05670524761080742
908527684166316032	Did a Georgia Mosque send Harvey donations to Syria? truthsetter	data/processed/pro_crisismmd/images/data_image/hurricane_harvey/15_9_2017/908527684166316032_0.jpg	informative	not_informative	False	0.5137089937925339	0.027417942881584167	0.4862910509109497	0.5137089937925339	False	True	0.6114411354064941	0.38855889439582825	True	0.3611409664154053	0.6388590931892395
909700175081467904	Sasquatch sighting in Punta Gorda FL during Irma!	data/processed/pro_crisismmd/images/data_image/hurricane_irma/18_9_2017/909700175081467904_0.jpg	informative	not_informative	False	0.5135740637779236	0.027148135006427765	0.4864259287714958	0.5135740637779236	False	True	0.1792837232351303	0.8207162618637085	True	0.7935681343078613	0.20643186569213867
905724861812584448	Hurricane Irma models: US forecast of terrifying spaghetti models bunching toward Florida	data/processed/pro_crisismmd/images/data_image/hurricane_irma/7_9_2017/905724861812584448_0.jpg	informative	not_informative	False	0.513397604227066	0.026795148849487305	0.48660245537757874	0.513397604227066	False	True	0.16398954391479492	0.8360105156898499	True	0.8092153668403625	0.19078469276428223
904970921034878977	Polyethylene prices soar as Hurricane Harvey knocks out more than half US ethylene supply	data/processed/pro_crisismmd/images/data_image/hurricane_harvey/5_9_2017/904970921034878977_0.jpg	informative	not_informative	False	0.5133713632822037	0.026742730289697647	0.486628632992506	0.5133713632822037	False	True	0.873383104801178	0.12661686539649963	True	0.09987416118383408	0.9001258611679077
9,19989E+17	The fire and the damage done	data/processed/pro_crisismmd/images/data_image/california_wildfires/16_10_2017/919989130683064320_0.jpg	not_informative	informative	False	0.5132288429886103	0.02645766211207956	0.5132288429886103	0.4867711808765307	False	True	0.9978446960449219	0.0021553330589085817	True	0.02861298993229866	0.9713870286941528
909792502596517888	Hurricanes Irma and Harvey may be a 'wake-up call' for vulnerable cities, and local zoning lawsCollective..	data/processed/pro_crisismmd/images/data_image/hurricane_harvey/18_9_2017/909792502596517888_0.png	informative	not_informative	False	0.5130612701177597	0.026122577488422394	0.4869386926293373	0.5130612701177597	False	True	0.13723160326480865	0.8627683520317078	True	0.836645781993866	0.16335418820381165
909481840733491200	We're on the road to Jacksonville to coordinate our response to Irma in Florida. See you soon!	data/processed/pro_crisismmd/images/data_image/hurricane_irma/17_9_2017/909481840733491200_0.jpg	not_informative	informative	False	0.5129036903381348	0.025807365775108337	0.5129036903381348	0.48709632456302643	False	True	0.5114061236381531	0.4885939061641693	True	0.5144012570381165	0.48559874296188354
909389185240485890	WATCH: Reporter rescues stranded dolphins while covering Hurricane Irma	data/processed/pro_crisismmd/images/data_image/hurricane_irma/17_9_2017/909389185240485890_0.jpg	informative	not_informative	False	0.512449324131012	0.024898692965507507	0.48755063116550446	0.512449324131012	False	True	0.13820800185203552	0.8617919683456421	True	0.8368932604789734	0.16310667991638184
904874532489527300	"They battled Harvey. Now Texas ""Dreamers"" face DACA's possible demise."	data/processed/pro_crisismmd/images/data_image/hurricane_harvey/5_9_2017/904874532489527300_0.jpg	not_informative	informative	False	0.5115007907152176	0.023001566529273987	0.5115007907152176	0.4884992241859436	False	True	0.23028084635734558	0.7697191834449768	True	0.7927207350730896	0.2072792649269104
906941301991596032	BREAKING: : Tornado watch in Orlando area. HurricaneIrma	data/processed/pro_crisismmd/images/data_image/hurricane_harvey/10_9_2017/906941301991596032_0.jpg	informative	not_informative	False	0.5097272098064423	0.019454434514045715	0.49027277529239655	0.5097272098064423	False	True	0.4186263382434845	0.5813736319541931	True	0.5619192123413086	0.4380807876586914
9,17791E+17	Wildfires raging through Northern California are terrifying	data/processed/pro_crisismmd/images/data_image/california_wildfires/10_10_2017/917791044158185473_0.jpg	informative	not_informative	False	0.5089267194271088	0.017853468656539917	0.49107325077056885	0.5089267194271088	False	True	0.7245755195617676	0.27542442083358765	True	0.2575709819793701	0.7424290180206299
905454406870732800	Buy a t-shirt from FCA to support those effected by hurricane Harvey	data/processed/pro_crisismmd/images/data_image/hurricane_harvey/6_9_2017/905454406870732800_0.jpg	informative	not_informative	False	0.5088110119104385	0.017621994018554688	0.49118901789188385	0.5088110119104385	False	True	0.28289100527763367	0.7171090245246887	True	0.699487030506134	0.30051299929618835
905558706552700928	A Furniture Store Opened As A Harvey Shelter And Is The Internet's NewHero	data/processed/pro_crisismmd/images/data_image/hurricane_harvey/6_9_2017/905558706552700928_0.jpg	informative	not_informative	False	0.5087456032633781	0.01749122142791748	0.49125438183546066	0.5087456032633781	False	True	0.8541262745857239	0.14587371051311493	True	0.12838248908519745	0.8716174960136414
9,18273E+17	How You Can Help With the California Fire Relief Efforts	data/processed/pro_crisismmd/images/data_image/california_wildfires/12_10_2017/918273289197416448_0.jpg	not_informative	informative	False	0.5086030215024948	0.017206013202667236	0.5086030215024948	0.4913970082998276	False	True	0.61809903383255	0.38190099596977234	True	0.3991070091724396	0.6008930206298828
904837965440053248	Harvey may be gone but if you're struggling, reach out. offers 24/7 support	data/processed/pro_crisismmd/images/data_image/hurricane_harvey/4_9_2017/904837965440053248_0.jpg	informative	not_informative	False	0.5084867179393768	0.016973422840237617	0.4915132950991392	0.5084867179393768	False	True	0.9455026388168335	0.05449742078781128	True	0.03752395138144493	0.9624760150909424
9,2033E+17	Family Miraculously Finds Dog They Lost When Escaping California Wildfires	data/processed/pro_crisismmd/images/data_image/california_wildfires/17_10_2017/920329866901381123_0.jpg	not_informative	informative	False	0.5084536876529455	0.01690736599266529	0.5084536876529455	0.4915463216602802	False	True	0.060552578419446945	0.9394474625587463	True	0.9563547968864441	0.04364518076181412
9,17829E+17	Cities in Southern California can't escape the fire at their door.	data/processed/pro_crisismmd/images/data_image/california_wildfires/10_10_2017/917829232423731200_0.png	informative	not_informative	False	0.5084366798400879	0.01687335968017578	0.4915633201599121	0.5084366798400879	False	True	0.7174196243286133	0.2825803756713867	True	0.26570701599121094	0.7342929840087891
901717268199067648	Hurricane Harvey downgraded to Category 1, will likely become a tropical storm... D27	data/processed/pro_crisismmd/images/data_image/hurricane_harvey/27_8_2017/901717268199067648_0.jpg	informative	not_informative	False	0.508419543504715	0.016839034855365753	0.4915805086493492	0.508419543504715	False	True	0.8043956160545349	0.19560444355010986	True	0.1787654012441635	0.8212346434593201
905663654485417984	Here's Hurricane Irma's latest predicted path	data/processed/pro_crisismmd/images/data_image/hurricane_irma/7_9_2017/905663654485417984_0.jpg	informative	not_informative	False	0.508205309510231	0.01641063392162323	0.4917946755886078	0.508205309510231	False	True	0.7215021848678589	0.2784977853298187	True	0.2620871663093567	0.7379128336906433
909382511612096512	Economic impact from Harvey, Irma likely to be short-lived	data/processed/pro_crisismmd/images/data_image/hurricane_irma/17_9_2017/909382511612096512_0.jpg	informative	not_informative	False	0.5081774890422821	0.01635497808456421	0.4918225109577179	0.5081774890422821	False	True	0.5562044382095337	0.4437955617904663	True	0.4274405837059021	0.5725594162940979
901734330799677440	New Orleans 'still not off the hook' for Harvey rain, though forecast improved	data/processed/pro_crisismmd/images/data_image/hurricane_harvey/27_8_2017/901734330799677440_0.jpg	informative	not_informative	False	0.5074993073940277	0.01499861478805542	0.4925006926059723	0.5074993073940277	False	True	0.8168478012084961	0.1831521987915039	True	0.1681535840034485	0.8318464159965515
907824968104337408	Getting played and not getting paid after Harvey	data/processed/pro_crisismmd/images/data_image/hurricane_harvey/13_9_2017/907824968104337408_0.jpg	not_informative	informative	False	0.5070695728063583	0.014139138162136078	0.5070695728063583	0.49293043464422226	False	True	0.8628421425819397	0.13715790212154388	True	0.15129700303077698	0.8487029671669006
909383709312389120	Atlantic Hosts three Storms, with Maria on Irma's Path - - Irmas Topstories	data/processed/pro_crisismmd/images/data_image/hurricane_irma/17_9_2017/909383709312389120_0.jpg	informative	not_informative	False	0.5069819688796997	0.013963952660560608	0.4930180162191391	0.5069819688796997	False	True	0.7033419609069824	0.2966580390930176	True	0.2826940715312958	0.7173058986663818
906631054303383554	The saddest moment of Harvey cleanup devinereserve Harvey2017 HoustonStrong	data/processed/pro_crisismmd/images/data_image/hurricane_harvey/9_9_2017/906631054303383554_0.jpg	not_informative	informative	False	0.5059075290337205	0.011815113015472889	0.5059075290337205	0.4940924160182476	False	True	0.02341066487133503	0.9765892624855042	True	0.988404393196106	0.011595569550991058
9,18022E+17	101117 NAPA SONOMA Counties MORE/CALIFORNIA ON FIRE = BEG. OF GOD'S JUDGMENT . . . >	data/processed/pro_crisismmd/images/data_image/california_wildfires/11_10_2017/918021529614434306_0.jpg	not_informative	informative	False	0.505125155672431	0.01025032252073288	0.505125155672431	0.4948748331516981	False	True	0.9478197693824768	0.052180226892232895	True	0.06243054196238518	0.9375694394111633
905733275238498304	Hurricane Irma will have some impacts on central NC Monday & Tuesday. Heavy rain & wind possible ncwx	data/processed/pro_crisismmd/images/data_image/hurricane_irma/7_9_2017/905733275238498304_0.jpg	informative	not_informative	False	0.5044310986995697	0.00886218249797821	0.4955689162015915	0.5044310986995697	False	True	0.49709227681159973	0.5029077529907227	True	0.49404555559158325	0.5059544444084167
9,19631E+17	"""We're Not Dead Yet!"": Harrowing Video Shows Men Narrowly Escaping Raging California Wild..."	data/processed/pro_crisismmd/images/data_image/california_wildfires/15_10_2017/919630935531782144_0.jpg	not_informative	informative	False	0.5038975402712822	0.007795087993144989	0.5038975402712822	0.4961024522781372	False	True	0.7650555372238159	0.23494446277618408	True	0.24273954331874847	0.7572604417800903
907014605607759872	Harvey, Katia, Irma, Jose... Our planet is screaming for help. 2E	data/processed/pro_crisismmd/images/data_image/hurricane_harvey/10_9_2017/907014605607759872_0.jpg	informative	not_informative	False	0.5037525147199631	0.007505014538764954	0.4962475001811981	0.5037525147199631	False	True	0.7375783324241638	0.26242169737815857	True	0.2549166679382324	0.7450833320617676
905630897541718017	New track puts Hurricane Irma near SC coast by Monday as Cat. 2 or 3 chsnews	data/processed/pro_crisismmd/images/data_image/hurricane_irma/7_9_2017/905630897541718017_1.jpg	informative	not_informative	False	0.5035128891468048	0.007025808095932007	0.4964870810508728	0.5035128891468048	False	True	0.6651108860969543	0.33488911390304565	True	0.32786327600479126	0.672136664390564
904362164588208132	Sen. Blunt Says Harvey 'Another Reason to Keep the Government Open'	data/processed/pro_crisismmd/images/data_image/hurricane_harvey/3_9_2017/904362164588208132_0.jpg	not_informative	informative	False	0.5030746832489967	0.006149373948574066	0.5030746832489967	0.49692530930042267	False	True	0.21095062792301178	0.7890493869781494	True	0.7951987385749817	0.20480123162269592
906576414362755072	Spending the morning and afternoon helping out some homies in Lake Jackson. harvey	data/processed/pro_crisismmd/images/data_image/hurricane_harvey/9_9_2017/906576414362755072_1.jpg	not_informative	informative	False	0.5023242887109518	0.004648588597774506	0.5023242887109518	0.4976757001131773	False	True	0.9631702303886414	0.036829736083745956	True	0.04147834703326225	0.9585216641426086
907682230285340673	Check out how we quickly reacted during hurricaneharvey in order to create amazing results!	data/processed/pro_crisismmd/images/data_image/hurricane_harvey/12_9_2017/907682230285340673_0.jpg	not_informative	informative	False	0.5020977109670639	0.004195421934127808	0.5020977109670639	0.4979022890329361	False	True	0.66343092918396	0.3365691006183624	True	0.34076449275016785	0.6592354774475098
9,201E+17	Inmate escapes from firefighting crew battling S. California's Canyon Fire 2	data/processed/pro_crisismmd/images/data_image/california_wildfires/17_10_2017/920099845918007297_0.jpg	not_informative	informative	False	0.5012452006340027	0.002490393817424774	0.5012452006340027	0.4987548068165779	False	True	0.206312358379364	0.7936875820159912	True	0.7961780428886414	0.2038220316171646
904525471123210240	The only way to get into the town I work in. HarveyFloods Harvey2017 Harvey Beaumont Silsbee	data/processed/pro_crisismmd/images/data_image/hurricane_harvey/4_9_2017/904525471123210240_0.jpg	not_informative	informative	False	0.5008739782497287	0.00174793042242527	0.5008739782497287	0.4991260478273034	False	True	0.020390620455145836	0.9796094298362732	True	0.9813573360443115	0.018642665818333626
905526848385409026	Hurricane Harvey: A weather geek's live blog makemoneyonline	data/processed/pro_crisismmd/images/data_image/hurricane_harvey/6_9_2017/905526848385409026_0.jpg	informative	not_informative	False	0.5006685480475426	0.0013371631503105164	0.49933138489723206	0.5006685480475426	False	True	0.882034420967102	0.11796550452709198	True	0.11662834882736206	0.8833715915679932
908368867650666501	First Harvey, now Irma. Pres Trump & VPres Pence again with hurricane victims on the ground. Eyecontact leadership	data/processed/pro_crisismmd/images/data_image/hurricane_harvey/14_9_2017/908368867650666501_0.jpg	not_informative	informative	False	0.5006008353084326	0.0012016315013170242	0.5006008353084326	0.49939920380711555	False	True	0.03508148714900017	0.9649185538291931	True	0.966120183467865	0.033879853785037994
