id	text	image_path	y_true	y_pred	correct	confidence	margin	score_0	score_1
4xfi6d	s my grandparents who passed away close to a child	data/processed/pro_fakeddit/images/4xfi6d.jpg	0	1	False	0.9533037841320038	0.9066076036542654	0.04669618047773838	0.9533037841320038
5yu83o	my dads siblings and parents before they got married theyre here and still king of cool	data/processed/pro_fakeddit/images/5yu83o.jpg	0	1	False	0.936704695224762	0.8734094016253948	0.06329529359936714	0.936704695224762
cv9kwi	my fathers first trip to school	data/processed/pro_fakeddit/images/cv9kwi.jpg	0	1	False	0.9211912155151367	0.842382462695241	0.07880875281989574	0.9211912155151367
68laeg	deep in a song for wedding	data/processed/pro_fakeddit/images/68laeg.jpg	0	1	False	0.9158025085926056	0.8316050190478563	0.08419748954474926	0.9158025085926056
7miqbk	everyone was asking me when my album was coming out following this snap from our trip to snowdonia so	data/processed/pro_fakeddit/images/7miqbk.jpg	0	1	False	0.9131616055965424	0.8263231925666332	0.08683841302990913	0.9131616055965424
bz26fm	dae remember the glory days of the s fuck that	data/processed/pro_fakeddit/images/bz26fm.jpg	0	1	False	0.9092459380626678	0.8184918761253357	0.09075406193733215	0.9092459380626678
7tk3n3	my puppy mimi at my sweet boy resting in the morning	data/processed/pro_fakeddit/images/7tk3n3.jpg	0	1	False	0.9066908955574036	0.8133818171918392	0.09330907836556435	0.9066908955574036
3dsbtt	lying in bed and she knows i love clouds	data/processed/pro_fakeddit/images/3dsbtt.jpg	0	1	False	0.9031203091144562	0.8062406070530415	0.09687970206141472	0.9031203091144562
bl9olk	i thought there was a person buried to the neck	data/processed/pro_fakeddit/images/bl9olk.jpg	0	1	False	0.9013371467590332	0.8026742897927761	0.0986628569662571	0.9013371467590332
cpthoen	just sitting around waiting for some action	data/processed/pro_fakeddit/images/cpthoen.jpg	0	1	False	0.8979176580905914	0.7958353250287473	0.10208233306184411	0.8979176580905914
b3jbbl	the outgrown left behind	data/processed/pro_fakeddit/images/b3jbbl.jpg	0	1	False	0.8941237032413483	0.7882473915815353	0.10587631165981293	0.8941237032413483
f16p4th	httpsiimgurcomvlqoowwjpg	data/processed/pro_fakeddit/images/f16p4th.jpg	0	1	False	0.8902860879898071	0.7805721834301949	0.10971390455961227	0.8902860879898071
85kt3h	extras on set of mosfilm production babushkas in toyland	data/processed/pro_fakeddit/images/85kt3h.jpg	0	1	False	0.8878173530101776	0.7756346426904202	0.11218271031975746	0.8878173530101776
2k44et	this pretty little thing sure gets around town potato quality	data/processed/pro_fakeddit/images/2k44et.jpg	0	1	False	0.8840013146400452	0.768002612516284	0.11599870212376118	0.8840013146400452
1v4ww2	almost dropped the furniture i was moving to take a picture of this little guy	data/processed/pro_fakeddit/images/1v4ww2.jpg	0	1	False	0.8823614716529846	0.764722928404808	0.11763854324817657	0.8823614716529846
c5lwad9	shes not in first but at least shes having fun	data/processed/pro_fakeddit/images/c5lwad9.jpg	0	1	False	0.8806601464748383	0.7613203097134829	0.1193398367613554	0.8806601464748383
cs7uqv	it started out with a kiss how did it up end up like this	data/processed/pro_fakeddit/images/cs7uqv.jpg	0	1	False	0.8791632950305939	0.7583265621215105	0.12083673290908337	0.8791632950305939
4jtm8d	apodytes from the beginning	data/processed/pro_fakeddit/images/4jtm8d.jpg	0	1	False	0.8770459294319153	0.7540918700397015	0.12295405939221382	0.8770459294319153
5gkhwh	first shot from tim burtons thomas the tank engine	data/processed/pro_fakeddit/images/5gkhwh.jpg	0	1	False	0.876696765422821	0.7533935345709324	0.12330323085188866	0.876696765422821
bi4jii	los angeles th the photo was taken at approximately pm	data/processed/pro_fakeddit/images/bi4jii.jpg	0	1	False	0.8753795921802521	0.7507591992616653	0.12462039291858673	0.8753795921802521
10tba7	we are the happiest hooks	data/processed/pro_fakeddit/images/10tba7.jpg	0	1	False	0.8745072484016418	0.7490144986659288	0.125492749735713	0.8745072484016418
cw23s66	if only bradleys arm was longer	data/processed/pro_fakeddit/images/cw23s66.jpg	0	1	False	0.8736080527305603	0.7472160831093788	0.1263919696211815	0.8736080527305603
4v0kcy	nice making of this cute cat is obsessed with the background	data/processed/pro_fakeddit/images/4v0kcy.jpg	0	1	False	0.8735685348510742	0.7471370846033096	0.1264314502477646	0.8735685348510742
chd4k9k	were not getting any younger so lets do the damn thang	data/processed/pro_fakeddit/images/chd4k9k.jpg	0	1	False	0.8733349442481995	0.7466698903590441	0.1266650538891554	0.8733349442481995
4tv5u8	angrily charging into battle	data/processed/pro_fakeddit/images/4tv5u8.jpg	0	1	False	0.8700095415115356	0.7400191016495228	0.12999043986201286	0.8700095415115356
53ov88	new weapon added to battlefield	data/processed/pro_fakeddit/images/53ov88.jpg	0	1	False	0.8682385981082916	0.736477218568325	0.13176137953996658	0.8682385981082916
cdzomtw	technically low quality images	data/processed/pro_fakeddit/images/cdzomtw.jpg	0	1	False	0.8664310872554779	0.7328621298074722	0.13356895744800568	0.8664310872554779
91my0w	jewish prisoner are thrown a party in the showers unaware of the nasty surprise to come circa	data/processed/pro_fakeddit/images/91my0w.jpg	0	1	False	0.8658697605133057	0.7317394874989986	0.13413027301430702	0.8658697605133057
8llfkz	little white ridinghood	data/processed/pro_fakeddit/images/8llfkz.jpg	0	1	False	0.8640786409378052	0.7281572408974171	0.1359214000403881	0.8640786409378052
d2rk9ge	this is no laughing matter	data/processed/pro_fakeddit/images/d2rk9ge.jpg	0	1	False	0.8640362322330475	0.7280724868178368	0.13596374541521072	0.8640362322330475
9iyuxd	pointless flying in the wind	data/processed/pro_fakeddit/images/9iyuxd.jpg	0	1	False	0.8634282648563385	0.7268565073609352	0.1365717574954033	0.8634282648563385
4dkyi3	today tuesday is the life you have to do so today	data/processed/pro_fakeddit/images/4dkyi3.jpg	0	1	False	0.8614086508750916	0.72281732596457	0.1385913249105215	0.8614086508750916
ca0g7pm	stunning simply stunning	data/processed/pro_fakeddit/images/ca0g7pm.jpg	0	1	False	0.8610731959342957	0.7221463546156883	0.13892684131860733	0.8610731959342957
5563wh	oxera ive been very good to broadway	data/processed/pro_fakeddit/images/5563wh.jpg	0	1	False	0.8609200417995453	0.7218400612473488	0.1390799805521965	0.8609200417995453
cgmzo8a	burning out his fuse up here alone	data/processed/pro_fakeddit/images/cgmzo8a.jpg	0	1	False	0.8602596521377563	0.7205193433910608	0.13974030874669552	0.8602596521377563
178o7r	my drawer is so happy to see me	data/processed/pro_fakeddit/images/178o7r.jpg	0	1	False	0.860048770904541	0.7200975678861141	0.1399512030184269	0.860048770904541
7x9lxl	carrot bout to drop the healthiest verse of all time	data/processed/pro_fakeddit/images/7x9lxl.jpg	0	1	False	0.8590183556079865	0.7180367186665535	0.14098163694143295	0.8590183556079865
cfd1o4u	your sure the rock is helping	data/processed/pro_fakeddit/images/cfd1o4u.jpg	0	1	False	0.8582796156406403	0.7165592405945063	0.141720375046134	0.8582796156406403
5zq097	was an awful time for many people	data/processed/pro_fakeddit/images/5zq097.jpg	0	1	False	0.8573936223983765	0.7147872764617205	0.142606345936656	0.8573936223983765
5x9cdo	my new apartment still needs furnishing	data/processed/pro_fakeddit/images/5x9cdo.jpg	0	1	False	0.8569320440292358	0.713864054530859	0.14306798949837685	0.8569320440292358
cg9s187	shot heard round the world	data/processed/pro_fakeddit/images/cg9s187.jpg	0	1	False	0.8558477759361267	0.7116955406963825	0.1441522352397442	0.8558477759361267
2icy8w	but the big cars laugh and say i have a small engine	data/processed/pro_fakeddit/images/2icy8w.jpg	0	1	False	0.8556733429431915	0.7113467194139957	0.14432662352919579	0.8556733429431915
8oc2ak	anybody know what it be some sort of salt maybe in my apartment complex	data/processed/pro_fakeddit/images/8oc2ak.jpg	0	1	False	0.8550434112548828	0.7100868821144104	0.1449565291404724	0.8550434112548828
cqkxo9z	sometimes you need that evil look to save the world	data/processed/pro_fakeddit/images/cqkxo9z.jpg	0	1	False	0.854297935962677	0.7085958495736122	0.1457020863890648	0.854297935962677
5l0itu	donauturm things which are alike x	data/processed/pro_fakeddit/images/5l0itu.jpg	0	1	False	0.8539026379585266	0.7078052535653114	0.14609738439321518	0.8539026379585266
cho98ol	i now pronounce you husband and husband	data/processed/pro_fakeddit/images/cho98ol.jpg	0	1	False	0.8523486256599426	0.7046972401440144	0.14765138551592827	0.8523486256599426
al4fly	jesus going after pontius pilate after he came back from the dead ad	data/processed/pro_fakeddit/images/al4fly.jpg	0	1	False	0.8510767817497253	0.7021535746753216	0.14892320707440376	0.8510767817497253
csyeaxh	i must go save the world and shit	data/processed/pro_fakeddit/images/csyeaxh.jpg	0	1	False	0.8494548797607422	0.6989097259938717	0.1505451537668705	0.8494548797607422
6l5u4r	us soldier resting after landing on omaha beach th	data/processed/pro_fakeddit/images/6l5u4r.jpg	0	1	False	0.8493930995464325	0.6987862214446068	0.15060687810182571	0.8493930995464325
cmx97fb	great shot man hey whats going on with that van in the back	data/processed/pro_fakeddit/images/cmx97fb.jpg	0	1	False	0.8489195108413696	0.6978390496224165	0.15108046121895313	0.8489195108413696
8hufy1	hmb while i put the team on my scooter	data/processed/pro_fakeddit/images/8hufy1.jpg	0	1	False	0.8459644913673401	0.6919290293008089	0.15403546206653118	0.8459644913673401
c8igjtd	in times of stress mccain likes to imagine himself back in a more pleasant period of his life back when he held a job that gave him a sense of dignity	data/processed/pro_fakeddit/images/c8igjtd.jpg	0	1	False	0.8443082571029663	0.6886164844036102	0.15569177269935608	0.8443082571029663
7cnfe9	this little guy loves watching the boats come in	data/processed/pro_fakeddit/images/7cnfe9.jpg	0	1	False	0.8440819978713989	0.6881640274077654	0.15591797046363354	0.8440819978713989
cmcyj0	isabella of france invading englandcolorized	data/processed/pro_fakeddit/images/cmcyj0.jpg	0	1	False	0.8438288271427155	0.6876576989889145	0.15617112815380096	0.8438288271427155
ci3zxha	everything the light touches is our kingdom	data/processed/pro_fakeddit/images/ci3zxha.jpg	0	1	False	0.8437640070915222	0.6875280532985926	0.15623595379292965	0.8437640070915222
884fbe	local man glad hes not a local woman	data/processed/pro_fakeddit/images/884fbe.jpg	0	1	False	0.8437098264694214	0.6874196268618107	0.1562901996076107	0.8437098264694214
cnn933v	not the shower she needed	data/processed/pro_fakeddit/images/cnn933v.jpg	0	1	False	0.8432282209396362	0.6864564158022404	0.15677180513739586	0.8432282209396362
dowkfmw	the unknown superweapons used in the pacific theatre of wwii	data/processed/pro_fakeddit/images/dowkfmw.jpg	0	1	False	0.8423073589801788	0.6846147030591965	0.15769265592098236	0.8423073589801788
57rrpg	scrumptious chocolate torte	data/processed/pro_fakeddit/images/57rrpg.jpg	0	1	False	0.8405410647392273	0.6810821257531643	0.159458938986063	0.8405410647392273
8q8vbh	giles corey after being crushed by boulders during the salem witch trials circa	data/processed/pro_fakeddit/images/8q8vbh.jpg	0	1	False	0.839469313621521	0.6789385825395584	0.16053073108196259	0.839469313621521
8mwfk4	runaway slave hides from his master c	data/processed/pro_fakeddit/images/8mwfk4.jpg	0	1	False	0.8382942378520966	0.6765884384512901	0.16170579940080643	0.8382942378520966
98g8wx	this cat in the back of a cave	data/processed/pro_fakeddit/images/98g8wx.jpg	0	1	False	0.838201493024826	0.6764030084013939	0.16179848462343216	0.838201493024826
2857zc	awww the poor things terrified	data/processed/pro_fakeddit/images/2857zc.jpg	0	1	False	0.8381739556789398	0.6763479150831699	0.16182604059576988	0.8381739556789398
c6kotht	yeah i dont think hes cut out the the olympics	data/processed/pro_fakeddit/images/c6kotht.jpg	0	1	False	0.8381401896476746	0.676280353218317	0.16185983642935753	0.8381401896476746
5653s3	the pool has sweet dreams	data/processed/pro_fakeddit/images/5653s3.jpg	0	1	False	0.8378987908363342	0.6757975742220879	0.16210121661424637	0.8378987908363342
8e372q	the population modern day hysteria	data/processed/pro_fakeddit/images/8e372q.jpg	0	1	False	0.835871696472168	0.6717434152960777	0.16412828117609024	0.835871696472168
ci3jb34	what direction to take this	data/processed/pro_fakeddit/images/ci3jb34.jpg	0	1	False	0.8354458212852478	0.6708916705101728	0.16455415077507496	0.8354458212852478
czfg0w9	its pointing upwards alright	data/processed/pro_fakeddit/images/czfg0w9.jpg	0	1	False	0.83259516954422	0.6651902925223112	0.16740487702190876	0.83259516954422
ccvujvv	i dont really know what ive done here	data/processed/pro_fakeddit/images/ccvujvv.jpg	0	1	False	0.8325794637203217	0.6651589330285788	0.1674205306917429	0.8325794637203217
925w0x	first ever atk crashes in to loot lake during a test drive colourized	data/processed/pro_fakeddit/images/925w0x.jpg	0	1	False	0.8323672115802765	0.66473438590765	0.1676328256726265	0.8323672115802765
cbz814a	hey check this out i found the ass end	data/processed/pro_fakeddit/images/cbz814a.jpg	0	1	False	0.8319621682167053	0.6639243587851524	0.1680378094315529	0.8319621682167053
ay9ra3	my bum is on my afternoon commute	data/processed/pro_fakeddit/images/ay9ra3.jpg	0	1	False	0.8318138420581818	0.6636277101933956	0.16818613186478615	0.8318138420581818
8duuwd	alter another life for another day dont tell mama	data/processed/pro_fakeddit/images/8duuwd.jpg	0	1	False	0.8316205441951752	0.6632411330938339	0.16837941110134125	0.8316205441951752
c4b4ha6	when you see it youll shit bricks	data/processed/pro_fakeddit/images/c4b4ha6.jpg	0	1	False	0.8309852778911591	0.6619706079363823	0.16901466995477676	0.8309852778911591
80zy5s	rare photo of president truman ordering the bombing of hiroshima	data/processed/pro_fakeddit/images/80zy5s.jpg	0	1	False	0.8308625221252441	0.6617250517010689	0.16913747042417526	0.8308625221252441
9demok	i feel awkward changing in front of it	data/processed/pro_fakeddit/images/9demok.jpg	0	1	False	0.8306262791156769	0.6612525135278702	0.1693737655878067	0.8306262791156769
5wjqrj	as a former liberal democrat i just float through the day waiting until it is suddenly underrated	data/processed/pro_fakeddit/images/5wjqrj.jpg	0	1	False	0.8305100798606873	0.6610201522707939	0.16948992758989334	0.8305100798606873
28xm90	my sawhorse was really happy and excited this morning	data/processed/pro_fakeddit/images/28xm90.jpg	0	1	False	0.8300986289978027	0.660197239369154	0.16990138962864876	0.8300986289978027
9eq12n	unholy cosmos love yesterday	data/processed/pro_fakeddit/images/9eq12n.jpg	0	1	False	0.8299444317817688	0.6598888821899891	0.1700555495917797	0.8299444317817688
d7a3wfc	an old picture has been retrieved	data/processed/pro_fakeddit/images/d7a3wfc.jpg	0	1	False	0.8292670249938965	0.6585340239107609	0.1707330010831356	0.8292670249938965
1bw3lm	in the cafeteriahes seen some terrible things	data/processed/pro_fakeddit/images/1bw3lm.jpg	0	1	False	0.8287866413593292	0.6575732827186584	0.17121335864067078	0.8287866413593292
c71uoiv	making tennis even better	data/processed/pro_fakeddit/images/c71uoiv.jpg	0	1	False	0.8286110460758209	0.6572220735251904	0.17138897255063057	0.8286110460758209
cj44ep	i dont even know where else to post this sort of sentiment	data/processed/pro_fakeddit/images/cj44ep.jpg	0	1	False	0.82748943567276	0.6549788489937782	0.17251058667898178	0.82748943567276
c6wpb5i	yes im showing myself out	data/processed/pro_fakeddit/images/c6wpb5i.jpg	0	1	False	0.8271693587303162	0.6543386802077293	0.17283067852258682	0.8271693587303162
7l6x1c	i cheated on my phone a few years ago before it was meant to be present when the guilty one is punished	data/processed/pro_fakeddit/images/7l6x1c.jpg	0	1	False	0.8262397348880768	0.6524794846773148	0.17376025021076202	0.8262397348880768
cs02kgw	still working together after all these years	data/processed/pro_fakeddit/images/cs02kgw.jpg	0	1	False	0.826176106929779	0.6523521970957518	0.1738239098340273	0.826176106929779
cqa2ix	what do you guys think happened to jacob wetterling case no	data/processed/pro_fakeddit/images/cqa2ix.jpg	0	1	False	0.8260233402252197	0.6520467177033424	0.1739766225218773	0.8260233402252197
8t13i8	proctologists have the worst view	data/processed/pro_fakeddit/images/8t13i8.jpg	0	1	False	0.8255963325500488	0.6511926651000977	0.17440366744995117	0.8255963325500488
d3jig8v	a place left by civilisation	data/processed/pro_fakeddit/images/d3jig8v.jpg	0	1	False	0.8254382908344269	0.6508765704929829	0.17456172034144402	0.8254382908344269
72cs09	the balcony homecoming king	data/processed/pro_fakeddit/images/72cs09.jpg	0	1	False	0.8245182633399963	0.6490365415811539	0.17548172175884247	0.8245182633399963
blr9u7	first pov pornographer in the s	data/processed/pro_fakeddit/images/blr9u7.jpg	0	1	False	0.8244487643241882	0.6488975584506989	0.17555120587348938	0.8244487643241882
7zi9cl	must be a rough neighborhood	data/processed/pro_fakeddit/images/7zi9cl.jpg	0	1	False	0.8243055939674377	0.64861118234694	0.1756944116204977	0.8243055939674377
c2n0ih	doesnt even use a cane to get around	data/processed/pro_fakeddit/images/c2n0ih.jpg	0	1	False	0.8241732716560364	0.6483465190976858	0.17582675255835056	0.8241732716560364
cwwnu4z	a truly clever and original shop	data/processed/pro_fakeddit/images/cwwnu4z.jpg	0	1	False	0.8240696489810944	0.6481393054127693	0.17593034356832504	0.8240696489810944
cd5x6mx	looks like blanket had a friend with him under that blanket	data/processed/pro_fakeddit/images/cd5x6mx.jpg	0	1	False	0.8240360915660858	0.6480721719563007	0.17596391960978508	0.8240360915660858
cmkn4kq	highway to the dangerzone	data/processed/pro_fakeddit/images/cmkn4kq.jpg	0	1	False	0.8231806755065918	0.6463613957166672	0.17681927978992462	0.8231806755065918
cayrghv	what it should have been i suppose	data/processed/pro_fakeddit/images/cayrghv.jpg	0	1	False	0.822535365819931	0.6450707539916039	0.17746461182832718	0.822535365819931
c8ofa3e	wow im getting good at this photoshop stuff	data/processed/pro_fakeddit/images/c8ofa3e.jpg	0	1	False	0.8220914900302887	0.6441829726099968	0.1779085174202919	0.8220914900302887
bckdhz	great krusty the klown cosplay	data/processed/pro_fakeddit/images/bckdhz.jpg	0	1	False	0.8212160766124725	0.6424321681261063	0.17878390848636627	0.8212160766124725
c9bo81a	i have no plans to die today	data/processed/pro_fakeddit/images/c9bo81a.jpg	0	1	False	0.8209606409072876	0.6419212389737368	0.17903940193355083	0.8209606409072876
c5lsy3o	someone took his cake away	data/processed/pro_fakeddit/images/c5lsy3o.jpg	0	1	False	0.8204834163188934	0.6409668177366257	0.17951659858226776	0.8204834163188934
cp8m7g	dragon in my garage selftitled debut album	data/processed/pro_fakeddit/images/cp8m7g.jpg	0	1	False	0.820265918970108	0.6405318155884743	0.17973410338163376	0.820265918970108
8yszef	this camera being tired of being a camera	data/processed/pro_fakeddit/images/8yszef.jpg	0	1	False	0.820205956697464	0.640411876142025	0.179794080555439	0.820205956697464
8q1h3c	this goofy fella loves his job	data/processed/pro_fakeddit/images/8q1h3c.jpg	0	1	False	0.8201231062412262	0.6402462180703878	0.17987688817083836	0.8201231062412262
c5pjrrs	bale hey bale your shoot was hours ago go home	data/processed/pro_fakeddit/images/c5pjrrs.jpg	0	1	False	0.8198521733283997	0.6397043205797672	0.18014785274863243	0.8198521733283997
6eb5tf	minnie she my trap queen watch her hit the bando	data/processed/pro_fakeddit/images/6eb5tf.jpg	0	1	False	0.8197934627532959	0.63958690315485	0.1802065595984459	0.8197934627532959
5qlqu8	i consider myself one of the sides	data/processed/pro_fakeddit/images/5qlqu8.jpg	0	1	False	0.8192825317382812	0.6385650131851435	0.18071751855313778	0.8192825317382812
cpeaqz	olga guillot house of the blue light	data/processed/pro_fakeddit/images/cpeaqz.jpg	0	1	False	0.8192544877529144	0.6385089531540871	0.18074553459882736	0.8192544877529144
25ahrg	too bugged out to thug out	data/processed/pro_fakeddit/images/25ahrg.jpg	0	1	False	0.8187004923820496	0.6374009884893894	0.18129950389266014	0.8187004923820496
5hn8i1	whats the point of revolving doors	data/processed/pro_fakeddit/images/5hn8i1.jpg	0	1	False	0.818339467048645	0.63667893409729	0.18166053295135498	0.818339467048645
cdcf3et	get outta the way of my chitty warr shot you goddamn mogorian	data/processed/pro_fakeddit/images/cdcf3et.jpg	0	1	False	0.8182885050773621	0.6365769989788532	0.18171150609850883	0.8182885050773621
cur2q86	gaahhhh please stop yelling at me	data/processed/pro_fakeddit/images/cur2q86.jpg	0	1	False	0.8179217278957367	0.6358434371650219	0.1820782907307148	0.8179217278957367
cjlpl28	who could stay mad at that face	data/processed/pro_fakeddit/images/cjlpl28.jpg	0	1	False	0.8171477615833282	0.6342955157160759	0.18285224586725235	0.8171477615833282
avwzjq	float switch weight happy to do the job	data/processed/pro_fakeddit/images/avwzjq.jpg	0	1	False	0.8167551755905151	0.6335103772580624	0.18324479833245277	0.8167551755905151
8musu1	michael jackson rescues child granted french citizenship circa	data/processed/pro_fakeddit/images/8musu1.jpg	0	1	False	0.816526859998703	0.6330537050962448	0.1834731549024582	0.816526859998703
d3bqtvb	the reason there wasnt any room for jack	data/processed/pro_fakeddit/images/d3bqtvb.jpg	0	1	False	0.8165019452571869	0.6330039352178574	0.18349801003932953	0.8165019452571869
crh43n0	either you take care of her or i take care of her	data/processed/pro_fakeddit/images/crh43n0.jpg	0	1	False	0.8157472908496857	0.6314946338534355	0.18425265699625015	0.8157472908496857
cl0zlt7	where the wild things are	data/processed/pro_fakeddit/images/cl0zlt7.jpg	0	1	False	0.8156922161579132	0.631384439766407	0.1843077763915062	0.8156922161579132
d1s0m8e	the lord of the rings trilogy had a lot of fx	data/processed/pro_fakeddit/images/d1s0m8e.jpg	0	1	False	0.8154713213443756	0.6309425979852676	0.18452872335910797	0.8154713213443756
arqhox	my wifes arm after getting bitten by our cat	data/processed/pro_fakeddit/images/arqhox.jpg	0	1	False	0.8152775764465332	0.6305551826953888	0.1847223937511444	0.8152775764465332
2mtdre	my workplace is the happiest guy in town sometimes he barfs out a submarine	data/processed/pro_fakeddit/images/2mtdre.jpg	0	1	False	0.8151862025260925	0.6303723827004433	0.18481381982564926	0.8151862025260925
4luh8z	heavenly ecstasy the porcellain of human kind	data/processed/pro_fakeddit/images/4luh8z.jpg	0	1	False	0.8151703178882599	0.6303406246006489	0.184829693287611	0.8151703178882599
21i5ic	discarded and depressed	data/processed/pro_fakeddit/images/21i5ic.jpg	0	1	False	0.8149417340755463	0.6298835203051567	0.18505821377038956	0.8149417340755463
28r9gw	too friendly looking to consume	data/processed/pro_fakeddit/images/28r9gw.jpg	0	1	False	0.8149050176143646	0.6298100724816322	0.1850949451327324	0.8149050176143646
cyvdeit	i dont pick up any life readings	data/processed/pro_fakeddit/images/cyvdeit.jpg	0	1	False	0.8147615790367126	0.6295231245458126	0.18523845449090004	0.8147615790367126
q9lci	clockwise heh from top sad angry and unsure	data/processed/pro_fakeddit/images/q9lci.jpg	0	1	False	0.8146518468856812	0.6293036788702011	0.18534816801548004	0.8146518468856812
1juur9	naked guy missing his left hand	data/processed/pro_fakeddit/images/1juur9.jpg	0	1	False	0.8139239251613617	0.627847857773304	0.1860760673880577	0.8139239251613617
c3zeak	high school dorks unhappy accident	data/processed/pro_fakeddit/images/c3zeak.jpg	0	1	False	0.8137364983558655	0.6274729892611504	0.18626350909471512	0.8137364983558655
8i09zs	th jun at colonel snoots of the st k unit overshoots his drop zone and lands behind enemy lines	data/processed/pro_fakeddit/images/8i09zs.jpg	0	1	False	0.8135397136211395	0.6270794235169888	0.18646029010415077	0.8135397136211395
8uvk8q	last photo taken of kurt cobain	data/processed/pro_fakeddit/images/8uvk8q.jpg	0	1	False	0.8135114014148712	0.6270227953791618	0.18648860603570938	0.8135114014148712
ca9yze	corner shop caviar austerity blues	data/processed/pro_fakeddit/images/ca9yze.jpg	0	1	False	0.8134273886680603	0.6268547400832176	0.18657264858484268	0.8134273886680603
4d09e6	ecaterina oancia parenthood	data/processed/pro_fakeddit/images/4d09e6.jpg	0	1	False	0.8131031692028046	0.6262063309550285	0.18689683824777603	0.8131031692028046
ces56a8	i felt like watching the hobbit again	data/processed/pro_fakeddit/images/ces56a8.jpg	0	1	False	0.8129240870475769	0.6258481703698635	0.1870759166777134	0.8129240870475769
8egtar	fourth of listen im hearing voices	data/processed/pro_fakeddit/images/8egtar.jpg	0	1	False	0.8124421238899231	0.6248842887580395	0.18755783513188362	0.8124421238899231
cjoncr3	top of her class actually	data/processed/pro_fakeddit/images/cjoncr3.jpg	0	1	False	0.8120834827423096	0.6241670157760382	0.1879164669662714	0.8120834827423096
1fu7gd	every time i reach for him when coming up from the basement i hear him go noooo not the pulling on my dose again	data/processed/pro_fakeddit/images/1fu7gd.jpg	0	1	False	0.8120585083961487	0.6241170633584261	0.1879414450377226	0.8120585083961487
c5sbnx9	nope just obama running around like a madman	data/processed/pro_fakeddit/images/c5sbnx9.jpg	0	1	False	0.8110223710536957	0.6220447607338428	0.18897761031985283	0.8110223710536957
6v7v36	silverstrand beach were all going to die	data/processed/pro_fakeddit/images/6v7v36.jpg	0	1	False	0.8105877637863159	0.6211755499243736	0.1894122138619423	0.8105877637863159
c8hr414	ive been in a pretty dark place lately	data/processed/pro_fakeddit/images/c8hr414.jpg	0	1	False	0.8099882006645203	0.6199764534831047	0.19001174718141556	0.8099882006645203
d15m67f	if theres any doubt i do a leavebehind with the hat i go back to her place to pick it update number three	data/processed/pro_fakeddit/images/d15m67f.jpg	0	1	False	0.8099294006824493	0.6198588013648987	0.19007059931755066	0.8099294006824493
14sfo2	spanish civil war era i will leave translation to the natives	data/processed/pro_fakeddit/images/14sfo2.jpg	0	1	False	0.8097821176052094	0.6195642277598381	0.19021788984537125	0.8097821176052094
2sn6jw	esbjorn svensson an urge to change the world x	data/processed/pro_fakeddit/images/2sn6jw.jpg	0	1	False	0.8095030784606934	0.6190061345696449	0.19049694389104843	0.8095030784606934
cbutsuf	i promised gandalf i would keep you safe and safe is where ill keep you	data/processed/pro_fakeddit/images/cbutsuf.jpg	0	1	False	0.8087156116962433	0.6174311824142933	0.19128442928195	0.8087156116962433
944mpp	i have ever seen best tommy wiseau the boys	data/processed/pro_fakeddit/images/944mpp.jpg	0	1	False	0.8087049126625061	0.6174097806215286	0.19129513204097748	0.8087049126625061
c7g0niq	what i was expecting to see	data/processed/pro_fakeddit/images/c7g0niq.jpg	0	1	False	0.8078857660293579	0.6157715208828449	0.19211424514651299	0.8078857660293579
cq8vihk	the fabulous dolphin feeder	data/processed/pro_fakeddit/images/cq8vihk.jpg	0	1	False	0.8073839247226715	0.6147678196430206	0.19261610507965088	0.8073839247226715
ax7ekw	how to love the grind of the eclipse have on the sweat mechanic	data/processed/pro_fakeddit/images/ax7ekw.jpg	0	1	False	0.8066045939922333	0.613209180533886	0.19339541345834732	0.8066045939922333
c86n5pw	i like them better than the camels	data/processed/pro_fakeddit/images/c86n5pw.jpg	0	1	False	0.8064820468425751	0.6129641365259886	0.1935179103165865	0.8064820468425751
clvxfw0	why cant i hold all these shoelaces	data/processed/pro_fakeddit/images/clvxfw0.jpg	0	1	False	0.8054706752300262	0.6109413430094719	0.19452933222055435	0.8054706752300262
2fn7bw	my human left me here and wandered off	data/processed/pro_fakeddit/images/2fn7bw.jpg	0	1	False	0.8052579462528229	0.6105158440768719	0.194742102175951	0.8052579462528229
ch96p3e	no one started the battle im disappointed	data/processed/pro_fakeddit/images/ch96p3e.jpg	0	1	False	0.8045941591262817	0.6091883331537247	0.19540582597255707	0.8045941591262817
cascqtq	our love they must not know	data/processed/pro_fakeddit/images/cascqtq.jpg	0	1	False	0.8045311570167542	0.6090623252093792	0.19546883180737495	0.8045311570167542
1wosm2	the inside of a breaking wave	data/processed/pro_fakeddit/images/1wosm2.jpg	0	1	False	0.8043184280395508	0.6086368560791016	0.19568157196044922	0.8043184280395508
cmvegcz	tis the season they said itll be fun they said	data/processed/pro_fakeddit/images/cmvegcz.jpg	0	1	False	0.8039519190788269	0.6079038120806217	0.19604810699820518	0.8039519190788269
cd80q4n	amazing who you see when going for a walk in the hills	data/processed/pro_fakeddit/images/cd80q4n.jpg	0	1	False	0.8037681877613068	0.6075364062562585	0.19623178150504827	0.8037681877613068
1zz6jw	hurray for peron primary school book	data/processed/pro_fakeddit/images/1zz6jw.jpg	0	1	False	0.8033232092857361	0.6066463738679886	0.1966768354177475	0.8033232092857361
32e5s9	unenthused tree couldnt care less	data/processed/pro_fakeddit/images/32e5s9.jpg	0	1	False	0.8028495609760284	0.6056991219520569	0.19715043902397156	0.8028495609760284
at42ti	unseen footage of erwin rommel a few days before the first battle of elalamein	data/processed/pro_fakeddit/images/at42ti.jpg	0	1	False	0.802790641784668	0.6055812910199165	0.19720935076475143	0.802790641784668
bl6u32	julius ceasar asking brutus what he has in his hand th bc	data/processed/pro_fakeddit/images/bl6u32.jpg	0	1	False	0.8026947677135468	0.6053895205259323	0.19730524718761444	0.8026947677135468
7ytt37	british pilot smiles before going off on his final flight	data/processed/pro_fakeddit/images/7ytt37.jpg	0	1	False	0.8025848865509033	0.6051697805523872	0.19741510599851608	0.8025848865509033
dchfeco	beware that which lurks in the dark	data/processed/pro_fakeddit/images/dchfeco.jpg	0	1	False	0.8022886216640472	0.604577261954546	0.19771135970950127	0.8022886216640472
bzux5b	the way this cone is cut looks like its going through the ground	data/processed/pro_fakeddit/images/bzux5b.jpg	0	1	False	0.801663339138031	0.6033267229795456	0.1983366161584854	0.801663339138031
cmnc781	she touches herself everyday	data/processed/pro_fakeddit/images/cmnc781.jpg	0	1	False	0.801230251789093	0.6024604868143797	0.19876976497471333	0.801230251789093
emtorz6	sumba u have forgetten mee	data/processed/pro_fakeddit/images/emtorz6.jpg	0	1	False	0.801159143447876	0.6023182943463326	0.19884084910154343	0.801159143447876
8khc6z	larry martin what is pain	data/processed/pro_fakeddit/images/8khc6z.jpg	0	1	False	0.8010245263576508	0.6020490601658821	0.19897546619176865	0.8010245263576508
c2y4n9	you can do the can can dance easy now as un deux trois everybody ooh la la do the can can	data/processed/pro_fakeddit/images/c2y4n9.jpg	0	1	False	0.8006651401519775	0.6013302691280842	0.19933487102389336	0.8006651401519775
b0t1vl	commodore perry arriving in japan	data/processed/pro_fakeddit/images/b0t1vl.jpg	0	1	False	0.8006234765052795	0.6012469753623009	0.19937650114297867	0.8006234765052795
9hbfz9	the president changing the legal drinking age to	data/processed/pro_fakeddit/images/9hbfz9.jpg	0	1	False	0.799409806728363	0.5988196656107903	0.20059014111757278	0.799409806728363
cs1lwcv	ill wipe that smirk off your face	data/processed/pro_fakeddit/images/cs1lwcv.jpg	0	1	False	0.7993793189525604	0.5987586118280888	0.20062070712447166	0.7993793189525604
56sgee	sky island one of my whims	data/processed/pro_fakeddit/images/56sgee.jpg	0	1	False	0.7990458011627197	0.598091583698988	0.20095421746373177	0.7990458011627197
88bcnh	theresa and the british parliament executing brexit circa	data/processed/pro_fakeddit/images/88bcnh.jpg	0	1	False	0.7979606688022614	0.5959213450551033	0.20203932374715805	0.7979606688022614
6z7s9f	death the kid summer days ep	data/processed/pro_fakeddit/images/6z7s9f.jpg	0	1	False	0.797868013381958	0.5957360565662384	0.2021319568157196	0.797868013381958
c6qvn80	just a few hours before ya	data/processed/pro_fakeddit/images/c6qvn80.jpg	0	1	False	0.7978508472442627	0.5957017093896866	0.2021491378545761	0.7978508472442627
dx22a6l	how is that even possible	data/processed/pro_fakeddit/images/dx22a6l.jpg	0	1	False	0.7975848019123077	0.5951696205884218	0.20241518132388592	0.7975848019123077
61k1z0	a defining moment in musical history	data/processed/pro_fakeddit/images/61k1z0.jpg	0	1	False	0.797353059053421	0.5947061013430357	0.20264695771038532	0.797353059053421
97ejql	slightly concerned pavement	data/processed/pro_fakeddit/images/97ejql.jpg	0	1	False	0.7967774271965027	0.5935548357665539	0.2032225914299488	0.7967774271965027
c3kn1k	humanities last straight survivor is infected with gay	data/processed/pro_fakeddit/images/c3kn1k.jpg	0	1	False	0.7960450351238251	0.5920900329947472	0.2039550021290779	0.7960450351238251
bqbcqn	hes keenly interested in everyone he sees	data/processed/pro_fakeddit/images/bqbcqn.jpg	0	1	False	0.7953470349311829	0.5906940940767527	0.2046529408544302	0.7953470349311829
6tyj89	this dude and i surprised each other the other day when i reached in the cooler at work	data/processed/pro_fakeddit/images/6tyj89.jpg	0	1	False	0.7947476506233215	0.5894952975213528	0.20525235310196877	0.7947476506233215
7fwus7	man found minutes after hanging himself	data/processed/pro_fakeddit/images/7fwus7.jpg	0	1	False	0.7943364679813385	0.5886729583144188	0.2056635096669197	0.7943364679813385
67qwvt	the garbage is delighted to see me	data/processed/pro_fakeddit/images/67qwvt.jpg	0	1	False	0.7939459383487701	0.5878919139504433	0.20605402439832687	0.7939459383487701
cywpksg	the online community mourns	data/processed/pro_fakeddit/images/cywpksg.jpg	0	1	False	0.7934499680995941	0.5868999287486076	0.20655003935098648	0.7934499680995941
73wq77	the atomic bomb little boy just above the town of hiroshima	data/processed/pro_fakeddit/images/73wq77.jpg	0	1	False	0.7931024134159088	0.5862048342823982	0.2068975791335106	0.7931024134159088
cgy2ybx	aone atwo a skiddlydiddlydo	data/processed/pro_fakeddit/images/cgy2ybx.jpg	0	1	False	0.7930070459842682	0.5860140472650528	0.2069929987192154	0.7930070459842682
divnav	adolf hitler discovers that steiners offensive did not even start berlin	data/processed/pro_fakeddit/images/divnav.jpg	0	1	False	0.7922014892101288	0.5844029858708382	0.20779850333929062	0.7922014892101288
cbas4qz	another quiet day at home	data/processed/pro_fakeddit/images/cbas4qz.jpg	0	1	False	0.7920279502868652	0.5840558661147952	0.20797208417207003	0.7920279502868652
7nty7n	im a baby boomer im banning rick morty enthusiasts that he needs the be on the man who oversaw the distribution of iqs	data/processed/pro_fakeddit/images/7nty7n.jpg	0	1	False	0.7918672561645508	0.5837345235049725	0.20813273265957832	0.7918672561645508
6vfz6l	somewhere over the valley this is our stop	data/processed/pro_fakeddit/images/6vfz6l.jpg	0	1	False	0.7918275892734528	0.5836551450192928	0.20817244425415993	0.7918275892734528
3ivb0r	on the floor in the corner of the white room	data/processed/pro_fakeddit/images/3ivb0r.jpg	0	1	False	0.7911738455295563	0.5823477134108543	0.20882613211870193	0.7911738455295563
co16w5f	now i wanna buy a dress like that	data/processed/pro_fakeddit/images/co16w5f.jpg	0	1	False	0.7910396456718445	0.5820792969316244	0.20896034874022007	0.7910396456718445
ch0kd7	millenial mystics the world burns request	data/processed/pro_fakeddit/images/ch0kd7.jpg	0	1	False	0.7907143235206604	0.5814286470413208	0.2092856764793396	0.7907143235206604
7ezont	this truck looks like an angry gooseduck	data/processed/pro_fakeddit/images/7ezont.jpg	0	1	False	0.7905760109424591	0.5811520144343376	0.2094239965081215	0.7905760109424591
8zg6y9	this snake is all wrapped up	data/processed/pro_fakeddit/images/8zg6y9.jpg	0	1	False	0.7901264131069183	0.5802528187632561	0.20987359434366226	0.7901264131069183
c5mwdkv	woah thats like a really good point	data/processed/pro_fakeddit/images/c5mwdkv.jpg	0	1	False	0.7892063856124878	0.5784127861261368	0.210793599486351	0.7892063856124878
dlsdrsu	we never left the shoneys	data/processed/pro_fakeddit/images/dlsdrsu.jpg	0	1	False	0.7891227304935455	0.5782454684376717	0.21087726205587387	0.7891227304935455
c6r3ba	rick mensa mendez i cant bring my penguin anywhere because hes too fat for carryon	data/processed/pro_fakeddit/images/c6r3ba.jpg	0	1	False	0.7891075313091278	0.5782150328159332	0.21089249849319458	0.7891075313091278
caj7c3	preventing labor discrimination in world war s	data/processed/pro_fakeddit/images/caj7c3.jpg	0	1	False	0.7887637615203857	0.5775274857878685	0.21123627573251724	0.7887637615203857
bu6t5o	ive been working with an elephant this whole time	data/processed/pro_fakeddit/images/bu6t5o.jpg	0	1	False	0.7883676886558533	0.5767354015260935	0.2116322871297598	0.7883676886558533
c7zpw06	they say curiosity killed the cat and it did	data/processed/pro_fakeddit/images/c7zpw06.jpg	0	1	False	0.7877629399299622	0.5755258984863758	0.21223704144358635	0.7877629399299622
c4ekdz	look at yourselves in this mirror the true intervention women from recife take on guns to protect their homes from the cangaco	data/processed/pro_fakeddit/images/c4ekdz.jpg	0	1	False	0.7875131368637085	0.5750262811779976	0.2124868556857109	0.7875131368637085
dgx0ckd	proudly sponsored by rangers fc	data/processed/pro_fakeddit/images/dgx0ckd.jpg	0	1	False	0.7870586216449738	0.5741172805428505	0.21294134110212326	0.7870586216449738
6l8ivu	lifes a beach by jesus christie	data/processed/pro_fakeddit/images/6l8ivu.jpg	0	1	False	0.786733090877533	0.5734661743044853	0.21326691657304764	0.786733090877533
dpl00dr	turned his life upside down	data/processed/pro_fakeddit/images/dpl00dr.jpg	0	1	False	0.7866847217082977	0.5733694322407246	0.21331528946757317	0.7866847217082977
5r5ggc	this new air selfie thing is quadrupleshocked	data/processed/pro_fakeddit/images/5r5ggc.jpg	0	1	False	0.7866626381874084	0.5733252838253975	0.21333735436201096	0.7866626381874084
902jj5	this guy behind courtney barnett is loving it	data/processed/pro_fakeddit/images/902jj5.jpg	0	1	False	0.7861965596675873	0.5723931044340134	0.2138034552335739	0.7861965596675873
cq85ah6	dont even mention it bruh bruh	data/processed/pro_fakeddit/images/cq85ah6.jpg	0	1	False	0.7860694229602814	0.5721387788653374	0.213930644094944	0.7860694229602814
33x6n2	ive been saving up some good ones for my cake day mostly from my mediocre job where i set up dentures	data/processed/pro_fakeddit/images/33x6n2.jpg	0	1	False	0.7860433757305145	0.5720867589116096	0.21395661681890488	0.7860433757305145
2tcwef	lorenzo de medici schoolwhat i know	data/processed/pro_fakeddit/images/2tcwef.jpg	0	1	False	0.7859531939029694	0.5719063803553581	0.21404681354761124	0.7859531939029694
6fc4h2	just zeros high school riot	data/processed/pro_fakeddit/images/6fc4h2.jpg	0	1	False	0.7859366536140442	0.5718732662498951	0.2140633873641491	0.7859366536140442
53ve7m	rules dont allow her teammates to help a calf who collapsed in the shower	data/processed/pro_fakeddit/images/53ve7m.jpg	0	1	False	0.7858686745166779	0.5717373564839363	0.21413131803274155	0.7858686745166779
cbq9dhg	looks like there is player too much	data/processed/pro_fakeddit/images/cbq9dhg.jpg	0	1	False	0.7852262556552887	0.5704524852335453	0.2147737704217434	0.7852262556552887
cwiyjoj	ford showing his true form	data/processed/pro_fakeddit/images/cwiyjoj.jpg	0	1	False	0.7851768732070923	0.5703537724912167	0.21482310071587563	0.7851768732070923
cdw4g43	his dream was to become a professional ballet dancer and today it came true	data/processed/pro_fakeddit/images/cdw4g43.jpg	0	1	False	0.7848094701766968	0.569618932902813	0.21519053727388382	0.7848094701766968
64ajuk	rare nonredacted photograph of charles k after receiving word from the hostage negotiator that his ultimatum would be accepted	data/processed/pro_fakeddit/images/64ajuk.jpg	0	1	False	0.7845391929149628	0.5690784007310867	0.21546079218387604	0.7845391929149628
ck2hcc	vodka a dangerous love beware ussr	data/processed/pro_fakeddit/images/ck2hcc.jpg	0	1	False	0.7837091088294983	0.567418247461319	0.21629086136817932	0.7837091088294983
arbhjr	the egyptian building the pyramids bce	data/processed/pro_fakeddit/images/arbhjr.jpg	0	1	False	0.7835730314254761	0.5671460255980492	0.2164270058274269	0.7835730314254761
6hut9e	while it is seen below with canada poking up over the black sand beaches heres some black sand beach lies on the river einion ceredigion wales oc x	data/processed/pro_fakeddit/images/6hut9e.jpg	0	1	False	0.7833342552185059	0.5666684731841087	0.21666578203439713	0.7833342552185059
c7oq4rs	roll up one more big d o double g	data/processed/pro_fakeddit/images/c7oq4rs.jpg	0	1	False	0.7833335399627686	0.5666670799255371	0.21666646003723145	0.7833335399627686
caaukt1	imaaaaginaaaaationnnnnnnnn imaaaginaaaaaationnn	data/processed/pro_fakeddit/images/caaukt1.jpg	0	1	False	0.782813310623169	0.5656266286969185	0.21718668192625046	0.782813310623169
8xp1ss	watching all girls garage when suddenly	data/processed/pro_fakeddit/images/8xp1ss.jpg	0	1	False	0.782333105802536	0.5646662227809429	0.2176668830215931	0.782333105802536
c49mbj9	the force is strong with this one	data/processed/pro_fakeddit/images/c49mbj9.jpg	0	1	False	0.7821759581565857	0.5643519349396229	0.21782402321696281	0.7821759581565857
crx48al	in which our hubris provides the path to ascension	data/processed/pro_fakeddit/images/crx48al.jpg	0	1	False	0.7817603349685669	0.5635206513106823	0.2182396836578846	0.7817603349685669
cts54rg	my references are out of control everyone knows that	data/processed/pro_fakeddit/images/cts54rg.jpg	0	1	False	0.7815632522106171	0.5631265006959438	0.21843675151467323	0.7815632522106171
ewr14oo	hang on friend ill save you	data/processed/pro_fakeddit/images/ewr14oo.jpg	0	1	False	0.7813572585582733	0.5627145133912563	0.21864274516701698	0.7813572585582733
c5db8ss	because it just looks silly	data/processed/pro_fakeddit/images/c5db8ss.jpg	0	1	False	0.7808507680892944	0.5617015399038792	0.21914922818541527	0.7808507680892944
3fx6rj	oh god i cant do this again	data/processed/pro_fakeddit/images/3fx6rj.jpg	0	1	False	0.7807132005691528	0.5614263564348221	0.21928684413433075	0.7807132005691528
cslo60	deleted when the universe hits you	data/processed/pro_fakeddit/images/cslo60.jpg	0	1	False	0.7807031571865082	0.5614062957465649	0.2192968614399433	0.7807031571865082
cjv9xpd	anything that gets hit by it	data/processed/pro_fakeddit/images/cjv9xpd.jpg	0	1	False	0.7803866267204285	0.5607732608914375	0.21961336582899094	0.7803866267204285
clo6v43	she hath cometh to slay the beast	data/processed/pro_fakeddit/images/clo6v43.jpg	0	1	False	0.7802732884883881	0.5605465583503246	0.21972673013806343	0.7802732884883881
49h3vi	til of the poppy in george r r tolkien described his first big break in the netherlands injured nearly people and injuring more	data/processed/pro_fakeddit/images/49h3vi.jpg	0	1	False	0.7802011072635651	0.5604022219777107	0.21979888528585434	0.7802011072635651
cfzeck6	catching the first pitch	data/processed/pro_fakeddit/images/cfzeck6.jpg	0	1	False	0.7801777124404907	0.5603553913533688	0.21982232108712196	0.7801777124404907
7x2vx2	study finds cats only meow when they want to alert owner of neighbors murder they witnessed through window	data/processed/pro_fakeddit/images/7x2vx2.jpg	0	1	False	0.780125081539154	0.5602501854300499	0.21987489610910416	0.780125081539154
5hwqp9	evel knievels most daring jump	data/processed/pro_fakeddit/images/5hwqp9.jpg	0	1	False	0.7789269685745239	0.5578539744019508	0.2210729941725731	0.7789269685745239
78xol9	its simply bursting with creative wonder says reviewer of new game where mario sometimes dresses as chef	data/processed/pro_fakeddit/images/78xol9.jpg	0	1	False	0.7783894836902618	0.5567789822816849	0.22161050140857697	0.7783894836902618
8il5wb	fcc fines robocall spammer million for illegal spoofing	data/processed/pro_fakeddit/images/8il5wb.jpg	1	0	False	0.7780989706516266	0.5561979338526726	0.7780989706516266	0.221901036798954
2uleeb	australian figure skating championships shadowy lie x	data/processed/pro_fakeddit/images/2uleeb.jpg	0	1	False	0.7775716185569763	0.5551432594656944	0.2224283590912819	0.7775716185569763
cmhqtne	the right background was way too hard to find for some reason	data/processed/pro_fakeddit/images/cmhqtne.jpg	0	1	False	0.7768378555774689	0.5536756776273251	0.22316217795014381	0.7768378555774689
8rrfjs	rare footage of a million patriot interceptor used to shoot down a drone	data/processed/pro_fakeddit/images/8rrfjs.jpg	0	1	False	0.7763201892375946	0.552640363574028	0.2236798256635666	0.7763201892375946
c8fku4k	just playing a song for the crowd	data/processed/pro_fakeddit/images/c8fku4k.jpg	0	1	False	0.7756478190422058	0.5512956129387021	0.2243522061035037	0.7756478190422058
cp3fdbi	lock sfoils into attack position and begin your run good luck gentleman	data/processed/pro_fakeddit/images/cp3fdbi.jpg	0	1	False	0.7752668261528015	0.5505336504429579	0.22473317570984364	0.7752668261528015
6t1xiy	life the doctors told her that her husband would never walk again then the conversation lightened up a bit and they told her about a great new bagel place	data/processed/pro_fakeddit/images/6t1xiy.jpg	0	1	False	0.7744845151901245	0.5489690005779266	0.22551551461219788	0.7744845151901245
c8on39n	i felt he deserves it more than the ice does	data/processed/pro_fakeddit/images/c8on39n.jpg	0	1	False	0.7742813229560852	0.548562640324235	0.22571868263185024	0.7742813229560852
b69mw5	rare footage of a jewish man crying for mercy right before his execution by the german ss officer otto dietrich	data/processed/pro_fakeddit/images/b69mw5.jpg	0	1	False	0.7737902998924255	0.5475806444883347	0.22620965540409088	0.7737902998924255
cjty96n	this is what the monkey thinks about this battle	data/processed/pro_fakeddit/images/cjty96n.jpg	0	1	False	0.7735055685043335	0.5470111407339573	0.2264944277703762	0.7735055685043335
3if33g	freshly shucked malpeque bay oysters	data/processed/pro_fakeddit/images/3if33g.jpg	0	1	False	0.7729289531707764	0.5458578988909721	0.22707105427980423	0.7729289531707764
5fszlk	police set up night cameras to find a mountain lion and discovered something truly bizarre	data/processed/pro_fakeddit/images/5fszlk.jpg	0	1	False	0.7726746797561646	0.5453493595123291	0.22732532024383545	0.7726746797561646
c6nrlnd	does no one remember what happened to baxter	data/processed/pro_fakeddit/images/c6nrlnd.jpg	0	1	False	0.7726622819900513	0.5453245863318443	0.22733769565820694	0.7726622819900513
cofcfcm	and on that day america was born	data/processed/pro_fakeddit/images/cofcfcm.jpg	0	1	False	0.7725088000297546	0.5450175907462835	0.2274912092834711	0.7725088000297546
5c3x09	vessel for male sexual gratification very sad today	data/processed/pro_fakeddit/images/5c3x09.jpg	0	1	False	0.7721242606639862	0.5442485325038433	0.2278757281601429	0.7721242606639862
4cyrg3	prostitutes no thanks were from chan modern meme against prostitution happy fools day	data/processed/pro_fakeddit/images/4cyrg3.jpg	0	1	False	0.7720625400543213	0.5441251024603844	0.22793743759393692	0.7720625400543213
cartreb	only one among us keeps his spartan reserve only he only our king	data/processed/pro_fakeddit/images/cartreb.jpg	0	1	False	0.7719301879405975	0.543860387057066	0.22806980088353157	0.7719301879405975
cl3ykzw	i call this look brown steel	data/processed/pro_fakeddit/images/cl3ykzw.jpg	0	1	False	0.7718096077442169	0.5436192266643047	0.22819038107991219	0.7718096077442169
8ocve8	how much do you like about this girl tomorrow and im gonna be a sign	data/processed/pro_fakeddit/images/8ocve8.jpg	0	1	False	0.771434485912323	0.5428689736872911	0.22856551222503185	0.771434485912323
d0rv6i	us general contemplating dropping the second nuclear bomb in japan	data/processed/pro_fakeddit/images/d0rv6i.jpg	0	1	False	0.7708190679550171	0.5416381061077118	0.2291809618473053	0.7708190679550171
16cz2a	saw him at the bottom of my final cup of eggnog for the year i know the feeling bro	data/processed/pro_fakeddit/images/16cz2a.jpg	0	1	False	0.7702502310276031	0.5405004657804966	0.22974976524710655	0.7702502310276031
c56m2lu	its hard to bluff when youre playing against yourself	data/processed/pro_fakeddit/images/c56m2lu.jpg	0	1	False	0.7701097428798676	0.5402195043861866	0.22989023849368095	0.7701097428798676
6ultpf	camera bag looks eager to go on an adventure	data/processed/pro_fakeddit/images/6ultpf.jpg	0	1	False	0.7698902189731598	0.5397804565727711	0.23010976240038872	0.7698902189731598
cd2diyo	shut down the garbage compactors on the detention level	data/processed/pro_fakeddit/images/cd2diyo.jpg	0	1	False	0.7694787085056305	0.538957379758358	0.2305213287472725	0.7694787085056305
chh25u1	so long and thanks for the kitties	data/processed/pro_fakeddit/images/chh25u1.jpg	0	1	False	0.7691348791122437	0.5382697582244873	0.23086512088775635	0.7691348791122437
51u4bm	different colors chance and change	data/processed/pro_fakeddit/images/51u4bm.jpg	0	1	False	0.7690787315368652	0.5381574556231499	0.23092127591371536	0.7690787315368652
91z58w	actual photo of albert einstein lecturing on the theory of relativity	data/processed/pro_fakeddit/images/91z58w.jpg	0	1	False	0.7689064741134644	0.5378129035234451	0.23109357059001923	0.7689064741134644
cmd44av	guess who is going to have a float at pride this year	data/processed/pro_fakeddit/images/cmd44av.jpg	0	1	False	0.7688697874546051	0.537739597260952	0.2311301901936531	0.7688697874546051
c6lgof3	always on hand just in case	data/processed/pro_fakeddit/images/c6lgof3.jpg	0	1	False	0.7687280476093292	0.5374561231583357	0.23127192445099354	0.7687280476093292
c8nws8k	you scared thehmout of me	data/processed/pro_fakeddit/images/c8nws8k.jpg	0	1	False	0.7685975730419159	0.53719512373209	0.2314024493098259	0.7685975730419159
7kpe6m	henry ford constructs the first ford model t	data/processed/pro_fakeddit/images/7kpe6m.jpg	0	1	False	0.768342912197113	0.5366858318448067	0.23165708035230637	0.768342912197113
c870ztg	i wish it would just play dead for me	data/processed/pro_fakeddit/images/c870ztg.jpg	0	1	False	0.7675825655460358	0.5351651106029749	0.23241745494306087	0.7675825655460358
eufto5a	in the reflection of the mirror	data/processed/pro_fakeddit/images/eufto5a.jpg	0	1	False	0.7672573328018188	0.5345147028565407	0.23274262994527817	0.7672573328018188
d5jv7n	unite the right rally is held	data/processed/pro_fakeddit/images/d5jv7n.jpg	0	1	False	0.7672121524810791	0.5344243124127388	0.2327878400683403	0.7672121524810791
93omyp	pablo escobar eightyeight keys	data/processed/pro_fakeddit/images/93omyp.jpg	0	1	False	0.7670242488384247	0.5340485125780106	0.23297573626041412	0.7670242488384247
cyoqzdh	something something oscar pistorius	data/processed/pro_fakeddit/images/cyoqzdh.jpg	0	1	False	0.7665646076202393	0.5331291779875755	0.23343542963266373	0.7665646076202393
c8iz044	who let wario get the smash ball	data/processed/pro_fakeddit/images/c8iz044.jpg	0	1	False	0.7643089890480042	0.5286180078983307	0.23569098114967346	0.7643089890480042
crewcqr	capture me like one of your orlesian qunari	data/processed/pro_fakeddit/images/crewcqr.jpg	0	1	False	0.7637797594070435	0.5275594890117645	0.23622027039527893	0.7637797594070435
1kn9ah	my friend found a sad pickle	data/processed/pro_fakeddit/images/1kn9ah.jpg	0	1	False	0.7636537551879883	0.5273075178265572	0.23634623736143112	0.7636537551879883
896ml6	welfare state to be renamed what a state	data/processed/pro_fakeddit/images/896ml6.jpg	0	1	False	0.7625381946563721	0.5250763818621635	0.23746181279420853	0.7625381946563721
3pdird	caramel swirl vanilla ice cream	data/processed/pro_fakeddit/images/3pdird.jpg	0	1	False	0.7624101638793945	0.5248203352093697	0.23758982867002487	0.7624101638793945
4h620v	cathedral hears whats gone down inside	data/processed/pro_fakeddit/images/4h620v.jpg	0	1	False	0.762387603521347	0.5247752144932747	0.23761238902807236	0.762387603521347
ccjev19	i have no idea what im doing	data/processed/pro_fakeddit/images/ccjev19.jpg	0	1	False	0.7618819177150726	0.5237638652324677	0.23811805248260498	0.7618819177150726
c5pje2w	the beach is probably not the best place for these	data/processed/pro_fakeddit/images/c5pje2w.jpg	0	1	False	0.7614698708057404	0.5229397639632225	0.23853010684251785	0.7614698708057404
1rs5ss	i had an overlyexcited jalapeno on my pizza today	data/processed/pro_fakeddit/images/1rs5ss.jpg	0	1	False	0.7613951861858368	0.522790364921093	0.2386048212647438	0.7613951861858368
4ppqd3	are you still think you have any grandkids	data/processed/pro_fakeddit/images/4ppqd3.jpg	0	1	False	0.7612091302871704	0.522418275475502	0.2387908548116684	0.7612091302871704
cydwdpu	more dangerous than an xwing	data/processed/pro_fakeddit/images/cydwdpu.jpg	0	1	False	0.7608926594257355	0.5217853263020515	0.23910733312368393	0.7608926594257355
cldkl8h	i should very much liketo hold them again	data/processed/pro_fakeddit/images/cldkl8h.jpg	0	1	False	0.7601346373558044	0.5202692896127701	0.23986534774303436	0.7601346373558044
cy8ao4	caesar and cleopatra agree to reclaim her throne circa bc	data/processed/pro_fakeddit/images/cy8ao4.jpg	0	1	False	0.7600360810756683	0.5200721770524979	0.23996390402317047	0.7600360810756683
bqb33c	president kennedy moments before attempting to sneeze with his eyes open nd	data/processed/pro_fakeddit/images/bqb33c.jpg	0	1	False	0.7596742510795593	0.5193485543131828	0.2403256967663765	0.7596742510795593
1tszn0	sleepy scooter speakers	data/processed/pro_fakeddit/images/1tszn0.jpg	0	1	False	0.7595832943916321	0.5191665813326836	0.24041671305894852	0.7595832943916321
5q0lzv	i didnt realize until now that my water bottle is a transformer	data/processed/pro_fakeddit/images/5q0lzv.jpg	0	1	False	0.7592229545116425	0.5184458792209625	0.24077707529067993	0.7592229545116425
d9losd	looks like a thoothy monster but its actually a smiling purple taxi	data/processed/pro_fakeddit/images/d9losd.jpg	0	1	False	0.7588319480419159	0.5176638886332512	0.2411680594086647	0.7588319480419159
8b71mj	assassins creed ii this is all i want to kill dot net	data/processed/pro_fakeddit/images/8b71mj.jpg	0	1	False	0.7585468590259552	0.5170937329530716	0.2414531260728836	0.7585468590259552
6ro11r	a bunch of delicious donuts	data/processed/pro_fakeddit/images/6ro11r.jpg	0	1	False	0.7580024003982544	0.5160047858953476	0.2419976145029068	0.7580024003982544
dpmuhrc	chrimbus time is almost here	data/processed/pro_fakeddit/images/dpmuhrc.jpg	0	1	False	0.7579748630523682	0.515949722379446	0.24202514067292213	0.7579748630523682
cffi8p	a picture from the broadway premiere of cats	data/processed/pro_fakeddit/images/cffi8p.jpg	0	1	False	0.7577598094940186	0.5155196487903595	0.24224016070365906	0.7577598094940186
1itsse	the playground equipment is making me uncomfortable	data/processed/pro_fakeddit/images/1itsse.jpg	0	1	False	0.7575162649154663	0.5150325149297714	0.24248374998569489	0.7575162649154663
cva78z9	the most interesting gecko in the world	data/processed/pro_fakeddit/images/cva78z9.jpg	0	1	False	0.7571035325527191	0.5142070464789867	0.24289648607373238	0.7571035325527191
69fjf0	when you realize everyone is going to make the most of the democrat party is that a girl in a microwave	data/processed/pro_fakeddit/images/69fjf0.jpg	0	1	False	0.7570323050022125	0.5140645653009415	0.24296773970127106	0.7570323050022125
dv4vywb	everything the light touches will one day be yours	data/processed/pro_fakeddit/images/dv4vywb.jpg	0	1	False	0.7570211887359619	0.514042392373085	0.2429787963628769	0.7570211887359619
d28m3z	im not scared youre scared	data/processed/pro_fakeddit/images/d28m3z.jpg	0	1	False	0.7565717399120331	0.5131434723734856	0.24342826753854752	0.7565717399120331
cmo5dnd	that one weird guy at the gym	data/processed/pro_fakeddit/images/cmo5dnd.jpg	0	1	False	0.7559754550457001	0.511950895190239	0.24402455985546112	0.7559754550457001
1cvawd	birds beak looks like another birds face	data/processed/pro_fakeddit/images/1cvawd.jpg	0	1	False	0.7558051347732544	0.5116102620959282	0.2441948726773262	0.7558051347732544
3nggvv	this vx module but apparently i cant tell if the writers for the unimorph disk scanner	data/processed/pro_fakeddit/images/3nggvv.jpg	0	1	False	0.7557165622711182	0.5114331319928169	0.24428343027830124	0.7557165622711182
5p4eaw	grandma thinks newborns gender is the surprise only to find daughter lied during pregnancy	data/processed/pro_fakeddit/images/5p4eaw.jpg	0	1	False	0.7556722164154053	0.5113444328308105	0.24432778358459473	0.7556722164154053
9grnxw	rosa parks refusing to give up her seat on the bus	data/processed/pro_fakeddit/images/9grnxw.jpg	0	1	False	0.7556042373180389	0.5112084522843361	0.24439578503370285	0.7556042373180389
1hr7n2	trumans soldiers by veniamin briskin korean war painting	data/processed/pro_fakeddit/images/1hr7n2.jpg	0	1	False	0.7555226385593414	0.511045292019844	0.24447734653949738	0.7555226385593414
cfwtgda	mary how do you control this fucking thing	data/processed/pro_fakeddit/images/cfwtgda.jpg	0	1	False	0.7554921507835388	0.5109842903912067	0.24450786039233208	0.7554921507835388
c9w82t9	north korean camouflage	data/processed/pro_fakeddit/images/c9w82t9.jpg	0	1	False	0.7549538612365723	0.5099077224731445	0.24504613876342773	0.7549538612365723
atkaru	morning valley lost in words	data/processed/pro_fakeddit/images/atkaru.jpg	0	1	False	0.7546781897544861	0.5093563459813595	0.2453218437731266	0.7546781897544861
coyldt7	heres a link for res users	data/processed/pro_fakeddit/images/coyldt7.jpg	0	1	False	0.7544656097888947	0.5089312270283699	0.24553438276052475	0.7544656097888947
c5tns73	the musical of the fellowship of the baseball player and bigfoot	data/processed/pro_fakeddit/images/c5tns73.jpg	0	1	False	0.7542745471000671	0.5085491165518761	0.24572543054819107	0.7542745471000671
ax9lqn	shrek takes down hitler at the battle of the swamp circa	data/processed/pro_fakeddit/images/ax9lqn.jpg	0	1	False	0.7541877925395966	0.5083756074309349	0.24581218510866165	0.7541877925395966
7csl9q	hey im stuck in this box are you gonna help me out or what	data/processed/pro_fakeddit/images/7csl9q.jpg	0	1	False	0.7540382444858551	0.5080764852464199	0.2459617592394352	0.7540382444858551
926yx3	amazing how davinci captured that subtle smile circa	data/processed/pro_fakeddit/images/926yx3.jpg	0	1	False	0.7539739310741425	0.5079479087144136	0.2460260223597288	0.7539739310741425
cln3bg1	didnt have the time to finish this hope you like the concept	data/processed/pro_fakeddit/images/cln3bg1.jpg	0	1	False	0.7534879744052887	0.5069759041070938	0.24651207029819489	0.7534879744052887
7uvs8q	this speedminton speeder	data/processed/pro_fakeddit/images/7uvs8q.jpg	0	1	False	0.7531497180461884	0.5062994211912155	0.24685029685497284	0.7531497180461884
4k5id9	to see the similarities between the federal reserve into existence	data/processed/pro_fakeddit/images/4k5id9.jpg	0	1	False	0.7528822422027588	0.5057644918560982	0.24711775034666061	0.7528822422027588
6bwue9	omg this wire tastes good	data/processed/pro_fakeddit/images/6bwue9.jpg	0	1	False	0.752459853887558	0.5049197375774384	0.24754011631011963	0.752459853887558
disf1ze	this cofveve is great its the best	data/processed/pro_fakeddit/images/disf1ze.jpg	0	1	False	0.752439945936203	0.5048799235373735	0.24756002239882946	0.752439945936203
7vi7mq	portal to a different dimension	data/processed/pro_fakeddit/images/7vi7mq.jpg	0	1	False	0.7520745992660522	0.5041492134332657	0.24792538583278656	0.7520745992660522
b5w9is	atom bomb red self titled	data/processed/pro_fakeddit/images/b5w9is.jpg	0	1	False	0.7517039775848389	0.5034079775214195	0.24829600006341934	0.7517039775848389
5guxyv	check out these creative ways to give money as a gift	data/processed/pro_fakeddit/images/5guxyv.jpg	0	1	False	0.7516180872917175	0.5032361820340157	0.24838190525770187	0.7516180872917175
do6cv2s	mint in the boxbasically	data/processed/pro_fakeddit/images/do6cv2s.jpg	0	1	False	0.7508628070354462	0.5017256364226341	0.24913717061281204	0.7508628070354462
8dhqmm	report puerto rico situation remains dire despite months of no help whatsoever	data/processed/pro_fakeddit/images/8dhqmm.jpg	0	1	False	0.7506206929683685	0.5012414380908012	0.2493792548775673	0.7506206929683685
c7nrbvy	i ran out of ideas halfway through	data/processed/pro_fakeddit/images/c7nrbvy.jpg	0	1	False	0.7501696944236755	0.5003394223749638	0.24983027204871178	0.7501696944236755
36923q	faedrelandssangen song of the fatherland in honor of the th anniversary of the constitution and recent emancipation norway	data/processed/pro_fakeddit/images/36923q.jpg	0	1	False	0.7501591145992279	0.50031828135252	0.24984083324670792	0.7501591145992279
ccltzws	the night janitor aspires to be something else	data/processed/pro_fakeddit/images/ccltzws.jpg	0	1	False	0.749296098947525	0.49859215691685677	0.25070394203066826	0.749296098947525
e2vz7xl	nothing gonna stop us now	data/processed/pro_fakeddit/images/e2vz7xl.jpg	0	1	False	0.7489116489887238	0.49782326631248	0.2510883826762438	0.7489116489887238
c65lq0a	youre tearing me apart guy hanging from my roof	data/processed/pro_fakeddit/images/c65lq0a.jpg	0	1	False	0.7487820982933044	0.4975641816854477	0.25121791660785675	0.7487820982933044
cltrhlc	not every customer is happy	data/processed/pro_fakeddit/images/cltrhlc.jpg	0	1	False	0.7477579712867737	0.49551593512296677	0.2522420361638069	0.7477579712867737
1ycw55	theres an alien living in svens nose in frozen	data/processed/pro_fakeddit/images/1ycw55.jpg	0	1	False	0.7475519478321075	0.4951038956642151	0.25244805216789246	0.7475519478321075
db8kccm	aztec cat toy or the vengeful kitten god	data/processed/pro_fakeddit/images/db8kccm.jpg	0	1	False	0.7465721368789673	0.49314429610967636	0.2534278407692909	0.7465721368789673
c5jce9i	hes also great at hulahooping	data/processed/pro_fakeddit/images/c5jce9i.jpg	0	1	False	0.7464569807052612	0.49291395768523216	0.25354302302002907	0.7464569807052612
c4v1iyt	no one thought of this okay	data/processed/pro_fakeddit/images/c4v1iyt.jpg	0	1	False	0.7462403178215027	0.4924806598573923	0.2537596579641104	0.7462403178215027
1mg5hg	there is a fat witch watching over my bed	data/processed/pro_fakeddit/images/1mg5hg.jpg	0	1	False	0.7458185851573944	0.4916371628642082	0.2541814222931862	0.7458185851573944
22frw2	this toilet has seen so much shit it has a yard stare	data/processed/pro_fakeddit/images/22frw2.jpg	0	1	False	0.745000958442688	0.49000194668769836	0.2549990117549896	0.745000958442688
bixyea	russia sacrificed to the international russian whites	data/processed/pro_fakeddit/images/bixyea.jpg	0	1	False	0.7449028193950653	0.4898056536912918	0.2550971657037735	0.7449028193950653
c5z6ols	i have one of thes on my coffee table	data/processed/pro_fakeddit/images/c5z6ols.jpg	0	1	False	0.7445275485515594	0.48905507661402225	0.2554724719375372	0.7445275485515594
67zku1	further evidence that i could eat a dick	data/processed/pro_fakeddit/images/67zku1.jpg	0	1	False	0.7441145479679108	0.4882291406393051	0.25588540732860565	0.7441145479679108
c7q397q	did you say banana proof vest	data/processed/pro_fakeddit/images/c7q397q.jpg	0	1	False	0.7440856397151947	0.4881713017821312	0.2559143379330635	0.7440856397151947
4lapgr	international week of solidarity with latin america cuba	data/processed/pro_fakeddit/images/4lapgr.jpg	0	1	False	0.7438949942588806	0.48778998851776123	0.2561050057411194	0.7438949942588806
3po6jx	barbecue round at the folks took a turn for the worst	data/processed/pro_fakeddit/images/3po6jx.jpg	0	1	False	0.7436730563640594	0.4873461164534092	0.25632693991065025	0.7436730563640594
6m1pj9	spiderman homecoming who is the postcredit character	data/processed/pro_fakeddit/images/6m1pj9.jpg	0	1	False	0.7429196834564209	0.485839381814003	0.2570803016424179	0.7429196834564209
ck2r6t0	the physical impossibility of death in the mind of someone living	data/processed/pro_fakeddit/images/ck2r6t0.jpg	0	1	False	0.7428013384342194	0.4856026694178581	0.25719866901636124	0.7428013384342194
8aqr5q	martin luther king jr right visiting a pool hall in chicago chicago il	data/processed/pro_fakeddit/images/8aqr5q.jpg	0	1	False	0.7422075271606445	0.48441509157419205	0.2577924355864525	0.7422075271606445
1zjlwi	years in environment of constant fear somehow fails to rehabilitate prisoner	data/processed/pro_fakeddit/images/1zjlwi.jpg	0	1	False	0.7419313788414001	0.4838627502322197	0.25806862860918045	0.7419313788414001
2bm3pr	these metal plates have seen some shit	data/processed/pro_fakeddit/images/2bm3pr.jpg	0	1	False	0.7408844232559204	0.48176882416009903	0.2591155990958214	0.7408844232559204
4ft77t	this guy watches me while i poo	data/processed/pro_fakeddit/images/4ft77t.jpg	0	1	False	0.7400864064693451	0.480172835290432	0.2599135711789131	0.7400864064693451
8a2b8p	united states of america circa	data/processed/pro_fakeddit/images/8a2b8p.jpg	0	1	False	0.7394266724586487	0.47885335609316826	0.2605733163654804	0.7394266724586487
c4kussy	in the swamps they call him mr pain	data/processed/pro_fakeddit/images/c4kussy.jpg	0	1	False	0.7393159866333008	0.47863195091485977	0.260684035718441	0.7393159866333008
cgvw3og	draw me like one of your french gorillas	data/processed/pro_fakeddit/images/cgvw3og.jpg	0	1	False	0.7392014861106873	0.4784029871225357	0.26079849898815155	0.7392014861106873
clcb59f	thats not where thermometers go	data/processed/pro_fakeddit/images/clcb59f.jpg	0	1	False	0.7391068935394287	0.47821376472711563	0.2608931288123131	0.7391068935394287
85m658	family playing with the first generation of ipads	data/processed/pro_fakeddit/images/85m658.jpg	0	1	False	0.738859087228775	0.47771817445755005	0.261140912771225	0.738859087228775
c5mhybw	using the ball was boring	data/processed/pro_fakeddit/images/c5mhybw.jpg	0	1	False	0.7382839024066925	0.4765678159892559	0.2617160864174366	0.7382839024066925
coygman	they see me rollin they hatin	data/processed/pro_fakeddit/images/coygman.jpg	0	1	False	0.7381713688373566	0.4763427637517452	0.26182860508561134	0.7381713688373566
831jiu	the cats alone in the tower	data/processed/pro_fakeddit/images/831jiu.jpg	0	1	False	0.7372728586196899	0.4745457097887993	0.26272714883089066	0.7372728586196899
b01trk	always walked by this in my house seemed to fit here	data/processed/pro_fakeddit/images/b01trk.jpg	0	1	False	0.7367813587188721	0.47356270160526037	0.2632186571136117	0.7367813587188721
cit924m	well its not unidentified	data/processed/pro_fakeddit/images/cit924m.jpg	0	1	False	0.736568421125412	0.47313685528934	0.26343156583607197	0.736568421125412
9emad7	this chip looks like a shoe	data/processed/pro_fakeddit/images/9emad7.jpg	0	1	False	0.7364966571331024	0.47299332916736603	0.2635033279657364	0.7364966571331024
chvncke	i just did this just for you	data/processed/pro_fakeddit/images/chvncke.jpg	0	1	False	0.7361663579940796	0.47233269177377224	0.26383366622030735	0.7361663579940796
bashhb	that telescope has seen some shit	data/processed/pro_fakeddit/images/bashhb.jpg	0	1	False	0.7361537516117096	0.4723075143992901	0.2638462372124195	0.7361537516117096
8bkxxd	the sovereigns body guard iggy pop reveals his loyalty to the phantom limb	data/processed/pro_fakeddit/images/8bkxxd.jpg	0	1	False	0.7359009385108948	0.47180188447237015	0.2640990540385246	0.7359009385108948
8oav6q	your granny said sternly dont go anywhere without god but the bright light of science has proven there is no god antireligious poster ca	data/processed/pro_fakeddit/images/8oav6q.jpg	0	1	False	0.7357662320137024	0.4715324565768242	0.2642337754368782	0.7357662320137024
41fl0n	sure let me give you some hot water	data/processed/pro_fakeddit/images/41fl0n.jpg	0	1	False	0.7356002330780029	0.4712004028260708	0.26439983025193214	0.7356002330780029
6tq6e8	til that knowing he was the media is the democrats replacement for the actions in charlottesville as repulsive traitors to their cronies	data/processed/pro_fakeddit/images/6tq6e8.jpg	0	1	False	0.7348168194293976	0.46963362395763397	0.2651831954717636	0.7348168194293976
bg70qm	bugs bunny takes elmer fudd to task	data/processed/pro_fakeddit/images/bg70qm.jpg	0	1	False	0.7347409725189209	0.4694818928837776	0.2652590796351433	0.7347409725189209
90knl1	this suspicious charging cable	data/processed/pro_fakeddit/images/90knl1.jpg	0	1	False	0.7340775430202484	0.46815504878759384	0.26592249423265457	0.7340775430202484
58f7ht	they said what find out what donald glover joe biden and alice walton have to say	data/processed/pro_fakeddit/images/58f7ht.jpg	0	1	False	0.7335784733295441	0.46715694665908813	0.26642152667045593	0.7335784733295441
7yas5i	this stapler that looks excited to staple	data/processed/pro_fakeddit/images/7yas5i.jpg	0	1	False	0.7333753108978271	0.4667506217956543	0.26662468910217285	0.7333753108978271
dy5lj7i	the fall of legenwaitforitdary dogs	data/processed/pro_fakeddit/images/dy5lj7i.jpg	0	1	False	0.7332079708576202	0.4664159417152405	0.26679202914237976	0.7332079708576202
94daxj	your place on the battering ram is still free the netherlands s	data/processed/pro_fakeddit/images/94daxj.jpg	0	1	False	0.7326827347278595	0.4653654471039772	0.2673172876238823	0.7326827347278595
c6ey7ve	houston commencing descent	data/processed/pro_fakeddit/images/c6ey7ve.jpg	0	1	False	0.7322700321674347	0.46454011648893356	0.26772991567850113	0.7322700321674347
cjcjb6m	trying out for the olympic diving team	data/processed/pro_fakeddit/images/cjcjb6m.jpg	0	1	False	0.732079416513443	0.4641588144004345	0.2679206021130085	0.732079416513443
79o36s	independence day israeli army guidancetraining and explanationpropaganda branch	data/processed/pro_fakeddit/images/79o36s.jpg	0	1	False	0.7320515513420105	0.4641030803322792	0.2679484710097313	0.7320515513420105
5u25qy	circa otto franks biological son reaction to news of his fathers capture at auschwitz	data/processed/pro_fakeddit/images/5u25qy.jpg	0	1	False	0.7319670617580414	0.46393411606550217	0.2680329456925392	0.7319670617580414
7s47f1	saw this in twitter had to share	data/processed/pro_fakeddit/images/7s47f1.jpg	0	1	False	0.731878250837326	0.46375647559762	0.26812177523970604	0.731878250837326
c8le97d	naw you guys go on ahead without us	data/processed/pro_fakeddit/images/c8le97d.jpg	0	1	False	0.7317624688148499	0.46352490596473217	0.2682375628501177	0.7317624688148499
8rgq8z	this door is going to the ball	data/processed/pro_fakeddit/images/8rgq8z.jpg	0	1	False	0.7317459881305695	0.46349193900823593	0.2682540491223335	0.7317459881305695
d0gwn0	triangle shirtwaist factory	data/processed/pro_fakeddit/images/d0gwn0.jpg	0	1	False	0.731510192155838	0.463020384311676	0.268489807844162	0.731510192155838
8fyqjl	unindentified looter caught on camera during the la riots	data/processed/pro_fakeddit/images/8fyqjl.jpg	0	1	False	0.7314243018627167	0.46284860372543335	0.2685756981372833	0.7314243018627167
ch4xge	compete for preshedule completion of fiveyear plan compete in order not to let years of revolution down by astarchevsky ukranian ssr	data/processed/pro_fakeddit/images/ch4xge.jpg	0	1	False	0.7311279773712158	0.46225591748952866	0.26887205988168716	0.7311279773712158
8zht53	thomas the tank engine is that you	data/processed/pro_fakeddit/images/8zht53.jpg	0	1	False	0.7307638227939606	0.4615276828408241	0.26923613995313644	0.7307638227939606
7qupop	these satellite dish mounts are happy	data/processed/pro_fakeddit/images/7qupop.jpg	0	1	False	0.7306824028491974	0.4613648131489754	0.269317589700222	0.7306824028491974
8nys22	four fine ladies pink affinity	data/processed/pro_fakeddit/images/8nys22.jpg	0	1	False	0.7305990159511566	0.46119801700115204	0.2694009989500046	0.7305990159511566
3jlh0u	my display cable has seen me doing stuff	data/processed/pro_fakeddit/images/3jlh0u.jpg	0	1	False	0.7301427125930786	0.4602854624390602	0.2698572501540184	0.7301427125930786
6w11x2	planet fitness offering new lightsoff hour so no one can watch you work out	data/processed/pro_fakeddit/images/6w11x2.jpg	0	1	False	0.7298973798751831	0.4597947895526886	0.2701025903224945	0.7298973798751831
dbh1qa	the christmas genocide of swaize land	data/processed/pro_fakeddit/images/dbh1qa.jpg	0	1	False	0.7297594845294952	0.4595189839601517	0.27024050056934357	0.7297594845294952
4de49a	ive been thinking of buying shoes sizes online	data/processed/pro_fakeddit/images/4de49a.jpg	0	1	False	0.7295938432216644	0.45918770879507065	0.2704061344265938	0.7295938432216644
139f8a	uuuuuuggghh srsly srsly guise	data/processed/pro_fakeddit/images/139f8a.jpg	0	1	False	0.7294780015945435	0.4589559882879257	0.27052201330661774	0.7294780015945435
2wxjhy	living in the past some countries are still using the metric system	data/processed/pro_fakeddit/images/2wxjhy.jpg	0	1	False	0.7288402020931244	0.45768041908741	0.2711597830057144	0.7288402020931244
5lv632	just messing around on minecraft	data/processed/pro_fakeddit/images/5lv632.jpg	0	1	False	0.7288360297679901	0.4576721042394638	0.2711639255285263	0.7288360297679901
5tcifi	nothing says quality engineering more than just a victim of crappydesign	data/processed/pro_fakeddit/images/5tcifi.jpg	0	1	False	0.7284169495105743	0.4568338841199875	0.27158306539058685	0.7284169495105743
3xych9	new high resolution photos of earths moon	data/processed/pro_fakeddit/images/3xych9.jpg	0	1	False	0.7284061908721924	0.45681240037083626	0.2715937905013561	0.7284061908721924
6e6xk8	huge modern day pirate ship sails in to beach to plunder us	data/processed/pro_fakeddit/images/6e6xk8.jpg	0	1	False	0.7279974520206451	0.4559948891401291	0.27200256288051605	0.7279974520206451
c46mfc7	i know this isnt radviceanimals but when i saw this i just had to	data/processed/pro_fakeddit/images/c46mfc7.jpg	0	1	False	0.7274561822414398	0.45491234213113785	0.27254384011030197	0.7274561822414398
bnkv8a	taylor swifts next music video have her singing upside down in central park	data/processed/pro_fakeddit/images/bnkv8a.jpg	0	1	False	0.7274225354194641	0.4548450633883476	0.2725774720311165	0.7274225354194641
1s5yad	the tea wanted to say hello this morning	data/processed/pro_fakeddit/images/1s5yad.jpg	0	1	False	0.7270792722702026	0.4541585426777601	0.2729207295924425	0.7270792722702026
8625ic	this guy is staring at me every day at work	data/processed/pro_fakeddit/images/8625ic.jpg	0	1	False	0.7266816198825836	0.45336324721574783	0.2733183726668358	0.7266816198825836
6zhdos	patriothole gun rights ftw when a patriot sensed this demon was about to rape him he stood his ground and killed it with a shotgun	data/processed/pro_fakeddit/images/6zhdos.jpg	0	1	False	0.7265331149101257	0.45306623727083206	0.27346687763929367	0.7265331149101257
15g6h1	i got a gleeful thermos for christmas	data/processed/pro_fakeddit/images/15g6h1.jpg	0	1	False	0.726442813873291	0.4528856389224529	0.2735571749508381	0.726442813873291
buj9c5	backwardsforwards i dont get it myself	data/processed/pro_fakeddit/images/buj9c5.jpg	0	1	False	0.7261984050273895	0.45239680260419846	0.27380160242319107	0.7261984050273895
9hsw3n	write george rr martin gives fans a sneak peek of his progress on his longawaited novel the winds of winter	data/processed/pro_fakeddit/images/9hsw3n.jpg	0	1	False	0.7247448563575745	0.4494897127151489	0.27525514364242554	0.7247448563575745
chw10yk	i have no idea what im doing	data/processed/pro_fakeddit/images/chw10yk.jpg	0	1	False	0.7244944274425507	0.4489888399839401	0.27550558745861053	0.7244944274425507
c794gby	opening the door to narnia	data/processed/pro_fakeddit/images/c794gby.jpg	0	1	False	0.7239494025707245	0.44789885729551315	0.27605054527521133	0.7239494025707245
5atqir	manor park ive got a screwdriver and a few minutes	data/processed/pro_fakeddit/images/5atqir.jpg	0	1	False	0.7237398624420166	0.4474797248840332	0.2762601375579834	0.7237398624420166
96crs3	new mother with her newborn babies	data/processed/pro_fakeddit/images/96crs3.jpg	0	1	False	0.7236932218074799	0.4473864212632179	0.27630680054426193	0.7236932218074799
asndxy	the rights of the people women are people a poster that listed various us states that gave women a right to vote before and after the ratification of the th amendment	data/processed/pro_fakeddit/images/asndxy.jpg	0	1	False	0.7235051393508911	0.4470103159546852	0.2764948233962059	0.7235051393508911
eglrkp5	a year later their footage was found	data/processed/pro_fakeddit/images/eglrkp5.jpg	0	1	False	0.7233723700046539	0.44674473255872726	0.27662763744592667	0.7233723700046539
c7to9oa	that old weather guy from moonrise kingdom	data/processed/pro_fakeddit/images/c7to9oa.jpg	0	1	False	0.7224548757076263	0.4449097216129303	0.27754515409469604	0.7224548757076263
bbcxt3	italian ww showing their territorial pretensions promised by allies as a price to enter a war on their side	data/processed/pro_fakeddit/images/bbcxt3.jpg	0	1	False	0.7223773896694183	0.4447547346353531	0.27762265503406525	0.7223773896694183
8bs9no	heartbreaking woman in parking garage doesnt remember which car she hid her calzone under	data/processed/pro_fakeddit/images/8bs9no.jpg	0	1	False	0.7215458750724792	0.4430917426943779	0.27845413237810135	0.7215458750724792
d2frgm3	i cant think of a good title	data/processed/pro_fakeddit/images/d2frgm3.jpg	0	1	False	0.7213615924119949	0.44272315688431263	0.2786384355276823	0.7213615924119949
awoypq	racist time traveler attempts to murder future us president barack obama by sniping him with a shitty boomerang	data/processed/pro_fakeddit/images/awoypq.jpg	0	1	False	0.7212473154067993	0.4424946531653404	0.2787526622414589	0.7212473154067993
1whcta	trudeau saves a dozen lives labelled opportunist	data/processed/pro_fakeddit/images/1whcta.jpg	0	1	False	0.7206507325172424	0.44130145758390427	0.27934927493333817	0.7206507325172424
c9ulsbs	thats not a pussycarthis is a pussycar	data/processed/pro_fakeddit/images/c9ulsbs.jpg	0	1	False	0.7205038666725159	0.4410077631473541	0.27949610352516174	0.7205038666725159
3lwihh	the truth about student loans	data/processed/pro_fakeddit/images/3lwihh.jpg	0	1	False	0.7203299105167389	0.44065985083580017	0.2796700596809387	0.7203299105167389
dmv20uc	that image explains alot	data/processed/pro_fakeddit/images/dmv20uc.jpg	0	1	False	0.7200407534837723	0.4400815162807703	0.279959237203002	0.7200407534837723
c90psbi	and a touch of indian father	data/processed/pro_fakeddit/images/c90psbi.jpg	0	1	False	0.7193408906459808	0.43868178129196167	0.28065910935401917	0.7193408906459808
86fr25	these bathroom tiles dont like what they are seeing	data/processed/pro_fakeddit/images/86fr25.jpg	0	1	False	0.7188089191913605	0.43761786818504333	0.28119105100631714	0.7188089191913605
de5j9du	she does this all the time	data/processed/pro_fakeddit/images/de5j9du.jpg	0	1	False	0.7185215502977371	0.4370430950075388	0.2814784552901983	0.7185215502977371
3n55ab	native americans celebrate as trump vows to kick out immigrants	data/processed/pro_fakeddit/images/3n55ab.jpg	0	1	False	0.7184897661209106	0.4369795322418213	0.28151023387908936	0.7184897661209106
5k2a9z	theres a massive metal dragon hiding inside earths outer core	data/processed/pro_fakeddit/images/5k2a9z.jpg	0	1	False	0.7183986902236938	0.4367974027991295	0.28160128742456436	0.7183986902236938
clsfppc	danny the homeless dwarf had a wild night last night	data/processed/pro_fakeddit/images/clsfppc.jpg	0	1	False	0.7183955609798431	0.4367910772562027	0.28160448372364044	0.7183955609798431
ei0cdiv	httpsiimgurcomdprlsajpg	data/processed/pro_fakeddit/images/ei0cdiv.jpg	0	1	False	0.7183606922626495	0.43672139570116997	0.28163929656147957	0.7183606922626495
av74kg	the barcode on this offbrand cereal	data/processed/pro_fakeddit/images/av74kg.jpg	1	0	False	0.7178643941879272	0.4357288032770157	0.7178643941879272	0.28213559091091156
5qhwaf	lab mouse nervous for first day of new job getting cancer	data/processed/pro_fakeddit/images/5qhwaf.jpg	0	1	False	0.7177844643592834	0.4355689287185669	0.28221553564071655	0.7177844643592834
7g63fl	buick introduces new selfbuying car	data/processed/pro_fakeddit/images/7g63fl.jpg	0	1	False	0.7175697982311249	0.43513961136341095	0.28243018686771393	0.7175697982311249
7syh68	i think my new work test phone is cute	data/processed/pro_fakeddit/images/7syh68.jpg	0	1	False	0.7170873284339905	0.43417462334036827	0.2829127050936222	0.7170873284339905
cnthyze	annoying vacation selfie	data/processed/pro_fakeddit/images/cnthyze.jpg	0	1	False	0.7169850468635559	0.43397005647420883	0.2830149903893471	0.7169850468635559
ck6eap8	because i dont know how to do better	data/processed/pro_fakeddit/images/ck6eap8.jpg	0	1	False	0.7162706255912781	0.43254128098487854	0.28372934460639954	0.7162706255912781
ccazmav	now with a little more skin soon we can make a theme park we cant wait it will be good	data/processed/pro_fakeddit/images/ccazmav.jpg	0	1	False	0.7160916924476624	0.4321834109723568	0.28390828147530556	0.7160916924476624
dgx54w	donnie and jeff thick as thieves	data/processed/pro_fakeddit/images/dgx54w.jpg	0	1	False	0.7160361409187317	0.4320722669363022	0.2839638739824295	0.7160361409187317
ccfau9p	the true avatar the last bearbender	data/processed/pro_fakeddit/images/ccfau9p.jpg	0	1	False	0.7159621715545654	0.43192433565855026	0.28403783589601517	0.7159621715545654
db1wpoi	bitch how you not et again	data/processed/pro_fakeddit/images/db1wpoi.jpg	0	1	False	0.7158783972263336	0.43175680562853813	0.2841215915977955	0.7158783972263336
9cyuin	this wall adapter looks pleasantly surprised	data/processed/pro_fakeddit/images/9cyuin.jpg	0	1	False	0.7157277166843414	0.4314554035663605	0.28427231311798096	0.7157277166843414
cypbc00	goddammit you beat me to it	data/processed/pro_fakeddit/images/cypbc00.jpg	0	1	False	0.7155077755451202	0.4310155361890793	0.28449223935604095	0.7155077755451202
4005l4	donald trump get them up against the wall	data/processed/pro_fakeddit/images/4005l4.jpg	0	1	False	0.7148833870887756	0.42976678907871246	0.28511659801006317	0.7148833870887756
9daecn	people walking down a mountain	data/processed/pro_fakeddit/images/9daecn.jpg	0	1	False	0.714418888092041	0.42883776128292084	0.2855811268091202	0.714418888092041
7vh6p7	this mop just tried to sell me some weed	data/processed/pro_fakeddit/images/7vh6p7.jpg	0	1	False	0.7142592370510101	0.4285184517502785	0.28574078530073166	0.7142592370510101
8wpm9o	african slave disguises self as local wildlife in attempts of escaping plantation	data/processed/pro_fakeddit/images/8wpm9o.jpg	0	1	False	0.7142483592033386	0.42849672585725784	0.2857516333460808	0.7142483592033386
d55x80q	nearfarwheeeeeeever you arrrrreee	data/processed/pro_fakeddit/images/d55x80q.jpg	0	1	False	0.7142037451267242	0.42840749211609364	0.2857962530106306	0.7142037451267242
dlj52e2	so thats what happened to those documents	data/processed/pro_fakeddit/images/dlj52e2.jpg	0	1	False	0.7140755355358124	0.42815107852220535	0.285924457013607	0.7140755355358124
ceofcbv	supermut and batdog or err superdog and batmut	data/processed/pro_fakeddit/images/ceofcbv.jpg	0	1	False	0.7132778167724609	0.42655567079782486	0.2867221459746361	0.7132778167724609
6icnca	today not the day for blame say rightwing hatemongers	data/processed/pro_fakeddit/images/6icnca.jpg	0	1	False	0.7127186954021454	0.42543739080429077	0.2872813045978546	0.7127186954021454
d1x4ww	temperature gradients in an upright empty water bottle that was against the wall at work evaporation on one side condensation on the other	data/processed/pro_fakeddit/images/d1x4ww.jpg	1	0	False	0.7125674188137054	0.4251348674297333	0.7125674188137054	0.28743255138397217
6ud08l	the inside of a nintendo cartridge	data/processed/pro_fakeddit/images/6ud08l.jpg	0	1	False	0.7124115526676178	0.4248231053352356	0.2875884473323822	0.7124115526676178
10qdhi	found this guy agape at ikea	data/processed/pro_fakeddit/images/10qdhi.jpg	0	1	False	0.7119666337966919	0.4239332973957062	0.2880333364009857	0.7119666337966919
dhnsulp	i took my masters degree in cowbell	data/processed/pro_fakeddit/images/dhnsulp.jpg	0	1	False	0.7118053734302521	0.42361071333289146	0.2881946600973606	0.7118053734302521
6gndy1	scientists have discovered sharks that live in a volcano	data/processed/pro_fakeddit/images/6gndy1.jpg	0	1	False	0.7115580439567566	0.4231160879135132	0.2884419560432434	0.7115580439567566
d1fh80	isometric joe band childproof	data/processed/pro_fakeddit/images/d1fh80.jpg	0	1	False	0.7112239599227905	0.42244794964790344	0.2887760102748871	0.7112239599227905
5nrcx9	this guy was staring at me my entire commute	data/processed/pro_fakeddit/images/5nrcx9.jpg	0	1	False	0.7105121612548828	0.4210243225097656	0.2894878387451172	0.7105121612548828
7xh833	white house now just holding continuous goingaway party for departing staffers	data/processed/pro_fakeddit/images/7xh833.jpg	0	1	False	0.7103173434734344	0.4206346869468689	0.28968265652656555	0.7103173434734344
4v31wi	judge releases reagan shooter john hinckley jr from mental institution citing too many shitty actors	data/processed/pro_fakeddit/images/4v31wi.jpg	0	1	False	0.7101968824863434	0.42039376497268677	0.2898031175136566	0.7101968824863434
764tzy	homeless man describes horrors of sleeping during community theater production of the tempest	data/processed/pro_fakeddit/images/764tzy.jpg	0	1	False	0.7097728252410889	0.41954565048217773	0.29022717475891113	0.7097728252410889
bnh63i	trunk grew through parked car	data/processed/pro_fakeddit/images/bnh63i.jpg	0	1	False	0.7095824182033539	0.41916482150554657	0.2904175966978073	0.7095824182033539
2jxazs	saw this spooky guy in my ice cream cone	data/processed/pro_fakeddit/images/2jxazs.jpg	0	1	False	0.7094851732254028	0.41897036880254745	0.2905148044228554	0.7094851732254028
3whav4	artistic humanoid female nude paintings	data/processed/pro_fakeddit/images/3whav4.jpg	0	1	False	0.709359735250473	0.41871944814920425	0.29064028710126877	0.709359735250473
34jhet	this agate seemed uncomfortable with being sliced and polished	data/processed/pro_fakeddit/images/34jhet.jpg	0	1	False	0.7092779278755188	0.4185558557510376	0.2907220721244812	0.7092779278755188
ezi5tfc	httpsiimgurcomfrhdvvjpg	data/processed/pro_fakeddit/images/ezi5tfc.jpg	0	1	False	0.7089806199073792	0.4179612435400486	0.29101937636733055	0.7089806199073792
cd6v9ta	a cliff dont make me laugh	data/processed/pro_fakeddit/images/cd6v9ta.jpg	0	1	False	0.7083979249000549	0.41679588705301285	0.2916020378470421	0.7083979249000549
c6edq0q	subtle but never fails to amuse me	data/processed/pro_fakeddit/images/c6edq0q.jpg	0	1	False	0.7078718394041061	0.41574368439614773	0.2921281550079584	0.7078718394041061
d69zr7k	who cares about chris christie you see what he did to amy schumer	data/processed/pro_fakeddit/images/d69zr7k.jpg	0	1	False	0.7076679766178131	0.4153359979391098	0.2923319786787033	0.7076679766178131
8a0c7x	woman who choked to death alone in apartment kicked out of book club for missing last meetings	data/processed/pro_fakeddit/images/8a0c7x.jpg	0	1	False	0.7075192332267761	0.41503848135471344	0.2924807518720627	0.7075192332267761
c5nmjrg	time magazine called it the show of a lifetime	data/processed/pro_fakeddit/images/c5nmjrg.jpg	0	1	False	0.707418292760849	0.4148366264998913	0.2925816662609577	0.707418292760849
6pox4n	save waste fats for explosives take them to your meat dealer	data/processed/pro_fakeddit/images/6pox4n.jpg	0	1	False	0.7068189978599548	0.41363799571990967	0.29318100214004517	0.7068189978599548
h8kim	this face stared at me while i worked out	data/processed/pro_fakeddit/images/h8kim.jpg	0	1	False	0.7067156136035919	0.41343124210834503	0.2932843714952469	0.7067156136035919
doyvgk9	help me obi wan kenobi youre my only hope	data/processed/pro_fakeddit/images/doyvgk9.jpg	0	1	False	0.7064996361732483	0.4129992350935936	0.2935004010796547	0.7064996361732483
5bf8p5	british raf air commander salutes his pilots as they depart to defend their homeland against the germans	data/processed/pro_fakeddit/images/5bf8p5.jpg	0	1	False	0.7064749896526337	0.41294999420642853	0.29352499544620514	0.7064749896526337
6i9o8z	this bombshell was dropped on ellen and fans were shocked	data/processed/pro_fakeddit/images/6i9o8z.jpg	0	1	False	0.7062270045280457	0.4124540016055107	0.29377300292253494	0.7062270045280457
8h6xzj	the of civilization in bosnia ottoman caricature about austrian annexation of bosniaherzegovina	data/processed/pro_fakeddit/images/8h6xzj.jpg	0	1	False	0.7052689790725708	0.4105379655957222	0.2947310134768486	0.7052689790725708
6uaro5	a police dog finds a stash of weed	data/processed/pro_fakeddit/images/6uaro5.jpg	0	1	False	0.7029529809951782	0.40590598434209824	0.29704699665308	0.7029529809951782
3nxb06	wait gg are the people the behind the latest study claiming gg are the video author as an embittered rival when that is slightly better than google blackjack and hookers optional	data/processed/pro_fakeddit/images/3nxb06.jpg	0	1	False	0.7028632462024689	0.40572650730609894	0.29713673889636993	0.7028632462024689
c59yl6	a crab that got hit by an explosion	data/processed/pro_fakeddit/images/c59yl6.jpg	0	1	False	0.7028616964817047	0.40572334825992584	0.29713834822177887	0.7028616964817047
7u8qqu	in minutes a modern us battleship can deliver projectile weight equivalent to the total bomb load of engine bombers c x	data/processed/pro_fakeddit/images/7u8qqu.jpg	0	1	False	0.7028027176856995	0.4056054502725601	0.29719726741313934	0.7028027176856995
7ksxx4	last known video of the kauai oo filmed by david boynton	data/processed/pro_fakeddit/images/7ksxx4.jpg	0	1	False	0.702578216791153	0.4051564484834671	0.29742176830768585	0.702578216791153
bc09jd	katie bouman the moment when the first black hole image was processed	data/processed/pro_fakeddit/images/bc09jd.jpg	0	1	False	0.7022196352481842	0.4044392853975296	0.2977803498506546	0.7022196352481842
2bzyjg	what did i do tell me what i did	data/processed/pro_fakeddit/images/2bzyjg.jpg	0	1	False	0.702181488275528	0.404362965375185	0.29781852290034294	0.702181488275528
8et034	the music has gotten worse dire consequences	data/processed/pro_fakeddit/images/8et034.jpg	0	1	False	0.7018817961215973	0.40376362204551697	0.2981181740760803	0.7018817961215973
6yzg4z	donald trump campaign rally	data/processed/pro_fakeddit/images/6yzg4z.jpg	0	1	False	0.701635330915451	0.4032707065343857	0.29836462438106537	0.701635330915451
dij6elx	sirsiri swearsirnot a single drop	data/processed/pro_fakeddit/images/dij6elx.jpg	0	1	False	0.6999082267284393	0.39981647580862045	0.3000917509198189	0.6999082267284393
d0ioqh	using a banana for archery practice	data/processed/pro_fakeddit/images/d0ioqh.jpg	0	1	False	0.6994898915290833	0.3989797681570053	0.30051012337207794	0.6994898915290833
9ex9cc	world war summarized europe	data/processed/pro_fakeddit/images/9ex9cc.jpg	0	1	False	0.6986654698848724	0.39733096212148666	0.3013345077633858	0.6986654698848724
dcpkm6d	how drunk are you right now	data/processed/pro_fakeddit/images/dcpkm6d.jpg	0	1	False	0.698172852396965	0.3963456489145756	0.30182720348238945	0.698172852396965
ejadkx2	guess who immediately appeared in the picture	data/processed/pro_fakeddit/images/ejadkx2.jpg	0	1	False	0.6980851888656616	0.39617034047842026	0.30191484838724136	0.6980851888656616
1s8sqp	all their boxes are horrified	data/processed/pro_fakeddit/images/1s8sqp.jpg	0	1	False	0.6980540454387665	0.39610811322927475	0.30194593220949173	0.6980540454387665
b1nlad	scary or scared fireplace	data/processed/pro_fakeddit/images/b1nlad.jpg	0	1	False	0.6980045735836029	0.3960091695189476	0.3019954040646553	0.6980045735836029
8dhwhx	photo of an alleged satanic ritual circa	data/processed/pro_fakeddit/images/8dhwhx.jpg	0	1	False	0.6979501843452454	0.39590033888816833	0.302049845457077	0.6979501843452454
cc7mheh	pimp cat wants his money or theres going to be scratches	data/processed/pro_fakeddit/images/cc7mheh.jpg	0	1	False	0.6979016661643982	0.39580337703227997	0.3020982891321182	0.6979016661643982
asel25	old windows pipeline screensaver	data/processed/pro_fakeddit/images/asel25.jpg	0	1	False	0.6976674199104309	0.39533481001853943	0.3023326098918915	0.6976674199104309
cezs0zg	fennecs world tour will melt your face off	data/processed/pro_fakeddit/images/cezs0zg.jpg	0	1	False	0.6975740790367126	0.395148191601038	0.30242588743567467	0.6975740790367126
c7dnu5e	braaaaaaaiiiiiiinssssss	data/processed/pro_fakeddit/images/c7dnu5e.jpg	0	1	False	0.6975448131561279	0.39508962631225586	0.30245518684387207	0.6975448131561279
28hjus	study more men opting to be in room when wife conceives baby	data/processed/pro_fakeddit/images/28hjus.jpg	0	1	False	0.6972241401672363	0.39444828778505325	0.3027758523821831	0.6972241401672363
blw60y	ezra millers makeup at the meta	data/processed/pro_fakeddit/images/blw60y.jpg	0	1	False	0.6969248056411743	0.39384961873292923	0.3030751869082451	0.6969248056411743
dn4cn4f	the four disaster girls of the apocalypse	data/processed/pro_fakeddit/images/dn4cn4f.jpg	0	1	False	0.6966920495033264	0.39338405430316925	0.30330799520015717	0.6966920495033264
8kl3jh	royal wedding watch prince harry and meghan markle just drove away from windsor castle with a dozen festive commoners tied to the back of their car	data/processed/pro_fakeddit/images/8kl3jh.jpg	0	1	False	0.6966016888618469	0.39320334792137146	0.30339834094047546	0.6966016888618469
atk5s6	one of the iphones best features just leaked and its something you wont even see	data/processed/pro_fakeddit/images/atk5s6.jpg	0	1	False	0.696495771408081	0.3929915502667427	0.30350422114133835	0.696495771408081
5wimzz	blake griffin claims basketball seems much rounder lately	data/processed/pro_fakeddit/images/5wimzz.jpg	0	1	False	0.6963283121585846	0.3926566243171692	0.3036716878414154	0.6963283121585846
d02c0fr	this robot doing the girl	data/processed/pro_fakeddit/images/d02c0fr.jpg	0	1	False	0.6959707587957382	0.39194156229496	0.3040291965007782	0.6959707587957382
8embki	plantation owner destitute after the seizure of his holdings	data/processed/pro_fakeddit/images/8embki.jpg	0	1	False	0.6958847939968109	0.39176958054304123	0.3041152134537697	0.6958847939968109
6w70a2	jessica finally found the source of the noisy bitches on the job and gets right to the yard	data/processed/pro_fakeddit/images/6w70a2.jpg	0	1	False	0.6950058341026306	0.39001167193055153	0.3049941621720791	0.6950058341026306
cm2b4k5	betty white queen of comedy	data/processed/pro_fakeddit/images/cm2b4k5.jpg	0	1	False	0.6948139369487762	0.3896278887987137	0.30518604815006256	0.6948139369487762
8z61g2	dang i spilled my pork rinds all over the grass	data/processed/pro_fakeddit/images/8z61g2.jpg	0	1	False	0.694629043340683	0.38925808668136597	0.305370956659317	0.694629043340683
4ckph7	jack dempseys endorsement of fdrs reelection	data/processed/pro_fakeddit/images/4ckph7.jpg	0	1	False	0.6941467523574829	0.3882935345172882	0.3058532178401947	0.6941467523574829
3vxzsm	man already knows everything he needs to know about muslims	data/processed/pro_fakeddit/images/3vxzsm.jpg	0	1	False	0.6940528750419617	0.38810576125979424	0.30594711378216743	0.6940528750419617
66b2zi	an athletes meteoric fall from grace very nsfl	data/processed/pro_fakeddit/images/66b2zi.jpg	0	1	False	0.6936240643262863	0.3872481472790241	0.3063759170472622	0.6936240643262863
7y7qn9	this skeptical styrofoam container	data/processed/pro_fakeddit/images/7y7qn9.jpg	0	1	False	0.693013608455658	0.3860271945595741	0.30698641389608383	0.693013608455658
5tzj1e	devos says trumps fortypercent approval rating means more than half of country supports him	data/processed/pro_fakeddit/images/5tzj1e.jpg	0	1	False	0.6925042271614075	0.38500843197107315	0.3074957951903343	0.6925042271614075
9ibl9s	hitler discussing the potential for invading poland colorised	data/processed/pro_fakeddit/images/9ibl9s.jpg	0	1	False	0.6919634938240051	0.38392700254917145	0.3080364912748337	0.6919634938240051
cd1vud	weebs trying to enter area	data/processed/pro_fakeddit/images/cd1vud.jpg	0	1	False	0.6915618479251862	0.3831236958503723	0.30843815207481384	0.6915618479251862
cgev1ew	emergency mustache team go	data/processed/pro_fakeddit/images/cgev1ew.jpg	0	1	False	0.6915141046047211	0.38302820175886154	0.3084859028458595	0.6915141046047211
2xoxj0	is always bad here are some examples of a different kind original source and date unknown	data/processed/pro_fakeddit/images/2xoxj0.jpg	0	1	False	0.691495731472969	0.3829914517700672	0.30850427970290184	0.691495731472969
7uhm86	my toothbrush holder looks like its having a ball of a time brushing its teeth	data/processed/pro_fakeddit/images/7uhm86.jpg	0	1	False	0.6910492181777954	0.3820984289050102	0.3089507892727852	0.6910492181777954
czo64h8	when the memes are too dank	data/processed/pro_fakeddit/images/czo64h8.jpg	0	1	False	0.6908672600984573	0.3817345127463341	0.30913274735212326	0.6908672600984573
d13dfp	blucifer the blue mustang outside denver airport	data/processed/pro_fakeddit/images/d13dfp.jpg	1	0	False	0.6898458451032639	0.3796916715800762	0.6898458451032639	0.31015417352318764
6z1fdb	long live the dictatorship of the proletariat china	data/processed/pro_fakeddit/images/6z1fdb.jpg	0	1	False	0.6894781589508057	0.37895629554986954	0.3105218634009361	0.6894781589508057
8wjko7	the british government during negotiations for a better brexit deal	data/processed/pro_fakeddit/images/8wjko7.jpg	0	1	False	0.6894268691539764	0.3788537085056305	0.31057316064834595	0.6894268691539764
6b0n3p	newmanberg trials aushwitz	data/processed/pro_fakeddit/images/6b0n3p.jpg	0	1	False	0.6893272697925568	0.3786545693874359	0.31067270040512085	0.6893272697925568
20zukp	my eggs looked like a monkey	data/processed/pro_fakeddit/images/20zukp.jpg	0	1	False	0.6892273128032684	0.3784546032547951	0.31077270954847336	0.6892273128032684
c6xua9h	its actually camouflage	data/processed/pro_fakeddit/images/c6xua9h.jpg	0	1	False	0.689106822013855	0.3782136533409357	0.3108931686729193	0.689106822013855
4s6qqj	guess what i made in pottery class	data/processed/pro_fakeddit/images/4s6qqj.jpg	0	1	False	0.6887378096580505	0.3774756118655205	0.31126219779253006	0.6887378096580505
e1g2kg8	my first attempt at psbattling	data/processed/pro_fakeddit/images/e1g2kg8.jpg	0	1	False	0.6886530369520187	0.3773060590028763	0.31134697794914246	0.6886530369520187
9e76oq	germans peeking out the hatch of their paenzr restored in color	data/processed/pro_fakeddit/images/9e76oq.jpg	0	1	False	0.6885468363761902	0.37709368765354156	0.3114531487226486	0.6885468363761902
cqxx6bo	every lotr fan thoughs right now	data/processed/pro_fakeddit/images/cqxx6bo.jpg	0	1	False	0.6876916885375977	0.3753833919763565	0.31230829656124115	0.6876916885375977
5zeeyi	hitler attempting suicide	data/processed/pro_fakeddit/images/5zeeyi.jpg	0	1	False	0.687647819519043	0.37529560923576355	0.3123522102832794	0.687647819519043
ccrs4e2	you betrayed me you son of a bitch	data/processed/pro_fakeddit/images/ccrs4e2.jpg	0	1	False	0.686220794916153	0.3724415823817253	0.31377921253442764	0.686220794916153
b35gev	picture of a american soldier before being blown up by a vietcong land mine vietnam	data/processed/pro_fakeddit/images/b35gev.jpg	0	1	False	0.6861103773117065	0.3722207620739937	0.31388961523771286	0.6861103773117065
cd6hdy	da vinci the creation of adam circa	data/processed/pro_fakeddit/images/cd6hdy.jpg	0	1	False	0.6852883994579315	0.37057676911354065	0.31471163034439087	0.6852883994579315
cu0c1ug	this dog is pretty bad ass	data/processed/pro_fakeddit/images/cu0c1ug.jpg	0	1	False	0.685194805264473	0.3703896291553974	0.31480517610907555	0.685194805264473
75srzq	rare picture of adolf hitler without his mustache	data/processed/pro_fakeddit/images/75srzq.jpg	0	1	False	0.6847628653049469	0.369525745511055	0.3152371197938919	0.6847628653049469
8aytej	rubber plantation workers during the rule of king leopold ii belgian congo	data/processed/pro_fakeddit/images/8aytej.jpg	0	1	False	0.6847387850284576	0.3694775402545929	0.31526124477386475	0.6847387850284576
36v50s	saw these two guys having very different days at work this morning	data/processed/pro_fakeddit/images/36v50s.jpg	0	1	False	0.6844712495803833	0.3689424842596054	0.3155287653207779	0.6844712495803833
b57j2l	american b bomber dropping fat man over nagasaki	data/processed/pro_fakeddit/images/b57j2l.jpg	0	1	False	0.6836330592632294	0.36726609617471695	0.3163669630885124	0.6836330592632294
cojrqwt	snakes on a muthafuckin international space station	data/processed/pro_fakeddit/images/cojrqwt.jpg	0	1	False	0.6836284697055817	0.3672569617629051	0.31637150794267654	0.6836284697055817
2dk8fv	deformed skull served with butter	data/processed/pro_fakeddit/images/2dk8fv.jpg	0	1	False	0.683370053768158	0.3667400926351547	0.31662996113300323	0.683370053768158
7v0lpf	zigg with his alien face marking	data/processed/pro_fakeddit/images/7v0lpf.jpg	0	1	False	0.6833609640598297	0.36672190576791763	0.3166390582919121	0.6833609640598297
9ab3m5	tyson v holyfield the bite fight	data/processed/pro_fakeddit/images/9ab3m5.jpg	0	1	False	0.6830791234970093	0.36615827679634094	0.31692084670066833	0.6830791234970093
3zcpl2	poster for the upcoming trey parkermatt stone short film on canada	data/processed/pro_fakeddit/images/3zcpl2.jpg	0	1	False	0.6827294230461121	0.36545880883932114	0.3172706142067909	0.6827294230461121
cme3gyg	guardians of the galaxy is still cool right	data/processed/pro_fakeddit/images/cme3gyg.jpg	0	1	False	0.6818566769361496	0.3637133501470089	0.3181433267891407	0.6818566769361496
d0an5c6	hes more of a republican guy	data/processed/pro_fakeddit/images/d0an5c6.jpg	0	1	False	0.6809822469949722	0.36196449398994446	0.31901775300502777	0.6809822469949722
7oz3ve	exhibition deal with the devil	data/processed/pro_fakeddit/images/7oz3ve.jpg	0	1	False	0.6807289719581604	0.3614579439163208	0.3192710280418396	0.6807289719581604
cmsyfuv	die hard because obesity	data/processed/pro_fakeddit/images/cmsyfuv.jpg	0	1	False	0.6807121634483337	0.3614243194460869	0.31928784400224686	0.6807121634483337
cc6kr2	still shot from an area guards gopro footage during the st day of the siege of a notice the heavy usage of experimental technology such as perks video game hud and a pack a punch machine yet the base is heavily damaged and the soldier is out of ammo	data/processed/pro_fakeddit/images/cc6kr2.jpg	0	1	False	0.6805740296840668	0.36114804446697235	0.3194259852170944	0.6805740296840668
1hw02a	a disgruntledlooking cigarette butt disposal	data/processed/pro_fakeddit/images/1hw02a.jpg	0	1	False	0.6789397597312927	0.35787950456142426	0.32106025516986847	0.6789397597312927
5q3o12	leonardo da vinci shows of his latest invention circa	data/processed/pro_fakeddit/images/5q3o12.jpg	0	1	False	0.6784911453723907	0.3569823056459427	0.32150883972644806	0.6784911453723907
cejkv1i	mouse leaping over grass	data/processed/pro_fakeddit/images/cejkv1i.jpg	0	1	False	0.6777807474136353	0.3555615171790123	0.32221923023462296	0.6777807474136353
3jp1od	obese man dies attempting to put on his socks	data/processed/pro_fakeddit/images/3jp1od.jpg	0	1	False	0.6774923801422119	0.35498476028442383	0.3225076198577881	0.6774923801422119
chza61	death to capital or death under capital by v deni	data/processed/pro_fakeddit/images/chza61.jpg	0	1	False	0.6771956086158752	0.3543912023305893	0.32280440628528595	0.6771956086158752
2l6dl0	my dogs butt looks like some kind of bird	data/processed/pro_fakeddit/images/2l6dl0.jpg	0	1	False	0.6766896843910217	0.3533793240785599	0.32331036031246185	0.6766896843910217
bdt67f	my razor could use a shave egyptian goatees went out like years ago	data/processed/pro_fakeddit/images/bdt67f.jpg	0	1	False	0.676688626408577	0.35337723791599274	0.32331138849258423	0.676688626408577
d2cvns	this air hockey table is quite surprised that its sideways	data/processed/pro_fakeddit/images/d2cvns.jpg	0	1	False	0.676316499710083	0.3526330068707466	0.3236834928393364	0.676316499710083
cligoba	finally my shitty photoshop skills and stereotypical french knowledge come in handy	data/processed/pro_fakeddit/images/cligoba.jpg	0	1	False	0.6760643720626831	0.3521287590265274	0.3239356130361557	0.6760643720626831
3y5t9r	what working on the fridge at a silver mine	data/processed/pro_fakeddit/images/3y5t9r.jpg	0	1	False	0.6751614511013031	0.3503229096531868	0.3248385414481163	0.6751614511013031
57sdcb	rockstar just got everyone talking with one simple image	data/processed/pro_fakeddit/images/57sdcb.jpg	0	1	False	0.6742373555898666	0.34847472608089447	0.32576262950897217	0.6742373555898666
9gy0g9	chewbacca over the moon after receiving his gold disk certification for over sales of his smash hit looking for love in alderaan places circa a long time ago in a galaxy far far away	data/processed/pro_fakeddit/images/9gy0g9.jpg	0	1	False	0.6734896600246429	0.346979308873415	0.32651035115122795	0.6734896600246429
d0pz6zo	finally a hollywood sequel worth seeing	data/processed/pro_fakeddit/images/d0pz6zo.jpg	0	1	False	0.6734781265258789	0.3469562642276287	0.3265218622982502	0.6734781265258789
8dn2os	rage against the machine dont let them take your mind	data/processed/pro_fakeddit/images/8dn2os.jpg	0	1	False	0.6717625856399536	0.34352515637874603	0.3282374292612076	0.6717625856399536
b5ilmr	antman penetrating thanos	data/processed/pro_fakeddit/images/b5ilmr.jpg	0	1	False	0.6714150905609131	0.34283019602298737	0.3285848945379257	0.6714150905609131
dinuvni	girl and guy with unusually long arms	data/processed/pro_fakeddit/images/dinuvni.jpg	0	1	False	0.6711862683296204	0.34237249195575714	0.3288137763738632	0.6711862683296204
bdt9wz	us legalizes samesex marriage th	data/processed/pro_fakeddit/images/bdt9wz.jpg	0	1	False	0.6706559360027313	0.34131187200546265	0.3293440639972687	0.6706559360027313
d74w2wf	i mean we spend a lot of time together maybe drink some wine and uh talk about women	data/processed/pro_fakeddit/images/d74w2wf.jpg	0	1	False	0.6705359220504761	0.34107187762856483	0.32946404442191124	0.6705359220504761
ci4ynxb	murder loves killers too	data/processed/pro_fakeddit/images/ci4ynxb.jpg	0	1	False	0.6704955250024796	0.3409910202026367	0.32950450479984283	0.6704955250024796
7733lq	was mixing sauces in a bowl and found this smiley buddy looking up at me	data/processed/pro_fakeddit/images/7733lq.jpg	0	1	False	0.6698171049356461	0.3396342173218727	0.33018288761377335	0.6698171049356461
cvnp1dx	you have no power over here	data/processed/pro_fakeddit/images/cvnp1dx.jpg	0	1	False	0.6696300059556961	0.3392600081861019	0.3303699977695942	0.6696300059556961
5xoxt3	fumiko kaneko unveils plans for assassination of imperial family to society of malcontents	data/processed/pro_fakeddit/images/5xoxt3.jpg	0	1	False	0.6695188283920288	0.3390376716852188	0.33048115670681	0.6695188283920288
11f95k	this bear is in constant fear	data/processed/pro_fakeddit/images/11f95k.jpg	0	1	False	0.6692630350589752	0.33852604031562805	0.33073699474334717	0.6692630350589752
c9ilg6u	he can spike a ball almost as well as he can ride a bull	data/processed/pro_fakeddit/images/c9ilg6u.jpg	0	1	False	0.6690067052841187	0.3380133844912052	0.33099332079291344	0.6690067052841187
b599zd	china looking over their imports	data/processed/pro_fakeddit/images/b599zd.jpg	0	1	False	0.6683674454689026	0.3367348909378052	0.3316325545310974	0.6683674454689026
cd2mjg	winston churchill reenters the government	data/processed/pro_fakeddit/images/cd2mjg.jpg	0	1	False	0.668364942073822	0.33672986924648285	0.3316350728273392	0.668364942073822
6ap0z6	massacre in korea pablo picasso	data/processed/pro_fakeddit/images/6ap0z6.jpg	0	1	False	0.6679813265800476	0.3359626531600952	0.3320186734199524	0.6679813265800476
5xjvtu	the finnish trump sketch engsub	data/processed/pro_fakeddit/images/5xjvtu.jpg	0	1	False	0.6675252020359039	0.33505041897296906	0.3324747830629349	0.6675252020359039
4lvi8i	broken door knob is happy to see you	data/processed/pro_fakeddit/images/4lvi8i.jpg	0	1	False	0.6674110293388367	0.33482207357883453	0.33258895576000214	0.6674110293388367
cnijpmt	hes really changed for the better recently everything irie now	data/processed/pro_fakeddit/images/cnijpmt.jpg	0	1	False	0.6673806607723236	0.33476128801703453	0.3326193727552891	0.6673806607723236
4rozpv	north korean space program to land rover on earth	data/processed/pro_fakeddit/images/4rozpv.jpg	0	1	False	0.6673373579978943	0.3346746861934662	0.3326626718044281	0.6673373579978943
d4oavf	frank stella attica defense fund	data/processed/pro_fakeddit/images/d4oavf.jpg	0	1	False	0.6671514809131622	0.3343029320240021	0.33284854888916016	0.6671514809131622
8twozl	album cover for pink floyds delicate sound of thunder	data/processed/pro_fakeddit/images/8twozl.jpg	1	0	False	0.6670950651168823	0.33419016003608704	0.6670950651168823	0.3329049050807953
3amock	fossil fuel memes oil spills are a beach	data/processed/pro_fakeddit/images/3amock.jpg	0	1	False	0.6663600504398346	0.3327200710773468	0.3336399793624878	0.6663600504398346
cuasoqo	for fucks sake mom rick identifies as a trex and you dont hear his mother bitching about it	data/processed/pro_fakeddit/images/cuasoqo.jpg	0	1	False	0.6663159430027008	0.3326318860054016	0.3336840569972992	0.6663159430027008
8qewpb	herd of brachiosauruses on a large field	data/processed/pro_fakeddit/images/8qewpb.jpg	0	1	False	0.6662708222866058	0.33254167437553406	0.3337291479110718	0.6662708222866058
ccewep5	is it time for oktoberfest already	data/processed/pro_fakeddit/images/ccewep5.jpg	0	1	False	0.6652301996946335	0.33046039193868637	0.3347698077559471	0.6652301996946335
6bxtn5	life here are pics of the nasty prez obumper dipping his bunglers fingers in peoples soup and milk in order to destroy lunch for all america	data/processed/pro_fakeddit/images/6bxtn5.jpg	0	1	False	0.6651429235935211	0.3302858769893646	0.3348570466041565	0.6651429235935211
7t252d	this fallen post looks like a discarded cigarette	data/processed/pro_fakeddit/images/7t252d.jpg	0	1	False	0.6644379496574402	0.32887591421604156	0.3355620354413986	0.6644379496574402
ckt908	chris pratt invites a riot while jimi hendrix and nick kroll look on circa	data/processed/pro_fakeddit/images/ckt908.jpg	0	1	False	0.6641990691423416	0.3283981531858444	0.3358009159564972	0.6641990691423416
73uic4	picture of german soldiers hearing the news of the fuhrers death	data/processed/pro_fakeddit/images/73uic4.jpg	0	1	False	0.6637687087059021	0.3275374174118042	0.3362312912940979	0.6637687087059021
cvy7a2a	it was funny the first time but	data/processed/pro_fakeddit/images/cvy7a2a.jpg	0	1	False	0.6634909808635712	0.3269819598644972	0.336509020999074	0.6634909808635712
2a8bbs	nsa and fbi have been spying on americanmuslims	data/processed/pro_fakeddit/images/2a8bbs.jpg	1	0	False	0.6634294092655182	0.3268587738275528	0.6634294092655182	0.3365706354379654
7c2uqn	legendary runner usain bolt about to set his m world record on th in berlin germany	data/processed/pro_fakeddit/images/7c2uqn.jpg	0	1	False	0.6628994345664978	0.3257988840341568	0.337100550532341	0.6628994345664978
cnv7px	maximilien robespierre once the french citizens started to feel safe in their own country circa	data/processed/pro_fakeddit/images/cnv7px.jpg	0	1	False	0.6627634465694427	0.3255269378423691	0.33723650872707367	0.6627634465694427
ddqmivi	i dont want no fop gahdammit	data/processed/pro_fakeddit/images/ddqmivi.jpg	0	1	False	0.6626464426517487	0.3252928704023361	0.33735357224941254	0.6626464426517487
9ioc9t	a poorly disguised german spy attempts to gather information from an english national ca	data/processed/pro_fakeddit/images/9ioc9t.jpg	0	1	False	0.6625450253486633	0.3250900059938431	0.33745501935482025	0.6625450253486633
2smca9	blood covered turban from recent shootings	data/processed/pro_fakeddit/images/2smca9.jpg	0	1	False	0.6624098122119904	0.3248196244239807	0.33759018778800964	0.6624098122119904
6sy3f1	cutting a guitar string in the plastic in a very satisfying way	data/processed/pro_fakeddit/images/6sy3f1.jpg	0	1	False	0.6623698472976685	0.3247396722435951	0.33763017505407333	0.6623698472976685
6mpjr0	budapest symphony orchestra turkey jerky	data/processed/pro_fakeddit/images/6mpjr0.jpg	0	1	False	0.6623026430606842	0.3246052861213684	0.3376973569393158	0.6623026430606842
df2iiir	cat observing the planet	data/processed/pro_fakeddit/images/df2iiir.jpg	0	1	False	0.6600227802991867	0.3200455904006958	0.3399771898984909	0.6600227802991867
5z53s8	nonsexual cuddle parties catching on in utah votes to reinstate browser the library cat	data/processed/pro_fakeddit/images/5z53s8.jpg	0	1	False	0.6592392921447754	0.3184785842895508	0.3407607078552246	0.6592392921447754
8pal2g	frustratedluvrs hatred and jealousy	data/processed/pro_fakeddit/images/8pal2g.jpg	0	1	False	0.6582093238830566	0.3164186179637909	0.34179070591926575	0.6582093238830566
c8p9u8s	not racist just really thirsty	data/processed/pro_fakeddit/images/c8p9u8s.jpg	0	1	False	0.6581334173679352	0.31626682728528976	0.3418665900826454	0.6581334173679352
c81o0z7	toby immediately regretted eating the bright red mushroom	data/processed/pro_fakeddit/images/c81o0z7.jpg	0	1	False	0.6572723090648651	0.3145446330308914	0.3427276760339737	0.6572723090648651
6czegl	german store owner refuses to serve jew	data/processed/pro_fakeddit/images/6czegl.jpg	0	1	False	0.6570359170436859	0.3140718638896942	0.3429640531539917	0.6570359170436859
d97xeju	i keep having the same dream doc	data/processed/pro_fakeddit/images/d97xeju.jpg	0	1	False	0.656972661614418	0.31394534185528755	0.3430273197591305	0.656972661614418
jniri	current sri lankan government most depicting president mahinda rajapaksa	data/processed/pro_fakeddit/images/jniri.jpg	0	1	False	0.6566761136054993	0.3133522570133209	0.34332385659217834	0.6566761136054993
8kjscn	tesla workers deal with a production bottleneck	data/processed/pro_fakeddit/images/8kjscn.jpg	0	1	False	0.6557266712188721	0.31145335733890533	0.34427331387996674	0.6557266712188721
d04t5lt	have you ever wondered if there was more to life other than being really really ridiculously good looking	data/processed/pro_fakeddit/images/d04t5lt.jpg	0	1	False	0.6539837121963501	0.3079674541950226	0.3460162580013275	0.6539837121963501
5oiuav	rogue one becomes fastest film to reach over mentions of hope	data/processed/pro_fakeddit/images/5oiuav.jpg	0	1	False	0.6537119746208191	0.30742397904396057	0.3462879955768585	0.6537119746208191
aublxw	facebook taking over world food supply circa	data/processed/pro_fakeddit/images/aublxw.jpg	0	1	False	0.6528223156929016	0.3056446611881256	0.347177654504776	0.6528223156929016
dhjipgi	ladies and gentlemen of the jury hes a liar	data/processed/pro_fakeddit/images/dhjipgi.jpg	0	1	False	0.6526401340961456	0.30528028309345245	0.3473598510026932	0.6526401340961456
cwsxhes	ever since pedro heard the mean comments about mexicans he has hated trump	data/processed/pro_fakeddit/images/cwsxhes.jpg	0	1	False	0.6515619456768036	0.3031238615512848	0.3484380841255188	0.6515619456768036
cmfof4f	this isnt the franchise i was looking for	data/processed/pro_fakeddit/images/cmfof4f.jpg	0	1	False	0.6515136808156967	0.30302733927965164	0.3484863415360451	0.6515136808156967
5655rg	bringing harambe back to life	data/processed/pro_fakeddit/images/5655rg.jpg	0	1	False	0.6507980823516846	0.30159612745046616	0.3492019549012184	0.6507980823516846
cwiwlam	supercalifragilisticexpialidocious	data/processed/pro_fakeddit/images/cwiwlam.jpg	0	1	False	0.6506737172603607	0.30134741961956024	0.3493262976408005	0.6506737172603607
7kizk0	xwing fighter crash lands on the uss long island during flight testing	data/processed/pro_fakeddit/images/7kizk0.jpg	0	1	False	0.6492911577224731	0.29858236759901047	0.3507087901234627	0.6492911577224731
81opte	my dad in vietnam hes pictured centre with a yellow dog he rescued right before a napalm attack he almost cried when he told me how much he loved that dog hope this is the right place	data/processed/pro_fakeddit/images/81opte.jpg	0	1	False	0.6491603255271912	0.2983206808567047	0.35083964467048645	0.6491603255271912
ckbppkc	young taylor swift with a kitten	data/processed/pro_fakeddit/images/ckbppkc.jpg	0	1	False	0.6483222842216492	0.29664454609155655	0.3516777381300926	0.6483222842216492
5hmabh	it resembles the texture of a dog waiting at the counter	data/processed/pro_fakeddit/images/5hmabh.jpg	0	1	False	0.6477705985307693	0.295541163533926	0.35222943499684334	0.6477705985307693
3saqns	a really dirty computer desk	data/processed/pro_fakeddit/images/3saqns.jpg	0	1	False	0.6464135050773621	0.29282698035240173	0.3535865247249603	0.6464135050773621
bitkxc	this alzheimers mouse brain from my reading looks like a poorly drawn cartoon face	data/processed/pro_fakeddit/images/bitkxc.jpg	0	1	False	0.6460851430892944	0.2921702712774277	0.35391487181186676	0.6460851430892944
23gsf0	me and some people over at mildly interesting arent sure if this looks like an excited dog gorilla or what	data/processed/pro_fakeddit/images/23gsf0.jpg	0	1	False	0.6459101885557175	0.29182038456201553	0.35408980399370193	0.6459101885557175
8wjmz6	sarah jessica parker and matthew broderick leaked honeymoon video still	data/processed/pro_fakeddit/images/8wjmz6.jpg	0	1	False	0.6448481976985931	0.2896963655948639	0.35515183210372925	0.6448481976985931
sch2x	an antipornography film was banned due to pornographic content	data/processed/pro_fakeddit/images/sch2x.jpg	1	0	False	0.6445753574371338	0.2891506850719452	0.6445753574371338	0.3554246723651886
60kjje	new orleans residents aimlessly float across the floodwaters brought on by hurricane katrina c	data/processed/pro_fakeddit/images/60kjje.jpg	0	1	False	0.6444514393806458	0.2889028787612915	0.35554856061935425	0.6444514393806458
4uuy0v	now he understands the game socialist political cartoon	data/processed/pro_fakeddit/images/4uuy0v.jpg	0	1	False	0.6444135904312134	0.28882716596126556	0.3555864244699478	0.6444135904312134
6vjvj8	the eclipse looking like a one eyed raccoon	data/processed/pro_fakeddit/images/6vjvj8.jpg	0	1	False	0.6440483331680298	0.28809668123722076	0.355951651930809	0.6440483331680298
868ro2	padtampon dispenser looks like a metallic groot	data/processed/pro_fakeddit/images/868ro2.jpg	0	1	False	0.6424433588981628	0.2848867326974869	0.35755662620067596	0.6424433588981628
5eake2	when you forget the emails benghazi and rigging the election yesterday under budget ahead of schedule	data/processed/pro_fakeddit/images/5eake2.jpg	0	1	False	0.6422365009784698	0.2844730392098427	0.35776346176862717	0.6422365009784698
db1z1f7	kanye repping the supreme helmet	data/processed/pro_fakeddit/images/db1z1f7.jpg	0	1	False	0.6421605944633484	0.2843211591243744	0.357839435338974	0.6421605944633484
ctxv6og	breaking news giant cats lost in london	data/processed/pro_fakeddit/images/ctxv6og.jpg	0	1	False	0.6415982842445374	0.2831965833902359	0.35840170085430145	0.6415982842445374
7kb0wt	george washington with his wig on	data/processed/pro_fakeddit/images/7kb0wt.jpg	0	1	False	0.64087875187397	0.28175749629735947	0.35912125557661057	0.64087875187397
dcepntk	question about the bench press but completely fine to bounce the bar on your core	data/processed/pro_fakeddit/images/dcepntk.jpg	0	1	False	0.639812707901001	0.27962542325258255	0.3601872846484184	0.639812707901001
d8p8k27	planet of the cats coming this fall	data/processed/pro_fakeddit/images/d8p8k27.jpg	0	1	False	0.6378116309642792	0.27562325447797775	0.3621883764863014	0.6378116309642792
10j5ee	cnn and msnbc pundit arrested for vandalizing antimuslim ad in ny subway system	data/processed/pro_fakeddit/images/10j5ee.jpg	1	0	False	0.637709379196167	0.275418758392334	0.637709379196167	0.362290620803833
84i5lo	upeeps makes the lowest tier shitpost on rfakehistoryporn circa	data/processed/pro_fakeddit/images/84i5lo.jpg	0	1	False	0.6376068592071533	0.27521368861198425	0.36239317059516907	0.6376068592071533
7utczp	british conservation party poster	data/processed/pro_fakeddit/images/7utczp.jpg	0	1	False	0.6363875865936279	0.2727751284837723	0.36361245810985565	0.6363875865936279
5mxn1r	cuba gooding jr with a kfc bucket on his head	data/processed/pro_fakeddit/images/5mxn1r.jpg	1	0	False	0.6363112032413483	0.27262239903211594	0.6363112032413483	0.36368880420923233
4on2of	after orlando are social media sites encroaching on users free speech	data/processed/pro_fakeddit/images/4on2of.jpg	1	0	False	0.6345844864845276	0.2691689431667328	0.6345844864845276	0.3654155433177948
d56isvq	synchronized swimming among tigers	data/processed/pro_fakeddit/images/d56isvq.jpg	0	1	False	0.6337484121322632	0.26749681681394577	0.3662515953183174	0.6337484121322632
dd5ngrz	they put chemicals in the water that turn the freakin frogs gay	data/processed/pro_fakeddit/images/dd5ngrz.jpg	0	1	False	0.6334844827651978	0.2669689729809761	0.36651550978422165	0.6334844827651978
cjss1qv	titanic minus another kind of katensfb	data/processed/pro_fakeddit/images/cjss1qv.jpg	0	1	False	0.6329430490732193	0.265886090695858	0.3670569583773613	0.6329430490732193
80fib5	the washington redskins reveal new logo	data/processed/pro_fakeddit/images/80fib5.jpg	0	1	False	0.6306361556053162	0.26127229630947113	0.36936385929584503	0.6306361556053162
6t1zrk	all flights grounded after faa officials suddenly realize that man was not meant to fly	data/processed/pro_fakeddit/images/6t1zrk.jpg	0	1	False	0.6294090151786804	0.25881801545619965	0.3705909997224808	0.6294090151786804
90h4uh	vladimir putin releases album pronouncing russias innocence in meddling with the election	data/processed/pro_fakeddit/images/90h4uh.jpg	0	1	False	0.6291349232196808	0.2582698464393616	0.3708650767803192	0.6291349232196808
bbyani	first ever image of a singularity	data/processed/pro_fakeddit/images/bbyani.jpg	0	1	False	0.6290517449378967	0.25810348987579346	0.37094825506210327	0.6290517449378967
3p540s	guys ponder getting a blowjob girl gets fucked up by fat shamers in front of school and you wont believe what happens to the doctors asap tbh	data/processed/pro_fakeddit/images/3p540s.jpg	0	1	False	0.626596674323082	0.25319335609674454	0.37340331822633743	0.626596674323082
3andu5	new surfboard day firewire sweet potato wood laminate deck	data/processed/pro_fakeddit/images/3andu5.jpg	0	1	False	0.6256710588932037	0.2513420730829239	0.37432898581027985	0.6256710588932037
d59wze	my sons lady bug pillow pal is quite terrifying	data/processed/pro_fakeddit/images/d59wze.jpg	0	1	False	0.6242327988147736	0.2484656572341919	0.37576714158058167	0.6242327988147736
30btvq	gerrymandering mishap leaves nation without any borders whatsoever	data/processed/pro_fakeddit/images/30btvq.jpg	0	1	False	0.6230759620666504	0.2461519092321396	0.3769240528345108	0.6230759620666504
8h6h77	black ice cream cone with sprinkles	data/processed/pro_fakeddit/images/8h6h77.jpg	0	1	False	0.6230492293834686	0.24609845876693726	0.37695077061653137	0.6230492293834686
d7qrel	unmalnaebe books how does one make those letters stand out	data/processed/pro_fakeddit/images/d7qrel.jpg	0	1	False	0.6229455173015594	0.24589107185602188	0.37705444544553757	0.6229455173015594
cuu4g1b	mspaint makeover but im not sure why	data/processed/pro_fakeddit/images/cuu4g1b.jpg	0	1	False	0.6199151277542114	0.23983022570610046	0.38008490204811096	0.6199151277542114
b229fh	this warning on my face mask package	data/processed/pro_fakeddit/images/b229fh.jpg	1	0	False	0.619861364364624	0.23972268402576447	0.619861364364624	0.38013868033885956
74fyax	corpsepaint condom machine is kvlt af	data/processed/pro_fakeddit/images/74fyax.jpg	0	1	False	0.6184177994728088	0.23683558404445648	0.38158221542835236	0.6184177994728088
dogvjbo	girl scout shrugs at a neonazi	data/processed/pro_fakeddit/images/dogvjbo.jpg	0	1	False	0.6179986298084259	0.2359972894191742	0.3820013403892517	0.6179986298084259
6g52mq	woman says pricey vitamin bottle from shoppers drug mart was filled with dried pasta	data/processed/pro_fakeddit/images/6g52mq.jpg	1	0	False	0.6179009675979614	0.23580193519592285	0.6179009675979614	0.3820990324020386
10u4hu	michele bachmann makes surprise visit to synagogue congregants storm out and donate to her opponent	data/processed/pro_fakeddit/images/10u4hu.jpg	1	0	False	0.6177290976047516	0.23545819520950317	0.6177290976047516	0.3822709023952484
cmawyw	aroma burner is frustrated	data/processed/pro_fakeddit/images/cmawyw.jpg	0	1	False	0.6176615059375763	0.23532302677631378	0.3823384791612625	0.6176615059375763
68k859	apparently disneys giant turkey legs arent actually turkey	data/processed/pro_fakeddit/images/68k859.jpg	0	1	False	0.6165047585964203	0.2330094873905182	0.3834952712059021	0.6165047585964203
6mtwfr	hugh hefner surrounded by bunnies late s	data/processed/pro_fakeddit/images/6mtwfr.jpg	0	1	False	0.6152973473072052	0.2305946946144104	0.3847026526927948	0.6152973473072052
cg4f5r5	you like krabby patties dont you donald	data/processed/pro_fakeddit/images/cg4f5r5.jpg	0	1	False	0.6142061352729797	0.22841225564479828	0.38579387962818146	0.6142061352729797
c9zinw8	bowie is not amused by this offering	data/processed/pro_fakeddit/images/c9zinw8.jpg	0	1	False	0.6135098040103912	0.22701959311962128	0.38649021089076996	0.6135098040103912
cli4bx8	left keys in left side pocket	data/processed/pro_fakeddit/images/cli4bx8.jpg	0	1	False	0.6132091283798218	0.22641828656196594	0.38679084181785583	0.6132091283798218
1i5d59	arnold schwarzenegger grimacing	data/processed/pro_fakeddit/images/1i5d59.jpg	1	0	False	0.613139882683754	0.22627975046634674	0.613139882683754	0.3868601322174072
dkv6888	so natural youd swear its real hair	data/processed/pro_fakeddit/images/dkv6888.jpg	0	1	False	0.611946702003479	0.22389347106218338	0.3880532309412956	0.611946702003479
d32ujqi	meanwhile in a parallel universe	data/processed/pro_fakeddit/images/d32ujqi.jpg	0	1	False	0.6115255802869797	0.22305120527744293	0.38847437500953674	0.6115255802869797
56dvty	caught this guy staring at me in my wood shop	data/processed/pro_fakeddit/images/56dvty.jpg	0	1	False	0.6114999800920486	0.2229999154806137	0.38850006461143494	0.6114999800920486
6s9p5s	authorities florida man lawyers pants catch on fire to bed while husband was sleeping in strangers garage	data/processed/pro_fakeddit/images/6s9p5s.jpg	0	1	False	0.6112771928310394	0.22255435585975647	0.38872283697128296	0.6112771928310394
1x5i8i	the dashboard of doc browns delorean	data/processed/pro_fakeddit/images/1x5i8i.jpg	0	1	False	0.6103049516677856	0.2206099033355713	0.38969504833221436	0.6103049516677856
cdp01aq	httpiimgurcomxtlmhsjpg	data/processed/pro_fakeddit/images/cdp01aq.jpg	0	1	False	0.6098470985889435	0.2196942213922739	0.3901528771966696	0.6098470985889435
8qtcd5	redemption this senior class really came together to plan the senior prank after dropping the ball on the fundraiser for a classmates surgery	data/processed/pro_fakeddit/images/8qtcd5.jpg	0	1	False	0.6094593107700348	0.21891865134239197	0.3905406594276428	0.6094593107700348
8n48do	hidden footage of roseanne barr receiving the call that her show was canceled th	data/processed/pro_fakeddit/images/8n48do.jpg	0	1	False	0.6089056581258774	0.21781132370233536	0.391094334423542	0.6089056581258774
7psst0	these banana boxes just learned what the bailer is used for	data/processed/pro_fakeddit/images/7psst0.jpg	0	1	False	0.6086004972457886	0.21720099449157715	0.3913995027542114	0.6086004972457886
d4tbl9v	a woman not so thrilled to meet donald trump	data/processed/pro_fakeddit/images/d4tbl9v.jpg	0	1	False	0.6083725541830063	0.21674509346485138	0.3916274607181549	0.6083725541830063
blgl7r	jewish peasant pleads to hitler to supply more food to his synagogue	data/processed/pro_fakeddit/images/blgl7r.jpg	0	1	False	0.6065487265586853	0.2130974382162094	0.3934512883424759	0.6065487265586853
8q4yfd	bethesda shows off a mages wand at e before announcing a new elder scrolls game	data/processed/pro_fakeddit/images/8q4yfd.jpg	0	1	False	0.6056054532527924	0.2112109363079071	0.39439451694488525	0.6056054532527924
5hznyi	if you worked as hard and fast as a jap wed smash tokio a lot quicker usa	data/processed/pro_fakeddit/images/5hznyi.jpg	0	1	False	0.6055917739868164	0.21118350327014923	0.3944082707166672	0.6055917739868164
c7222j	former south africa president nelson mandela in a meeting with his cabinet secretaries cnn news	data/processed/pro_fakeddit/images/c7222j.jpg	0	1	False	0.6055089980363846	0.21101798117160797	0.3944910168647766	0.6055089980363846
8pat68	this possible star wars plot hole is tearing the internet in two	data/processed/pro_fakeddit/images/8pat68.jpg	0	1	False	0.6046077311038971	0.2092154622077942	0.3953922688961029	0.6046077311038971
ce6npko	kim jongun crossing the delaware	data/processed/pro_fakeddit/images/ce6npko.jpg	0	1	False	0.602983146905899	0.2059662938117981	0.39701685309410095	0.602983146905899
4hownt	closeup footage of a newly discovered deep sea fish	data/processed/pro_fakeddit/images/4hownt.jpg	0	1	False	0.6019415855407715	0.20388318598270416	0.3980583995580673	0.6019415855407715
bbkbuq	jussie smolette is attacked by white supremacists of african descent	data/processed/pro_fakeddit/images/bbkbuq.jpg	0	1	False	0.5997010767459869	0.19940219819545746	0.4002988785505295	0.5997010767459869
bc3zca	irans introduction of new and repressive sex laws following the islamic revolution	data/processed/pro_fakeddit/images/bc3zca.jpg	0	1	False	0.5992127060890198	0.19842541217803955	0.4007872939109802	0.5992127060890198
8wy0uu	the subways is flooded with water after the storm	data/processed/pro_fakeddit/images/8wy0uu.jpg	0	1	False	0.5987900048494339	0.197580024600029	0.4012099802494049	0.5987900048494339
71o25c	fraud section fraud section	data/processed/pro_fakeddit/images/71o25c.jpg	0	1	False	0.5984456539154053	0.19689129292964935	0.4015543609857559	0.5984456539154053
d76a6v	denver public schools union reach tentative agreement to restrict guatemala asylum seekers sue trump over california emissions deal with mexico thrive	data/processed/pro_fakeddit/images/d76a6v.jpg	0	1	False	0.5969854295253754	0.19397082924842834	0.403014600276947	0.5969854295253754
58jwjm	why some starbucks baristas are intentionally covering the logo on your cup	data/processed/pro_fakeddit/images/58jwjm.jpg	0	1	False	0.5960231721401215	0.19204631447792053	0.4039768576622009	0.5960231721401215
cntkzk	pretreating tshirts for printing and the chemicals leaked to the other side in a smiley face	data/processed/pro_fakeddit/images/cntkzk.jpg	1	0	False	0.594828724861145	0.18965746462345123	0.594828724861145	0.4051712602376938
cqphcqf	politically incorrect baby	data/processed/pro_fakeddit/images/cqphcqf.jpg	0	1	False	0.5946713984012604	0.18934279680252075	0.4053286015987396	0.5946713984012604
1f4lyn	this fella doesnt like the idea hes being watched by the gigapixel camera in dubai	data/processed/pro_fakeddit/images/1f4lyn.jpg	0	1	False	0.5930003821849823	0.18600080907344818	0.4069995731115341	0.5930003821849823
cd74xi3	the most terrifying edition of battletoads to date	data/processed/pro_fakeddit/images/cd74xi3.jpg	0	1	False	0.5918237566947937	0.1836475133895874	0.4081762433052063	0.5918237566947937
b6aatz	shadow of a shirt on staircase bannister looks like a dog hiding behind the curtain	data/processed/pro_fakeddit/images/b6aatz.jpg	1	0	False	0.5918115377426147	0.1836230456829071	0.5918115377426147	0.40818849205970764
cmup1tu	started with earmuffs ended with nsfw	data/processed/pro_fakeddit/images/cmup1tu.jpg	0	1	False	0.59122234582901	0.18244464695453644	0.40877769887447357	0.59122234582901
8gqzbs	when this high schooler asked emma stone to be his date to prom she said yes but then got so trashed in the limo on the way there that she didnt even make it into the dance	data/processed/pro_fakeddit/images/8gqzbs.jpg	0	1	False	0.5896051526069641	0.17921030521392822	0.4103948473930359	0.5896051526069641
3luh1z	came into work to see the real life scoobydoo	data/processed/pro_fakeddit/images/3luh1z.jpg	0	1	False	0.588621586561203	0.1772431954741478	0.4113783910870552	0.588621586561203
avwvlt	senator bernie sanders tries to use the internet for the first time	data/processed/pro_fakeddit/images/avwvlt.jpg	0	1	False	0.5881616175174713	0.17632324993610382	0.4118383675813675	0.5881616175174713
8tlyya	daft punk without helmets at the fifa world cup in russia	data/processed/pro_fakeddit/images/8tlyya.jpg	0	1	False	0.5880752503871918	0.17615053057670593	0.41192471981048584	0.5880752503871918
6jifyl	hugo weaving on set of the matrix	data/processed/pro_fakeddit/images/6jifyl.jpg	0	1	False	0.5874169170856476	0.17483386397361755	0.41258305311203003	0.5874169170856476
230fsc	it is illegal and a punishable crime to give or take dowry lets make our society dowryfree rangpur dinajpur rural organisation rangpur no datedowry outlawed x	data/processed/pro_fakeddit/images/230fsc.jpg	0	1	False	0.5869238972663879	0.1738477498292923	0.41307614743709564	0.5869238972663879
2l6q0z	student suspended for slicing apple during healthy snacks presentation	data/processed/pro_fakeddit/images/2l6q0z.jpg	1	0	False	0.5865798592567444	0.17315968871116638	0.5865798592567444	0.413420170545578
5wk2ef	moonlight named best picture after mishap	data/processed/pro_fakeddit/images/5wk2ef.jpg	0	1	False	0.5864689946174622	0.1729380041360855	0.41353099048137665	0.5864689946174622
1h21lq	antifemalesuffrage french womens rights poster s	data/processed/pro_fakeddit/images/1h21lq.jpg	0	1	False	0.585763543844223	0.17152704298496246	0.41423650085926056	0.585763543844223
2wc9cm	russian search engine yandex sics antitrust agency on google for being too integrated with android	data/processed/pro_fakeddit/images/2wc9cm.jpg	1	0	False	0.5854329764842987	0.17086593806743622	0.5854329764842987	0.4145670384168625
7jq2w9	bound eastern european woman to be sold off as servant in underground trades s	data/processed/pro_fakeddit/images/7jq2w9.jpg	0	1	False	0.5838232338428497	0.16764643788337708	0.41617679595947266	0.5838232338428497
59po64	defense secretary ash carter has ordered a stop to reclaiming reenlistment bonuses	data/processed/pro_fakeddit/images/59po64.jpg	1	0	False	0.5820408165454865	0.1640816479921341	0.5820408165454865	0.41795916855335236
9coit3	picture of the holocaust ca recolorized	data/processed/pro_fakeddit/images/9coit3.jpg	0	1	False	0.5815388709306717	0.16307774186134338	0.4184611290693283	0.5815388709306717
bvh06x	the john candy joke that still makes steve martin cry	data/processed/pro_fakeddit/images/bvh06x.jpg	0	1	False	0.581442192196846	0.16288435459136963	0.4185578376054764	0.581442192196846
6b9aof	drugs you dont agree with alex jones	data/processed/pro_fakeddit/images/6b9aof.jpg	0	1	False	0.579741895198822	0.15948373824357986	0.42025815695524216	0.579741895198822
6muyes	family comforted by thought that mans death will prevent others from climbing war memorial to pretend to fuck horse	data/processed/pro_fakeddit/images/6muyes.jpg	0	1	False	0.5795653760433197	0.1591307446360588	0.4204346314072609	0.5795653760433197
dkzdqg	eye doctors security bars shaped like eyes	data/processed/pro_fakeddit/images/dkzdqg.jpg	1	0	False	0.579305425286293	0.15861085802316666	0.579305425286293	0.4206945672631264
avj4mc	martin scorsese visits the set of return of the jedi	data/processed/pro_fakeddit/images/avj4mc.jpg	0	1	False	0.5788701176643372	0.1577402651309967	0.42112985253334045	0.5788701176643372
cqnp9h	euuk begin brexit negotiations	data/processed/pro_fakeddit/images/cqnp9h.jpg	0	1	False	0.5777438282966614	0.15548765659332275	0.4222561717033386	0.5777438282966614
7oae4s	pat smear of the germspreforming live on stage with the washington grunge group nirvana	data/processed/pro_fakeddit/images/7oae4s.jpg	0	1	False	0.5764414072036743	0.15288281440734863	0.4235585927963257	0.5764414072036743
c4agsx	the usa and uk authorise drone strikes on libya to topple colonel gaddafi circa	data/processed/pro_fakeddit/images/c4agsx.jpg	0	1	False	0.5758877098560333	0.15177543461322784	0.4241122752428055	0.5758877098560333
aswntg	defy media paying loans circa	data/processed/pro_fakeddit/images/aswntg.jpg	0	1	False	0.5758023113012314	0.15160464495420456	0.4241976663470268	0.5758023113012314
6164g6	president donald trump sits in the drivers seat of a semitruck	data/processed/pro_fakeddit/images/6164g6.jpg	1	0	False	0.575200229883194	0.15040043741464615	0.575200229883194	0.4247997924685478
cfg835	when you search for anagram in google google suggestscorrects you with an actual example of an anagram	data/processed/pro_fakeddit/images/cfg835.jpg	1	0	False	0.5738356113433838	0.147671177983284	0.5738356113433838	0.4261644333600998
czvskhs	this is the stuff of reddit nightmares	data/processed/pro_fakeddit/images/czvskhs.jpg	0	1	False	0.5734798461198807	0.14695969223976135	0.4265201538801193	0.5734798461198807
axvxee	this crab in the seafood section of the supermarket is holding a seashell in its claw	data/processed/pro_fakeddit/images/axvxee.jpg	1	0	False	0.5733281821012497	0.14665637910366058	0.5733281821012497	0.4266718029975891
9ji786	the assassination of james a garfield th	data/processed/pro_fakeddit/images/9ji786.jpg	0	1	False	0.572981134057045	0.14596225321292877	0.4270188808441162	0.572981134057045
dfro2l3	chicken nuggets im hating it	data/processed/pro_fakeddit/images/dfro2l3.jpg	0	1	False	0.5727881491184235	0.14557631313800812	0.42721183598041534	0.5727881491184235
9jtpdk	picture of imperial japanese armed forces occupying ryuko island by kobayashi kiyochika	data/processed/pro_fakeddit/images/9jtpdk.jpg	0	1	False	0.5718372464179993	0.14367449283599854	0.42816275358200073	0.5718372464179993
6kcche	yearold boy invents a genius device to stop children dying in hot cars	data/processed/pro_fakeddit/images/6kcche.jpg	0	1	False	0.5699380487203598	0.139876127243042	0.4300619214773178	0.5699380487203598
75kzoz	donald trumps attempt to cheat on his iq test backfires	data/processed/pro_fakeddit/images/75kzoz.jpg	0	1	False	0.5693934857845306	0.13878697156906128	0.43060651421546936	0.5693934857845306
ruhuh	tough guide to baghdad iraqi artist satirizes the occupation	data/processed/pro_fakeddit/images/ruhuh.jpg	0	1	False	0.5679421126842499	0.13588425517082214	0.43205785751342773	0.5679421126842499
56fzp6	danny devito to quit its always sunny in philadelphia after two more seasons	data/processed/pro_fakeddit/images/56fzp6.jpg	0	1	False	0.5651432275772095	0.13028644025325775	0.4348567873239517	0.5651432275772095
7756px	the fatal seatbelt mistake passengers are making	data/processed/pro_fakeddit/images/7756px.jpg	0	1	False	0.5650958269834518	0.1301916316151619	0.43490419536828995	0.5650958269834518
9in752	president trump arrives in puerto rico	data/processed/pro_fakeddit/images/9in752.jpg	0	1	False	0.5639611780643463	0.12792234122753143	0.4360388368368149	0.5639611780643463
btd5fr	faces decorating an underpass in tucson	data/processed/pro_fakeddit/images/btd5fr.jpg	1	0	False	0.5636732131242752	0.12734641134738922	0.5636732131242752	0.436326801776886
4s8hgg	researchers have found the worlds ugliest colour	data/processed/pro_fakeddit/images/4s8hgg.jpg	0	1	False	0.562714695930481	0.12542934715747833	0.4372853487730026	0.562714695930481
9jqafh	a distraught man surrounded by worried people	data/processed/pro_fakeddit/images/9jqafh.jpg	1	0	False	0.5619156658649445	0.12383127212524414	0.5619156658649445	0.4380843937397003
7lixhc	us ambassador to netherlands describes own words as fake news	data/processed/pro_fakeddit/images/7lixhc.jpg	1	0	False	0.5615933984518051	0.12318676710128784	0.5615933984518051	0.4384066313505173
44e6r9	newspaper dropped by the raf on the channel islands during the german occupation uk	data/processed/pro_fakeddit/images/44e6r9.jpg	0	1	False	0.5611789673566818	0.12235793471336365	0.4388210326433182	0.5611789673566818
d7e2ga	one red tomato on a yellow tomato plant	data/processed/pro_fakeddit/images/d7e2ga.jpg	1	0	False	0.5605978071689606	0.12119560688734055	0.5605978071689606	0.43940220028162
cx55pg	kobe bryant claims he wouldve won rings if shaqs deadbeat father was around to instill stronger work ethic	data/processed/pro_fakeddit/images/cx55pg.jpg	0	1	False	0.5585571527481079	0.11711432039737701	0.4414428323507309	0.5585571527481079
bwdulf	part of the bernie sanders is tanking in the polls after a dna test revealed that hes king	data/processed/pro_fakeddit/images/bwdulf.jpg	0	1	False	0.5582460463047028	0.11649210751056671	0.44175393879413605	0.5582460463047028
c8iq93v	kim jongun finds an unmissable offer	data/processed/pro_fakeddit/images/c8iq93v.jpg	0	1	False	0.5580825805664062	0.11616511642932892	0.44191746413707733	0.5580825805664062
8parze	sean hannity tells mueller investigation witnesses to destroy evidence	data/processed/pro_fakeddit/images/8parze.jpg	1	0	False	0.5569925606250763	0.1139850914478302	0.5569925606250763	0.4430074691772461
969ngv	old big mac covered in mold	data/processed/pro_fakeddit/images/969ngv.jpg	0	1	False	0.5566392987966537	0.11327862739562988	0.44336067140102386	0.5566392987966537
4pj0v7	us militarys satellitelaunching xs space plane will eventually be able to take close pictures of something moving	data/processed/pro_fakeddit/images/4pj0v7.jpg	0	1	False	0.5534888058900833	0.10697762668132782	0.4465111792087555	0.5534888058900833
8qm9y4	on this day in gert frobe and harold sakata were unveiled as the bad guys in the upcoming bond film goldfinger	data/processed/pro_fakeddit/images/8qm9y4.jpg	0	1	False	0.5503924489021301	0.10078492760658264	0.4496075212955475	0.5503924489021301
cjmsqac	gman sitting on a creepy chair at the bottom of a body of water	data/processed/pro_fakeddit/images/cjmsqac.jpg	0	1	False	0.549804762005806	0.09960952401161194	0.45019523799419403	0.549804762005806
curep3	this bullseye barbecue sauce label that missed the mark	data/processed/pro_fakeddit/images/curep3.jpg	1	0	False	0.5490153878927231	0.09803079068660736	0.5490153878927231	0.4509845972061157
62t3ez	gordon ramsay has strong feelings about pineapple pizza	data/processed/pro_fakeddit/images/62t3ez.jpg	0	1	False	0.5489059835672379	0.09781195968389511	0.45109402388334274	0.5489059835672379
2u3pmn	it took me the better part of two weeks but i finally finished my macrame purse	data/processed/pro_fakeddit/images/2u3pmn.jpg	0	1	False	0.5486110597848892	0.09722208976745605	0.45138897001743317	0.5486110597848892
beuhho	netflix hq after disney announcing their own streaming service disney	data/processed/pro_fakeddit/images/beuhho.jpg	0	1	False	0.547891840338707	0.09578368067741394	0.45210815966129303	0.547891840338707
1vlp1m	smoghit beijing shows sunsets on a giant tv to remind people what the sun looks like	data/processed/pro_fakeddit/images/1vlp1m.jpg	1	0	False	0.5472591817378998	0.09451834857463837	0.5472591817378998	0.4527408331632614
dgag22	the shadow of my gate displays the street number vertically but on the gate its horizontal	data/processed/pro_fakeddit/images/dgag22.jpg	1	0	False	0.5472494959831238	0.09449894726276398	0.5472494959831238	0.4527505487203598
dghgw9	walle but as a shadow on a wall	data/processed/pro_fakeddit/images/dghgw9.jpg	1	0	False	0.5470564663410187	0.09411291778087616	0.5470564663410187	0.4529435485601425
drhov0g	a dog or two spirits looking at each other	data/processed/pro_fakeddit/images/drhov0g.jpg	0	1	False	0.5468710511922836	0.09374211728572845	0.4531289339065552	0.5468710511922836
dgmfdo	funny sign at a marriot hotel describing their alarms wtf is a whoop whoop	data/processed/pro_fakeddit/images/dgmfdo.jpg	1	0	False	0.546390637755394	0.09278123080730438	0.546390637755394	0.4536094069480896
9hkiey	new prescription drug warning labels in canada	data/processed/pro_fakeddit/images/9hkiey.jpg	1	0	False	0.5461605787277222	0.09232118725776672	0.5461605787277222	0.45383939146995544
9dy5gr	nixon and brezhnev sign the prevention of nuclear war agreement	data/processed/pro_fakeddit/images/9dy5gr.jpg	0	1	False	0.545532152056694	0.09106430411338806	0.45446784794330597	0.545532152056694
11xasn	mitt romney gives the crowd a thumbs up after the debate	data/processed/pro_fakeddit/images/11xasn.jpg	1	0	False	0.5444997996091843	0.08899959921836853	0.5444997996091843	0.45550020039081573
9bun0x	my watering handle flipped out of the tomato plant and began watering the serrano	data/processed/pro_fakeddit/images/9bun0x.jpg	1	0	False	0.5443487018346786	0.0886973887681961	0.5443487018346786	0.45565131306648254
cle0jw	hitler explaining his strategy to take over france to his military advisers	data/processed/pro_fakeddit/images/cle0jw.jpg	0	1	False	0.543278768658638	0.08655758202075958	0.4567211866378784	0.543278768658638
2f2o0v	a woman cutting her wrist	data/processed/pro_fakeddit/images/2f2o0v.jpg	0	1	False	0.5429898053407669	0.08597959578037262	0.4570102095603943	0.5429898053407669
6bnlva	the yearold brit who stopped the global cyberattack is donating his reward to charity	data/processed/pro_fakeddit/images/6bnlva.jpg	1	0	False	0.542709469795227	0.08541896939277649	0.542709469795227	0.45729050040245056
b5qmk7	algeria army urges removal of president abdelaziz bouteflika	data/processed/pro_fakeddit/images/b5qmk7.jpg	1	0	False	0.5427033007144928	0.0854066014289856	0.5427033007144928	0.4572966992855072
5ol7h4	donald trump was asked to name one of his heroes his answer was very very strange	data/processed/pro_fakeddit/images/5ol7h4.jpg	0	1	False	0.5421603471040726	0.08432072401046753	0.45783962309360504	0.5421603471040726
7v03cq	socjus gamerghazi vs jontron	data/processed/pro_fakeddit/images/7v03cq.jpg	0	1	False	0.5414176732301712	0.08283533155918121	0.45858234167099	0.5414176732301712
2ytho9	kayak for a cause brocade in dishonour	data/processed/pro_fakeddit/images/2ytho9.jpg	0	1	False	0.5397748053073883	0.07954958081245422	0.4602252244949341	0.5397748053073883
6waezs	tillerson china agrees on fullface veil in public places	data/processed/pro_fakeddit/images/6waezs.jpg	0	1	False	0.5396035611629486	0.07920710742473602	0.4603964537382126	0.5396035611629486
cezsh5	a half and half tree i came across at the hat creek observatory	data/processed/pro_fakeddit/images/cezsh5.jpg	1	0	False	0.5388112962245941	0.07762256264686584	0.5388112962245941	0.46118873357772827
as6i1w	join french volunteers legion against bolshevism one of many for the lvf date unknown	data/processed/pro_fakeddit/images/as6i1w.jpg	0	1	False	0.5381597131490707	0.07631947100162506	0.4618402421474457	0.5381597131490707
5suol6	under armour ceo trump is the master troll and the media has reported about trump	data/processed/pro_fakeddit/images/5suol6.jpg	0	1	False	0.5366720706224442	0.0733441412448883	0.46332792937755585	0.5366720706224442
cm0uo7q	what if they threw a kim kardashian and nobody came	data/processed/pro_fakeddit/images/cm0uo7q.jpg	0	1	False	0.5363650172948837	0.07273004949092865	0.4636349678039551	0.5363650172948837
d71fsu	defense minister vo nguyen giap celebrates after winning the first pick of the vietnam draft	data/processed/pro_fakeddit/images/d71fsu.jpg	0	1	False	0.535606786608696	0.07121355831623077	0.4643932282924652	0.535606786608696
4jdt1t	are we heading for another housing crisis	data/processed/pro_fakeddit/images/4jdt1t.jpg	0	1	False	0.5351421236991882	0.07028424739837646	0.46485787630081177	0.5351421236991882
3vs2wh	barechested black man in superman underwear rollerskating through the church aisle	data/processed/pro_fakeddit/images/3vs2wh.jpg	1	0	False	0.5350547358393669	0.07010948657989502	0.5350547358393669	0.4649452492594719
6c74as	former fbi director james comey has agreed to testify before the senate intelligence committee npr	data/processed/pro_fakeddit/images/6c74as.jpg	1	0	False	0.5347529202699661	0.06950587034225464	0.5347529202699661	0.4652470499277115
clbijd	this capri sun bag i found a goodwill	data/processed/pro_fakeddit/images/clbijd.jpg	1	0	False	0.5344981253147125	0.06899622082710266	0.5344981253147125	0.46550190448760986
96tzz9	danny devito getting escorted to his car after filming the new season of its always sunny in philadelphia	data/processed/pro_fakeddit/images/96tzz9.jpg	0	1	False	0.5343789160251617	0.0687578022480011	0.46562111377716064	0.5343789160251617
6cbddp	jeremy corbyn staring at a dog	data/processed/pro_fakeddit/images/6cbddp.jpg	1	0	False	0.5336736738681793	0.06734729558229446	0.5336736738681793	0.46632637828588486
39qp2s	this is what happens when there is no second opinion iraq war no wmds civilian deaths russia modern	data/processed/pro_fakeddit/images/39qp2s.jpg	0	1	False	0.5333976447582245	0.06679531186819077	0.4666023328900337	0.5333976447582245
8fzxb9	find out what jason biggs mark zuckerberg and bernie sanders have to say	data/processed/pro_fakeddit/images/8fzxb9.jpg	0	1	False	0.5330417454242706	0.06608347594738007	0.46695826947689056	0.5330417454242706
4o0xkf	scientific link found between aviation disasters and cellphones	data/processed/pro_fakeddit/images/4o0xkf.jpg	0	1	False	0.5327520966529846	0.06550417840480804	0.4672479182481766	0.5327520966529846
az5vvl	the barcode on this egg carton is designed into a farm house	data/processed/pro_fakeddit/images/az5vvl.jpg	1	0	False	0.5315107256174088	0.0630214512348175	0.5315107256174088	0.46848927438259125
98f0eg	hillary clinton talking about her deleted emails	data/processed/pro_fakeddit/images/98f0eg.jpg	0	1	False	0.5314629524946213	0.06292589008808136	0.4685370624065399	0.5314629524946213
1c4xjv	mtv star farrah abrahams porn video a new low of lows experts say	data/processed/pro_fakeddit/images/1c4xjv.jpg	1	0	False	0.5313318520784378	0.06266368925571442	0.5313318520784378	0.4686681628227234
d7thzmj	china face read all about it	data/processed/pro_fakeddit/images/d7thzmj.jpg	0	1	False	0.5293695330619812	0.05873909592628479	0.4706304371356964	0.5293695330619812
2d8cef	steven seagal looks menacingly at an unsually smiley vladimir putin	data/processed/pro_fakeddit/images/2d8cef.jpg	1	0	False	0.5292230620980263	0.05844613164663315	0.5292230620980263	0.4707769304513931
4fjqjk	insanity carson tells ny to take credit for work you did there american dad	data/processed/pro_fakeddit/images/4fjqjk.jpg	0	1	False	0.5291144847869873	0.058228954672813416	0.4708855301141739	0.5291144847869873
ccczkx	this box came with a plastic tool for cutting the tape	data/processed/pro_fakeddit/images/ccczkx.jpg	1	0	False	0.5285683274269104	0.05713663995265961	0.5285683274269104	0.4714316874742508
ix2yc	vegetable box raises eyebrow with concerned expression	data/processed/pro_fakeddit/images/ix2yc.jpg	0	1	False	0.5284067243337631	0.05681346356868744	0.4715932607650757	0.5284067243337631
1kaymj	hooters restaurants in san diego wont serve bob filner	data/processed/pro_fakeddit/images/1kaymj.jpg	1	0	False	0.5283153802156448	0.05663071572780609	0.5283153802156448	0.47168466448783875
ck5cow	a collection of water on my patio table looks like fry from futurama about to be eaten by a fish	data/processed/pro_fakeddit/images/ck5cow.jpg	1	0	False	0.527986690402031	0.0559733510017395	0.527986690402031	0.47201333940029144
4v2nfj	you wont believe what planned parenthood blames the orlando shooting on and its not terrorism	data/processed/pro_fakeddit/images/4v2nfj.jpg	0	1	False	0.5262736976146698	0.052547380328178406	0.4737263172864914	0.5262736976146698
byla4g	this warning on my sons lightsaber to avoid injury discontinue use if core is exposed	data/processed/pro_fakeddit/images/byla4g.jpg	1	0	False	0.52531498670578	0.05062998831272125	0.52531498670578	0.4746849983930588
bg6wyx	blind willie johnson nobodys fault but mine	data/processed/pro_fakeddit/images/bg6wyx.jpg	0	1	False	0.5252843648195267	0.05056874454021454	0.47471562027931213	0.5252843648195267
arud4u	mueller wins roger stone gag order moves to sentence manafort	data/processed/pro_fakeddit/images/arud4u.jpg	1	0	False	0.5247329771518707	0.04946593940258026	0.5247329771518707	0.47526703774929047
b77ykn	cbs employees credit union manager charged with embezzling million	data/processed/pro_fakeddit/images/b77ykn.jpg	1	0	False	0.5245067477226257	0.04901351034641266	0.5245067477226257	0.4754932373762131
44boy4	an monthold sea lion sits in a booth in an upmarket san diego california restaurant thursday on	data/processed/pro_fakeddit/images/44boy4.jpg	1	0	False	0.5242855399847031	0.048571065068244934	0.5242855399847031	0.47571447491645813
5kdy6v	heres how much the death star would have cost	data/processed/pro_fakeddit/images/5kdy6v.jpg	0	1	False	0.5241654515266418	0.0483308881521225	0.47583456337451935	0.5241654515266418
5gtykw	calgary man caught on video riding scooter to work in snowstorm gifted new wheels	data/processed/pro_fakeddit/images/5gtykw.jpg	1	0	False	0.5233375579118729	0.04667511582374573	0.5233375579118729	0.47666244208812714
bq41wp	these umbrella weights are shaped like bottle caps	data/processed/pro_fakeddit/images/bq41wp.jpg	1	0	False	0.5227779448032379	0.04555588960647583	0.5227779448032379	0.4772220551967621
dh9zmf	a trash can at a burger king	data/processed/pro_fakeddit/images/dh9zmf.jpg	1	0	False	0.5226210057735443	0.045241981744766235	0.5226210057735443	0.4773790240287781
24j98p	neil degrasse tyson pointing fingers	data/processed/pro_fakeddit/images/24j98p.jpg	1	0	False	0.5223069190979004	0.04461382329463959	0.5223069190979004	0.4776930958032608
23dv20	man riding a tricycle covered in flower stickers	data/processed/pro_fakeddit/images/23dv20.jpg	1	0	False	0.5217556208372116	0.043511271476745605	0.5217556208372116	0.478244349360466
b7twys	reeses owns the color orange	data/processed/pro_fakeddit/images/b7twys.jpg	1	0	False	0.5216200798749924	0.043240129947662354	0.5216200798749924	0.47837994992733
arp78r	a strange place to advertise mickey mouse	data/processed/pro_fakeddit/images/arp78r.jpg	1	0	False	0.5205494165420532	0.04109880328178406	0.5205494165420532	0.47945061326026917
b1xlz3	salt stain on boot looks like mushroom cloud	data/processed/pro_fakeddit/images/b1xlz3.jpg	1	0	False	0.5197884291410446	0.03957684338092804	0.5197884291410446	0.4802115857601166
7y6d4g	frustrated freight drivers queue in calais after the united kingdom leaves the eu customs union	data/processed/pro_fakeddit/images/7y6d4g.jpg	0	1	False	0.51954136043787	0.03908270597457886	0.48045865446329117	0.51954136043787
cww4la	rice fields that look like stained glass	data/processed/pro_fakeddit/images/cww4la.jpg	0	1	False	0.5195202529430389	0.03904050588607788	0.48047974705696106	0.5195202529430389
8g4hjp	mark zuckerberg testifies on capitol hill	data/processed/pro_fakeddit/images/8g4hjp.jpg	0	1	False	0.5194701254367828	0.03894026577472687	0.48052985966205597	0.5194701254367828
1j9qjh	at least six times this week customers at tim hortons restaurants have paid for their own cups of coffee and cups of brew for the next or more people in line	data/processed/pro_fakeddit/images/1j9qjh.jpg	1	0	False	0.5191841423511505	0.03836829960346222	0.5191841423511505	0.4808158427476883
5qnoey	white child touching the shield of a black state trooper at kkk rally	data/processed/pro_fakeddit/images/5qnoey.jpg	1	0	False	0.517964281141758	0.03592858463525772	0.517964281141758	0.48203569650650024
e6z8t0y	reservation for mccallister	data/processed/pro_fakeddit/images/e6z8t0y.jpg	0	1	False	0.5176043212413788	0.03520869463682175	0.48239562660455704	0.5176043212413788
1m71or	a glitched sims character	data/processed/pro_fakeddit/images/1m71or.jpg	1	0	False	0.5175163745880127	0.03503274917602539	0.5175163745880127	0.4824836254119873
5c36pd	treasury agents attempt to arrest al scarface capone for tax evasion as he flees in his zeppelin st valentine	data/processed/pro_fakeddit/images/5c36pd.jpg	0	1	False	0.5174516439437866	0.03490328788757324	0.4825483560562134	0.5174516439437866
1kg266	joffrey baratheon jack gleeson holding up a funny caricaturefrom rpics	data/processed/pro_fakeddit/images/1kg266.jpg	1	0	False	0.5174229890108109	0.0348459929227829	0.5174229890108109	0.48257699608802795
c3cnp8	balanced a water bottle on a spoon in a bowl	data/processed/pro_fakeddit/images/c3cnp8.jpg	1	0	False	0.516872301697731	0.03374457359313965	0.516872301697731	0.48312772810459137
317523	a program that encourages lowincome people to buy more fruit and vegetables at farmers markets will expand across california thanks to a million grant	data/processed/pro_fakeddit/images/317523.jpg	1	0	False	0.5166137367486954	0.03322744369506836	0.5166137367486954	0.483386293053627
3na63y	the labor force participation rate reached its lowest point in years with percent of the us population either holding a job or actively seeking one	data/processed/pro_fakeddit/images/3na63y.jpg	1	0	False	0.5159610360860825	0.03192204236984253	0.5159610360860825	0.48403899371623993
600uyp	secret service laptop with trump clinton info stolen	data/processed/pro_fakeddit/images/600uyp.jpg	1	0	False	0.5158423632383347	0.03168468177318573	0.5158423632383347	0.4841576814651489
7zpzd6	liberalism the right way uk liberal party poster	data/processed/pro_fakeddit/images/7zpzd6.jpg	0	1	False	0.5154673308134079	0.03093467652797699	0.4845326542854309	0.5154673308134079
wvx40	a child plays between two cartoon military statues	data/processed/pro_fakeddit/images/wvx40.jpg	1	0	False	0.5149555057287216	0.02991102635860443	0.5149555057287216	0.4850444793701172
bterh9	this monitor in a food court show you all the public transportation and rideshare options you have in one location	data/processed/pro_fakeddit/images/bterh9.jpg	1	0	False	0.5143946558237076	0.028789326548576355	0.5143946558237076	0.4856053292751312
3q8wf0	i found this cool subreddit you might marry the wrong generation im years old he built himself	data/processed/pro_fakeddit/images/3q8wf0.jpg	0	1	False	0.5141011327505112	0.02820223569869995	0.4858988970518112	0.5141011327505112
avdoxi	samsung health icon looks like a duck looking right your left i posted in confusing perspective but no one could see it there	data/processed/pro_fakeddit/images/avdoxi.jpg	0	1	False	0.5128237903118134	0.02564758062362671	0.48717620968818665	0.5128237903118134
4wb43d	city of fairfax mayor arrested in methforsex bust police say	data/processed/pro_fakeddit/images/4wb43d.jpg	1	0	False	0.5119154304265976	0.023830875754356384	0.5119154304265976	0.4880845546722412
c1plg7	mini golf hole where you have to use a chipper to hit the ball over a wall	data/processed/pro_fakeddit/images/c1plg7.jpg	1	0	False	0.5116405189037323	0.0232810378074646	0.5116405189037323	0.4883594810962677
660swy	trump to overhaul visa program for highskilled workers	data/processed/pro_fakeddit/images/660swy.jpg	1	0	False	0.5102769285440445	0.020553871989250183	0.5102769285440445	0.4897230565547943
bbl8g1	i found these chips called boo chips shaped like little ghosts	data/processed/pro_fakeddit/images/bbl8g1.jpg	1	0	False	0.5098820924758911	0.019764184951782227	0.5098820924758911	0.4901179075241089
bn1f4u	did that ted bundy hacksaw moment really happen	data/processed/pro_fakeddit/images/bn1f4u.jpg	0	1	False	0.5095969140529633	0.019193843007087708	0.49040307104587555	0.5095969140529633
1ut77z	gatorade app warned kids to avoid drinking water because its the enemy	data/processed/pro_fakeddit/images/1ut77z.jpg	1	0	False	0.5084527730941772	0.016905561089515686	0.5084527730941772	0.49154721200466156
3ti5at	indonesia apologizes for posters saying sneezing can transmit hiv	data/processed/pro_fakeddit/images/3ti5at.jpg	1	0	False	0.5079123675823212	0.01582476496696472	0.5079123675823212	0.49208760261535645
bn7wmm	this pack of waffle cones wrapped in bubble wrap	data/processed/pro_fakeddit/images/bn7wmm.jpg	1	0	False	0.505874365568161	0.011748716235160828	0.505874365568161	0.4941256493330002
c2kmfv	cocacola have released a range of mixers in the style of the very first bottles	data/processed/pro_fakeddit/images/c2kmfv.jpg	1	0	False	0.5057335793972015	0.011467158794403076	0.5057335793972015	0.49426642060279846
csqfb5t	donald trumpalumpadingdong	data/processed/pro_fakeddit/images/csqfb5t.jpg	0	1	False	0.5055834203958511	0.011166825890541077	0.49441659450531006	0.5055834203958511
633uzl	the zika virus outbreak the war on terror former president of the unwitting populations of the nogales facility showing the alleged eye misalignment	data/processed/pro_fakeddit/images/633uzl.jpg	0	1	False	0.5048168152570724	0.009633645415306091	0.49518316984176636	0.5048168152570724
3frf2f	two in custody after meth lab found inside cedar rapids taco bell	data/processed/pro_fakeddit/images/3frf2f.jpg	1	0	False	0.5047232210636139	0.009446442127227783	0.5047232210636139	0.4952767789363861
37bch9	chinese officials sent on prison tours as a warning against corruption	data/processed/pro_fakeddit/images/37bch9.jpg	1	0	False	0.5039514303207397	0.00790289044380188	0.5039514303207397	0.49604853987693787
1j9gc3	a man in a raised infinity pool	data/processed/pro_fakeddit/images/1j9gc3.jpg	1	0	False	0.5037634968757629	0.007526978850364685	0.5037634968757629	0.49623651802539825
cckhqz	mountain dew on top of a light	data/processed/pro_fakeddit/images/cckhqz.jpg	1	0	False	0.5037613064050674	0.007522642612457275	0.5037613064050674	0.49623866379261017
b6utdi	bipartisan nuclear bill extends federal ppas to years to push advanced reactors the bill seeks to establish a pathway to enable privatepublic partnerships to construct advanced nuclear demonstration reactors over the next two decades sen joe manchin dwva	data/processed/pro_fakeddit/images/b6utdi.jpg	1	0	False	0.5032424628734589	0.006484925746917725	0.5032424628734589	0.49675753712654114
34adw7	forced perspective of a man climbing up the back of another man in nisyros	data/processed/pro_fakeddit/images/34adw7.jpg	1	0	False	0.5027816891670227	0.005563326179981232	0.5027816891670227	0.4972183629870415
61lfuj	warning while bush spends billions playing cowboy million americans have no health insurance one american dies of aids every eight minutes act up us	data/processed/pro_fakeddit/images/61lfuj.jpg	0	1	False	0.5024286806583405	0.004857346415519714	0.49757133424282074	0.5024286806583405
2b9qbw	a dog in a chicken costume	data/processed/pro_fakeddit/images/2b9qbw.jpg	1	0	False	0.5022020861506462	0.004404157400131226	0.5022020861506462	0.497797928750515
b7phc7	my local grocery store has a shopping cart escalator	data/processed/pro_fakeddit/images/b7phc7.jpg	1	0	False	0.5009227395057678	0.0018454194068908691	0.5009227395057678	0.49907732009887695
3v8k1c	nick cannon is the new chief creative officer of radioshack	data/processed/pro_fakeddit/images/3v8k1c.jpg	1	0	False	0.5005805194377899	0.0011610239744186401	0.5005805194377899	0.4994194954633713
bumaet	this atm requires cards to be inserted horizontally to help prevent skimmer attacks	data/processed/pro_fakeddit/images/bumaet.jpg	1	0	False	0.5005210041999817	0.0010419636964797974	0.5005210041999817	0.4994790405035019
