id	text	image_path	y_true	y_pred	correct	confidence	margin	score_not_humanitarian	score_other_relevant_information	score_rescue_volunteering_or_donation_effort	score_infrastructure_and_utility_damage	score_affected_individuals	score_vehicle_damage	score_injured_or_dead_people	score_missing_or_found_people	_text_was_empty	_image_encoded	score_image_not_humanitarian	score_image_other_relevant_information	score_image_rescue_volunteering_or_donation_effort	score_image_infrastructure_and_utility_damage	score_image_affected_individuals	score_image_vehicle_damage	score_image_injured_or_dead_people	score_image_missing_or_found_people	_text_encoded	score_text_not_humanitarian	score_text_other_relevant_information	score_text_rescue_volunteering_or_donation_effort	score_text_infrastructure_and_utility_damage	score_text_affected_individuals	score_text_vehicle_damage	score_text_injured_or_dead_people	score_text_missing_or_found_people
901713406926888961	San Antonio News Hundreds of Harvey evacuees staying at shelters in San Antonio - WOAI	data/processed/pro_crisismmd/images/data_image/hurricane_harvey/27_8_2017/901713406926888961_0.jpg	rescue_volunteering_or_donation_effort	affected_individuals	False	0.9501125812530518	0.9186986109707505	0.013224496273323894	0.00030115505069261417	0.03141397028230131	9.638094161346089e-05	0.9501125812530518	1.1750083984907178e-05	0.0008602165034972131	0.003979480476118624	False	True	0.014323261566460133	0.00016151877935044467	0.010324944742023945	7.563319377368316e-05	0.9691594243049622	1.54227927851025e-05	0.0007461283821612597	0.005193724296987057	True	0.009928200393915176	0.0007200638647191226	0.09468104690313339	0.00015862418513279408	0.8929720520973206	7.319575843212078e-07	0.0012024808675050735	0.00033674901351332664
9,22164E+17	Red Flag Warnings today, October 22, in California, Nebraska, Kansas, and Colorado. Wildfires	data/processed/pro_crisismmd/images/data_image/california_wildfires/22_10_2017/922164120744493056_0.jpg	not_humanitarian	other_relevant_information	False	0.9450096935033798	0.9136788658797741	0.03133082762360573	0.9450096935033798	0.002520558366086334	0.00845829796162434	0.010767094674520195	7.285000629053684e-05	0.0007625083962921053	0.0010782028330140747	False	True	0.03217810019850731	0.9564404487609863	0.0008124138694256544	0.0017596319084987044	0.006567383650690317	8.638814324513078e-05	0.0008003916009329259	0.0013552510645240545	True	0.028789009898900986	0.9107174277305603	0.007644991856068373	0.028554296121001244	0.023366227746009827	3.2235595426755026e-05	0.0006488587823696434	0.00024705813848413527
904402558877302784	Houston NO FLOOD INSURANCE Here are some resources HoustonStrong HurricaneHarvey	data/processed/pro_crisismmd/images/data_image/hurricane_harvey/3_9_2017/904402558877302784_0.jpg	other_relevant_information	not_humanitarian	False	0.9436191767454147	0.9135499927215278	0.9436191767454147	0.00798964244313538	0.005040764051955193	0.008723070728592575	0.03006918402388692	0.00025405903261344065	0.00014638823449786287	0.004157710490744648	False	True	0.9503799080848694	0.0017644977197051048	0.003028808394446969	0.0068024820648133755	0.03203970566391945	0.00033418292878195643	0.00011602407175814733	0.005534377880394459	True	0.9233369827270508	0.02666507661342621	0.011076631024479866	0.014484836719930172	0.02415761910378933	1.3687344107893296e-05	0.00023748072271700948	2.770832179521676e-05
905188857179545600	Back to Back to Back. Harvey Irma Jose	data/processed/pro_crisismmd/images/data_image/hurricane_harvey/5_9_2017/905188857179545600_1.jpg	other_relevant_information	not_humanitarian	False	0.9332941770553589	0.8873628261499107	0.9332941770553589	0.0459313509054482	0.0007625863654538989	0.0035141221596859396	0.003763080050703138	0.00040652509846950124	0.0010907539326581173	0.011237447865369177	False	True	0.9198473691940308	0.05731894448399544	0.00043314043432474136	0.0014716882724314928	0.004068541340529919	0.0005380396614782512	0.0013471178244799376	0.014975202269852161	True	0.9736346006393433	0.01176857016980648	0.0017509241588413715	0.00964142382144928	0.0028466961812227964	1.1981409443251323e-05	0.0003216622571926564	2.4184651920222677e-05
9,17852E+17	California on fire, as seen from space. Aqua satellite, dated 9 Oct 2017 at 21:50 UTC (2:50 PM local time).	data/processed/pro_crisismmd/images/data_image/california_wildfires/10_10_2017/917852446898102272_0.jpg	not_humanitarian	other_relevant_information	False	0.9283589571714401	0.8765144910648814	0.051844466106558684	0.9283589571714401	0.0005215194469201379	0.008558825720683672	0.008183988684322685	0.0015639622615708504	0.0005642676915158518	0.0004041034262627363	False	True	0.06905373930931091	0.9051274657249451	0.0005403899122029543	0.011229322291910648	0.01080675795674324	0.002070759888738394	0.0007162212859839201	0.00045548504567705095	True	0.00021664649830199778	0.9980534315109253	0.00046490805107168853	0.0005473360070027411	0.00031568086706101894	4.35693800682202e-05	0.00010840690811164677	0.00024995856801979244
904773355546578944	Hurry up go to and donate harvey they will double ur donation till sept 6th	data/processed/pro_crisismmd/images/data_image/hurricane_harvey/4_9_2017/904773355546578944_0.jpg	rescue_volunteering_or_donation_effort	not_humanitarian	False	0.9268097579479218	0.871682639233768	0.9268097579479218	0.002703782287426293	0.05512711871415377	0.000253764117587707	0.006535121705383062	4.436074348745933e-06	0.001029738508805167	0.007536305347457528	False	True	0.9494920969009399	0.001249232329428196	0.03382960334420204	8.657202852191404e-05	0.005353621207177639	5.614312158286339e-06	0.0012901070294901729	0.0086931511759758	True	0.8587627410888672	0.007067432161420584	0.11901966482400894	0.0007553403847850859	0.010079623199999332	9.013609201247164e-07	0.00024863294675014913	0.004065767861902714
9,23274E+17	Thank you, Francisco Medina, for your generous support of the California Fire Foundation!	data/processed/pro_crisismmd/images/data_image/california_wildfires/25_10_2017/923273838573453312_0.jpg	rescue_volunteering_or_donation_effort	not_humanitarian	False	0.9242800176143646	0.887344588059932	0.9242800176143646	0.0030281087092589587	0.03693542955443263	0.001234297116752714	0.012410330586135387	2.013096698760819e-05	0.001743094326229766	0.020348549020127393	False	True	0.9106632471084595	0.0014669225784018636	0.04339317977428436	0.001005222904495895	0.014197232201695442	2.644205051183235e-05	0.0022179039660841227	0.02702978253364563	True	0.9651303291320801	0.007711667101830244	0.017562178894877434	0.001921519753523171	0.007049625739455223	1.1977164149357122e-06	0.00031866540666669607	0.00030484847957268357
9,17869E+17	Sorry to see the round barn in Santa Rosa destroyed by fire	data/processed/pro_crisismmd/images/data_image/california_wildfires/10_10_2017/917869210499399680_0.jpg	infrastructure_and_utility_damage	not_humanitarian	False	0.9034813344478607	0.8616325785405934	0.9034813344478607	0.03538890276104212	0.0008922192791942507	0.04184875590726733	0.017084898194298148	0.00043013887261622585	0.00038830000266898423	0.00048535887617617846	False	True	0.9241520762443542	0.030954375863075256	0.00021773285698145628	0.02525155432522297	0.018071427941322327	0.0005400557420216501	0.0002613287651911378	0.0005513242795132101	True	0.8414691090583801	0.0486924834549427	0.002915678545832634	0.09164036065340042	0.014125308953225613	0.00010038826439995319	0.0007692137151025236	0.00028746266616508365
9,22217E+17	Extended period of critical fire weather conditions in California with another strong SantaAna wind event. CAwx	data/processed/pro_crisismmd/images/data_image/california_wildfires/22_10_2017/922217480629694465_0.jpg	not_humanitarian	other_relevant_information	False	0.9002981036901474	0.8084247335791588	0.09187337011098862	0.9002981036901474	0.0005494813376571983	0.004804136173333973	0.0021879044506931677	5.24202559972764e-05	0.000197052435396472	3.753199052880518e-05	False	True	0.09229005128145218	0.90492182970047	0.0001822804333642125	0.0015865529421716928	0.0007705005700699985	6.464902253355831e-05	0.00014963866851758212	3.4472570405341685e-05	True	0.09062332659959793	0.8864269256591797	0.0016510840505361557	0.014456885866820812	0.0064401160925626755	1.573395638843067e-05	0.0003392937360331416	4.671025089919567e-05
9,17844E+17	Climatologist explains why 'the conditions are primed for fire' in California	data/processed/pro_crisismmd/images/data_image/california_wildfires/10_10_2017/917844462662967297_0.jpg	not_humanitarian	other_relevant_information	False	0.8999858945608139	0.8131095487624407	0.08687634579837322	0.8999858945608139	0.0005768806786363712	0.009624072059523314	0.0027326865238137543	1.2231744790369703e-05	0.0001304439538216684	6.14291338933981e-05	False	True	0.05676903575658798	0.9403279423713684	6.278011278482154e-05	0.0016518107149749994	0.0010249100159853697	1.3813681107421871e-05	8.480534597765654e-05	6.489304360002279e-05	True	0.17719827592372894	0.7789597511291504	0.00211918237619102	0.03354085609316826	0.007856016047298908	7.485935839213198e-06	0.000267359777353704	5.103740477352403e-05
904894551814529024	texasstrong show your support- all proceeds go to the Harvey victims, Harveyrecovery	data/processed/pro_crisismmd/images/data_image/hurricane_harvey/5_9_2017/904894551814529024_0.jpg	rescue_volunteering_or_donation_effort	not_humanitarian	False	0.8876494318246841	0.8143387562595308	0.8876494318246841	0.0020682010799646378	0.07331067556515336	0.003138787404168397	0.023720780853182077	7.011876562046382e-05	0.0020641165028791875	0.007977901099366136	False	True	0.9446291327476501	0.00201545562595129	0.026094509288668633	0.003690904239192605	0.011224457994103432	9.223815868608654e-05	0.0017888193251565099	0.01046450063586235	True	0.7167103290557861	0.0022264374420046806	0.21495917439460754	0.0014824368990957737	0.061209749430418015	3.7605864235956687e-06	0.0028900080360472202	0.0005181024898774922
904733485138681856	Hey guys just wanted to tell you to help Harvey survivors as much as you can! Spread this tweet!	data/processed/pro_crisismmd/images/data_image/hurricane_harvey/4_9_2017/904733485138681856_0.jpg	rescue_volunteering_or_donation_effort	not_humanitarian	False	0.8875348120927811	0.836837172973901	0.8875348120927811	0.004070148046594113	0.050697639118880033	0.000731955879018642	0.028384015429764986	0.021020941350428757	0.0009836355202423874	0.006576889660209417	False	True	0.9467490315437317	0.00417680386453867	0.003550911322236061	0.000784774252679199	0.010565979406237602	0.028027310967445374	0.00021378025121521205	0.005931466817855835	True	0.7098921537399292	0.0037501805927604437	0.19213782250881195	0.0005735007580369711	0.08183812350034714	1.8324993789065047e-06	0.0032932013273239136	0.008513158187270164
9,17815E+17	Photos of California's destructive wildfires, via :	data/processed/pro_crisismmd/images/data_image/california_wildfires/10_10_2017/917815040962695168_2.jpg	infrastructure_and_utility_damage	not_humanitarian	False	0.8764532655477524	0.812843271298334	0.8764532655477524	0.04680658597499132	0.0014239652446121909	0.06360999424941838	0.009225734160281718	0.00035369014767638873	0.0020646991615649313	6.204740816428966e-05	False	True	0.966006338596344	0.022359337657690048	0.0003189199778717011	0.0028944751247763634	0.006842365022748709	0.0004375871503725648	0.0010622163536027074	7.874724542489275e-05	True	0.6077940464019775	0.12014833092689514	0.00473910104483366	0.24575655162334442	0.016375841572880745	0.00010199913958786055	0.005072147585451603	1.1947896382480394e-05
9,23282E+17	Third day in a row of record-breaking temperatures brings critical fire conditions across Southern California	data/processed/pro_crisismmd/images/data_image/california_wildfires/25_10_2017/923281592054943746_0.jpg	not_humanitarian	other_relevant_information	False	0.8748579025268555	0.7644050624221563	0.11045284010469913	0.8748579025268555	0.00206107042140502	0.00693092736764811	0.004725086037069559	0.00041382411791346385	0.00035432339427643456	0.00020407391639309935	False	True	0.037125520408153534	0.9602624773979187	6.342898268485442e-05	0.0008426235290244222	0.0008577927947044373	0.0005479950341396034	0.00017060361278709024	0.00012962533219251782	True	0.33043479919433594	0.6186441779136658	0.008053994737565517	0.025195838883519173	0.016326965764164925	1.1311369235045277e-05	0.0009054827387444675	0.00042741966899484396
904402558877302784	Houston NO FLOOD INSURANCE Here are some resources HoustonStrong HurricaneHarvey	data/processed/pro_crisismmd/images/data_image/hurricane_harvey/3_9_2017/904402558877302784_2.jpg	other_relevant_information	not_humanitarian	False	0.8742317259311676	0.7993187955580652	0.8742317259311676	0.0098055733833462	0.07491293037310243	0.010104353539645672	0.020645007956773043	0.0002259661237076216	0.00019827260257443413	0.009876122834157286	False	True	0.8578633069992065	0.0041857389733195305	0.09619169682264328	0.008644192479550838	0.01947413757443428	0.000296725716907531	0.00018520322919357568	0.013158927671611309	True	0.9233369827270508	0.02666507661342621	0.011076631024479866	0.014484836719930172	0.02415761910378933	1.3687344107893296e-05	0.00023748072271700948	2.770832179521676e-05
9,17848E+17	The California wildfires seen yesterday from space via .	data/processed/pro_crisismmd/images/data_image/california_wildfires/10_10_2017/917848318595751936_0.jpg	not_humanitarian	other_relevant_information	False	0.8574392795562744	0.7357537839561701	0.12168549560010433	0.8574392795562744	0.0019655710784718394	0.007570058340206742	0.009496375336311758	0.0005033642328271526	0.00046999867481645197	0.0008699257632542867	False	True	0.14430466294288635	0.8349161744117737	0.0011314176954329014	0.006633514538407326	0.010973645374178886	0.0006593549042008817	0.0002728878171183169	0.0011084446450695395	True	0.05382799357175827	0.9250085949897766	0.0044680312275886536	0.010379689745604992	0.005064565222710371	3.5392218705965206e-05	0.0010613312479108572	0.00015436911780852824
9,17934E+17	THICK SMOKE across Northern California as seen from NASA visible satellite images Monday.CAfires fire	data/processed/pro_crisismmd/images/data_image/california_wildfires/11_10_2017/917934130368864256_0.jpg	not_humanitarian	other_relevant_information	False	0.8446292728185654	0.7286355085670948	0.11599376425147057	0.8446292728185654	0.000991472537862137	0.0259725070791319	0.009681574534624815	0.0017432249342164141	0.00037467314541572705	0.0006134888571978081	False	True	0.1301492601633072	0.820850133895874	0.0009055682457983494	0.032645635306835175	0.01202432718127966	0.00230967253446579	0.0003499854065012187	0.0007653838256374002	True	0.0735272765159607	0.9159666895866394	0.0012491854140534997	0.005953122396022081	0.002653316594660282	4.3882133468287066e-05	0.00044873636215925217	0.00015780395187903196
905042336727658496	Listening to our friend Rafferty Laredo OTR share resources for Hurricane Harvey	data/processed/pro_crisismmd/images/data_image/hurricane_harvey/5_9_2017/905042336727658496_1.jpg	other_relevant_information	not_humanitarian	False	0.8367675244808197	0.7579890508204699	0.8367675244808197	0.004060913342982531	0.07877847366034985	0.00047407016245415434	0.03682947577908635	0.0001565416601820857	0.006933436674444238	0.03599956264952198	False	True	0.8078697919845581	0.004535607993602753	0.08823522925376892	0.0005177622078917921	0.0417134091258049	0.0002086393506033346	0.00919357594102621	0.04772597551345825	True	0.9234607219696045	0.0026368293911218643	0.05040820688009262	0.0003429940261412412	0.022177675738930702	2.4858891833901e-07	0.00015301887469831854	0.000820324057713151
9,17971E+17	California's notorious winds feed wildfires	data/processed/pro_crisismmd/images/data_image/california_wildfires/11_10_2017/917970575997497344_0.jpg	other_relevant_information	not_humanitarian	False	0.8360654562711716	0.7047344704624265	0.8360654562711716	0.13133098580874503	0.0014143927692202851	0.01925600110553205	0.01017372403293848	0.00028671705376837053	0.001319339353358373	0.00015336346336880524	False	True	0.9691115021705627	0.014805312268435955	0.0005586757906712592	0.0022785114124417305	0.011240624822676182	0.00037498274468816817	0.001429736614227295	0.00020060203678440303	True	0.43692731857299805	0.48090800642967224	0.003981543704867363	0.07018847018480301	0.006973021663725376	2.191998100897763e-05	0.0009881475707516074	1.1647743122011889e-05
904710064451309568	Harvey What to expect after applying for federal assistance.	data/processed/pro_crisismmd/images/data_image/hurricane_harvey/4_9_2017/904710064451309568_0.jpg	other_relevant_information	not_humanitarian	False	0.835073709487915	0.7309855483472347	0.835073709487915	0.022334619890898466	0.013550721225328743	0.0063946726731956005	0.10408816114068031	0.003924200881982642	0.0015583377935399767	0.013075616909191012	False	True	0.8163864016532898	0.02323870360851288	0.007648357655853033	0.007046105340123177	0.12109299749135971	0.005231897812336683	0.0020349915139377117	0.01732058636844158	True	0.8911356329917908	0.01962236873805523	0.031257811933755875	0.004440374672412872	0.05307365208864212	1.110090920519724e-06	0.00012837663234677166	0.00034070853143930435
905060268304211968	Help us Help Harvey! Give whatever you can today at the scramble light!	data/processed/pro_crisismmd/images/data_image/hurricane_harvey/5_9_2017/905060268304211968_0.jpg	rescue_volunteering_or_donation_effort	not_humanitarian	False	0.8339787274599075	0.7652312684804201	0.8339787274599075	0.008073183591477573	0.06874745897948742	0.0012430052447598428	0.026771285920403898	0.00011966355954484698	0.0006847128806839464	0.06038199687827728	False	True	0.8135842084884644	0.010006302036345005	0.05915816128253937	0.0015428949845954776	0.03419709950685501	0.00015937590796966106	0.0008759525371715426	0.08047603815793991	True	0.8951622843742371	0.0022738282568752766	0.09751535207033157	0.00034333602525293827	0.004493845161050558	5.265142704047321e-07	0.00011099391122115776	9.987303928937763e-05
9,22587E+17	ClimateChange has impacted California's susceptibility to wildfires	data/processed/pro_crisismmd/images/data_image/california_wildfires/23_10_2017/922587197999480833_0.png	other_relevant_information	not_humanitarian	False	0.8253339380025864	0.699218806810677	0.8253339380025864	0.1261151311919093	0.006310909957392141	0.023875779937952757	0.015455515356734395	0.0011519836705247144	0.0017463019903516397	1.0464478350513673e-05	False	True	0.9268086552619934	0.025771114975214005	0.007880656979978085	0.018427273258566856	0.017341719940304756	0.0015336236683651805	0.0022238781675696373	1.3113061868352816e-05	True	0.5209097862243652	0.42714717984199524	0.0016016688896343112	0.04022129997611046	0.009796901606023312	7.063677003316116e-06	0.00031357345869764686	2.518727796996245e-06
9,21487E+17	MT : set up a donation fund for Northern California fire aid donate	data/processed/pro_crisismmd/images/data_image/california_wildfires/20_10_2017/921487466720301056_0.jpg	rescue_volunteering_or_donation_effort	not_humanitarian	False	0.8218504935503006	0.7356662102974951	0.8218504935503006	0.02163156750611961	0.05928014172241092	0.002022576576564461	0.08618428325280547	0.0004161448642321375	0.00718439751653932	0.001430398890079232	False	True	0.8338446617126465	0.02516535483300686	0.019158581271767616	0.002202189527451992	0.10783452540636063	0.0005544755258597434	0.0093603003770113	0.0018799016252160072	True	0.7858679890632629	0.011030205525457859	0.17964482307434082	0.0014837377239018679	0.021233556792140007	1.1528793493198464e-06	0.000656688935123384	8.189068466890603e-05
9,23706E+17	California why are you on so much fire	data/processed/pro_crisismmd/images/data_image/california_wildfires/27_10_2017/923706401049911297_1.jpg	other_relevant_information	not_humanitarian	False	0.8204167038202286	0.7485494283610024	0.8204167038202286	0.07110318774357438	0.00099492277513491	0.02702821884304285	0.07186727545922622	0.0021462238787961496	0.0024851214184309356	0.003958353487064414	False	True	0.7695798873901367	0.08876350522041321	0.0011838569771498442	0.03413529694080353	0.09504715353250504	0.0028613151516765356	0.00315288407728076	0.00527610071003437	True	0.9729271531105042	0.0181222353130579	0.0004281201690901071	0.0057069845497608185	0.002327641239389777	9.50060154991661e-07	0.00048183344188146293	5.111818154546199e-06
9,19578E+17	During our Summer long research on the IRCURVE The Great Basin Inhale and Exhale was noted	data/processed/pro_crisismmd/images/data_image/california_wildfires/15_10_2017/919578094398144513_0.jpg	not_humanitarian	other_relevant_information	False	0.8179183453321457	0.6788530712947249	0.13906527403742075	0.8179183453321457	0.00028419604495866224	0.012860308401286602	0.009973700507543981	0.0036227668665560486	0.0003854187707474921	0.01588997196085984	False	True	0.05663735792040825	0.8916873931884766	0.0002801224181894213	0.013158618472516537	0.012125802226364613	0.004826172720640898	0.00012820241681765765	0.02115630730986595	True	0.38634902238845825	0.5966112017631531	0.0002964169252663851	0.011965378187596798	0.0035173953510820866	1.2549304301501252e-05	0.0011570678325369954	9.096591384150088e-05
904727847629189122	As Harvey affects New Orleans, stay up to date here:	data/processed/pro_crisismmd/images/data_image/hurricane_harvey/4_9_2017/904727847629189122_0.jpg	other_relevant_information	not_humanitarian	False	0.8056538701057434	0.7024907609447837	0.8056538701057434	0.10316310916095972	0.006784692290239036	0.012946436880156398	0.03759563260246068	0.0034476824212106294	0.0004642262574634515	0.029944379502921947	False	True	0.7670229077339172	0.12220568209886551	0.003466483671218157	0.014803375117480755	0.047543007880449295	0.004590448923408985	0.00047869942500256	0.03988945484161377	True	0.9215467572212219	0.046035390347242355	0.016739318147301674	0.007375622168183327	0.0077535067684948444	1.9382914615562186e-05	0.00042080675484612584	0.00010915348684648052
9,19919E+17	California's wildfires spouted a 500-mile stream of smoke visible from space:	data/processed/pro_crisismmd/images/data_image/california_wildfires/16_10_2017/919918846932324355_0.jpg	not_humanitarian	other_relevant_information	False	0.8048418462276459	0.6509461440145969	0.15389570221304893	0.8048418462276459	0.0015652215661248192	0.0290928166359663	0.008742483565583825	0.0008475590632315289	0.0004734526592073962	0.0005408989945863141	False	True	0.13153785467147827	0.8323078751564026	0.0006771188345737755	0.024930082261562347	0.008262301795184612	0.0011264942586421967	0.0004674002411775291	0.0006908584618940949	True	0.22096924483776093	0.7224437594413757	0.00422952976077795	0.04158101975917816	0.010183028876781464	1.0753476999525446e-05	0.0004916099132969975	9.102059266297147e-05
9,23117E+17	For an Endangered Animal, a Fire or Hurricane Can Mean the End Arizona California	data/processed/pro_crisismmd/images/data_image/california_wildfires/25_10_2017/923117148276477952_0.jpg	other_relevant_information	not_humanitarian	False	0.8044602274894714	0.6791954692453146	0.8044602274894714	0.12526475824415684	0.006443604244850576	0.005793110409285873	0.036477155052125454	0.0012068876535522577	0.006883247784571722	0.01347103135958605	False	True	0.8627463579177856	0.059826694428920746	0.00666453642770648	0.0027251404244452715	0.03943509981036186	0.0016073791775852442	0.00906397681683302	0.017930814996361732	True	0.6296018362045288	0.3215789496898651	0.005780807696282864	0.014997020363807678	0.02760332077741623	5.4130814532982185e-06	0.00034106068778783083	9.168044925900176e-05
904954911879823362	Harvey Unwind Evaporates Gasoline, Condensing Crude.	data/processed/pro_crisismmd/images/data_image/hurricane_harvey/5_9_2017/904954911879823362_0.jpg	not_humanitarian	other_relevant_information	False	0.8042375892400742	0.6315738223493099	0.17266376689076424	0.8042375892400742	0.0006631766154896468	0.019127419218420982	0.0011753706348827109	0.0005606036284007132	0.0012253296736162156	0.00034664479608181864	False	True	0.1535976380109787	0.8282214403152466	0.0007577739888802171	0.01419026032090187	0.0009410471539013088	0.0005961203714832664	0.001241590129211545	0.0004539813380688429	True	0.22986215353012085	0.7322860360145569	0.00037938449531793594	0.03393889591097832	0.0018783410778269172	0.00045405339915305376	0.0011765483068302274	2.4635170120745897e-05
904576062125989888	, here is info for anyone who needs a child's car seat replacement after Harvey	data/processed/pro_crisismmd/images/data_image/hurricane_harvey/4_9_2017/904576062125989888_0.jpg	other_relevant_information	not_humanitarian	False	0.8016883730888367	0.7404340264911298	0.8016883730888367	0.03299425728619099	0.03433752711862326	0.0017392856680089608	0.04008987871930003	0.023930812916660216	0.003965537383919582	0.0612543465977069	False	True	0.7589507699012756	0.038706984370946884	0.03931008279323578	0.0008196315611712635	0.044490963220596313	0.031764160841703415	0.004744475707411766	0.08121294528245926	True	0.9299011826515198	0.015856076031923294	0.01941986009478569	0.004498247988522053	0.026886625215411186	0.00043076914153061807	0.001628722413443029	0.001378550543449819
904425464885678080	On top of that, Houston's geology makes it very sensitive to flooding.	data/processed/pro_crisismmd/images/data_image/hurricane_harvey/3_9_2017/904425464885678080_0.jpg	other_relevant_information	not_humanitarian	False	0.7950277775526047	0.6062316261231899	0.7950277775526047	0.18879615142941475	0.00018516459749662317	0.015059149940498173	0.0005639645096380264	0.00010296169466528227	0.000247335214226041	1.7554456690049847e-05	False	True	0.7907363772392273	0.2041836529970169	9.170164412353188e-05	0.003967681434005499	0.0005842683021910489	0.0001347959041595459	0.00028055807342752814	2.106944339175243e-05	True	0.8079019784927368	0.14263364672660828	0.00046555345761589706	0.048333555459976196	0.0005030531319789588	7.4590661824913695e-06	0.00014766663662157953	7.009496584942099e-06
9,20394E+17	USA California - Wildfire Near The Geysers Geothermal Field Being Contained	data/processed/pro_crisismmd/images/data_image/california_wildfires/17_10_2017/920394039509204992_0.jpg	not_humanitarian	other_relevant_information	False	0.7911035120487213	0.6029672301374376	0.18813628191128373	0.7911035120487213	0.000917286379262805	0.0060883560217916965	0.004119065328268334	0.002398906901362352	0.0016528241976629943	0.0055836853850905754	False	True	0.24832817912101746	0.7290645241737366	0.0006608410039916635	0.004956893622875214	0.005049355328083038	0.003152353223413229	0.001345834112726152	0.007441923953592777	True	0.007560590282082558	0.9772204756736755	0.0016866225050762296	0.009482743218541145	0.001328195328824222	0.00013856793520972133	0.0025737944524735212	8.969679583969992e-06
9,19578E+17	During our Summer long research on the IRCURVE The Great Basin Inhale and Exhale was noted	data/processed/pro_crisismmd/images/data_image/california_wildfires/15_10_2017/919578094398144513_1.jpg	not_humanitarian	other_relevant_information	False	0.7867476791143417	0.5803944617509842	0.20635321736335754	0.7867476791143417	0.00015349324712587986	0.0037814946845173836	0.0015456605469807982	0.00012269821172594675	0.0008100302366074175	0.00048567770136287436	False	True	0.14635461568832397	0.8501265048980713	0.00010585202107904479	0.0010535335168242455	0.0008884156122803688	0.00015941451420076191	0.0006943510379642248	0.0006172482972033322	True	0.38634902238845825	0.5966112017631531	0.0002964169252663851	0.011965378187596798	0.0035173953510820866	1.2549304301501252e-05	0.0011570678325369954	9.096591384150088e-05
904997956486496258	Fossil fuel didnt cause Hurricane Harvey Its saving lives (video)	data/processed/pro_crisismmd/images/data_image/hurricane_harvey/5_9_2017/904997956486496258_0.jpg	other_relevant_information	not_humanitarian	False	0.7829344421625137	0.7304142946377397	0.7829344421625137	0.052520147524774075	0.03518589329905808	0.027045547496527433	0.050285312347114086	0.04718547199445311	0.0031166342669166625	0.0017264769303437788	False	True	0.8176047801971436	0.031657446175813675	0.010808966122567654	0.020901018753647804	0.05206901580095291	0.06282980740070343	0.001907013589516282	0.002221862319856882	True	0.6789234280586243	0.11510825157165527	0.10831667482852936	0.04547913372516632	0.04493420198559761	0.0002524657757021487	0.006745496299117804	0.00024032076180446893
9,2329E+17	Hell yeah, bring it on! Rain, we want you! 067 California Wildfires cawildfires	data/processed/pro_crisismmd/images/data_image/california_wildfires/25_10_2017/923289711778525184_0.jpg	not_humanitarian	other_relevant_information	False	0.7828760296106339	0.5974039901047945	0.18547203950583935	0.7828760296106339	0.012018972453006427	0.007161761284805834	0.009064300422323868	0.0017022081983668613	0.00037706502189394087	0.0013275791079649935	False	True	0.0519094243645668	0.935621976852417	8.056363003561273e-05	0.006667376961559057	0.0014329260447993875	0.002261878689751029	0.00029156531672924757	0.001734245684929192	True	0.586159884929657	0.3246381878852844	0.04783419892191887	0.008644914254546165	0.03195842355489731	2.3196724214358255e-05	0.0006335641373880208	0.00010757937707239762
904925838839169028	Remnants of Harvey Spawn Tornadoes, Floods Across Deep South	data/processed/pro_crisismmd/images/data_image/hurricane_harvey/5_9_2017/904925838839169028_0.jpg	infrastructure_and_utility_damage	not_humanitarian	False	0.7739740759134293	0.6813874240033329	0.7739740759134293	0.03756693168543279	0.009515402372926474	0.0925866519100964	0.05003276653587818	0.001520495192380622	0.005292783724144101	0.029510891903555603	False	True	0.8477138876914978	0.008875099010765553	0.005903875455260277	0.028474679216742516	0.06179916858673096	0.0017283294582739472	0.006176725961267948	0.039328232407569885	True	0.5527546405792236	0.12364242970943451	0.020349983125925064	0.2849225699901581	0.014733560383319855	0.0008969923947006464	0.00264095701277256	5.8870391512755305e-05
9,20502E+17	PG&E should be broken up if responsible for California wildfires, lawmake...	data/processed/pro_crisismmd/images/data_image/california_wildfires/18_10_2017/920501977846607874_0.jpg	other_relevant_information	not_humanitarian	False	0.7720468938350677	0.6148777473717928	0.7720468938350677	0.15716914646327496	0.0023812981380615383	0.054465110413730145	0.010326785617507994	0.00026741385363493464	0.0022056648158468306	0.0011377228083802038	False	True	0.8796833157539368	0.0717308297753334	0.0016303694574162364	0.03648405149579048	0.00626955134794116	0.00034945644438266754	0.0023473447654396296	0.001505105523392558	True	0.4491376280784607	0.4134840965270996	0.004634084179997444	0.10840828716754913	0.022498488426208496	2.1286081391735934e-05	0.0017806249670684338	3.5574663343140855e-05
904796210879442944	Patients on BMS medicines, impacted by HurricaneHarvey, help is available.	data/processed/pro_crisismmd/images/data_image/hurricane_harvey/4_9_2017/904796210879442944_0.jpg	rescue_volunteering_or_donation_effort	not_humanitarian	False	0.756476104259491	0.6549693793058395	0.756476104259491	0.006717406969983131	0.10150672495365143	0.0008016961219254881	0.02828329661861062	5.732685946213678e-05	0.0075626925099641085	0.09859478249927633	False	True	0.7987339496612549	0.00793610978871584	0.04139718413352966	0.0006393543444573879	0.011383509263396263	7.628930325154215e-05	0.008421745151281357	0.13141189515590668	True	0.6297025680541992	0.0030612985137850046	0.2818353474140167	0.0012887214543297887	0.07898265868425369	4.395280939206714e-07	0.0049855345860123634	0.00014344452938530594
904339471382044672	Best ways to help with Harvey recovery: fact (theirs) and opinion (mine). Blog:	data/processed/pro_crisismmd/images/data_image/hurricane_harvey/3_9_2017/904339471382044672_0.jpg	other_relevant_information	not_humanitarian	False	0.753920242190361	0.6007635360065251	0.753920242190361	0.051676730159670115	0.029886367556173354	0.0005795039905933663	0.010330963646993041	7.961452638483024e-06	0.0004416023148223758	0.15315670618383592	False	True	0.7183458209037781	0.06785667687654495	0.0015835498925298452	0.00038964912528172135	0.007146340794861317	9.962695003196131e-06	0.0004707125772256404	0.20419739186763763	True	0.8606435060501099	0.003136890009045601	0.11479482054710388	0.0011490685865283012	0.019884832203388214	1.9577255443437025e-06	0.00035427152761258185	3.464913243078627e-05
9,19669E+17	Galifornia in Spain (picture), the Amazon in Brazil, California... The world in on fire D1	data/processed/pro_crisismmd/images/data_image/california_wildfires/15_10_2017/919668662688239627_0.jpg	not_humanitarian	other_relevant_information	False	0.7535534184426069	0.5857138724531978	0.1678395459894091	0.7535534184426069	0.0011359344134689309	0.06778778694570065	0.007993923150934279	0.000571054755255318	0.0007475894235540181	0.00037068887149871443	False	True	0.015290345065295696	0.9632617235183716	0.00042232891428284347	0.014738373458385468	0.004523055162280798	0.0007532676681876183	0.0005176836857572198	0.0004931431030854583	True	0.6254871487617493	0.12442850321531296	0.003276750911027193	0.22693602740764618	0.018406527116894722	2.441601645841729e-05	0.0014373066369444132	3.3261767384829e-06
904402558877302784	Houston NO FLOOD INSURANCE Here are some resources HoustonStrong HurricaneHarvey	data/processed/pro_crisismmd/images/data_image/hurricane_harvey/3_9_2017/904402558877302784_1.jpg	other_relevant_information	not_humanitarian	False	0.7496783882379532	0.6172429653815925	0.7496783882379532	0.008319273358210921	0.13243542285636067	0.006594220292754471	0.056050421204417944	0.0001267080192519643	0.000172825046320213	0.04662267760932082	False	True	0.6917921900749207	0.0022040056064724922	0.1728883534669876	0.003964014817029238	0.06668135523796082	0.00016438157763332129	0.0001512731541879475	0.06215433403849602	True	0.9233369827270508	0.02666507661342621	0.011076631024479866	0.014484836719930172	0.02415761910378933	1.3687344107893296e-05	0.00023748072271700948	2.770832179521676e-05
9,19986E+17	California Woman Escapes Wildfires On Bike Carrying Her 70-Pound Pit Bull uplifting	data/processed/pro_crisismmd/images/data_image/california_wildfires/16_10_2017/919985855048978432_0.jpg	not_humanitarian	missing_or_found_people	False	0.7463244530372322	0.664456688798964	0.031895994674414396	0.0375676923795254	0.07850324017636012	0.015950609797073412	0.08186776423826814	4.8226293074549176e-05	0.007841916056349874	0.7463244530372322	False	True	0.003374384716153145	6.205655517987907e-05	0.0008184863836504519	8.226789213949814e-05	0.006771756336092949	3.969468525610864e-05	0.00247399415820837	0.9863772392272949	True	0.11746082454919815	0.15008459985256195	0.31155750155448914	0.06355563551187515	0.3071557879447937	7.382111652987078e-05	0.023945681750774384	0.026166094467043877
9,17848E+17	Thousands evacuate as wildfires burn up homes and businesses in California	data/processed/pro_crisismmd/images/data_image/california_wildfires/10_10_2017/917848283120394241_0.jpg	rescue_volunteering_or_donation_effort	not_humanitarian	False	0.7452856823801994	0.638533927500248	0.7452856823801994	0.10675175487995148	0.01959849684499204	0.06914624985074624	0.05499255855102092	8.659617742523551e-05	0.0036258734180592	0.0005128510383656248	False	True	0.942587673664093	0.03021422028541565	0.012997032143175602	0.0029109970200806856	0.007265118416398764	6.951391696929932e-05	0.003359745955094695	0.0005957819521427155	True	0.15337970852851868	0.33636435866355896	0.03940289095044136	0.2678520083427429	0.1981748789548874	0.0001378429587930441	0.004424255806952715	0.000264058297034353
9,19889E+17	Fire in California continues to blaze but firefighters gainground	data/processed/pro_crisismmd/images/data_image/california_wildfires/16_10_2017/919888686707175424_0.jpg	rescue_volunteering_or_donation_effort	not_humanitarian	False	0.7451123595237732	0.6331243887543678	0.7451123595237732	0.11198797076940536	0.060966383665800095	0.038716712733730674	0.02662319503724575	0.00026886343130172463	0.015297437435947359	0.0010270773418596946	False	True	0.8220224380493164	0.05074971914291382	0.0718100517988205	0.007753518410027027	0.026795687153935432	0.00034241884713992476	0.01920171268284321	0.0013244556030258536	True	0.5143821239471436	0.29570272564888	0.02843537926673889	0.1316062957048416	0.026105718687176704	4.819718378712423e-05	0.0035846116952598095	0.00013494255836121738
9,1795E+17	Can all my friends and followers share and post in all social media ? ---CALIFORNIA BURNED CAT FROM WILDFIRES ---	data/processed/pro_crisismmd/images/data_image/california_wildfires/11_10_2017/917949723167875077_0.jpg	not_humanitarian	missing_or_found_people	False	0.7447280129417777	0.5835386437829584	0.16118936915881932	0.04394359139496373	0.005764438363257796	0.026804488971720275	0.009098769674892537	0.00015008912578196032	0.008321236400661292	0.7447280129417777	False	True	0.007945089600980282	4.447497121873312e-05	0.000255384249612689	1.4375746104633436e-05	0.00036603776970878243	1.8487222405383363e-05	8.30435601528734e-06	0.9913478493690491	True	0.6209222078323364	0.17564094066619873	0.022291600704193115	0.1071748286485672	0.0352969653904438	0.0005448948359116912	0.033260032534599304	0.004868503659963608
9,17915E+17	Good news! California wildfires Horses Healdsburg CA EEEE444	data/processed/pro_crisismmd/images/data_image/california_wildfires/11_10_2017/917915039004315650_0.jpg	not_humanitarian	missing_or_found_people	False	0.7425632475060411	0.56263354717521	0.1799297003308311	0.033242659374081995	0.018969571770867333	0.005662731999109383	0.018326111341593787	2.300756750628352e-05	0.0012828766548409476	0.7425632475060411	False	True	0.006829615216702223	0.00029120061662979424	0.0016268250765278935	2.869117452064529e-05	0.001424086862243712	1.330730810877867e-05	4.763708056998439e-05	0.9897385239601135	True	0.6992299556732178	0.1320970356464386	0.07099781185388565	0.022564854472875595	0.06903218477964401	5.2108345698798075e-05	0.004988595377653837	0.0010374181438237429
9,21483E+17	northbayfires MendocinoLakeComplex cats fire animals california Pls RT	data/processed/pro_crisismmd/images/data_image/california_wildfires/20_10_2017/921482651009089536_0.jpg	not_humanitarian	missing_or_found_people	False	0.7402915755956201	0.6305385152081726	0.06742341979406774	0.10975306038744748	0.024193777864638832	0.013275196186441462	0.025302781315986067	0.001755864150254638	0.018004361356815934	0.7402915755956201	False	True	0.00988317746669054	9.904708713293076e-05	7.617371011292562e-05	3.651823499239981e-05	0.0030908293556421995	1.0379466402810067e-05	1.748875183693599e-05	0.986786425113678	True	0.24004414677619934	0.4387151002883911	0.09654659032821655	0.05299123004078865	0.09193863719701767	0.0069923182018101215	0.07196497917175293	0.0008070270414464176
904528383903621121	Just met with . Congress is ready to act. HurricaneHarvey TexasStrong	data/processed/pro_crisismmd/images/data_image/hurricane_harvey/4_9_2017/904528383903621121_1.jpg	other_relevant_information	not_humanitarian	False	0.7399649173021317	0.5172933558933437	0.7399649173021317	0.22267156140878797	0.008136516262311488	0.001616734967683442	0.009707713034003973	0.0004797771013613783	0.014244989753933623	0.0031778510528965853	False	True	0.6688128113746643	0.29404017329216003	0.002819919725880027	0.0018777318764477968	0.009040487930178642	0.0006388910696841776	0.0185993704944849	0.004170696251094341	True	0.9534212350845337	0.00856572575867176	0.024086305871605873	0.0008337442413903773	0.011709388345479965	2.4351963929802878e-06	0.0011818475322797894	0.00019931545830331743
9,20651E+17	Forest City native shares experience evacuating from California wildfires	data/processed/pro_crisismmd/images/data_image/california_wildfires/18_10_2017/920650692951494656_0.jpg	not_humanitarian	missing_or_found_people	False	0.7350226492853835	0.572353265597485	0.07459982857108116	0.016487133299960988	0.007193160327005899	0.0030126579126772413	0.16266938368789852	2.855217360320239e-06	0.001012285123579204	0.7350226492853835	False	True	0.010936722159385681	0.00015771212929394096	0.00014531561464536935	2.1520756490645e-05	0.008192569948732853	2.548175416450249e-06	0.0009231640724465251	0.9796203970909119	True	0.2655891478061676	0.06547539681196213	0.028336694464087486	0.01198606938123703	0.6260998249053955	3.7763431919302093e-06	0.001279648276977241	0.0012294058687984943
9,23166E+17	Scars Wine Country Wildfires Spotted Space (Photo:	data/processed/pro_crisismmd/images/data_image/california_wildfires/25_10_2017/923166159041695744_0.jpg	not_humanitarian	other_relevant_information	False	0.7343560084700584	0.5837419275194407	0.1506140809506178	0.7343560084700584	0.005699374189134687	0.08225392550230026	0.02136756875552237	0.0009834746415435802	0.004556583036901429	0.00016901707931538112	False	True	0.08914075046777725	0.8421486616134644	0.0007888406980782747	0.05597032606601715	0.00981984194368124	0.0012891178485006094	0.0007440916961058974	9.840090933721513e-05	True	0.3350340723991394	0.4109780490398407	0.020430974662303925	0.1611047238111496	0.05601074919104576	6.654502067249268e-05	0.015994057059288025	0.0003808655892498791
904297041618198528	What a strange similarity. 444 HurricaneHarvey	data/processed/pro_crisismmd/images/data_image/hurricane_harvey/3_9_2017/904297041618198528_0.jpg	not_humanitarian	missing_or_found_people	False	0.7343065617787943	0.4806918080612377	0.2536147537175566	0.0029406938701868057	0.0008544695738237351	0.0011424672302382533	0.00471596751594916	0.00028689192265574093	0.0021382387276389636	0.7343065617787943	False	True	0.010588685981929302	0.0010072886943817139	0.0006608449621126056	0.00024047195620369166	0.0053064776584506035	0.00038149216561578214	0.002757588867098093	0.9790571928024292	True	0.9826929569244385	0.008740909397602081	0.0014353434089571238	0.003848453052341938	0.002944437088444829	3.0911937756172847e-06	0.00028018830926157534	5.466870788950473e-05
904414202684637184	This picture doesn't even do this scene justice. I've never seen anything like this. 4 Harvey wewillrebuild	data/processed/pro_crisismmd/images/data_image/hurricane_harvey/3_9_2017/904414202684637184_0.jpg	infrastructure_and_utility_damage	vehicle_damage	False	0.7326639506635217	0.4857187804435341	0.24694517021998763	0.007916886715975124	0.0008218366638175212	0.004201684612780809	0.005865820916369557	0.7326639506635217	0.0014277098089223728	0.00015689400515839225	False	True	0.011299269273877144	0.0002180802111979574	0.0004598548694048077	0.004915284458547831	0.005234119947999716	0.976884663105011	0.0007977057830430567	0.00019095577590633184	True	0.9538828730583191	0.031013306230306625	0.0019077820470556617	0.002060885075479746	0.007760923821479082	1.8133390540242544e-06	0.003317721886560321	5.4708692914573476e-05
9,20154E+17	Fire Victims Begin Long Process Of Getting FEMA Aid:	data/processed/pro_crisismmd/images/data_image/california_wildfires/17_10_2017/920153745689923584_0.jpg	not_humanitarian	affected_individuals	False	0.7231613099575043	0.5860000718384981	0.0900277765467763	0.002358563637244515	0.13716123811900616	0.0009205847818520851	0.7231613099575043	2.3251655619560552e-05	0.01370249455794692	0.032644772007188294	False	True	0.05103583261370659	0.0006310376920737326	0.14790767431259155	0.00010703722364269197	0.7397534847259521	3.0617644370067865e-05	0.017069710418581963	0.04346458241343498	True	0.2070036083459854	0.007541141472756863	0.10492192953824997	0.0033612274564802647	0.6733847856521606	1.1536893680386129e-06	0.003600846976041794	0.00018534078844822943
904303557582753793	Making a Tropical Storm Harvey Donation? Go With Cash news business	data/processed/pro_crisismmd/images/data_image/hurricane_harvey/3_9_2017/904303557582753793_0.jpg	rescue_volunteering_or_donation_effort	affected_individuals	False	0.7201403230428696	0.5632413122802973	0.11142533598467708	0.002604549836178194	0.1568990107625723	0.0007980778120781906	0.7201403230428696	1.72409667698048e-06	0.00800813986279536	0.0001227942393597914	False	True	0.009603286162018776	6.942245090613142e-05	0.03764445334672928	1.0104881766892504e-05	0.9420138597488403	1.1934192798435106e-06	0.010573976673185825	8.36263716337271e-05	True	0.416891485452652	0.010209931991994381	0.5146626830101013	0.003161996603012085	0.054519712924957275	3.316128868391388e-06	0.0003106294316239655	0.00024029784253798425
904660568744873985	Joint Statement from the NBA & NBPA re: Hurricane Harvey Relief Efforts:	data/processed/pro_crisismmd/images/data_image/hurricane_harvey/4_9_2017/904660568744873985_0.jpg	rescue_volunteering_or_donation_effort	not_humanitarian	False	0.7198169454932213	0.5507900766097009	0.7198169454932213	0.023519527167081833	0.16902686888352036	0.00855743233114481	0.07542244717478752	0.0001077738897947711	0.0013399614545051008	0.0022090003185439855	False	True	0.884566605091095	0.011918626725673676	0.025042040273547173	0.0048574600368738174	0.06976019591093063	0.00013232736091595143	0.0009875843534246087	0.0027350925374776125	True	0.22556796669960022	0.058322228491306305	0.6009813547134399	0.019657349213957787	0.09240920096635818	3.411347643123008e-05	0.0023970927577465773	0.0006307236617431045
9,17868E+17	Colorado-based SuperTanker takes on California wildfires:	data/processed/pro_crisismmd/images/data_image/california_wildfires/10_10_2017/917868035423080449_0.jpg	other_relevant_information	not_humanitarian	False	0.7179208695888519	0.4975755736231804	0.7179208695888519	0.22034529596567154	0.02031306963181123	0.007052265573292971	0.026893681148067117	0.000203642445285368	0.0040109651163220406	0.003260173834860325	False	True	0.7814908027648926	0.19390442967414856	0.0026385739911347628	0.004065932705998421	0.009399699978530407	0.0002614568511489779	0.004455675836652517	0.0037833768874406815	True	0.52721107006073	0.2996678948402405	0.07333655655384064	0.01601126417517662	0.07937562465667725	3.0199227694538422e-05	0.0026768329553306103	0.001690564677119255
901754445876387841	This is Hurricane Harvey from space.	data/processed/pro_crisismmd/images/data_image/hurricane_harvey/27_8_2017/901754445876387841_0.jpg	other_relevant_information	not_humanitarian	False	0.7171121388673782	0.4505075477063656	0.7171121388673782	0.26660459116101265	0.00544415702461265	0.004300436761695892	0.0038820027839392424	4.411200734466547e-05	0.0007463245710823685	0.0018661829599295743	False	True	0.8859561681747437	0.10563986003398895	0.0010911469580605626	0.0011834453325718641	0.003174490761011839	4.789097511093132e-05	0.0005226236535236239	0.0023843185044825077	True	0.21058005094528198	0.7494987845420837	0.018503187224268913	0.013651411049067974	0.006004538852721453	3.277510404586792e-05	0.0014174273237586021	0.000311776326270774
9,1785E+17	The world's only 747 supertanker is fighting California's wildfires right now.	data/processed/pro_crisismmd/images/data_image/california_wildfires/10_10_2017/917850123543171073_0.jpg	rescue_volunteering_or_donation_effort	not_humanitarian	False	0.715054590255022	0.5739278113469481	0.715054590255022	0.1411267789080739	0.05339600204024464	0.01308993250131607	0.06308890087530017	0.00025061811538762413	0.007150698220357299	0.00684247532626614	False	True	0.9095886945724487	0.04625227674841881	0.006984274368733168	0.008001754060387611	0.020793089643120766	0.00027958740247413516	0.004780705086886883	0.0033196110744029284	True	0.131452277302742	0.4257502853870392	0.19263118505477905	0.028354467824101448	0.18997633457183838	0.00016371025412809104	0.014260677620768547	0.017411068081855774
904437880285564928	Journalists double as rescuers during Harvey news money, luxury, wealth news	data/processed/pro_crisismmd/images/data_image/hurricane_harvey/3_9_2017/904437880285564928_0.jpg	rescue_volunteering_or_donation_effort	affected_individuals	False	0.7130366363562644	0.5496032233349979	0.11756345117464662	0.003660509525161615	0.16343341302126646	0.0004219394195388304	0.7130366363562644	0.00021315667305543684	0.001470995477575343	0.00019989634529338218	False	True	0.013105703517794609	2.8552703952300362e-05	0.04559997096657753	6.471547385444865e-05	0.9403905272483826	0.00028332057991065085	0.00044311038800515234	8.409876318182796e-05	True	0.43093669414520264	0.014556379988789558	0.5169337391853333	0.0014936112565919757	0.030974963679909706	2.664952489794814e-06	0.004554650746285915	0.0005472890916280448
901663079993417728	As the entire South braces for Harvey's impact, New Orleans residents remember past storms as drainage pumps fail.	data/processed/pro_crisismmd/images/data_image/hurricane_harvey/27_8_2017/901663079993417728_0.jpg	other_relevant_information	not_humanitarian	False	0.7129133641719818	0.4703337559476495	0.7129133641719818	0.24257960822433233	0.0029313437989912927	0.020262814359739423	0.014400464482605457	0.00016892480198293924	0.0006327426817733794	0.006110672500653891	False	True	0.6731676459312439	0.3040124773979187	0.0019527843687683344	0.0029246797785162926	0.009020090103149414	0.00021715386537835002	0.0006063270848244429	0.008098768070340157	True	0.8321505188941956	0.05828100070357323	0.005867022089660168	0.07227721810340881	0.030541587620973587	2.4237611796706915e-05	0.0007119894726201892	0.0001463857915950939
9,17793E+17	California wildfires destroy more than 50 structures: KAKEnews	data/processed/pro_crisismmd/images/data_image/california_wildfires/10_10_2017/917793137925459968_1.jpg	infrastructure_and_utility_damage	affected_individuals	False	0.7114320783875883	0.5109042586409487	0.05803345888853073	0.02242042514262721	0.003147085546515882	0.20052781974663958	0.7114320783875883	6.891702378197806e-05	0.0023158902768045664	0.0020543786413327325	False	True	0.046680256724357605	0.0017782228533178568	0.002197808586061001	0.00323888030834496	0.9407956004142761	1.1708249076036736e-05	0.002579742344096303	0.0027178735472261906	True	0.09209306538105011	0.08434703201055527	0.005994916427880526	0.7923946380615234	0.02334151230752468	0.00024054334789980203	0.0015243340749293566	6.389392365235835e-05
9,197E+17	TubbsFire victim Karen Aycock, 54, 'wouldn't leave the house without her animals.'	data/processed/pro_crisismmd/images/data_image/california_wildfires/15_10_2017/919700496583049216_0.jpg	not_humanitarian	missing_or_found_people	False	0.7090625402051955	0.4827451689634472	0.044644985551713035	0.0033353516555507667	0.0031857972498983145	0.005251794751529815	0.22631737124174833	2.8097409995098133e-05	0.008174105983925983	0.7090625402051955	False	True	0.0015202962094917893	3.756218939088285e-05	0.0011149998754262924	0.00015805497241672128	0.05496898666024208	1.9758463167818263e-05	0.0019270448246970773	0.9402533769607544	True	0.17401905357837677	0.013228720054030418	0.00939818937331438	0.020533014088869095	0.7403625249862671	5.311425047693774e-05	0.0269152894616127	0.015490029938519001
9,17861E+17	LIVE: Northern California wildfire briefing from the Sonoma County Sheriff's Office.	data/processed/pro_crisismmd/images/data_image/california_wildfires/10_10_2017/917861480673902592_0.jpg	not_humanitarian	missing_or_found_people	False	0.7063583019771613	0.4884123152878601	0.023123055463656783	0.2179459866893012	0.009425946394912899	0.003862773628497962	0.030401128344237804	0.0022941607821849175	0.006588669086340815	0.7063583019771613	False	True	0.014456056989729404	0.0009547587251290679	0.007450039032846689	0.00034324961598031223	0.025003422051668167	0.0030352184548974037	0.007974215783178806	0.9407830834388733	True	0.04912405088543892	0.8689196705818176	0.015353668481111526	0.014421345666050911	0.046594247221946716	7.098776404745877e-05	0.0024320289958268404	0.003083957592025399
9,2083E+17	Hellish California wildfires inspire haunting web comic	data/processed/pro_crisismmd/images/data_image/california_wildfires/19_10_2017/920830416541683718_0.jpg	not_humanitarian	affected_individuals	False	0.7019713297486305	0.4997309222817421	0.20224040746688843	0.034087894251570106	0.009291847585700452	0.030977278656791896	0.7019713297486305	2.412464891676791e-05	0.00633173284586519	0.01507536499411799	False	True	0.0688064694404602	0.00519475806504488	0.00535674998536706	0.003736423561349511	0.8903272151947021	1.5980338503140956e-05	0.0066991825588047504	0.019863186404109	True	0.6025422215461731	0.12076730281114578	0.02109714038670063	0.11269984394311905	0.13690367341041565	4.855758015764877e-05	0.005229383707046509	0.0007119007641449571
901663058388504576	Flooding in Houston. North Braeswood @ Mullins. Almost 30 inches height. Harvey	data/processed/pro_crisismmd/images/data_image/hurricane_harvey/27_8_2017/901663058388504576_0.jpg	infrastructure_and_utility_damage	not_humanitarian	False	0.7005657628178596	0.5401062467135489	0.7005657628178596	0.16045951610431075	0.005989914061501622	0.09036834165453911	0.029573540668934584	0.011796611186582595	0.0006229282917047385	0.0006234137181309052	False	True	0.8408517837524414	0.030815916135907173	0.0008012494072318077	0.07847730815410614	0.033485595136880875	0.014733375050127506	0.00013562086678575724	0.0006991874543018639	True	0.2797077000141144	0.5493903160095215	0.021555908024311066	0.126041442155838	0.01783737726509571	0.0029863195959478617	0.0020848505664616823	0.000396092509618029
904484542647607297	Great info graphic capturing Harvey impact on refinery capacity. oilandgas	data/processed/pro_crisismmd/images/data_image/hurricane_harvey/3_9_2017/904484542647607297_0.jpg	other_relevant_information	not_humanitarian	False	0.7002794109284878	0.4614893142133951	0.7002794109284878	0.23879009671509266	0.0033365506096743047	0.02750304201617837	0.02031847182661295	0.005082409785245545	0.0032186817552428693	0.0014713774362462573	False	True	0.8791082501411438	0.06560226529836655	0.0036517458502203226	0.02152869664132595	0.020845603197813034	0.0065840776078403	0.0008098032558336854	0.0018695939797908068	True	0.16379289329051971	0.758353590965271	0.002390964888036251	0.045426078140735626	0.018737077713012695	0.000577406317461282	0.01044531725347042	0.0002767278056126088
904958266454687745	Fresno Sikh community raises massive amount of aid for Hurricane Harvey victims:	data/processed/pro_crisismmd/images/data_image/hurricane_harvey/5_9_2017/904958266454687745_0.jpg	rescue_volunteering_or_donation_effort	affected_individuals	False	0.6985083222389221	0.416410306468606	0.013911900343373418	0.00099449350273062	0.2820980157703161	0.00032341008954972494	0.6985083222389221	1.2269083754290477e-05	0.0006774652283638716	0.0034741272684186697	False	True	0.016741443425416946	3.53167051798664e-05	0.11603278666734695	9.055979171535e-05	0.8621101975440979	9.738388143887278e-06	0.0006791142513975501	0.0043008411303162575	True	0.005423271097242832	0.003872023895382881	0.7802937030792236	0.0010219609830528498	0.20770269632339478	1.9861170585500076e-05	0.000672518159262836	0.0009939856827259064
9,22187E+17	CALIFORNIA WILDFIRES: Geoengineered Firestorms Terrorize to Advance theAgenda(s)	data/processed/pro_crisismmd/images/data_image/california_wildfires/22_10_2017/922187283142504448_0.jpg	not_humanitarian	other_relevant_information	False	0.6948485374450684	0.4358013719320297	0.25904716551303864	0.6948485374450684	0.0007803695225447882	0.03950471803545952	0.005419874214567244	6.429868449231435e-05	0.00029851559520466253	3.6552569611103536e-05	False	True	0.25204184651374817	0.7235841751098633	0.00018985649512615055	0.017963923513889313	0.005888883024454117	8.208020881284028e-05	0.00020165913156233728	4.7594709030818194e-05	True	0.28006312251091003	0.6086416244506836	0.002551908604800701	0.10412710160017014	0.004012847784906626	1.0954111530736554e-05	0.0005890849861316383	3.426151351959561e-06
901679854273400832	OMG thats it! Thats the tornado 1	data/processed/pro_crisismmd/images/data_image/hurricane_harvey/27_8_2017/901679854273400832_0.jpg	other_relevant_information	not_humanitarian	False	0.694562703371048	0.5305721890181303	0.694562703371048	0.16399051435291767	0.0022066681121941656	0.10636461339890957	0.013338956166990101	0.000386979245377006	0.0010905545423156582	0.01805904566845129	False	True	0.6544613838195801	0.18357089161872864	0.0015128959203138947	0.1200115978717804	0.015411858446896076	0.00048626045463606715	0.0004768835206050426	0.02406824193894863	True	0.8148666620254517	0.10524938255548477	0.004287984687834978	0.06542365998029709	0.007120249327272177	8.913561759982258e-05	0.002931567607447505	3.145685695926659e-05
9,19601E+17	Cuomo: NY team to help fight massive California wildfires	data/processed/pro_crisismmd/images/data_image/california_wildfires/15_10_2017/919600773507383296_0.jpg	rescue_volunteering_or_donation_effort	not_humanitarian	False	0.6945162415504456	0.5360586419701576	0.6945162415504456	0.05992477107793093	0.06380492448806763	0.01041158870793879	0.15845759958028793	0.0003500466441437311	0.011708729201927781	0.0008260828835773282	False	True	0.7451914548873901	0.03219492360949516	0.027876511216163635	0.003861653618514538	0.17473264038562775	0.00046150971320457757	0.014696215279400349	0.000985069666057825	True	0.5424906015396118	0.14311431348323822	0.1715901643037796	0.030061393976211548	0.1096324771642685	1.5657436961191706e-05	0.0027462709695100784	0.00034912253613583744
901671714668527616	Harvey now classified as a tropical storm.	data/processed/pro_crisismmd/images/data_image/hurricane_harvey/27_8_2017/901671714668527616_0.jpg	other_relevant_information	not_humanitarian	False	0.6927512288093567	0.41125890612602234	0.6927512288093567	0.28149232268333435	0.004492706328164786	0.0058355433866381645	0.008613381301984191	0.00016456834441669344	0.0005498030586750247	0.006100376944232266	False	True	0.6731676459312439	0.3040124773979187	0.0019527843687683344	0.0029246797785162926	0.009020090103149414	0.00021715386537835002	0.0006063270848244429	0.008098768070340157	True	0.7515019774436951	0.2139318585395813	0.012112472206354141	0.01456813421100378	0.007393254898488522	6.811781531723682e-06	0.00038023098022677004	0.00010520356590859592
901671567192678400	ME: I wonder whats on the internet today 2 Minutes Later: hurricane Harvey	data/processed/pro_crisismmd/images/data_image/hurricane_harvey/27_8_2017/901671567192678400_0.jpg	other_relevant_information	not_humanitarian	False	0.6913915798068047	0.4384978786110878	0.6913915798068047	0.25289370119571686	0.002262196212541312	0.003368950361618772	0.012452286202460527	0.00012263419830560451	0.004034430283354595	0.03347416885662824	False	True	0.7574183940887451	0.17940354347229004	0.0016976629849523306	0.0017383861122652888	0.01494678109884262	0.0001495911565143615	0.0007709407946094871	0.04387463629245758	True	0.4933111369609833	0.4733641743659973	0.003955795895308256	0.008260643109679222	0.004968801513314247	4.176332367933355e-05	0.01382489874958992	0.002272766549140215
9,22133E+17	FedEx Customers: recent hazardous conditions have subsided in California due to wildfires	data/processed/pro_crisismmd/images/data_image/california_wildfires/22_10_2017/922132850165497856_0.jpg	not_humanitarian	other_relevant_information	False	0.687675379216671	0.5428552851080894	0.14482009410858154	0.687675379216671	0.02004954358562827	0.03772530774585903	0.06139343976974487	0.001544325270515401	0.0012444669991964474	0.04554739824379794	False	True	0.12732239067554474	0.7875282764434814	0.00577140785753727	0.006226600147783756	0.0101737380027771	0.001998113002628088	0.00073398178210482	0.06024542078375816	True	0.19731320440769196	0.3881166875362396	0.06288395076990128	0.13222143054008484	0.2150525450706482	0.00018296207417733967	0.0027759226504713297	0.0014533306239172816
901714497332809728	Hurricane Harvey Threatens Largest Flood Insurer	data/processed/pro_crisismmd/images/data_image/hurricane_harvey/27_8_2017/901714497332809728_0.jpg	infrastructure_and_utility_damage	not_humanitarian	False	0.6869628578424454	0.4788353652693331	0.6869628578424454	0.030680556956212968	0.03919313568621874	0.02723789945594035	0.20812749257311225	2.3644523025723174e-05	0.006645679997745901	0.0011288109894849185	False	True	0.676083505153656	0.0026811996940523386	0.0403054878115654	0.0016306015895679593	0.2692630887031555	1.412886194884777e-05	0.008525614626705647	0.001496472512371838	True	0.7196009159088135	0.11467862874269485	0.03585607931017876	0.10405979305505753	0.024720704182982445	5.2191506256349385e-05	0.0010058761108666658	2.5826420824159868e-05
901776373177561088	Buffalo Bayou is higher than I've ever seen it. Pool about to go under. Harvey	data/processed/pro_crisismmd/images/data_image/hurricane_harvey/27_8_2017/901776373177561088_0.jpg	infrastructure_and_utility_damage	not_humanitarian	False	0.6851765848696232	0.49245029874145985	0.6851765848696232	0.19272628612816334	0.016325580305419862	0.06375001976266503	0.03409476950764656	0.004854753904510289	0.0016655097715556622	0.0014064824936212972	False	True	0.8556422591209412	0.07440980523824692	0.003870085347443819	0.01870843581855297	0.0392470546066761	0.005972240120172501	0.0005256435833871365	0.0016244739526882768	True	0.17377956211566925	0.5476757287979126	0.05369206517934799	0.19887477159500122	0.018637914210557938	0.0015022952575236559	0.005085108336061239	0.0007525081164203584
9,19565E+17	EarthChanges California wildfires visible from outer space - Bemidji Pioneer via hng news	data/processed/pro_crisismmd/images/data_image/california_wildfires/15_10_2017/919564784537804800_0.jpg	not_humanitarian	other_relevant_information	False	0.6833487749099731	0.4153082026168704	0.26804057229310274	0.6833487749099731	0.002974748145788908	0.023869264405220747	0.014205597806721926	0.004459906022020732	0.00041279512515757233	0.002688359032617882	False	True	0.3377525508403778	0.6173906922340393	0.002069074660539627	0.01971966214478016	0.013349583372473717	0.005913275759667158	0.00045061291893944144	0.003354566404595971	True	0.05890463665127754	0.8812230229377747	0.005691768601536751	0.03631807118654251	0.016773641109466553	9.979680908145383e-05	0.000299341743811965	0.0006897369166836143
9,18244E+17	California wildfires keep growing as flames leave trail of destruction	data/processed/pro_crisismmd/images/data_image/california_wildfires/11_10_2017/918243601062141952_0.jpg	infrastructure_and_utility_damage	not_humanitarian	False	0.6822438985109329	0.5558889210224152	0.6822438985109329	0.12635497748851776	0.006322489702142775	0.08016758505254984	0.09890143387019634	0.0012182226801087381	0.004486025020014495	0.0003053821055800654	False	True	0.7548415064811707	0.07694926857948303	0.0031645535491406918	0.03961889073252678	0.11853265017271042	0.001606596983037889	0.004948544315993786	0.00033803359838202596	True	0.4644510746002197	0.27457210421562195	0.015796298161149025	0.20181366801261902	0.040007784962654114	5.3099771321285516e-05	0.003098467132076621	0.00020742762717418373
901697361541509120	House is flooded. Me & cats will sleep upstairs. Still have power. Hope neighbors ok!HurricaneHarvey please stop!	data/processed/pro_crisismmd/images/data_image/hurricane_harvey/27_8_2017/901697361541509120_0.jpg	infrastructure_and_utility_damage	not_humanitarian	False	0.6810508221387863	0.533341646194458	0.6810508221387863	0.06116125825792551	0.026363391807535663	0.056099388748407364	0.1477091759443283	0.020925783130223863	0.004596672020852566	0.002093569637509063	False	True	0.81525057554245	0.03299294039607048	0.0013854334829375148	0.046245135366916656	0.07358530163764954	0.02777242846786976	0.001608644612133503	0.001159599400125444	True	0.2784515619277954	0.1456662118434906	0.10129726678133011	0.08566214889287949	0.3700807988643646	0.0003858471172861755	0.013560754247009754	0.00489548034965992
905055726183124993	13 Toxic Waste Sites Damaged by Harvey, Houston Awash in Chemicals	data/processed/pro_crisismmd/images/data_image/hurricane_harvey/5_9_2017/905055726183124993_0.jpg	infrastructure_and_utility_damage	not_humanitarian	False	0.6802947446703911	0.524953642860055	0.6802947446703911	0.1217277329415083	0.010025380077422597	0.1553411018103361	0.006291308207437396	0.013314302515937015	0.010588561999611557	0.002416829822323052	False	True	0.8026387691497803	0.08973295241594315	0.0008754033478908241	0.06894237548112869	0.005207531154155731	0.01721510849893093	0.012209541164338589	0.0031782975420355797	True	0.3132626712322235	0.21771207451820374	0.037475310266017914	0.4145372807979584	0.00954263936728239	0.0016118845669552684	0.00572562450543046	0.0001324266631854698
901809493671124992	Here is a picture edit of me with a umbrella upside down during hurricane Harvey.	data/processed/pro_crisismmd/images/data_image/hurricane_harvey/27_8_2017/901809493671124992_0.jpg	affected_individuals	not_humanitarian	False	0.6789928413927555	0.5755249112844467	0.6789928413927555	0.07748285098932683	0.04798763617873192	0.041587216313928366	0.10346793010830879	0.011728867189958692	0.025377167388796806	0.013375493945204653	False	True	0.8357560634613037	0.005636674351990223	0.03482808172702789	0.009522857144474983	0.0825885683298111	0.011338284239172935	0.019433706998825073	0.0008957587997429073	True	0.2087031751871109	0.29302138090133667	0.087466299533844	0.1377802938222885	0.16610601544380188	0.01290061604231596	0.043207548558712006	0.05081469938158989
9,17791E+17	Wildfires raging through Northern California are terrifying	data/processed/pro_crisismmd/images/data_image/california_wildfires/10_10_2017/917791044158185473_0.jpg	other_relevant_information	not_humanitarian	False	0.6760841906070709	0.42098421044647694	0.6760841906070709	0.255099980160594	0.003841409692540765	0.0249687556643039	0.034806246403604746	0.00040195021847466705	0.003230225876905024	0.0015672784720663913	False	True	0.8185594081878662	0.12148723751306534	0.0026532034389674664	0.011960848234593868	0.03900869935750961	0.0005296380841173232	0.003732105018571019	0.0020689137745648623	True	0.24865853786468506	0.6559382081031799	0.00740602845326066	0.06399247795343399	0.022198887541890144	1.8886621546698734e-05	0.0017245884519070387	6.237256457097828e-05
904319292606468096	Zion Responds to Hurricane Harvey	data/processed/pro_crisismmd/images/data_image/hurricane_harvey/3_9_2017/904319292606468096_0.jpg	other_relevant_information	not_humanitarian	False	0.672871895134449	0.5233810844365507	0.672871895134449	0.10286555625498295	0.14949081069789827	0.006333986995741725	0.024983446579426527	0.0001845436345320195	0.0005819939215143677	0.0426878119178582	False	True	0.794769823551178	0.12218693643808365	0.009154071100056171	0.0027084192261099815	0.01431378535926342	0.0002053331263596192	0.00017439662769902498	0.05648726969957352	True	0.3071781098842621	0.04490141570568085	0.5705010294914246	0.017210690304636955	0.05699243023991585	0.00012217515904922038	0.0018047858029603958	0.0012894385727122426
9,17973E+17	California wildfires rage, churches 'jumping into action'	data/processed/pro_crisismmd/images/data_image/california_wildfires/11_10_2017/917973346976968704_0.jpg	infrastructure_and_utility_damage	affected_individuals	False	0.6656528189778328	0.43546896427869797	0.23018385469913483	0.041320704156532884	0.02150051828357391	0.03234331798739731	0.6656528189778328	1.62571575401671e-05	0.0024586463696323335	0.006523865935378126	False	True	0.1486196219921112	0.0034346533939242363	0.001615047105588019	0.0023529743775725365	0.832999050617218	1.0001026566897053e-05	0.0023035367485135794	0.00866509135812521	True	0.4748765528202057	0.15497885644435883	0.08115693181753159	0.12231434881687164	0.16361412405967712	3.502555045997724e-05	0.002923975232988596	0.00010018966713687405
905169671179165696	. Aviation Electronics 1st Class Michael Buchholz talks about rescuing people from Harvey floodwaters	data/processed/pro_crisismmd/images/data_image/hurricane_harvey/5_9_2017/905169671179165696_0.jpg	rescue_volunteering_or_donation_effort	not_humanitarian	False	0.6638870593160391	0.5552919799811207	0.6638870593160391	0.031336511485278606	0.10859507933491841	0.009434271603822708	0.07666122168302536	0.0015291088056983426	0.013810662785544991	0.0947460699826479	False	True	0.8448246717453003	0.009746599942445755	0.003082670969888568	0.005422994494438171	0.029573962092399597	0.0018600380280986428	0.011533218435943127	0.09395582973957062	True	0.12107422202825546	0.09610624611377716	0.42513230443000793	0.02146810293197632	0.21792300045490265	0.000536321138497442	0.020642995834350586	0.09711679071187973
9,21194E+17	Fire in Lower Lake, California. (AP/Kent Porter)	data/processed/pro_crisismmd/images/data_image/california_wildfires/20_10_2017/921193817251962880_0.jpg	infrastructure_and_utility_damage	not_humanitarian	False	0.6610843539237976	0.4880815390497446	0.6610843539237976	0.173002814874053	0.006813892861828208	0.060808293521404266	0.09013814758509398	0.002123187485267408	0.004883439687546343	0.0011458584431238705	False	True	0.739000141620636	0.0913471058011055	0.0016255071386694908	0.05597137659788132	0.10616245865821838	0.0025664118584245443	0.0018388975877314806	0.00148808304220438	True	0.42733699083328247	0.4179699420928955	0.02237905003130436	0.07531904429197311	0.04206521436572075	0.0007935143657959998	0.014017065986990929	0.00011918464588234201
9,18354E+17	Anyways, I drove through the Redwood Forest then next to the California wildfires	data/processed/pro_crisismmd/images/data_image/california_wildfires/12_10_2017/918354135350616064_3.jpg	other_relevant_information	not_humanitarian	False	0.6609326303005219	0.4710092656314373	0.6609326303005219	0.18992336466908455	0.000941745238378644	0.09643114730715752	0.04852055851370096	0.001070528494892642	0.0011838925711344928	0.0009960713923646836	False	True	0.650198221206665	0.16951633989810944	0.0007729718927294016	0.11451087146997452	0.06116059049963951	0.0013709012418985367	0.0011659824522212148	0.001304049976170063	True	0.6931358575820923	0.2511444389820099	0.0014480652753263712	0.04219197481870651	0.010600462555885315	0.00016941025387495756	0.0012376229278743267	7.213564094854519e-05
904807213927206912	Houston neighborhoods deep in HarveyRecovery txlege harvey	data/processed/pro_crisismmd/images/data_image/hurricane_harvey/4_9_2017/904807213927206912_1.jpg	infrastructure_and_utility_damage	not_humanitarian	False	0.6600991487503052	0.48575261794030666	0.6600991487503052	0.012328848708420992	0.011719754547812045	0.057528497418388724	0.1743465308099985	0.07688562710973201	0.0003501116661936976	0.006741467900610587	False	True	0.6642998456954956	0.003934705629944801	0.005441525485366583	0.009594541974365711	0.2050517499446869	0.10246365517377853	0.00023662755847908556	0.008977310732007027	True	0.6474970579147339	0.037511277943849564	0.03055444173514843	0.20133036375045776	0.08223087340593338	0.00015154291759245098	0.0006905639893375337	3.393940642126836e-05
9,18273E+17	Raining Ash and No Rest: Firefighters Struggle to Contain California Wildfires SocialMedia	data/processed/pro_crisismmd/images/data_image/california_wildfires/12_10_2017/918272560848101376_0.jpg	rescue_volunteering_or_donation_effort	not_humanitarian	False	0.6598966419696808	0.48922981694340706	0.6598966419696808	0.17066682502627373	0.043774806428700686	0.038229533238336444	0.06436727568507195	0.0004851509802392684	0.017205664131324738	0.005374098996981047	False	True	0.7012298703193665	0.15044862031936646	0.048536673188209534	0.008281455375254154	0.06219229847192764	0.0006180961499921978	0.021658597514033318	0.00703438138589263	True	0.5358969569206238	0.23132143914699554	0.02948920615017414	0.1280737668275833	0.07089220732450485	8.631547098048031e-05	0.0038468639831990004	0.0003932518302462995
901767940994985984	reporting from Houston on HurricaneHarvey. Great job and please be safe.	data/processed/pro_crisismmd/images/data_image/hurricane_harvey/27_8_2017/901767940994985984_0.jpg	other_relevant_information	not_humanitarian	False	0.659647673368454	0.402543805539608	0.659647673368454	0.257103867828846	0.006794235203415155	0.004530859703663737	0.01216874411329627	0.0006295442181567523	0.002158793169655837	0.05696629436715739	False	True	0.5652111768722534	0.3302319645881653	0.004284549504518509	0.0055524613708257675	0.01536665577441454	0.0008382307132706046	0.002715300302952528	0.07579965889453888	True	0.9429571628570557	0.03771957755088806	0.014323292300105095	0.0014660547021776438	0.0025750091299414635	3.484732815195457e-06	0.0004892717697657645	0.00046620078501291573
9,22924E+17	SoFi starts GoFundMe to aid their people impacted by California wildfire	data/processed/pro_crisismmd/images/data_image/california_wildfires/24_10_2017/922924297533865984_0.jpg	rescue_volunteering_or_donation_effort	not_humanitarian	False	0.6585618108510971	0.5058486561756581	0.6585618108510971	0.11350986163597554	0.06585669238120317	0.003362029150594026	0.152713154675439	0.0003144862225781253	0.00376936950488016	0.0019126528422930278	False	True	0.8287593126296997	0.14934471249580383	0.009854983538389206	0.0035727291833609343	0.0029097264632582664	0.0004130834713578224	0.004664959851652384	0.0004805535718332976	True	0.1479693055152893	0.00600530905649066	0.23386181890964508	0.0027299290522933006	0.6021234393119812	1.8694476239033975e-05	0.001082598464563489	0.006208950653672218
9,20111E+17	Video Shows Deputy Braving California Wildfire Flames,	data/processed/pro_crisismmd/images/data_image/california_wildfires/17_10_2017/920110628903292930_0.jpg	not_humanitarian	missing_or_found_people	False	0.6577521084109321	0.5185237551340833	0.1392283532768488	0.10254166799131781	0.018250379449455068	0.02065758252865635	0.01722045970382169	0.03018101286033925	0.01416846422944218	0.6577521084109321	False	True	0.057286106050014496	0.00446785194799304	0.0016164552653208375	0.0010399996535852551	0.003160211956128478	0.0402231328189373	0.016325511038303375	0.875880777835846	True	0.3850550949573517	0.3967631161212921	0.06815215200185776	0.07951033115386963	0.05940120294690132	5.465298454510048e-05	0.007697323802858591	0.003366100136190653
9,17829E+17	Wildfires have ravaged areas all across California, destroying over 1500 properties	data/processed/pro_crisismmd/images/data_image/california_wildfires/10_10_2017/917828826083840000_0.jpg	infrastructure_and_utility_damage	not_humanitarian	False	0.65741210244596	0.5034050578251481	0.65741210244596	0.10939905839040875	0.0011706789955496788	0.15400704462081194	0.07363654486835003	0.0010587509568722453	0.0025940305495169014	0.000721807617082959	False	True	0.8490631580352783	0.013851186260581017	0.0007797316648066044	0.04515272006392479	0.08572372049093246	0.001389377866871655	0.0030877594836056232	0.0009523635380901396	True	0.08245893567800522	0.39604267477989197	0.002343520987778902	0.4805700182914734	0.03737501800060272	6.687022687401623e-05	0.0011128437472507358	3.013985406141728e-05
9,19939E+17	15 Videos Show What It's Really Like Trying to Survive the CaliforniaWildfires	data/processed/pro_crisismmd/images/data_image/california_wildfires/16_10_2017/919939268646019072_0.jpg	not_humanitarian	other_relevant_information	False	0.6561640463769436	0.4481670819222927	0.20799696445465088	0.6561640463769436	0.011943533036173903	0.016362053516786546	0.10590511109330691	0.00028029095460624376	0.0012920682711410336	5.594680351350689e-05	False	True	0.1777753233909607	0.8184117078781128	0.00011531629570527002	0.001853525871410966	0.0012965340865775943	0.00036929763155058026	0.0001298996212426573	4.840441033593379e-05	True	0.29866188764572144	0.16942106187343597	0.0474281832575798	0.059887636452913284	0.4197308421134949	1.3270923773234244e-05	0.004778574220836163	7.85739830462262e-05
9,21739E+17	Wrenching Story Death Survival North Bay Wildfires:	data/processed/pro_crisismmd/images/data_image/california_wildfires/21_10_2017/921738979619241984_0.jpg	not_humanitarian	missing_or_found_people	False	0.6546728490211535	0.4470511405088473	0.2076217085123062	0.01534130949221435	0.0032261851883959025	0.007332003122428432	0.10440888442099094	3.230347346061535e-05	0.007364781340584159	0.6546728490211535	False	True	0.0070950984954833984	0.00016096561739686877	0.0014413880417123437	0.00032388034742325544	0.10922366380691528	4.184543286100961e-05	0.008912837132811546	0.872800350189209	True	0.8092015385627747	0.060882341116666794	0.008580576628446579	0.028356371447443962	0.08996454626321793	3.6775952594325645e-06	0.0027206139639019966	0.00029034551698714495
904727888095739904	Hurricane Irma could hit US by this weekend after Harveydevastation	data/processed/pro_crisismmd/images/data_image/hurricane_harvey/4_9_2017/904727888095739904_0.jpg	other_relevant_information	not_humanitarian	False	0.6523137390613556	0.34344257321208715	0.6523137390613556	0.30887116584926844	0.003914164612069726	0.004587555304169655	0.015367570449598134	0.0001383528788210242	0.0009707688368507661	0.013836654263286619	False	True	0.5554028153419495	0.39773106575012207	0.003230346366763115	0.004766445141285658	0.019071180373430252	0.00018213194562122226	0.001183139975182712	0.018432844430208206	True	0.943046510219574	0.042291466146707535	0.005965619347989559	0.004050885792821646	0.004256740678101778	7.015678420430049e-06	0.00033365542185492814	4.808376252185553e-05
9,19849E+17	Photo my dad took flying over the California wildfires yesterday. Hope everyone there is doing okay F	data/processed/pro_crisismmd/images/data_image/california_wildfires/16_10_2017/919849383176392704_0.jpg	other_relevant_information	not_humanitarian	False	0.6518096346408129	0.3397169727832079	0.6518096346408129	0.312092661857605	0.004467837046831846	0.0034574804012663662	0.024306107312440872	0.00010246029614791041	0.0017274920683121309	0.0020362865761853755	False	True	0.8324339389801025	0.1362079381942749	0.0012950962409377098	0.0020047349389642477	0.025155000388622284	0.00012489830260165036	0.0007352710817940533	0.0020430623553693295	True	0.10993672162294388	0.8397468328475952	0.013986059464514256	0.007815716788172722	0.021759428083896637	3.514627678669058e-05	0.0047041550278663635	0.0020159592386335135
904488944389292032	"Evelyn says her neighbor Javier, who doesn't speak English, rescued her from harvey. Javier: ""we are all family"""	data/processed/pro_crisismmd/images/data_image/hurricane_harvey/3_9_2017/904488944389292032_0.jpg	rescue_volunteering_or_donation_effort	affected_individuals	False	0.650195024907589	0.38816845789551735	0.2620265670120716	0.0006788304926885758	0.056088646641001105	0.000927145840250887	0.650195024907589	1.0960499849943517e-05	0.0020877926144748926	0.027985002379864454	False	True	0.07545547187328339	9.362857963424176e-05	0.07336943596601486	0.0010515381582081318	0.8167755007743835	1.4533259673044086e-05	0.0026086100842803717	0.030631285160779953	True	0.8217398524284363	0.0024344362318515778	0.004246278665959835	0.0005539688863791525	0.1504535973072052	2.4222038064181106e-07	0.0005253402050584555	0.020046154037117958
901650508229877760	"Jason Chaffetz on ' team: ""They know how to move resources."" HurricaneHarvey"	data/processed/pro_crisismmd/images/data_image/hurricane_harvey/27_8_2017/901650508229877760_0.jpg	other_relevant_information	not_humanitarian	False	0.6470262259244919	0.512668170966208	0.6470262259244919	0.1343580549582839	0.023260817863047123	0.03725660020427313	0.11467861372511834	0.012788141146558019	0.010041520043159835	0.020589975059010612	False	True	0.5438057780265808	0.17605240643024445	0.021672118455171585	0.04939661920070648	0.15139643847942352	0.01705041527748108	0.013187231495976448	0.027438927441835403	True	0.9566875696182251	0.009275000542402267	0.028026916086673737	0.0008365432149730623	0.004525139462202787	1.318753788837057e-06	0.000604385684709996	4.3117910536238924e-05
904613263970729984	Military Photo of the Day: Real-Life American Heroes Helping After Harvey -	data/processed/pro_crisismmd/images/data_image/hurricane_harvey/4_9_2017/904613263970729984_0.jpg	rescue_volunteering_or_donation_effort	affected_individuals	False	0.6466740621253848	0.31133543979376554	0.01733076477830764	2.461505710016354e-05	0.33533862233161926	2.1252733404253377e-05	0.6466740621253848	3.864027689814975e-06	0.0005730876291636378	3.3777606859075604e-05	False	True	0.022925175726413727	2.0413235688465647e-05	0.12173616886138916	1.7005806512315758e-05	0.8547914624214172	3.1297486202674918e-06	0.000479831884149462	2.6841853468795307e-05	True	0.0005475319339893758	3.722052133525722e-05	0.9761459827423096	3.3993514080066234e-05	0.02232186123728752	6.066864898457425e-06	0.0008528548642061651	5.4584867029916495e-05
9,20931E+17	Tubb Fire Victims Visit the Remains of their Home:	data/processed/pro_crisismmd/images/data_image/california_wildfires/19_10_2017/920931333848883201_0.jpg	infrastructure_and_utility_damage	affected_individuals	False	0.6458325386047363	0.44975608663435196	0.19607645197038437	0.011134095431089008	0.011328015418257564	0.0684453712310642	0.6458325386047363	0.02596546675022182	0.027822671923786402	0.013395395958468725	False	True	0.2614251375198364	0.014841480180621147	0.01441348809748888	0.08969083428382874	0.5411474704742432	0.0346156544983387	0.026024220511317253	0.017841754481196404	True	3.039532202819828e-05	1.1941182492591906e-05	0.0020715973805636168	0.0047089820727705956	0.9598877429962158	1.4903505871188827e-05	0.03321802616119385	5.6320390285691246e-05
9,20036E+17	United effort in California wildfire response says U.S. Forest Service Chief Tony Tooke.	data/processed/pro_crisismmd/images/data_image/california_wildfires/16_10_2017/920035856957739009_0.jpg	other_relevant_information	not_humanitarian	False	0.6456227898597717	0.4397580996155739	0.6456227898597717	0.20586469024419785	0.03903427196200937	0.024187549715861678	0.08002513647079468	0.0005225328021083442	0.0037454728153534234	0.0009976204455597326	False	True	0.6545162796974182	0.22496595978736877	0.0028560091741383076	0.028809374198317528	0.08265780657529831	0.0006958838785067201	0.004330695141106844	0.0011680778115987778	True	0.6189423203468323	0.14856088161468506	0.14756906032562256	0.01032207626849413	0.07212712615728378	2.4795729132165434e-06	0.0019898058380931616	0.00048624834744259715
9,17827E+17	GoFundMe: How to Immediately Help Those Impacted by the California Wildfires webdesign	data/processed/pro_crisismmd/images/data_image/california_wildfires/10_10_2017/917827226372132864_0.jpg	not_humanitarian	affected_individuals	False	0.6455839090049267	0.4335452150553465	0.2120386939495802	0.014602782670408487	0.12078629620373249	0.001836807030485943	0.6455839090049267	0.00016194278686043617	0.0041903856181306764	0.0007991993043106049	False	True	0.05745486170053482	0.007978959009051323	0.12588408589363098	0.001201043021865189	0.8011006116867065	0.00021481375733856112	0.005491588264703751	0.000674051814712584	True	0.6757901906967163	0.03447425365447998	0.10549292713403702	0.0037440990563482046	0.1790338009595871	3.329875426061335e-06	0.00028677767841145396	0.0011746417731046677
905074474936098817	Social Media becomes a savior in Hurricane Harvey relief: SocialGov HoustonStrong	data/processed/pro_crisismmd/images/data_image/hurricane_harvey/5_9_2017/905074474936098817_0.jpg	other_relevant_information	not_humanitarian	False	0.644322857260704	0.4380870213499293	0.644322857260704	0.03684378712205216	0.10795107111334801	0.00206640920805512	0.20623583591077477	0.0003155959743637027	0.001652947725233389	0.0006114797652116977	False	True	0.5663914084434509	0.048740874975919724	0.1054709330201149	0.002684247912839055	0.2733868956565857	0.0004206817829981446	0.002132876543328166	0.0007720664725638926	True	0.8781172037124634	0.001152523560449481	0.11539148539304733	0.00021289309370331466	0.0047826566733419895	3.3854846037684183e-07	0.00021316127094905823	0.00012971964315511286
9,18017E+17	Company Helps Coordinate Air Attack On California Wildfires	data/processed/pro_crisismmd/images/data_image/california_wildfires/11_10_2017/918016941683560448_0.jpg	rescue_volunteering_or_donation_effort	not_humanitarian	False	0.6426277682185173	0.391918926499784	0.6426277682185173	0.2507088417187333	0.03646872704848647	0.004718725278507918	0.03358390857465565	3.734915662789717e-05	0.010123991873115301	0.021730700707848882	False	True	0.830687940120697	0.059005092829465866	0.031099548563361168	0.0004293194506317377	0.04084622487425804	3.954840576625429e-05	0.008991639129817486	0.028900710865855217	True	0.07844725251197815	0.8258200883865356	0.05257626250386238	0.01758694276213646	0.011796959675848484	3.075140921282582e-05	0.013521050103008747	0.00022067023382987827
9,19605E+17	"The conspiracy nuts are saying the California Wildfires ""set by an atmospheric weapon."" :/"	data/processed/pro_crisismmd/images/data_image/california_wildfires/15_10_2017/919605179443490822_1.jpg	other_relevant_information	not_humanitarian	False	0.642393484711647	0.4148939289152622	0.642393484711647	0.2274995557963848	0.0007828156522009522	0.028295075986534357	0.020203571999445558	0.04863653236748178	0.003942563453165349	0.028246359732293058	False	True	0.6220146417617798	0.2098337858915329	0.00040985795203596354	0.03555861860513687	0.024534380063414574	0.06484805792570114	0.005167700350284576	0.03763289377093315	True	0.7035300135612488	0.28049686551094055	0.001901688752695918	0.006504448130726814	0.007211147807538509	1.95569282368524e-06	0.00026715276180766523	8.675761637277901e-05
905124112334553088	Giving a talk at noon Thursday in the SESE Student Commons (3rd floor, NHB) on Hurricane Harvey.	data/processed/pro_crisismmd/images/data_image/hurricane_harvey/5_9_2017/905124112334553088_0.jpg	other_relevant_information	not_humanitarian	False	0.6390432864427567	0.4221049174666405	0.6390432864427567	0.21693836897611618	0.007631862128619105	0.0786011311574839	0.03204036597162485	0.0015009104336058954	0.001945903364685364	0.022298170486465096	False	True	0.6347332000732422	0.22980710864067078	0.003625689772889018	0.10352706909179688	0.01370619609951973	0.0019699265249073505	0.0008920812397263944	0.011738724075257778	True	0.6519735455513	0.1783321499824524	0.019650379195809364	0.003823317354544997	0.08704287558794022	9.386215970152989e-05	0.005107369739562273	0.05397650972008705
904221934124130304	Hurricane Harvey, Rockport, TX Eye Wall Peak winds - 8/26/2017	data/processed/pro_crisismmd/images/data_image/hurricane_harvey/3_9_2017/904221934124130304_0.jpg	other_relevant_information	vehicle_damage	False	0.6386447905097157	0.41192912054248154	0.04514940595254302	0.22671566996723413	0.018041164556052536	0.032632131362333894	0.020894633140414953	0.6386447905097157	0.013864350166841177	0.004057883168570697	False	True	0.05318429321050644	0.03104988858103752	0.003430453361943364	0.038545046001672745	0.021927520632743835	0.8483113050460815	0.00022812887618783861	0.003323391079902649	True	0.021044744178652763	0.813713014125824	0.06187329813838005	0.01489338744431734	0.017795970663428307	0.009645246900618076	0.05477301403880119	0.0062613594345748425
9,18022E+17	101117 NAPA SONOMA Counties MORE/CALIFORNIA ON FIRE = BEG. OF GOD'S JUDGMENT . . . >	data/processed/pro_crisismmd/images/data_image/california_wildfires/11_10_2017/918021529614434306_0.jpg	not_humanitarian	other_relevant_information	False	0.6380465356633067	0.33883997704833746	0.29920655861496925	0.6380465356633067	0.0026441281734150834	0.036332701332867146	0.019725175108760595	0.0018942752867587842	0.0016025210497900844	0.0005480820509546902	False	True	0.11378221213817596	0.8311827778816223	0.0003374920634087175	0.03415123373270035	0.01673738658428192	0.002503448398783803	0.0005989139899611473	0.0007065092795528471	True	0.8554795980453491	0.05863780900835991	0.009564036503434181	0.04287710413336754	0.028688540682196617	6.675595068372786e-05	0.0046133422292768955	7.280036516021937e-05
904807895631618049	Ethika Sending $250K of Underwear to Hurricane Harvey Victims -	data/processed/pro_crisismmd/images/data_image/hurricane_harvey/4_9_2017/904807895631618049_0.jpg	rescue_volunteering_or_donation_effort	not_humanitarian	False	0.6375693306326866	0.3561519905924797	0.6375693306326866	0.012130669463658705	0.2814173400402069	0.005133376136654988	0.05594579130411148	0.0005368322454160079	0.005830903071910143	0.0014357606414705515	False	True	0.7295159101486206	0.0015350234461948276	0.19996190071105957	0.0012389504117891192	0.061238572001457214	0.0006335965008474886	0.004581711255013943	0.0012943549081683159	True	0.36172959208488464	0.04391760751605034	0.5257836580276489	0.016816653311252594	0.04006744921207428	0.0002465394791215658	0.009578478522598743	0.0018599778413772583
9,17858E+17	Join us in praying for those affected by the California wildfires. Psalm 91:1 (ESV)	data/processed/pro_crisismmd/images/data_image/california_wildfires/10_10_2017/917858042615656448_0.jpg	other_relevant_information	not_humanitarian	False	0.6365824341773987	0.39486246556043625	0.6365824341773987	0.015415459405630827	0.0789098609238863	0.003662901173811406	0.24171996861696243	0.0002544639976349572	0.0049492171965539455	0.018505675194319338	False	True	0.7732304930686951	0.014216866344213486	0.03266642242670059	0.004071681760251522	0.14682552218437195	0.00033632019767537713	0.004960108548402786	0.023692552000284195	True	0.22663825750350952	0.01901123858988285	0.21764017641544342	0.0024365594144910574	0.5264033079147339	8.89539751369739e-06	0.004916543141007423	0.0029450447764247656
905051421514506241	Meet families receiving Red Cross donations in Harvey's wake	data/processed/pro_crisismmd/images/data_image/hurricane_harvey/5_9_2017/905051421514506241_0.jpg	rescue_volunteering_or_donation_effort	affected_individuals	False	0.6347437649965286	0.44543337542563677	0.10989171080291271	0.0002756553622020874	0.18931038957089186	0.00020422535089892335	0.6347437649965286	1.129719930403894e-05	0.06275042390916497	0.0028124862728873268	False	True	0.10468816012144089	0.00023654389951843768	0.008467260748147964	0.00012827511818613857	0.8017979264259338	1.4984448171162512e-05	0.08114956319332123	0.003517212811857462	True	0.12550236284732819	0.0003929897502530366	0.7318397760391235	0.0004320760490372777	0.133581280708313	2.3545270266822627e-07	0.0075530060566961765	0.0006983066559769213
904552720144580611	Praise to all those helping the elderly in disasters! DB5FB HurricaneHarvey	data/processed/pro_crisismmd/images/data_image/hurricane_harvey/4_9_2017/904552720144580611_0.jpg	rescue_volunteering_or_donation_effort	not_humanitarian	False	0.634708508849144	0.4405752718448639	0.634708508849144	0.0006671036826446652	0.16256810538470745	0.0029735040589002892	0.1941332370042801	0.00026518039151923745	0.004534219391644001	0.0001501330289102043	False	True	0.6299996376037598	0.0007353127002716064	0.11638183146715164	0.003919822629541159	0.24334834516048431	0.0003535354044288397	0.005074732471257448	0.000186771503649652	True	0.6488351225852966	0.00046247662976384163	0.3011269271373749	0.00013454834697768092	0.04648791253566742	1.1535279043073388e-07	0.0029126801528036594	4.02176046918612e-05
904424748888735744	HumanRights please RT for HurricaneHARVEY Evacuees important message from CAJUNNAVY	data/processed/pro_crisismmd/images/data_image/hurricane_harvey/3_9_2017/904424748888735744_0.jpg	other_relevant_information	not_humanitarian	False	0.6320051774382591	0.46966997534036636	0.6320051774382591	0.004273575614206493	0.09593112953007221	0.00018984928101417609	0.16233520209789276	9.57381058270812e-05	0.0015414527515531518	0.10362791793886572	False	True	0.7422863841056824	0.004828786011785269	0.02358650416135788	0.00019883013737853616	0.091766357421875	0.0001273597008548677	0.00019123332458548248	0.13701459765434265	True	0.3011615574359894	0.0026079444214701653	0.3129650056362152	0.00016290671192109585	0.37404173612594604	8.733207437217061e-07	0.00559211103245616	0.003467878792434931
904549453058715648	Harvey damage could reach $180 billion -	data/processed/pro_crisismmd/images/data_image/hurricane_harvey/4_9_2017/904549453058715648_0.jpg	infrastructure_and_utility_damage	not_humanitarian	False	0.6309907883405685	0.4000667817890644	0.6309907883405685	0.03483487665653229	0.0072121183620765805	0.23092400655150414	0.013610730413347483	0.08121940075943712	0.0010174946946790442	0.00019059806390941958	False	True	0.5973748564720154	0.031872980296611786	0.001053858082741499	0.25182855129241943	0.008526882156729698	0.1082390770316124	0.0008538896800018847	0.0002499296679161489	True	0.731838583946228	0.04372056573629379	0.025686899200081825	0.16821037232875824	0.028862275183200836	0.00016037194291129708	0.0015083097387105227	1.2603251889231615e-05
904650765637230592	varsity players load trucks to help Texas. HurricaneHarvey service HelpTexas celticfootball50	data/processed/pro_crisismmd/images/data_image/hurricane_harvey/4_9_2017/904650765637230592_0.jpg	rescue_volunteering_or_donation_effort	affected_individuals	False	0.6286818562075496	0.28781339433044195	0.006257428234675899	0.00010901952737185638	0.3408684618771076	3.344953893247293e-05	0.6286818562075496	0.00035066901182290167	0.0037059449241496623	0.01999321934999898	False	True	0.007907452061772346	8.797388727543876e-05	0.12843970954418182	1.1859938240377232e-05	0.8320881128311157	0.0003273499314673245	0.004519641865044832	0.026617955416440964	True	0.001307356753386557	0.00017215644766110927	0.978154718875885	9.821834100876004e-05	0.01846308633685112	0.0004206262528896332	0.0012648541014641523	0.00011901115067303181
901756296096956418	NASA releases surreal footage of HurricaneHarvey captured from space	data/processed/pro_crisismmd/images/data_image/hurricane_harvey/27_8_2017/901756296096956418_2.jpg	other_relevant_information	not_humanitarian	False	0.6280654668807983	0.31071947515010834	0.6280654668807983	0.31734599173069	0.027193302841624245	0.013805420778226107	0.011086323182098567	0.00010159553858102299	0.0011803387242252938	0.0012215416209073737	False	True	0.6734565496444702	0.3174552619457245	0.0005520639242604375	0.002182243624702096	0.004473336506634951	0.00010521353397052735	0.00023941454128362238	0.001535909716039896	True	0.4918922185897827	0.31701818108558655	0.10711701959371567	0.04867495223879814	0.030925283208489418	9.074155241250992e-05	0.004003111273050308	0.00027843733550980687
904581253629804544	the beach was calling my name, so was steve harvey..	data/processed/pro_crisismmd/images/data_image/hurricane_harvey/4_9_2017/904581253629804544_1.jpg	not_humanitarian	missing_or_found_people	False	0.6265976363210939	0.2969701894908212	0.3296274468302727	0.002337125304620713	0.00222114659845829	0.004458733834326267	0.02441447603632696	0.004564783186197019	0.005778700491646305	0.6265976363210939	False	True	0.11203262209892273	0.0017094423528760672	0.002781990682706237	0.0030377479270100594	0.03196549043059349	0.00607970729470253	0.00738698523491621	0.835006058216095	True	0.9824119210243225	0.0042201741598546505	0.0005386143457144499	0.008721691556274891	0.0017614328535273671	2.0010860680486076e-05	0.0009538462618365884	0.0013723706360906363
9,18279E+17	B.C. vintner's Signorello Estate winery destroyed in California wildfires	data/processed/pro_crisismmd/images/data_image/california_wildfires/12_10_2017/918278752852955136_0.jpg	infrastructure_and_utility_damage	not_humanitarian	False	0.6259094849228859	0.4722626991569996	0.6259094849228859	0.05255161877721548	0.0175160345970653	0.14064404368400574	0.1536467857658863	0.0008113585208775476	0.008476131595671177	0.0004445793747436255	False	True	0.7076289653778076	0.03223806992173195	0.002252088161185384	0.12321728467941284	0.12420132756233215	0.0009980379836633801	0.008991915732622147	0.00047234437079168856	True	0.3807510435581207	0.11349226534366608	0.06330787390470505	0.19292432069778442	0.24198316037654877	0.0002513201325200498	0.006928779184818268	0.0003612843865994364
904779114506326016	Much destruction and recovery in Harvey Aftermath requires HoustonStrong	data/processed/pro_crisismmd/images/data_image/hurricane_harvey/4_9_2017/904779114506326016_0.jpg	infrastructure_and_utility_damage	not_humanitarian	False	0.6234182417392731	0.33462185226380825	0.6234182417392731	0.009802020678762347	0.03235653229057789	0.037055887281894684	0.2887963894754648	0.0059645820010700845	0.0024520715523976833	0.0001542924073874019	False	True	0.5761416554450989	0.002930036513134837	0.011914297938346863	0.03645023703575134	0.36169564723968506	0.007939191535115242	0.0027338487561792135	0.0001951260055648163	True	0.7652480006217957	0.030417973175644875	0.09368323534727097	0.03887283802032471	0.07009861618280411	4.075339893461205e-05	0.0016067399410530925	3.1791612855158746e-05
9,19673E+17	California cannabis farmer loses farmhouse, $2M in crops in wildfires	data/processed/pro_crisismmd/images/data_image/california_wildfires/15_10_2017/919673242130010113_0.jpg	infrastructure_and_utility_damage	not_humanitarian	False	0.6230087131261826	0.408408485352993	0.6230087131261826	0.06337257893756032	0.011403057316783816	0.07895182352513075	0.21460022777318954	0.0006862951922812499	0.0032911835005506873	0.004686120795668103	False	True	0.713800311088562	0.031194349750876427	0.001867041690275073	0.05459116771817207	0.19426128268241882	0.0008959343540482223	0.0027444232255220413	0.0006454933318309486	True	0.3506339192390442	0.159907266497612	0.04001110419631004	0.15203379094600677	0.2756170630455017	5.737770698033273e-05	0.004931464325636625	0.016808003187179565
904966999847165956	Tropical Storm Harvey Just Made A SECONDLandfall	data/processed/pro_crisismmd/images/data_image/hurricane_harvey/5_9_2017/904966999847165956_0.jpg	other_relevant_information	not_humanitarian	False	0.6212382018566132	0.2881137989461422	0.6212382018566132	0.33312440291047096	0.005894940113648772	0.005895475042052567	0.022990199737250805	7.620283736287092e-05	0.0007181094115367159	0.010062474516871589	False	True	0.5565857887268066	0.3902052938938141	0.004713017493486404	0.005540748592466116	0.02863423153758049	0.00010038655454991385	0.0008092248463071883	0.013411330059170723	True	0.8151954412460327	0.1618817299604416	0.009440707974135876	0.00695965439081192	0.006058104336261749	3.6516858017421328e-06	0.0004447631072252989	1.5907889974187128e-05
904825942887059456	Pioneer Woman Ree Drummond Holding Harvey Fundraiser News9	data/processed/pro_crisismmd/images/data_image/hurricane_harvey/4_9_2017/904825942887059456_0.jpg	not_humanitarian	missing_or_found_people	False	0.6200619414448738	0.45406428107526153	0.14328636974096298	0.0023204018943943083	0.16599766036961228	0.007482206856366247	0.0575984762981534	0.0020934308449795935	0.0011594986644922756	0.6200619414448738	False	True	0.15366344153881073	0.002001877874135971	0.0042663696222007275	0.008971605449914932	0.02558235451579094	0.002734286244958639	0.000430475251050666	0.8023495674133301	True	0.11215515434741974	0.00327597395516932	0.6511915326118469	0.003014011075720191	0.15364684164524078	0.0001708646450424567	0.0033465689048171043	0.073199063539505
9,20106E+17	This gives you a rundown on the different Wildfires burning in California	data/processed/pro_crisismmd/images/data_image/california_wildfires/17_10_2017/920106209608458240_0.jpg	not_humanitarian	missing_or_found_people	False	0.6194514776252618	0.3633991884671559	0.0859183818101883	0.25605228915810585	0.001025096295052208	0.019883939414285123	0.009092447930015624	0.0017332192799131008	0.006843200797447935	0.6194514776252618	False	True	0.04426531493663788	0.10766975581645966	0.0006494540139101446	0.006087285000830889	0.004381468053907156	0.0023066792637109756	0.008725847117602825	0.8259142637252808	True	0.21087758243083954	0.7011998891830444	0.0021520231384783983	0.06127390265464783	0.023225387558341026	1.2839328519476112e-05	0.0011952618369832635	6.311932520475239e-05
904634645567942656	PHOTOS: Saving the pets from Harvey's aftermath.	data/processed/pro_crisismmd/images/data_image/hurricane_harvey/4_9_2017/904634645567942656_3.jpg	rescue_volunteering_or_donation_effort	affected_individuals	False	0.6184895634651184	0.40822698175907135	0.12755555287003517	0.005497919388290029	0.21026258170604706	0.031043447786942124	0.6184895634651184	0.00011161751172039658	0.006244434014661238	0.0007948889797262382	False	True	0.1008487343788147	0.00036886209272779524	0.1342020332813263	6.155204027891159e-05	0.7632194757461548	4.848357639275491e-05	0.0010885490337386727	0.00016232756024692208	True	0.2076760083436966	0.02088509127497673	0.43844422698020935	0.12398913502693176	0.18429982662200928	0.0003010193177033216	0.021712088957428932	0.0026925732381641865
9,201E+17	Inmate escapes from firefighting crew battling S. California's Canyon Fire 2	data/processed/pro_crisismmd/images/data_image/california_wildfires/17_10_2017/920099845918007297_0.jpg	not_humanitarian	missing_or_found_people	False	0.6173105170018971	0.4961483688093722	0.12116214819252491	0.03464555295067839	0.11779358400963247	0.017228965531103313	0.0706651033833623	0.0014707959599036258	0.01972335809841752	0.6173105170018971	False	True	0.10024415701627731	0.0009699702495709062	0.0061904313042759895	0.004996629897505045	0.05353650823235512	0.0019404151244089007	0.018446171656250954	0.8136757612228394	True	0.1839161217212677	0.13567230105400085	0.4526030421257019	0.05392597243189812	0.12205088883638382	6.193846638780087e-05	0.02355491742491722	0.02821478433907032
904343237099307012	By : Aftermath of HurricaneHarvey shows panorama of good will and charity	data/processed/pro_crisismmd/images/data_image/hurricane_harvey/3_9_2017/904343237099307012_0.jpg	rescue_volunteering_or_donation_effort	affected_individuals	False	0.6156232953071594	0.3996332008391619	0.21599009446799755	0.006674894262687303	0.14288017712533474	0.012368412884825375	0.6156232953071594	4.005522532679606e-05	0.00521569256670773	0.0012073879897798179	False	True	0.07490906864404678	0.00023172440705820918	0.1211928054690361	0.00026089351740665734	0.7956667542457581	1.6350131772924215e-05	0.006123688537627459	0.0015987245133146644	True	0.6392331719398499	0.026004403829574585	0.20794229209423065	0.04869097098708153	0.07549291849136353	0.0001111705059884116	0.0024917046539485455	3.3378419175278395e-05
904850093215539201	THE FUCK DO U MEAN WATCH I'M OVER HERE HOPING A TORNADO DOESNT KILL ME	data/processed/pro_crisismmd/images/data_image/hurricane_harvey/4_9_2017/904850093215539201_0.jpg	not_humanitarian	other_relevant_information	False	0.6144050750881433	0.24740262515842915	0.3670024499297142	0.6144050750881433	0.00010679878687369637	0.0039964093011803925	0.0008134901290759444	0.00016456116452445713	0.00026879418874159455	0.013242399196315091	False	True	0.19220665097236633	0.7841264009475708	5.424449045676738e-05	0.004581998102366924	0.0009636399918235838	0.0002176857815356925	0.00021093900431878865	0.017638402059674263	True	0.8913898468017578	0.10524109750986099	0.00026446167612448335	0.002239642897620797	0.00036304054083302617	5.187313490750967e-06	0.00044235974201001227	5.439060623757541e-05
904970921034878977	Polyethylene prices soar as Hurricane Harvey knocks out more than half US ethylene supply	data/processed/pro_crisismmd/images/data_image/hurricane_harvey/5_9_2017/904970921034878977_0.jpg	other_relevant_information	not_humanitarian	False	0.6140067428350449	0.2925138846039772	0.6140067428350449	0.32149285823106766	0.020345285069197416	0.017932306975126266	0.021912972442805767	0.0002683313341549365	0.0009252783638658002	0.0031161596825768356	False	True	0.5801964402198792	0.38462698459625244	0.005059974268078804	0.00953979417681694	0.015194356441497803	0.0003289680171292275	0.0009089154773391783	0.004144500009715557	True	0.715437650680542	0.1320904791355133	0.06620121747255325	0.043109845370054245	0.04206882044672966	8.642128523206338e-05	0.0009743670234456658	3.113870116067119e-05
904705747476471812	Houston: Muslims Offer Food, Water, Shelter To Harvey Victims; Mainstream MediaSilent	data/processed/pro_crisismmd/images/data_image/hurricane_harvey/4_9_2017/904705747476471812_0.jpg	rescue_volunteering_or_donation_effort	affected_individuals	False	0.61234100908041	0.31731078401207924	0.07992518180981278	0.0004946568478771951	0.29503022506833076	0.0017861262895166874	0.61234100908041	0.0010221262111826945	0.004358705482445657	0.00504195514076855	False	True	0.029091520234942436	0.00016996772319544107	0.20539216697216034	0.002231310121715069	0.749798059463501	0.0013612046604976058	0.005411393474787474	0.006544365547597408	True	0.23242616653442383	0.0014687242219224572	0.563944399356842	0.0004505747929215431	0.19996985793113708	4.89086323796073e-06	0.001200641505420208	0.0005347239202819765
9,22848E+17	ICE Director Homan's Cynical Anti-Immigrant Ploy Amid Northern CaliforniaWildfires	data/processed/pro_crisismmd/images/data_image/california_wildfires/24_10_2017/922848088208928768_0.jpg	not_humanitarian	affected_individuals	False	0.6120301634073257	0.3718738220632076	0.24015634134411812	0.05048756720498204	0.02012815559282899	0.007252141484059393	0.6120301634073257	0.0017352020366843135	0.011292128241620958	0.05691824201494455	False	True	0.13909713923931122	0.06145286187529564	0.020418062806129456	0.008430808782577515	0.6822758316993713	0.0023126844316720963	0.013976619578897953	0.07203592360019684	True	0.5433339476585388	0.017591683194041252	0.01925843395292759	0.0037161395885050297	0.40129315853118896	2.7548517209652346e-06	0.0032386542297899723	0.011565197259187698
9,17825E+17	JUST IN: President Trump approves California disaster declaration for areas affected by wildfires	data/processed/pro_crisismmd/images/data_image/california_wildfires/10_10_2017/917825152636907523_0.jpg	not_humanitarian	other_relevant_information	False	0.6113986074924469	0.3673171028494835	0.2440815046429634	0.6113986074924469	0.007532762421760708	0.05412650387734175	0.07349794916808605	0.0025918428859199594	0.0031999183120206	0.0035709007242985535	False	True	0.20349299907684326	0.6586913466453552	0.002688775537535548	0.06361120939254761	0.06012775003910065	0.003455153666436672	0.00321663124486804	0.004716122522950172	True	0.36584702134132385	0.4695203900337219	0.022064723074436188	0.025672387331724167	0.11360854655504227	1.9105443698208546e-06	0.003149779513478279	0.0001352353283436969
9,20236E+17	BEARFIRE Fire in Santa Cruz mountains forces evacuations near Bear Crk Canyon Rd. via	data/processed/pro_crisismmd/images/data_image/california_wildfires/17_10_2017/920236266335162368_0.jpg	infrastructure_and_utility_damage	other_relevant_information	False	0.6113274246454239	0.24317708052694798	0.3681503441184759	0.6113274246454239	0.006879903558001388	0.005518820660654455	0.005283422127831727	0.00016738720842113253	0.0012555340945255011	0.0014172459777910262	False	True	0.47230765223503113	0.5192907452583313	0.00019411518587730825	0.0021222892682999372	0.0032367713283747435	0.00021258980268612504	0.0011272360570728779	0.0015086804050952196	True	0.05567841976881027	0.8874374628067017	0.026937268674373627	0.01570841483771801	0.011423374526202679	3.177942562615499e-05	0.0016404282068833709	0.001142942695878446
9,18235E+17	Wildfires destroy Northern California wineriesMetal racks... News NewsPhotos WorldNews	data/processed/pro_crisismmd/images/data_image/california_wildfires/11_10_2017/918235098591514626_0.jpg	infrastructure_and_utility_damage	not_humanitarian	False	0.6082908511161804	0.41387346014380455	0.6082908511161804	0.09289674367755651	0.00147194234887138	0.19441739097237587	0.07159845996648073	0.003264539976953529	0.02755562326638028	0.00050447056264602	False	True	0.5949630737304688	0.06166182830929756	0.001179547281935811	0.20778800547122955	0.09338626265525818	0.00428640004247427	0.036069247871637344	0.0006656794575974345	True	0.6482741832733154	0.18660148978233337	0.0023491275496780872	0.15430554747581482	0.006235051900148392	0.00019895978039130569	0.002014749450609088	2.0843877791776322e-05
904517353588744192	Largest Oil Refinery in U.S. Forced to Close as Harvey Floods Texas - OANN	data/processed/pro_crisismmd/images/data_image/hurricane_harvey/4_9_2017/904517353588744192_0.jpg	infrastructure_and_utility_damage	not_humanitarian	False	0.6070588827133179	0.3980340975249419	0.6070588827133179	0.07972278911620378	0.006288494623731822	0.08032472059130669	0.013761131558567286	0.20902478518837597	0.003369855636265129	0.0004493052329053171	False	True	0.6175299882888794	0.009432222694158554	0.0030383991543203592	0.07243971526622772	0.014422777108848095	0.2786270081996918	0.0040491302497684956	0.00046072358964011073	True	0.5756455659866333	0.2905944883823395	0.01603878103196621	0.10397973656654358	0.011776194907724857	0.00021811615442857146	0.0013320317957550287	0.0004150501627009362
9,19806E+17	California's deadliest ever wildfire in numbers.	data/processed/pro_crisismmd/images/data_image/california_wildfires/16_10_2017/919805815497904128_0.jpg	other_relevant_information	not_humanitarian	False	0.6066895127296448	0.4354239646345377	0.6066895127296448	0.17126554809510708	0.005192288517719135	0.10707161948084831	0.037186671514064074	0.027840090044264798	0.044486003927886486	0.0002682244357856689	False	True	0.6987621784210205	0.10698363929986954	0.0011418472277000546	0.08910942077636719	0.02790786884725094	0.03708697482943535	0.038686275482177734	0.00032173877116292715	True	0.3304715156555176	0.3641112744808197	0.017343612387776375	0.1609582155942917	0.06502307951450348	9.943568875314668e-05	0.06188518926501274	0.00010768142965389416
901734330799677440	New Orleans 'still not off the hook' for Harvey rain, though forecast improved	data/processed/pro_crisismmd/images/data_image/hurricane_harvey/27_8_2017/901734330799677440_0.jpg	other_relevant_information	not_humanitarian	False	0.6064910739660263	0.23007545061409473	0.6064910739660263	0.37641562335193157	0.005168665724340826	0.005505322071257979	0.004682692466303706	0.0002263873257106752	0.0011890229870914482	0.00032122071206686087	False	True	0.5190613269805908	0.46805888414382935	0.0024864866863936186	0.003687022952362895	0.004591585602611303	0.0002910982584580779	0.001427356037311256	0.00039624905912205577	True	0.8687803149223328	0.10148584097623825	0.01321520283818245	0.01096021942794323	0.004956013057380915	3.225452746846713e-05	0.00047402383643202484	9.613567090127617e-05
904524705960534016	UPDATE: Floodwater Breaches Houston Temple via	data/processed/pro_crisismmd/images/data_image/hurricane_harvey/4_9_2017/904524705960534016_0.jpg	infrastructure_and_utility_damage	not_humanitarian	False	0.605794720351696	0.45987777784466743	0.605794720351696	0.14591694250702858	0.05323604808654636	0.09636242501437664	0.0911782318726182	0.002291647673700936	0.0023500444076489657	0.002869944670237601	False	True	0.6698988080024719	0.14187242090702057	0.0073669892735779285	0.06880959123373032	0.10409357398748398	0.0027338461950421333	0.0015893519157543778	0.003635423257946968	True	0.4134824573993683	0.1580505073070526	0.19084322452545166	0.1790209263563156	0.05243220552802086	0.0009650521096773446	0.004632121883332729	0.000573508907109499
9,17829E+17	Cities in Southern California can't escape the fire at their door.	data/processed/pro_crisismmd/images/data_image/california_wildfires/10_10_2017/917829232423731200_0.png	other_relevant_information	not_humanitarian	False	0.6032900512218475	0.3534845598042011	0.6032900512218475	0.2498054914176464	0.0015301482344511896	0.04439048212952912	0.0991490576416254	0.0006029562784988229	0.001107970587327145	0.00012384221372485626	False	True	0.581066370010376	0.2879360616207123	0.00043431937228888273	0.015592730604112148	0.11274587363004684	0.0008018771768547595	0.0012667113915085793	0.0001560628297738731	True	0.6699610948562622	0.1354137808084488	0.00481763482093811	0.13078373670578003	0.058358609676361084	6.193583431013394e-06	0.0006317481747828424	2.7180365577805787e-05
904581253629804544	the beach was calling my name, so was steve harvey..	data/processed/pro_crisismmd/images/data_image/hurricane_harvey/4_9_2017/904581253629804544_3.jpg	not_humanitarian	missing_or_found_people	False	0.6026391619234346	0.2847066996037029	0.3179324623197317	0.0012418935148161836	0.0039067824254743755	0.0026087676087627187	0.07060088313301094	9.463037304158206e-05	0.0009754096681717783	0.6026391619234346	False	True	0.09643930941820145	0.0002491332998033613	0.005029505118727684	0.000571126292925328	0.09354736655950546	0.00011950354382861406	0.0009825974702835083	0.8030614256858826	True	0.9824119210243225	0.0042201741598546505	0.0005386143457144499	0.008721691556274891	0.0017614328535273671	2.0010860680486076e-05	0.0009538462618365884	0.0013723706360906363
9,19976E+17	Raging California wildfires burned 80 cell towers, hampering evacuation alerts	data/processed/pro_crisismmd/images/data_image/california_wildfires/16_10_2017/919976381869539328_0.jpg	infrastructure_and_utility_damage	not_humanitarian	False	0.6020687557756901	0.42619984596967697	0.6020687557756901	0.1758689098060131	0.0024659984628669918	0.059316144324839115	0.15734279854223132	0.0001333361969955149	0.0025282557908212766	0.0002757583060883917	False	True	0.7618808150291443	0.009453967213630676	0.001334745204076171	0.019364383071660995	0.20433592796325684	0.00016483262879773974	0.0031616613268852234	0.0003036081907339394	True	0.12263257801532745	0.6751137375831604	0.005859758239239454	0.17917142808437347	0.016363410279154778	3.884690158884041e-05	0.0006280391826294363	0.00019220865215174854
9,17823E+17	(Radio Reports On California Wildfires) -	data/processed/pro_crisismmd/images/data_image/california_wildfires/10_10_2017/917822562259931137_0.jpg	not_humanitarian	other_relevant_information	False	0.5995320901274681	0.4172133132815361	0.182318776845932	0.5995320901274681	0.010664885281585157	0.07400542497634888	0.10767063219100237	0.015972226369285636	0.006699237157590687	0.0031367453157145064	False	True	0.0943167507648468	0.6462423205375671	0.011847035028040409	0.07690563797950745	0.13825811445713043	0.021286344155669212	0.006990564521402121	0.0041532670147717	True	0.4463248550891876	0.459401398897171	0.0071184360422194	0.06530478596687317	0.01590818539261818	2.9873010134906508e-05	0.005825255066156387	8.718021854292601e-05
904299302683631616	JUST IN: Another large explosion and fire at flooded chemical plant in Crosby, Texas. Harvey	data/processed/pro_crisismmd/images/data_image/hurricane_harvey/3_9_2017/904299302683631616_0.jpg	infrastructure_and_utility_damage	not_humanitarian	False	0.5986455231904984	0.4541431004181504	0.5986455231904984	0.14450242277234793	0.004188286780845374	0.10788082145154476	0.02831354201771319	0.04741236280096928	0.056914318120107055	0.012142734325607307	False	True	0.6432151198387146	0.05435790494084358	0.001647069351747632	0.11387969553470612	0.03504302352666855	0.06305897980928421	0.07285992801189423	0.01593828946352005	True	0.4649367332458496	0.41493597626686096	0.0118119390681386	0.0898841992020607	0.00812509749084711	0.0004725117760244757	0.00907748844474554	0.0007560689118690789
9,21095E+17	Obama-nation destroyed 164 Million trees in California's forests. Fire tinderbox	data/processed/pro_crisismmd/images/data_image/california_wildfires/19_10_2017/921095476455321600_2.jpg	infrastructure_and_utility_damage	not_humanitarian	False	0.5965541824698448	0.2824007496237755	0.5965541824698448	0.31415343284606934	0.010236545756924897	0.04389792261645198	0.02858508052304387	0.0004467697217478417	0.005972197221126407	0.00015387645908049308	False	True	0.6640075445175171	0.2951003909111023	0.0023006254341453314	0.01997988112270832	0.01598864607512951	0.00048093480290845037	0.0019928377587348223	0.0001491481380071491	True	0.394194096326828	0.37131255865097046	0.034044306725263596	0.11565204709768295	0.06637438386678696	0.00034427447826601565	0.017910275608301163	0.000168061422300525
9,20832E+17	Fighting the wildfire in Santa Cruz, California with Washington Strike Team 2 with Cowlitz and Clark Counties.	data/processed/pro_crisismmd/images/data_image/california_wildfires/19_10_2017/920831780629782528_1.jpg	rescue_volunteering_or_donation_effort	not_humanitarian	False	0.5927650053054094	0.37270453572273254	0.5927650053054094	0.2200604695826769	0.08543301094323397	0.006690645823255181	0.03430725820362568	7.83315899752779e-05	0.008081448846496642	0.052583802775188815	False	True	0.7764803171157837	0.09580244868993759	0.010018762201070786	0.006699244026094675	0.03325273469090462	9.260127990273759e-05	0.007590151857584715	0.07006370276212692	True	0.04161906987428665	0.5928345322608948	0.3116757571697235	0.0066648512147367	0.037470828741788864	3.552252019289881e-05	0.009555339813232422	0.00014410281437449157
905148566099951619	Harvey flooded 13 of the US's most news usa headline | 0 by	data/processed/pro_crisismmd/images/data_image/hurricane_harvey/5_9_2017/905148566099951619_0.jpg	infrastructure_and_utility_damage	not_humanitarian	False	0.5921058356761932	0.39801748655736446	0.5921058356761932	0.11095790937542915	0.0216085365973413	0.19408834911882877	0.060128772631287575	0.017789023338991683	0.001729949304717593	0.0015916113916318864	False	True	0.5762847661972046	0.07373835146427155	0.015472812578082085	0.2353675812482834	0.07311756908893585	0.023575184866786003	0.0008059256360866129	0.0016377753345295787	True	0.6395690441131592	0.22261658310890198	0.04001570865511894	0.07025065273046494	0.021162383258342743	0.00043053875560872257	0.004502020310610533	0.0014531195629388094
9,17803E+17	I think Event: Wildfire has occurred in California Tue Oct 10 12:25:03 2017 CDT	data/processed/pro_crisismmd/images/data_image/california_wildfires/10_10_2017/917803185317859329_0.jpg	other_relevant_information	not_humanitarian	False	0.5917891748249531	0.21013450622558594	0.5917891748249531	0.38165466859936714	0.0005802929044875782	0.019757705740630627	0.004485312558244914	0.0004121570400457131	0.0010156277276109904	0.0003050694922421826	False	True	0.7292048335075378	0.24218378961086273	0.0006992475246079266	0.02044069953262806	0.005591140128672123	0.0005227621295489371	0.0009788571624085307	0.0003786686575040221	True	0.1795421987771988	0.8000673055648804	0.00022342904412653297	0.01770872436463833	0.0011678298469632864	8.034177153604105e-05	0.0011259394232183695	8.427199645666406e-05
904914304473980928	Sumter company plans to help Harvey victims with truckload of needed supplies	data/processed/pro_crisismmd/images/data_image/hurricane_harvey/5_9_2017/904914304473980928_0.jpg	rescue_volunteering_or_donation_effort	affected_individuals	False	0.5913615263998508	0.2300446629524231	0.0432669366709888	0.0005338755472621415	0.36131686344742775	0.00033968403022299754	0.5913615263998508	0.00010461925194249488	0.0015973317786119878	0.001479221071349457	False	True	0.010721782222390175	0.00010639549873303622	0.22268621623516083	5.349499042495154e-05	0.7636818289756775	0.00012306129792705178	0.0009833769872784615	0.0016439186874777079	True	0.14090240001678467	0.0018163156928494573	0.7772088050842285	0.0011982511496171355	0.07440061867237091	4.929311398882419e-05	0.003439196152612567	0.000985128222964704
9,23706E+17	California why are you on so much fire	data/processed/pro_crisismmd/images/data_image/california_wildfires/27_10_2017/923706401049911297_0.jpg	other_relevant_information	not_humanitarian	False	0.5903226658701897	0.4221800616942346	0.5903226658701897	0.16814260417595506	0.003876265029248316	0.060407969169318676	0.10921510815387592	0.05394048898465087	0.004015595819510054	0.01007930184084671	False	True	0.46278783679008484	0.21814939379692078	0.005025646649301052	0.0786416307091713	0.14484426379203796	0.07192033529281616	0.0051935166120529175	0.013437365181744099	True	0.9729271531105042	0.0181222353130579	0.0004281201690901071	0.0057069845497608185	0.002327641239389777	9.50060154991661e-07	0.00048183344188146293	5.111818154546199e-06
9,17798E+17	On today's PNS newscast: deadly wildfires ravage Northern California. Listen now:	data/processed/pro_crisismmd/images/data_image/california_wildfires/10_10_2017/917797763282214913_0.jpg	infrastructure_and_utility_damage	not_humanitarian	False	0.5884786248207092	0.43948669731616974	0.5884786248207092	0.12437742063775659	0.0036130942462477833	0.1489919275045395	0.12807933846488595	0.001733906741719693	0.0038716853596270084	0.0008539630343875615	False	True	0.6628144383430481	0.025270191952586174	0.001001134398393333	0.1425347626209259	0.16142573952674866	0.0022654763888567686	0.003587115090340376	0.001101091387681663	True	0.3654711842536926	0.4216991066932678	0.011448973789811134	0.16836342215538025	0.02804013527929783	0.00013919780030846596	0.004725396167486906	0.00011257797450525686
904343630973992962	Texas governor: Harvey recovery likely to cost billions more than Katrina	data/processed/pro_crisismmd/images/data_image/hurricane_harvey/3_9_2017/904343630973992962_0.jpg	infrastructure_and_utility_damage	not_humanitarian	False	0.5872402042150497	0.3725634515285492	0.5872402042150497	0.020348163321614265	0.09503038972616196	0.03186694998294115	0.21467675268650055	0.04685747716939659	0.0030781541136093438	0.0009019517237902619	False	True	0.5865253806114197	0.014482956379652023	0.05825170874595642	0.03217986598610878	0.2425030618906021	0.062415625900030136	0.002460704417899251	0.001180736580863595	True	0.5893846750259399	0.03794378414750099	0.20536643266677856	0.030928201973438263	0.13119782507419586	0.000183030977495946	0.004930503200739622	6.559715257026255e-05
904599666708373504	Facebook is matching donations to Hurricane Harvey recovery socialmedia	data/processed/pro_crisismmd/images/data_image/hurricane_harvey/4_9_2017/904599666708373504_0.jpg	rescue_volunteering_or_donation_effort	not_humanitarian	False	0.5859564989805222	0.41569959186017513	0.5859564989805222	0.03963281342294067	0.17025690712034702	0.018838170857634395	0.158793356269598	0.02454456981766384	0.0015522952526225708	0.00042538992420304567	False	True	0.5863306522369385	0.05111601948738098	0.09423371404409409	0.02441437356173992	0.2087651640176773	0.03272579610347748	0.0019546954426914454	0.00045958347618579865	True	0.5848340392112732	0.0051831952296197414	0.39832648634910583	0.0021095627453178167	0.008877933025360107	8.909602229323355e-07	0.0003450946824159473	0.00032280926825478673
904837965440053248	Harvey may be gone but if you're struggling, reach out. offers 24/7 support	data/processed/pro_crisismmd/images/data_image/hurricane_harvey/4_9_2017/904837965440053248_0.jpg	affected_individuals	not_humanitarian	False	0.5854338556528091	0.27032261341810226	0.5854338556528091	0.0012611998827196658	0.06717696040868759	0.005249259673291817	0.3151112422347069	0.00026127675374709725	0.00749133414865355	0.018014848232269287	False	True	0.6515544056892395	0.0010862884810194373	0.039728060364723206	0.006724594160914421	0.2790773808956146	0.00034787977347150445	0.00995438452810049	0.01152699813246727	True	0.38707220554351807	0.0017859340878203511	0.14952366054058075	0.000823256210424006	0.42321282625198364	1.467694573875633e-06	0.00010218301031272858	0.03747839853167534
904296426926104580	'Cajun Navy' Rescuers In Hurricane Harvey Show Vital Role Of Volunteer Boats	data/processed/pro_crisismmd/images/data_image/hurricane_harvey/3_9_2017/904296426926104580_0.jpg	rescue_volunteering_or_donation_effort	affected_individuals	False	0.5819970443844795	0.26407633163034916	0.09235846600495279	0.0016546508122701198	0.31792071275413036	0.00045294353185454383	0.5819970443844795	0.0010587610631773714	0.0038856116589158773	0.0006717975629726425	False	True	0.11959079653024673	0.0007264859741553664	0.10692880302667618	0.0004911283031105995	0.7687831521034241	0.001374284503981471	0.0015494804829359055	0.0005558280390687287	True	0.01066147442907095	0.00443914532661438	0.9508964419364929	0.0003383892180863768	0.021638721227645874	0.0001121907407650724	0.010894005186855793	0.0010197061346843839
905164228327288834	The supplies for HurricaneHarvey relief are filling up our locker rooms! ChantsInTheCommunity	data/processed/pro_crisismmd/images/data_image/hurricane_harvey/5_9_2017/905164228327288834_2.jpg	rescue_volunteering_or_donation_effort	not_humanitarian	False	0.5815441831946373	0.2804097346961498	0.5815441831946373	0.0017654358234722167	0.3011344484984875	0.0009510871459497139	0.11190340109169483	0.0009451721193158846	0.0008926294540287927	0.0008636720158392563	False	True	0.7333383560180664	0.0021960593294352293	0.14974595606327057	0.0011520687257871032	0.11043606698513031	0.0012593024875968695	0.0007700061541981995	0.0011022320250049233	True	0.12616166472434998	0.000473565305583179	0.7552999258041382	0.000348142406437546	0.1163054034113884	2.78101447293011e-06	0.0012604993535205722	0.00014799198834225535
905185678757126144	First pic is a overlay of Irma the second was of Harvey. That a big ass hurricane.	data/processed/pro_crisismmd/images/data_image/hurricane_harvey/5_9_2017/905185678757126144_1.jpg	other_relevant_information	not_humanitarian	False	0.5786661207675934	0.1749906688928604	0.5786661207675934	0.40367545187473297	0.0013254332880023867	0.005699040717445314	0.004979216260835528	0.00019775637883867603	0.0005458417945192195	0.00491118500713128	False	True	0.5673030614852905	0.4141806364059448	0.0012649600394070148	0.0048514739610254765	0.005190517287701368	0.00026008556596934795	0.0004084226966369897	0.006540898233652115	True	0.612755298614502	0.3721598982810974	0.0015068530337885022	0.008241740986704826	0.0043453131802380085	1.076881744666025e-05	0.000958099088165909	2.2045327568775974e-05
904955677713498116	The GOES-16 imagery of Hurricane Harvey is just astounding.	data/processed/pro_crisismmd/images/data_image/hurricane_harvey/5_9_2017/904955677713498116_0.jpg	other_relevant_information	not_humanitarian	False	0.577352449297905	0.17316143214702606	0.577352449297905	0.4041910171508789	0.004263014605385251	0.004974050330929458	0.0038522621034644544	0.00040065728171612136	0.0006408956687664613	0.004325631176470779	False	True	0.6038875579833984	0.38265910744667053	0.0008562071598134935	0.0028865071944892406	0.0033671397250145674	0.0005230605602264404	0.00024340819800272584	0.0055769882164895535	True	0.49774712324142456	0.46878674626350403	0.014483436942100525	0.01123667974025011	0.0053076292388141155	3.3447446185164154e-05	0.0018333580810576677	0.0005715600564144552
901692870498897920	Believe The Meteorologists. Harvey Is Incredibly Dangerous.	data/processed/pro_crisismmd/images/data_image/hurricane_harvey/27_8_2017/901692870498897920_0.jpg	other_relevant_information	not_humanitarian	False	0.5769485533237457	0.19806820899248123	0.5769485533237457	0.3788803443312645	0.0026147046592086554	0.002567594638094306	0.017230639670742676	7.055427317936847e-05	0.0012010676873615012	0.020486569048443926	False	True	0.4752219319343567	0.47057002782821655	0.0021559554152190685	0.0007659327238798141	0.022584430873394012	9.149987454293296e-05	0.0013038141187280416	0.02730639837682247	True	0.8821284174919128	0.10381129384040833	0.003990952391177416	0.007972580380737782	0.0011692660627886653	7.717469088674989e-06	0.0008928283932618797	2.7081063308287412e-05
9,17857E+17	California wildfires devour area size of a football field every 3 seconds	data/processed/pro_crisismmd/images/data_image/california_wildfires/10_10_2017/917856722315874306_0.jpg	infrastructure_and_utility_damage	not_humanitarian	False	0.576059740036726	0.37946318509057164	0.576059740036726	0.19659655494615436	0.0013368855870794505	0.02651847037486732	0.1915421998128295	0.00014379558979271678	0.004062455554958433	0.003739835577107442	False	True	0.7110154032707214	0.0119712445884943	0.0011506349546834826	0.013513446785509586	0.2525618374347687	0.00017478845256846398	0.004635369870811701	0.004977201111614704	True	0.17119275033473969	0.7504724860191345	0.001895637484267354	0.06553354114294052	0.008483286947011948	5.081700146547519e-05	0.002343712607398629	2.7738973585655913e-05
904221902113263616	Will you chip in to the HurricaneHarvey relief fund? More information here:	data/processed/pro_crisismmd/images/data_image/hurricane_harvey/3_9_2017/904221902113263616_0.jpg	rescue_volunteering_or_donation_effort	not_humanitarian	False	0.5753372088074684	0.2893999624066055	0.5753372088074684	0.0007895624148659408	0.10781803354620934	0.0014349781267810613	0.28593724640086293	0.00019522530931226356	0.004650418817618629	0.02383734671457205	False	True	0.4763278663158417	0.0004848961252719164	0.1078011617064476	0.0012046658666804433	0.3761564791202545	0.0002585274341981858	0.006151930429041386	0.03161448612809181	True	0.8723652362823486	0.001703561283648014	0.10786864906549454	0.0021259149070829153	0.015279548242688179	5.318934654496843e-06	0.0001458839833503589	0.0005059284740127623
901762681975304193	Hurricane Harvey: Fears of flash floods as 40 inches of rain... via telegraph	data/processed/pro_crisismmd/images/data_image/hurricane_harvey/27_8_2017/901762681975304193_0.jpg	infrastructure_and_utility_damage	not_humanitarian	False	0.5729539841413498	0.4183714148530271	0.5729539841413498	0.1518308942904696	0.032366466242820024	0.03841849975287914	0.04700545221567154	0.1545825692883227	0.0012195119707030244	0.0016225972285610624	False	True	0.708081066608429	0.004823919851332903	0.014105258509516716	0.02053399384021759	0.04448046162724495	0.2056887149810791	0.00021633724099956453	0.0020702003967016935	True	0.1675727367401123	0.5928518176078796	0.08715008944272995	0.0920720174908638	0.05458042398095131	0.0012641322100535035	0.004229036159813404	0.00027978772413916886
9,23344E+17	Geospatial Analysis of California Wildfires Shows What Actually Burned	data/processed/pro_crisismmd/images/data_image/california_wildfires/26_10_2017/923343614117384197_0.jpg	infrastructure_and_utility_damage	not_humanitarian	False	0.5719325412064791	0.24861051328480244	0.5719325412064791	0.32332202792167664	0.0013255157973617315	0.07974547147750854	0.02119752368889749	0.00039520726022601593	0.0017727746453601867	0.0003088645307798288	False	True	0.7392296195030212	0.153553307056427	0.0013532666489481926	0.07648684829473495	0.02658751979470253	0.000490855542011559	0.0019041977357119322	0.0003942743642255664	True	0.07004130631685257	0.8326281905174255	0.0012422632426023483	0.08952134102582932	0.005027535371482372	0.0001082624148693867	0.0013785053743049502	5.263503044261597e-05
9,21089E+17	Elderly people, Couples make majority California Fire:	data/processed/pro_crisismmd/images/data_image/california_wildfires/19_10_2017/921088969391202307_0.jpg	not_humanitarian	affected_individuals	False	0.5711697190999985	0.334611389786005	0.23655832931399345	0.00412513870105613	0.0185991027392447	0.0019638777303043753	0.5711697190999985	4.102033733488497e-05	0.0043365759192965925	0.16320622200146317	False	True	0.09304089844226837	0.0007090940489433706	0.014472810551524162	0.0006932587129995227	0.670617401599884	5.402016540756449e-05	0.0031165967229753733	0.21729588508605957	True	0.6671106219291687	0.01437327265739441	0.03097797930240631	0.005775734782218933	0.2728266716003418	2.0208531168464106e-06	0.00799651350826025	0.0009372327476739883
901650892491026432	Border Patrol Says Texas Checkpoints To Remain Open During HurricaneHarvey	data/processed/pro_crisismmd/images/data_image/hurricane_harvey/27_8_2017/901650892491026432_0.jpg	other_relevant_information	not_humanitarian	False	0.5695255734026432	0.26737264916300774	0.5695255734026432	0.30215292423963547	0.08477301392122172	0.018173637334257364	0.020874135254416615	0.00029045662813587114	0.0014275363646447659	0.00278270774288103	False	True	0.6835010051727295	0.3016868233680725	0.001952095073647797	0.007597124204039574	0.0028081710916012526	0.00030039416742511094	0.0004070601426064968	0.001747296890243888	True	0.22759927809238434	0.30355122685432434	0.3332357704639435	0.049903176724910736	0.0750720277428627	0.00026064401026815176	0.004488965030759573	0.005888940300792456
905050995046141953	Former Moore resident describes damage to home after Hurricane Harvey	data/processed/pro_crisismmd/images/data_image/hurricane_harvey/5_9_2017/905050995046141953_0.jpg	infrastructure_and_utility_damage	not_humanitarian	False	0.5692443624138832	0.3954232223331928	0.5692443624138832	0.09099065558984876	0.011672232300043106	0.17382114008069038	0.1243155263364315	0.02498714066678076	0.0029986988520249724	0.0019702382414834574	False	True	0.6399636268615723	0.11375150829553604	0.012451652437448502	0.13100935518741608	0.06798912584781647	0.03327957168221474	0.0012819929979741573	0.0002731778076849878	True	0.35708656907081604	0.022708097472786903	0.00933397188782692	0.3022564947605133	0.2932947278022766	0.00010984762047883123	0.008148816414177418	0.007061419542878866
905110818819276802	Immigrant Labor in High Demand After HurricaneHarvey	data/processed/pro_crisismmd/images/data_image/hurricane_harvey/5_9_2017/905110818819276802_0.jpg	rescue_volunteering_or_donation_effort	affected_individuals	False	0.5687380135059357	0.290048286318779	0.2786897271871567	0.0039011630578897893	0.10758287273347378	0.01926427846774459	0.5687380135059357	0.00022133038146421313	0.018128790194168687	0.0034738627291517332	False	True	0.16355305910110474	0.002554415026679635	0.09137541800737381	0.023939788341522217	0.6913938522338867	0.00029385817470028996	0.022518707439303398	0.0043709538877010345	True	0.6240997314453125	0.007941407151520252	0.15620523691177368	0.005237748846411705	0.20077049732208252	3.7470017559826374e-06	0.004959038458764553	0.0007825892535038292
9,22787E+17	California Tribe Donates $1 Million to Establish South Dakota Indian Fire Department	data/processed/pro_crisismmd/images/data_image/california_wildfires/24_10_2017/922786778385334275_0.jpg	not_humanitarian	rescue_volunteering_or_donation_effort	False	0.5675269737839699	0.28064141795039177	0.1089580524712801	0.00546126629342325	0.5675269737839699	0.014289880346041173	0.2868855558335781	5.773599878011737e-05	0.012511906097643077	0.004308689036406577	False	True	0.08804600685834885	0.00022019015159457922	0.5941300988197327	0.000454847002401948	0.3048209547996521	1.8095488485414535e-05	0.007112229708582163	0.005197645630687475	True	0.17169418931007385	0.021184494718909264	0.4877175986766815	0.05579498037695885	0.23307935893535614	0.00017665752966422588	0.02871093526482582	0.001641819253563881
9,21519E+17	Photo of the Pier Fire in Tulare County, California. Taken by Bev Schlitz from her home.	data/processed/pro_crisismmd/images/data_image/california_wildfires/20_10_2017/921519090987966464_0.jpg	other_relevant_information	not_humanitarian	False	0.5668798750266433	0.25564016681164503	0.5668798750266433	0.31123970821499825	0.003755978570552543	0.06409858795814216	0.04775809310376644	0.002525653748307377	0.0019016939186258242	0.0018403722206130624	False	True	0.7414937615394592	0.20871613919734955	0.0010658142855390906	0.010819085873663425	0.034852832555770874	0.0005905597936362028	0.0005076123052276671	0.0019541524816304445	True	0.04303821548819542	0.6188104152679443	0.0118264714255929	0.22393709421157837	0.08647387474775314	0.0083309356123209	0.006083938758820295	0.001499031437560916
904319448181596160	Potential impact of Hurricane Harvey on Insurers and Reinsurers	data/processed/pro_crisismmd/images/data_image/hurricane_harvey/3_9_2017/904319448181596160_0.jpg	other_relevant_information	not_humanitarian	False	0.5657765120267868	0.32078688219189644	0.5657765120267868	0.24498962983489037	0.012515801703557372	0.03333308594301343	0.05338130262680352	0.0026513646662351675	0.0009616962051950395	0.08639063268901737	False	True	0.5039380788803101	0.26895952224731445	0.013259322382509708	0.027430938556790352	0.06671502441167831	0.003511842805892229	0.0010067799594253302	0.11517850309610367	True	0.751291811466217	0.1730799525976181	0.010285239666700363	0.05103952810168266	0.013380137272179127	6.993024726398289e-05	0.0008264449425041676	2.702146775845904e-05
904277326950793216	Heads and Tails: Alaskans in Texas to help afterHarvey	data/processed/pro_crisismmd/images/data_image/hurricane_harvey/3_9_2017/904277326950793216_0.jpg	rescue_volunteering_or_donation_effort	affected_individuals	False	0.5634423363953829	0.3247650135308504	0.23867732286453247	0.0012524482735898346	0.18909277208149433	0.0021670631103916094	0.5634423363953829	0.0011460416915554106	0.0017807495023589581	0.0024413136452494655	False	True	0.05534684658050537	0.0012430911883711815	0.21161186695098877	0.002666606567800045	0.7223311066627502	0.0015275153564289212	0.002082864288240671	0.003190167946740985	True	0.7886687517166138	0.0012805195292457938	0.12153548747301102	0.0006684327381663024	0.08677602559328079	1.6206969348786515e-06	0.000874405144713819	0.00019475074077490717
9,22659E+17	"Northern California fire survivors: ""It's shameful they didn't warn us"""	data/processed/pro_crisismmd/images/data_image/california_wildfires/24_10_2017/922658961937108992_0.jpg	not_humanitarian	affected_individuals	False	0.5618519335985184	0.3972949739545584	0.15546725876629353	0.002472061645676149	0.16455695964396	0.005329750867531402	0.5618519335985184	7.078318390085769e-06	0.007009996683336794	0.1033049644465791	False	True	0.12172942608594894	0.0001408640673616901	0.2105041742324829	0.00021381107217166573	0.5226700305938721	4.0994932533067185e-06	0.007109260652214289	0.13762833178043365	True	0.25668075680732727	0.009465654380619526	0.026715315878391266	0.02067757025361061	0.6793976426124573	1.6014793800422922e-05	0.006712204776704311	0.00033486244501546025
9,216E+17	Wildfire first responder thank you signs vandalized in California:	data/processed/pro_crisismmd/images/data_image/california_wildfires/21_10_2017/921600380601069568_0.jpg	not_humanitarian	rescue_volunteering_or_donation_effort	False	0.5602225065231323	0.30848387256264687	0.09892237558960915	0.007550287642516196	0.5602225065231323	0.017492603743448853	0.25173863396048546	0.0009267148998333141	0.024170384043827653	0.038976512383669615	False	True	0.10727513581514359	0.0018481290899217129	0.5482953786849976	0.0034628240391612053	0.2664066255092621	0.0007379932212643325	0.02962169051170349	0.042352236807346344	True	0.07386409491300583	0.024656763300299644	0.5960038900375366	0.0595819428563118	0.20773465931415558	0.0014928799355402589	0.007816464640200138	0.028849339112639427
901826643311951874	The pedestrian bridges over BuffaloBayouPark are underwater in some spots. HurricaneHarvey	data/processed/pro_crisismmd/images/data_image/hurricane_harvey/27_8_2017/901826643311951874_0.jpg	infrastructure_and_utility_damage	not_humanitarian	False	0.5595829174853861	0.224578230176121	0.5595829174853861	0.040721595752984285	0.005529565736651421	0.33500468730926514	0.03072053613141179	0.02446148870512843	0.0007150989404181018	0.003264075086917728	False	True	0.7372413873672485	0.04823964089155197	0.005787457339465618	0.16027307510375977	0.035602468997240067	0.00838637538254261	0.0004925854154862463	0.00397695554420352	True	0.026607507839798927	0.018167460337281227	0.004755890928208828	0.8591995239257812	0.016074737533926964	0.0726868286728859	0.0013826395152136683	0.0011254337150603533
9,19574E+17	Northern California residents return home to find houses destroyed by wildfires	data/processed/pro_crisismmd/images/data_image/california_wildfires/15_10_2017/919573866003001344_0.jpg	infrastructure_and_utility_damage	affected_individuals	False	0.5594040378928185	0.30956233653705567	0.24984170135576278	0.02393791254144162	0.00524544483050704	0.1525028795003891	0.5594040378928185	0.001312712233811908	0.006934071418072563	0.0008212221800931729	False	True	0.3314753472805023	0.030310960486531258	0.0046171885915100574	0.1875368356704712	0.4341672956943512	0.0017459645168855786	0.009136324748396873	0.001010062755085528	True	0.004940763581544161	0.004818768706172705	0.007130213547497988	0.04740101099014282	0.9351142644882202	1.2955384590895846e-05	0.00032731142709963024	0.00025470045511610806
904362108531466241	1. Baptist church damaged by harvey can't use sanctuary	data/processed/pro_crisismmd/images/data_image/hurricane_harvey/3_9_2017/904362108531466241_0.jpg	infrastructure_and_utility_damage	not_humanitarian	False	0.5567625388503075	0.3632649891078472	0.5567625388503075	0.026782037457451224	0.0356128818821162	0.19349754974246025	0.1668577715754509	0.013383182398683857	0.004053582088090479	0.003050459112273529	False	True	0.6108855605125427	0.030902231112122536	0.014378041960299015	0.14166684448719025	0.17747190594673157	0.017735660076141357	0.0030417260713875294	0.003918009344488382	True	0.3943934738636017	0.01442145649343729	0.09931740164756775	0.34898966550827026	0.1350153684616089	0.0003257493663113564	0.007089150138199329	0.00044780841562896967
9,17828E+17	Why California's wildfires are worse in the fall.	data/processed/pro_crisismmd/images/data_image/california_wildfires/10_10_2017/917828283047260161_0.jpg	other_relevant_information	not_humanitarian	False	0.5563371330499649	0.1534888669848442	0.5563371330499649	0.4028482660651207	0.0012622144458873663	0.02991722640581429	0.007507728994823992	0.0009510538975519012	0.0006115776777733117	0.0005648207425110741	False	True	0.5577960014343262	0.42575424909591675	0.00024290654982905835	0.01127742137759924	0.0025481856428086758	0.0012612725840881467	0.0003729516174644232	0.000747036945540458	True	0.5519605278968811	0.33413031697273254	0.00432013813406229	0.08583664149045944	0.02238635905086994	2.0397837943164632e-05	0.0013274558586999774	1.8172133422922343e-05
901701019859435520	Hurricane Harvey's deadliest threat is just beginning -	data/processed/pro_crisismmd/images/data_image/hurricane_harvey/27_8_2017/901701019859435520_0.jpg	other_relevant_information	not_humanitarian	False	0.5556139945983887	0.15709033608436584	0.5556139945983887	0.3985236585140228	0.007395077496767044	0.012222531950101256	0.014386810129508376	0.00019780389175139135	0.0010455630254000425	0.01061457048763259	False	True	0.505293607711792	0.45281440019607544	0.005639129318296909	0.00631729606539011	0.014809906482696533	0.0002603965695016086	0.0007307028863579035	0.014134583063423634	True	0.7065751552581787	0.235651433467865	0.012662922032177448	0.029938239604234695	0.013117521069943905	1.002585850073956e-05	0.0019901434425264597	5.453276025946252e-05
9,22015E+17	Firefighters monitor flames on the side of a road as a fire rages in California. (Josh Edelson/Getty Images)	data/processed/pro_crisismmd/images/data_image/california_wildfires/22_10_2017/922015358227185664_0.jpg	rescue_volunteering_or_donation_effort	not_humanitarian	False	0.5541227795729355	0.39312102651092573	0.5541227795729355	0.06916863471269608	0.10312883881852031	0.017833419609814882	0.1610017530620098	0.049589962130994536	0.042165689868852496	0.002988883265061304	False	True	0.7387861609458923	0.04856187105178833	0.02109205164015293	0.008904622867703438	0.16391287744045258	0.0007927223923616111	0.014461309649050236	0.003488314338028431	True	0.00013263545406516641	0.1309889256954193	0.34923920035362244	0.044619809836149216	0.15226837992668152	0.1959816813468933	0.12527883052825928	0.001490590046159923
901805456213102593	Pictures from the Heights neighborhood in Houston. Water is rising. Harvey	data/processed/pro_crisismmd/images/data_image/hurricane_harvey/27_8_2017/901805456213102593_0.jpg	infrastructure_and_utility_damage	not_humanitarian	False	0.5521099492907524	0.28057819977402687	0.5521099492907524	0.06355043780058622	0.017881738021969795	0.27153174951672554	0.08236434031277895	0.01105838525108993	0.0006234474858501926	0.0008799276838544756	False	True	0.6931726336479187	0.0436602421104908	0.005225848406553268	0.20899437367916107	0.03702182695269585	0.010900061577558517	0.0003286210703663528	0.0006963525665923953	True	0.12892189621925354	0.1232210248708725	0.055849406868219376	0.45914387702941895	0.21839188039302826	0.01153335627168417	0.001507926732301712	0.0014306530356407166
901655097293377536	Rockport, TX damage via . Feeling for those folks HurricaneHarvey khou11	data/processed/pro_crisismmd/images/data_image/hurricane_harvey/27_8_2017/901655097293377536_3.jpg	infrastructure_and_utility_damage	vehicle_damage	False	0.5496125388890505	0.39109871932305396	0.08873847033828497	0.018147724214941263	0.020434706704691052	0.13598006404936314	0.15851381956599653	0.5496125388890505	0.025625903042964637	0.00294675215263851	False	True	0.09753589332103729	0.02001139521598816	0.0020286953076720238	0.14491258561611176	0.010920611210167408	0.7192254066467285	0.004254134837538004	0.001111258170567453	True	0.062346201390028	0.012556711211800575	0.07565274089574814	0.10918249934911728	0.6012934446334839	0.04077393561601639	0.08974120765924454	0.00845323409885168
904473410792816641	19 & 20 serving the people and saving the puppies affected by Harvey 6	data/processed/pro_crisismmd/images/data_image/hurricane_harvey/3_9_2017/904473410792816641_0.jpg	rescue_volunteering_or_donation_effort	affected_individuals	False	0.54926722869277	0.3116999939084053	0.1899275854229927	0.0024427653988823295	0.2375672347843647	0.0024713098537176847	0.54926722869277	0.002055429846222978	0.015690416796132922	0.000578009472519625	False	True	0.15936458110809326	0.001982847461476922	0.10624568164348602	0.0023032296448946	0.7074917554855347	0.0027284910902380943	0.01923845149576664	0.0006449198117479682	True	0.28161659836769104	0.0038225192110985518	0.6315318942070007	0.0029755504801869392	0.07459364831447601	3.624611417762935e-05	0.0050463126972317696	0.0003772784548345953
904250508931735552	Harvey damage tops $20 billion with over 40,000 homes destroyed	data/processed/pro_crisismmd/images/data_image/hurricane_harvey/3_9_2017/904250508931735552_0.jpg	infrastructure_and_utility_damage	not_humanitarian	False	0.5491055771708488	0.2914600260555744	0.5491055771708488	0.1353265717625618	0.0155559346312657	0.25764555111527443	0.0377293792553246	0.002401117963017896	0.0016294199449475855	0.0006064372209948488	False	True	0.6236459612846375	0.16784515976905823	0.00548212556168437	0.1667606681585312	0.03119419328868389	0.0030863615684211254	0.0011841239174827933	0.0008013987098820508	True	0.32548442482948303	0.03777080774307251	0.04577736184000969	0.5303001999855042	0.057334937155246735	0.00034538714680820704	0.002965308027341962	2.1552754333242774e-05
904541305853820929	Mexico readies relief aid for victims of Harvey	data/processed/pro_crisismmd/images/data_image/hurricane_harvey/4_9_2017/904541305853820929_0.jpg	rescue_volunteering_or_donation_effort	affected_individuals	False	0.5482507925480604	0.14276904426515102	0.041208669543266296	0.0006617898516196874	0.4054817482829094	0.0007934829845908098	0.5482507925480604	3.7314227483875584e-05	0.0030815948848612607	0.0004846349183935672	False	True	0.014375843107700348	3.176353857270442e-05	0.2678554356098175	6.772312917746603e-05	0.7142388820648193	4.387337321531959e-05	0.0028188535943627357	0.0005676561850123107	True	0.12170714884996414	0.0025518687907606363	0.8183606863021851	0.002970762550830841	0.05028652399778366	1.763679028954357e-05	0.0038698187563568354	0.0002355711185373366
9,20914E+17	Brian Fies' brief, beautiful comic about the Northern California fires:	data/processed/pro_crisismmd/images/data_image/california_wildfires/19_10_2017/920913532224528385_0.jpg	not_humanitarian	affected_individuals	False	0.5476451255381107	0.2936668209731579	0.25397830456495285	0.1256742998957634	0.04126962157897651	0.012468008790165186	0.5476451255381107	0.00021701394871342927	0.017168887017760426	0.001578741183038801	False	True	0.20108839869499207	0.019536763429641724	0.05201239883899689	0.0013154726475477219	0.7020904421806335	0.00026227382477372885	0.021672235801815987	0.002022000728175044	True	0.4126480221748352	0.4440869092941284	0.009041289798915386	0.04592561721801758	0.0843091756105423	8.123432053253055e-05	0.0036588406655937433	0.00024896254763007164
9,19646E+17	Incredible moment family dog emerges unscathed from California wildfires	data/processed/pro_crisismmd/images/data_image/california_wildfires/15_10_2017/919645897054502912_0.jpg	not_humanitarian	missing_or_found_people	False	0.5474511622451246	0.2671805820427835	0.04745303560048342	0.07592701888643205	0.024809496477246284	0.013155557098798454	0.2802705802023411	0.0005847037555213319	0.010348452371545136	0.5474511622451246	False	True	0.0571260005235672	0.005895097739994526	0.023097481578588486	0.006500607822090387	0.17049305140972137	0.0007445676019415259	0.011702800169587135	0.7244403958320618	True	0.01843414083123207	0.28602278232574463	0.02994554117321968	0.03312040492892265	0.6096031665802002	0.00010511221626074985	0.006285408977419138	0.01648346148431301
904999126428987392	Harvey: Another Storm of the Century Counterpunch	data/processed/pro_crisismmd/images/data_image/hurricane_harvey/5_9_2017/904999126428987392_0.jpg	other_relevant_information	not_humanitarian	False	0.5463859811425209	0.1303228922188282	0.5463859811425209	0.4160630889236927	0.009598747361451387	0.007530456525273621	0.01343805412761867	0.0001592717046605685	0.001163993903901428	0.005660441042891762	False	True	0.4387376606464386	0.5259607434272766	0.004213275387883186	0.006284578237682581	0.016049304977059364	0.00020746082009281963	0.001004902645945549	0.007542097941040993	True	0.8693309426307678	0.08637012541294098	0.02575516328215599	0.011268091388046741	0.005604301579296589	1.4704358363815118e-05	0.001641267677769065	1.5470348444068804e-05
905199804497702915	Irma throws shade on Harvey.Both are important!	data/processed/pro_crisismmd/images/data_image/hurricane_harvey/5_9_2017/905199804497702915_0.jpg	other_relevant_information	not_humanitarian	False	0.5457058921456337	0.12448278581723571	0.5457058921456337	0.421223106328398	0.00233726849546656	0.006008351570926607	0.010035304352641106	0.00027439782695637405	0.0007456592647940852	0.013670002044591456	False	True	0.4040575921535492	0.5579543113708496	0.0014695532154291868	0.006023420952260494	0.01105008739978075	0.0003649344725999981	0.0008572122314944863	0.018222857266664505	True	0.9706507921218872	0.011029491201043129	0.00494041433557868	0.005963143426924944	0.006990955211222172	2.787890025501838e-06	0.0004110003646928817	1.1436378372309264e-05
901796845776769024	Pictures of Houston, Texas show terrible flooding already taking place. With the remnants of hurricane harvey stay	data/processed/pro_crisismmd/images/data_image/hurricane_harvey/27_8_2017/901796845776769024_0.jpg	infrastructure_and_utility_damage	not_humanitarian	False	0.5452722683548927	0.31574754416942596	0.5452722683548927	0.22952472418546677	0.007168108364567161	0.17511293850839138	0.012441636179573834	0.027480425778776407	0.0009990021790144965	0.002000902342842892	False	True	0.6827855110168457	0.17886388301849365	0.0011657355353236198	0.09419802576303482	0.004937534686177969	0.03518671169877052	0.0004908452392555773	0.002371736103668809	True	0.1327325403690338	0.3815072476863861	0.025175226852297783	0.41785767674446106	0.03495394065976143	0.00436156801879406	0.002523472998291254	0.0008884010603651404
905105305226248193	Harvey: climate change is not real Irma: Hold my beer	data/processed/pro_crisismmd/images/data_image/hurricane_harvey/5_9_2017/905105305226248193_0.jpg	other_relevant_information	not_humanitarian	False	0.5433877483010292	0.10494648292660713	0.5433877483010292	0.4384412653744221	0.006238081245101057	0.0058161786291748285	0.004604959016432986	6.916492748132441e-05	0.0005798926213174127	0.0008627069400972687	False	True	0.46006861329078674	0.534187912940979	0.00048583030002191663	0.002148631028831005	0.0015128079103305936	5.7811666920315474e-05	0.0004671649949159473	0.001071202801540494	True	0.7933451533317566	0.15120132267475128	0.023494834080338478	0.0168188214302063	0.013881412334740162	0.00010322470916435122	0.0009180755005218089	0.0002372193557675928
904902342738411520	Now on news at 11 -- a labor of love in Sumter this LaborDay to help victims of HurricaneHarvey	data/processed/pro_crisismmd/images/data_image/hurricane_harvey/5_9_2017/904902342738411520_0.jpg	rescue_volunteering_or_donation_effort	affected_individuals	False	0.5432948172092438	0.1725306212902069	0.07864611479453743	0.003408017759284121	0.37076419591903687	0.0004698255961557152	0.5432948172092438	0.00012869871761722607	0.002128876280039549	0.0011594642128329724	False	True	0.011283972300589085	0.00011808450653916225	0.31312716007232666	7.654321234440431e-05	0.6732309460639954	0.00016447185771539807	0.0009852568618953228	0.0010135933989658952	True	0.28073254227638245	0.013277817517518997	0.5436753034591675	0.0016496727475896478	0.153486430644989	2.1379297322710045e-05	0.005559734534472227	0.001597076654434204
9,17794E+17	Henry Cejudo suffers burns, loses gold medal in California wildfire	data/processed/pro_crisismmd/images/data_image/california_wildfires/10_10_2017/917794024173563904_0.jpg	injured_or_dead_people	not_humanitarian	False	0.5411391779780388	0.3438843637704849	0.5411391779780388	0.07548637851141393	0.024385091732256114	0.03812291624490172	0.11728387139737606	0.0006464919279096648	0.19725481420755386	0.005681185168214142	False	True	0.6830598711967468	0.006161880679428577	0.003923533950001001	0.00745741231366992	0.1287146657705307	0.00029690127121284604	0.16491016745567322	0.005475485231727362	True	0.11537709832191467	0.28345987200737	0.08576976507902145	0.1301194280385971	0.08299148827791214	0.0016952638980001211	0.2942887544631958	0.006298284977674484
901663546701905920	The little town of Rockport has suffered severe damage from HurricaneHarvey.	data/processed/pro_crisismmd/images/data_image/hurricane_harvey/27_8_2017/901663546701905920_1.jpg	infrastructure_and_utility_damage	affected_individuals	False	0.5409596264362335	0.20780541375279427	0.07266452978365123	0.010240819538012147	0.014440450060646981	0.33315421268343925	0.5409596264362335	0.01810824580024928	0.008645310314022936	0.0017868241629912518	False	True	0.09402221441268921	0.004504053853452206	0.018042229115962982	0.13229234516620636	0.7140398025512695	0.023407550528645515	0.011330459266901016	0.002361383754760027	True	0.008591475896537304	0.02745111659169197	0.0036351128946989775	0.9357398152351379	0.02171909809112549	0.002210331615060568	0.000589863455388695	6.314538768492639e-05
9,17996E+17	So the state of California is pretty much on fire. Your move, Pres. Trump.	data/processed/pro_crisismmd/images/data_image/california_wildfires/11_10_2017/917995569494331392_0.jpg	not_humanitarian	other_relevant_information	False	0.5404619257897139	0.13069364614784718	0.4097682796418667	0.5404619257897139	0.0005279409378999844	0.010505258105695248	0.029738687560893595	0.003698484498926291	0.0019302636428619735	0.003369148990486792	False	True	0.24451829493045807	0.6938779950141907	0.0005137998377904296	0.010858523659408092	0.038399841636419296	0.004930816125124693	0.0024118858855217695	0.004488822538405657	True	0.9055182337760925	0.08021371811628342	0.0005703642382286489	0.009445461444556713	0.003755225334316492	1.4896203310854617e-06	0.0004853969148825854	1.0128346730198245e-05
9,2062E+17	WATCH: North California Fire Doesn't Deter USPS Mailman From Delivering Post firangi	data/processed/pro_crisismmd/images/data_image/california_wildfires/18_10_2017/920619851886006273_0.jpg	other_relevant_information	not_humanitarian	False	0.5401585958898067	0.3377440683543682	0.5401585958898067	0.20241452753543854	0.05376068758778274	0.06804990768432617	0.1061714580282569	0.00021211857165326364	0.002138912386726588	0.027093828772194684	False	True	0.6957457065582275	0.22561806440353394	0.003324695862829685	0.015646561980247498	0.05494432523846626	0.0002458952076267451	0.0015993316192179918	0.0028754412196576595	True	0.07339726388454437	0.13280391693115234	0.2050686627626419	0.2252599447965622	0.2598528563976288	0.00011078866373281926	0.0037576546892523766	0.09974899142980576
904220981597757441	Hurricane Harvey's impact on the US oil industry	data/processed/pro_crisismmd/images/data_image/hurricane_harvey/3_9_2017/904220981597757441_0.jpg	infrastructure_and_utility_damage	not_humanitarian	False	0.53852878510952	0.2566355708986521	0.53852878510952	0.10674017481505871	0.0032791514531709254	0.2818932142108679	0.053977231960743666	0.014671578644083638	0.0006851161742815748	0.00022472916270999121	False	True	0.501146674156189	0.06265310198068619	0.00248168152756989	0.3429979979991913	0.07040201127529144	0.019552206620573997	0.0004685256280936301	0.00029778401949442923	True	0.6506751179695129	0.23900139331817627	0.0056715612299740314	0.09857886284589767	0.004702894017100334	2.9694714612560347e-05	0.001334887812845409	5.564592356677167e-06
901817961610174464	Rescue operations in full swing in Houston as people flee flooding from Tropical Storm Harvey.	data/processed/pro_crisismmd/images/data_image/hurricane_harvey/27_8_2017/901817961610174464_1.jpg	rescue_volunteering_or_donation_effort	affected_individuals	False	0.5375227648764849	0.0969353262335062	0.011717981105903164	0.001255048562597949	0.44058743864297867	0.00020780955219379393	0.5375227648764849	0.0001942528006111388	0.007311217254027724	0.001203477062517777	False	True	0.015022431500256062	0.00013310214853845537	0.2805052101612091	2.6714555133366957e-05	0.6943954229354858	0.0002550315693952143	0.008225218392908573	0.001436839927919209	True	0.0018046299228444695	0.00462088780477643	0.9208341240882874	0.0007510945433750749	0.06690479069948196	1.191649425891228e-05	0.004569213837385178	0.0005033884663134813
904874425224503297	Updated link: Lost and found for Harvey victims. Please share!	data/processed/pro_crisismmd/images/data_image/hurricane_harvey/5_9_2017/904874425224503297_0.jpg	not_humanitarian	missing_or_found_people	False	0.5363098625093699	0.10114557482302189	0.43516428768634796	0.000819765729829669	0.01424695027526468	0.0007149639204726554	0.011927429237402976	5.043657671421897e-05	0.0007663639698876068	0.5363098625093699	False	True	0.2976287007331848	0.000526492833159864	0.006629884708672762	0.00042345942347310483	0.007574801798909903	6.635690806433558e-05	0.000831912097055465	0.6863184571266174	True	0.8477710485458374	0.0016995844198390841	0.037098146975040436	0.0015894774114713073	0.024985311552882195	2.675582663869136e-06	0.0005697195883840322	0.0862840786576271
9,20651E+17	Forest City native shares experience evacuating from California wildfires	data/processed/pro_crisismmd/images/data_image/california_wildfires/18_10_2017/920650692951494656_2.jpg	not_humanitarian	affected_individuals	False	0.5329374969005585	0.24668813485186547	0.1262087095528841	0.016473479343403596	0.01820625364780426	0.0032465854674228467	0.5329374969005585	4.280893637087502e-05	0.0166353075474035	0.286249362048693	False	True	0.07974856346845627	0.000139506853884086	0.014829440042376518	0.00033342416281811893	0.5018833875656128	5.581980076385662e-05	0.021753860637545586	0.38125601410865784	True	0.2655891478061676	0.06547539681196213	0.028336694464087486	0.01198606938123703	0.6260998249053955	3.7763431919302093e-06	0.001279648276977241	0.0012294058687984943
904898284573126657	McCarthy visits Hurricane Harvey survi.. Bakersfield 0	data/processed/pro_crisismmd/images/data_image/hurricane_harvey/5_9_2017/904898284573126657_0.jpg	not_humanitarian	affected_individuals	False	0.5323799923062325	0.30542102456092834	0.2269589677453041	0.030296918470412493	0.14222017489373684	0.0038573062047362328	0.5323799923062325	0.0011414803338993806	0.010379094397649169	0.052766027074540034	False	True	0.27432602643966675	0.023530958220362663	0.06443250924348831	0.003984475042670965	0.5515528917312622	0.0014993598451837897	0.010610989294946194	0.07006272673606873	True	0.08485779166221619	0.05059479922056198	0.3755831718444824	0.0034757996909320354	0.4748612940311432	6.784180004615337e-05	0.009683409705758095	0.000875928089953959
905033828095455236	Bumper to bumper traffic in to Beaumont....normally not backed up here in Lumberton Harvey	data/processed/pro_crisismmd/images/data_image/hurricane_harvey/5_9_2017/905033828095455236_0.jpg	not_humanitarian	vehicle_damage	False	0.5295272171497345	0.16026995331048965	0.36925726383924484	0.02390491822734475	0.007097535359207541	0.03727568034082651	0.01675584469921887	0.5295272171497345	0.005461921391543001	0.010719638848968316	False	True	0.26380524039268494	0.015017734840512276	0.0035542163532227278	0.020984750241041183	0.00967556145042181	0.6695613265037537	0.0031504651997238398	0.014250733889639378	True	0.6856133341789246	0.05056646838784218	0.01772749237716198	0.0861484706401825	0.037996694445610046	0.109424889087677	0.012396289967000484	0.0001263537269551307
9,21459E+17	Losses From California Wildfires Top $1 Billion, Expected to Rise 'Dramatically'	data/processed/pro_crisismmd/images/data_image/california_wildfires/20_10_2017/921459303453569024_0.jpg	infrastructure_and_utility_damage	affected_individuals	False	0.5288377497345209	0.3885634373873472	0.1402743123471737	0.0601583831012249	0.05524376011453569	0.09843005426228046	0.5288377497345209	0.016634478868581937	0.04867696110159159	0.051744354075253796	False	True	0.04524894058704376	0.004840418696403503	0.07032844424247742	0.037932150065898895	0.6862814426422119	0.022149568423628807	0.06423448026180267	0.06898461282253265	True	0.4253504276275635	0.2261122763156891	0.009989707730710506	0.27992376685142517	0.056506671011447906	8.921020344132558e-05	0.0020044036209583282	2.3577833417220972e-05
904668541802205184	Trump prepares for second Harvey visit by tweeting about Hillary Clinton	data/processed/pro_crisismmd/images/data_image/hurricane_harvey/4_9_2017/904668541802205184_0.jpg	not_humanitarian	affected_individuals	False	0.5277629308402538	0.19801324233412743	0.3297496885061264	0.007906276150606573	0.1117831151932478	0.0017361497302772477	0.5277629308402538	1.2109358976886142e-05	0.004927390720695257	0.016122400760650635	False	True	0.1761755347251892	0.0042519704438745975	0.13128425180912018	0.0005139414570294321	0.6765778660774231	1.4150052265904378e-05	0.004943698178976774	0.0062386654317379	True	0.790472149848938	0.018869193270802498	0.053279705345630646	0.005402774550020695	0.08131812512874603	5.987279109831434e-06	0.004878468345850706	0.04577360674738884
904681142145740800	Harvey in Any Language: Volunteer Translators for Farsi, Arabic, Vietnamese Answer theCall	data/processed/pro_crisismmd/images/data_image/hurricane_harvey/4_9_2017/904681142145740800_0.jpg	rescue_volunteering_or_donation_effort	affected_individuals	False	0.5252007512608543	0.2826972809853032	0.24250347027555108	0.0010698481783038005	0.2251364253461361	0.0005263418570393696	0.5252007512608543	2.696574172134092e-05	0.0032471589220222086	0.0022890627587912604	False	True	0.02561989240348339	0.0007826240616850555	0.26841288805007935	0.00046720850514248013	0.6979624629020691	3.5877281334251165e-05	0.003890718799084425	0.0028283323626965284	True	0.8931542038917542	0.0019315205281600356	0.09530703723430634	0.0007037419127300382	0.00691561633720994	2.3112288261017966e-07	0.0013164792908355594	0.0006712539470754564
904968610648657920	4-year-old waves flag for National Guardsmen who helped during HurricaneHarvey >>>	data/processed/pro_crisismmd/images/data_image/hurricane_harvey/5_9_2017/904968610648657920_0.jpg	rescue_volunteering_or_donation_effort	not_humanitarian	False	0.5249671898782253	0.23648421093821526	0.5249671898782253	0.0057369355199625716	0.1680574081838131	0.0019771890074480325	0.28848297894001007	0.0013355924402276287	0.0013721644718316384	0.008070542011409998	False	True	0.6421177387237549	0.0008057866361923516	0.04011322557926178	0.00151462119538337	0.309075266122818	0.001775982091203332	0.0003901080635841936	0.004207288846373558	True	0.17351554334163666	0.02053038217127323	0.551889955997467	0.0033648924436420202	0.2267061173915863	1.44234873005189e-05	0.004318333696573973	0.019660301506519318
9,20622E+17	Oregon strike teams return home from battling wildfires in California LiveonK2	data/processed/pro_crisismmd/images/data_image/california_wildfires/18_10_2017/920621738932649985_0.jpg	rescue_volunteering_or_donation_effort	not_humanitarian	False	0.523472610861063	0.33211608976125717	0.523472610861063	0.057629600167274475	0.19135652109980583	0.003792289935518056	0.17978048138320446	0.00020678395003415062	0.016619910777080804	0.027141736223711632	False	True	0.6702824234962463	0.051407262682914734	0.17648132145404816	0.004211366642266512	0.040147699415683746	0.0002738161419983953	0.02124044857919216	0.03595557436347008	True	0.083043172955513	0.0762966126203537	0.23598212003707886	0.002535059815272689	0.5986788272857666	5.6873741414165124e-06	0.0027582973707467318	0.0007002218044362962
904955849487126528	Hurricane Harvey's devastation is close to home.	data/processed/pro_crisismmd/images/data_image/hurricane_harvey/5_9_2017/904955849487126528_0.jpg	infrastructure_and_utility_damage	affected_individuals	False	0.520767574198544	0.16853113938122988	0.35223643481731415	0.010263987089274451	0.04365382343530655	0.06557736816466786	0.520767574198544	0.00523469381414543	0.0007041310600470752	0.0015619642213096085	False	True	0.25270938873291016	0.001586263650096953	0.05532616376876831	0.0007348990766331553	0.6800028085708618	0.00697170989587903	0.0005938903195783496	0.002074844902381301	True	0.6508175730705261	0.036297157406806946	0.008636802434921265	0.260104775428772	0.04306187108159065	2.3645568944630213e-05	0.0010348532814532518	2.332217809453141e-05
905150048903864322	Steve Harvey is loyal to Bill Cosby: 'When I'm your friend, I'm yourfriend'	data/processed/pro_crisismmd/images/data_image/hurricane_harvey/5_9_2017/905150048903864322_0.jpg	not_humanitarian	missing_or_found_people	False	0.5189954712986946	0.2656329348683357	0.2533625364303589	0.0026401719042041805	0.013162044808268547	0.0011251013638684526	0.15710829547606409	0.0012383175335344276	0.05236802727449685	0.5189954712986946	False	True	0.06456315517425537	0.00022554800671059638	0.009638141840696335	0.0008627853239886463	0.205232173204422	0.0016364265466108918	0.06812955439090729	0.6497121453285217	True	0.8197606801986694	0.009884043596684933	0.023733753710985184	0.0019120494835078716	0.012736662290990353	4.39904943050351e-05	0.005083445925265551	0.12684544920921326
904212036887785472	Harvey's Chilling Wake NASA	data/processed/pro_crisismmd/images/data_image/hurricane_harvey/3_9_2017/904212036887785472_0.jpg	other_relevant_information	not_humanitarian	False	0.5185728222131729	0.06778149679303169	0.5185728222131729	0.4507913254201412	0.005199097940931097	0.014222256664652377	0.0062836751458235085	0.0005623204488074407	0.002339457205380313	0.0020290924221626483	False	True	0.4272594451904297	0.5654009580612183	0.0003336070803925395	0.002868503099307418	0.0025964488741010427	0.0006872265366837382	0.00046380801359191537	0.0003900756419170648	True	0.7925129532814026	0.1069624274969101	0.019795570522546768	0.048283517360687256	0.017345353960990906	0.0001876021851785481	0.007966404780745506	0.006946142762899399
9,2047E+17	Berthoud fire department sending crew to California to fight wildfires via	data/processed/pro_crisismmd/images/data_image/california_wildfires/18_10_2017/920470417428451328_0.jpg	rescue_volunteering_or_donation_effort	not_humanitarian	False	0.5176126807928085	0.1899396777153015	0.5176126807928085	0.04560598125681281	0.327673003077507	0.003937764442525804	0.07405275665223598	0.001278107361486036	0.008902146364562213	0.020937561406753957	False	True	0.5771670937538147	0.010755704715847969	0.30295562744140625	0.0018434212543070316	0.0681910514831543	0.0016949046403169632	0.01098299864679575	0.026409205049276352	True	0.33894944190979004	0.15015681087970734	0.4018251299858093	0.010220794007182121	0.09163787215948105	2.7715524993254803e-05	0.0026595895178616047	0.004522630479186773
9,20825E+17	No, An Undocumented Immigrant Did Not Start The Deadly Northern California Wildfires	data/processed/pro_crisismmd/images/data_image/california_wildfires/19_10_2017/920824862528061440_0.jpg	other_relevant_information	affected_individuals	False	0.5152607336640358	0.2217208817601204	0.2935398519039154	0.014248129504267126	0.028442517388612032	0.006873682723380625	0.5152607336640358	0.0021180824769544415	0.014846499194391072	0.12467048096004874	False	True	0.25318098068237305	0.003551379544660449	0.031981777399778366	0.004349747207015753	0.5212717652320862	0.002819945802912116	0.01819455437362194	0.1646498441696167	True	0.4146164655685425	0.04633837938308716	0.01782473735511303	0.014445489272475243	0.49722763895988464	1.2492499081417918e-05	0.004802333656698465	0.004732391331344843
9,19576E+17	Rotary members are working together to respond to wildfires in California.	data/processed/pro_crisismmd/images/data_image/california_wildfires/15_10_2017/919575878241280000_0.jpg	rescue_volunteering_or_donation_effort	not_humanitarian	False	0.5130997709929943	0.2732441471889615	0.5130997709929943	0.03606417961418629	0.2398556238040328	0.004605569789418951	0.19178434647619724	0.0007466723720312984	0.011690790561260656	0.0021529818823182723	False	True	0.6722239255905151	0.03957289829850197	0.03699951246380806	0.005599931813776493	0.2264714390039444	0.000994869158603251	0.015303720720112324	0.00283364811912179	True	0.035727307200431824	0.025538023561239243	0.848423957824707	0.0016224837163463235	0.08772306889295578	2.0820123154408066e-06	0.0008520000847056508	0.00011098317190771922
9,23013E+17	Autumn in Southern California equals fire, either literally or metaphorically. dying	data/processed/pro_crisismmd/images/data_image/california_wildfires/25_10_2017/923013081608757253_0.jpg	not_humanitarian	other_relevant_information	False	0.5128560811281204	0.06478830426931381	0.4480677768588066	0.5128560811281204	0.00033911887294379994	0.005621200194582343	0.004259727196767926	0.0009049985878846201	0.001246616302523762	0.026704519929808157	False	True	0.4390946626663208	0.5182234048843384	0.00017708292580209672	0.001349383033812046	0.0032209274359047413	0.0012023369781672955	0.001143127796240151	0.03558911383152008	True	0.47498711943626404	0.49675410985946655	0.0008252267143689096	0.018436651676893234	0.007376126479357481	1.2983417036593892e-05	0.0015570818213745952	5.073822467238642e-05
904705739733782530	Businesses Underwater After Harvey PhotoEssay	data/processed/pro_crisismmd/images/data_image/hurricane_harvey/4_9_2017/904705739733782530_0.jpg	infrastructure_and_utility_damage	vehicle_damage	False	0.5120049472898245	0.25953517481684685	0.1494850143790245	0.02889565797522664	0.013255864148959517	0.25246977247297764	0.036223950795829296	0.5120049472898245	0.002528768847696483	0.005136026971740648	False	True	0.1511312574148178	0.020924976095557213	0.009915187023580074	0.1201465055346489	0.037218548357486725	0.651340663433075	0.0025669706519693136	0.006755904760211706	True	0.1445462852716446	0.052807703614234924	0.023277895525097847	0.6494395732879639	0.03324015811085701	0.09399779886007309	0.0024141634348779917	0.0002763936063274741
9,21827E+17	California Highway Patrol thanks the Oceanside Fire Department for their service and partnership!	data/processed/pro_crisismmd/images/data_image/california_wildfires/21_10_2017/921826796101804033_0.jpg	not_humanitarian	affected_individuals	False	0.5102438516914845	0.2285008728504181	0.08834481984376907	0.041598943585995585	0.28174297884106636	0.008170667046215385	0.5102438516914845	0.0018858459661714733	0.01676319446414709	0.051249656826257706	False	True	0.08655041456222534	0.003006917191669345	0.17083851993083954	0.0022300865966826677	0.6663361191749573	0.001578348921611905	0.017092252150177956	0.05236727371811867	True	0.09372803568840027	0.1573750227689743	0.6144563555717468	0.025992408394813538	0.04196704924106598	0.0028083370998501778	0.015776021406054497	0.04789680615067482
901650824530669568	Harvey still causing damage and flooding	data/processed/pro_crisismmd/images/data_image/hurricane_harvey/27_8_2017/901650824530669568_1.jpg	infrastructure_and_utility_damage	not_humanitarian	False	0.5084178522229195	0.16017735749483109	0.5084178522229195	0.05668736668303609	0.008001157897524536	0.3482404947280884	0.07058771373704076	0.006298261461779475	0.0004840647379751317	0.0012831164294766495	False	True	0.49987611174583435	0.029110601171851158	0.0039023947902023792	0.3684786856174469	0.08830240368843079	0.008299100212752819	0.0003428372729104012	0.001687884097918868	True	0.5340430736541748	0.13941766321659088	0.020297447219491005	0.2875259220600128	0.017443643882870674	0.00029574520885944366	0.0009077471331693232	6.881342414999381e-05
904296464540733440	P.J. Harvey, Bjork and Tori Amos John Stoddart Photography	data/processed/pro_crisismmd/images/data_image/hurricane_harvey/3_9_2017/904296464540733440_0.jpg	not_humanitarian	affected_individuals	False	0.5083554163575172	0.3214417304843664	0.09483146108686924	0.0029492011599359103	0.17501785978674889	0.013048987253569067	0.5083554163575172	0.002119453507475555	0.18691368587315083	0.016763961131800897	False	True	0.0972047746181488	0.0002798082714434713	0.06668539345264435	0.0011758548207581043	0.587539553642273	0.0006920606829226017	0.22429056465625763	0.022132018581032753	True	0.08771152049303055	0.010957379825413227	0.5000152587890625	0.04866838455200195	0.2708030045032501	0.006401631981134415	0.07478304952383041	0.0006597887841053307
901675387930980352	Damage to Virginia on the Bay Restaurant. We ate here in 2012. harvey hurricaneharvey PortAransasTX damaged	data/processed/pro_crisismmd/images/data_image/hurricane_harvey/27_8_2017/901675387930980352_0.jpg	infrastructure_and_utility_damage	not_humanitarian	False	0.5052958689630032	0.19770218804478645	0.5052958689630032	0.03877414483577013	0.0027943686436628923	0.3075936809182167	0.06332554976688698	0.07791983988136053	0.0024263496743515134	0.0018701972003327683	False	True	0.6631184816360474	0.03585198149085045	0.003451501252129674	0.1701047122478485	0.08315318822860718	0.03935118392109871	0.002562994137406349	0.002405951963737607	True	0.031828030943870544	0.047540634870529175	0.0008229708182625473	0.7200605869293213	0.003842634381726384	0.193625807762146	0.002016416285187006	0.00026293291011825204
9,21528E+17	CAL FIRE Mobilizing for Santa Ana Winds in Southern California:	data/processed/pro_crisismmd/images/data_image/california_wildfires/21_10_2017/921527521169911808_0.jpg	rescue_volunteering_or_donation_effort	not_humanitarian	False	0.5048608593642712	0.3116373009979725	0.5048608593642712	0.19322355836629868	0.04786125337705016	0.021862618159502745	0.041057939641177654	0.1845966244607098	0.0021434360241983086	0.004393695577164181	False	True	0.6101342439651489	0.05044487118721008	0.01912623830139637	0.0248069129884243	0.041855499148368835	0.24612422287464142	0.0018064865143969655	0.005701504647731781	True	0.18904070556163788	0.6215596199035645	0.13406629860401154	0.013029733672738075	0.03866526111960411	1.382921891490696e-05	0.003154284553602338	0.0004702683654613793
904430061167689729	Shaken by Harvey, Congress May Try Something New: Bipartisanship DLW	data/processed/pro_crisismmd/images/data_image/hurricane_harvey/3_9_2017/904430061167689729_0.jpg	not_humanitarian	affected_individuals	False	0.5045001680264249	0.0982183093437925	0.40628185868263245	0.005605335463769734	0.046935414808103815	0.01995496411109343	0.5045001680264249	0.00034334187660078896	0.003875612797855865	0.012503323878036099	False	True	0.21237248182296753	0.006020132452249527	0.061977092176675797	0.026041783392429352	0.6713171005249023	0.00045734571176581085	0.00514515396207571	0.01666891574859619	True	0.9880099892616272	0.004360944498330355	0.0018103827023878694	0.0016945062670856714	0.004049370530992746	1.3303711057233158e-06	6.698930519632995e-05	6.548266355821397e-06
9,17873E+17	NEW: CanyonFire2 in Orange County, California, is now 4,000 acres, according to Cal Fire.	data/processed/pro_crisismmd/images/data_image/california_wildfires/10_10_2017/917873017065160704_0.jpg	not_humanitarian	missing_or_found_people	False	0.5030782558751525	0.062337365074199624	0.03766003670170903	0.4407408908009529	0.006421734346076846	0.004837177111767232	0.00580106524284929	0.00019428412224442582	0.0012665922404266894	0.5030782558751525	False	True	0.019207796081900597	0.2938607633113861	0.006594971287995577	0.0020128493197262287	0.006064787041395903	0.00025554094463586807	0.001426474773325026	0.6705768704414368	True	0.09301675856113434	0.8813812732696533	0.005902023520320654	0.013310160487890244	0.005009899847209454	1.0513655070099048e-05	0.0007869446417316794	0.0005824121762998402
904228582385360897	ICYMI: Muslim volunteers spend Eid helping Houston hurricane recovery. Harvey	data/processed/pro_crisismmd/images/data_image/hurricane_harvey/3_9_2017/904228582385360897_1.jpg	rescue_volunteering_or_donation_effort	affected_individuals	False	0.5029152072966099	0.16671054810285568	0.13473822141531855	0.0008362193548236974	0.3362046591937542	0.002770010927633848	0.5029152072966099	0.0002470643973992992	0.018563870922662318	0.0037247307773213834	False	True	0.17805519700050354	0.0010287693003192544	0.13421662151813507	0.0036510764621198177	0.6536129117012024	0.0003285893180873245	0.024489935487508774	0.004616880789399147	True	0.004787294659763575	0.00025856951833702624	0.9421687722206116	0.00012681432417593896	0.050822094082832336	2.4896353352232836e-06	0.0007856772281229496	0.0010482807410880923
9,17843E+17	We are only One hour away from our live updates for the wildfires/brush fires in California	data/processed/pro_crisismmd/images/data_image/california_wildfires/10_10_2017/917843187187814400_0.jpg	not_humanitarian	other_relevant_information	False	0.5028703436255455	0.15478966385126114	0.34808067977428436	0.5028703436255455	0.007611815759446472	0.010581264039501548	0.03821698669344187	0.00048488038953564683	0.0010446175001561642	0.09110939670790685	False	True	0.3539844751358032	0.4560790956020355	0.008988368324935436	0.011163825169205666	0.046505335718393326	0.0006457845447584987	0.0012678018538281322	0.12136531621217728	True	0.3303692936897278	0.6432440876960754	0.003482158062979579	0.008833580650389194	0.013351939618587494	2.1679238670913037e-06	0.0003750644391402602	0.0003416381950955838
9,20414E+17	Hellsgate sends crews to help fight California wildfires - 17 October 2017	data/processed/pro_crisismmd/images/data_image/california_wildfires/17_10_2017/920413885772869632_0.jpg	rescue_volunteering_or_donation_effort	not_humanitarian	False	0.5022527147084475	0.3117955680936575	0.5022527147084475	0.19045714661478996	0.18883057590574026	0.010064402653370053	0.03150147572159767	0.06409429603490935	0.00324747187551111	0.009551920673402492	False	True	0.6351457834243774	0.210517019033432	0.016122568398714066	0.012132140807807446	0.02432587742805481	0.08545675128698349	0.0036574783734977245	0.012642373330891132	True	0.1035735085606575	0.13027752935886383	0.7069545984268188	0.0038611881900578737	0.05302827060222626	6.930278686922975e-06	0.0020174523815512657	0.00028056270093657076
904713943653818368	Harvey: City Asks Residents To Remove Parked Cars From Street For Debris Pickup	data/processed/pro_crisismmd/images/data_image/hurricane_harvey/4_9_2017/904713943653818368_0.jpg	infrastructure_and_utility_damage	affected_individuals	False	0.5019065449014306	0.2655309187248349	0.2363756261765957	0.0032452736340928823	0.03976732678711414	0.10583195835351944	0.5019065449014306	0.10225139488466084	0.0063561789283994585	0.004265643721737433	False	True	0.2661501467227936	0.0011154975509271026	0.04140734300017357	0.020233631134033203	0.6512783169746399	0.011128692887723446	0.008249913342297077	0.0004364103951957077	True	0.14705206453800201	0.009634601883590221	0.03484727814793587	0.36262694001197815	0.05379122868180275	0.375619500875473	0.0006749756867066026	0.01575334370136261
904217471678337024	AP: Hurricane Harvey Floods Toxic Waste Sites, With The EPA Missing In Action via	data/processed/pro_crisismmd/images/data_image/hurricane_harvey/3_9_2017/904217471678337024_0.jpg	infrastructure_and_utility_damage	not_humanitarian	False	0.5002143234014511	0.2967807166278362	0.5002143234014511	0.1725178873166442	0.01941039669327438	0.20343360677361488	0.0776537039782852	0.011737945082131773	0.0016336708067683503	0.01339848295901902	False	True	0.5927732586860657	0.044609952718019485	0.01038395706564188	0.21953244507312775	0.09986463934183121	0.014418690465390682	0.0007077870541252196	0.0177092794328928	True	0.22253751754760742	0.5562416911125183	0.046489715576171875	0.1551370918750763	0.011020897887647152	0.0036957089323550463	0.0044113220646977425	0.00046609353739768267
9,21022E+17	New Firebreaksout In Santa Cruz Mountains:	data/processed/pro_crisismmd/images/data_image/california_wildfires/19_10_2017/921021964030005248_0.jpg	not_humanitarian	missing_or_found_people	False	0.5002107988693751	0.2823712896206416	0.21783950924873352	0.16373966820538044	0.011461560265161097	0.023488797480240464	0.05739785963669419	0.007051983368000947	0.01880973530933261	0.5002107988693751	False	True	0.1667250096797943	0.049747489392757416	0.002457458060234785	0.015259570442140102	0.07066936790943146	0.009389329701662064	0.019671563059091568	0.666080117225647	True	0.37118300795555115	0.5057162046432495	0.03847386687994003	0.04817647859454155	0.0175833348184824	3.994436701759696e-05	0.016224252060055733	0.00260284380055964
904284442881122304	HARVEY?D What happend to your account????	data/processed/pro_crisismmd/images/data_image/hurricane_harvey/3_9_2017/904284442881122304_0.jpg	not_humanitarian	missing_or_found_people	False	0.4994872830247914	0.008585954401496565	0.49090132862329483	0.004385173640912399	0.00020723220586660318	0.0030570552771678194	0.0009563764033373445	0.00021889696694188387	0.0007865978077461477	0.4994872830247914	False	True	0.33039262890815735	0.0008291668491438031	9.95252194115892e-05	0.0007708471384830773	0.0007171380566433072	0.00029093673219904304	0.0009734019404277205	0.6659262776374817	True	0.9724274277687073	0.015053194016218185	0.0005303531652316451	0.009915679693222046	0.0016740914434194565	2.7776711704063928e-06	0.0002261854097014293	0.0001702991867205128
905069023024394240	Libs Blast Trump for Harvey Response.... Silenced When Obama's Photo Surfaces	data/processed/pro_crisismmd/images/data_image/hurricane_harvey/5_9_2017/905069023024394240_0.jpg	not_humanitarian	affected_individuals	False	0.4992689713835716	0.03593325614929199	0.46333571523427963	0.0028591162845259532	0.010171010158956051	0.0013609746674774215	0.4992689713835716	1.0578589126453153e-05	0.010224585072137415	0.012769011911586858	False	True	0.3043768107891083	0.0002648051013238728	0.009028196334838867	0.00033396953949704766	0.6559170484542847	1.1965121302637272e-05	0.01324538979679346	0.01682175323367119	True	0.9402124285697937	0.010642049834132195	0.013599451631307602	0.004441990051418543	0.029324740171432495	6.418992597900797e-06	0.001162170898169279	0.0006107879453338683
9,23744E+17	Montana fire crews back from California	data/processed/pro_crisismmd/images/data_image/california_wildfires/27_10_2017/923743588260880384_0.jpg	not_humanitarian	affected_individuals	False	0.49907541647553444	0.31608688086271286	0.18298853561282158	0.020913513406412676	0.12502546235919	0.003088829485932365	0.49907541647553444	2.557171626449417e-05	0.011275951634161174	0.15760666405549273	False	True	0.04847468435764313	0.0016634141793474555	0.09547002613544464	0.000990385073237121	0.6301388144493103	3.22719024552498e-05	0.013569407165050507	0.20966093242168427	True	0.5865300893783569	0.07866381108760834	0.21369177103042603	0.009384162724018097	0.10588522255420685	5.47115769222728e-06	0.004395585041493177	0.0014438589569181204
904593743189291008	Hurricane Harvey: Mexican aid to reach Texas International	data/processed/pro_crisismmd/images/data_image/hurricane_harvey/4_9_2017/904593743189291008_0.jpg	rescue_volunteering_or_donation_effort	affected_individuals	False	0.49706949200481176	0.23359966930001974	0.263469822704792	0.0033563579490873963	0.2321734968572855	0.0014434215554501861	0.49706949200481176	0.0010320902429157286	0.0008625219052191824	0.0005928254904574715	False	True	0.24120837450027466	0.0017421337543055415	0.10597103089094162	0.0006697712233290076	0.6476937532424927	0.0013746654149144888	0.0005896820221096277	0.0007506355759687722	True	0.3302541673183441	0.00819903053343296	0.6107808947563171	0.0037643725518137217	0.04519670829176903	4.364726919448003e-06	0.0016810415545478463	0.00011939523392356932
901663058388504576	Flooding in Houston. North Braeswood @ Mullins. Almost 30 inches height. Harvey	data/processed/pro_crisismmd/images/data_image/hurricane_harvey/27_8_2017/901663058388504576_2.jpg	infrastructure_and_utility_damage	not_humanitarian	False	0.4967818483710289	0.2933162972331047	0.4967818483710289	0.15201206505298615	0.010152945178560913	0.2034655511379242	0.10613714950159192	0.029412202595267445	0.0012109589733881876	0.0008272890190710314	False	True	0.5691398978233337	0.019552648067474365	0.006351957563310862	0.22927358746528625	0.13557040691375732	0.038220830261707306	0.0009196617756970227	0.0009710211888886988	True	0.2797077000141144	0.5493903160095215	0.021555908024311066	0.126041442155838	0.01783737726509571	0.0029863195959478617	0.0020848505664616823	0.000396092509618029
904751001390940160	This is what Hurricane Harvey will mean for trucking:	data/processed/pro_crisismmd/images/data_image/hurricane_harvey/4_9_2017/904751001390940160_0.jpg	other_relevant_information	not_humanitarian	False	0.49582329392433167	0.03888516128063202	0.49582329392433167	0.45693813264369965	0.009621109871659428	0.024380619870498776	0.010110820992849767	0.0007231554627651349	0.0007714708117418922	0.001631420869671274	False	True	0.4479683041572571	0.5255943536758423	0.002299311337992549	0.014041214250028133	0.006482558790594339	0.0005917985108681023	0.0009032959351316094	0.0021192007698118687	True	0.6393882632255554	0.25096946954727173	0.031586505472660065	0.055398836731910706	0.02099560759961605	0.0011172263184562325	0.0003759954415727407	0.0001680811692494899
9,17957E+17	Were The California Wildfires DeliberatelySet?	data/processed/pro_crisismmd/images/data_image/california_wildfires/11_10_2017/917957391957848066_0.jpg	other_relevant_information	not_humanitarian	False	0.49434276670217514	0.16455957293510437	0.49434276670217514	0.32978319376707077	0.00495461787795648	0.010685559071134776	0.011337199248373508	0.003808694579220173	0.003990474477177486	0.1410974720622562	False	True	0.39280131459236145	0.39143189787864685	0.005441260989755392	0.002742631593719125	0.009629089385271072	0.005075654946267605	0.004753163084387779	0.18812495470046997	True	0.7989671230316162	0.14483708143234253	0.003494688542559743	0.03451434150338173	0.016461528837680817	7.813478077878244e-06	0.0017024086555466056	1.50241476148949e-05
9,20463E+17	Young SantaRosa FireVictim gets new legs Her Birthday:	data/processed/pro_crisismmd/images/data_image/california_wildfires/18_10_2017/920463405508677633_0.jpg	not_humanitarian	missing_or_found_people	False	0.494098094641231	0.28079185949172825	0.20867983251810074	0.0016977941268123686	0.021497495472431183	0.007916916743852198	0.21330623514950275	5.827267352742638e-05	0.05274540325626731	0.494098094641231	False	True	0.06377384066581726	0.0004022622015327215	0.005353868007659912	0.008350147865712643	0.24600623548030853	7.696104148635641e-05	0.01959148235619068	0.6564452648162842	True	0.6433978080749512	0.00558438990265131	0.069928377866745	0.0066172233782708645	0.11520623415708542	2.2075696506362874e-06	0.1522071659564972	0.007056584116071463
904266726958759936	Travel - Simulation reveals what it's like inside a tornado, In the new simulation from...	data/processed/pro_crisismmd/images/data_image/hurricane_harvey/3_9_2017/904266726958759936_0.jpg	other_relevant_information	not_humanitarian	False	0.4936161879450083	0.011346230283379555	0.4936161879450083	0.4822699576616287	0.002105106847011484	0.011948775441851467	0.0049250859883613884	0.0005086153687443584	0.004447798914043233	0.0001784986052371096	False	True	0.6285915970802307	0.3630934953689575	0.0009106357465498149	0.002352771582081914	0.0028237083461135626	0.000618902500718832	0.0014251634711399674	0.0001837478921515867	True	0.08868996053934097	0.8397993445396423	0.005688520148396492	0.040736787021160126	0.011229218915104866	0.00017775397282093763	0.013515705242753029	0.0001627507444936782
9,19716E+17	California wildfire north of Yosemite today.	data/processed/pro_crisismmd/images/data_image/california_wildfires/16_10_2017/919715738104995840_1.jpg	other_relevant_information	not_humanitarian	False	0.49355003982782364	0.011776432394981384	0.49355003982782364	0.48177360743284225	0.0028669049497693777	0.01295321632642299	0.006784270750358701	0.0003153161792397441	0.0014745459193363786	0.0002821490961650852	False	True	0.5545300245285034	0.42721858620643616	0.0014131474308669567	0.007239169906824827	0.0074803708121180534	0.00041080053779296577	0.0013507617404684424	0.0003572199202608317	True	0.3106100857257843	0.6454386711120605	0.007228177506476641	0.030095355585217476	0.004695970565080643	2.886310358007904e-05	0.001845898455940187	5.6936623877845705e-05
9,20097E+17	MLB Fire ravages Cossins' California community	data/processed/pro_crisismmd/images/data_image/california_wildfires/17_10_2017/920097325996847106_0.jpg	infrastructure_and_utility_damage	not_humanitarian	False	0.4934471398591995	0.2609594948589802	0.4934471398591995	0.04158927360549569	0.008274122141301632	0.23248764500021935	0.18853922560811043	0.006754710625500593	0.011531812720932066	0.01737613791192416	False	True	0.5643072128295898	0.018822332844138145	0.003401976078748703	0.1407874971628189	0.22629457712173462	0.008986207656562328	0.014442309737205505	0.02295796386897564	True	0.28086692094802856	0.10989009588956833	0.02289056032896042	0.5075880885124207	0.07527317106723785	6.021953231538646e-05	0.0028003216721117496	0.000630660040769726
9,20501E+17	Vegetation Fire Burns At Least 30 Acres InDublin:	data/processed/pro_crisismmd/images/data_image/california_wildfires/18_10_2017/920500722063601666_0.jpg	infrastructure_and_utility_damage	other_relevant_information	False	0.4912625402212143	0.22147783637046814	0.26978470385074615	0.4912625402212143	0.003089525329414755	0.19334147218614817	0.03551197377964854	0.0034151121747072466	0.002520635025575757	0.001074034778866917	False	True	0.16172999143600464	0.545866847038269	0.00039837206713855267	0.23985570669174194	0.044513218104839325	0.004549198318272829	0.0023065407294780016	0.000780109316110611	True	0.5939488410949707	0.32744961977005005	0.011162985116243362	0.05379876866936684	0.008508240804076195	1.2853744010499213e-05	0.0031629179138690233	0.0019558111671358347
9,22454E+17	The wildfires' ripple effect on California schools, by	data/processed/pro_crisismmd/images/data_image/california_wildfires/23_10_2017/922453513409613826_0.jpg	infrastructure_and_utility_damage	not_humanitarian	False	0.4900156259536743	0.2676714272238314	0.4900156259536743	0.04955281503498554	0.004302790330257267	0.2223441987298429	0.16786224488168955	0.008110767452762957	0.04915227570745628	0.008659282187181816	False	True	0.3662169575691223	0.04238864779472351	0.003538167802616954	0.28889307379722595	0.21115198731422424	0.010808800347149372	0.06546337902545929	0.011538960970938206	True	0.8614116311073303	0.07104531675577164	0.0065966579131782055	0.02269757352769375	0.037993017584085464	1.6668769603711553e-05	0.00021896575344726443	2.0245835912646726e-05
904822253744992256	So many front yards across Houston look like this. HurricaneHarvey	data/processed/pro_crisismmd/images/data_image/hurricane_harvey/4_9_2017/904822253744992256_0.jpg	infrastructure_and_utility_damage	affected_individuals	False	0.4892968088388443	0.16481949388980865	0.32447731494903564	0.07785582239739597	0.02662027021870017	0.06988213025033474	0.4892968088388443	0.008195918053388596	0.0030529256619047374	0.0006187869294080883	False	True	0.2821171283721924	0.0008927742019295692	0.028339840471744537	0.06835170090198517	0.6104869246482849	0.007616537623107433	0.0014918009983375669	0.0007032764842733741	True	0.45155787467956543	0.30874496698379517	0.02146155945956707	0.07447341829538345	0.12572646141052246	0.009934059344232082	0.007736299652606249	0.00036531826481223106
905119373827985408	Houston SWAT member rescues mom & her 13 mo son HurricaneHarvey	data/processed/pro_crisismmd/images/data_image/hurricane_harvey/5_9_2017/905119373827985408_0.jpg	rescue_volunteering_or_donation_effort	affected_individuals	False	0.48679876513779163	0.2114198487251997	0.2129773572087288	0.002564457099651918	0.27537891641259193	0.0011276331351837143	0.48679876513779163	0.0011124600296170684	0.005543639534153044	0.014496756950393319	False	True	0.21567846834659576	0.001491112750954926	0.15741752088069916	0.0012681318912655115	0.6123026609420776	0.001480636652559042	0.004764403682202101	0.005597054027020931	True	0.20487402379512787	0.005784490145742893	0.6292631030082703	0.0007061368669383228	0.11028707772493362	7.9301607911475e-06	0.007881347090005875	0.04119586572051048
9,17989E+17	**MEDIA RELEASE** Travis assists in Northern California fire response	data/processed/pro_crisismmd/images/data_image/california_wildfires/11_10_2017/917988836541632512_0.jpg	other_relevant_information	not_humanitarian	False	0.4856029599905014	0.21751339962065686	0.4856029599905014	0.07672585174441338	0.10635787690989673	0.00952477054670453	0.04686791729182005	0.0001774758056853898	0.0066536322119645774	0.26808956036984455	False	True	0.48829150199890137	0.08317132294178009	0.014900879003107548	0.008071082644164562	0.040129292756319046	0.00022568745771422982	0.007921922020614147	0.3572883605957031	True	0.4775373339653015	0.05738943815231323	0.3807288706302643	0.013885834254324436	0.06708379089832306	3.284084959886968e-05	0.002848762786015868	0.0004931596922688186
904950508653293568	Gamers to raise money for Harvey victims through video game marathon gamers gaming	data/processed/pro_crisismmd/images/data_image/hurricane_harvey/5_9_2017/904950508653293568_0.jpg	not_humanitarian	rescue_volunteering_or_donation_effort	False	0.48459384590387344	0.022117488086223602	0.46247635781764984	0.00971022923476994	0.48459384590387344	0.003001788987603504	0.030807253904640675	8.396303564950358e-05	0.001821066194679588	0.007505551795475185	False	True	0.47006720304489136	0.0038495948538184166	0.4938313364982605	0.000288177136098966	0.02280719205737114	0.00010828844096977264	0.00033554178662598133	0.00871272198855877	True	0.4397038221359253	0.02729213237762451	0.4568813741207123	0.011142624542117119	0.05480743944644928	1.0986819688696414e-05	0.006277639418840408	0.003884041216224432
9,1811E+17	Seen From Above: Entire California Communities Reduced to Ash	data/processed/pro_crisismmd/images/data_image/california_wildfires/11_10_2017/918110217023442944_0.jpg	infrastructure_and_utility_damage	vehicle_damage	False	0.4834872183200787	0.25972325697512133	0.11008079163730145	0.09321510838344693	0.0024325262056663632	0.22376396134495735	0.07733089476823807	0.4834872183200787	0.009370397456223145	0.00031907321681501344	False	True	0.05657283216714859	0.01767774485051632	0.0013756174594163895	0.17396600544452667	0.09352151304483414	0.6446009278297424	0.011910309083759785	0.0003749984607566148	True	0.27060467004776	0.31982719898223877	0.0056032524444162846	0.3731578290462494	0.02875903993844986	0.0001460897910874337	0.0017506625736132264	0.00015129748499020934
901822598765522945	A friend's front's front yard in Austin Texas this morning after high winds from HurricaneHarvey 0. | Harvey	data/processed/pro_crisismmd/images/data_image/hurricane_harvey/27_8_2017/901822598765522945_1.jpg	infrastructure_and_utility_damage	affected_individuals	False	0.4823290482163429	0.2630327151855454	0.21929633303079754	0.03893905133008957	0.017247402109205723	0.07203051028773189	0.4823290482163429	0.038403002079576254	0.011097555048763752	0.12065704399719834	False	True	0.29058679938316345	0.04407750070095062	0.006259363144636154	0.09352178126573563	0.3717562258243561	0.028233954682946205	0.011910217814147472	0.153654083609581	True	0.005424933973699808	0.02352370321750641	0.05021151900291443	0.007556697353720665	0.8140475153923035	0.0689101442694664	0.00865956675261259	0.021665925160050392
9,21708E+17	Local sheriff smacks down Breitbart for bigoted lie about California wildfires	data/processed/pro_crisismmd/images/data_image/california_wildfires/21_10_2017/921707911478480896_0.jpg	not_humanitarian	missing_or_found_people	False	0.4822350094327703	0.2250535754719749	0.2571814339607954	0.17561190202832222	0.018886737059801817	0.005188263661693782	0.05482766591012478	0.0008553530601602688	0.0052136337326373905	0.4822350094327703	False	True	0.09026256948709488	0.1851726621389389	0.018270064145326614	0.0018527351785451174	0.05522030219435692	0.001134514226578176	0.006575003266334534	0.6415121555328369	True	0.757938027381897	0.14692962169647217	0.020736755803227425	0.015194849111139774	0.05364975705742836	1.7869560906547122e-05	0.001129525131545961	0.004403571132570505
905036991644958720	AZ-TF1 has been demobilized from Harvey. We're heading home.	data/processed/pro_crisismmd/images/data_image/hurricane_harvey/5_9_2017/905036991644958720_0.jpg	not_humanitarian	rescue_volunteering_or_donation_effort	False	0.4815824085380882	0.16517947777174413	0.31640293076634407	0.01681421196553856	0.4815824085380882	0.0034504779978306033	0.06436408963054419	0.028435043228910217	0.07603285458026221	0.012917980981001165	False	True	0.12637130916118622	0.005979787092655897	0.6394748091697693	0.0004632759082596749	0.07142648100852966	0.03790900483727455	0.10129652172327042	0.017078829929232597	True	0.8864977955818176	0.049317486584186554	0.007905206643044949	0.012412084266543388	0.04317691549658775	1.3158403817215003e-05	0.0002418531512375921	0.000435434136306867
9,19974E+17	Stunning maps and images from the	data/processed/pro_crisismmd/images/data_image/california_wildfires/16_10_2017/919974245106626561_0.jpg	not_humanitarian	other_relevant_information	False	0.48139816522598267	0.1405668668448925	0.34083129838109016	0.48139816522598267	0.001096289954148233	0.11928323470056057	0.05296716801240109	0.0015883359415056475	0.002461071198922582	0.0003744224341062363	False	True	0.18338541686534882	0.615753710269928	0.0010767817730084062	0.12398482859134674	0.07011519372463226	0.0021174426656216383	0.0030731111764907837	0.0004935069009661674	True	0.8131689429283142	0.07833153009414673	0.0011548144975677133	0.10517845302820206	0.0015230908757075667	1.015769157675095e-06	0.0006249512662179768	1.7169033526442945e-05
9,20914E+17	Mount St. Joseph student finds new opportunity after fleeing California wildfires:	data/processed/pro_crisismmd/images/data_image/california_wildfires/19_10_2017/920913660318400512_0.jpg	not_humanitarian	injured_or_dead_people	False	0.4802554360067006	0.18638170868507586	0.29387372732162476	0.009747423930093646	0.035976643674075603	0.0035940168309025466	0.16607519797980785	0.0001702240833765245	0.4802554360067006	0.010307303396984935	False	True	0.20076245069503784	0.00727482046931982	0.04181254655122757	0.0025566311087459326	0.0960833802819252	0.00022570701548829675	0.640186071395874	0.011098363436758518	True	0.5732075572013855	0.017165234312415123	0.018468935042619705	0.006706173997372389	0.3760506510734558	3.7752870412077755e-06	0.0004635298391804099	0.007934123277664185
9,21529E+17	Dozens of Employees, Members Lose Home in California Wildfires	data/processed/pro_crisismmd/images/data_image/california_wildfires/21_10_2017/921528721563095041_0.jpg	infrastructure_and_utility_damage	not_humanitarian	False	0.4796285256743431	0.29787062853574753	0.4796285256743431	0.17454524524509907	0.019408605119679123	0.14114870876073837	0.18175789713859558	0.0006501599136754521	0.002066538610961288	0.0007943519594846293	False	True	0.5011534690856934	0.2047552913427353	0.0022113833110779524	0.1391344964504242	0.14978888630867004	0.0008511092164553702	0.001485377550125122	0.0006200288771651685	True	0.41505369544029236	0.0839151069521904	0.07100027054548264	0.1471913456916809	0.2776649296283722	4.7312005335697904e-05	0.0038100217934697866	0.0013173212064430118
9,22891E+17	.... Getting ready to wrap this up and send this in. cc:	data/processed/pro_crisismmd/images/data_image/california_wildfires/24_10_2017/922890988863021056_1.jpg	not_humanitarian	missing_or_found_people	False	0.47953438394029035	0.07895380638797178	0.4005805775523186	0.02879221923649311	0.034354165061813546	0.005403083980127121	0.05059291937322996	0.00025484486195836986	0.0004878039725326744	0.47953438394029035	False	True	0.20111683011054993	0.03809520974755287	0.04577956348657608	0.007187778130173683	0.06745357811450958	0.0003397901018615812	0.0006482265307568014	0.6393790245056152	True	0.9989718198776245	0.0008832477033138275	7.796978752594441e-05	4.900152998743579e-05	1.0943149391096085e-05	9.142248735827252e-09	6.536297860293416e-06	4.6224431571317837e-07
901763463332102144	This tornado was just a block away from my house. We've had countless tornado warnings since.	data/processed/pro_crisismmd/images/data_image/hurricane_harvey/27_8_2017/901763463332102144_0.jpg	other_relevant_information	not_humanitarian	False	0.4790116026997566	0.05908241868019104	0.4790116026997566	0.4199291840195656	0.002465898964146618	0.010427266242913902	0.0056863000500015914	0.006946006594262144	0.0016018989845179021	0.07393188055175415	False	True	0.6130420565605164	0.2645319998264313	0.003232294926419854	0.0027927705086767673	0.006557346321642399	0.009256234392523766	0.0020486919675022364	0.09853863716125488	True	0.07692024111747742	0.8861207365989685	0.0001667110773269087	0.033330753445625305	0.0030731612350791693	1.532319947727956e-05	0.00026152003556489944	0.00011161072325194255
9,17944E+17	Photo gallery: Northern California fires scorch up to 100,000 acres. Photo by	data/processed/pro_crisismmd/images/data_image/california_wildfires/11_10_2017/917944458523566080_0.jpg	infrastructure_and_utility_damage	affected_individuals	False	0.4771181531250477	0.08480225875973701	0.39231589436531067	0.09962937323143706	0.0022996446350589395	0.022935888380743563	0.4771181531250477	0.0006124380506662419	0.002800519985612482	0.0022880899377923924	False	True	0.35661831498146057	0.0015812229830771685	0.0009359121322631836	0.005085732322186232	0.6294786334037781	0.0007850055699236691	0.0025044495705515146	0.0030107495840638876	True	0.49940863251686096	0.3937738239765167	0.006390842143446207	0.07648635655641556	0.020036712288856506	9.473549289396033e-05	0.0036887312307953835	0.000120110998977907
901792272882294786	Tree down in NW HIllsHurricaneHarvey	data/processed/pro_crisismmd/images/data_image/hurricane_harvey/27_8_2017/901792272882294786_0.jpg	infrastructure_and_utility_damage	not_humanitarian	False	0.4761248230934143	0.1994529813528061	0.4761248230934143	0.15769009292125702	0.0010979139333358034	0.2766718417406082	0.007755545666441321	0.0789219196740305	0.001227105807629414	0.0005107622728246497	False	True	0.5939990878105164	0.1317794919013977	0.0006028398056514561	0.15901190042495728	0.008378207683563232	0.10506276786327362	0.00051262037595734	0.0006531139952130616	True	0.12250202894210815	0.23542189598083496	0.0025831363163888454	0.629651665687561	0.005887559615075588	0.0004993751063011587	0.0033705621026456356	8.370710565941408e-05
9,17809E+17	Hundreds more firefighters deploy to battle deadly wildfires in California	data/processed/pro_crisismmd/images/data_image/california_wildfires/10_10_2017/917809119310041089_0.jpg	rescue_volunteering_or_donation_effort	not_humanitarian	False	0.47423985973000526	0.3084603101015091	0.47423985973000526	0.05996337253600359	0.12211440969258547	0.1586841344833374	0.16577954962849617	0.007057220581373258	0.010825747856870294	0.001335688888502773	False	True	0.5683984756469727	0.022261615842580795	0.01438349112868309	0.1985691338777542	0.17547696828842163	0.009398316964507103	0.009846609085798264	0.0016653640195727348	True	0.1917640119791031	0.17306864261627197	0.4453071653842926	0.039029136300086975	0.1366872936487198	3.3931431971723214e-05	0.013763164170086384	0.0003466634952928871
901659323616591872	Eye of the storm: 'Hurricane Hunters' fly through the center of Harvey	data/processed/pro_crisismmd/images/data_image/hurricane_harvey/27_8_2017/901659323616591872_0.jpg	other_relevant_information	not_humanitarian	False	0.4728550175204873	0.24360131565481424	0.4728550175204873	0.22925370186567307	0.09983609500341117	0.014864716911688447	0.0918432604521513	0.00039538692271889886	0.009795779071282595	0.08115604758495465	False	True	0.6235857605934143	0.14922845363616943	0.010726132430136204	0.012239421717822552	0.09271003305912018	0.0005104065057821572	0.0029655920807272196	0.10803421586751938	True	0.020662788301706314	0.46932944655418396	0.3671659827232361	0.022740602493286133	0.08924294263124466	5.032817352912389e-05	0.030286340042948723	0.0005215427372604609
9,19896E+17	Redwood Adventist Academy Destroyed by California Wildfire	data/processed/pro_crisismmd/images/data_image/california_wildfires/16_10_2017/919895719691112448_0.jpg	infrastructure_and_utility_damage	vehicle_damage	False	0.470846999422065	0.28849512709712144	0.17933842912316322	0.06960257166065276	0.012083409586921334	0.18235187232494354	0.0705402996391058	0.470846999422065	0.014856609923299402	0.0003798075777012855	False	True	0.14852936565876007	0.0071588559076189995	0.0009791618213057518	0.1625567227602005	0.03416282683610916	0.6277088522911072	0.018512608483433723	0.0003916301648132503	True	0.2717656195163727	0.25693371891975403	0.04539615288376808	0.24173732101917267	0.1796727180480957	0.0002614408149383962	0.0038886142428964376	0.000344339816365391
9,17811E+17	Deadly wildfires threaten thousands of acres of pot farms in California	data/processed/pro_crisismmd/images/data_image/california_wildfires/10_10_2017/917810972479381504_0.jpg	infrastructure_and_utility_damage	affected_individuals	False	0.4708448424935341	0.15362892299890518	0.3172159194946289	0.13211652589961886	0.011655337177217007	0.053937932942062616	0.4708448424935341	0.001481490759033477	0.011312980321235955	0.0014350273850141093	False	True	0.35609111189842224	0.010532865300774574	0.00455871969461441	0.016705824062228203	0.5956457853317261	0.0019218248780816793	0.01291944645345211	0.0016244635917246342	True	0.2005903422832489	0.49686750769615173	0.032945189625024796	0.16563425958156586	0.09644201397895813	0.0001604884018888697	0.006493581924587488	0.0008667187648825347
9,21455E+17	JUST IN: TubbsFire becomes most destructive wildfire in California's history	data/processed/pro_crisismmd/images/data_image/california_wildfires/20_10_2017/921454750020681728_0.jpg	other_relevant_information	not_humanitarian	False	0.4703815206885338	0.26253412291407585	0.4703815206885338	0.18553147092461586	0.0051445222343318164	0.20784739777445793	0.09299733955413103	0.0312460750064929	0.0065312632359564304	0.00032040376936492976	False	True	0.5123396515846252	0.09305666387081146	0.00121497199870646	0.22863762080669403	0.11520086228847504	0.04164392128586769	0.007512927986681461	0.00039339630166068673	True	0.3445071280002594	0.46295589208602905	0.016933172941207886	0.14547672867774963	0.026386771351099014	5.2536168368533254e-05	0.0035862689837813377	0.00010142617247765884
9,19685E+17	New York State Dispatches Crew To Help Contain CaliforniaWildfires	data/processed/pro_crisismmd/images/data_image/california_wildfires/15_10_2017/919684718664101888_0.jpg	rescue_volunteering_or_donation_effort	not_humanitarian	False	0.46878311038017273	0.2358023300766945	0.46878311038017273	0.06839233171194792	0.23298078030347824	0.02438442502170801	0.057343258522450924	0.00036589129570074874	0.14494423608994111	0.0028059750475222245	False	True	0.5059228539466858	0.025427330285310745	0.18732327222824097	0.025206485763192177	0.060174182057380676	0.0004857064923271537	0.19199645519256592	0.0034637227654457092	True	0.35736387968063354	0.19728733599185944	0.36995330452919006	0.021918242797255516	0.04885048791766167	6.44570582153392e-06	0.003787578782066703	0.0008327318937517703
9,19631E+17	"""We're Not Dead Yet!"": Harrowing Video Shows Men Narrowly Escaping Raging California Wild..."	data/processed/pro_crisismmd/images/data_image/california_wildfires/15_10_2017/919630935531782144_0.jpg	not_humanitarian	infrastructure_and_utility_damage	False	0.4684672513976693	0.30343873891979456	0.16502851247787476	0.1382985133677721	0.02683000270917546	0.4684672513976693	0.15078535117208958	0.023497665093600517	0.02076037833467126	0.006332320044748485	False	True	0.18331772089004517	0.07190342992544174	0.0006398261175490916	0.6109885573387146	0.07359059900045395	0.03128737211227417	0.02243545465171337	0.005837019998580217	True	0.11016088724136353	0.3374837636947632	0.10540053248405457	0.04090333357453346	0.38236960768699646	0.0001285440375795588	0.015735149383544922	0.007818220183253288
904473410792816641	19 & 20 serving the people and saving the puppies affected by Harvey 6	data/processed/pro_crisismmd/images/data_image/hurricane_harvey/3_9_2017/904473410792816641_1.jpg	rescue_volunteering_or_donation_effort	affected_individuals	False	0.4684355966746807	0.09383652731776237	0.100498266518116	0.0038357999874278903	0.37459906935691833	0.01678468775935471	0.4684355966746807	0.003308988867502194	0.0032666848273947835	0.029270967388583813	False	True	0.040125489234924316	0.003840226912871003	0.28895479440689087	0.0213877335190773	0.5997162461280823	0.004399903118610382	0.0026734755374491215	0.038902197033166885	True	0.28161659836769104	0.0038225192110985518	0.6315318942070007	0.0029755504801869392	0.07459364831447601	3.624611417762935e-05	0.0050463126972317696	0.0003772784548345953
9,21733E+17	California Imam Under Fire After Asking Allah to 'Annihilate' Jews in Sermon	data/processed/pro_crisismmd/images/data_image/california_wildfires/21_10_2017/921732899795357696_0.jpg	not_humanitarian	missing_or_found_people	False	0.46700985357165337	0.15373452380299568	0.3132753297686577	0.015499003406148404	0.03715627919882536	0.012875188840553164	0.11354605108499527	0.0008107408466457855	0.03982751443982124	0.46700985357165337	False	True	0.28390371799468994	0.0035888070706278086	0.016823377460241318	0.010951983742415905	0.0825919359922409	0.0010670082410797477	0.045892637223005295	0.5551804900169373	True	0.4013901650905609	0.05122959241271019	0.09815498441457748	0.018644804134964943	0.20640839636325836	4.193866334389895e-05	0.02163214609026909	0.2024979442358017
901801080757080064	If you're looking for a way to help, my Church has a few good options. hurricane harvey relief cottonwoodfamily	data/processed/pro_crisismmd/images/data_image/hurricane_harvey/27_8_2017/901801080757080064_0.jpg	rescue_volunteering_or_donation_effort	not_humanitarian	False	0.4669928662478924	0.15239008143544197	0.4669928662478924	0.010581922717392445	0.3146027848124504	0.004477184091228992	0.1881863698363304	0.0007380901125202399	0.0011378897179383785	0.013282862622872926	False	True	0.5452854037284851	0.012631173245608807	0.25746774673461914	0.005639638751745224	0.15911170840263367	0.0009831779170781374	0.0014358788030222058	0.017445221543312073	True	0.2321152538061142	0.004434171132743359	0.4860078990459442	0.000989820109680295	0.27541035413742065	2.826698846547515e-06	0.00024392246268689632	0.0007957858615554869
9,17845E+17	Aftermath of a Fire La Honda California USA 1976jt blackandwhitephotography	data/processed/pro_crisismmd/images/data_image/california_wildfires/10_10_2017/917844519890153472_0.jpg	other_relevant_information	not_humanitarian	False	0.4668112011422636	0.2519212864135625	0.4668112011422636	0.003422989509999752	0.005412144368165173	0.0642407457344234	0.03674080120981671	0.21488991472870111	0.20573359564878047	0.002748610389971873	False	True	0.6222783923149109	0.0020903395488858223	0.007168530486524105	0.0220803115516901	0.04843146726489067	0.02166251465678215	0.2726420760154724	0.003646364202722907	True	0.00040962762432172894	0.007420939393341541	0.00014298601308837533	0.1907220482826233	0.0016688030445948243	0.794572114944458	0.005008154548704624	5.534895171876997e-05
9,21452E+17	Property lost to California wildfires exceeds $1B	data/processed/pro_crisismmd/images/data_image/california_wildfires/20_10_2017/921452372861313025_0.jpg	infrastructure_and_utility_damage	not_humanitarian	False	0.46522319316864014	0.17695121094584465	0.46522319316864014	0.2882719822227955	0.0033315474865958095	0.1015499010682106	0.13174997922033072	0.0002462474640196888	0.002102193364407867	0.007524880402343115	False	True	0.4706974923610687	0.32315629720687866	0.0017988155595958233	0.03702738881111145	0.15505844354629517	0.0003131828852929175	0.0019341884180903435	0.010014127008616924	True	0.44880029559135437	0.18361903727054596	0.007929743267595768	0.29511743783950806	0.06182458624243736	4.544120020000264e-05	0.0026062082033604383	5.7140583521686494e-05
9,19806E+17	Scottsdale fire crew helps battle Northern California fires	data/processed/pro_crisismmd/images/data_image/california_wildfires/16_10_2017/919806240183631872_1.jpg	rescue_volunteering_or_donation_effort	not_humanitarian	False	0.4629485458135605	0.2719678618013859	0.4629485458135605	0.1909806840121746	0.17116940580308437	0.027021106332540512	0.10386199224740267	0.018643184033408033	0.019908452639356256	0.005466645845444873	False	True	0.555743932723999	0.18791012465953827	0.046478159725666046	0.03257717937231064	0.12117830663919449	0.02485050819814205	0.02438473328948021	0.006877092178910971	True	0.18456238508224487	0.20019236207008362	0.5452431440353394	0.010352887213230133	0.051913049072027206	2.1211539205978625e-05	0.006479610688984394	0.0012353068450465798
904533241788596224	Local charity organization collects donations for Harvey animals	data/processed/pro_crisismmd/images/data_image/hurricane_harvey/4_9_2017/904533241788596224_0.jpg	rescue_volunteering_or_donation_effort	affected_individuals	False	0.46190607035532594	0.04466094309464097	0.11377205792814493	0.00031126382236834615	0.41724512726068497	0.00047100279334699735	0.46190607035532594	0.0006034862620367676	0.0007434032813762315	0.00494761055597337	False	True	0.14076991379261017	0.0002116573741659522	0.23953625559806824	0.0005037845112383366	0.6106619238853455	0.0008038539672270417	0.0009566498920321465	0.006555970758199692	True	0.03277849033474922	0.000610083166975528	0.9503717422485352	0.0003726576396729797	0.015638509765267372	2.383146465945174e-06	0.00010366344940848649	0.0001225299492944032
9,23694E+17	The WildomarFire burns hundreds of acres near Lake Elsinore, California. Structures	data/processed/pro_crisismmd/images/data_image/california_wildfires/26_10_2017/923694395303477248_0.jpg	infrastructure_and_utility_damage	not_humanitarian	False	0.4601879473775625	0.029037853702902794	0.4601879473775625	0.43115009367465973	0.01946925010997802	0.036865003290586174	0.02405417524278164	0.002248249569674954	0.01882817450677976	0.0071970767312450334	False	True	0.6008318066596985	0.3054628372192383	0.02448934130370617	0.006424228195101023	0.026880253106355667	0.0024169834796339273	0.02403276599943638	0.00946174468845129	True	0.03825636953115463	0.8082118630409241	0.004408976528793573	0.12818732857704163	0.015575941652059555	0.0017420478397980332	0.003214400028809905	0.0004030728596262634
904572612520660992	Report: Hurricane Harvey has flooded at least five toxic Superfund sites	data/processed/pro_crisismmd/images/data_image/hurricane_harvey/4_9_2017/904572612520660992_0.jpg	infrastructure_and_utility_damage	not_humanitarian	False	0.45876218378543854	0.15749716386198997	0.45876218378543854	0.12908135680481791	0.024811198469251394	0.0607875376008451	0.30126501992344856	0.0012317146174609661	0.004628364142263308	0.019432540728303138	False	True	0.5026842355728149	0.024337345734238625	0.019906191155314445	0.030474530532956123	0.38977834582328796	0.0013965708203613758	0.0056012095883488655	0.025821475312113762	True	0.3269960284233093	0.4433133900165558	0.03952622041106224	0.15172655880451202	0.03572504222393036	0.000737146008759737	0.0017098278040066361	0.00026573697687126696
901671631549906946	Texas Faces Floods After Hurricane Harvey Wreaks Havoc	data/processed/pro_crisismmd/images/data_image/hurricane_harvey/27_8_2017/901671631549906946_0.jpg	infrastructure_and_utility_damage	not_humanitarian	False	0.458516426384449	0.22808758169412613	0.458516426384449	0.0730128763243556	0.06534226471558213	0.23042884469032288	0.13879404962062836	0.030716980414581485	0.002408716914942488	0.0007798587175784633	False	True	0.4801468849182129	0.05043375864624977	0.02777169458568096	0.24653340876102448	0.15214650332927704	0.040667835623025894	0.0013049995759502053	0.0009949362138286233	True	0.39362505078315735	0.1407502293586731	0.17805397510528564	0.18211515247821808	0.09873668849468231	0.0008644147892482579	0.005719868931919336	0.00013462622882798314
901809537828696064	Rockport, TX gas station damaged by HurricaneHarvey <via Jeff Gammons>	data/processed/pro_crisismmd/images/data_image/hurricane_harvey/27_8_2017/901809537828696064_0.jpg	infrastructure_and_utility_damage	vehicle_damage	False	0.4582313448190689	0.04582259617745876	0.08208873825242335	0.011176999745657668	0.002522546681575477	0.41240874864161015	0.03152958449209109	0.4582313448190689	0.0016708803887013346	0.00037117241981832194	False	True	0.1094295084476471	0.014732126146554947	0.0030067083425819874	0.5341712236404419	0.04162091761827469	0.2946796417236328	0.001867698272690177	0.0004921881482005119	True	6.642766675213352e-05	0.0005116205429658294	0.0010700616985559464	0.0471213236451149	0.0012555851135402918	0.9488864541053772	0.0010804267367348075	8.125234671751969e-06
904375138581446657	HCSO deputies are out in the Blackhorse subdivision still working high water rescues. Harvey	data/processed/pro_crisismmd/images/data_image/hurricane_harvey/3_9_2017/904375138581446657_0.jpg	rescue_volunteering_or_donation_effort	not_humanitarian	False	0.45647132582962513	0.12635700963437557	0.45647132582962513	0.03737849788740277	0.14122135611250997	0.012183088634628803	0.33011431619524956	0.0038945048581808805	0.002099752913636621	0.016637220076518133	False	True	0.5921407341957092	0.0026998277753591537	0.02456066571176052	0.003578908508643508	0.3741846978664398	0.0016384469345211983	0.00018591716070659459	0.0010108811547979712	True	0.04946310073137283	0.14141450822353363	0.4912034273147583	0.037995629012584686	0.19790317118167877	0.010662678629159927	0.0078412601724267	0.06351623684167862
9,19719E+17	San Diegans helping California wildfire victims sandiego	data/processed/pro_crisismmd/images/data_image/california_wildfires/16_10_2017/919719288377708545_0.jpg	rescue_volunteering_or_donation_effort	affected_individuals	False	0.45584334805607796	0.14122434705495834	0.3146190010011196	0.0030571316019631922	0.21244707703590393	0.0012306521603022702	0.45584334805607796	0.00010962853113483106	0.0020544798171613365	0.010638714469678234	False	True	0.2465929538011551	0.0016718266997486353	0.19683554768562317	0.0003365567827131599	0.5379714369773865	0.00014558914699591696	0.0022857156582176685	0.01416042447090149	True	0.5186971426010132	0.007213046308606863	0.2592816650867462	0.003912938293069601	0.2094590812921524	1.7466835515733692e-06	0.0013607722939923406	7.358446600846946e-05
9,18104E+17	Former pro Levi Leipheimer's house destroyed in California wildfires |	data/processed/pro_crisismmd/images/data_image/california_wildfires/11_10_2017/918103951488188416_0.jpg	infrastructure_and_utility_damage	affected_individuals	False	0.4558164179325104	0.20196843892335892	0.25384797900915146	0.018954490195028484	0.004084768588654697	0.19380481727421284	0.4558164179325104	0.0011347849576850422	0.007191111741121858	0.06516566895879805	False	True	0.22356244921684265	0.005622068885713816	0.002026645001024008	0.11595579236745834	0.5562609434127808	0.0014802837977185845	0.008590972051024437	0.0865008682012558	True	0.3447045683860779	0.05895175412297249	0.010259139351546764	0.4273518919944763	0.15448284149169922	9.828843758441508e-05	0.0029915308114141226	0.0011600712314248085
905164228327288834	The supplies for HurricaneHarvey relief are filling up our locker rooms! ChantsInTheCommunity	data/processed/pro_crisismmd/images/data_image/hurricane_harvey/5_9_2017/905164228327288834_3.jpg	rescue_volunteering_or_donation_effort	not_humanitarian	False	0.45182111114263535	0.0980515405535698	0.45182111114263535	0.0014313740248326212	0.35376957058906555	0.0010795333510031924	0.18932407908141613	0.0007295056634006869	0.000710094696842134	0.001134686011937447	False	True	0.5603742599487305	0.0017506435979157686	0.219926118850708	0.0013233303325250745	0.21366363763809204	0.0009717472130432725	0.0005266264779493213	0.0014635840198025107	True	0.12616166472434998	0.000473565305583179	0.7552999258041382	0.000348142406437546	0.1163054034113884	2.78101447293011e-06	0.0012604993535205722	0.00014799198834225535
904648502076170240	PhotosFromTheField: Marines saving Harvey survivors from the floods in Texas.	data/processed/pro_crisismmd/images/data_image/hurricane_harvey/4_9_2017/904648502076170240_2.jpg	rescue_volunteering_or_donation_effort	affected_individuals	False	0.45078835636377335	0.04908374324440956	0.14278128345904406	0.001249937376996968	0.4017046131193638	0.0006280219386098906	0.45078835636377335	5.411398865362571e-05	0.0020383516093716025	0.0007553547311545117	False	True	0.19019365310668945	0.0015505132032558322	0.2269199937582016	0.000756611640099436	0.5781991481781006	6.803384167142212e-05	0.0013125883415341377	0.000999501091428101	True	0.000544174516107887	0.0003482098982203752	0.9260584712028503	0.00024225283414125443	0.06855598092079163	1.2354429600236472e-05	0.004215641412883997	2.2915650333743542e-05
901721172961890304	"The hurricane ""Harvey"" in the USA: first victims and destructions - RIA Novosti, 8/27/20..."	data/processed/pro_crisismmd/images/data_image/hurricane_harvey/27_8_2017/901721172961890304_0.jpg	infrastructure_and_utility_damage	affected_individuals	False	0.4454464092850685	0.11091199889779091	0.3345344103872776	0.0618250880506821	0.062376865185797215	0.06714307400397956	0.4454464092850685	0.004640237835701555	0.02299755997955799	0.0010363664332544431	False	True	0.3671647310256958	0.002455461537465453	0.04972338303923607	0.009585150517523289	0.5520370006561279	0.005160853732377291	0.012793388217687607	0.001080045010894537	True	0.236643448472023	0.23993396759033203	0.10033731162548065	0.2398168444633484	0.12567463517189026	0.003078390145674348	0.053610075265169144	0.0009053307003341615
9,21023E+17	OutFront: As wildfires rage, California advocate fights for LGBTQ homeless youth	data/processed/pro_crisismmd/images/data_image/california_wildfires/19_10_2017/921023189739859968_0.jpg	not_humanitarian	affected_individuals	False	0.4442060589790344	0.02451195754110813	0.4196941014379263	0.004703434009570628	0.03513031825423241	0.02511809056159109	0.4442060589790344	0.0020846709730051316	0.010004429059335962	0.05905885828542523	False	True	0.5267575979232788	0.0032996952068060637	0.03213808685541153	0.03201138973236084	0.311681866645813	0.0027790884487330914	0.013206272386014462	0.0781259834766388	True	0.09850361198186874	0.008914650417864323	0.04410701245069504	0.0044381930492818356	0.8417786359786987	1.4185458212523372e-06	0.0003988990793004632	0.0018574827117845416
905036678913392645	Woman donates 30 litres of breast milk to Texas flood victims	data/processed/pro_crisismmd/images/data_image/hurricane_harvey/5_9_2017/905036678913392645_0.jpg	rescue_volunteering_or_donation_effort	affected_individuals	False	0.4429539032280445	0.12088119238615036	0.20427707629278302	0.0002755307541519869	0.32207271084189415	0.0006605660673812963	0.4429539032280445	0.0012884079981745344	0.023055067387758754	0.005416771688032895	False	True	0.2656632959842682	0.00024166791990865022	0.13317431509494781	0.000750577193684876	0.5614247918128967	0.0017172953812405467	0.030478769913315773	0.006549301091581583	True	0.020118417218327522	0.000377119256881997	0.8887678980827332	0.00039053268847055733	0.08754123747348785	1.7458489764976548e-06	0.0007839598110876977	0.0020191834773868322
904356959037661184	New UH/Harvey updates. Check your email, Coogs. 5B 1/2	data/processed/pro_crisismmd/images/data_image/hurricane_harvey/3_9_2017/904356959037661184_0.jpg	not_humanitarian	missing_or_found_people	False	0.442881233720982	0.03008790659805527	0.4127933271229267	0.0977979782037437	0.01741211321495939	0.0019277458195574582	0.026273930572642712	0.0007137111511354988	0.00019991793942608638	0.442881233720982	False	True	0.22517214715480804	0.12384332716464996	0.02312653325498104	0.001201895298436284	0.03497951850295067	0.0009514441480860114	0.00025141899823211133	0.5904736518859863	True	0.9756568670272827	0.019661931321024895	0.000268853094894439	0.0041052973829209805	0.00015716678171884269	5.121602839608386e-07	4.5414763008011505e-05	0.00010397922596894205
9,21455E+17	Couples Wed amid Deadly California Wildfires Video - - Topstories	data/processed/pro_crisismmd/images/data_image/california_wildfires/20_10_2017/921455402298019840_0.jpg	not_humanitarian	affected_individuals	False	0.44255879521369934	0.16003935039043427	0.2825194448232651	0.037462047999724746	0.026680326089262962	0.029082317370921373	0.44255879521369934	0.0005249532187008299	0.023739037103950977	0.15743307321099564	False	True	0.3381851315498352	0.004045878536999226	0.009367398917675018	0.01172228716313839	0.40181779861450195	0.0006781360134482384	0.025245757773518562	0.2089376151561737	True	0.11552238464355469	0.1377105563879013	0.0786191076040268	0.08116240799427032	0.5647817850112915	6.540483445860445e-05	0.019218875095248222	0.002919447375461459
904472503850082305	Waterway Section 4 of Commons of Lakr Houston was hit hard by the Flood Waters of Harvey	data/processed/pro_crisismmd/images/data_image/hurricane_harvey/3_9_2017/904472503850082305_0.jpg	infrastructure_and_utility_damage	not_humanitarian	False	0.440654088743031	0.20022880751639605	0.440654088743031	0.14050443936139345	0.004808789875824004	0.24042528122663498	0.1596026117913425	0.005805115913972259	0.000418086645368021	0.007781586355122272	False	True	0.5843649506568909	0.02608659490942955	0.0038856773171573877	0.161433607339859	0.20751339197158813	0.006138639524579048	0.00024461044813506305	0.010332557372748852	True	0.009521503001451492	0.48375797271728516	0.0075781275518238544	0.4774003028869629	0.015870271250605583	0.00480454508215189	0.0009385152370668948	0.00012867330224253237
9,20365E+17	Red Cross Responds to Deadly Wildfires in California RedCrossProud RedCrosser	data/processed/pro_crisismmd/images/data_image/california_wildfires/17_10_2017/920365004427354113_0.jpg	rescue_volunteering_or_donation_effort	not_humanitarian	False	0.4385360777378082	0.16602101176977158	0.4385360777378082	0.023812473053112626	0.27251506596803665	0.0021274325627018698	0.24840334244072437	0.00010563968544374802	0.013858312042430043	0.0006416635187633801	False	True	0.42040911316871643	0.010230774991214275	0.243207186460495	0.0004049619601573795	0.3117803931236267	0.0001390224788337946	0.013048126362264156	0.0007804521592333913	True	0.4929169714450836	0.06455756723880768	0.3604387044906616	0.0072948443703353405	0.058272190392017365	5.4913052736083046e-06	0.016288869082927704	0.00022529759735334665
9,21931E+17	Iran Muslim Who Set California Wildfires Burned American Flag At U.C. Berkeley Protest Is Fake News - ...	data/processed/pro_crisismmd/images/data_image/california_wildfires/22_10_2017/921930675527266304_0.jpg	not_humanitarian	affected_individuals	False	0.4384312778711319	0.10972035676240921	0.3287109211087227	0.03363632858963683	0.04126621689647436	0.03670954331755638	0.4384312778711319	0.00159596222511027	0.1064451839774847	0.013204502931330353	False	True	0.3488406836986542	0.0017808934208005667	0.04200189933180809	0.01074139028787613	0.46037355065345764	0.0018086795462295413	0.13199372589588165	0.002459126291796565	True	0.2683216333389282	0.12920263409614563	0.039059169590473175	0.11461400240659714	0.37260445952415466	0.0009578102617524564	0.029799558222293854	0.04544063284993172
9,21036E+17	Peanuts' Comic Strip Creator's Home Destroyed in California Wildfires' cbnnews	data/processed/pro_crisismmd/images/data_image/california_wildfires/19_10_2017/921035789684871168_0.jpg	infrastructure_and_utility_damage	not_humanitarian	False	0.43808694183826447	0.22311820089817047	0.43808694183826447	0.12214861810207367	0.01416215137578547	0.214968740940094	0.18549755588173866	0.007540478341070411	0.014246460050344467	0.0033490662899566814	False	True	0.42146414518356323	0.11506375670433044	0.011439965106546879	0.22785602509975433	0.19661082327365875	0.010036665946245193	0.016816942021250725	0.0007117139757610857	True	0.48795533180236816	0.14340320229530334	0.022328710183501244	0.17630688846111298	0.1521577537059784	5.19155255460646e-05	0.006535014137625694	0.011261123232543468
905052168721506304	Marylanders stepping up to help Harvey Homeless.	data/processed/pro_crisismmd/images/data_image/hurricane_harvey/5_9_2017/905052168721506304_0.jpg	rescue_volunteering_or_donation_effort	affected_individuals	False	0.43763352185487747	0.037210576236248016	0.15926211327314377	0.0006501290627056733	0.40042294561862946	0.0004946522240061313	0.43763352185487747	0.00019149263550843898	0.0008225129713537171	0.0005226878492976539	False	True	0.17671078443527222	0.0005060034454800189	0.4373112618923187	0.000192687613889575	0.3834597170352936	0.00025474722497165203	0.0009385781595483422	0.0006262924871407449	True	0.10691609978675842	0.0010825059143826365	0.28975799679756165	0.0014005460543558002	0.6001549363136292	1.7288671187998261e-06	0.0004743174067698419	0.00021187393576838076
901792186030637057	Historic, catastrophic flooding underway in Houston from Tropical Storm Harvey	data/processed/pro_crisismmd/images/data_image/hurricane_harvey/27_8_2017/901792186030637057_0.jpg	infrastructure_and_utility_damage	not_humanitarian	False	0.4363272897899151	0.24267137017159257	0.4363272897899151	0.1821974078193307	0.03870023344643414	0.11838583461940289	0.0273463549092412	0.19365591961832251	0.0013646992010762915	0.002022287342697382	False	True	0.5260747075080872	0.05904911085963249	0.0042997440323233604	0.12534505128860474	0.024116218090057373	0.2579038739204407	0.0007158781518228352	0.002495440421625972	True	0.16708503663539886	0.5516422986984253	0.14190170168876648	0.09750818461179733	0.03703676536679268	0.0009120567119680345	0.0033111623488366604	0.0006028281059116125
9,21438E+17	Miracle Kitten Who Survived California Wildfire Gets Rescued!	data/processed/pro_crisismmd/images/data_image/california_wildfires/20_10_2017/921438146880978944_0.jpg	rescue_volunteering_or_donation_effort	not_humanitarian	False	0.4355221539735794	0.2087765522301197	0.4355221539735794	0.06458820251282305	0.2267456017434597	0.0167904386180453	0.17123708873987198	0.0009294747324020136	0.05439992970786989	0.029787093168124557	False	True	0.5278689861297607	0.004707552958279848	0.17515312135219574	0.002630137139931321	0.18225134909152985	0.001204425236210227	0.0696319043636322	0.03655247390270233	True	0.1584816575050354	0.24423015117645264	0.3815230429172516	0.05927134305238724	0.13819430768489838	0.00010462322097737342	0.008704005740582943	0.009490950964391232
9,19711E+17	Check out this shark swimming through the California streets during the wildfires. Crazy.	data/processed/pro_crisismmd/images/data_image/california_wildfires/15_10_2017/919711032242835456_0.jpg	not_humanitarian	vehicle_damage	False	0.43537265302438755	0.19141272369597573	0.24395992932841182	0.105786242056638	0.010838263435289264	0.17233141139149666	0.022391303558833897	0.43537265302438755	0.0023758410243317485	0.006944382796064019	False	True	0.3153519332408905	0.01793818734586239	0.007991847582161427	0.065971240401268	0.003763922955840826	0.5802466869354248	0.002671284833922982	0.006064947694540024	True	0.02978391759097576	0.36933040618896484	0.019377510994672775	0.4914119243621826	0.07827344536781311	0.0007505512912757695	0.0014895095955580473	0.009582688100636005
9,20636E+17	Iconic $17m 'Glass House' mansion burnt to the ground in killer California wildfires	data/processed/pro_crisismmd/images/data_image/california_wildfires/18_10_2017/920635671353667586_0.jpg	infrastructure_and_utility_damage	other_relevant_information	False	0.43427299708127975	0.0036383122205734253	0.08347738906741142	0.43427299708127975	0.002337664052902255	0.43063468486070633	0.03901718044653535	0.003583964193239808	0.005423581111244857	0.0012526026694104075	False	True	0.08722382038831711	0.5134276747703552	0.0002168670471291989	0.3813793361186981	0.012137247249484062	0.0038492956664413214	0.0011330903507769108	0.0006327610462903976	True	0.07223809510469437	0.19680896401405334	0.008700055070221424	0.578400731086731	0.11965698003768921	0.002787969773635268	0.018295053392648697	0.0031121275387704372
901738214456606720	WATCH: Tornado Spawned from Tropical Storm Harvey Strikes NW Houston Patriot	data/processed/pro_crisismmd/images/data_image/hurricane_harvey/27_8_2017/901738214456606720_0.jpg	other_relevant_information	not_humanitarian	False	0.43407610803842545	0.23660006560385227	0.43407610803842545	0.19747604243457317	0.012499735690653324	0.060859485529363155	0.06671411031857133	0.11582199227268575	0.0026679313741624355	0.10988462489331141	False	True	0.5220773220062256	0.06149599701166153	0.011349901556968689	0.019494477659463882	0.08233894407749176	0.15428189933300018	0.0029014612082391977	0.1460600197315216	True	0.17007246613502502	0.6054161787033081	0.01594923809170723	0.18495450913906097	0.019839609041810036	0.00044227109174244106	0.001967341871932149	0.0013584403786808252
901646496004800513	Flooding in Bellaire. HurricaneHarvey	data/processed/pro_crisismmd/images/data_image/hurricane_harvey/27_8_2017/901646496004800513_0.jpg	infrastructure_and_utility_damage	not_humanitarian	False	0.4305272102355957	0.1739765042439103	0.4305272102355957	0.07199787651188672	0.011990088503807783	0.09247002936899662	0.2565507059916854	0.12042258691508323	0.0005650319326377939	0.01547646668041125	False	True	0.39241939783096313	0.012597217224538326	0.003285961225628853	0.08067799359560013	0.3313777446746826	0.15883128345012665	0.00020644710457418114	0.02060391940176487	True	0.5448506474494934	0.2501998543739319	0.038102470338344574	0.1278461366891861	0.03206958994269371	0.005196497309952974	0.0016407864168286324	9.410851635038853e-05
9,17916E+17	Northern California wildfires this week have destroyed at least seven marijuana farms	data/processed/pro_crisismmd/images/data_image/california_wildfires/11_10_2017/917915816615731201_0.jpg	infrastructure_and_utility_damage	not_humanitarian	False	0.429797999560833	0.1241880115121603	0.429797999560833	0.17235554475337267	0.00603893434163183	0.3056099880486727	0.06532830651849508	0.00487902050736011	0.015078554977662861	0.0009116472938330844	False	True	0.47879159450531006	0.041985031217336655	0.00474005239084363	0.3765465021133423	0.07096682488918304	0.006480786949396133	0.019698040559887886	0.0007911683642305434	True	0.28281721472740173	0.5634670853614807	0.00993558019399643	0.09280044585466385	0.0484127514064312	7.372118125203997e-05	0.0012200982309877872	0.0012730840826407075
905133260526714880	97 Turks in Texas care F Turkish-Americans continue helping those who were affected by Harvey F	data/processed/pro_crisismmd/images/data_image/hurricane_harvey/5_9_2017/905133260526714880_1.jpg	rescue_volunteering_or_donation_effort	affected_individuals	False	0.4286209996789694	0.08358136378228664	0.21494582667946815	0.0007969562793732621	0.34503963589668274	0.0027772556932177395	0.4286209996789694	0.00016607686021075097	0.005413241742644459	0.0022400514208129607	False	True	0.18308918178081512	0.0004187966405879706	0.2695976495742798	0.0033878448884934187	0.5341103672981262	0.00022101699141785502	0.00623381556943059	0.0029413618613034487	True	0.31051576137542725	0.0019314351957291365	0.5713655948638916	0.0009454881073907018	0.11215289682149887	1.2564665894387872e-06	0.002951520262286067	0.00013612009934149683
9,2011E+17	Smoke smolders from a wildfire-ravaged home in Sonoma, California. (Marcio Jose Sanchez/AP Photo)	data/processed/pro_crisismmd/images/data_image/california_wildfires/17_10_2017/920110234433146880_0.jpg	infrastructure_and_utility_damage	not_humanitarian	False	0.42644386319443583	0.1798239233903587	0.42644386319443583	0.07763192895799875	0.002833050210028887	0.24661993980407715	0.16014205291867256	0.06436477694660425	0.020244223531335592	0.0017201727605424821	False	True	0.567063570022583	0.05242542549967766	0.002077232114970684	0.15277045965194702	0.12801717221736908	0.07178612798452377	0.023832112550735474	0.0020279271993786097	True	0.004584742709994316	0.15325143933296204	0.005100504495203495	0.5281683802604675	0.256516695022583	0.04210072383284569	0.009480556473135948	0.0007969094440340996
9,22425E+17	A vicious fire ripping through a home in California	data/processed/pro_crisismmd/images/data_image/california_wildfires/23_10_2017/922425403746242561_0.jpg	infrastructure_and_utility_damage	not_humanitarian	False	0.42635357749531977	0.11889043447445147	0.42635357749531977	0.020891115767881274	0.0028711746563203633	0.23295814264565706	0.3074631430208683	0.0005747736286139116	0.004686533415224403	0.004201547966658836	False	True	0.5684247612953186	0.014356774277985096	0.0026436373591423035	0.031539347022771835	0.37147003412246704	0.00025022163754329085	0.005714075174182653	0.005601183045655489	True	0.0001400260953232646	0.04049414023756981	0.0035537865478545427	0.8372145295143127	0.11544246971607208	0.0015484296018257737	0.0016039081383496523	2.642729668878019e-06
904807213927206912	Houston neighborhoods deep in HarveyRecovery txlege harvey	data/processed/pro_crisismmd/images/data_image/hurricane_harvey/4_9_2017/904807213927206912_2.jpg	infrastructure_and_utility_damage	affected_individuals	False	0.4218961615115404	0.11276190541684628	0.30913425609469414	0.015722253127023578	0.1539427968673408	0.05662200506776571	0.4218961615115404	0.0001089512588805519	0.014742457642569207	0.027831131164020917	False	True	0.19634665548801422	0.008459244854748249	0.1950722485780716	0.008385885506868362	0.5351179242134094	9.475403930991888e-05	0.01942642219364643	0.037096861749887466	True	0.6474970579147339	0.037511277943849564	0.03055444173514843	0.20133036375045776	0.08223087340593338	0.00015154291759245098	0.0006905639893375337	3.393940642126836e-05
9,17827E+17	California Wildfires: How Climate Change Could Make The Problem Worse	data/processed/pro_crisismmd/images/data_image/california_wildfires/10_10_2017/917827102308671488_0.jpg	not_humanitarian	other_relevant_information	False	0.42140117287635803	0.07613785564899445	0.3452633172273636	0.42140117287635803	0.009052524343132973	0.10198936425149441	0.08731028623878956	0.01829248419880969	0.0013307616172824055	0.015360056144345435	False	True	0.30858248472213745	0.41775941848754883	0.010578827001154423	0.10814479738473892	0.10847046971321106	0.02438381128013134	0.001605021534487605	0.020475169643759727	True	0.455305814743042	0.43232643604278564	0.004473616369068623	0.08352306485176086	0.023829735815525055	1.850295484473463e-05	0.0005079818656668067	1.4715646102558821e-05
905063992347021313	. asking Austinites to donate toys for Harvey evacuees	data/processed/pro_crisismmd/images/data_image/hurricane_harvey/5_9_2017/905063992347021313_0.jpg	rescue_volunteering_or_donation_effort	affected_individuals	False	0.421308446675539	0.10374918207526207	0.2455475740134716	0.0006419061537599191	0.31755926460027695	0.00017041601313394494	0.421308446675539	3.371640082150407e-05	0.013181092508602887	0.0015575815632473677	False	True	0.22662805020809174	0.0002675807918421924	0.2512427270412445	0.0001288250059587881	0.5036687850952148	4.3341759010218084e-05	0.01728874258697033	0.0007319330470636487	True	0.3023061454296112	0.0017648822395130992	0.5165088772773743	0.0002951890346594155	0.17422743141651154	4.840326255362015e-06	0.0008581422735005617	0.004034527111798525
905123257518505984	Denver Bars and Restaurants Hosting More Hurricane Harvey Fundraisers Denver	data/processed/pro_crisismmd/images/data_image/hurricane_harvey/5_9_2017/905123257518505984_0.jpg	rescue_volunteering_or_donation_effort	affected_individuals	False	0.4209812767803669	0.05851910635828972	0.3624621704220772	0.012455878182663582	0.1972651481628418	0.003089749690843746	0.4209812767803669	2.085773303406313e-05	0.003384419935173355	0.0003405143434065394	False	True	0.32718130946159363	0.0005519183469004929	0.1383988857269287	0.0010370739037171006	0.528197705745697	2.0378889530547895e-05	0.00434957817196846	0.0002631555253174156	True	0.46830475330352783	0.04816775768995285	0.37386393547058105	0.009247777052223682	0.09933198988437653	2.229426354460884e-05	0.0004889452247880399	0.0005725907976739109
9,20224E+17	Ray Signorello Jr vows to rebuild after losing his winery building in the California fires	data/processed/pro_crisismmd/images/data_image/california_wildfires/17_10_2017/920224382672343041_0.jpg	infrastructure_and_utility_damage	affected_individuals	False	0.42008935287594795	0.006337907165288925	0.413751445710659	0.05202775332145393	0.014218010706827044	0.08110695146024227	0.42008935287594795	0.0003328157954456401	0.01015556784113869	0.00831818710139487	False	True	0.39764368534088135	0.013504439033567905	0.008101106621325016	0.046864040195941925	0.5098099708557129	0.0004308536008466035	0.012861507944762707	0.010784497484564781	True	0.46207472681999207	0.167597696185112	0.03256872296333313	0.1838356852531433	0.15092749893665314	3.8702379242749885e-05	0.0020377475302666426	0.000919255951885134
9,19744E+17	Firefighters gain edge in battle with deadly California blazes USNews USRC	data/processed/pro_crisismmd/images/data_image/california_wildfires/16_10_2017/919743573347717120_0.jpg	rescue_volunteering_or_donation_effort	affected_individuals	False	0.41960666002705693	0.15518168779090047	0.26442497223615646	0.05828209710307419	0.12534126080572605	0.029599239816889167	0.41960666002705693	0.003240623147576116	0.08960255375131965	0.009902606176183326	False	True	0.1637125313282013	0.0019010519608855247	0.14290091395378113	0.009551522321999073	0.5505253672599792	0.004300398752093315	0.11394684761762619	0.013161391019821167	True	0.566562294960022	0.2274252325296402	0.07266230136156082	0.08974239230155945	0.026850538328289986	6.129633402451873e-05	0.016569672152400017	0.0001262516452698037
9,1997E+17	GuyFieri Brings Aid to California Wildfire Victims via	data/processed/pro_crisismmd/images/data_image/california_wildfires/16_10_2017/919969988437512192_0.jpg	not_humanitarian	rescue_volunteering_or_donation_effort	False	0.4194873869419098	0.0075325146317481995	0.14782344456762075	0.0018851071217795834	0.4194873869419098	0.0008217563590733334	0.4119548723101616	0.006973081439582529	0.0022302239085547626	0.008824118653137702	False	True	0.01612185314297676	0.000853064761031419	0.46405571699142456	0.00024536537239328027	0.4954681098461151	0.009296071715652943	0.0022442173212766647	0.011715583503246307	True	0.5429282188415527	0.0049812342040240765	0.2857823967933655	0.002550929319113493	0.16141515970230103	4.110611371288542e-06	0.002188243670389056	0.00014972410281188786
904841029240610816	Many doubt US emergency agency will help Harvey victims	data/processed/pro_crisismmd/images/data_image/hurricane_harvey/4_9_2017/904841029240610816_0.jpg	rescue_volunteering_or_donation_effort	not_humanitarian	False	0.41764210164546967	0.08389720320701599	0.41764210164546967	0.00623465096578002	0.3337448984384537	0.002602495427709073	0.2214391566812992	0.0020721672258332546	0.010728060500696301	0.005536485739867203	False	True	0.4057401716709137	0.004143163561820984	0.2991098463535309	0.0022970647551119328	0.2667400538921356	0.0027586419600993395	0.012088063172996044	0.0071230120956897736	True	0.4533478915691376	0.012509113177657127	0.43765005469322205	0.003518787445500493	0.08553646504878998	1.2743023035000078e-05	0.006648052483797073	0.0007769066723994911
901800726795616256	Big flooding in Rosenberg, TX. harvey (8: )	data/processed/pro_crisismmd/images/data_image/hurricane_harvey/27_8_2017/901800726795616256_0.jpg	infrastructure_and_utility_damage	other_relevant_information	False	0.4168853387236595	0.01377558708190918	0.40310975164175034	0.4168853387236595	0.024314409121870995	0.06858543027192354	0.06079974677413702	0.023597645573318005	0.0020531152476905845	0.00065458012977615	False	True	0.43950602412223816	0.4092171788215637	0.0019976869225502014	0.06166506186127663	0.06475836783647537	0.022349029779434204	0.00034454165142960846	0.00016210973262786865	True	0.29392093420028687	0.4398898184299469	0.09126457571983337	0.08934653550386429	0.048923883587121964	0.027343492954969406	0.007178836036473513	0.002131991321220994
9,21377E+17	Stetina riding with California wildfires on his mind at Tour of Guangxi |	data/processed/pro_crisismmd/images/data_image/california_wildfires/20_10_2017/921376565237305346_0.jpg	not_humanitarian	missing_or_found_people	False	0.41270326226367615	0.0875979192496743	0.32510534301400185	0.06554178870283067	0.04863028507679701	0.03801654605194926	0.07808015658520162	0.00163372905626602	0.03028891747817397	0.41270326226367615	False	True	0.22683577239513397	0.005400185473263264	0.052490778267383575	0.025093289092183113	0.10100624710321426	0.0021460959687829018	0.037205636501312256	0.5498220324516296	True	0.6199140548706055	0.2459665983915329	0.03704880550503731	0.07678631693124771	0.009301885031163692	9.662831871537492e-05	0.009538760408759117	0.0013469516998156905
904516911391805440	Residents in Harvey's path return to find devastation at their doorsteps.	data/processed/pro_crisismmd/images/data_image/hurricane_harvey/4_9_2017/904516911391805440_0.jpg	infrastructure_and_utility_damage	not_humanitarian	False	0.41270058532245457	0.01900949259288609	0.41270058532245457	0.016646961274091154	0.00669690768700093	0.14620476588606834	0.3936910927295685	0.0060638882017656215	0.008147969136189204	0.00984785647233366	False	True	0.5468063354492188	0.02136460319161415	0.006680438760668039	0.14165443181991577	0.2515859603881836	0.008082837797701359	0.010713945142924786	0.013111486099660397	True	0.010383334942162037	0.0024940355215221643	0.006746314465999603	0.15985576808452606	0.8200064897537231	7.039413958409568e-06	0.000450041115982458	5.696759035345167e-05
9,17817E+17	Wildfires sweep through California wine country	data/processed/pro_crisismmd/images/data_image/california_wildfires/10_10_2017/917817013409583106_0.jpg	infrastructure_and_utility_damage	not_humanitarian	False	0.41138023138046265	0.07548023946583271	0.41138023138046265	0.1608242904767394	0.008472598565276712	0.07283177971839905	0.33589999191462994	0.0017977210236495011	0.007380253402516246	0.001413069614500273	False	True	0.4348176419734955	0.051897693425416946	0.003372562350705266	0.06821810454130173	0.42905405163764954	0.002377666998654604	0.008420088328421116	0.001842115307226777	True	0.34106799960136414	0.4876040816307068	0.02377270720899105	0.08667280524969101	0.056437812745571136	5.788309863419272e-05	0.004260748624801636	0.00012593253632076085
9,20168E+17	California Fires Leave 32 Dead, a Vast Landscape Charred, and a Sky Full of Soot	data/processed/pro_crisismmd/images/data_image/california_wildfires/17_10_2017/920167628303491073_0.jpg	injured_or_dead_people	missing_or_found_people	False	0.4102568026210065	0.23184787254285766	0.16659881174564362	0.1281031226972118	0.0046777454554103315	0.06954597466392443	0.03823814354836941	0.0041704332834342495	0.17840893007814884	0.4102568026210065	False	True	0.17071795463562012	0.006629239302128553	0.0025506422389298677	0.002981411525979638	0.030331872403621674	0.005396733991801739	0.2345150113105774	0.5468770861625671	True	0.1542413830757141	0.49252477288246155	0.011059055104851723	0.2692396640777588	0.06195695698261261	0.0004915311583317816	0.01009068638086319	0.0003959519963245839
904207083066855425	Join in supporting those affected by HurricaneHarvey. HoustonStrong	data/processed/pro_crisismmd/images/data_image/hurricane_harvey/3_9_2017/904207083066855425_0.jpg	rescue_volunteering_or_donation_effort	not_humanitarian	False	0.4069891571998596	0.05661061033606529	0.4069891571998596	0.0010532800806686282	0.23402800783514977	0.0011638651703833602	0.3503785468637943	0.0008673904091480722	0.0013240408661658876	0.0041957381090469426	False	True	0.2678458094596863	0.001220356090925634	0.2576221227645874	0.0014048825250938535	0.46353280544281006	0.001156386686488986	0.0016507402760908008	0.005566904321312904	True	0.8244192004203796	0.0005520520498976111	0.16324566304683685	0.0004408131062518805	0.010915771126747131	4.015771253307321e-07	0.00034394263639114797	8.223947224905714e-05
904830090386735105	The effects of Harvey...	data/processed/pro_crisismmd/images/data_image/hurricane_harvey/4_9_2017/904830090386735105_0.jpg	infrastructure_and_utility_damage	affected_individuals	False	0.4065825941506773	0.005815748358145356	0.40076684579253197	0.007069280720315874	0.03752772696316242	0.10655539575964212	0.4065825941506773	0.03932099265875877	0.0020581714634317905	0.00011897171498276293	False	True	0.22856630384922028	0.0020117745734751225	0.04541049152612686	0.13095025718212128	0.538228452205658	0.052408911287784576	0.0022698557004332542	0.00015394031652249396	True	0.917368471622467	0.022241799160838127	0.013879433274269104	0.033370811492204666	0.011645019985735416	5.7236771681346e-05	0.0014231187524273992	1.4065910363569856e-05
904823150818594816	Thank you, . for loving on ALL children! LoveLoveLove Harvey	data/processed/pro_crisismmd/images/data_image/hurricane_harvey/4_9_2017/904823150818594816_0.jpg	not_humanitarian	affected_individuals	False	0.4060815363191068	0.11588396085426211	0.2901975754648447	0.0004309453142923303	0.01670891814865172	0.0004156832364969887	0.4060815363191068	1.4371910111776742e-05	0.006393918418325484	0.27975704722484807	False	True	0.07289444655179977	0.00011857898789457977	0.013884340412914753	0.0003995859296992421	0.5320079922676086	1.868467552412767e-05	0.007735261227935553	0.37294110655784607	True	0.9421069622039795	0.0013680442934855819	0.025182651355862617	0.0004639751568902284	0.02830216847360134	1.4336138747239602e-06	0.0023698899894952774	0.0002048692258540541
9,17846E+17	Photos show how wildfires are ravaging parts of California's wine country	data/processed/pro_crisismmd/images/data_image/california_wildfires/10_10_2017/917846485965959168_0.jpg	infrastructure_and_utility_damage	not_humanitarian	False	0.40495238080620766	0.1624426245689392	0.40495238080620766	0.24250975623726845	0.010369419818744063	0.08542802184820175	0.2380866128951311	0.00879634734155843	0.003990538883954287	0.00586696179016144	False	True	0.48843714594841003	0.15433822572231293	0.0105500603094697	0.028930485248565674	0.294948011636734	0.01160860899835825	0.0034414022229611874	0.00774612370878458	True	0.15449808537960052	0.507024347782135	0.009827498346567154	0.25492063164711	0.06750241667032242	0.0003595623711589724	0.005637948866933584	0.0002294760342920199
904271888066674688	Hurricane Harvey Liberty Fire Department Receives Life Supporting Supplies	data/processed/pro_crisismmd/images/data_image/hurricane_harvey/3_9_2017/904271888066674688_1.jpg	rescue_volunteering_or_donation_effort	not_humanitarian	False	0.40394104714505374	0.04157298500649631	0.40394104714505374	0.0011458554945420474	0.36236806213855743	0.0005291330453474075	0.21623670449480414	6.178784212806931e-05	0.013247322494862601	0.002470056599122472	False	True	0.5352636575698853	0.00099430070258677	0.16232573986053467	0.0006088016089051962	0.2805973291397095	8.044689457165077e-05	0.017051134258508682	0.0030785684939473867	True	0.009973215870559216	0.0016005198704078794	0.9624950289726257	0.00029012735467404127	0.023154830560088158	5.810684797324939e-06	0.0018358872039243579	0.0006445209146477282
9,20319E+17	Crews search rubble for California fire victims TheSift	data/processed/pro_crisismmd/images/data_image/california_wildfires/17_10_2017/920318835072389120_0.jpg	rescue_volunteering_or_donation_effort	not_humanitarian	False	0.40298088639974594	0.15693705156445503	0.40298088639974594	0.030015897238627076	0.2460438348352909	0.07848070003092289	0.05387474875897169	0.00033113516838056967	0.1818599095568061	0.006412873859517276	False	True	0.48646193742752075	0.009232374839484692	0.21130992472171783	0.010775022208690643	0.04380608722567558	0.00034813955426216125	0.23135440051555634	0.006712092086672783	True	0.1525377333164215	0.09236646443605423	0.35024556517601013	0.28159773349761963	0.08408073335886002	0.0002801220107357949	0.033376436680555344	0.0055152191780507565
904601210103181312	Van Buren Duo Helps With Hurricane Harvey Relief	data/processed/pro_crisismmd/images/data_image/hurricane_harvey/4_9_2017/904601210103181312_0.jpg	rescue_volunteering_or_donation_effort	not_humanitarian	False	0.40268169343471527	0.18565045669674873	0.40268169343471527	0.003563055390259251	0.21703123673796654	0.0014326339005492628	0.08187584113329649	0.15377903490525568	0.023116633004974574	0.11651985577555024	False	True	0.4509691596031189	0.004191857296973467	0.05796433985233307	0.0011133202351629734	0.09478717297315598	0.20503181219100952	0.030642163008451462	0.15530017018318176	True	0.2578192949295044	0.0016766496701166034	0.6942319273948669	0.002390574896708131	0.04314184561371803	2.0703047994174995e-05	0.00054004299454391	0.00017891255265567452
9,1801E+17	Fast-moving wildfires devour buildings, spur evacuations in Northern California	data/processed/pro_crisismmd/images/data_image/california_wildfires/11_10_2017/918009550409752576_0.jpg	infrastructure_and_utility_damage	not_humanitarian	False	0.4024565387517214	0.09461897052824497	0.4024565387517214	0.14720715209841728	0.008116160053759813	0.12355896644294262	0.3078375682234764	0.0004968711436958984	0.0036986372724641114	0.006628077127970755	False	True	0.5003683567047119	0.07253395020961761	0.0066317301243543625	0.014048762619495392	0.392526775598526	0.0006121961050666869	0.0044709742069244385	0.008807200007140636	True	0.10872108489274979	0.3712267577648163	0.012569449841976166	0.4520895779132843	0.05376994609832764	0.0001508962595835328	0.0013816264690831304	9.070849046111107e-05
904222283207725056	"thehill: Trump on response to Hurricane Harvey: ""As tough as this was, it has been a wonderful thing"""	data/processed/pro_crisismmd/images/data_image/hurricane_harvey/3_9_2017/904222283207725056_0.jpg	other_relevant_information	affected_individuals	False	0.4022066444158554	0.06573035940527916	0.16101553104817867	0.0661034489312442	0.33647628501057625	0.00443175825785147	0.4022066444158554	1.4937889545763028e-05	0.024045199970714748	0.005706186573661398	False	True	0.11180875450372696	0.0005397372297011316	0.37160661816596985	3.6535406252369285e-05	0.47808748483657837	1.1732382517948281e-05	0.030444856733083725	0.007464270107448101	True	0.3086358606815338	0.2627945840358734	0.23108528554439545	0.017617426812648773	0.17456412315368652	2.455441062920727e-05	0.004846229683607817	0.00043193597230128944
9,19754E+17	pro Football Club raises Funds for California Fire:	data/processed/pro_crisismmd/images/data_image/california_wildfires/16_10_2017/919753721113956353_0.jpg	not_humanitarian	affected_individuals	False	0.4020164795219898	0.12981112257693894	0.15611552633345127	0.0038004522066330537	0.1487094024196267	0.006681716651655734	0.4020164795219898	0.00010454082939759246	0.01036651711910963	0.2722053569450509	False	True	0.08586802333593369	0.0004963998799212277	0.05461258813738823	0.003961536567658186	0.4819863438606262	0.00013522371591534466	0.010339910164475441	0.3625999689102173	True	0.36685803532600403	0.013712609186768532	0.43099984526634216	0.014842256903648376	0.16210688650608063	1.2492169844335876e-05	0.0104463379830122	0.0010215210495516658
9,2303E+17	Firefighters Quickly Contain Clifftop Brush Fire S.F:	data/processed/pro_crisismmd/images/data_image/california_wildfires/25_10_2017/923030194096656384_0.jpg	rescue_volunteering_or_donation_effort	not_humanitarian	False	0.4009377434849739	0.047819532454013824	0.4009377434849739	0.3531182110309601	0.06042137183248997	0.03839661320671439	0.024541065096855164	0.02872999486316985	0.010984636610373855	0.0828703244915232	False	True	0.4019196033477783	0.3630012571811676	0.031754471361637115	0.02340264804661274	0.0227512139827013	0.03828060254454613	0.010323856957256794	0.1085662692785263	True	0.39799216389656067	0.3234690725803375	0.14642207324504852	0.08337850868701935	0.02991061843931675	7.817181904101744e-05	0.012966975569725037	0.0057824901305139065
905161032879837184	Harvey Flooding Uncovers Secret Stash Of Ammo Hidden By Obama Administration	data/processed/pro_crisismmd/images/data_image/hurricane_harvey/5_9_2017/905161032879837184_0.jpg	not_humanitarian	infrastructure_and_utility_damage	False	0.3992314338684082	0.022386804223060608	0.3768446296453476	0.07046343851834536	0.04362364218104631	0.3992314338684082	0.03398451884277165	0.040738173527643085	0.028542702493723482	0.0065714375814422965	False	True	0.38837066292762756	0.02342304214835167	0.003924550022929907	0.47897636890411377	0.014268777333199978	0.05271703004837036	0.03697722777724266	0.0013422933407127857	True	0.3422665297985077	0.21158462762832642	0.1627209186553955	0.1599966287612915	0.09313174337148666	0.004801603965461254	0.003239126643165946	0.02225887030363083
904724083966955521	"Losses from the hurricane ""Harvey"" estimate at 150-180 billion dollars"	data/processed/pro_crisismmd/images/data_image/hurricane_harvey/4_9_2017/904724083966955521_0.jpg	infrastructure_and_utility_damage	not_humanitarian	False	0.39839743822813034	0.08033964782953262	0.39839743822813034	0.021281585562974215	0.021316341124475002	0.3180577903985977	0.17317611956968904	0.06310322633362375	0.004028507100883871	0.0006389713707903866	False	True	0.306281179189682	0.014397507533431053	0.025118513032794	0.3403414487838745	0.2244417369365692	0.08408165723085403	0.004499015398323536	0.000838882231619209	True	0.6747462153434753	0.0419338196516037	0.009909825399518013	0.25120681524276733	0.0193792674690485	0.00016793364193290472	0.0026169822085648775	3.9238788303919137e-05
904697532483342336	Guild members & LM Otero take to the skies to cover Harvey. weareAP	data/processed/pro_crisismmd/images/data_image/hurricane_harvey/4_9_2017/904697532483342336_0.jpg	not_humanitarian	rescue_volunteering_or_donation_effort	False	0.39705190621316433	0.14453107556619216	0.22386700846254826	0.027413679170422256	0.39705190621316433	0.012513835295976605	0.05975538771599531	0.00016132121595546778	0.026716022577602416	0.25252083064697217	False	True	0.07670509070158005	0.0033485167659819126	0.5046287178993225	0.0003086158831138164	0.04355436936020851	0.00021014889352954924	0.03457534313201904	0.3366691768169403	True	0.6653527617454529	0.09960916638374329	0.07432147115468979	0.04912949353456497	0.10835844278335571	1.483818323322339e-05	0.003138060914352536	7.5792137067765e-05
904528601567158273	I'm not saying it's true... I'm not saying it's not... You never know. Houston HurricaneHarvey	data/processed/pro_crisismmd/images/data_image/hurricane_harvey/4_9_2017/904528601567158273_0.jpg	not_humanitarian	other_relevant_information	False	0.3955422344733961	0.0465129132498987	0.3490293212234974	0.3955422344733961	0.0006518876616610214	0.014099090491072275	0.0020697744330391288	0.00018727136405516376	0.0011379810421203729	0.2372824289250275	False	True	0.13386164605617523	0.5266698598861694	0.000662781938444823	0.01853054016828537	0.00220627267844975	0.0002494588843546808	0.0014636855339631438	0.31635576486587524	True	0.9945323467254639	0.00215935823507607	0.0006192048313096166	0.0008047414594329894	0.0016602796968072653	7.088031566127029e-07	0.00016086756659206003	6.24211024842225e-05
904388987892228096	UIL Eligibility of Students Displaced by HurricaneHarvey PRESS RELEASE:	data/processed/pro_crisismmd/images/data_image/hurricane_harvey/3_9_2017/904388987892228096_0.jpg	other_relevant_information	not_humanitarian	False	0.39454424753785133	0.0952665745280683	0.39454424753785133	0.29927767300978303	0.015229694778099656	0.0019451572152320296	0.21122362976893783	0.00015404050463985186	0.0011524206056492403	0.07647316053044051	False	True	0.47278088331222534	0.3905033469200134	0.007862704806029797	0.0012622930807992816	0.025839226320385933	0.00019443461496848613	0.0008757267496548593	0.10068140178918839	True	0.1598343402147293	0.025600651279091835	0.037330664694309235	0.0039937496185302734	0.7673768401145935	3.285817365394905e-05	0.0019825021736323833	0.0038484367541968822
9,19612E+17	California Wildfires: Housing Markets Will Likely Feel Devastating Effects for Years	data/processed/pro_crisismmd/images/data_image/california_wildfires/15_10_2017/919611976220737536_0.jpg	infrastructure_and_utility_damage	not_humanitarian	False	0.3936496749520302	0.1493130475282669	0.3936496749520302	0.18237705901265144	0.0018065868935082108	0.24433662742376328	0.16162483766674995	0.007411297101953096	0.007527071516960859	0.0012668517456404516	False	True	0.4823378622531891	0.14638973772525787	0.001091260346584022	0.20801573991775513	0.14077869057655334	0.009874114766716957	0.009840047918260098	0.0016725440509617329	True	0.12758511304855347	0.29033902287483215	0.003952566534280777	0.3532992899417877	0.22416327893733978	2.284410766151268e-05	0.0005881423130631447	4.9774829676607624e-05
9,19673E+17	Sen. Feinstein: I've never seen a California fire like this -	data/processed/pro_crisismmd/images/data_image/california_wildfires/15_10_2017/919672765246050305_0.jpg	not_humanitarian	affected_individuals	False	0.39207652769982815	0.10301183350384235	0.2890646941959858	0.0439049971755594	0.08774743019603193	0.02988134417682886	0.39207652769982815	0.0019302052751299925	0.06660283234668896	0.08879196258203592	False	True	0.16950051486492157	0.009759430773556232	0.11414474248886108	0.009001541882753372	0.48884326219558716	0.0025346295442432165	0.0879482850432396	0.11826758831739426	True	0.6477572321891785	0.1463416963815689	0.00855549331754446	0.09252075105905533	0.10177632421255112	0.00011693246779032052	0.0025664742570370436	0.0003650853759609163
901646457404620800	Tornado forming on Barker Cypress near Lone Star college!	data/processed/pro_crisismmd/images/data_image/hurricane_harvey/27_8_2017/901646457404620800_0.jpg	other_relevant_information	infrastructure_and_utility_damage	False	0.39187720976769924	0.10478954389691353	0.2870876658707857	0.27101273462176323	0.0008509366743965074	0.39187720976769924	0.02515930845402181	0.002816700143739581	0.002867641655029729	0.018327798519749194	False	True	0.3607512414455414	0.08443637192249298	0.0007463545189239085	0.4979323744773865	0.02901141718029976	0.0020000836811959743	0.0007443748181685805	0.024377765133976936	True	0.06609693914651871	0.830741822719574	0.0011646831408143044	0.07371171563863754	0.01360298227518797	0.005266549531370401	0.009237442165613174	0.0001778986770659685
901822598765522945	A friend's front's front yard in Austin Texas this morning after high winds from HurricaneHarvey 0. | Harvey	data/processed/pro_crisismmd/images/data_image/hurricane_harvey/27_8_2017/901822598765522945_0.jpg	infrastructure_and_utility_damage	affected_individuals	False	0.39005329087376595	0.1750366681953892	0.21501662267837673	0.05334460362792015	0.03438049554824829	0.06423712288960814	0.39005329087376595	0.027041695546358824	0.009537478908896446	0.20638870308175683	False	True	0.28488051891326904	0.06328490376472473	0.029103487730026245	0.0831305980682373	0.2487218827009201	0.013085545971989632	0.009830116294324398	0.2679629623889923	True	0.005424933973699808	0.02352370321750641	0.05021151900291443	0.007556697353720665	0.8140475153923035	0.0689101442694664	0.00865956675261259	0.021665925160050392
9,2033E+17	Family Miraculously Finds Dog They Lost When Escaping California Wildfires	data/processed/pro_crisismmd/images/data_image/california_wildfires/17_10_2017/920329866901381123_0.jpg	not_humanitarian	missing_or_found_people	False	0.3887741342186928	0.10868320614099503	0.18371706909965724	0.05136812385171652	0.02517449390143156	0.06576972862239927	0.28009092807769775	0.0012608646552507707	0.0038446710095740855	0.3887741342186928	False	True	0.24295392632484436	0.04787871241569519	0.01746062934398651	0.08635815232992172	0.264763742685318	0.0016781054437160492	0.0044023022055625916	0.33450445532798767	True	0.006006497424095869	0.0618363581597805	0.04831608757376671	0.004004457499831915	0.32607248425483704	9.14228985493537e-06	0.0021717774216085672	0.5515831708908081
901663546701905920	The little town of Rockport has suffered severe damage from HurricaneHarvey.	data/processed/pro_crisismmd/images/data_image/hurricane_harvey/27_8_2017/901663546701905920_0.jpg	infrastructure_and_utility_damage	not_humanitarian	False	0.38874301384203136	0.01102958689443767	0.38874301384203136	0.019043746404349804	0.00230457735597156	0.3777134269475937	0.14558019116520882	0.06120111735071987	0.004672547351219691	0.000741381554689724	False	True	0.515460193157196	0.01624128967523575	0.0018610655097290874	0.1917046308517456	0.18686722218990326	0.08086471259593964	0.006033441983163357	0.0009674602770246565	True	0.008591475896537304	0.02745111659169197	0.0036351128946989775	0.9357398152351379	0.02171909809112549	0.002210331615060568	0.000589863455388695	6.314538768492639e-05
904285919217426432	Fire destroyed a family's home during Harvey, but this Virgin Mary statue survived	data/processed/pro_crisismmd/images/data_image/hurricane_harvey/3_9_2017/904285919217426432_0.jpg	infrastructure_and_utility_damage	affected_individuals	False	0.38865848630666733	0.10688941553235054	0.2817690707743168	0.03281206823885441	0.01824386289808899	0.0948239341378212	0.38865848630666733	0.0036243802751414478	0.03328099800273776	0.146787254139781	False	True	0.34316834807395935	0.024164337664842606	0.003427568357437849	0.06759963929653168	0.3598524332046509	0.004642287734895945	0.041352275758981705	0.15579316020011902	True	0.0975712388753891	0.058755259960889816	0.06269274652004242	0.17649681866168976	0.4750766456127167	0.0005706578958779573	0.009067164734005928	0.11976953595876694
901822579362627584	Front page of this morning's Houston Chronicle - print and digital editions HurricaneHarvey	data/processed/pro_crisismmd/images/data_image/hurricane_harvey/27_8_2017/901822579362627584_1.jpg	other_relevant_information	not_humanitarian	False	0.3875047452747822	0.06781034544110298	0.3875047452747822	0.3196943998336792	0.01710283849388361	0.008417207980528474	0.09905141615308821	0.051323967665666714	0.0061687821871601045	0.11073663830757141	False	True	0.44672369956970215	0.20364004373550415	0.016972778365015984	0.008570409379899502	0.12776030600070953	0.06787771731615067	0.0020983752328902483	0.12635666131973267	True	0.20984788239002228	0.6678574681282043	0.01749301888048649	0.00795760378241539	0.012924746610224247	0.0016627187142148614	0.018380003049969673	0.06387656927108765
9,20117E+17	California Wildfire Neighbors Spare Some, But Neighborhoods Are Decimated	data/processed/pro_crisismmd/images/data_image/california_wildfires/17_10_2017/920116683779346432_0.jpg	infrastructure_and_utility_damage	not_humanitarian	False	0.3859708830714226	0.032857492566108704	0.3859708830714226	0.12044314295053482	0.00791300309356302	0.3531133905053139	0.11840778775513172	0.0054312799093168	0.00702967174584046	0.0016908608304220252	False	True	0.44025731086730957	0.051080942153930664	0.002485001925379038	0.3793586790561676	0.10872375220060349	0.007203914225101471	0.008759135380387306	0.0021312953904271126	True	0.2231115996837616	0.3285297453403473	0.024197006598114967	0.2743775248527527	0.14745989441871643	0.00011337696196278557	0.0018412808421999216	0.00036955715040676296
9,19989E+17	The fire and the damage done	data/processed/pro_crisismmd/images/data_image/california_wildfires/16_10_2017/919989130683064320_0.jpg	not_humanitarian	other_relevant_information	False	0.385156930424273	0.12923222873359919	0.25592470169067383	0.385156930424273	0.002016909682424739	0.25331633910536766	0.09693620167672634	0.002398643089691177	0.0034842152381315827	0.0007660694918740774	False	True	0.15710586309432983	0.5035280585289001	0.0018966946518048644	0.20829249918460846	0.12160733342170715	0.003094741376116872	0.003462589345872402	0.001012206426821649	True	0.5523812174797058	0.030043546110391617	0.002377554774284363	0.38838785886764526	0.022922806441783905	0.00031034823041409254	0.0035490929149091244	2.7658687031362206e-05
904655830108200960	13 toxic waste sites pose public threat due to Harvey floodwater, EPA finds	data/processed/pro_crisismmd/images/data_image/hurricane_harvey/4_9_2017/904655830108200960_0.jpg	infrastructure_and_utility_damage	vehicle_damage	False	0.3848130292026326	0.022362757357768714	0.12424364360049367	0.08457778883166611	0.016783582279458642	0.3624502718448639	0.018366679549217224	0.3848130292026326	0.008003839757293463	0.0007611669207108207	False	True	0.024200772866606712	0.012194610200822353	0.0010812757536768913	0.42175814509391785	0.017489491030573845	0.5127436518669128	0.009629596956074238	0.000902476953342557	True	0.42437225580215454	0.3017273247241974	0.0638905018568039	0.18452665209770203	0.020998245105147362	0.0010211612097918987	0.0031265681609511375	0.00033723682281561196
905064623199719425	We've lost track of how many houses/families teams have helped. So proud of our church. Harvey	data/processed/pro_crisismmd/images/data_image/hurricane_harvey/5_9_2017/905064623199719425_0.jpg	rescue_volunteering_or_donation_effort	affected_individuals	False	0.38262033089995384	0.031298086047172546	0.3513222448527813	0.0038877472979947925	0.22328312112949789	0.012362645007669926	0.38262033089995384	0.0002035493384369147	0.022273084156040568	0.004047224574605934	False	True	0.19556434452533722	0.003879914525896311	0.292590469121933	0.004619862884283066	0.46814051270484924	0.00027066966868005693	0.02957906760275364	0.0053550987504422665	True	0.8185959458351135	0.003911245614290237	0.015361077152192593	0.035590991377830505	0.12605978548526764	2.188347707487992e-06	0.00035513381590135396	0.0001236020470969379
9,20388E+17	Baby Girl Born SantaRosa Mom Evacuating Wildfires:	data/processed/pro_crisismmd/images/data_image/california_wildfires/17_10_2017/920387925187194881_0.jpg	not_humanitarian	missing_or_found_people	False	0.3807994509115815	0.037384153343737125	0.3434152975678444	0.02193014428485185	0.032975790731143206	0.002551097917603329	0.19837629050016403	0.0002051409276191407	0.0197467579273507	0.3807994509115815	False	True	0.27321991324424744	0.0022950335405766964	0.0034564754460006952	0.0005010947352275252	0.19493474066257477	0.00027106431662105024	0.02373371459543705	0.5015879273414612	True	0.5540014505386353	0.08083547651767731	0.12153373658657074	0.00870110746473074	0.20870094001293182	7.370760613412131e-06	0.00778588792309165	0.01843402162194252
9,19949E+17	California Air Board Issues Tips for Safe Cleanup of FireAsh	data/processed/pro_crisismmd/images/data_image/california_wildfires/16_10_2017/919948539521785863_0.jpg	not_humanitarian	infrastructure_and_utility_damage	False	0.3804660364985466	0.020188085734844208	0.3602779507637024	0.09104536543600261	0.03801856259815395	0.3804660364985466	0.0453509446233511	0.07393294222856639	0.006703933118842542	0.00420431443490088	False	True	0.2844022512435913	0.008869827724993229	0.045559681951999664	0.49692395329475403	0.053533755242824554	0.09852967411279678	0.007854396477341652	0.0043264999985694885	True	0.5879050493240356	0.33757197856903076	0.015395204536616802	0.031092286109924316	0.020802512764930725	0.00014274657587520778	0.003252543043345213	0.003837757743895054
904780104953417728	In this photo, the Rev. Mark Goring surveys damage from HurricaneHarvey at a church community center in Houston.	data/processed/pro_crisismmd/images/data_image/hurricane_harvey/4_9_2017/904780104953417728_0.jpg	infrastructure_and_utility_damage	affected_individuals	False	0.3796433061361313	0.13657138778216904	0.24307191835396225	0.014241412281990051	0.030492196790874004	0.08259247289970517	0.3796433061361313	0.07468281636829488	0.0176614448428154	0.1576144250575453	False	True	0.3239675760269165	0.012230396270751953	0.031901415437459946	0.010252585634589195	0.3966287672519684	0.0006576968589797616	0.017625128850340843	0.20673643052577972	True	0.0003849453350994736	0.020274460315704346	0.02626454085111618	0.2996121346950531	0.32868692278862	0.29675817489624023	0.017770392820239067	0.010248408652842045
904464126348587009	Houston Rescuers Prove the Lie of 'Toxic Masculinity' by HurricaneHarvey	data/processed/pro_crisismmd/images/data_image/hurricane_harvey/3_9_2017/904464126348587009_0.jpg	rescue_volunteering_or_donation_effort	affected_individuals	False	0.3775189397856593	0.07366866152733564	0.29831767454743385	0.00218672318442259	0.30385027825832367	0.0006510152306873351	0.3775189397856593	2.1927064608462388e-05	0.014830285217612982	0.0026231659576296806	False	True	0.19843153655529022	0.0001532530295662582	0.29495832324028015	0.0003387599717825651	0.4862855076789856	2.328759183001239e-05	0.017282260581851006	0.0025271140038967133	True	0.5979760885238647	0.008287133648991585	0.3305261433124542	0.0015877810074016452	0.051219236105680466	1.7845482943812385e-05	0.0074743591248989105	0.0029113218188285828
9,17793E+17	California wildfires destroy more than 50 structures: KAKEnews	data/processed/pro_crisismmd/images/data_image/california_wildfires/10_10_2017/917793137925459968_2.jpg	infrastructure_and_utility_damage	not_humanitarian	False	0.37751610204577446	0.11533266538754106	0.37751610204577446	0.09222501516342163	0.004424194747116417	0.26024550944566727	0.2621834366582334	0.0003531608199409675	0.002424769103527069	0.0006277829997998197	False	True	0.47265711426734924	0.09485100954771042	0.0039006208535283804	0.08286246657371521	0.341797411441803	0.00039069997728802264	0.00272491411305964	0.0008157460251823068	True	0.09209306538105011	0.08434703201055527	0.005994916427880526	0.7923946380615234	0.02334151230752468	0.00024054334789980203	0.0015243340749293566	6.389392365235835e-05
904927079640178688	Extreme Hurricane Harvey Video from Aransas County, TX - 8/25/2017	data/processed/pro_crisismmd/images/data_image/hurricane_harvey/5_9_2017/904927079640178688_0.jpg	not_humanitarian	other_relevant_information	False	0.3773093745112419	0.15998445102013648	0.2021510424092412	0.3773093745112419	0.04726497130468488	0.09246041625738144	0.05444728955626488	0.21732492349110544	0.004152650129981339	0.0048893047496676445	False	True	0.2518167197704315	0.29133352637290955	0.006798973307013512	0.09780718386173248	0.058525219559669495	0.2867533564567566	0.0010906611569225788	0.005874349270015955	True	0.05315401032567024	0.635236918926239	0.16866296529769897	0.07642011344432831	0.042213499546051025	0.009039624594151974	0.01333861704915762	0.001934171188622713
905161654521913344	Flickr GALLERY captures best moments from Hurricane Harvey response:	data/processed/pro_crisismmd/images/data_image/hurricane_harvey/5_9_2017/905161654521913344_0.jpg	rescue_volunteering_or_donation_effort	not_humanitarian	False	0.37599892169237137	0.04010392725467682	0.37599892169237137	0.043879202217794955	0.33589499443769455	0.019878618186339736	0.04332287237048149	0.00028192074796606903	0.034418943512719125	0.1463245477516466	False	True	0.34205079078674316	0.056830305606126785	0.29775702953338623	0.025688573718070984	0.037139300256967545	0.0003725014685187489	0.045101191848516464	0.1950603425502777	True	0.477843314409256	0.005025892052799463	0.4503088891506195	0.0024487515911459923	0.06187358871102333	1.017858630802948e-05	0.0023721985053271055	0.0001171633557532914
904779917904281600	Texas Moves toward post-Harvey Recovery as Evacuation o... - - PostHarvey Us	data/processed/pro_crisismmd/images/data_image/hurricane_harvey/4_9_2017/904779917904281600_0.jpg	rescue_volunteering_or_donation_effort	not_humanitarian	False	0.37009237334132195	0.036835681181401014	0.37009237334132195	0.004919576131214853	0.2827797207282856	0.0013582186147687025	0.33325669215992093	1.160864849225618e-05	0.006869848060887307	0.0007119911524569034	False	True	0.173422709107399	0.00014704422210343182	0.37459447979927063	0.0002518346009310335	0.4415224492549896	1.4192775779520161e-05	0.00911292526870966	0.00093436473980546	True	0.9601013660430908	0.019237171858549118	0.007335443515330553	0.00467737065628171	0.008459420874714851	3.8562666304642335e-06	0.00014061643742024899	4.487039041123353e-05
9,20832E+17	Fighting the wildfire in Santa Cruz, California with Washington Strike Team 2 with Cowlitz and Clark Counties.	data/processed/pro_crisismmd/images/data_image/california_wildfires/19_10_2017/920831780629782528_3.jpg	rescue_volunteering_or_donation_effort	not_humanitarian	False	0.3685502130538225	0.15547085739672184	0.3685502130538225	0.21307935565710068	0.20447490364313126	0.005718011874705553	0.14478449430316687	0.00011456950960564427	0.01941379066556692	0.043864625789865386	False	True	0.4775272607803345	0.08649429678916931	0.16874128580093384	0.005402398761361837	0.18055571615695953	0.00014091850607655942	0.02269994094967842	0.05843813344836235	True	0.04161906987428665	0.5928345322608948	0.3116757571697235	0.0066648512147367	0.037470828741788864	3.552252019289881e-05	0.009555339813232422	0.00014410281437449157
904254413530959872	Saving our doggie pals! harvey doglovers doggiepals	data/processed/pro_crisismmd/images/data_image/hurricane_harvey/3_9_2017/904254413530959872_0.jpg	rescue_volunteering_or_donation_effort	not_humanitarian	False	0.36845220625400543	0.04582655802369118	0.36845220625400543	0.010740569676272571	0.32262564823031425	0.008073566437815316	0.2771970955654979	0.0004772325100930175	0.00938671562471427	0.003046925412490964	False	True	0.28387880325317383	0.005894909147173166	0.351676344871521	0.0008396300836466253	0.3527098298072815	0.0006224113167263567	0.0017706480575725436	0.002607372123748064	True	0.6221724152565002	0.025277551263570786	0.23547355830669403	0.029775375500321388	0.05065889284014702	4.169609019299969e-05	0.03223491832613945	0.004365585278719664
9,19875E+17	California wildfires threatening state's wine, tourism industries usa vacation travel	data/processed/pro_crisismmd/images/data_image/california_wildfires/16_10_2017/919875217622814721_0.jpg	infrastructure_and_utility_damage	not_humanitarian	False	0.36704280972480774	0.057417599484324455	0.36704280972480774	0.10519702453166246	0.020829743705689907	0.1614524908363819	0.3096252102404833	0.023403419934766134	0.009017173491884023	0.0034321257007832173	False	True	0.32899266481399536	0.046677108854055405	0.02079281583428383	0.16502374410629272	0.39183810353279114	0.031163804233074188	0.010976539924740791	0.004535221494734287	True	0.4811932444572449	0.28075677156448364	0.020940527319908142	0.15073873102664948	0.06298653036355972	0.0001222670398419723	0.003139074193313718	0.00012283831893000752
9,21467E+17	Aided By Rain, Bear Fire Containment Reaches 40 Percent:	data/processed/pro_crisismmd/images/data_image/california_wildfires/20_10_2017/921467401077698562_0.jpg	rescue_volunteering_or_donation_effort	not_humanitarian	False	0.3658444434404373	0.06597505137324333	0.3658444434404373	0.299869392067194	0.08017466543242335	0.04025519313290715	0.15714744734577835	0.0007554049435043453	0.017575004108948633	0.038378405984985875	False	True	0.3810133934020996	0.1869136542081833	0.10146572440862656	0.049545519053936005	0.2059280425310135	0.0010060470085591078	0.022983482107520103	0.051144104450941086	True	0.32033759355545044	0.6387366056442261	0.016301488503813744	0.012384215369820595	0.010805661790072918	3.478748340057791e-06	0.001349570113234222	8.131058712024242e-05
904484911268196352	Navy helicopters ready to help with rescue efforts in Beaumont, Tx in wake of Harvey	data/processed/pro_crisismmd/images/data_image/hurricane_harvey/3_9_2017/904484911268196352_0.jpg	rescue_volunteering_or_donation_effort	not_humanitarian	False	0.36467120423913	0.08413886278867722	0.36467120423913	0.03917042398825288	0.2805323414504528	0.004995879717171192	0.1329980343580246	0.00445978541392833	0.1496717343106866	0.02350062009645626	False	True	0.4754938781261444	0.01703614555299282	0.1314345747232437	0.003658495843410492	0.14809076488018036	0.004796772263944149	0.18915174901485443	0.03033764660358429	True	0.03220318257808685	0.10557325929403305	0.7278256416320801	0.009008031338453293	0.08771984279155731	0.0034488248638808727	0.03123169019818306	0.0029895405750721693
904389536674791424	TODAY: Holbrook Girl Selling Lemonade To Raise Money For Hurricane Harvey Victims	data/processed/pro_crisismmd/images/data_image/hurricane_harvey/3_9_2017/904389536674791424_0.jpg	rescue_volunteering_or_donation_effort	affected_individuals	False	0.3600049577653408	0.11462748795747757	0.24537746980786324	0.002939431113190949	0.1790148690342903	0.002492202096618712	0.3600049577653408	0.00013879026482754853	0.0007261629507411271	0.20930610969662666	False	True	0.1984536200761795	0.0014271684922277927	0.0817265510559082	0.001992166507989168	0.4406519830226898	0.00017207805649377406	0.0005758675979450345	0.27500057220458984	True	0.38614901900291443	0.007476218976080418	0.47087982296943665	0.003992308862507343	0.11806388199329376	3.8926889828871936e-05	0.001177049009129405	0.012222722172737122
9,196E+17	Video shows California family reuniting with pet dog presumed dead in wildfire	data/processed/pro_crisismmd/images/data_image/california_wildfires/15_10_2017/919600201538658310_0.jpg	not_humanitarian	missing_or_found_people	False	0.3588048219680786	0.04658030718564987	0.26621500751934946	0.03156663477420807	0.01314983714837581	0.010685172863304615	0.31222451478242874	0.00037006852392096334	0.00698390428442508	0.3588048219680786	False	True	0.35056114196777344	0.028601858764886856	0.007234248798340559	0.012803478166460991	0.20743021368980408	0.0004911900032311678	0.0063216290436685085	0.3865561783313751	True	0.01317660417407751	0.04046096280217171	0.03089660219848156	0.004330256953835487	0.6266074180603027	6.704085990349995e-06	0.008970730006694794	0.2755507528781891
9,17835E+17	Fire swept through Northern California early Monday morning.	data/processed/pro_crisismmd/images/data_image/california_wildfires/10_10_2017/917834628290920448_0.jpg	infrastructure_and_utility_damage	affected_individuals	False	0.3583533279597759	0.09360353276133537	0.26474979519844055	0.19337838189676404	0.006546277203597128	0.14959971234202385	0.3583533279597759	0.014882184059388237	0.012077756982762367	0.00041255202086176723	False	True	0.30787575244903564	0.013299932703375816	0.005847275722771883	0.16555246710777283	0.47159889340400696	0.01979980245232582	0.015671299770474434	0.0003545238287188113	True	0.13537192344665527	0.7336137294769287	0.008643281646072865	0.10174144804477692	0.018616631627082825	0.00012932888057548553	0.0012971286196261644	0.0005866365972906351
904274294733201408	A puppy rescue on Beaumont, Texas. HurricaneHarvey. (Ashlee Elmore Facebook)	data/processed/pro_crisismmd/images/data_image/hurricane_harvey/3_9_2017/904274294733201408_0.jpg	rescue_volunteering_or_donation_effort	not_humanitarian	False	0.3577578403055668	0.0005632862448692322	0.3577578403055668	0.008382453001104295	0.35719455406069756	0.002886201167711988	0.16888543032109737	0.07043068850634882	0.011881773825734854	0.02258103748317808	False	True	0.4284749925136566	0.009483314119279385	0.23483462631702423	0.0013185081770643592	0.18838638067245483	0.09390003979206085	0.01382691040635109	0.029775205999612808	True	0.1456063836812973	0.005079869646579027	0.7242743372917175	0.007589280139654875	0.110382579267025	2.263464921270497e-05	0.0060463640838861465	0.0009985319338738918
9,20732E+17	Cool! Hero dog watches over goats during California fire.	data/processed/pro_crisismmd/images/data_image/california_wildfires/18_10_2017/920731752892698630_0.jpg	not_humanitarian	affected_individuals	False	0.3561201747506857	0.03450198657810688	0.3216181881725788	0.08213400514796376	0.09323230152949691	0.023194539360702038	0.3561201747506857	0.0010101570223923773	0.030047206208109856	0.09264343045651913	False	True	0.3626616895198822	0.015236115083098412	0.02980123646557331	0.014100514352321625	0.44259315729141235	0.0012635684106498957	0.016036197543144226	0.11830753087997437	True	0.19848768413066864	0.2828276753425598	0.2835254967212677	0.05047661438584328	0.0967012271285057	0.000249922857619822	0.07208023220300674	0.015651129186153412
904330655848423424	Civil Air Patrol Illinois Wing To Help Survey Damage From HurricaneHarvey	data/processed/pro_crisismmd/images/data_image/hurricane_harvey/3_9_2017/904330655848423424_0.jpg	infrastructure_and_utility_damage	vehicle_damage	False	0.35460693754430395	0.0521815409156261	0.30242539662867785	0.02916493476368487	0.16784476590692066	0.06589464470744133	0.07364046387374401	0.35460693754430395	0.003965907868405338	0.002456913818605244	False	True	0.3892565369606018	0.009359951131045818	0.0013160222442820668	0.03919914364814758	0.08716795593500137	0.4726445972919464	7.504367385990918e-05	0.0009807231836020947	True	0.04193197563290596	0.08857988566160202	0.6674309968948364	0.14598114788532257	0.033057987689971924	0.0004939583013765514	0.015638500452041626	0.006885485723614693
904634645567942656	PHOTOS: Saving the pets from Harvey's aftermath.	data/processed/pro_crisismmd/images/data_image/hurricane_harvey/4_9_2017/904634645567942656_0.jpg	rescue_volunteering_or_donation_effort	affected_individuals	False	0.35265902429819107	0.0175047405064106	0.33515428379178047	0.00704573723487556	0.26464977860450745	0.031246538266714197	0.35265902429819107	0.0002694924041861668	0.00760239566443488	0.0013727070327149704	False	True	0.3776470422744751	0.002432619221508503	0.2067182958126068	0.00033233934664167464	0.40877875685691833	0.0002589834330137819	0.002899164566770196	0.000932751630898565	True	0.2076760083436966	0.02088509127497673	0.43844422698020935	0.12398913502693176	0.18429982662200928	0.0003010193177033216	0.021712088957428932	0.0026925732381641865
901655097293377536	Rockport, TX damage via . Feeling for those folks HurricaneHarvey khou11	data/processed/pro_crisismmd/images/data_image/hurricane_harvey/27_8_2017/901655097293377536_2.jpg	infrastructure_and_utility_damage	affected_individuals	False	0.3457878455519676	0.0913778068497777	0.2544100387021899	0.008275663945823908	0.07863112725317478	0.09069601073861122	0.3457878455519676	0.18221044354140759	0.03680587513372302	0.0031829548825044185	False	True	0.3184313178062439	0.006848648190498352	0.07962392270565033	0.08453384786844254	0.26061931252479553	0.22935594618320465	0.019160764291882515	0.0014261951437219977	True	0.062346201390028	0.012556711211800575	0.07565274089574814	0.10918249934911728	0.6012934446334839	0.04077393561601639	0.08974120765924454	0.00845323409885168
9,19896E+17	Roundup: bitcoin Blowing Up; California Fire Survival Story; & College Basketball Player	data/processed/pro_crisismmd/images/data_image/california_wildfires/16_10_2017/919895863589310465_0.jpg	not_humanitarian	missing_or_found_people	False	0.34476926592105883	0.016511992038431345	0.3282572738826275	0.053691329434514046	0.035453970660455525	0.023808555444702506	0.19009937345981598	0.004647223119263799	0.019272972975159064	0.34476926592105883	False	True	0.18171073496341705	0.019858114421367645	0.046149756759405136	0.015413333661854267	0.24575336277484894	0.006188428029417992	0.02530525252223015	0.45962098240852356	True	0.7678968906402588	0.15519097447395325	0.0033666123636066914	0.04899422079324722	0.023137405514717102	2.3608388801221736e-05	0.0011761343339458108	0.00021411645866464823
9,1799E+17	Police helicopter video shows the extent of California wildfire burning near Santa Rosa	data/processed/pro_crisismmd/images/data_image/california_wildfires/11_10_2017/917990440644866048_0.jpg	infrastructure_and_utility_damage	not_humanitarian	False	0.34193220583256334	0.09357208746951073	0.34193220583256334	0.2483601183630526	0.009266994427889585	0.06916941702365875	0.13750325108412653	0.13035683979978785	0.06239081756211817	0.0010203239653492346	False	True	0.45396918058395386	0.016020623967051506	0.010981911793351173	0.08107363432645798	0.18085877597332	0.1736929714679718	0.08236748725175858	0.0010353911202400923	True	0.00582128157839179	0.9453786015510559	0.004122242331504822	0.03345676511526108	0.007436676416546106	0.0003484447952359915	0.0024608084931969643	0.0009751225006766617
9,22709E+17	Central California wine tour raises money for fire relief vacation travel holiday	data/processed/pro_crisismmd/images/data_image/california_wildfires/24_10_2017/922708978257289217_0.jpg	not_humanitarian	affected_individuals	False	0.33838421292603016	0.02306157909333706	0.3153226338326931	0.06562113296240568	0.15005787461996078	0.12107886065496132	0.33838421292603016	0.000562788744161935	0.0011391625012038276	0.00783327454701066	False	True	0.23662348091602325	0.07963953167200089	0.09149885177612305	0.16035684943199158	0.4198860228061676	0.0007494523306377232	0.0009670297731645405	0.010278699919581413	True	0.5514200925827026	0.02356593683362007	0.325734943151474	0.0032448943238705397	0.09387878328561783	2.797984734570491e-06	0.0016555606853216887	0.0004969984292984009
904768633808846848	Today's USNavy photos of the day highlight Hurricane Harvey relief support. Download:	data/processed/pro_crisismmd/images/data_image/hurricane_harvey/4_9_2017/904768633808846848_3.jpg	rescue_volunteering_or_donation_effort	not_humanitarian	False	0.3338799048215151	0.055055126547813416	0.3338799048215151	0.16029001167044044	0.27882477827370167	0.06533875095192343	0.13137353584170341	0.0005072130898042815	0.01606344641186297	0.01372237948817201	False	True	0.42848271131515503	0.2112797051668167	0.08319874852895737	0.08515777438879013	0.15330183506011963	0.000653304741717875	0.019750451669096947	0.01817549206316471	True	0.050071485340595245	0.007320931181311607	0.8657028675079346	0.005881680641323328	0.06558863818645477	6.893813406350091e-05	0.0050024306401610374	0.00036304176319390535
9,21372E+17	California wildfires burns school for kids with autism	data/processed/pro_crisismmd/images/data_image/california_wildfires/20_10_2017/921372419503415296_0.jpg	infrastructure_and_utility_damage	not_humanitarian	False	0.33321528136730194	0.0513046495616436	0.33321528136730194	0.03170150937512517	0.012922900918056257	0.28191063180565834	0.24642274528741837	0.08115481403365266	0.008706619730219245	0.003965500392951071	False	True	0.2884255647659302	0.029934747144579887	0.0009335567592643201	0.36046352982521057	0.19817546010017395	0.10819631069898605	0.009535791352391243	0.0043350523337721825	True	0.46758443117141724	0.03700179606676102	0.04889093339443207	0.04625193774700165	0.3911646008491516	3.032403765246272e-05	0.006219104863703251	0.0028568445704877377
9,19726E+17	Carmen McReynolds, victim of TubbsFire, was a doctor and 'western gal.'	data/processed/pro_crisismmd/images/data_image/california_wildfires/16_10_2017/919726035297435649_0.jpg	not_humanitarian	affected_individuals	False	0.3282430456019938	0.0068743363954126835	0.3213687092065811	0.006209568469785154	0.022712626901920885	0.00788685877341777	0.3282430456019938	0.00046077851050085883	0.05331828352063894	0.2598000904545188	False	True	0.14027422666549683	0.005972616840153933	0.029510105028748512	0.008947092108428478	0.4346012771129608	0.0006120061152614653	0.037672434002161026	0.34241020679473877	True	0.864652156829834	0.006920423358678818	0.0023201925214380026	0.004706158768385649	0.00916835106909275	7.095696219039382e-06	0.10025583207607269	0.011969741433858871
904356959037661184	New UH/Harvey updates. Check your email, Coogs. 5B 1/2	data/processed/pro_crisismmd/images/data_image/hurricane_harvey/3_9_2017/904356959037661184_2.jpg	not_humanitarian	missing_or_found_people	False	0.3281678480198025	0.010667215763533022	0.31750063225626945	0.007479747466277331	0.06471077511378098	0.0013313662930158898	0.2805225598967809	3.269011862983007e-05	0.00025439157889195485	0.3281678480198025	False	True	0.0981152206659317	0.00341901951469481	0.08619141578674316	0.0004067225963808596	0.3739776909351349	4.341610474511981e-05	0.00032405051751993597	0.4375224709510803	True	0.9756568670272827	0.019661931321024895	0.000268853094894439	0.0041052973829209805	0.00015716678171884269	5.121602839608386e-07	4.5414763008011505e-05	0.00010397922596894205
9,19936E+17	Hotels Destroyed by Killer California Wildfires event meeting planner	data/processed/pro_crisismmd/images/data_image/california_wildfires/16_10_2017/919935983314984960_1.jpg	infrastructure_and_utility_damage	not_humanitarian	False	0.3259402960538864	0.04489423427730799	0.3259402960538864	0.1956103965640068	0.006467522936873138	0.17799755930900574	0.2810460617765784	0.007614305897732265	0.0049296964425593615	0.0003941151317121694	False	True	0.35044199228286743	0.1850244551897049	0.005616010632365942	0.0836344063282013	0.35914546251296997	0.010063332505524158	0.005558666307479143	0.0005156105034984648	True	0.25243520736694336	0.22736822068691254	0.009022059850394726	0.46108701825141907	0.04674785956740379	0.00026722607435658574	0.0030427868478000164	2.9629016353283077e-05
9,18314E+17	Massive destruction from California wildfires	data/processed/pro_crisismmd/images/data_image/california_wildfires/12_10_2017/918313549318955008_0.jpg	infrastructure_and_utility_damage	not_humanitarian	False	0.3202845472842455	0.029521314427256584	0.3202845472842455	0.137736227363348	0.004627208225429058	0.2907632328569889	0.22910743858665228	0.003718207408383023	0.012168327113613486	0.0015947564206726383	False	True	0.3909592628479004	0.13310754299163818	0.003636634908616543	0.15126751363277435	0.2984854280948639	0.004849954042583704	0.015572885982692242	0.002120714634656906	True	0.10826040059328079	0.15162228047847748	0.007598928175866604	0.7092503905296326	0.02097347006201744	0.00032296750578098	0.00195465050637722	1.6881778719834983e-05
901722704767627269	Scope of damage unleashed by Harvey yet to be determined	data/processed/pro_crisismmd/images/data_image/hurricane_harvey/27_8_2017/901722704767627269_0.jpg	infrastructure_and_utility_damage	vehicle_damage	False	0.3177334975134727	0.008801856232821592	0.3089316412806511	0.10711750853806734	0.0032239958527497947	0.24885075353085995	0.004115841235034168	0.3177334975134727	0.009287819964811206	0.0007389467332359345	False	True	0.20541569590568542	0.05626409873366356	0.002255264902487397	0.2973845601081848	0.002231257501989603	0.42360809445381165	0.011864123865962029	0.0009768925374373794	True	0.6194794774055481	0.2596777379512787	0.006130188703536987	0.10324933379888535	0.009769592434167862	0.00010970669245580211	0.001558908261358738	2.5109320631599985e-05
9,19885E+17	Chef cooks barbecue for California wildfire victims:	data/processed/pro_crisismmd/images/data_image/california_wildfires/16_10_2017/919884891654893568_0.jpg	not_humanitarian	affected_individuals	False	0.3145594596862793	0.006213124841451645	0.30834633484482765	0.005133240832947195	0.2584890052676201	0.00584191654343158	0.3145594596862793	0.027265873275155172	0.022937819128856063	0.057426332583418116	False	True	0.3870741128921509	0.0023116269148886204	0.08299514651298523	0.005831671413034201	0.3800869584083557	0.036345623433589935	0.029139205813407898	0.07621563225984573	True	0.07216300070285797	0.013598082587122917	0.7849705815315247	0.005872651934623718	0.11797696352005005	2.6622799850883894e-05	0.004333659075200558	0.001058433554135263
904509055460188161	GoCha is back soon D8 SuperMan & Mr. Tornado DD Pragyaj KRPKAB PC:	data/processed/pro_crisismmd/images/data_image/hurricane_harvey/4_9_2017/904509055460188161_0.jpg	not_humanitarian	affected_individuals	False	0.3135304523166269	0.02073506242595613	0.2927953898906708	0.037879626208450645	0.012100444873794913	0.03352876100689173	0.3135304523166269	0.00019326842812006362	0.030693095410242677	0.27927899407222867	False	True	0.15441566705703735	0.001051509054377675	0.013012350536882877	0.016148943454027176	0.41296279430389404	0.00014218933938536793	0.03730300813913345	0.364963561296463	True	0.707934558391571	0.14836397767066956	0.009364727884531021	0.08566821366548538	0.015233426354825497	0.0003465056943241507	0.010863357223570347	0.022225292399525642
904212397698711552	Millions of fire ants floating in flooding from Harvey	data/processed/pro_crisismmd/images/data_image/hurricane_harvey/3_9_2017/904212397698711552_0.jpg	other_relevant_information	not_humanitarian	False	0.3134548291563988	0.015426196157932281	0.3134548291563988	0.184201929718256	0.028650609077885747	0.2980286329984665	0.04536932520568371	0.12100400624331087	0.004057279438711703	0.005233363131992519	False	True	0.34296345710754395	0.15971718728542328	0.005065544508397579	0.29615217447280884	0.02558581531047821	0.15993088483810425	0.004382412880659103	0.0062025003135204315	True	0.22492894530296326	0.25765615701675415	0.09940580278635025	0.30365800857543945	0.1047198548913002	0.004223370458930731	0.003081879112869501	0.002325951587408781
9,21934E+17	Possible small plane crash causes brush fire in California	data/processed/pro_crisismmd/images/data_image/california_wildfires/22_10_2017/921934156996554752_0.jpg	not_humanitarian	rescue_volunteering_or_donation_effort	False	0.3127107862383127	0.07282108999788761	0.2398896962404251	0.1926282849162817	0.3127107862383127	0.12728797644376755	0.04228474060073495	0.029656738857738674	0.021717432769946754	0.03382433671504259	False	True	0.2769222557544708	0.07069510966539383	0.4108295142650604	0.09539076685905457	0.049290210008621216	0.03917155787348747	0.026535000652074814	0.031165607273578644	True	0.12879201769828796	0.5584278106689453	0.01835460215806961	0.2229796051979065	0.02126833237707615	0.0011122818104922771	0.007264729123562574	0.04180052503943443
9,20628E+17	Pair of Fire/Rescue Boats now on duty in California	data/processed/pro_crisismmd/images/data_image/california_wildfires/18_10_2017/920628075561439237_0.jpg	rescue_volunteering_or_donation_effort	missing_or_found_people	False	0.30829965393058956	0.03926011803559959	0.2596739785221871	0.024688380304723978	0.26903953589498997	0.003688425465952605	0.046565310563892126	0.0809976989403367	0.007046970655210316	0.30829965393058956	False	True	0.34570854902267456	0.011189362034201622	0.12088292092084885	0.0035573949571698904	0.05326561629772186	0.053336527198553085	0.004374510142952204	0.4076850712299347	True	0.0015702670207247138	0.06518543511629105	0.7135093808174133	0.004081516992300749	0.026464393362402916	0.16398121416568756	0.015064352191984653	0.01014340203255415
9,20318E+17	MountVernonWA fire crew helping fight California wildfires Skagit	data/processed/pro_crisismmd/images/data_image/california_wildfires/17_10_2017/920317656640704512_0.jpg	rescue_volunteering_or_donation_effort	not_humanitarian	False	0.3061322756111622	0.03288082778453827	0.3061322756111622	0.04154118895530701	0.2732514478266239	0.0027765851700678468	0.14268308086320758	0.0005261946005248319	0.02016704762354493	0.21292217350855935	False	True	0.33572596311569214	0.03155708312988281	0.13447974622249603	0.0029607629403471947	0.1863064169883728	0.0006977681186981499	0.024628791958093643	0.2836434543132782	True	0.21735121309757233	0.07149350643157959	0.6895665526390076	0.002224051859229803	0.011813072487711906	1.1474046004877891e-05	0.006781814619898796	0.0007583310944028199
901655097293377536	Rockport, TX damage via . Feeling for those folks HurricaneHarvey khou11	data/processed/pro_crisismmd/images/data_image/hurricane_harvey/27_8_2017/901655097293377536_1.jpg	infrastructure_and_utility_damage	not_humanitarian	False	0.3034024862572551	0.0005264757201075554	0.3034024862572551	0.05440523894503713	0.023431584239006042	0.25856245867908	0.3028760105371475	0.014702843385748565	0.024515331082511693	0.0181040505412966	False	True	0.38375458121299744	0.06835474818944931	0.0060245320200920105	0.30835577845573425	0.2034035325050354	0.006012479308992624	0.002773372223600745	0.021320989355444908	True	0.062346201390028	0.012556711211800575	0.07565274089574814	0.10918249934911728	0.6012934446334839	0.04077393561601639	0.08974120765924454	0.00845323409885168
9,22978E+17	Wildfire breaks out in California's Ventura County	data/processed/pro_crisismmd/images/data_image/california_wildfires/25_10_2017/922977684728061952_0.jpg	not_humanitarian	other_relevant_information	False	0.3025563694536686	0.04470265820418717	0.13320203311741352	0.3025563694536686	0.08867990644648671	0.07405850850045681	0.08425275003537536	0.019823411886136455	0.03957328270189464	0.2578537112494814	False	True	0.08936434239149094	0.20274363458156586	0.10806303471326828	0.07403337955474854	0.10372398048639297	0.02642139047384262	0.05194646120071411	0.3437037467956543	True	0.2647151052951813	0.6019945740699768	0.030530521646142006	0.07413389533758163	0.025839058682322502	2.9476123017957434e-05	0.0024537472054362297	0.00030360461096279323
9,2283E+17	California Wildfire Damages to Exceed $1 Billion, Exacerbates Housing Crisis	data/processed/pro_crisismmd/images/data_image/california_wildfires/24_10_2017/922830395548172288_0.jpg	infrastructure_and_utility_damage	other_relevant_information	False	0.2951522246003151	0.05278213694691658	0.2423700876533985	0.2951522246003151	0.00737408350687474	0.22766808047890663	0.22147203236818314	0.0011081863713116036	0.003979020635597408	0.0008762405295783537	False	True	0.271934449672699	0.3700442612171173	0.007093221414834261	0.13254593312740326	0.2108585238456726	0.001463746652007103	0.004902822896838188	0.0011569784255698323	True	0.15367700159549713	0.07047611474990845	0.008216669782996178	0.5130345225334167	0.2533125579357147	4.150552922510542e-05	0.0012076138518750668	3.4026841603918e-05
9,19871E+17	Red sun down Crosby Beach, looks like the California sun in the wildfires Liverpool HurricaneOphelia	data/processed/pro_crisismmd/images/data_image/california_wildfires/16_10_2017/919871048652394496_1.jpg	not_humanitarian	other_relevant_information	False	0.27842289209365845	0.011488036252558231	0.2669348558411002	0.27842289209365845	0.011422761526773684	0.16349967510905117	0.18110039457678795	0.015601653343765065	0.033466764696640894	0.04955098684877157	False	True	0.35521847009658813	0.2697385251522064	0.0007364871562458575	0.21562808752059937	0.14176951348781586	0.001496445038355887	0.001821360201574862	0.013591084629297256	True	0.0020840130746364594	0.3044759929180145	0.04348158463835716	0.007114437874406576	0.2990930378437042	0.0579172782599926	0.128402978181839	0.15743069350719452
9,19566E+17	Amazing! Family dog emerges alive amid California wildfire aftermath	data/processed/pro_crisismmd/images/data_image/california_wildfires/15_10_2017/919565833596125184_0.jpg	not_humanitarian	infrastructure_and_utility_damage	False	0.2650489080697298	0.021348898982978426	0.047355400398373604	0.1790003478527069	0.017862348177004606	0.2650489080697298	0.1744777075946331	0.24370000908675138	0.014216847950592637	0.058338445611298084	False	True	0.05049600824713707	0.16317325830459595	0.00305836065672338	0.31433847546577454	0.060022130608558655	0.3246898651123047	0.012040634639561176	0.07218127697706223	True	0.037933576852083206	0.2264816164970398	0.06227431073784828	0.11718020588159561	0.5178444385528564	0.0007304410100914538	0.02074548788368702	0.01680995151400566
904492590426460160	The Rescue Entrepreneurs Fielding Thousands of Harvey Distress Calls	data/processed/pro_crisismmd/images/data_image/hurricane_harvey/3_9_2017/904492590426460160_0.jpg	not_humanitarian	rescue_volunteering_or_donation_effort	False	0.2622978389263153	0.007328169420361519	0.2549696695059538	0.21091485710348934	0.2622978389263153	0.01108263072092086	0.16802476346492767	0.0007306112806304554	0.028018645592965186	0.06396104182203999	False	True	0.31382250785827637	0.2800928056240082	0.0698859691619873	0.01426152978092432	0.20009255409240723	0.0009732221369631588	0.03574280068278313	0.08512867242097855	True	0.07841115444898605	0.0033810115419328213	0.8395334482192993	0.0015459335409104824	0.07182139158248901	2.778711632345221e-06	0.004846180323511362	0.00045815002522431314
9,19563E+17	Crews sift ruins for traces of wildfire victims	data/processed/pro_crisismmd/images/data_image/california_wildfires/15_10_2017/919562538353795076_0.jpg	rescue_volunteering_or_donation_effort	injured_or_dead_people	False	0.2529308144003153	0.018812069669365883	0.20503320544958115	0.013656936353072524	0.2341187447309494	0.2024416533531621	0.07670471584424376	0.0010830824176082388	0.2529308144003153	0.014030869147973135	False	True	0.2565804719924927	0.010389626957476139	0.28829607367515564	0.005061534699052572	0.09421495348215103	0.0013840843457728624	0.32567843794822693	0.018394822254776955	True	0.05039140582084656	0.02345886453986168	0.07158675789833069	0.7945820093154907	0.024174002930521965	0.00018007663311436772	0.03468794375658035	0.0009390098275616765
9,19608E+17	Raw: Fire engine heads into heavy flames as Coffey Park in Santa Rosa erupts	data/processed/pro_crisismmd/images/data_image/california_wildfires/15_10_2017/919607528849268736_0.jpg	infrastructure_and_utility_damage	vehicle_damage	False	0.25017812848091125	0.014758257195353508	0.2148276474326849	0.23541987128555775	0.009606444684322923	0.17800327949225903	0.09085011389106512	0.25017812848091125	0.01970873645041138	0.0014057457738090307	False	True	0.27521052956581116	0.048482201993465424	0.002381160156801343	0.220217764377594	0.10060040652751923	0.3265962600708008	0.02560613490641117	0.0009054903639480472	True	0.03367900103330612	0.7962328791618347	0.031282298266887665	0.05135982483625412	0.061599235981702805	0.020923733711242676	0.0020165410824120045	0.002906512003391981
