id	text	image_path	y_true	y_pred	correct	confidence	margin	score_0	score_1	score_2	score_3	score_4	score_5	_text_was_empty	_image_encoded	score_image_0	score_image_1	score_image_2	score_image_3	score_image_4	score_image_5	_text_encoded	score_text_0	score_text_1	score_text_2	score_text_3	score_text_4	score_text_5
3mbnug	man steals lottery ticket dispenser is arrested trying to cash in at same store	data/processed/pro_fakeddit/images/3mbnug.jpg	0	1	False	0.7776977717876434	0.7142488374374807	0.06344893435016274	0.7776977717876434	0.04918384365737438	0.05556208547204733	0.016546947677852586	0.037560470518656075	False	True	0.004725022241473198	0.9738513231277466	0.009845905005931854	0.0058217234909534454	0.000785122043453157	0.004970957990735769	True	0.23962067067623138	0.18923711776733398	0.16719765961170197	0.20478317141532898	0.06383242458105087	0.135329008102417
44e6r9	newspaper dropped by the raf on the channel islands during the german occupation uk	data/processed/pro_fakeddit/images/44e6r9.jpg	5	1	False	0.7744539603590965	0.7018177583813667	0.059972125105559826	0.7744539603590965	0.034519579727202654	0.0726362019777298	0.012457081116735935	0.04596111597493291	False	True	0.03819762542843819	0.8772409558296204	0.019523730501532555	0.04772058129310608	0.0028907209634780884	0.014426490291953087	True	0.12529562413692474	0.466092973947525	0.07950712740421295	0.14738306403160095	0.041156161576509476	0.14056499302387238
4uuy0v	now he understands the game socialist political cartoon	data/processed/pro_fakeddit/images/4uuy0v.jpg	5	1	False	0.7727810740470886	0.6819262579083443	0.046443975530564785	0.7727810740470886	0.04892325308173895	0.031557586044073105	0.009439377958187833	0.09085481613874435	False	True	0.016972292214632034	0.8732963800430298	0.03457589074969292	0.006388142704963684	0.0016302576987072825	0.06713715195655823	True	0.13485902547836304	0.47123515605926514	0.09196534007787704	0.10706591606140137	0.032866738736629486	0.16200780868530273
5zq097	was an awful time for many people	data/processed/pro_fakeddit/images/5zq097.jpg	2	0	False	0.7628060132265091	0.6178744994103909	0.7628060132265091	0.02738971635699272	0.14493151381611824	0.03084469781606458	0.009380158386193216	0.024647878657560796	False	True	0.8716350793838501	0.004273556172847748	0.12147931754589081	0.0011675433488562703	0.0004722406156361103	0.000972226494923234	True	0.4363188147544861	0.09673819690942764	0.21528810262680054	0.11987616121768951	0.03610391169786453	0.09567483514547348
bjkefw	do not vaccinate antivaccination cartoon from united states	data/processed/pro_fakeddit/images/bjkefw.jpg	5	1	False	0.7591535449028015	0.6466690618544817	0.037879991345107555	0.7591535449028015	0.035599409602582455	0.041034862282685935	0.01384775061160326	0.11248448304831982	False	True	0.016431469470262527	0.862149178981781	0.021663185209035873	0.003070319537073374	0.005144819617271423	0.09154107421636581	True	0.10222555696964264	0.45016664266586304	0.0774080827832222	0.15492849051952362	0.03995654359459877	0.17531470954418182
10u4hu	michele bachmann makes surprise visit to synagogue congregants storm out and donate to her opponent	data/processed/pro_fakeddit/images/10u4hu.jpg	0	3	False	0.7564348876476288	0.6812421520007774	0.05345577537082136	0.07519273564685136	0.0451441016048193	0.7564348876476288	0.010247066209558398	0.05952542391605675	False	True	0.007467788644134998	0.007236124482005835	0.018866129219532013	0.9544546008110046	0.001036670757457614	0.010938680730760098	True	0.19141973555088043	0.27906256914138794	0.12397801876068115	0.16237574815750122	0.03787825256586075	0.20528565347194672
d7thzmj	china face read all about it	data/processed/pro_fakeddit/images/d7thzmj.jpg	4	1	False	0.7557077929377556	0.6795104066841304	0.07006451115012169	0.7557077929377556	0.07619738625362515	0.05109289847314358	0.010503937111934647	0.0364335608901456	False	True	0.01602555811405182	0.9421066641807556	0.027074730023741722	0.006554760038852692	0.001617448520846665	0.0066209412179887295	True	0.2321813702583313	0.1965111792087555	0.22356535494327545	0.18470731377601624	0.03716340288519859	0.1258714199066162
8twozl	album cover for pink floyds delicate sound of thunder	data/processed/pro_fakeddit/images/8twozl.jpg	0	4	False	0.7535970322787762	0.6779808098217472	0.05666891112923622	0.07561622245702893	0.04750182945281267	0.024543733277823776	0.7535970322787762	0.04207223576668184	False	True	0.028112635016441345	0.005513336043804884	0.03257023170590401	0.0011740562040358782	0.931847333908081	0.0007823645719327033	True	0.14233773946762085	0.28592488169670105	0.09229662269353867	0.09465276449918747	0.2188461273908615	0.16594184935092926
bg70qm	bugs bunny takes elmer fudd to task	data/processed/pro_fakeddit/images/bg70qm.jpg	2	0	False	0.7490144297480583	0.6436973735690117	0.7490144297480583	0.10531705617904663	0.04730306682176888	0.047038493561558425	0.019903147593140602	0.0314238755236147	False	True	0.9151292443275452	0.0653313547372818	0.007454059086740017	0.0025686942972242832	0.00890553742647171	0.0006112126284278929	True	0.2506699860095978	0.22527416050434113	0.16685009002685547	0.18044789135456085	0.05289597809314728	0.12386186420917511
bdsn00	this photo of a japanese boat looks like japanese kanji	data/processed/pro_fakeddit/images/bdsn00.jpg	0	4	False	0.7481147963553667	0.6380536309443414	0.07427038508467376	0.015770394031278556	0.11006116541102529	0.026236502279061824	0.7481147963553667	0.025546802644385025	False	True	0.01532753650099039	0.00016430970572400838	0.02176988683640957	0.0015498918946832418	0.960500955581665	0.0006874731043353677	True	0.2510989308357239	0.0625886470079422	0.37493500113487244	0.10029633343219757	0.11095631867647171	0.100124791264534
al4fly	jesus going after pontius pilate after he came back from the dead ad	data/processed/pro_fakeddit/images/al4fly.jpg	2	0	False	0.7286246120929718	0.6019329279661179	0.7286246120929718	0.05789401987567544	0.12669168412685394	0.04169222532073036	0.021393942181020975	0.023703435552306473	False	True	0.8679620027542114	0.01857876591384411	0.09968306124210358	0.0022721614222973585	0.009658006951212883	0.001845871564000845	True	0.31061244010925293	0.17583978176116943	0.20771755278110504	0.15995241701602936	0.05660174787044525	0.08927612751722336
88bcnh	theresa and the british parliament executing brexit circa	data/processed/pro_fakeddit/images/88bcnh.jpg	2	0	False	0.7240999042987823	0.6226094644516706	0.7240999042987823	0.08361578127369285	0.1014904398471117	0.03459674981422722	0.025463359663262963	0.03073378899716772	False	True	0.8734747767448425	0.026824774220585823	0.08506282418966293	0.0019646799191832542	0.01134240161627531	0.0013305776519700885	True	0.2759752869606018	0.2539888024330139	0.150773286819458	0.13249295949935913	0.06782623380422592	0.11894342303276062
cllapo	this cloud looks like a buff rooster with a mace	data/processed/pro_fakeddit/images/cllapo.jpg	0	4	False	0.7199917770922184	0.6255352012813091	0.09445657581090927	0.03563644314999692	0.08938832953572273	0.02987087724613957	0.7199917770922184	0.030656062706839293	False	True	0.03676256537437439	0.001570452586747706	0.044120967388153076	0.00044339674059301615	0.9160330295562744	0.0010696633253246546	True	0.2675386071205139	0.13783441483974457	0.2251904159784317	0.11815331876277924	0.13186801970005035	0.11941526085138321
48v1nb	union of white students forms at cornell aims to advance their race	data/processed/pro_fakeddit/images/48v1nb.jpg	0	2	False	0.7189235128462315	0.6164821498095989	0.07004367327317595	0.05281249326071702	0.7189235128462315	0.10244136303663254	0.013595825410448015	0.04218319698702544	False	True	0.022871987894177437	0.0003148253308609128	0.9029476642608643	0.0710413008928299	0.0008543585427105427	0.0019699321128427982	True	0.2115587294101715	0.21030549705028534	0.16685105860233307	0.19664154946804047	0.05182022601366043	0.16282299160957336
1nds3t	tenth doctor and martha run from an explosion	data/processed/pro_fakeddit/images/1nds3t.jpg	0	4	False	0.7183714993298054	0.6292620449094102	0.06509638205170631	0.0891094544203952	0.06254379265010357	0.025680410413770005	0.7183714993298054	0.039198390557430685	False	True	0.03972505033016205	0.004549240227788687	0.04159446805715561	0.0015943009639158845	0.9106332659721375	0.0019035828299820423	True	0.1412103772163391	0.3427900969982147	0.12539176642894745	0.09793873876333237	0.14158619940280914	0.1510828137397766
1x5i8i	the dashboard of doc browns delorean	data/processed/pro_fakeddit/images/1x5i8i.jpg	2	4	False	0.7172982227057219	0.6299763256683946	0.08732189703732729	0.04878743662266061	0.047154844738543034	0.055834673112258315	0.7172982227057219	0.04360292124329135	False	True	0.05010175332427025	0.0022976140026003122	0.007817264646291733	0.006807689554989338	0.9309837818145752	0.0019918980542570353	True	0.1989823281764984	0.1882569044828415	0.16516758501529694	0.20291562378406525	0.07624154537916183	0.1684359908103943
ceaau6	the way the stem ripped from my peach	data/processed/pro_fakeddit/images/ceaau6.jpg	0	2	False	0.7063770890235901	0.5615558996796608	0.1448211893439293	0.029458135570166633	0.7063770890235901	0.03927759057842195	0.027597721200436354	0.05246825981885195	False	True	0.10372355580329895	0.0014243625337257981	0.8599718809127808	0.009700705297291279	0.010811025276780128	0.014368440955877304	True	0.2681140899658203	0.11355945467948914	0.24559271335601807	0.12800824642181396	0.07795780897140503	0.16676771640777588
bzu5o2	post about etching into ones soul followed by post about etchasketch	data/processed/pro_fakeddit/images/bzu5o2.jpg	0	2	False	0.7021237760782242	0.5175589770078659	0.18456479907035828	0.01670803059823811	0.7021237760782242	0.049835338519187644	0.018307224599993788	0.0284607766661793	False	True	0.14514502882957458	0.0005792370066046715	0.8411833643913269	0.0019229691242799163	0.0005830734153278172	0.010586249642074108	True	0.30282410979270935	0.06509441137313843	0.284945011138916	0.19357244670391083	0.0714796781539917	0.08208435773849487
c3l0qa	this cat that came up to me while i was eating had two eye colors	data/processed/pro_fakeddit/images/c3l0qa.jpg	0	2	False	0.6963271200656891	0.5457853898406029	0.1505417302250862	0.024678812755155377	0.6963271200656891	0.033008442260324955	0.06140459794551134	0.03403927606996149	False	True	0.1108752191066742	0.000760075228754431	0.8477704524993896	0.004102099686861038	0.034138571470975876	0.0023535718210041523	True	0.26954126358032227	0.09643502533435822	0.2419971227645874	0.1197274699807167	0.14320267736911774	0.1290963888168335
1m41sc	indianapolis public safety center declared unsafe	data/processed/pro_fakeddit/images/1m41sc.jpg	0	3	False	0.6948797255754471	0.6024755649268627	0.0629248064942658	0.09240416064858437	0.058715508319437504	0.6948797255754471	0.006705798266921192	0.08436997979879379	False	True	0.016192009672522545	0.08000752329826355	0.02578892931342125	0.8362257480621338	0.00033664400689303875	0.041449129581451416	True	0.20312319695949554	0.12959407269954681	0.15749524533748627	0.27084165811538696	0.025813261047005653	0.21313253045082092
b157fj	this spider with a skull on its butt	data/processed/pro_fakeddit/images/b157fj.jpg	0	2	False	0.6896780654788017	0.540485255420208	0.14919281005859375	0.04431345371995121	0.6896780654788017	0.0375002461951226	0.04403474414721131	0.03528070077300072	False	True	0.13173916935920715	0.003570865374058485	0.8485056757926941	0.00215261522680521	0.008344573900103569	0.005687125027179718	True	0.20155373215675354	0.1665412187576294	0.21319523453712463	0.14354313910007477	0.15110525488853455	0.12406142801046371
3gbzxe	abandoned victorian conservatory france	data/processed/pro_fakeddit/images/3gbzxe.jpg	0	4	False	0.6877603195607662	0.557117747142911	0.13064257241785526	0.03709181582235033	0.06507683452218771	0.04878747835755348	0.6877603195607662	0.03064098083996214	False	True	0.10974045842885971	0.0002940967387985438	0.03179844096302986	0.0019107013940811157	0.8555864095687866	0.000669904868118465	True	0.19334891438484192	0.14748497307300568	0.16491201519966125	0.18941780924797058	0.18428204953670502	0.12055420875549316
5501dq	operation science vs magic	data/processed/pro_fakeddit/images/5501dq.jpg	0	4	False	0.6876762229949236	0.5844233389943838	0.10325288400053978	0.04632899351418018	0.04981881589628756	0.06184009229764342	0.6876762229949236	0.051083041937090456	False	True	0.06028085947036743	0.017710156738758087	0.014711248688399792	0.005344050005078316	0.8967114090919495	0.00524232117459178	True	0.23216895759105682	0.13218550384044647	0.15514151751995087	0.23132821917533875	0.06057066470384598	0.1886052042245865
cezsh5	a half and half tree i came across at the hat creek observatory	data/processed/pro_fakeddit/images/cezsh5.jpg	0	4	False	0.6830918006598949	0.5803353600203991	0.08205169532448053	0.03207235819172638	0.10275644063949585	0.0341285129688913	0.6830918006598949	0.06589917605742812	False	True	0.05398660525679588	0.00012185720697743818	0.08831897377967834	0.0006090548704378307	0.8546974062919617	0.002266066148877144	True	0.16624696552753448	0.1279238611459732	0.14606884121894836	0.1346868872642517	0.16827498376369476	0.25679850578308105
7onnt2	britain now generates twice as much electricity from wind energy as coal	data/processed/pro_fakeddit/images/7onnt2.jpg	0	4	False	0.682224215939641	0.5605873931199312	0.12163682281970978	0.03476115039666183	0.05932465149089694	0.04576085941516794	0.682224215939641	0.056292357097845525	False	True	0.08493351936340332	0.001082317321561277	0.02145547606050968	0.0006009050412103534	0.8881373405456543	0.003790520364418626	True	0.23174673318862915	0.1357976496219635	0.17293217778205872	0.1812407225370407	0.0644848421216011	0.21379786729812622
8rrfjs	rare footage of a million patriot interceptor used to shoot down a drone	data/processed/pro_fakeddit/images/8rrfjs.jpg	2	0	False	0.6775540485978127	0.522101704031229	0.6775540485978127	0.04662802186794579	0.15545234456658363	0.044172562193125486	0.02345715882256627	0.052735807839781046	False	True	0.8038795590400696	0.00605285819619894	0.14942622184753418	0.013133132830262184	0.01754573918879032	0.009962407872080803	True	0.29857751727104187	0.16835351288318634	0.173530712723732	0.1372908502817154	0.04119141772389412	0.18105600774288177
6vfz6l	somewhere over the valley this is our stop	data/processed/pro_fakeddit/images/6vfz6l.jpg	1	2	False	0.6712668761610985	0.4735856018960476	0.1976812742650509	0.01813229040999431	0.6712668761610985	0.036287524621002376	0.041006083600223064	0.0356259944383055	False	True	0.15444378554821014	0.0007539870566688478	0.8060250282287598	0.0020302296616137028	0.03355101868510246	0.0031960410997271538	True	0.3273937404155731	0.0702672004699707	0.2669924199581146	0.1390594094991684	0.06337127834558487	0.13291585445404053
5gkhwh	first shot from tim burtons thomas the tank engine	data/processed/pro_fakeddit/images/5gkhwh.jpg	2	4	False	0.6629608869552612	0.4724509082734585	0.19050997868180275	0.0264126184356428	0.06853817985393107	0.027864929288625717	0.6629608869552612	0.023713343252893537	False	True	0.13381589949131012	8.520620031049475e-05	0.009100946597754955	0.0018627196550369263	0.8548888564109802	0.0002462745178490877	True	0.36059221625328064	0.10539485514163971	0.2468498796224594	0.10587155818939209	0.08717697858810425	0.09411454945802689
2857zc	awww the poor things terrified	data/processed/pro_fakeddit/images/2857zc.jpg	2	0	False	0.6629158332943916	0.46633405610919	0.6629158332943916	0.035004224395379424	0.19658177718520164	0.040530670899897814	0.027154221665114164	0.0378132660407573	False	True	0.7807636260986328	0.0022311704233288765	0.1778864711523056	0.010794943198561668	0.023717040196061134	0.004606760106980801	True	0.3093724548816681	0.13332338631153107	0.25266769528388977	0.12973785400390625	0.037465766072273254	0.1374327838420868
ckt908	chris pratt invites a riot while jimi hendrix and nick kroll look on circa	data/processed/pro_fakeddit/images/ckt908.jpg	2	0	False	0.6614092700183392	0.570141514763236	0.6614092700183392	0.08242345153121278	0.09126775525510311	0.038178204325959086	0.07883895188570023	0.047882357612252235	False	True	0.81663978099823	0.0022389034274965525	0.08174419403076172	0.013082326389849186	0.07639376819133759	0.009901009500026703	True	0.1957177370786667	0.32297709584236145	0.11983843892812729	0.11346583813428879	0.08617450296878815	0.16182640194892883
9jtpdk	picture of imperial japanese armed forces occupying ryuko island by kobayashi kiyochika	data/processed/pro_fakeddit/images/9jtpdk.jpg	5	4	False	0.6583214327692986	0.5275799855589867	0.1307414472103119	0.0865225251764059	0.04183450061827898	0.043595649185590446	0.6583214327692986	0.0389844921301119	False	True	0.12182815372943878	0.0201076939702034	0.019794631749391556	0.005657131318002939	0.8299884796142578	0.0026239699218422174	True	0.1574813276529312	0.2857670187950134	0.10795410722494125	0.15741120278835297	0.14332029223442078	0.14806605875492096
4i9b9l	russian bailiffs arrest debtors cat	data/processed/pro_fakeddit/images/4i9b9l.jpg	0	2	False	0.6580455154180527	0.491065189242363	0.1669803261756897	0.05483305169036612	0.6580455154180527	0.05891569750383496	0.024674179265275598	0.036551206139847636	False	True	0.13575679063796997	0.003401951165869832	0.8274704813957214	0.009319191798567772	0.014724425040185452	0.009327122010290623	True	0.2606509327888489	0.20912635326385498	0.1497706174850464	0.20770521461963654	0.054523441940546036	0.11822345852851868
c46mfc7	i know this isnt radviceanimals but when i saw this i just had to	data/processed/pro_fakeddit/images/c46mfc7.jpg	4	2	False	0.6572314128279686	0.4458896405994892	0.21134177222847939	0.04035432334057987	0.6572314128279686	0.030140449991449714	0.03257367108017206	0.028358398063573986	False	True	0.17245684564113617	0.004419372417032719	0.7904672026634216	0.006936323828995228	0.024664636701345444	0.0010556380730122328	True	0.32799655199050903	0.1481591761112213	0.2575240433216095	0.09975282847881317	0.056300774216651917	0.11026667803525925
5gtykw	calgary man caught on video riding scooter to work in snowstorm gifted new wheels	data/processed/pro_fakeddit/images/5gtykw.jpg	0	3	False	0.6562242694199085	0.5322711132466793	0.06235479610040784	0.05684262700378895	0.08699229918420315	0.6562242694199085	0.013632832444272935	0.12395315617322922	False	True	0.023825278505682945	0.018292300403118134	0.06213236600160599	0.7949674725532532	0.0029831756837666035	0.0977994054555893	True	0.17794334888458252	0.1724936068058014	0.16157209873199463	0.23999466001987457	0.04558180272579193	0.202414408326149
5x9cdo	my new apartment still needs furnishing	data/processed/pro_fakeddit/images/5x9cdo.jpg	2	4	False	0.6560709625482559	0.502307491376996	0.15376347117125988	0.024316212700796314	0.10257921926677227	0.04262416379060596	0.6560709625482559	0.020645909127779305	False	True	0.06762460619211197	0.0008573787636123598	0.07408378273248672	0.004565481562167406	0.8509367108345032	0.0019319853745400906	True	0.4121800661087036	0.09469271451234818	0.1880655288696289	0.15680021047592163	0.07147371768951416	0.07678768038749695
azzzrf	the rainbow colours on this cats whiskers	data/processed/pro_fakeddit/images/azzzrf.jpg	0	2	False	0.6547711901366711	0.49386949464678764	0.16090169548988342	0.020805656822631136	0.6547711901366711	0.035548486514016986	0.08846304006874561	0.03951001132372767	False	True	0.12540766596794128	0.0006754695205017924	0.7899611592292786	0.007812232710421085	0.07182063907384872	0.004322915803641081	True	0.26738378405570984	0.08119621872901917	0.24920128285884857	0.11875724792480469	0.13839024305343628	0.14507129788398743
dh9zmf	a trash can at a burger king	data/processed/pro_fakeddit/images/dh9zmf.jpg	0	2	False	0.6539401784539223	0.489522747695446	0.16441743075847626	0.05378476018086076	0.6539401784539223	0.05374864488840103	0.024352474021725357	0.04975655768066645	False	True	0.1385202705860138	0.01854945532977581	0.8024805784225464	0.013034790754318237	0.0036745318211615086	0.023740436881780624	True	0.24210891127586365	0.1594906747341156	0.20831897854804993	0.17589020729064941	0.0863863006234169	0.1278049200773239
8kl3jh	royal wedding watch prince harry and meghan markle just drove away from windsor castle with a dozen festive commoners tied to the back of their car	data/processed/pro_fakeddit/images/8kl3jh.jpg	1	4	False	0.6539352620020509	0.5151110151782632	0.1388242468237877	0.08800271712243557	0.0484104435890913	0.03653340396704152	0.6539352620020509	0.034293933465960436	False	True	0.09996941685676575	0.034341029822826385	0.011569850146770477	0.0006802824791520834	0.8530340194702148	0.00040538940811529756	True	0.2553887367248535	0.24898777902126312	0.15893222391605377	0.14409276843070984	0.056638989597558975	0.13595956563949585
d5jv7n	unite the right rally is held	data/processed/pro_fakeddit/images/d5jv7n.jpg	2	0	False	0.6512730829417706	0.5225503817200661	0.6512730829417706	0.07161066657863557	0.12872270122170448	0.08253984339535236	0.01063031714875251	0.05522330803796649	False	True	0.8007504940032959	0.015343640930950642	0.12988883256912231	0.03567615896463394	0.0023356876336038113	0.01600509323179722	True	0.20284084975719452	0.24041174352169037	0.125224307179451	0.22313089668750763	0.03551420569419861	0.1728779524564743
chza61	death to capital or death under capital by v deni	data/processed/pro_fakeddit/images/chza61.jpg	5	1	False	0.6482722908258438	0.5181380901485682	0.13013420067727566	0.6482722908258438	0.06421161210164428	0.06743354769423604	0.02023274963721633	0.06971560511738062	False	True	0.10554993897676468	0.803292989730835	0.02435934729874134	0.02097303234040737	0.010059209540486336	0.03576548025012016	True	0.2038869857788086	0.18321019411087036	0.1837684065103531	0.20681509375572205	0.05075336992740631	0.171565979719162
7cn65z	woman caught a baby shark	data/processed/pro_fakeddit/images/7cn65z.jpg	0	2	False	0.6446620337665081	0.46960755810141563	0.17505447566509247	0.05397859285585582	0.6446620337665081	0.04130493785487488	0.05264506954699755	0.03235493879765272	False	True	0.152657151222229	0.00593476090580225	0.7908031940460205	0.0021538378205150366	0.04347190633416176	0.004979196935892105	True	0.24224644899368286	0.19811008870601654	0.2062385529279709	0.1587582379579544	0.08016455918550491	0.11448216438293457
67qwvt	the garbage is delighted to see me	data/processed/pro_fakeddit/images/67qwvt.jpg	2	0	False	0.6445058211684227	0.44534270465373993	0.6445058211684227	0.024580081284511834	0.19916311651468277	0.05575277179013938	0.05510230269283056	0.02089584560599178	False	True	0.7494014501571655	0.002775573870167136	0.18311601877212524	0.006364850793033838	0.056217171251773834	0.002124857623130083	True	0.3298189342021942	0.08999360352754593	0.24730440974235535	0.203916534781456	0.05175769701600075	0.07720880955457687
8zg6y9	this snake is all wrapped up	data/processed/pro_fakeddit/images/8zg6y9.jpg	2	0	False	0.6441030129790306	0.4649340845644474	0.6441030129790306	0.03788494924083352	0.1791689284145832	0.057532830629497766	0.03394409595057368	0.047366137616336346	False	True	0.7648046612739563	0.01673559658229351	0.16227883100509644	0.01725768856704235	0.010674865916371346	0.02824828401207924	True	0.28199806809425354	0.10133300721645355	0.22983922064304352	0.178358256816864	0.1037517860531807	0.10471969842910767
cndt6s	the way that the bubbles avoided where my hand was holding the mug	data/processed/pro_fakeddit/images/cndt6s.jpg	0	2	False	0.6408299803733826	0.40484926477074623	0.23598071560263634	0.018291463537025265	0.6408299803733826	0.04010452679358423	0.020997508196160197	0.04379585164133459	False	True	0.23755358159542084	0.0005450440221466124	0.7345342040061951	0.010259960778057575	0.010063760913908482	0.007043502759188414	True	0.23126211762428284	0.07153072208166122	0.35971730947494507	0.12963822484016418	0.053798750042915344	0.15405289828777313
b3jbbl	the outgrown left behind	data/processed/pro_fakeddit/images/b3jbbl.jpg	1	0	False	0.6405207589268684	0.4450213499367237	0.6405207589268684	0.03500693687237799	0.19549940899014473	0.05317478900542483	0.04705145210027695	0.028746650932589546	False	True	0.7553857564926147	0.013444456271827221	0.18973714113235474	0.0028454598505049944	0.0382072851061821	0.00037988449912518263	True	0.2959257662296295	0.0996943786740303	0.2127862125635147	0.20416277647018433	0.07358395308256149	0.11384695023298264
5vytu2	i really can say in this country people dont realize how bad it is in this country but in this country and all over the world pres trump	data/processed/pro_fakeddit/images/5vytu2.jpg	0	3	False	0.6402128227055073	0.4939049743115902	0.08626774186268449	0.06876609660685062	0.04983854596503079	0.6402128227055073	0.008606942414189689	0.14630784839391708	False	True	0.015539301559329033	0.03795171529054642	0.01011334266513586	0.8029235601425171	0.0007701330468989909	0.13270196318626404	True	0.29845306277275085	0.16120924055576324	0.16901415586471558	0.15208061039447784	0.03211737051606178	0.18712550401687622
10j5ee	cnn and msnbc pundit arrested for vandalizing antimuslim ad in ny subway system	data/processed/pro_fakeddit/images/10j5ee.jpg	0	1	False	0.6397782638669014	0.5040579810738564	0.07980376854538918	0.6397782638669014	0.13572028279304504	0.062122746370732784	0.011342870304360986	0.07123201619833708	False	True	0.07060480862855911	0.7615312337875366	0.13735978305339813	0.012829024344682693	0.00215259101241827	0.01552249863743782	True	0.10740064829587936	0.2745193541049957	0.13080178201198578	0.21000391244888306	0.03891370818018913	0.23836056888103485
7y7qn9	this skeptical styrofoam container	data/processed/pro_fakeddit/images/7y7qn9.jpg	2	0	False	0.6384693905711174	0.4289935566484928	0.6384693905711174	0.027154345880262554	0.2094758339226246	0.04080599779263139	0.03936126735061407	0.0447332396870479	False	True	0.7471185922622681	0.001973098609596491	0.20644812285900116	0.0046872328966856	0.03259475901722908	0.00717828469350934	True	0.3125217854976654	0.10269808769226074	0.21855896711349487	0.14916229248046875	0.05966079235076904	0.15739810466766357
5yu83o	my dads siblings and parents before they got married theyre here and still king of cool	data/processed/pro_fakeddit/images/5yu83o.jpg	3	2	False	0.6254610158503056	0.3883274868130684	0.23713352903723717	0.035448242124402896	0.6254610158503056	0.031721963663585484	0.049123603384941816	0.021111628360813484	False	True	0.19933481514453888	0.0015085142804309726	0.7633599638938904	0.00462877145037055	0.030631111934781075	0.000536772538907826	True	0.35052967071533203	0.13726742565631866	0.2117641717195511	0.11300154030323029	0.10460107773542404	0.08283619582653046
2u3pmn	it took me the better part of two weeks but i finally finished my macrame purse	data/processed/pro_fakeddit/images/2u3pmn.jpg	2	4	False	0.6243941225111485	0.4940734598785639	0.13032066263258457	0.06045315554365516	0.11770189367234707	0.028124097763793543	0.6243941225111485	0.039006123784929514	False	True	0.08384381979703903	0.029672803357243538	0.09488814324140549	0.001144272624514997	0.7849084734916687	0.005542559549212456	True	0.2697511911392212	0.15279421210289001	0.18614314496517181	0.10906357318162918	0.1428510695695877	0.1393968164920807
bzux5b	the way this cone is cut looks like its going through the ground	data/processed/pro_fakeddit/images/bzux5b.jpg	2	0	False	0.6239855065941811	0.4087010696530342	0.6239855065941811	0.026665774174034595	0.21528443694114685	0.023351484560407698	0.0678505040705204	0.042862246511504054	False	True	0.733799397945404	0.006952542811632156	0.1960267722606659	0.00401781452819705	0.0529797226190567	0.006223701871931553	True	0.2945438325405121	0.08580546826124191	0.2730574309825897	0.08135249465703964	0.1124628484249115	0.15277788043022156
7tk3n3	my puppy mimi at my sweet boy resting in the morning	data/processed/pro_fakeddit/images/7tk3n3.jpg	3	0	False	0.6219624653458595	0.4256490468978882	0.6219624653458595	0.037967015290632844	0.19631341844797134	0.08037728257477283	0.021743909990618704	0.04163600783795118	False	True	0.730674147605896	0.015610146336257458	0.1764114797115326	0.05518845468759537	0.00013826486247126013	0.021977629512548447	True	0.2958274185657501	0.105037622153759	0.2560192346572876	0.15594376623630524	0.08656084537506104	0.1006111428141594
29c1xm	about to cough up a hairball	data/processed/pro_fakeddit/images/29c1xm.jpg	0	2	False	0.621837317943573	0.43702947348356247	0.18480784446001053	0.05060720909386873	0.621837317943573	0.045119179179891944	0.06427135970443487	0.03335708694066852	False	True	0.15856024622917175	0.008906286209821701	0.7538797855377197	0.008166027255356312	0.06611975282430649	0.004367892164736986	True	0.26355063915252686	0.17570997774600983	0.2257099151611328	0.15597863495349884	0.05872618034482002	0.12032467126846313
c26rhw	a former ohio teacher is facing sex charges involving more than female firstgraders john austin hopkins was indicted monday	data/processed/pro_fakeddit/images/c26rhw.jpg	0	3	False	0.6215416602790356	0.4947543032467365	0.12678735703229904	0.05842746561393142	0.06706355512142181	0.6215416602790356	0.01954602266778238	0.10663392022252083	False	True	0.10864691436290741	0.016253339126706123	0.03976009786128998	0.7475640773773193	0.0015282531967386603	0.08624731004238129	True	0.18120868504047394	0.1849498450756073	0.14897392690181732	0.24347440898418427	0.07359933108091354	0.16779375076293945
cllqi8	at a supermarket in lusaka	data/processed/pro_fakeddit/images/cllqi8.jpg	0	2	False	0.6187333315610886	0.46254317834973335	0.1561901532113552	0.06760844821110368	0.6187333315610886	0.06258065043948591	0.043346899561583996	0.05154050560668111	False	True	0.15730459988117218	0.003983123227953911	0.777570366859436	0.01403306145220995	0.04272116348147392	0.004387682303786278	True	0.1528468132019043	0.258484423160553	0.14222222566604614	0.20822341740131378	0.045224107801914215	0.1929989755153656
blhqd2	my orange has extra small orange slices in it	data/processed/pro_fakeddit/images/blhqd2.jpg	0	2	False	0.6177123561501503	0.3875555656850338	0.2301567904651165	0.025647835456766188	0.6177123561501503	0.03401325055165216	0.040363643784075975	0.05210611084476113	False	True	0.22327210009098053	0.001959450077265501	0.7394182682037354	0.0026422610972076654	0.030275983735919	0.0024319421499967575	True	0.2508108615875244	0.09671299159526825	0.25259461998939514	0.12812621891498566	0.0706266239285469	0.20112861692905426
bnpw3r	my brothers hair is starting to grey but only on one side	data/processed/pro_fakeddit/images/bnpw3r.jpg	0	2	False	0.6135239601135254	0.4158608205616474	0.19766313955187798	0.020320243507740088	0.6135239601135254	0.10834401845932007	0.021320024505257607	0.038828585762530565	False	True	0.1674850732088089	0.0008208643994294107	0.7231565117835999	0.08888383209705353	0.011667665094137192	0.007986029610037804	True	0.2881973385810852	0.07881838083267212	0.284626305103302	0.1667245775461197	0.05027710273861885	0.13135625422000885
5zeeyi	hitler attempting suicide	data/processed/pro_fakeddit/images/5zeeyi.jpg	2	0	False	0.6133377067744732	0.4538908265531063	0.6133377067744732	0.09496227838099003	0.15944688022136688	0.059564925730228424	0.03209656896069646	0.040591630386188626	False	True	0.7426644563674927	0.037579141557216644	0.16053740680217743	0.03209306299686432	0.023037461563944817	0.004088475368916988	True	0.22535745799541473	0.2671116888523102	0.15617530047893524	0.14198051393032074	0.059273891150951385	0.15010109543800354
b5ilmr	antman penetrating thanos	data/processed/pro_fakeddit/images/b5ilmr.jpg	2	0	False	0.6114257201552391	0.38155708089470863	0.6114257201552391	0.051549321971833706	0.22986863926053047	0.037538906559348106	0.03523365128785372	0.034383710531983525	False	True	0.7215746641159058	0.013358402997255325	0.2375929355621338	0.006369896233081818	0.019029732793569565	0.0020743112545460463	True	0.28097888827323914	0.16612207889556885	0.20669575035572052	0.13104593753814697	0.08384540677070618	0.13131190836429596
cayrghv	what it should have been i suppose	data/processed/pro_fakeddit/images/cayrghv.jpg	4	2	False	0.6110339760780334	0.43944736383855343	0.17158661223948002	0.020845713675953448	0.6110339760780334	0.043392645311541855	0.11985913570970297	0.03328189562307671	False	True	0.12432213872671127	0.0020127329044044018	0.7214882373809814	0.004491595085710287	0.1451803743839264	0.0025048793759196997	True	0.31338003277778625	0.07734465599060059	0.27967119216918945	0.16009579598903656	0.0438954196870327	0.12561294436454773
4vb3jk	a seagull at montsaintmichel france oc	data/processed/pro_fakeddit/images/4vb3jk.jpg	0	4	False	0.6110149212181568	0.458651140332222	0.11656470224261284	0.029947747010737658	0.15236378088593483	0.04020782478619367	0.6110149212181568	0.0499010324201663	False	True	0.09313361346721649	0.0017265807837247849	0.14185546338558197	0.0026015429757535458	0.760205090045929	0.00047770337550900877	True	0.18685796856880188	0.11461124569177628	0.1838887333869934	0.15302667021751404	0.1634444147348404	0.19817101955413818
b1xlz3	salt stain on boot looks like mushroom cloud	data/processed/pro_fakeddit/images/b1xlz3.jpg	0	2	False	0.6080310568213463	0.40367668494582176	0.20435437187552452	0.029615443359944038	0.6080310568213463	0.06362729799002409	0.041634804802015424	0.052736987359821796	False	True	0.2053615152835846	0.0006029285141266882	0.7244418859481812	0.03699002042412758	0.011466353200376034	0.02113724872469902	True	0.2013329416513443	0.11665298789739609	0.2587985694408417	0.14353913068771362	0.1321401596069336	0.14753620326519012
7l6x1c	i cheated on my phone a few years ago before it was meant to be present when the guilty one is punished	data/processed/pro_fakeddit/images/7l6x1c.jpg	3	0	False	0.6067169234156609	0.4172278344631195	0.6067169234156609	0.03763026325032115	0.18948908895254135	0.04861126444302499	0.07551575358957052	0.042036711383843794	False	True	0.7085546255111694	0.009550916031002998	0.18975462019443512	0.003755156882107258	0.08727068454027176	0.0011140097631141543	True	0.30120381712913513	0.1218683049082756	0.18869249522686005	0.1831795871257782	0.04025096073746681	0.16480481624603271
5wimzz	blake griffin claims basketball seems much rounder lately	data/processed/pro_fakeddit/images/5wimzz.jpg	1	2	False	0.6047116927802563	0.45045963674783707	0.1542520560324192	0.040680277976207435	0.6047116927802563	0.0903124287724495	0.02790835313498974	0.0821351888589561	False	True	0.13064955174922943	0.004297057632356882	0.7479436993598938	0.06863749027252197	0.018882855772972107	0.029589304700493813	True	0.22505956888198853	0.1498299390077591	0.1750156730413437	0.15533724427223206	0.05498484522104263	0.23977284133434296
ccv4df	this orchid that looks like it has a small clown covering its ears in the middle	data/processed/pro_fakeddit/images/ccv4df.jpg	0	2	False	0.6042437180876732	0.4674996919929981	0.13674402609467506	0.05619623587699607	0.6042437180876732	0.043466254603117704	0.1296101026237011	0.029739714809693396	False	True	0.13196741044521332	0.0019831617828458548	0.7185993194580078	0.017910609021782875	0.12529420852661133	0.004245347809046507	True	0.1510738730430603	0.21883545815944672	0.2611769139766693	0.12013319134712219	0.1425577849149704	0.10622281581163406
1gogmy	nba finals lebron james to start game with headband on	data/processed/pro_fakeddit/images/1gogmy.jpg	0	3	False	0.6039600968360901	0.49450421519577503	0.09683358576148748	0.10945588164031506	0.07900015637278557	0.6039600968360901	0.010248360864352435	0.10050185211002827	False	True	0.0464460588991642	0.08635056763887405	0.03949517011642456	0.7564437389373779	0.000979630509391427	0.07028471678495407	True	0.24799616634845734	0.17877182364463806	0.1975151151418686	0.14650917053222656	0.03805455192923546	0.19115325808525085
blgl7r	jewish peasant pleads to hitler to supply more food to his synagogue	data/processed/pro_fakeddit/images/blgl7r.jpg	2	0	False	0.6029339879751205	0.4908414613455534	0.6029339879751205	0.08176931086927652	0.11209252662956715	0.11113016307353973	0.051051439717411995	0.04102252866141498	False	True	0.7197531461715698	0.03991269692778587	0.10033122450113297	0.07989382743835449	0.054231178015470505	0.005877883173525333	True	0.2524765133857727	0.20733915269374847	0.1473764330148697	0.20483916997909546	0.041512224823236465	0.14645646512508392
atbh3x	panorama of crucible lake	data/processed/pro_fakeddit/images/atbh3x.jpg	0	4	False	0.6016894429922104	0.4161365069448948	0.1855529360473156	0.023788736369169783	0.09384710714221	0.052686895345686935	0.6016894429922104	0.04243488430802245	False	True	0.17340010404586792	9.67075175140053e-05	0.07159565389156342	0.0006426710751838982	0.7535153031349182	0.0007495707250200212	True	0.22201143205165863	0.09486482292413712	0.16060146689414978	0.20881956815719604	0.14621186256408691	0.16749082505702972
7zpzd6	liberalism the right way uk liberal party poster	data/processed/pro_fakeddit/images/7zpzd6.jpg	5	1	False	0.6012820452451706	0.4522005766630173	0.10669470764696598	0.6012820452451706	0.0878277737647295	0.03169951669406146	0.02341451379470527	0.14908146858215332	False	True	0.10185126215219498	0.6975021958351135	0.08773497492074966	0.003553724382072687	0.010717694647610188	0.09864017367362976	True	0.12122504413127899	0.3126215934753418	0.088106170296669	0.11613689363002777	0.061504971235990524	0.300405353307724
2e2gf2	man fakes own death to avoid upcoming wedding	data/processed/pro_fakeddit/images/2e2gf2.jpg	0	2	False	0.6011007130146027	0.36877137422561646	0.2323293387889862	0.03230286273173988	0.6011007130146027	0.05604741186834872	0.04661121033132076	0.03160844650119543	False	True	0.19498944282531738	0.00234121922403574	0.7385083436965942	0.009257855825126171	0.046480692923069	0.008422423154115677	True	0.3443490266799927	0.1221877932548523	0.18887782096862793	0.19641607999801636	0.04700276255607605	0.10116651654243469
4ckph7	jack dempseys endorsement of fdrs reelection	data/processed/pro_fakeddit/images/4ckph7.jpg	5	2	False	0.6008680425584316	0.4322892725467682	0.16857877001166344	0.059499128721654415	0.6008680425584316	0.10152031946927309	0.006409159366739914	0.06312454212456942	False	True	0.16684859991073608	0.03238183632493019	0.7429335117340088	0.03680887445807457	0.0009639175841584802	0.02006320282816887	True	0.1737692803144455	0.1408510059118271	0.17467163503170013	0.29565465450286865	0.022744884714484215	0.19230856001377106
6ph6pr	kitten rescued from trash bag after tossed from car onto wauchula road	data/processed/pro_fakeddit/images/6ph6pr.jpg	0	2	False	0.5987740084528923	0.36389482393860817	0.23487918451428413	0.03996447671670467	0.5987740084528923	0.04847738239914179	0.028655037516728044	0.04924994893372059	False	True	0.22067706286907196	0.00477675860747695	0.7418666481971741	0.009438600391149521	0.013984831981360912	0.009256146848201752	True	0.27748554944992065	0.14552763104438782	0.169496089220047	0.1655937284231186	0.07266565412282944	0.1692313551902771
1rxk4w	this photo of tom daley olympic diver looking swimmingly	data/processed/pro_fakeddit/images/1rxk4w.jpg	0	2	False	0.5980121344327927	0.37166567146778107	0.2263464629650116	0.02531936636660248	0.5980121344327927	0.031039853813126683	0.08644665591418743	0.03283545823069289	False	True	0.19640767574310303	0.0024440321139991283	0.7051184773445129	0.006435765884816647	0.08609678596258163	0.0034971570130437613	True	0.3161628246307373	0.09394536912441254	0.27669310569763184	0.1048521175980568	0.08749626576900482	0.12085036188364029
cmcyj0	isabella of france invading englandcolorized	data/processed/pro_fakeddit/images/cmcyj0.jpg	2	0	False	0.5976311638951302	0.37287645414471626	0.5976311638951302	0.04730543517507613	0.08326069172471762	0.020106911368202418	0.2247547097504139	0.02694103994872421	False	True	0.6803770065307617	0.011160026304423809	0.03973013535141945	0.003218891331925988	0.2623872458934784	0.003126647789031267	True	0.3493936359882355	0.15574166178703308	0.21385236084461212	0.07077097147703171	0.1118571013212204	0.09838421642780304
1wosm2	the inside of a breaking wave	data/processed/pro_fakeddit/images/1wosm2.jpg	2	4	False	0.5974999535828829	0.3874491360038519	0.210050817579031	0.023240316369992797	0.08752115815877914	0.04174531894386746	0.5974999535828829	0.039942467119544744	False	True	0.18694548308849335	9.45996362133883e-05	0.04076589643955231	0.0012017077533528209	0.7700408697128296	0.0009514708071947098	True	0.2793668210506439	0.09267746657133102	0.22778694331645966	0.16337615251541138	0.07987720519304276	0.15691545605659485
4qwlrw	an early publicity photo taken around the time of the casting of harry hermione and ron for the first harry potter movie	data/processed/pro_fakeddit/images/4qwlrw.jpg	0	4	False	0.5973013862967491	0.43722207844257355	0.16007930785417557	0.06196868699043989	0.1185478251427412	0.02874721313128248	0.5973013862967491	0.03335561450512614	False	True	0.1537970006465912	0.0009788312017917633	0.09950774163007736	0.0021280187647789717	0.7429230213165283	0.0006654093158431351	True	0.1789262294769287	0.24493825435638428	0.17566807568073273	0.108604796230793	0.1604364812374115	0.13142623007297516
1zvsvs	pakistan onion heroin smuggling plot uncovered	data/processed/pro_fakeddit/images/1zvsvs.jpg	0	2	False	0.5971464700996876	0.461855860427022	0.1352906096726656	0.05367638333700597	0.5971464700996876	0.08781446795910597	0.01438031846191734	0.11169174127280712	False	True	0.10997707396745682	0.010715496726334095	0.7514421939849854	0.03892618790268898	0.004802808631211519	0.0841362252831459	True	0.21123121678829193	0.1825590431690216	0.13425929844379425	0.23447930812835693	0.043112847954034805	0.19435828924179077
c56m2lu	its hard to bluff when youre playing against yourself	data/processed/pro_fakeddit/images/c56m2lu.jpg	4	0	False	0.5950232893228531	0.46863468643277884	0.5950232893228531	0.08989679627120495	0.10956129245460033	0.04888520832173526	0.12638860289007425	0.030244837456848472	False	True	0.6823516488075256	0.08388110995292664	0.06423339992761612	0.01079972181469202	0.1553441286087036	0.003390022786334157	True	0.33303821086883545	0.10794385522603989	0.24554497003555298	0.163141667842865	0.03952202573418617	0.11080928146839142
7y6d4g	frustrated freight drivers queue in calais after the united kingdom leaves the eu customs union	data/processed/pro_fakeddit/images/7y6d4g.jpg	2	0	False	0.5946556776762009	0.4780904445797205	0.5946556776762009	0.11656523309648037	0.07916728593409061	0.05550779076293111	0.09430127125233412	0.059802713920362294	False	True	0.7666954398155212	0.009590394794940948	0.08157216757535934	0.02528352104127407	0.11276751011610031	0.004090914037078619	True	0.07853639125823975	0.43748974800109863	0.07195264101028442	0.14618059992790222	0.03890255466103554	0.22693811357021332
3bo4w2	manchester art gallery oc	data/processed/pro_fakeddit/images/3bo4w2.jpg	0	4	False	0.5936268828809261	0.373897697776556	0.21972918510437012	0.02983797137858346	0.08984371181577444	0.032963169971480966	0.5936268828809261	0.03399906578124501	False	True	0.17507606744766235	0.002151243155822158	0.06017138436436653	0.0034011928364634514	0.7575699090957642	0.0016301757423207164	True	0.3536885380744934	0.11289815604686737	0.17886069416999817	0.12164910137653351	0.10179780423641205	0.13110573589801788
49h3vi	til of the poppy in george r r tolkien described his first big break in the netherlands injured nearly people and injuring more	data/processed/pro_fakeddit/images/49h3vi.jpg	3	0	False	0.5932699516415596	0.4582341443747282	0.5932699516415596	0.09227973408997059	0.1350358072668314	0.04011468822136521	0.08041498810052872	0.058884880505502224	False	True	0.6979764699935913	0.059075452387332916	0.12200906127691269	0.004968969151377678	0.08990714699029922	0.026062939316034317	True	0.2791503965854645	0.1918925791978836	0.17411604523658752	0.14555184543132782	0.051938511431217194	0.15735070407390594
bi4jii	los angeles th the photo was taken at approximately pm	data/processed/pro_fakeddit/images/bi4jii.jpg	2	0	False	0.5931983292102814	0.4170529702678323	0.5931983292102814	0.022863046848215163	0.13558344170451164	0.04060749744530767	0.1761453589424491	0.03160233492963016	False	True	0.6720914244651794	0.005228161346167326	0.09188173711299896	0.004691094625741243	0.21680577099323273	0.009301797486841679	True	0.35651904344558716	0.07576770335435867	0.2666885554790497	0.14835670590400696	0.05416412279009819	0.0985039472579956
1h21lq	antifemalesuffrage french womens rights poster s	data/processed/pro_fakeddit/images/1h21lq.jpg	5	1	False	0.5901734754443169	0.45960467495024204	0.07835092209279537	0.5901734754443169	0.12281329184770584	0.05201570619828999	0.026077816728502512	0.13056880049407482	False	True	0.046773068606853485	0.6957933902740479	0.1118735522031784	0.01283199992030859	0.018264127895236015	0.11446388810873032	True	0.17308448255062103	0.2733137309551239	0.15563251078128815	0.1695668250322342	0.049518883228302	0.17888353765010834
csycv6	was adjusting my watch strap and found astonished hitler	data/processed/pro_fakeddit/images/csycv6.jpg	0	2	False	0.5896648466587067	0.366222258657217	0.22344258800148964	0.03882192489254521	0.5896648466587067	0.06857663951814175	0.02999066188931465	0.04950338299386203	False	True	0.2225913405418396	0.00048695559962652624	0.7101259231567383	0.04151704162359238	0.013534538447856903	0.011744261719286442	True	0.22599633038043976	0.15382683277130127	0.22828161716461182	0.14975543320178986	0.0793590322136879	0.1627807468175888
1kg266	joffrey baratheon jack gleeson holding up a funny caricaturefrom rpics	data/processed/pro_fakeddit/images/1kg266.jpg	0	2	False	0.5891586095094681	0.45771393831819296	0.11575352028012276	0.13144467119127512	0.5891586095094681	0.07125436794012785	0.03333040094003081	0.059058443643152714	False	True	0.11852966994047165	0.05357290431857109	0.7390075922012329	0.06140067055821419	0.0074805039912462234	0.020008694380521774	True	0.10742507129907608	0.3650599718093872	0.13961166143417358	0.10081546008586884	0.11088009178638458	0.17620769143104553
53ve7m	rules dont allow her teammates to help a calf who collapsed in the shower	data/processed/pro_fakeddit/images/53ve7m.jpg	3	0	False	0.5888823717832565	0.42073898762464523	0.5888823717832565	0.05805678432807326	0.1681433841586113	0.03379436588147655	0.10695012845098972	0.04417297872714698	False	True	0.6859844326972961	0.024795012548565865	0.1493527740240097	0.002411092398688197	0.12613628804683685	0.011320405639708042	True	0.2975761890411377	0.15784209966659546	0.22451521456241608	0.1279441863298416	0.049391649663448334	0.1427306979894638
divnav	adolf hitler discovers that steiners offensive did not even start berlin	data/processed/pro_fakeddit/images/divnav.jpg	2	0	False	0.5867470055818558	0.3532259799540043	0.5867470055818558	0.06558830430731177	0.2335210256278515	0.05475022969767451	0.009121710878389422	0.05027170454559382	False	True	0.7052488923072815	0.016497286036610603	0.26080402731895447	0.0165823046118021	6.13275624345988e-05	0.0008061475236900151	True	0.2312413454055786	0.21286135911941528	0.15167202055454254	0.16925400495529175	0.03630286082625389	0.19866837561130524
68k859	apparently disneys giant turkey legs arent actually turkey	data/processed/pro_fakeddit/images/68k859.jpg	5	2	False	0.585977878421545	0.3762328401207924	0.20974503830075264	0.07868435047566891	0.585977878421545	0.04573761019855738	0.03871013782918453	0.04114500037394464	False	True	0.1884174793958664	0.048725806176662445	0.714194118976593	0.011034619063138962	0.028811268508434296	0.008816723711788654	True	0.2737277150154114	0.1685599833726883	0.20132915675640106	0.14984658360481262	0.06840674579143524	0.1381298303604126
btlh06	these conjoined durians	data/processed/pro_fakeddit/images/btlh06.jpg	0	2	False	0.5849698036909103	0.33199404180049896	0.2529757618904114	0.041851058311294764	0.5849698036909103	0.04393760103266686	0.030388024635612965	0.04587771906517446	False	True	0.2619776129722595	0.003090376267209649	0.7048453688621521	0.006802255753427744	0.014327827841043472	0.008956518955528736	True	0.22597020864486694	0.1581331044435501	0.22534310817718506	0.15534363687038422	0.07856861501932144	0.15664131939411163
dmv20uc	that image explains alot	data/processed/pro_fakeddit/images/dmv20uc.jpg	4	0	False	0.5845845714211464	0.3008771687746048	0.5845845714211464	0.017118596588261425	0.2837074026465416	0.02347029125667177	0.04607548099011183	0.045043685007840395	False	True	0.6724978089332581	0.0008223964832723141	0.2715983986854553	0.000875546713359654	0.05053401738405228	0.003671860322356224	True	0.3208448588848114	0.06600719690322876	0.3200344145298004	0.09125452488660812	0.03269987180829048	0.1691591590642929
1kn3d1	seattle seahawks and make a wish do something absolutely incredible for yo with rare heart condition	data/processed/pro_fakeddit/images/1kn3d1.jpg	0	2	False	0.5841188319027424	0.3865748904645443	0.1975439414381981	0.05602024821564555	0.5841188319027424	0.045255837263539433	0.062122452072799206	0.05493880668655038	False	True	0.17570385336875916	0.017327526584267616	0.7082169055938721	0.010902798734605312	0.06689482927322388	0.020954234525561333	True	0.2630642056465149	0.17209841310977936	0.21182461082935333	0.1483149528503418	0.04780532047152519	0.15689252316951752
1y7eak	frightened figure skater	data/processed/pro_fakeddit/images/1y7eak.jpg	0	2	False	0.5822459422051907	0.3716847151517868	0.21056122705340385	0.08373879315331578	0.5822459422051907	0.06043235305696726	0.027469390770420432	0.035552322515286505	False	True	0.22352871298789978	0.01896328292787075	0.7164674997329712	0.02116885408759117	0.01420081127434969	0.005670859944075346	True	0.17165876924991608	0.2780653238296509	0.17958126962184906	0.17822284996509552	0.06727512925863266	0.12519671022891998
bun0ja	civenna italy above lake como	data/processed/pro_fakeddit/images/bun0ja.jpg	0	4	False	0.581114936619997	0.42794759944081306	0.1239321380853653	0.04002408328233287	0.15316733717918396	0.052363110706210136	0.581114936619997	0.04939836740959436	False	True	0.10371336340904236	0.0013837965670973063	0.15177768468856812	0.007573448121547699	0.7330399751663208	0.0025116964243352413	True	0.1845884621143341	0.15594494342803955	0.1573362946510315	0.18673209846019745	0.1253398209810257	0.1900583803653717
68laeg	deep in a song for wedding	data/processed/pro_fakeddit/images/68laeg.jpg	3	0	False	0.5806002467870712	0.36527644097805023	0.5806002467870712	0.029623857815749943	0.10622233897447586	0.04629934998229146	0.215323805809021	0.02193043308216147	False	True	0.6542348265647888	0.005683006253093481	0.06812317669391632	0.0013186540454626083	0.26879027485847473	0.0018501222366467118	True	0.35969650745391846	0.10144641250371933	0.22051982581615448	0.18124143779277802	0.05492439866065979	0.08217136561870575
c2y4n9	you can do the can can dance easy now as un deux trois everybody ooh la la do the can can	data/processed/pro_fakeddit/images/c2y4n9.jpg	2	0	False	0.5795946083962917	0.4095822386443615	0.5795946083962917	0.09107554517686367	0.17001236975193024	0.04558767890557647	0.05767613556236029	0.05605363845825195	False	True	0.6921204924583435	0.04152575880289078	0.15711194276809692	0.018269287422299385	0.05302712693810463	0.03794538229703903	True	0.2420169562101364	0.23972490429878235	0.20871365070343018	0.12754285335540771	0.07162316143512726	0.11037840694189072
b99yth	an yearold janitor comes to work expecting to clean instead nearly students sing him happy birthday the washington post	data/processed/pro_fakeddit/images/b99yth.jpg	0	2	False	0.5795395039021969	0.43182030878961086	0.14771919511258602	0.06546365981921554	0.5795395039021969	0.13875055685639381	0.01548029633704573	0.05304683465510607	False	True	0.11710401624441147	0.008222298696637154	0.717035174369812	0.1313806176185608	0.002127561252564192	0.024130385369062424	True	0.23956473171710968	0.23718774318695068	0.1670524924993515	0.16086037456989288	0.05553850159049034	0.139796182513237
73uic4	picture of german soldiers hearing the news of the fuhrers death	data/processed/pro_fakeddit/images/73uic4.jpg	2	0	False	0.5792251303792	0.34054625406861305	0.5792251303792	0.07198314648121595	0.23867887631058693	0.051112303393892944	0.017229644465260208	0.041770860902033746	False	True	0.6900458931922913	0.03701174631714821	0.26106351613998413	0.0043993317522108555	0.002697667572647333	0.004781827796250582	True	0.24676284193992615	0.1768973469734192	0.17152495682239532	0.1912512183189392	0.06082557514309883	0.15273796021938324
d7rnb0	smaller versions of upholstered car seats at a hardware store	data/processed/pro_fakeddit/images/d7rnb0.jpg	0	4	False	0.5789572149515152	0.4650731161236763	0.1138840988278389	0.05177921638824046	0.11112805269658566	0.09349969867616892	0.5789572149515152	0.050751734059304	False	True	0.10158061981201172	0.013973790220916271	0.0995040163397789	0.05323253199458122	0.70645672082901	0.02525235153734684	True	0.15079453587532043	0.165195494890213	0.14600016176700592	0.214301198720932	0.19645869731903076	0.12724988162517548
71o25c	fraud section fraud section	data/processed/pro_fakeddit/images/71o25c.jpg	1	0	False	0.5782899260520935	0.37342119589447975	0.5782899260520935	0.03896744642406702	0.20486873015761375	0.10211493144743145	0.02605953486636281	0.0496993875131011	False	True	0.7171351909637451	0.009656902402639389	0.2265564352273941	0.009447217918932438	0.025663381442427635	0.01154080405831337	True	0.16175413131713867	0.12689907848834991	0.1398056149482727	0.38011807203292847	0.027247995138168335	0.1641751378774643
7xfbz7	shaun white finding out he won gold in the olympics	data/processed/pro_fakeddit/images/7xfbz7.jpg	0	2	False	0.5776119194924831	0.3286125138401985	0.24899940565228462	0.06792511662933975	0.5776119194924831	0.03504027763847262	0.026596093084663153	0.04382722359150648	False	True	0.25302353501319885	0.0059916856698691845	0.7117781043052673	0.007607943844050169	0.013948196545243263	0.007650572806596756	True	0.23692701756954193	0.25372540950775146	0.17511336505413055	0.11733727902173996	0.06453978270292282	0.15235717594623566
5mdpkv	rhinoceros a successful conservation story in india the hindu	data/processed/pro_fakeddit/images/5mdpkv.jpg	0	2	False	0.5771148391067982	0.4432383868843317	0.13387645222246647	0.05804729973897338	0.5771148391067982	0.06155402818694711	0.09253223799169064	0.07687514740973711	False	True	0.11631100624799728	0.017019348219037056	0.7214882969856262	0.013935474678874016	0.0948859304189682	0.03635994717478752	True	0.18657279014587402	0.18113115429878235	0.14399446547031403	0.20440968871116638	0.08547116070985794	0.19842074811458588
2wvyxn	campaign leading white house contenders already violating finance laws report	data/processed/pro_fakeddit/images/2wvyxn.jpg	0	3	False	0.5765757784247398	0.4210396409034729	0.053534678649157286	0.15553613752126694	0.06843589525669813	0.5765757784247398	0.007667207159101963	0.13825029134750366	False	True	0.01968730427324772	0.13230830430984497	0.0426311232149601	0.6906815767288208	0.000977320596575737	0.11371433734893799	True	0.155076801776886	0.22521963715553284	0.14585021138191223	0.23425838351249695	0.02773686684668064	0.21185815334320068
ctdup0	monk sculpture in a church i visited	data/processed/pro_fakeddit/images/ctdup0.jpg	0	4	False	0.5759302712976933	0.4229731485247612	0.15295712277293205	0.03137620951747522	0.14822455495595932	0.06675588269717991	0.5759302712976933	0.02475596228032373	False	True	0.11740832030773163	0.003470446215942502	0.13553832471370697	0.00799457635730505	0.7346044778823853	0.0009838567348197103	True	0.2596035301685333	0.11509349942207336	0.18628324568271637	0.2430398017168045	0.09990765154361725	0.09607227891683578
2lbvc7	golfer lining up his shot	data/processed/pro_fakeddit/images/2lbvc7.jpg	0	2	False	0.574218824505806	0.3566959500312805	0.21752287447452545	0.03815055976156145	0.574218824505806	0.04364687419729307	0.09018317237496376	0.03627773479092866	False	True	0.22146223485469818	0.004235058557242155	0.6782051920890808	0.001832527806982398	0.08769276738166809	0.006572292651981115	True	0.20570479333400726	0.13989706337451935	0.26225972175598145	0.1690899133682251	0.09765438735485077	0.1253940612077713
8kv9e0	a fishnet worker in vietnam	data/processed/pro_fakeddit/images/8kv9e0.jpg	0	4	False	0.5736198388040066	0.43060050532221794	0.14301933348178864	0.0449884565314278	0.13486864417791367	0.06612866336945444	0.5736198388040066	0.03737509425263852	False	True	0.1358906775712967	0.0013655764050781727	0.11723080277442932	0.005383654963225126	0.7367150783538818	0.0034142457880079746	True	0.16440530121326447	0.17585709691047668	0.1877821683883667	0.2483636885881424	0.0843341201543808	0.13925763964653015
8xw82z	this cat wearing a birthday hat	data/processed/pro_fakeddit/images/8xw82z.jpg	0	2	False	0.5722091794013977	0.26346584409475327	0.30874333530664444	0.030777354491874576	0.5722091794013977	0.03282272774958983	0.020738559192977846	0.034708822320681065	False	True	0.3113816976547241	0.005813726224005222	0.6688859462738037	0.003550079418346286	0.006741866935044527	0.0036266224924474955	True	0.3008282482624054	0.10566823929548264	0.2821788787841797	0.12064067274332047	0.0627286359667778	0.12795542180538177
b4geqy	glasses for soccer they are convertible too	data/processed/pro_fakeddit/images/b4geqy.jpg	0	2	False	0.571724496781826	0.3221915625035763	0.24953293427824974	0.04117668862454593	0.571724496781826	0.062472793739289045	0.019224392948672175	0.05586869176477194	False	True	0.25079765915870667	0.004669279791414738	0.6914094686508179	0.021621892228722572	0.006656230427324772	0.024845454841852188	True	0.24573875963687897	0.15069891512393951	0.21266958117485046	0.18502549827098846	0.056928880512714386	0.1489384025335312
cq85ah6	dont even mention it bruh bruh	data/processed/pro_fakeddit/images/cq85ah6.jpg	4	2	False	0.570606179535389	0.33090368285775185	0.2397024966776371	0.040159295313060284	0.570606179535389	0.05141912121325731	0.058622526936233044	0.03949031454976648	False	True	0.22559912502765656	0.008722711354494095	0.6729084849357605	0.018880825489759445	0.07159361988306046	0.0022951592691242695	True	0.28201261162757874	0.13446904718875885	0.2636992633342743	0.14903400838375092	0.01970924809575081	0.15107578039169312
1ca6kk	people wont stop sending severed goat heads to wrigley field	data/processed/pro_fakeddit/images/1ca6kk.jpg	0	2	False	0.5705691948533058	0.38913635164499283	0.181432843208313	0.04477892676368356	0.5705691948533058	0.11668290384113789	0.022869514534249902	0.06366658862680197	False	True	0.15646958351135254	0.008821291849017143	0.6996248364448547	0.08361519128084183	0.011264338158071041	0.0402047224342823	True	0.25632262229919434	0.1526518315076828	0.18340227007865906	0.21588604152202606	0.057685043662786484	0.13405218720436096
cw0qa9	a public art found in smithfield meat market	data/processed/pro_fakeddit/images/cw0qa9.jpg	0	4	False	0.5701463930308819	0.38360750302672386	0.18653889000415802	0.058109604520723224	0.11645815148949623	0.03918144979979843	0.5701463930308819	0.02956551790703088	False	True	0.16552503407001495	0.0107881436124444	0.09310738742351532	0.0017884043045341969	0.7259988188743591	0.0027922107838094234	True	0.24958045780658722	0.2000739872455597	0.18651044368743896	0.15136058628559113	0.10258911550045013	0.10988543927669525
ces56a8	i felt like watching the hobbit again	data/processed/pro_fakeddit/images/ces56a8.jpg	4	2	False	0.5700547322630882	0.276715524494648	0.29333920776844025	0.03609013929963112	0.5700547322630882	0.04333889950066805	0.02003997121937573	0.0371370711363852	False	True	0.28173619508743286	0.009452477097511292	0.6716484427452087	0.01801297441124916	0.011062010191380978	0.008087916299700737	True	0.3281482458114624	0.1160031259059906	0.2652736008167267	0.11931667476892471	0.046973854303359985	0.1242845356464386
ddsb0z	the raised shape and the image of mjolnir on my copy of norse mythology are slightly misaligned	data/processed/pro_fakeddit/images/ddsb0z.jpg	0	2	False	0.5666934959590435	0.34470362216234207	0.22198987379670143	0.03273861500201747	0.5666934959590435	0.050300432834774256	0.04080623108893633	0.08747130469419062	False	True	0.25345176458358765	0.0034492092672735453	0.6817760467529297	0.008330224081873894	0.03786855563521385	0.01512415986508131	True	0.12760420143604279	0.12060683220624924	0.22144584357738495	0.17621105909347534	0.04961925745010376	0.30451273918151855
4cyrg3	prostitutes no thanks were from chan modern meme against prostitution happy fools day	data/processed/pro_fakeddit/images/4cyrg3.jpg	5	1	False	0.5665504783391953	0.3732432909309864	0.19330718740820885	0.5665504783391953	0.12025732360780239	0.0412498670630157	0.016027749283239245	0.0626073507592082	False	True	0.19660291075706482	0.6519059538841248	0.10483109205961227	0.009512225165963173	0.007699356414377689	0.029448408633470535	True	0.18342001736164093	0.31048405170440674	0.16653601825237274	0.13646279275417328	0.041012927889823914	0.1620841771364212
b69mw5	rare footage of a jewish man crying for mercy right before his execution by the german ss officer otto dietrich	data/processed/pro_fakeddit/images/b69mw5.jpg	2	0	False	0.56564000248909	0.2877591773867607	0.56564000248909	0.06328027369454503	0.27788082510232925	0.041476891725324094	0.01329593219634262	0.0384260315913707	False	True	0.6508085131645203	0.01511303149163723	0.3193019926548004	0.005976912099868059	6.609594856854528e-05	0.008733398281037807	True	0.3101344704627991	0.20778200030326843	0.15361732244491577	0.1479768306016922	0.05298544093966484	0.12750393152236938
7t252d	this fallen post looks like a discarded cigarette	data/processed/pro_fakeddit/images/7t252d.jpg	2	0	False	0.5596693716943264	0.31149986386299133	0.5596693716943264	0.04760175594128668	0.24816950783133507	0.0436438072938472	0.04721015552058816	0.05370540823787451	False	True	0.6677175164222717	0.014013047330081463	0.2554178833961487	0.009516543708741665	0.028231700882315636	0.025103304535150528	True	0.23552493751049042	0.14836788177490234	0.22642438113689423	0.14602559804916382	0.10414551943540573	0.13951171934604645
6feuw6	jumping spider trying to appear intimidating	data/processed/pro_fakeddit/images/6feuw6.jpg	0	2	False	0.5592665560543537	0.30164606496691704	0.2576204910874367	0.036036283359862864	0.5592665560543537	0.04305324028246105	0.07244573719799519	0.03157771297264844	False	True	0.24517744779586792	0.004840205889195204	0.6655011177062988	0.009648517705500126	0.06937894970178604	0.005453804042190313	True	0.29494962096214294	0.12962451577186584	0.24056287109851837	0.1432674080133438	0.08164609968662262	0.10994943976402283
d7e2ga	one red tomato on a yellow tomato plant	data/processed/pro_fakeddit/images/d7e2ga.jpg	0	2	False	0.5591445825994015	0.32968910597264767	0.2294554766267538	0.05721711975638755	0.5591445825994015	0.053294920129701495	0.050825838930904865	0.050062084454111755	False	True	0.2684798538684845	0.0009373159846290946	0.6748211979866028	0.014949903823435307	0.03433986380696297	0.006471904460340738	True	0.11238234490156174	0.2260565310716629	0.21211473643779755	0.16832996904850006	0.10028376430273056	0.1808326244354248
926yx3	amazing how davinci captured that subtle smile circa	data/processed/pro_fakeddit/images/926yx3.jpg	2	4	False	0.5589267648756504	0.3329259790480137	0.11684020049870014	0.03839395288378	0.22600078582763672	0.03374235215596855	0.5589267648756504	0.026095913068274967	False	True	0.05627133697271347	0.0259079672396183	0.18926849961280823	0.003768571652472019	0.724194347858429	0.0005892580957151949	True	0.29854679107666016	0.0758519098162651	0.3361976444721222	0.12366369366645813	0.06312401592731476	0.10261587798595428
21i5ic	discarded and depressed	data/processed/pro_fakeddit/images/21i5ic.jpg	2	0	False	0.5575749054551125	0.38222428876906633	0.5575749054551125	0.032035148004069924	0.1538234855979681	0.04709316953085363	0.17535061668604612	0.03412264585494995	False	True	0.6291955709457397	0.009444947354495525	0.12153030186891556	0.0155094088986516	0.21937941014766693	0.004940308630466461	True	0.3427129089832306	0.09980574995279312	0.25070303678512573	0.14184445142745972	0.0432642363011837	0.12166965752840042
9dy5gr	nixon and brezhnev sign the prevention of nuclear war agreement	data/processed/pro_fakeddit/images/9dy5gr.jpg	2	1	False	0.5560349524021149	0.3763486184179783	0.08239857107400894	0.5560349524021149	0.04325362853705883	0.10116185620427132	0.03746467176824808	0.17968633398413658	False	True	0.05162447690963745	0.650546133518219	0.02591545134782791	0.06667953729629517	0.03578774631023407	0.169446662068367	True	0.1747208535671234	0.2725014090538025	0.09526816010475159	0.20460881292819977	0.042495448142290115	0.2104053497314453
31vdjm	saudis refuse swedish zoos monkeys in diplomatic spat	data/processed/pro_fakeddit/images/31vdjm.jpg	0	2	False	0.5551384277641773	0.4240142945200205	0.13112413324415684	0.08215896412730217	0.5551384277641773	0.06544020073488355	0.07818423770368099	0.08795404154807329	False	True	0.11987314373254776	0.04509429633617401	0.684814453125	0.025464212521910667	0.07742906361818314	0.04732484742999077	True	0.16487710177898407	0.19335296750068665	0.1661103516817093	0.18536816537380219	0.08044975996017456	0.20984162390232086
34i2vp	ovechkins funny looking wax figure	data/processed/pro_fakeddit/images/34i2vp.jpg	0	2	False	0.5532447807490826	0.27993689104914665	0.2733078896999359	0.05668632755987346	0.5532447807490826	0.05043476400896907	0.04201751132495701	0.024308748077601194	False	True	0.2689972221851349	0.01194742415100336	0.6736636161804199	0.0252977404743433	0.014199166558682919	0.005894886329770088	True	0.286239892244339	0.19090303778648376	0.1919882744550705	0.12584583461284637	0.1254725456237793	0.07955033332109451
19hzae	im sure youll find something with this	data/processed/pro_fakeddit/images/19hzae.jpg	0	2	False	0.5527945905923843	0.2717050090432167	0.28108958154916763	0.04131191270425916	0.5527945905923843	0.0392139102332294	0.05598992481827736	0.029600045934785157	False	True	0.2556363344192505	0.02458234690129757	0.6531208753585815	0.0037554893642663956	0.05938608571887016	0.0035188363399356604	True	0.35744932293891907	0.09150061011314392	0.2518157362937927	0.1455891728401184	0.04580144211649895	0.10784367471933365
1f4lyn	this fella doesnt like the idea hes being watched by the gigapixel camera in dubai	data/processed/pro_fakeddit/images/1f4lyn.jpg	2	4	False	0.5506008323282003	0.3301634732633829	0.1096464954316616	0.04331272449053358	0.22043735906481743	0.04690193384885788	0.5506008323282003	0.029100676882080734	False	True	0.06612056493759155	0.0007391619146801531	0.2085503488779068	0.015011042356491089	0.7072163820266724	0.002362529281526804	True	0.24022428691387177	0.17103341221809387	0.2560983896255493	0.14257460832595825	0.08075418323278427	0.10931511968374252
53trsa	black cat sitting on a rail	data/processed/pro_fakeddit/images/53trsa.jpg	0	2	False	0.5499795190989971	0.317404430359602	0.23257508873939514	0.04337181756272912	0.5499795190989971	0.04472610680386424	0.06798946857452393	0.06135793635621667	False	True	0.2649655044078827	0.0030558686703443527	0.6720459461212158	0.008091429248452187	0.048332929611206055	0.00350823812186718	True	0.1354038417339325	0.16431966423988342	0.183780238032341	0.1546301394701004	0.12695908546447754	0.23490703105926514
7s47f1	saw this in twitter had to share	data/processed/pro_fakeddit/images/7s47f1.jpg	2	0	False	0.5472640693187714	0.22566431760787964	0.5472640693187714	0.023639529244974256	0.3215997517108917	0.03526969347149134	0.011718214489519596	0.060508742928504944	False	True	0.5970543622970581	0.006182185374200344	0.3528524935245514	0.008738722652196884	0.002686724066734314	0.032485514879226685	True	0.39789319038391113	0.07601156085729599	0.22784152626991272	0.1148626059293747	0.03881268575787544	0.14457842707633972
bkopzz	one of the lobsters at my local grocery store is blue	data/processed/pro_fakeddit/images/bkopzz.jpg	0	2	False	0.5472370348870754	0.36207375675439835	0.18516327813267708	0.04296390828676522	0.5472370348870754	0.03962028387468308	0.10877792723476887	0.07623763754963875	False	True	0.16882173717021942	0.005535847507417202	0.6696760058403015	0.005349213723093271	0.1227397471666336	0.027877524495124817	True	0.23418790102005005	0.15524809062480927	0.17992012202739716	0.14243349432945251	0.06689246743917465	0.22131797671318054
8bez0d	firstever hotel space expected to welcome tourists by	data/processed/pro_fakeddit/images/8bez0d.jpg	0	4	False	0.5464667398482561	0.37112673930823803	0.17534000054001808	0.03554016351699829	0.11117060482501984	0.05921510374173522	0.5464667398482561	0.07226736005395651	False	True	0.13559405505657196	0.009364835917949677	0.08202357590198517	0.016069309785962105	0.7058945298194885	0.051053646951913834	True	0.29457783699035645	0.11406614631414413	0.19861169159412384	0.18865248560905457	0.06818336993455887	0.13590849936008453
94zeeo	nick young of all people says oncourt nba fashion is getting too out of hand	data/processed/pro_fakeddit/images/94zeeo.jpg	0	2	False	0.5458655990660191	0.32147374376654625	0.2243918552994728	0.05148681241553277	0.5458655990660191	0.08894699439406395	0.03655366599559784	0.05275504197925329	False	True	0.21839307248592377	0.005036050919443369	0.6703566908836365	0.06375117599964142	0.023852810263633728	0.0186101533472538	True	0.24238820374011993	0.19083909690380096	0.1723923236131668	0.16453444957733154	0.07465623319149017	0.15518970787525177
6oqx0c	dog with hotdog in his mouth	data/processed/pro_fakeddit/images/6oqx0c.jpg	0	2	False	0.5443614162504673	0.3867936506867409	0.15756776556372643	0.0912110093049705	0.5443614162504673	0.044489889522083104	0.13018231466412544	0.032187599514145404	False	True	0.1687687784433365	0.010349566116929054	0.6721553802490234	0.006518879439681768	0.13975819945335388	0.002449176972731948	True	0.12396472692489624	0.33379533886909485	0.1609795242547989	0.1584029197692871	0.10145466029644012	0.12140286713838577
chep2r	the trash can at a restaurant near me is named tom	data/processed/pro_fakeddit/images/chep2r.jpg	0	2	False	0.5428379811346531	0.2888092063367367	0.2540287747979164	0.024897554598283023	0.5428379811346531	0.10081665217876434	0.04161558207124472	0.035803527338430285	False	True	0.23981249332427979	0.002925681183114648	0.6467489004135132	0.06339363753795624	0.03254379704594612	0.01457557175308466	True	0.2966776192188263	0.09081317484378815	0.23110522329807281	0.21308569610118866	0.0688309371471405	0.09948739409446716
cghliv	this fox on the roof outside my bedroom window	data/processed/pro_fakeddit/images/cghliv.jpg	0	2	False	0.542336281388998	0.2953646779060364	0.24697160348296165	0.034165676741395146	0.542336281388998	0.05578895891085267	0.0638287952169776	0.056908666389063	False	True	0.2699618339538574	0.0026596735697239637	0.6525725722312927	0.015810979530215263	0.051229577511548996	0.0077653368934988976	True	0.17800091207027435	0.1286836862564087	0.21162740886211395	0.1757228970527649	0.1016264483332634	0.2043386548757553
6b9igu	us air force fa raptor stealth fighter jets over the western pacific ocean	data/processed/pro_fakeddit/images/6b9igu.jpg	0	4	False	0.5413293335586786	0.3454038854688406	0.19592544808983803	0.06768520968034863	0.055937834084033966	0.049202611087821424	0.5413293335586786	0.08991959225386381	False	True	0.20780478417873383	0.01136687956750393	0.04192680865526199	0.004190188366919756	0.6959835290908813	0.038727838546037674	True	0.16028743982315063	0.23664020001888275	0.09797091037034988	0.18423987925052643	0.07736674696207047	0.24349485337734222
4hownt	closeup footage of a newly discovered deep sea fish	data/processed/pro_fakeddit/images/4hownt.jpg	2	0	False	0.5388739034533501	0.27235231176018715	0.5388739034533501	0.03563295549247414	0.2665215916931629	0.06077992240898311	0.05357119347900152	0.044620415079407394	False	True	0.6360718607902527	0.003583702724426985	0.28864240646362305	0.009319738484919071	0.055139876902103424	0.007242413703352213	True	0.2472800314426422	0.1317807137966156	0.20015914738178253	0.21516047418117523	0.048865143209695816	0.15675441920757294
6ii03t	young girl from honduras gets second chance at hearing	data/processed/pro_fakeddit/images/6ii03t.jpg	0	2	False	0.5385536998510361	0.2659144029021263	0.27263929694890976	0.031226654653437436	0.5385536998510361	0.06337286904454231	0.0337727009318769	0.06043474655598402	False	True	0.27372607588768005	0.0072688995860517025	0.6515955328941345	0.016036778688430786	0.024475635960698128	0.026897046715021133	True	0.2693789601325989	0.10309991985559464	0.19942820072174072	0.2053811401128769	0.06166389584541321	0.16104784607887268
bw46oc	this pepper looks like a clown face	data/processed/pro_fakeddit/images/bw46oc.jpg	0	2	False	0.5382666736841202	0.27250757813453674	0.26575909554958344	0.04038704978302121	0.5382666736841202	0.03483119053998962	0.08279591426253319	0.03796008229255676	False	True	0.28641843795776367	0.0021049436181783676	0.6249376535415649	0.002217816887423396	0.07796511799097061	0.006356045603752136	True	0.20378106832504272	0.15523336827754974	0.2782537341117859	0.1326713114976883	0.09728830307722092	0.13277219235897064
bqj6pm	sprinter dutee chand is indias first sportsperson to open up about her samesex relationship	data/processed/pro_fakeddit/images/bqj6pm.jpg	0	2	False	0.5379034616053104	0.3253067024052143	0.21259675920009613	0.06606737105175853	0.5379034616053104	0.09956769272685051	0.01949353760574013	0.06437116349115968	False	True	0.23331572115421295	0.002906644716858864	0.6588529944419861	0.0764060914516449	0.003378655295819044	0.025139866396784782	True	0.15043987333774567	0.2555495500564575	0.1750548630952835	0.16905249655246735	0.06783818453550339	0.18206505477428436
148sgj	conservapedia emc is a liberal conspiracy	data/processed/pro_fakeddit/images/148sgj.jpg	0	2	False	0.5378997325897217	0.40273312991485	0.10579082928597927	0.04627955565229058	0.5378997325897217	0.07707562204450369	0.13516660267487168	0.0977875986136496	False	True	0.08624584227800369	0.013110829517245293	0.6751348972320557	0.029447171837091446	0.17315897345542908	0.02290220372378826	True	0.164425790309906	0.14578573405742645	0.12619423866271973	0.21996097266674042	0.0211894903331995	0.32244378328323364
2c9jfi	mary river turtle with moss on its back	data/processed/pro_fakeddit/images/2c9jfi.jpg	0	4	False	0.537250954657793	0.3066450525075197	0.06383427139371634	0.08927490748465061	0.23060590215027332	0.05063730984693393	0.537250954657793	0.028396648936904967	False	True	0.05064364895224571	0.02687930315732956	0.2660764455795288	0.0019972838927060366	0.6512551307678223	0.003148182760924101	True	0.1034061387181282	0.27646172046661377	0.12419427186250687	0.19655738770961761	0.19523842632770538	0.10414204746484756
39iq79	police use twitter to locate parents of wandering yearold boy	data/processed/pro_fakeddit/images/39iq79.jpg	0	2	False	0.5337276086211205	0.3382566049695015	0.1286910604685545	0.03193243010900915	0.5337276086211205	0.19547100365161896	0.011521958960656775	0.0986559484153986	False	True	0.07338912039995193	0.014974270947277546	0.6376616358757019	0.18816177546977997	3.506023494992405e-05	0.08577815443277359	True	0.2945968806743622	0.08280690759420395	0.2219255268573761	0.21739868819713593	0.04598265513777733	0.13728933036327362
b6ecug	they keys to the bathrooms at work are kitchen utensils so they dont get stolen or lost	data/processed/pro_fakeddit/images/b6ecug.jpg	0	2	False	0.5333820804953575	0.23961666226387024	0.2937654182314873	0.050339671317487955	0.5333820804953575	0.04297808604314923	0.05504144914448261	0.02449330221861601	False	True	0.2841143012046814	0.015473602339625359	0.639329731464386	0.010186290368437767	0.04815443605184555	0.002741623669862747	True	0.3227187693119049	0.15493787825107574	0.2155391275882721	0.14135347306728363	0.0757024884223938	0.0897483378648758
868ro2	padtampon dispenser looks like a metallic groot	data/processed/pro_fakeddit/images/868ro2.jpg	2	4	False	0.5331946946680546	0.35991600155830383	0.17327869310975075	0.047592006681952626	0.16177113354206085	0.049474424915388227	0.5331946946680546	0.03468903317116201	False	True	0.16190800070762634	0.0030942808371037245	0.1443825364112854	0.014012857340276241	0.6741889715194702	0.0024133147671818733	True	0.20739077031612396	0.18108518421649933	0.2139369249343872	0.15585912764072418	0.11021186411380768	0.13151618838310242
b2ldfz	this gift card expires in a millennium	data/processed/pro_fakeddit/images/b2ldfz.jpg	0	3	False	0.5325612984597683	0.329042986035347	0.18608420714735985	0.019902308093151078	0.2035183124244213	0.5325612984597683	0.014744034706382081	0.043189900228753686	False	True	0.1560155302286148	0.001490039867348969	0.183493509888649	0.645363986492157	0.0005452182376757264	0.013091790489852428	True	0.27629023790359497	0.0751391127705574	0.2635927200317383	0.19415323436260223	0.057340484112501144	0.13348422944545746
db1kn4	me shying away from responsibilities be like	data/processed/pro_fakeddit/images/db1kn4.jpg	0	2	False	0.5306781828403473	0.22993221879005432	0.30074596405029297	0.04240824934095144	0.5306781828403473	0.03797284618485719	0.058295766822993755	0.029899016255512834	False	True	0.2876289486885071	0.016300108283758163	0.6210848689079285	0.0032200380228459835	0.06534410268068314	0.006421956233680248	True	0.34009701013565063	0.12073267251253128	0.25945812463760376	0.1422312706708908	0.03715075924992561	0.10033019632101059
cc6kr2	still shot from an area guards gopro footage during the st day of the siege of a notice the heavy usage of experimental technology such as perks video game hud and a pack a punch machine yet the base is heavily damaged and the soldier is out of ammo	data/processed/pro_fakeddit/images/cc6kr2.jpg	2	0	False	0.5306446626782417	0.33699389174580574	0.5306446626782417	0.04273283400107175	0.13695432990789413	0.05277472408488393	0.193650770932436	0.043242729268968105	False	True	0.6195076704025269	0.003686749842017889	0.12467886507511139	0.017516454681754112	0.23029129207134247	0.0043190158903598785	True	0.26405563950538635	0.15987108647823334	0.17378072440624237	0.15854953229427338	0.08372920751571655	0.16001386940479279
dd7csb	santa claus reelection to north pole city council	data/processed/pro_fakeddit/images/dd7csb.jpg	0	2	False	0.5302739366889	0.3424733281135559	0.18780060857534409	0.05811748839914799	0.5302739366889	0.13553970865905285	0.024309553438797593	0.06395864021033049	False	True	0.16926103830337524	0.019496478140354156	0.6587399244308472	0.09820125252008438	0.014067637734115124	0.040233585983514786	True	0.2434193193912506	0.17398051917552948	0.14487597346305847	0.24755507707595825	0.055035300552845	0.1351338028907776
3vt391	police burglary suspect identified by name on shirt	data/processed/pro_fakeddit/images/3vt391.jpg	0	1	False	0.5291358325630426	0.29092765785753727	0.06628419924527407	0.5291358325630426	0.08368018502369523	0.23820817470550537	0.013015544507652521	0.06967602670192719	False	True	0.013454195111989975	0.6672434210777283	0.030786065384745598	0.23738263547420502	0.000992683693766594	0.050140947103500366	True	0.22477421164512634	0.11481306701898575	0.24236254394054413	0.24068479239940643	0.0490841269493103	0.12828126549720764
b1nlad	scary or scared fireplace	data/processed/pro_fakeddit/images/b1nlad.jpg	2	0	False	0.5290588885545731	0.2662740461528301	0.5290588885545731	0.030882749750162475	0.26278484240174294	0.04896436328999698	0.09881841391324997	0.02949070613249205	False	True	0.6253458857536316	0.00015643989900127053	0.2760857045650482	0.002682388760149479	0.09429001063108444	0.0014395249309018254	True	0.24019789695739746	0.12306167930364609	0.2228822559118271	0.1878102868795395	0.11240362375974655	0.11364424973726273
1slz3a	a levitating spatulawielding friend	data/processed/pro_fakeddit/images/1slz3a.jpg	0	4	False	0.5286371726542711	0.2921438980847597	0.2364932745695114	0.0478713734773919	0.12018083035945892	0.04171772740664892	0.5286371726542711	0.025099630183831323	False	True	0.230812668800354	0.0077927508391439915	0.08626912534236908	0.00117532501462847	0.6734744906425476	0.00047566331340931356	True	0.25353509187698364	0.16810724139213562	0.22191594541072845	0.16334493458271027	0.09412521868944168	0.09897153079509735
3nxb06	wait gg are the people the behind the latest study claiming gg are the video author as an embittered rival when that is slightly better than google blackjack and hookers optional	data/processed/pro_fakeddit/images/3nxb06.jpg	3	0	False	0.5280172228813171	0.2580764852464199	0.5280172228813171	0.04258334817131981	0.26994073763489723	0.09142031706869602	0.01371217321138829	0.054326164652593434	False	True	0.6410031914710999	0.001249638618901372	0.30942100286483765	0.0360066220164299	0.006518038455396891	0.005801477935165167	True	0.189059317111969	0.16658447682857513	0.151499941945076	0.2576614022254944	0.03529457747936249	0.19990022480487823
ruhuh	tough guide to baghdad iraqi artist satirizes the occupation	data/processed/pro_fakeddit/images/ruhuh.jpg	5	2	False	0.5249709077179432	0.36181241273880005	0.16315849497914314	0.10341030452400446	0.5249709077179432	0.07476206868886948	0.10041289776563644	0.033285298792179674	False	True	0.1565602868795395	0.02708561345934868	0.6560178399085999	0.051441341638565063	0.10711812227964401	0.0017767914105206728	True	0.1829531192779541	0.3323843777179718	0.1318301111459732	0.14472424983978271	0.08029722422361374	0.12781082093715668
bl9olk	i thought there was a person buried to the neck	data/processed/pro_fakeddit/images/bl9olk.jpg	2	0	False	0.52440245449543	0.1972702071070671	0.52440245449543	0.02243303397881391	0.3271322473883629	0.03903226647526026	0.06689439713954926	0.020105505114770494	False	True	0.5767053961753845	0.00010447057866258547	0.3528608977794647	0.0010871849954128265	0.06881453841924667	0.0004274047096259892	True	0.3674936294555664	0.08941872417926788	0.24994629621505737	0.15286751091480255	0.061133973300457	0.07913980633020401
cpkmtf	my bush cant decide which color blossoms it wants to carry so lets try rose purple and white	data/processed/pro_fakeddit/images/cpkmtf.jpg	0	2	False	0.5242461785674095	0.2680649906396866	0.25618118792772293	0.03147578866628464	0.5242461785674095	0.06784570775926113	0.06473455391824245	0.055516595020890236	False	True	0.25599104166030884	0.0007889106054790318	0.6087216138839722	0.05254962295293808	0.05963853746652603	0.022310279309749603	True	0.2567516267299652	0.12353642284870148	0.27081987261772156	0.11373396217823029	0.08002260327339172	0.15513554215431213
7eyee9	woman posing on the beach	data/processed/pro_fakeddit/images/7eyee9.jpg	0	4	False	0.5234614089131355	0.3192621283233166	0.20419928058981895	0.020683438749983907	0.18812866881489754	0.04257648914062884	0.5234614089131355	0.020950726931914687	False	True	0.19247029721736908	0.00015412922948598862	0.1448395699262619	0.000895730045158416	0.6602026224136353	0.0014376463368535042	True	0.23938623070716858	0.08227136731147766	0.31799596548080444	0.1676187664270401	0.11323776841163635	0.07948996871709824
9gy0g9	chewbacca over the moon after receiving his gold disk certification for over sales of his smash hit looking for love in alderaan places circa a long time ago in a galaxy far far away	data/processed/pro_fakeddit/images/9gy0g9.jpg	2	0	False	0.5231158807873726	0.23933996260166168	0.5231158807873726	0.09424652508459985	0.2837759181857109	0.03878616541624069	0.02736824657768011	0.03270725480251713	False	True	0.64688640832901	0.002989565022289753	0.3324485123157501	0.0017272979021072388	0.015612807124853134	0.00033540456206537783	True	0.15180429816246033	0.36801740527153015	0.13775813579559326	0.14996276795864105	0.06263456493616104	0.12982280552387238
cd2mjg	winston churchill reenters the government	data/processed/pro_fakeddit/images/cd2mjg.jpg	2	1	False	0.5224610269069672	0.3424314185976982	0.18002960830926895	0.5224610269069672	0.07639423198997974	0.05744927143678069	0.010426737717352808	0.153239194303751	False	True	0.17040984332561493	0.6025270223617554	0.06444347649812698	0.016492502763867378	0.0012905378825962543	0.1448366940021515	True	0.20888890326023102	0.28226304054260254	0.11224649846553802	0.18031957745552063	0.03783533722162247	0.1784466952085495
bru2zu	the way this textbook is printed made me think my vision was blurry	data/processed/pro_fakeddit/images/bru2zu.jpg	0	2	False	0.522127777338028	0.34332896023988724	0.1387227326631546	0.046025024726986885	0.522127777338028	0.08181661739945412	0.03250902349827811	0.17879881709814072	False	True	0.1125677078962326	0.028840743005275726	0.6009027361869812	0.06760504096746445	0.003628611797466874	0.1864551454782486	True	0.2171878069639206	0.09757786989212036	0.2858029007911682	0.12445134669542313	0.11915025860071182	0.15582983195781708
9ec7eq	ill be eating the meatennium falcon	data/processed/pro_fakeddit/images/9ec7eq.jpg	0	2	False	0.5219551213085651	0.21781348809599876	0.3041416332125664	0.042306883638957515	0.5219551213085651	0.047378743533045053	0.03821560926735401	0.04600203246809542	False	True	0.31796443462371826	0.0019198040245100856	0.627417266368866	0.006710929796099663	0.03442307934165001	0.0115645257756114	True	0.2626732289791107	0.1634681224822998	0.20556868612766266	0.16938218474388123	0.04959319904446602	0.14931455254554749
57qa8c	little kids rock nonprofit reaches k kids through pop rap music	data/processed/pro_fakeddit/images/57qa8c.jpg	0	2	False	0.5205767303705215	0.2527744248509407	0.26780230551958084	0.0608628059271723	0.5205767303705215	0.07356066256761551	0.031771724577993155	0.045425756950862706	False	True	0.2945118546485901	0.004411022178828716	0.6464192867279053	0.021378666162490845	0.027054255828261375	0.006224894430488348	True	0.1876736581325531	0.23021815717220306	0.14304906129837036	0.2301066517829895	0.04592413082718849	0.16302834451198578
critus	my cat is facing the camera and his eyes are wide open but you cant see them in the picture	data/processed/pro_fakeddit/images/critus.jpg	0	2	False	0.5202931463718414	0.14779754728078842	0.372495599091053	0.020568253588862717	0.5202931463718414	0.02871332038193941	0.03047424484975636	0.02745540253818035	False	True	0.38347750902175903	0.004129400011152029	0.5926526784896851	0.0049980320036411285	0.008200443349778652	0.006541930139064789	True	0.33954986929893494	0.06988481432199478	0.30321455001831055	0.09985918551683426	0.09729564934968948	0.09019581973552704
4vheho	exconvicts are raising thousands of dollars for a football team in north texas	data/processed/pro_fakeddit/images/4vheho.jpg	0	2	False	0.5200794264674187	0.22708939388394356	0.2929900325834751	0.05375573044875637	0.5200794264674187	0.07773873396217823	0.017187709687277675	0.038248396827839315	False	True	0.32259735465049744	0.002850989578291774	0.6469053626060486	0.01908942312002182	0.003979501314461231	0.004577417392283678	True	0.20416806638240814	0.20646995306015015	0.13960161805152893	0.25368666648864746	0.056812334805727005	0.13926133513450623
22frw2	this toilet has seen so much shit it has a yard stare	data/processed/pro_fakeddit/images/22frw2.jpg	2	0	False	0.5194461196660995	0.36793075129389763	0.5194461196660995	0.06818477902561426	0.15151536837220192	0.10687645152211189	0.07651285827159882	0.07746443152427673	False	True	0.6080949902534485	0.029441621154546738	0.1318891942501068	0.09442934393882751	0.07204030454158783	0.06410453468561172	True	0.25349950790405273	0.18441425263881683	0.21039389073848724	0.14421777427196503	0.08993051946163177	0.11754412204027176
3abvvc	jesus writing the constitution	data/processed/pro_fakeddit/images/3abvvc.jpg	0	4	False	0.5193534195423126	0.26371805742383003	0.2556353621184826	0.05353567283600569	0.05574985779821873	0.06275748601183295	0.5193534195423126	0.05296820588409901	False	True	0.26201221346855164	0.012404236942529678	0.02306557446718216	0.014432581141591072	0.6750553250312805	0.013030074536800385	True	0.23650480806827545	0.17692998051643372	0.15380270779132843	0.2077322006225586	0.052247703075408936	0.17278259992599487
c6wpb5i	yes im showing myself out	data/processed/pro_fakeddit/images/c6wpb5i.jpg	4	0	False	0.5186998695135117	0.3267628736793995	0.5186998695135117	0.19193699583411217	0.19078441709280014	0.0450849246699363	0.02768307039514184	0.025810718187130988	False	True	0.5675742030143738	0.2321283370256424	0.16171252727508545	0.010007894597947598	0.022249823436141014	0.00632719649001956	True	0.3720768690109253	0.07136297225952148	0.2780000865459442	0.1503160148859024	0.04398281127214432	0.08426128327846527
7v0lpf	zigg with his alien face marking	data/processed/pro_fakeddit/images/7v0lpf.jpg	2	0	False	0.5183336921036243	0.26491067185997963	0.5183336921036243	0.03710775525541976	0.2534230202436447	0.049068095278926194	0.10436020977795124	0.037707277573645115	False	True	0.6338904500007629	0.0028381606098264456	0.26620081067085266	0.004911867436021566	0.07978297024965286	0.01237582042813301	True	0.17166341841220856	0.1399165391921997	0.21508964896202087	0.18153677880764008	0.17809192836284637	0.11370164901018143
2fmqky	man stabbed during dispute over meatball in fallston	data/processed/pro_fakeddit/images/2fmqky.jpg	0	3	False	0.516950462013483	0.3104291260242462	0.08601692598313093	0.077254643663764	0.09696400351822376	0.516950462013483	0.01629261061316356	0.20652133598923683	False	True	0.024380836635828018	0.040162406861782074	0.07971998304128647	0.6267383694648743	0.002475439803674817	0.22652292251586914	True	0.2709251940250397	0.18853135406970978	0.14869606494903564	0.1875867396593094	0.05774412304162979	0.1465165764093399
946bq1	refugees offered housing on an aged care property to help build rental history community responds with empathy and inclusion	data/processed/pro_fakeddit/images/946bq1.jpg	0	2	False	0.5149482078850269	0.33958084136247635	0.17536736652255058	0.12801369465887547	0.5149482078850269	0.07836037874221802	0.022489402443170547	0.08082097209990025	False	True	0.14352817833423615	0.12347111850976944	0.6230122447013855	0.04100504517555237	0.013348367065191269	0.05563507229089737	True	0.2708849310874939	0.14164142310619354	0.19075609743595123	0.19042637944221497	0.04991250857710838	0.15637867152690887
cy8ao4	caesar and cleopatra agree to reclaim her throne circa bc	data/processed/pro_fakeddit/images/cy8ao4.jpg	2	0	False	0.5147844478487968	0.20105792209506035	0.5147844478487968	0.058990395395085216	0.3137265257537365	0.0469050663523376	0.02318712300620973	0.042406503460370004	False	True	0.5918497443199158	0.015226894058287144	0.36400648951530457	0.009663308039307594	0.013316110707819462	0.005937532056123018	True	0.28358855843544006	0.19028089940547943	0.1628866344690323	0.1586303412914276	0.05280015990138054	0.15181341767311096
42yrnt	cristiano ronaldo gives alessandra ambrosio a lift	data/processed/pro_fakeddit/images/42yrnt.jpg	0	2	False	0.5137040056288242	0.3289998434484005	0.18470416218042374	0.033119228086434305	0.5137040056288242	0.05266429693438113	0.17666488327085972	0.039143437636084855	False	True	0.17661362886428833	0.005061418283730745	0.6111918687820435	0.01049195509403944	0.19389775395393372	0.0027433610521256924	True	0.20897576212882996	0.11729265749454498	0.22124041616916656	0.1791813224554062	0.12496627122163773	0.14834366738796234
37kshv	according to science youve probably been pooping wrong your whole life	data/processed/pro_fakeddit/images/37kshv.jpg	0	1	False	0.5131446942687035	0.33928487449884415	0.17385981976985931	0.5131446942687035	0.10317965596914291	0.0762462792918086	0.01388101518386975	0.11968851089477539	False	True	0.1351873278617859	0.6145651936531067	0.07778094708919525	0.06063314154744148	0.0019679039251059294	0.10986544191837311	True	0.2898772954940796	0.20888319611549377	0.1793757826089859	0.12308569252490997	0.04962034896016121	0.14915771782398224
czfg0w9	its pointing upwards alright	data/processed/pro_fakeddit/images/czfg0w9.jpg	4	0	False	0.5118834748864174	0.24633945524692535	0.5118834748864174	0.031373287783935666	0.26554401963949203	0.048723408952355385	0.11060828156769276	0.03186748136067763	False	True	0.5713784098625183	0.013934112153947353	0.258771151304245	0.018490992486476898	0.1355692595243454	0.0018560185562819242	True	0.3333986699581146	0.0836908146739006	0.28586262464523315	0.13942065834999084	0.03572534769773483	0.12190186977386475
1yjyeq	this arctic fox repost from rpics	data/processed/pro_fakeddit/images/1yjyeq.jpg	0	4	False	0.5114112831652164	0.2891572639346123	0.22225401923060417	0.018724808003753424	0.17193182930350304	0.03906056913547218	0.5114112831652164	0.03661755635403097	False	True	0.18360231816768646	0.002764889970421791	0.15103881061077118	0.003906228579580784	0.6554023027420044	0.003285524435341358	True	0.3382091224193573	0.06660456210374832	0.2346108853816986	0.14452359080314636	0.0794382244348526	0.1366136521100998
dchfeco	beware that which lurks in the dark	data/processed/pro_fakeddit/images/dchfeco.jpg	4	0	False	0.5113655030727386	0.26303673908114433	0.5113655030727386	0.031211890745908022	0.24832876399159431	0.07952734734863043	0.0865182401612401	0.04304816550575197	False	True	0.5901833176612854	0.002956954762339592	0.2618675231933594	0.03822045400738716	0.09792743623256683	0.00884420145303011	True	0.2749120593070984	0.11597669869661331	0.20771248638629913	0.20344802737236023	0.0522906519472599	0.14566005766391754
7orshg	duck gets d printed prosthetic leg thanks to th grade students	data/processed/pro_fakeddit/images/7orshg.jpg	0	2	False	0.5098453797399998	0.17759757116436958	0.3322478085756302	0.05708739347755909	0.5098453797399998	0.03253731073345989	0.03244040929712355	0.0358417215757072	False	True	0.34303799271583557	0.036486946046352386	0.5984212756156921	0.004763450939208269	0.013484562747180462	0.003805810585618019	True	0.29987725615501404	0.1188887357711792	0.24411769211292267	0.11585889011621475	0.08930794894695282	0.13194945454597473
2j8ukx	yearold girl in sheboygan wi who has been missing since monday afternoon has been found safe	data/processed/pro_fakeddit/images/2j8ukx.jpg	0	2	False	0.5093927979469299	0.2589702680706978	0.25042252987623215	0.02977902040584013	0.5093927979469299	0.05506750917993486	0.1148371696472168	0.040500961360521615	False	True	0.24215257167816162	0.00077251554466784	0.6140390038490295	0.010861252434551716	0.1269603967666626	0.005214264150708914	True	0.2752324044704437	0.116798534989357	0.1954541802406311	0.1876862794160843	0.0784674882888794	0.14636105298995972
11lk0b	guantanamo prisoner holds unflattering opinion of lebron james	data/processed/pro_fakeddit/images/11lk0b.jpg	0	2	False	0.5091608725488186	0.35335513949394226	0.1310484390705824	0.06900263763964176	0.5091608725488186	0.15580573305487633	0.009840049082413316	0.1251422744244337	False	True	0.09560897201299667	0.03485222905874252	0.6332630515098572	0.13466371595859528	0.0022649457678198814	0.09934709221124649	True	0.23736684024333954	0.17145386338233948	0.13685433566570282	0.21923178434371948	0.03256535902619362	0.20252782106399536
9edrj7	the way the ground effects hides the rear tire making it look like the car is missing it	data/processed/pro_fakeddit/images/9edrj7.jpg	0	2	False	0.508936632424593	0.23029645159840584	0.27864018082618713	0.03989913780242205	0.508936632424593	0.06554452702403069	0.06434831023216248	0.04263118049129844	False	True	0.2876947820186615	0.009132053703069687	0.6012301445007324	0.03351183235645294	0.06024351716041565	0.008187653496861458	True	0.25147637724876404	0.13220039010047913	0.23205609619617462	0.16164261102676392	0.07666268944740295	0.14596176147460938
auabo0	you have to look through the mirror to read this sign	data/processed/pro_fakeddit/images/auabo0.jpg	0	2	False	0.5083136335015297	0.18422412872314453	0.32408950477838516	0.03614799352362752	0.5083136335015297	0.03360027133021504	0.0431253588758409	0.05472324835136533	False	True	0.3239988684654236	0.018540797755122185	0.576156735420227	0.004080656450241804	0.04860731214284897	0.028615644201636314	True	0.3243614137172699	0.08896958082914352	0.3047843277454376	0.12215911597013474	0.026679499074816704	0.13304606080055237
2ltbdc	in good news i think this will help a lot	data/processed/pro_fakeddit/images/2ltbdc.jpg	0	4	False	0.5072027402929962	0.30928337527439	0.19791936501860619	0.0295768870273605	0.10191599000245333	0.1126590147614479	0.5072027402929962	0.05072597647085786	False	True	0.1604226678609848	0.005020152311772108	0.0523083470761776	0.09926871955394745	0.6676880717277527	0.015292016789317131	True	0.31040945649147034	0.10324709117412567	0.2507389187812805	0.15282990038394928	0.025746745988726616	0.15702785551548004
925w0x	first ever atk crashes in to loot lake during a test drive colourized	data/processed/pro_fakeddit/images/925w0x.jpg	2	0	False	0.5071813240647316	0.251675009727478	0.5071813240647316	0.04840180336032063	0.25550631433725357	0.01932339067570865	0.14272286370396614	0.026864245999604464	False	True	0.5643758773803711	0.00426442502066493	0.2832711935043335	0.004791595973074436	0.13754808902740479	0.005748746916651726	True	0.3355976641178131	0.18081393837928772	0.1722116768360138	0.0629187747836113	0.1582471877336502	0.09021074324846268
6icnca	today not the day for blame say rightwing hatemongers	data/processed/pro_fakeddit/images/6icnca.jpg	1	0	False	0.5067806653678417	0.24727490544319153	0.5067806653678417	0.05258205678546801	0.2595057599246502	0.10915323160588741	0.013441810617223382	0.05853652983205393	False	True	0.6043893098831177	0.002755027962848544	0.2878822982311249	0.09042202681303024	0.011765153147280216	0.0027862542774528265	True	0.21395473182201385	0.20206314325332642	0.17437614500522614	0.16534684598445892	0.01847178302705288	0.22578735649585724
6mtwfr	hugh hefner surrounded by bunnies late s	data/processed/pro_fakeddit/images/6mtwfr.jpg	2	0	False	0.5067538321018219	0.2964104786515236	0.5067538321018219	0.08492747088894248	0.2103433534502983	0.027181742771063	0.13183464109897614	0.03895892493892461	False	True	0.6081611514091492	0.026273222640156746	0.2354021966457367	0.0028657119255512953	0.12414054572582245	0.0031571327708661556	True	0.2025318741798401	0.2608902156352997	0.13516682386398315	0.10012983530759811	0.1549169272184372	0.14636430144309998
25c4ek	the first time i jumped out of an airplane	data/processed/pro_fakeddit/images/25c4ek.jpg	0	2	False	0.5065836533904076	0.1260322630405426	0.38055139034986496	0.022064470511395484	0.5065836533904076	0.04752241785172373	0.013475156272761524	0.029802961478708312	False	True	0.398715615272522	0.002741571282967925	0.5882000923156738	0.004675000440329313	0.00393407279625535	0.0017337106401100755	True	0.3260587155818939	0.08003316819667816	0.26173433661460876	0.17606467008590698	0.042098406702280045	0.11401071399450302
1pa73p	k pigeon tests positive for cocaine	data/processed/pro_fakeddit/images/1pa73p.jpg	0	2	False	0.5056724287569523	0.32675353065133095	0.16001473739743233	0.04834417626261711	0.5056724287569523	0.17891889810562134	0.023254020605236292	0.0837956890463829	False	True	0.13718394935131073	0.014720320701599121	0.619184136390686	0.15355932712554932	0.01868508569896221	0.05666711926460266	True	0.22850710153579712	0.14921574294567108	0.16513730585575104	0.2549976110458374	0.03696082532405853	0.16518139839172363
cffi8p	a picture from the broadway premiere of cats	data/processed/pro_fakeddit/images/cffi8p.jpg	2	0	False	0.5054319202899933	0.3098229616880417	0.5054319202899933	0.1514134667813778	0.1956089586019516	0.07454484980553389	0.03536323201842606	0.03763756388798356	False	True	0.5937182307243347	0.15121813118457794	0.18922214210033417	0.04606064036488533	0.0131659721955657	0.006614876911044121	True	0.240572988986969	0.15199947357177734	0.2147694081068039	0.15999747812747955	0.10195501148700714	0.13070562481880188
9hbfz9	the president changing the legal drinking age to	data/processed/pro_fakeddit/images/9hbfz9.jpg	2	0	False	0.50517962500453	0.23725810274481773	0.50517962500453	0.2679215222597122	0.05960691487416625	0.066500015091151	0.05982108321040869	0.04097086616093293	False	True	0.5951640605926514	0.29274407029151917	0.020427854731678963	0.026949549093842506	0.061204567551612854	0.003509924514219165	True	0.2352263182401657	0.19345387816429138	0.1771440953016281	0.18515141308307648	0.05567063018679619	0.15335369110107422
33huje	abandoned prison barbershop	data/processed/pro_fakeddit/images/33huje.jpg	0	4	False	0.5045239273458719	0.19637479074299335	0.30814913660287857	0.03850072401110083	0.05741355521604419	0.06921004323521629	0.5045239273458719	0.02220251596008893	False	True	0.32311558723449707	0.0008703242056071758	0.028622427955269814	0.0037966843228787184	0.6430242657661438	0.0005705853109247983	True	0.26324978470802307	0.1513919234275818	0.1437869369983673	0.265450119972229	0.0890229120850563	0.08709830790758133
5vc0ts	uk sends stress balls to us scientists worried about donald trump	data/processed/pro_fakeddit/images/5vc0ts.jpg	0	2	False	0.5041482113301754	0.3217006213963032	0.18244758993387222	0.06313843792304397	0.5041482113301754	0.07826418895274401	0.012769759239745326	0.15923188254237175	False	True	0.17358431220054626	0.016524048522114754	0.6204684972763062	0.04801405593752861	0.0004535759217105806	0.1409555971622467	True	0.2090374231338501	0.2029816061258316	0.15518735349178314	0.1690145879983902	0.049718309193849564	0.2140607386827469
6s3rb8	this gecko with a cherry on its head	data/processed/pro_fakeddit/images/6s3rb8.jpg	0	2	False	0.5038840509951115	0.19114092364907265	0.3127431273460388	0.04440364451147616	0.5038840509951115	0.0371193437022157	0.06220814120024443	0.03964167056255974	False	True	0.34731557965278625	0.004051911644637585	0.6133469343185425	0.00104369199834764	0.03257102146744728	0.0016708270413801074	True	0.2090257704257965	0.16545884311199188	0.17549540102481842	0.14534629881381989	0.15111950039863586	0.15355420112609863
d039fl	this unconventional bike seat	data/processed/pro_fakeddit/images/d039fl.jpg	0	2	False	0.503799308091402	0.19332026317715645	0.3104790449142456	0.04016171884723008	0.503799308091402	0.04423173051327467	0.05315796937793493	0.04817020986229181	False	True	0.3195209503173828	0.005505017004907131	0.6013193130493164	0.016237709671258926	0.036903027445077896	0.02051396295428276	True	0.283353328704834	0.1441318243741989	0.211239293217659	0.1282137930393219	0.10192279517650604	0.13113895058631897
91z58w	actual photo of albert einstein lecturing on the theory of relativity	data/processed/pro_fakeddit/images/91z58w.jpg	2	0	False	0.5030525103211403	0.28415269777178764	0.5030525103211403	0.14683916606009007	0.21889981254935265	0.04733815975487232	0.03608639305457473	0.04778395430184901	False	True	0.5547306537628174	0.15988679230213165	0.2134162187576294	0.03141675144433975	0.025656061246991158	0.014893489889800549	True	0.348018079996109	0.1076962873339653	0.2353505939245224	0.09510238468647003	0.06737738847732544	0.14645534753799438
1btgtg	a shoop da whoop caterpillar crawling on a twig	data/processed/pro_fakeddit/images/1btgtg.jpg	0	4	False	0.5016011204570532	0.30131777934730053	0.14589226245880127	0.05254741199314594	0.20028334110975266	0.06826813542284071	0.5016011204570532	0.031407744565512985	False	True	0.12885478138923645	0.01631290465593338	0.19865360856056213	0.003943572752177715	0.6492502689361572	0.002984875114634633	True	0.19700470566749573	0.16125093400478363	0.20517253875732422	0.2612418234348297	0.05865367501974106	0.11667635291814804
7x2vx2	study finds cats only meow when they want to alert owner of neighbors murder they witnessed through window	data/processed/pro_fakeddit/images/7x2vx2.jpg	1	2	False	0.5015596635639668	0.17949290201067924	0.3220667615532875	0.049009728245437145	0.5015596635639668	0.046089764684438705	0.017516662599518895	0.06375742796808481	False	True	0.3410443365573883	0.021974552422761917	0.5940214991569519	0.016126126050949097	0.011924478225409985	0.014908995479345322	True	0.2651340365409851	0.13011525571346283	0.2241741567850113	0.13598068058490753	0.03429321572184563	0.21030272543430328
2dkfxg	japan sends hello kitty into space	data/processed/pro_fakeddit/images/2dkfxg.jpg	0	2	False	0.5010736919939518	0.23524057865142822	0.2658331133425236	0.044361112522892654	0.5010736919939518	0.04925832652952522	0.09169795829802752	0.0477758024353534	False	True	0.2777681052684784	0.003711181227117777	0.6013705730438232	0.006548028904944658	0.10299379378557205	0.007608330808579922	True	0.23002813756465912	0.16631090641021729	0.20018304884433746	0.1773892194032669	0.057810451835393906	0.16827821731567383
16nb1y	john rocker writes in column that holocaust would have never taken place if jewish people had guns ny daily news	data/processed/pro_fakeddit/images/16nb1y.jpg	0	2	False	0.5008061416447163	0.26871057227253914	0.23209556937217712	0.08097528014332056	0.5008061416447163	0.10102405771613121	0.02089044894091785	0.06420850101858377	False	True	0.2449493259191513	0.01932470127940178	0.6199638247489929	0.0839763879776001	0.011132561601698399	0.02065318450331688	True	0.19353429973125458	0.2659270167350769	0.1433330923318863	0.15216706693172455	0.0501641109585762	0.19487445056438446
9j4ovo	i got a fortune cookie with two fortunes stuck together inside	data/processed/pro_fakeddit/images/9j4ovo.jpg	0	2	False	0.500177439302206	0.15717891231179237	0.34299852699041367	0.037079206202179193	0.500177439302206	0.05470768362283707	0.01344889159372542	0.05158825358375907	False	True	0.34666892886161804	0.011994270607829094	0.589227020740509	0.023433104157447815	0.0001660391571931541	0.028510646894574165	True	0.33198732137680054	0.11233401298522949	0.23302869498729706	0.14853142201900482	0.05329744890332222	0.12082107365131378
1zz6jw	hurray for peron primary school book	data/processed/pro_fakeddit/images/1zz6jw.jpg	5	1	False	0.49885232746601105	0.27906592190265656	0.15019925124943256	0.49885232746601105	0.2197864055633545	0.06883850693702698	0.01342998308246024	0.048893576953560114	False	True	0.1192423477768898	0.5914789438247681	0.23345807194709778	0.03642149269580841	0.0008307913085445762	0.01856842450797558	True	0.24306996166706085	0.22097247838974	0.17877140641212463	0.16608954966068268	0.05122755840420723	0.13986903429031372
cab8b3	this picture of tana mongooses mugshot	data/processed/pro_fakeddit/images/cab8b3.jpg	0	2	False	0.497395358979702	0.28682979941368103	0.21056555956602097	0.041246541775763035	0.497395358979702	0.07246263278648257	0.15092667564749718	0.027403256914112717	False	True	0.19812853634357452	0.021314214915037155	0.5692711472511292	0.029653185978531837	0.1791520118713379	0.0024809229653328657	True	0.2478766292333603	0.10104352235794067	0.28176799416542053	0.20089097321033478	0.06625066697597504	0.10217025876045227
5q0lzv	i didnt realize until now that my water bottle is a transformer	data/processed/pro_fakeddit/images/5q0lzv.jpg	2	0	False	0.4971672147512436	0.1785271130502224	0.4971672147512436	0.03793664831027854	0.3186401017010212	0.038543226197361946	0.07487072609364986	0.03284208389231935	False	True	0.5610767602920532	0.0008926763548515737	0.3609720766544342	0.005029104650020599	0.06874112039804459	0.0032882678788155317	True	0.3054385781288147	0.14906856417655945	0.19164417684078217	0.139085590839386	0.0932595431804657	0.12150353193283081
4398cn	pitbull wearing sunglasses with a drum machine from the s	data/processed/pro_fakeddit/images/4398cn.jpg	0	2	False	0.4971633478999138	0.19707756862044334	0.30008577927947044	0.05282681458629668	0.4971633478999138	0.05993211595341563	0.050842836033552885	0.03914910461753607	False	True	0.3350757956504822	0.013233344070613384	0.5933435559272766	0.02600228227674961	0.025955433025956154	0.006389591842889786	True	0.19511573016643524	0.17160722613334656	0.20862272381782532	0.1617216169834137	0.12550504505634308	0.13742764294147491
bwbw7n	the handle on my bag that looks like a surprised monster figure	data/processed/pro_fakeddit/images/bwbw7n.jpg	0	2	False	0.4967653751373291	0.14954516664147377	0.34722020849585533	0.039535328032798134	0.4967653751373291	0.04183736350387335	0.04511699336580932	0.029524745070375502	False	True	0.4073896110057831	0.0006071965326555073	0.5742254853248596	0.005179453641176224	0.009768658317625523	0.0028296257369220257	True	0.16671200096607208	0.156319722533226	0.26438504457473755	0.15181109309196472	0.15116199851036072	0.10961010307073593
8dhwhx	photo of an alleged satanic ritual circa	data/processed/pro_fakeddit/images/8dhwhx.jpg	2	0	False	0.49635209888219833	0.3472558483481407	0.49635209888219833	0.14909625053405762	0.12752744741737843	0.049964464735239744	0.1297600232064724	0.04729968123137951	False	True	0.528068482875824	0.17199717462062836	0.09845677763223648	0.025664398446679115	0.14098629355430603	0.03482680767774582	True	0.4012029469013214	0.0803934782743454	0.21473945677280426	0.12286466360092163	0.0960812121629715	0.08471830189228058
6dcu6k	a chinese company is offering free training for us coal miners to become wind farmers	data/processed/pro_fakeddit/images/6dcu6k.jpg	0	4	False	0.4958336381241679	0.2942015891894698	0.2016320489346981	0.036777026019990444	0.11767123639583588	0.07492401544004679	0.4958336381241679	0.07316202949732542	False	True	0.19602394104003906	0.004705388098955154	0.09272681176662445	0.021517019718885422	0.644125759601593	0.040901068598032	True	0.21845637261867523	0.1329919397830963	0.19250451028347015	0.23514500260353088	0.050957273691892624	0.1699449121952057
67zku1	further evidence that i could eat a dick	data/processed/pro_fakeddit/images/67zku1.jpg	3	2	False	0.49510831758379936	0.19152886793017387	0.3035794496536255	0.03470709966495633	0.49510831758379936	0.07303919550031424	0.030415200162678957	0.06315076956525445	False	True	0.3117835223674774	0.00780823640525341	0.5890358686447144	0.040428344160318375	0.024273933842778206	0.026670126244425774	True	0.2789672315120697	0.1154036894440651	0.21332566440105438	0.17087174952030182	0.04883899912238121	0.17259269952774048
2m15hx	genome reveals how cats evolved to tolerate humans	data/processed/pro_fakeddit/images/2m15hx.jpg	0	2	False	0.4944056198000908	0.2671218030154705	0.22728381678462029	0.1134031843394041	0.4944056198000908	0.06872681528329849	0.027735036797821522	0.0684455381706357	False	True	0.21858344972133636	0.09543395787477493	0.5866177678108215	0.05402400344610214	0.01178351417183876	0.03355732187628746	True	0.25338491797447205	0.16731086373329163	0.21776917576789856	0.11283525079488754	0.0755896046757698	0.17311018705368042
coyq8c	this unusual cork on a german caprisun	data/processed/pro_fakeddit/images/coyq8c.jpg	0	2	False	0.494244821369648	0.27481861785054207	0.2194262035191059	0.04875939362682402	0.494244821369648	0.06955727748572826	0.09745537862181664	0.07055692654103041	False	True	0.21565109491348267	0.014311562292277813	0.5890366435050964	0.04354139417409897	0.09799261391162872	0.03946668282151222	True	0.23075152933597565	0.15210288763046265	0.2098693549633026	0.14760492742061615	0.09584367275238037	0.16382765769958496
d0gwn0	triangle shirtwaist factory	data/processed/pro_fakeddit/images/d0gwn0.jpg	2	0	False	0.49324658513069153	0.22637855634093285	0.49324658513069153	0.2668680287897587	0.0609965194016695	0.06875594891607761	0.04940554313361645	0.06072729639708996	False	True	0.5974693298339844	0.28261667490005493	0.038719721138477325	0.02094820886850357	0.04944003373384476	0.01080591231584549	True	0.180578351020813	0.21962209045886993	0.12782691419124603	0.21217916905879974	0.04930207133293152	0.21049144864082336
57sdcb	rockstar just got everyone talking with one simple image	data/processed/pro_fakeddit/images/57sdcb.jpg	5	2	False	0.49321291595697403	0.27728182449936867	0.21593109145760536	0.03903707768768072	0.49321291595697403	0.17710689082741737	0.015887333021964878	0.05882474407553673	False	True	0.1640353947877884	0.024793174117803574	0.5696597695350647	0.18732771277427673	0.0005524952430278063	0.0536314994096756	True	0.3716181814670563	0.08176878839731216	0.263872355222702	0.1464444249868393	0.06189184635877609	0.07440447807312012
c8igjtd	in times of stress mccain likes to imagine himself back in a more pleasant period of his life back when he held a job that gave him a sense of dignity	data/processed/pro_fakeddit/images/c8igjtd.jpg	4	0	False	0.4925043322145939	0.2719043679535389	0.4925043322145939	0.0961708640679717	0.220599964261055	0.05623874766752124	0.09848051983863115	0.03600551883573644	False	True	0.5780043005943298	0.04736225679516792	0.23617370426654816	0.024726713076233864	0.11243681609630585	0.0012961222091689706	True	0.23600442707538605	0.24259668588638306	0.1738787442445755	0.15077485144138336	0.05661163106560707	0.14013370871543884
2oqtmo	asteroid strike warnings build towards campaigners big day of rock	data/processed/pro_fakeddit/images/2oqtmo.jpg	0	5	False	0.49236779659986496	0.21878308057785034	0.2735847160220146	0.07405317295342684	0.09261051192879677	0.04617100581526756	0.021212826017290354	0.49236779659986496	False	True	0.27714207768440247	0.03894750401377678	0.07413287460803986	0.0054419636726379395	0.014430051669478416	0.5899055600166321	True	0.2629126310348511	0.17937017977237701	0.1480434238910675	0.16835813224315643	0.041561149060726166	0.1997545063495636
8aytej	rubber plantation workers during the rule of king leopold ii belgian congo	data/processed/pro_fakeddit/images/8aytej.jpg	2	0	False	0.4920264035463333	0.2386010978370905	0.4920264035463333	0.08386976236943156	0.2534253057092428	0.052227641455829144	0.08387104235589504	0.03457985824206844	False	True	0.5903686881065369	0.004847406875342131	0.3075791597366333	0.010184723883867264	0.08569125086069107	0.0013287912588566542	True	0.19699954986572266	0.32093682885169983	0.09096374362707138	0.17835639417171478	0.07841041684150696	0.1343330591917038
8wjko7	the british government during negotiations for a better brexit deal	data/processed/pro_fakeddit/images/8wjko7.jpg	2	0	False	0.491833183914423	0.2643077187240124	0.491833183914423	0.07606772554572672	0.22752546519041061	0.14744983613491058	0.014910350437276065	0.042213439010083675	False	True	0.5779860615730286	0.005491547752171755	0.2617664337158203	0.14388856291770935	0.005526422057300806	0.005340982228517532	True	0.23337455093860626	0.2877962589263916	0.12480255961418152	0.15813365578651428	0.04306213557720184	0.1528308093547821
61lfuj	warning while bush spends billions playing cowboy million americans have no health insurance one american dies of aids every eight minutes act up us	data/processed/pro_fakeddit/images/61lfuj.jpg	5	1	False	0.4913880079984665	0.20199906080961227	0.05924904718995094	0.4913880079984665	0.11600049212574959	0.031738059828057885	0.01223551924340427	0.2893889471888542	False	True	0.04058326035737991	0.5324178338050842	0.12813489139080048	0.00846825074404478	0.004594181664288044	0.2858016788959503	True	0.11524640768766403	0.3682985305786133	0.07959729433059692	0.1015474870800972	0.035159531980752945	0.3001507520675659
60kjje	new orleans residents aimlessly float across the floodwaters brought on by hurricane katrina c	data/processed/pro_fakeddit/images/60kjje.jpg	2	0	False	0.4909519013017416	0.21451876871287823	0.4909519013017416	0.2764331325888634	0.05092817451804876	0.02340102955349721	0.10667074285447598	0.051615027245134115	False	True	0.6149957776069641	0.21785753965377808	0.03676125034689903	0.001919570262543857	0.11610350757837296	0.012362377718091011	True	0.11882027238607407	0.45215991139411926	0.09342894703149796	0.08784540742635727	0.07837244868278503	0.16937297582626343
1xgh9z	the only people harassing the gays of sochi are the foreign journalists	data/processed/pro_fakeddit/images/1xgh9z.jpg	0	1	False	0.4907931089401245	0.3240276351571083	0.09113918337970972	0.4907931089401245	0.1419462189078331	0.1667654737830162	0.008604095375631005	0.10075199604034424	False	True	0.04639732465147972	0.5805108547210693	0.13820093870162964	0.1436036378145218	0.002142916200682521	0.08914443850517273	True	0.22536475956439972	0.22163987159729004	0.15318205952644348	0.23625098168849945	0.027987632900476456	0.13557466864585876
3nggvv	this vx module but apparently i cant tell if the writers for the unimorph disk scanner	data/processed/pro_fakeddit/images/3nggvv.jpg	3	0	False	0.49042292684316635	0.23857375606894493	0.49042292684316635	0.02666978829074651	0.2518491707742214	0.10544164851307869	0.0798824392259121	0.04573400737717748	False	True	0.5732259750366211	0.005091482307761908	0.2566675841808319	0.0710752010345459	0.08089924603700638	0.013040473684668541	True	0.24201378226280212	0.09140470623970032	0.23739393055438995	0.20854099094867706	0.07683201879262924	0.14381460845470428
7756px	the fatal seatbelt mistake passengers are making	data/processed/pro_fakeddit/images/7756px.jpg	5	1	False	0.4898543991148472	0.31386977806687355	0.120352229103446	0.4898543991148472	0.128637770190835	0.07445982843637466	0.010711146311223274	0.17598462104797363	False	True	0.06354404240846634	0.611457109451294	0.10304778069257736	0.04520697891712189	0.000139888099511154	0.17660419642925262	True	0.290776789188385	0.1250462681055069	0.2054077386856079	0.162218376994133	0.042424920946359634	0.17412589490413666
62b4c9	that time huma was asked to plan hillarys funeral	data/processed/pro_fakeddit/images/62b4c9.jpg	0	2	False	0.48979685455560684	0.2122841402888298	0.27751271426677704	0.06321988627314568	0.48979685455560684	0.06683708820492029	0.021616281010210514	0.08101718965917826	False	True	0.27844831347465515	0.032222434878349304	0.5862419605255127	0.030827339738607407	0.019601309671998024	0.052658673375844955	True	0.2747059166431427	0.1562122404575348	0.20046153664588928	0.17486633360385895	0.027661195024847984	0.16609273850917816
b52iak	this butterfly shaped strawberry	data/processed/pro_fakeddit/images/b52iak.jpg	0	2	False	0.4878896214067936	0.2017950750887394	0.2860945463180542	0.031130131683312356	0.4878896214067936	0.029106435016728938	0.11133809015154839	0.05444116145372391	False	True	0.3073417544364929	0.0016914834268391132	0.5909017324447632	0.002142313402146101	0.08163192868232727	0.01629076898097992	True	0.22235292196273804	0.11944607645273209	0.17885328829288483	0.10999879986047745	0.20045657455921173	0.16889233887195587
1zjlwi	years in environment of constant fear somehow fails to rehabilitate prisoner	data/processed/pro_fakeddit/images/1zjlwi.jpg	1	0	False	0.48713260889053345	0.32221871986985207	0.48713260889053345	0.06059053959324956	0.16491388902068138	0.13041904754936695	0.09631260018795729	0.06063123419880867	False	True	0.5407643914222717	0.027963628992438316	0.16858293116092682	0.11076115816831589	0.11183018982410431	0.040097594261169434	True	0.3262372612953186	0.1584712713956833	0.15390676259994507	0.18939271569252014	0.04975983127951622	0.12223215401172638
5w3bkk	this dog wrapped in a towel with tongue out	data/processed/pro_fakeddit/images/5w3bkk.jpg	0	2	False	0.4868452474474907	0.28836920112371445	0.19847604632377625	0.09078401979058981	0.4868452474474907	0.039041735406499356	0.1494530811905861	0.03539988421835005	False	True	0.20662395656108856	0.060179878026247025	0.5869430899620056	0.0033494236413389444	0.1370782107114792	0.0058254702016711235	True	0.1740323156118393	0.18259644508361816	0.18655171990394592	0.1461186707019806	0.1865776926279068	0.12412312626838684
5kdy6v	heres how much the death star would have cost	data/processed/pro_fakeddit/images/5kdy6v.jpg	5	1	False	0.48567235097289085	0.30418653786182404	0.07776084262877703	0.48567235097289085	0.08338283374905586	0.18148581311106682	0.016071579841081984	0.1556265726685524	False	True	0.015720363706350327	0.5934385061264038	0.054731592535972595	0.19192150235176086	0.0005667451187036932	0.1436212956905365	True	0.26388227939605713	0.162373885512352	0.16933655738830566	0.15017874538898468	0.06258608400821686	0.1916424036026001
d5gruj	my oreo was put on the wrong way	data/processed/pro_fakeddit/images/d5gruj.jpg	0	2	False	0.4849267899990082	0.202721007168293	0.2822057828307152	0.03513960191048682	0.4849267899990082	0.03875642595812678	0.04204739164561033	0.1169239915907383	False	True	0.2758554518222809	0.00839001964777708	0.5548702478408813	0.015431666746735573	0.04024943709373474	0.10520316660404205	True	0.30125677585601807	0.11538834869861603	0.27509641647338867	0.10873070359230042	0.047441255301237106	0.15208646655082703
cd87b3	son of granger smith saves two lives with organ donations	data/processed/pro_fakeddit/images/cd87b3.jpg	0	2	False	0.4848906509578228	0.12539144605398178	0.359499204903841	0.033151639538118616	0.4848906509578228	0.051266135298646986	0.012955435609910637	0.05823693855199963	False	True	0.3976839780807495	0.0009010507492348552	0.5852565765380859	0.005786112975329161	0.0038153964560478926	0.006556894164532423	True	0.24494488537311554	0.1299034059047699	0.1837928742170334	0.18770620226860046	0.04037555307149887	0.21327707171440125
c4b4ha6	when you see it youll shit bricks	data/processed/pro_fakeddit/images/c4b4ha6.jpg	4	0	False	0.4843273460865021	0.22800735384225845	0.4843273460865021	0.038031820207834244	0.16618842259049416	0.02788899024017155	0.2563199922442436	0.02724339667474851	False	True	0.5557815432548523	0.0030651837587356567	0.13801880180835724	0.0070726266130805016	0.29407694935798645	0.0019848302472382784	True	0.2699647545814514	0.14293172955513	0.2506972849369049	0.0903380811214447	0.14304912090301514	0.1030190959572792
9c1674	a little puppy trying to squeeze out of its cage	data/processed/pro_fakeddit/images/9c1674.jpg	0	2	False	0.4842785932123661	0.21693711169064045	0.26734148152172565	0.08149149361997843	0.4842785932123661	0.05223401146940887	0.05996661074459553	0.054687869269400835	False	True	0.3195948302745819	0.021674882620573044	0.5953588485717773	0.011856519617140293	0.036663658916950226	0.014851337298750877	True	0.11058143526315689	0.2609413266181946	0.15103782713413239	0.1733664870262146	0.12987546622753143	0.1741974651813507
c5lwad9	shes not in first but at least shes having fun	data/processed/pro_fakeddit/images/c5lwad9.jpg	4	0	False	0.48358946293592453	0.2546756863594055	0.48358946293592453	0.10003706440329552	0.228913776576519	0.04363916348665953	0.0824962193146348	0.061324384063482285	False	True	0.5252556800842285	0.09729605168104172	0.2020873725414276	0.02943090721964836	0.0949372872710228	0.050992779433727264	True	0.3585908114910126	0.10826010257005692	0.3093929886817932	0.08626393228769302	0.04517301544547081	0.09231919795274734
19dgqa	crazy lady in curlers that got to see the endeavour from rwtf	data/processed/pro_fakeddit/images/19dgqa.jpg	0	2	False	0.4829208366572857	0.1550070382654667	0.327913798391819	0.08942695870064199	0.4829208366572857	0.022566576837562025	0.03960767202079296	0.037564170779660344	False	True	0.3694152534008026	0.01356728095561266	0.5852994322776794	0.001070734579116106	0.029318101704120636	0.001329204998910427	True	0.20340943336486816	0.31700599193573	0.17578504979610443	0.08705410361289978	0.07047638297080994	0.1462690681219101
bya2p7	us and russia trade blame over near collision in east asian waters	data/processed/pro_fakeddit/images/bya2p7.jpg	0	2	False	0.48274580761790276	0.21644935011863708	0.26629645749926567	0.039480137173086405	0.48274580761790276	0.08476709201931953	0.0315043986774981	0.09520610608160496	False	True	0.28516098856925964	0.004766775295138359	0.5920337438583374	0.042637526988983154	0.02712414227426052	0.048276834189891815	True	0.20970286428928375	0.14362022280693054	0.15488199889659882	0.21115578711032867	0.044645167887210846	0.23599392175674438
5b35v6	meet the yearold boy who spends his time making teddy bears for sick children	data/processed/pro_fakeddit/images/5b35v6.jpg	0	4	False	0.4822887182235718	0.1794959455728531	0.3027927726507187	0.0300491142552346	0.11388189345598221	0.046096108184428886	0.4822887182235718	0.024891393608413637	False	True	0.2899283468723297	0.0036157602444291115	0.08299452066421509	0.0019111077999696136	0.6178169250488281	0.003733344841748476	True	0.3413860499858856	0.10934917628765106	0.20654401183128357	0.1786511093378067	0.07570409774780273	0.08836553990840912
dbh1qa	the christmas genocide of swaize land	data/processed/pro_fakeddit/images/dbh1qa.jpg	2	0	False	0.48222996294498444	0.1991690844297409	0.48222996294498444	0.08516599237918854	0.28306087851524353	0.048096592305228114	0.04948374815285206	0.051962848054245114	False	True	0.5539404153823853	0.04425135254859924	0.3212869167327881	0.015466221608221531	0.05021752789616585	0.014837606810033321	True	0.267098605632782	0.20790991187095642	0.16838276386260986	0.14598770439624786	0.04728240892291069	0.1633385717868805
ch0kd7	millenial mystics the world burns request	data/processed/pro_fakeddit/images/ch0kd7.jpg	1	0	False	0.48200931400060654	0.314558282494545	0.48200931400060654	0.16232657432556152	0.16745103150606155	0.04701857944019139	0.07009399775415659	0.07110046688467264	False	True	0.5449077486991882	0.17032818496227264	0.1665935516357422	0.005604683421552181	0.07461203634738922	0.03795377537608147	True	0.29331400990486145	0.13832174241542816	0.17002347111701965	0.171260267496109	0.056539881974458694	0.17054054141044617
98m4ru	dog trying to catch a stone	data/processed/pro_fakeddit/images/98m4ru.jpg	0	2	False	0.4818263053894043	0.1783464103937149	0.3034798949956894	0.0511910339264432	0.4818263053894043	0.024428420088952407	0.11527407914400101	0.02380028966581449	False	True	0.3189825415611267	0.000716455455403775	0.5896368026733398	0.001692335237748921	0.08812679350376129	0.0008451074827462435	True	0.25697195529937744	0.20261476933956146	0.15839481353759766	0.09263667464256287	0.19671593606472015	0.09266583621501923
69fjf0	when you realize everyone is going to make the most of the democrat party is that a girl in a microwave	data/processed/pro_fakeddit/images/69fjf0.jpg	3	4	False	0.4817761080339551	0.1619702586904168	0.3198058493435383	0.05556435894686729	0.059168171137571335	0.03887988324277103	0.4817761080339551	0.04480560141382739	False	True	0.34794294834136963	0.001182784792035818	0.020853832364082336	0.00358490739017725	0.6243383288383484	0.0020971449557691813	True	0.23539455235004425	0.2187090814113617	0.17411118745803833	0.14476481080055237	0.05408944562077522	0.17293097078800201
cqfn1d	my friends lighter almost perfectly matches my hat	data/processed/pro_fakeddit/images/cqfn1d.jpg	0	4	False	0.48109958693385124	0.2595171630382538	0.20744607225060463	0.024112733459332958	0.22158242389559746	0.03369064733851701	0.48109958693385124	0.03206853859592229	False	True	0.17450346052646637	0.0003004948375746608	0.20098485052585602	0.0029428466223180294	0.6176939606666565	0.0035744099877774715	True	0.3062739074230194	0.09554944932460785	0.2833751440048218	0.12593404948711395	0.07131646573543549	0.11755092442035675
61iz9z	trump administration grants pipeline permits without all his promised conditions	data/processed/pro_fakeddit/images/61iz9z.jpg	0	3	False	0.4802679903805256	0.1942107379436493	0.2860572524368763	0.043476799386553466	0.08342593722045422	0.4802679903805256	0.012275944114662707	0.0944961067289114	False	True	0.31222257018089294	0.007280948106199503	0.06214793771505356	0.5608040690422058	0.003094311337918043	0.05445022135972977	True	0.20756129920482635	0.15206435322761536	0.1472599357366562	0.23865975439548492	0.0398208424448967	0.2146337628364563
bck098	west virginia poverty gets worse under trump economy not better	data/processed/pro_fakeddit/images/bck098.jpg	0	4	False	0.47971316520124674	0.2965229721739888	0.18319019302725792	0.05466038134181872	0.17052705585956573	0.042898783227428794	0.47971316520124674	0.06901046901475638	False	True	0.1811535358428955	0.0022318779956549406	0.17972853779792786	0.007967722602188587	0.6247005462646484	0.004217846784740686	True	0.18930016458034515	0.21194589138031006	0.14292261004447937	0.14769196510314941	0.04475102201104164	0.26338833570480347
6m1pj9	spiderman homecoming who is the postcredit character	data/processed/pro_fakeddit/images/6m1pj9.jpg	5	0	False	0.4793461486697197	0.17677946388721466	0.4793461486697197	0.07211349345743656	0.30256668478250504	0.06414788169786334	0.04880065191537142	0.033025230281054974	False	True	0.5503784418106079	0.04751212149858475	0.3282134234905243	0.021497854962944984	0.04327678307890892	0.009121473878622055	True	0.26624926924705505	0.145917609333992	0.22562646865844727	0.1920979619026184	0.06537225842475891	0.10473649948835373
cxl1lr	these screws in my dorm bathroom that you can only tighten	data/processed/pro_fakeddit/images/cxl1lr.jpg	0	2	False	0.4788609482347965	0.18369264528155327	0.29516830295324326	0.02347706690488849	0.4788609482347965	0.12392028048634529	0.03721442958340049	0.04135892749764025	False	True	0.3101963400840759	0.0006456060218624771	0.5562009811401367	0.09611853957176208	0.027194032445549965	0.00964443664997816	True	0.25008419156074524	0.09197144955396652	0.24684084951877594	0.2073255032300949	0.06727562099695206	0.13650240004062653
b5qmk7	algeria army urges removal of president abdelaziz bouteflika	data/processed/pro_fakeddit/images/b5qmk7.jpg	0	1	False	0.4787977524101734	0.2642713710665703	0.08843049686402082	0.4787977524101734	0.05078333290293813	0.13798854686319828	0.029473501665052027	0.21452638134360313	False	True	0.05694413557648659	0.5754637718200684	0.023057987913489342	0.1130141094326973	0.003449163632467389	0.22807085514068604	True	0.18288958072662354	0.1887996941804886	0.13395936787128448	0.21291185915470123	0.10754651576280594	0.17389295995235443
5hn8i1	whats the point of revolving doors	data/processed/pro_fakeddit/images/5hn8i1.jpg	5	0	False	0.47830384224653244	0.26034638192504644	0.47830384224653244	0.0391686731018126	0.11331387981772423	0.09919840656220913	0.217957460321486	0.05205777054652572	False	True	0.5459610819816589	0.011193370446562767	0.0877159833908081	0.072087861597538	0.27442386746406555	0.008617864921689034	True	0.27533212304115295	0.1230945810675621	0.1901075690984726	0.18053004145622253	0.04855823889374733	0.18237748742103577
cj44ep	i dont even know where else to post this sort of sentiment	data/processed/pro_fakeddit/images/cj44ep.jpg	3	2	False	0.47555946558713913	0.10928241163492203	0.3662770539522171	0.038997878320515156	0.47555946558713913	0.028418140893336385	0.008182633231626824	0.08256480656564236	False	True	0.362680584192276	0.022938627749681473	0.5374603867530823	0.003071646438911557	0.001365646137855947	0.07248307764530182	True	0.3770664632320404	0.0871756300330162	0.2898567020893097	0.10445762425661087	0.028633594512939453	0.11280999332666397
4er7cz	buzz lightyear wins battle over driving licence	data/processed/pro_fakeddit/images/4er7cz.jpg	0	2	False	0.4750302955508232	0.18273517861962318	0.2922951169312	0.07645850069820881	0.4750302955508232	0.08127717953175306	0.030224712565541267	0.044714159332215786	False	True	0.3142910301685333	0.047995902597904205	0.5685997605323792	0.042408574372529984	0.018580779433250427	0.008123908191919327	True	0.22630737721920013	0.16184629499912262	0.1943219006061554	0.1978829950094223	0.06515651196241379	0.15448491275310516
3nypgp	rupert murdoch longs for real black president	data/processed/pro_fakeddit/images/3nypgp.jpg	0	2	False	0.4744303449988365	0.29465196654200554	0.17977837845683098	0.08302321517840028	0.4744303449988365	0.1706368662416935	0.019341146806254983	0.07279005879536271	False	True	0.17191681265830994	0.028160063549876213	0.5924755930900574	0.16730038821697235	0.009788095019757748	0.030359042808413506	True	0.2033630758523941	0.24761267006397247	0.12029460072517395	0.18064630031585693	0.04800030216574669	0.20008310675621033
8wpm9o	african slave disguises self as local wildlife in attempts of escaping plantation	data/processed/pro_fakeddit/images/8wpm9o.jpg	2	0	False	0.4741855673491955	0.18981223553419113	0.4741855673491955	0.08060025732265785	0.28437333181500435	0.037745908251963556	0.09676391258835793	0.026330992033763323	False	True	0.5668150186538696	0.002779209753498435	0.33746540546417236	0.004301056731492281	0.08825714141130447	0.00038214700180105865	True	0.19629721343517303	0.3140634000301361	0.1250971108675003	0.13808046281337738	0.12228422611951828	0.10417752712965012
corb31	this compartment in this old radiator for heating stuff	data/processed/pro_fakeddit/images/corb31.jpg	0	2	False	0.47293611615896225	0.1973104178905487	0.27562569826841354	0.03274288179818541	0.47293611615896225	0.038240653928369284	0.1440424956381321	0.036412151996046305	False	True	0.2952731251716614	0.002276874613016844	0.5466117858886719	0.00627206452190876	0.14352689683437347	0.006039245054125786	True	0.21668341755867004	0.1241409033536911	0.2519091069698334	0.13414642214775085	0.14558929204940796	0.12753087282180786
7z77mb	a man preparing to hit the ball	data/processed/pro_fakeddit/images/7z77mb.jpg	0	2	False	0.4721348136663437	0.15280010178685188	0.3193347118794918	0.0557504347525537	0.4721348136663437	0.048398036044090986	0.07419893052428961	0.030183012771885842	False	True	0.3571491241455078	0.01775534637272358	0.5480536222457886	0.012817168608307838	0.06233048066496849	0.0018941725138574839	True	0.2058914750814438	0.16973569989204407	0.24437838792800903	0.15514063835144043	0.10980428010225296	0.11504953354597092
b5w9is	atom bomb red self titled	data/processed/pro_fakeddit/images/b5w9is.jpg	1	2	False	0.47213002666831017	0.11801062151789665	0.3541194051504135	0.03258461656514555	0.47213002666831017	0.02877257880754769	0.0767644289880991	0.035628982237540185	False	True	0.3773336112499237	0.0011694501154124737	0.5669161081314087	0.0016188910230994225	0.050600238144397736	0.002361730206757784	True	0.28447678685188293	0.1268301159143448	0.1877717822790146	0.11023364216089249	0.15525700151920319	0.1354307383298874
2phxlo	scientist creates toys for immobile children allowing them to play and feel normal	data/processed/pro_fakeddit/images/2phxlo.jpg	0	2	False	0.47129254788160324	0.09585011005401611	0.3754424378275871	0.041019941214472055	0.47129254788160324	0.03969225625041872	0.03696426399983466	0.03558860381599516	False	True	0.4145565629005432	0.009750021621584892	0.5549814105033875	0.005387082230299711	0.009055386297404766	0.00626961188390851	True	0.25810006260871887	0.13482969999313354	0.2202259600162506	0.14260777831077576	0.12069089710712433	0.1235455796122551
avj4mc	martin scorsese visits the set of return of the jedi	data/processed/pro_fakeddit/images/avj4mc.jpg	2	4	False	0.4707214739173651	0.19508804194629192	0.27563343197107315	0.058101711794734	0.10783437639474869	0.05045199510641396	0.4707214739173651	0.0372569733299315	False	True	0.2816219925880432	0.0164511576294899	0.09757335484027863	0.009970388375222683	0.5924410820007324	0.0019420068711042404	True	0.25766775012016296	0.1830533742904663	0.13861744105815887	0.1718968152999878	0.10556264966726303	0.14320187270641327
d4tbl9v	a woman not so thrilled to meet donald trump	data/processed/pro_fakeddit/images/d4tbl9v.jpg	4	2	False	0.4697614461183548	0.14089836925268173	0.32886307686567307	0.08276583487167954	0.4697614461183548	0.05659002857282758	0.019881829852238297	0.04213774553500116	False	True	0.3545682728290558	0.03041401319205761	0.5653295516967773	0.024784540757536888	0.011833219788968563	0.013070379383862019	True	0.2517474889755249	0.23982129991054535	0.18305712938308716	0.15200649201869965	0.0440276600420475	0.12933984398841858
b57j2l	american b bomber dropping fat man over nagasaki	data/processed/pro_fakeddit/images/b57j2l.jpg	2	0	False	0.4697415381669998	0.3065055627375841	0.4697415381669998	0.13371543306857347	0.1632359754294157	0.03791254968382418	0.14701198786497116	0.04838250472676009	False	True	0.5668789744377136	0.059375640004873276	0.18383938074111938	0.007753032259643078	0.1759783923625946	0.006174562964588404	True	0.1783292293548584	0.3567348122596741	0.10142575949430466	0.1283911019563675	0.06011277437210083	0.17500633001327515
2jjm8t	a football coach is making a difference for kids with special needs by giving them a chance to take part in a team sport	data/processed/pro_fakeddit/images/2jjm8t.jpg	0	2	False	0.4691553898155689	0.14749197661876678	0.32166341319680214	0.05768085503950715	0.4691553898155689	0.06436523143202066	0.03224308742210269	0.05489205662161112	False	True	0.35994747281074524	0.014871804043650627	0.5533295273780823	0.019557606428861618	0.026011647656559944	0.026281993836164474	True	0.20681123435497284	0.18610800802707672	0.21663297712802887	0.1987881064414978	0.050937406718730927	0.14072224497795105
5qlqu8	i consider myself one of the sides	data/processed/pro_fakeddit/images/5qlqu8.jpg	3	1	False	0.4689839780330658	0.17097844928503036	0.29800552874803543	0.4689839780330658	0.1250724010169506	0.03653745725750923	0.02185612835455686	0.04954448062926531	False	True	0.27062109112739563	0.5992007255554199	0.0798843652009964	0.012740813195705414	0.006402464117854834	0.031150508671998978	True	0.38015884160995483	0.07833373546600342	0.26063650846481323	0.10792738944292068	0.06821712106466293	0.1047263965010643
7fwus7	man found minutes after hanging himself	data/processed/pro_fakeddit/images/7fwus7.jpg	2	0	False	0.46880748867988586	0.2514496520161629	0.46880748867988586	0.07294226437807083	0.217357836663723	0.04913853597827256	0.1593653541058302	0.032388584688305855	False	True	0.5083411335945129	0.058922477066516876	0.22875745594501495	0.008477932773530483	0.19123829901218414	0.004262752830982208	True	0.35020655393600464	0.1150016263127327	0.1831589788198471	0.17112034559249878	0.06374651938676834	0.1167660802602768
2h9e55	fox news contributor stephen hayes is on the terrorist watch list	data/processed/pro_fakeddit/images/2h9e55.jpg	0	3	False	0.46828743070364	0.2909952811896801	0.1489858739078045	0.09486346133053303	0.17729214951395988	0.46828743070364	0.010766333725769073	0.09980471059679985	False	True	0.13560998439788818	0.05761747807264328	0.1945692002773285	0.5454143285751343	0.002857293700799346	0.0639316588640213	True	0.1891135424375534	0.20660141110420227	0.12546099722385406	0.2369067370891571	0.03449345380067825	0.2074238657951355
2q1w08	marilyn monroes film studio wanted to prove that she would look good in a potato sack dress	data/processed/pro_fakeddit/images/2q1w08.jpg	0	4	False	0.4679062571376562	0.18275988288223743	0.12261374667286873	0.055678101954981685	0.2851463742554188	0.038443991041276604	0.4679062571376562	0.030211562319891527	False	True	0.06786935031414032	0.01228290144354105	0.31623053550720215	0.002782664028927684	0.6000342965126038	0.0008002867689356208	True	0.28684693574905396	0.1858637034893036	0.19189389050006866	0.14542797207832336	0.07152213901281357	0.11844538897275925
d663gr	saw a pirate ship sailing in the harbour today reflection is because i was on a bus	data/processed/pro_fakeddit/images/d663gr.jpg	0	2	False	0.4678145460784435	0.25243692845106125	0.21537761762738228	0.03658524693673826	0.4678145460784435	0.03190395573619753	0.2067246362566948	0.041593995061703026	False	True	0.20552979409694672	0.00023209275968838483	0.5527290105819702	0.005667276214808226	0.23373684287071228	0.002104972954839468	True	0.24492108821868896	0.14564470946788788	0.21307115256786346	0.11061399430036545	0.12568801641464233	0.1600610613822937
32rw7y	this onehanded keyboard	data/processed/pro_fakeddit/images/32rw7y.jpg	0	2	False	0.46642620861530304	0.18278181552886963	0.2836443930864334	0.04327236395329237	0.46642620861530304	0.07635284587740898	0.037739820312708616	0.09256434999406338	False	True	0.28055888414382935	0.026635494083166122	0.5369202494621277	0.049621760845184326	0.02970506064593792	0.07655853778123856	True	0.2929009199142456	0.09318297356367111	0.2549440860748291	0.15654610097408295	0.061844099313020706	0.14058178663253784
58f7ht	they said what find out what donald glover joe biden and alice walton have to say	data/processed/pro_fakeddit/images/58f7ht.jpg	1	2	False	0.46573614329099655	0.23586993664503098	0.22986620664596558	0.0750911133363843	0.46573614329099655	0.13469135761260986	0.03886157739907503	0.055753582157194614	False	True	0.23462031781673431	0.015527989715337753	0.5696320533752441	0.1328551173210144	0.041229430586099625	0.006135072559118271	True	0.21560387313365936	0.2537804841995239	0.15404841303825378	0.14020007848739624	0.03175801783800125	0.20460911095142365
b6e9x8	went to open an angry birds fruit snacks they were in the shapes of emojis and gummy bears	data/processed/pro_fakeddit/images/b6e9x8.jpg	0	2	False	0.46567464247345924	0.13474265113472939	0.33093199133872986	0.04811034770682454	0.46567464247345924	0.033271773369051516	0.04214342404156923	0.07986779976636171	False	True	0.35421955585479736	0.00944795273244381	0.5492924451828003	0.006870891433209181	0.031463008373975754	0.048706140369176865	True	0.26106929779052734	0.16409753262996674	0.2148212343454361	0.11247441917657852	0.07418467104434967	0.17335277795791626
bz26fm	dae remember the glory days of the s fuck that	data/processed/pro_fakeddit/images/bz26fm.jpg	3	0	False	0.465433306992054	0.07671169191598892	0.465433306992054	0.030790373028139584	0.38872161507606506	0.03966474218759686	0.043109096586704254	0.03228081745328382	False	True	0.5070357918739319	0.0008829525322653353	0.44260987639427185	0.004866819363087416	0.04345524683594704	0.0011492667254060507	True	0.3406258523464203	0.12051263451576233	0.2270568311214447	0.14405851066112518	0.042070645838975906	0.12567546963691711
6bnlva	the yearold brit who stopped the global cyberattack is donating his reward to charity	data/processed/pro_fakeddit/images/6bnlva.jpg	0	3	False	0.4651859998703003	0.29847562685608864	0.15454200096428394	0.04815095313824713	0.16671037301421165	0.4651859998703003	0.014564003446139395	0.15084663778543472	False	True	0.12368405610322952	0.013825158588588238	0.16539914906024933	0.5413922667503357	0.003665983211249113	0.15203332901000977	True	0.2471158355474472	0.15112833678722382	0.17064404487609863	0.2365671992301941	0.04725806415081024	0.1472865641117096
cmqfm6	yearold starts el paso challenge for the community to do good deeds for each lives lost	data/processed/pro_fakeddit/images/cmqfm6.jpg	0	2	False	0.4648224972188473	0.14685731753706932	0.31796517968177795	0.04345373739488423	0.4648224972188473	0.09924955666065216	0.026372437831014395	0.04813662148080766	False	True	0.32400164008140564	0.005623786710202694	0.5546116232872009	0.08483363687992096	0.019845763221383095	0.01108360756188631	True	0.2998557984828949	0.15694358944892883	0.19545511901378632	0.14249731600284576	0.045952461659908295	0.15929566323757172
cmx97fb	great shot man hey whats going on with that van in the back	data/processed/pro_fakeddit/images/cmx97fb.jpg	4	0	False	0.46474412083625793	0.20091175846755505	0.46474412083625793	0.022589798492845148	0.20755470916628838	0.022862492012791336	0.2638323623687029	0.01841651083668694	False	True	0.48353829979896545	0.001857861177995801	0.18146352469921112	0.0032310583628714085	0.32829731702804565	0.0016118932981044054	True	0.4083615839481354	0.08478561043739319	0.28582826256752014	0.08175679296255112	0.07043749839067459	0.06883036345243454
7moogx	this guy riding a donkey in mexico	data/processed/pro_fakeddit/images/7moogx.jpg	0	2	False	0.4631616547703743	0.07592595368623734	0.38723570108413696	0.038999201729893684	0.4631616547703743	0.033232347341254354	0.049438681453466415	0.02793243553605862	False	True	0.4083964228630066	0.013863161206245422	0.5412809252738953	0.004402614198625088	0.031096801161766052	0.00096008216496557	True	0.3237535357475281	0.11440732330083847	0.2288038432598114	0.11972154676914215	0.1044643223285675	0.10884949564933777
5ihr93	evangeline parish sheriff asks whether he is legally required to enforce the law	data/processed/pro_fakeddit/images/5ihr93.jpg	0	1	False	0.46209919080138206	0.23211385309696198	0.08139714552089572	0.46209919080138206	0.07900835108011961	0.2299853377044201	0.00764548231381923	0.13986444845795631	False	True	0.029103273525834084	0.558368980884552	0.05679606273770332	0.22685538232326508	0.0005236356519162655	0.12835261225700378	True	0.23827876150608063	0.17328982055187225	0.14564521610736847	0.23937520384788513	0.029011022299528122	0.1743999570608139
cscnml	a leaf fell through a hole in another leaf	data/processed/pro_fakeddit/images/cscnml.jpg	0	2	False	0.4605470262467861	0.15642018243670464	0.3041268438100815	0.03776281344471499	0.4605470262467861	0.06607076269574463	0.08704591728746891	0.044446625164709985	False	True	0.3508644700050354	0.0009198638144880533	0.5504434108734131	0.006920910440385342	0.08664658665657043	0.00420473562553525	True	0.16391396522521973	0.1482916623353958	0.1908578723669052	0.2435203194618225	0.08824390918016434	0.1651722937822342
6b9aof	drugs you dont agree with alex jones	data/processed/pro_fakeddit/images/6b9aof.jpg	3	0	False	0.46044567972421646	0.12118986248970032	0.46044567972421646	0.33925581723451614	0.04863568674772978	0.06043738313019276	0.016204102197661996	0.07502132910303771	False	True	0.5550453066825867	0.3741146922111511	0.027549613267183304	0.018843241035938263	0.010183456353843212	0.014263682998716831	True	0.17664679884910583	0.2346791923046112	0.1118939071893692	0.18521980941295624	0.03426603972911835	0.25729426741600037
b9z9vh	author having a blast here some news from zimbabwe about petty trademark fights	data/processed/pro_fakeddit/images/b9z9vh.jpg	0	2	False	0.46014393121004105	0.28273531049489975	0.1774086207151413	0.059108560904860497	0.46014393121004105	0.11549595184624195	0.1214377791620791	0.06640514358878136	False	True	0.17376968264579773	0.017490215599536896	0.5658127665519714	0.05197369307279587	0.1555572748184204	0.03539636731147766	True	0.188325434923172	0.1839635968208313	0.14313742518424988	0.3060627281665802	0.019079292193055153	0.15943147242069244
6i8xou	little girl running from a splash park	data/processed/pro_fakeddit/images/6i8xou.jpg	0	4	False	0.459901362657547	0.211153294891119	0.1598707102239132	0.053047630077344365	0.248748067766428	0.03478713904041797	0.459901362657547	0.04364506679121405	False	True	0.16363711655139923	0.0007454393780790269	0.29205235838890076	0.0014077103696763515	0.5388473272323608	0.0033100019209086895	True	0.14857149124145508	0.20995420217514038	0.1188351958990097	0.13492542505264282	0.22306346893310547	0.16465026140213013
7ytt37	british pilot smiles before going off on his final flight	data/processed/pro_fakeddit/images/7ytt37.jpg	2	0	False	0.459703654050827	0.1736338771879673	0.459703654050827	0.08243578672409058	0.2860697768628597	0.037988991010934114	0.10413670912384987	0.029665024019777775	False	True	0.5306529998779297	0.03234356641769409	0.298299103975296	0.015770843252539635	0.11867193132638931	0.00426148995757103	True	0.24685561656951904	0.23271244764328003	0.24938179552555084	0.10464343428611755	0.06053104251623154	0.10587562620639801
6tq6e8	til that knowing he was the media is the democrats replacement for the actions in charlottesville as repulsive traitors to their cronies	data/processed/pro_fakeddit/images/6tq6e8.jpg	3	0	False	0.4596392288804054	0.1378145758062601	0.4596392288804054	0.1070028143003583	0.3218246530741453	0.05204377509653568	0.008975072851171717	0.05051450605969876	False	True	0.5497981309890747	0.046313341706991196	0.3906356394290924	0.006201840937137604	0.0007211939664557576	0.006329911295324564	True	0.18916252255439758	0.2890712320804596	0.11539169400930405	0.18956957757472992	0.033736709505319595	0.18306829035282135
3gymh7	teenager in a fishing boat removes rubbish stuck on whales head whale shows its appreciation	data/processed/pro_fakeddit/images/3gymh7.jpg	0	2	False	0.4596064295619726	0.12784950993955135	0.33175691962242126	0.09299923345679417	0.4596064295619726	0.03818300669081509	0.029860712122172117	0.04759367508813739	False	True	0.38796669244766235	0.0021899722050875425	0.5738047957420349	0.008540286682546139	0.015390323475003242	0.012107903137803078	True	0.163127601146698	0.36542701721191406	0.11701133102178574	0.12711116671562195	0.07327187806367874	0.15405099093914032
4rap24	more us babies with zikarelated birth defects reported by health agency	data/processed/pro_fakeddit/images/4rap24.jpg	0	2	False	0.4589049145579338	0.2375977709889412	0.22130714356899261	0.04621186153963208	0.4589049145579338	0.11691169068217278	0.01543769717682153	0.1412266381084919	False	True	0.23017026484012604	0.008287539705634117	0.5671826601028442	0.08132489025592804	0.004166123922914267	0.10886843502521515	True	0.19471777975559235	0.15998482704162598	0.13407167792320251	0.22367209196090698	0.04925241693854332	0.23830124735832214
6sy3f1	cutting a guitar string in the plastic in a very satisfying way	data/processed/pro_fakeddit/images/6sy3f1.jpg	3	2	False	0.4587513133883476	0.13378185778856277	0.32496945559978485	0.025199341122061014	0.4587513133883476	0.041887552943080664	0.09763215854763985	0.05156018631532788	False	True	0.34989774227142334	0.0014191623777151108	0.5377169251441956	0.0114909578114748	0.08358435332775116	0.015890872105956078	True	0.2501845955848694	0.09653987735509872	0.22185447812080383	0.13307733833789825	0.1397755742073059	0.1585681289434433
dbhq4j	this wasp that landed on my windshield	data/processed/pro_fakeddit/images/dbhq4j.jpg	0	2	False	0.4576045237481594	0.12275686860084534	0.33484765514731407	0.0317498893418815	0.4576045237481594	0.0486397574422881	0.07606977224349976	0.051088422536849976	False	True	0.370457261800766	0.001636877772398293	0.5413762927055359	0.001866223756223917	0.07684318721294403	0.007820174098014832	True	0.2280188351869583	0.12208892405033112	0.20628921687602997	0.18896035850048065	0.07374952733516693	0.1808931678533554
3y5t9r	what working on the fridge at a silver mine	data/processed/pro_fakeddit/images/3y5t9r.jpg	3	0	False	0.4570007175207138	0.11120720580220222	0.4570007175207138	0.03380130743607879	0.3457935117185116	0.08456656616181135	0.013403288408881053	0.06543455459177494	False	True	0.49345862865448	0.01366853155195713	0.3913900852203369	0.056540597230196	0.0015993296401575208	0.043342746794223785	True	0.3476269841194153	0.09419963508844376	0.20900379121303558	0.1686444729566574	0.04881516471505165	0.1317099779844284
59po64	defense secretary ash carter has ordered a stop to reclaiming reenlistment bonuses	data/processed/pro_fakeddit/images/59po64.jpg	0	3	False	0.45695047080516815	0.27648585848510265	0.10202786326408386	0.07949601300060749	0.1804646123200655	0.45695047080516815	0.014899654779583216	0.16616134345531464	False	True	0.08230336010456085	0.0306105837225914	0.1997435837984085	0.5491191148757935	0.004303673282265663	0.1339196264743805	True	0.1612013727426529	0.22615230083465576	0.12262769788503647	0.18044453859329224	0.04668759927153587	0.26288649439811707
coygman	they see me rollin they hatin	data/processed/pro_fakeddit/images/coygman.jpg	4	2	False	0.45692645758390427	0.1847138749435544	0.11562148574739695	0.056739774299785495	0.45692645758390427	0.07052862364798784	0.27221258264034986	0.027971063856966794	False	True	0.06019778177142143	0.011906103231012821	0.5252580046653748	0.05588642135262489	0.3451744019985199	0.0015772744081914425	True	0.2818925976753235	0.19124078750610352	0.2519318163394928	0.11445523053407669	0.05332712456583977	0.10715243220329285
9bltgk	how a fallen succulent leaf begins to grow its own roots	data/processed/pro_fakeddit/images/9bltgk.jpg	0	2	False	0.4568391516804695	0.09749683737754822	0.3593423143029213	0.029787702769681346	0.4568391516804695	0.03906621999340132	0.05603465344756842	0.058929952792823315	False	True	0.3923417925834656	0.0004526827542576939	0.5362957715988159	0.0038060226943343878	0.04780799522995949	0.019295740872621536	True	0.26034387946128845	0.1177927628159523	0.2184692919254303	0.1448468118906021	0.0807146281003952	0.17783258855342865
27mpcr	djokovic during the roland garros final	data/processed/pro_fakeddit/images/27mpcr.jpg	0	2	False	0.4563232511281967	0.1483151763677597	0.308008074760437	0.06045214645564556	0.4563232511281967	0.04839708958752453	0.06574801448732615	0.06107137957587838	False	True	0.33945950865745544	0.019982732832431793	0.5498523116111755	0.011848210357129574	0.04832642897963524	0.030530763790011406	True	0.2136537730693817	0.18186038732528687	0.17573606967926025	0.1580437272787094	0.11801277101039886	0.1526932269334793
cv9kwi	my fathers first trip to school	data/processed/pro_fakeddit/images/cv9kwi.jpg	2	0	False	0.45591696351766586	0.25184791535139084	0.45591696351766586	0.06935647781938314	0.20406904816627502	0.0671247448772192	0.028094779700040817	0.17543795332312584	False	True	0.48633676767349243	0.056015495210886	0.19842085242271423	0.039615459740161896	0.01774251088500023	0.20186887681484222	True	0.36465755105018616	0.10937942564487457	0.2210136353969574	0.1496526002883911	0.05915158614516258	0.09614518284797668
3zcpl2	poster for the upcoming trey parkermatt stone short film on canada	data/processed/pro_fakeddit/images/3zcpl2.jpg	2	4	False	0.45566998422145844	0.2095598764717579	0.15927759930491447	0.05943144374759868	0.24611010774970055	0.028449510224163532	0.45566998422145844	0.051061319187283516	False	True	0.13394255936145782	0.0036444549914449453	0.26416099071502686	0.002062816172838211	0.579208493232727	0.01698065549135208	True	0.23528271913528442	0.22679241001605988	0.19195745885372162	0.1076095923781395	0.08505445718765259	0.15330331027507782
884fbe	local man glad hes not a local woman	data/processed/pro_fakeddit/images/884fbe.jpg	1	2	False	0.45545075833797455	0.07954411953687668	0.37590663880109787	0.04538922198116779	0.45545075833797455	0.05956816300749779	0.039957075379788876	0.023728198721073568	False	True	0.3808470666408539	0.021646447479724884	0.5184783339500427	0.03557990491390228	0.03893634304404259	0.004511956591159105	True	0.36108535528182983	0.11661754548549652	0.26636803150177	0.1315329372882843	0.04301927238702774	0.08137692511081696
1xh62w	the bear and the wolf repost from usimpsonsfanher post on pics subreddit	data/processed/pro_fakeddit/images/1xh62w.jpg	0	4	False	0.4545954708009958	0.15678011812269688	0.29781535267829895	0.033705714682582766	0.14176148176193237	0.03393700334709138	0.4545954708009958	0.03818494512233883	False	True	0.2863611578941345	0.0031893595587462187	0.12407973408699036	0.00245077395811677	0.5822867155075073	0.001632209401577711	True	0.33217793703079224	0.1252547800540924	0.19480672478675842	0.1283956915140152	0.07152173668146133	0.1478431522846222
d02gtm	manchester hotel charges australian ps for a beer	data/processed/pro_fakeddit/images/d02gtm.jpg	0	2	False	0.454346876591444	0.2517671026289463	0.2025797739624977	0.0913103986531496	0.454346876591444	0.1269952654838562	0.027660889085382223	0.09710676968097687	False	True	0.19545955955982208	0.06068124622106552	0.5498642325401306	0.09726250171661377	0.017790047451853752	0.07894237339496613	True	0.2239404171705246	0.18319785594940186	0.16779480874538422	0.2161935567855835	0.057273413985967636	0.1515999585390091
8dn2os	rage against the machine dont let them take your mind	data/processed/pro_fakeddit/images/8dn2os.jpg	1	0	False	0.4539041593670845	0.15457238629460335	0.4539041593670845	0.06752039422281086	0.29933177307248116	0.03453655767953023	0.09953905269503593	0.045168016105890274	False	True	0.5240480899810791	0.006919308565557003	0.335811972618103	0.002853262471035123	0.11620978266000748	0.014157518744468689	True	0.2434723675251007	0.24932365119457245	0.18989117443561554	0.12958644330501556	0.04952686280012131	0.13819950819015503
dinuvni	girl and guy with unusually long arms	data/processed/pro_fakeddit/images/dinuvni.jpg	4	0	False	0.4536048173904419	0.1406826190650463	0.4536048173904419	0.04559520093607716	0.3129221983253956	0.02602478105109185	0.1289412509649992	0.03291172889294103	False	True	0.543355405330658	0.0018921472365036607	0.3462807536125183	0.0025123455561697483	0.10465287417173386	0.0013064441736787558	True	0.1843530535697937	0.17670436203479767	0.2128465324640274	0.09656208753585815	0.20180638134479523	0.12772758305072784
3po6jx	barbecue round at the folks took a turn for the worst	data/processed/pro_fakeddit/images/3po6jx.jpg	2	4	False	0.4533586064353585	0.1495421016588807	0.3038165047764778	0.03926088883599732	0.13523707538843155	0.0390211240737699	0.4533586064353585	0.029305768839549273	False	True	0.2986229956150055	0.0009528130176477134	0.1080288290977478	0.0014010679442435503	0.5896810293197632	0.0013132488820701838	True	0.3193970322608948	0.15418511629104614	0.2168618142604828	0.15188129246234894	0.044391337782144547	0.11328332871198654
cmnc781	she touches herself everyday	data/processed/pro_fakeddit/images/cmnc781.jpg	4	0	False	0.45290936529636383	0.16849140729755163	0.45290936529636383	0.023592693090904504	0.18120713531970978	0.035732573160203174	0.2844179579988122	0.022140261688036844	False	True	0.4722093343734741	0.0019187422003597021	0.156997948884964	0.0015216994797810912	0.3662348687648773	0.0011173846432939172	True	0.39500945806503296	0.08861454576253891	0.25383469462394714	0.13836519420146942	0.03896722570061684	0.08520889282226562
6l8ivu	lifes a beach by jesus christie	data/processed/pro_fakeddit/images/6l8ivu.jpg	1	0	False	0.4512544348835945	0.11848687008023262	0.4512544348835945	0.076237921603024	0.3327675648033619	0.04532691300846636	0.0646336292847991	0.02977954118978232	False	True	0.501439094543457	0.048297371715307236	0.38287174701690674	0.008561003021895885	0.05587844178080559	0.0029523209668695927	True	0.30070045590400696	0.16005957126617432	0.18245501816272736	0.1556246429681778	0.09089919179677963	0.11026120185852051
6bvppt	saintjeandeluz pyreneesatlantiques france	data/processed/pro_fakeddit/images/6bvppt.jpg	0	4	False	0.4509940817952156	0.18741851300001144	0.26357556879520416	0.022119952976936474	0.1801663152873516	0.04686106299050152	0.4509940817952156	0.03628302429569885	False	True	0.2625541090965271	0.0011183925671502948	0.18574513494968414	0.007304473780095577	0.5426769852638245	0.0006009249482303858	True	0.26663994789123535	0.08512463420629501	0.163429856300354	0.16553083062171936	0.17594537138938904	0.14332932233810425
bg83tp	my orange juice has a hebrew on the label for passover	data/processed/pro_fakeddit/images/bg83tp.jpg	0	2	False	0.4508051127195358	0.1785106509923935	0.27229446172714233	0.0323249960783869	0.4508051127195358	0.07463888637721539	0.012583154195453972	0.1573534607887268	False	True	0.2793491780757904	0.002834889106452465	0.515052855014801	0.03971687704324722	0.0036485393065959215	0.15939776599407196	True	0.2511303126811981	0.12079531699419022	0.25806188583374023	0.17940491437911987	0.03938699886202812	0.15122054517269135
17wnqk	a small dog intimidating a larger one	data/processed/pro_fakeddit/images/17wnqk.jpg	0	2	False	0.44897549971938133	0.2613437622785568	0.1876317374408245	0.09358393121510744	0.44897549971938133	0.03361206711269915	0.1734142117202282	0.06278252834454179	False	True	0.19162555038928986	0.04617602750658989	0.5426307320594788	0.007855604402720928	0.1851736158132553	0.026538444682955742	True	0.17565029859542847	0.2358076423406601	0.16800980269908905	0.11088145524263382	0.13813599944114685	0.17151477932929993
26an1o	an osprey with a brown trout	data/processed/pro_fakeddit/images/26an1o.jpg	0	2	False	0.44881705567240715	0.22706156224012375	0.2217554934322834	0.057021600659936666	0.44881705567240715	0.05664180335588753	0.16824035346508026	0.04752367385663092	False	True	0.23099161684513092	0.018516825512051582	0.5480808615684509	0.009976825676858425	0.17880743741989136	0.013626406900584698	True	0.19404712319374084	0.17253592610359192	0.15102563798427582	0.19663673639297485	0.13653910160064697	0.1492154747247696
czqi90	this tree that grew around the fence	data/processed/pro_fakeddit/images/czqi90.jpg	0	2	False	0.44872990250587463	0.10825002938508987	0.34047987312078476	0.020629566395655274	0.44872990250587463	0.0689460439607501	0.08049085550010204	0.04072382906451821	False	True	0.3577960431575775	0.0019999993965029716	0.5219448208808899	0.03400197997689247	0.07551651448011398	0.008740721270442009	True	0.2885313630104065	0.07651826739311218	0.22908514738082886	0.173778235912323	0.09541387856006622	0.13667315244674683
d7a3wfc	an old picture has been retrieved	data/processed/pro_fakeddit/images/d7a3wfc.jpg	4	0	False	0.44824718683958054	0.16508758440613747	0.44824718683958054	0.008493649991578422	0.28315960243344307	0.03842338704271242	0.20556341484189034	0.016112760829855688	False	True	0.4949761927127838	0.0006664733518846333	0.24851207435131073	0.0034915378782898188	0.2519998252391815	0.0003539015888236463	True	0.3080601692199707	0.03197517991065979	0.3871021866798401	0.14321893453598022	0.06625418365001678	0.06338933855295181
3insja	dog getting caught digging a hole	data/processed/pro_fakeddit/images/3insja.jpg	0	2	False	0.44793225079774857	0.0673627071082592	0.38056954368948936	0.0659203325631097	0.44793225079774857	0.03631333715748042	0.03516171872615814	0.03410284288111143	False	True	0.44294777512550354	0.004426491912454367	0.5378085374832153	0.0016311616636812687	0.01184237003326416	0.0013436932349577546	True	0.19343484938144684	0.2504018545150757	0.17830339074134827	0.14035986363887787	0.10511976480484009	0.13238029181957245
7kizk0	xwing fighter crash lands on the uss long island during flight testing	data/processed/pro_fakeddit/images/7kizk0.jpg	2	0	False	0.4479033946990967	0.13333598524332047	0.4479033946990967	0.07199653843417764	0.3145674094557762	0.0389403734006919	0.07392237335443497	0.05266995611600578	False	True	0.5391045212745667	0.010528651997447014	0.3763595521450043	0.001101811183616519	0.06425753980875015	0.008647971786558628	True	0.17430001497268677	0.2564001977443695	0.12919098138809204	0.15245606005191803	0.10291687399148941	0.18473590910434723
5buqcw	soldiers tethered to a lift chopper	data/processed/pro_fakeddit/images/5buqcw.jpg	0	4	False	0.4474867023527622	0.08168046176433563	0.3658062405884266	0.042564444011077285	0.07094610016793013	0.0393428202951327	0.4474867023527622	0.03385368891758844	False	True	0.40770623087882996	0.003146951086819172	0.03557272627949715	0.002620681654661894	0.5490180850028992	0.001935320207849145	True	0.2401062697172165	0.16081692278385162	0.17706622183322906	0.1495092362165451	0.14289255440235138	0.12960879504680634
3if33g	freshly shucked malpeque bay oysters	data/processed/pro_fakeddit/images/3if33g.jpg	2	0	False	0.4473714679479599	0.0749318040907383	0.4473714679479599	0.039850839879363775	0.3724396638572216	0.04572987029678188	0.052857667207717896	0.041750515170861036	False	True	0.5157650113105774	0.007536502555012703	0.4313214123249054	0.0007888554828241467	0.041732825338840485	0.0028554180171340704	True	0.24219083786010742	0.136793851852417	0.19579441845417023	0.1805529147386551	0.08623219281435013	0.15843580663204193
c4agsx	the usa and uk authorise drone strikes on libya to topple colonel gaddafi circa	data/processed/pro_fakeddit/images/c4agsx.jpg	2	1	False	0.4455896094441414	0.23445448279380798	0.10244785621762276	0.4455896094441414	0.15901067107915878	0.06921233981847763	0.01260442011334817	0.2111351266503334	False	True	0.06763479113578796	0.5005112886428833	0.17182661592960358	0.04171136021614075	0.00019797812274191529	0.21811798214912415	True	0.20688705146312714	0.28082457184791565	0.1205628365278244	0.15171527862548828	0.04982374608516693	0.19018656015396118
8khc6z	larry martin what is pain	data/processed/pro_fakeddit/images/8khc6z.jpg	1	0	False	0.4455285705626011	0.09983225539326668	0.4455285705626011	0.08077319897711277	0.3456963151693344	0.05195397767238319	0.012127621070249006	0.06392032979056239	False	True	0.5126785635948181	0.05681779235601425	0.39343756437301636	0.01283175591379404	0.0014975505182519555	0.022736797109246254	True	0.24407859146595	0.15263941884040833	0.20247256755828857	0.16932064294815063	0.04401783272624016	0.1874709278345108
614tnh	sweet pawlitics joe biden the human meets joe biden the puppy	data/processed/pro_fakeddit/images/614tnh.jpg	0	2	False	0.4440722428262234	0.15109708160161972	0.29297516122460365	0.11786404345184565	0.4440722428262234	0.06170934438705444	0.03326420160010457	0.05011499649845064	False	True	0.3208904564380646	0.04687414690852165	0.5436041355133057	0.04471226781606674	0.029700661078095436	0.014218305237591267	True	0.2092292755842209	0.3308337330818176	0.1454765647649765	0.11270057410001755	0.04395482316613197	0.15780507028102875
ckymyy	this girlfriend side order	data/processed/pro_fakeddit/images/ckymyy.jpg	0	2	False	0.44387082010507584	0.12833599746227264	0.3155348226428032	0.10795071348547935	0.44387082010507584	0.06301106419414282	0.01320039234997239	0.05643223784863949	False	True	0.2916809916496277	0.11360132694244385	0.5144311189651489	0.033849868923425674	0.0006631964934058487	0.045773543417453766	True	0.3870963156223297	0.09099887311458588	0.23218992352485657	0.15049465000629425	0.05081197991967201	0.08840832114219666
br022s	chef gary usher offered a homeless man work but now what when top chef gary usher left his manchester restaurant last week after a shift he didnt know he was about to have a conversation that would change someones life	data/processed/pro_fakeddit/images/br022s.jpg	0	2	False	0.44373883679509163	0.14062019810080528	0.30311863869428635	0.07354835537262261	0.44373883679509163	0.11090751737356186	0.03041882859542966	0.038267760537564754	False	True	0.3258502781391144	0.009904912672936916	0.5321701765060425	0.100018709897995	0.017340248450636864	0.014715593308210373	True	0.23492372035980225	0.2644786834716797	0.17844481766223907	0.14357393980026245	0.06965456902980804	0.1089242622256279
1sn912	charlottetown superstore resells meat found in thiefs pants	data/processed/pro_fakeddit/images/1sn912.jpg	0	1	False	0.44359609112143517	0.17024476826190948	0.08150937780737877	0.44359609112143517	0.10352865606546402	0.2733513228595257	0.012255573674337938	0.0857590464875102	False	True	0.03770817816257477	0.5242729783058167	0.0787801444530487	0.3017067611217499	0.0010222470154985785	0.05650981143116951	True	0.21291297674179077	0.2015654295682907	0.17777419090270996	0.1882850080728531	0.04595555365085602	0.1735067516565323
179rnu	nhl player marian hossa celeberates goal	data/processed/pro_fakeddit/images/179rnu.jpg	0	2	False	0.4434737153351307	0.09430553764104843	0.34916817769408226	0.06622619344852865	0.4434737153351307	0.054837923031300306	0.02242296002805233	0.06387102697044611	False	True	0.4106278419494629	0.0049440981820225716	0.5461127758026123	0.01739867962896824	0.010095063596963882	0.01082153245806694	True	0.16478918492794037	0.2500724792480469	0.13555653393268585	0.1671556532382965	0.05940664932131767	0.22301951050758362
bumaet	this atm requires cards to be inserted horizontally to help prevent skimmer attacks	data/processed/pro_fakeddit/images/bumaet.jpg	0	2	False	0.4427558034658432	0.1475028470158577	0.2952529564499855	0.035262462915852666	0.4427558034658432	0.08879033988341689	0.05835557635873556	0.07958289328962564	False	True	0.3427523076534271	0.0056950366124510765	0.5256936550140381	0.023874299600720406	0.060966551303863525	0.04101818427443504	True	0.15275490283966064	0.12396474182605743	0.19394224882125854	0.28353846073150635	0.05052265152335167	0.19527702033519745
d0ioqh	using a banana for archery practice	data/processed/pro_fakeddit/images/d0ioqh.jpg	2	0	False	0.4421384707093239	0.060459204018116	0.4421384707093239	0.0403987051686272	0.3816792666912079	0.04019411758054048	0.038625966757535934	0.0569634847342968	False	True	0.4967226982116699	0.0025859219022095203	0.44642138481140137	0.004642100539058447	0.023415379226207733	0.026212528347969055	True	0.27838578820228577	0.15383705496788025	0.18745291233062744	0.14685016870498657	0.08425772935152054	0.14921635389328003
3jp1od	obese man dies attempting to put on his socks	data/processed/pro_fakeddit/images/3jp1od.jpg	1	0	False	0.44114430248737335	0.1268158033490181	0.44114430248737335	0.04518916551023722	0.31432849913835526	0.07975710090249777	0.05597985349595547	0.06360109709203243	False	True	0.47840240597724915	0.011303137987852097	0.3561737537384033	0.05577677860856056	0.05468032881617546	0.04366361349821091	True	0.32936999201774597	0.14684724807739258	0.18879273533821106	0.1516980677843094	0.059878427535295486	0.12341354787349701
4sq1a7	indiana animal shelter enlists help of pokemon go players to walk dogs	data/processed/pro_fakeddit/images/4sq1a7.jpg	0	2	False	0.4405965805053711	0.13257256150245667	0.30802401900291443	0.051176085602492094	0.4405965805053711	0.07143108267337084	0.08224458433687687	0.04652766278013587	False	True	0.33344292640686035	0.004720756784081459	0.525105893611908	0.027612414211034775	0.08747409284114838	0.021643923595547676	True	0.23176729679107666	0.190542072057724	0.1870686411857605	0.20288708806037903	0.06655605882406235	0.12117888033390045
78xol9	its simply bursting with creative wonder says reviewer of new game where mario sometimes dresses as chef	data/processed/pro_fakeddit/images/78xol9.jpg	1	4	False	0.4403182305395603	0.10528172925114632	0.335036501288414	0.06858497019857168	0.07322363276034594	0.05153019679710269	0.4403182305395603	0.03130649100057781	False	True	0.3642677366733551	0.011297706514596939	0.041315045207738876	0.016919994726777077	0.5637108087539673	0.002488725818693638	True	0.2473427951335907	0.2404467612504959	0.16894939541816711	0.15536080300807953	0.07014049589633942	0.11775978654623032
8parze	sean hannity tells mueller investigation witnesses to destroy evidence	data/processed/pro_fakeddit/images/8parze.jpg	0	1	False	0.4402585066854954	0.19994256645441055	0.06002927431836724	0.4402585066854954	0.06014117784798145	0.24031594023108482	0.007856652897316962	0.19139841198921204	False	True	0.02942652814090252	0.5105718970298767	0.04633414000272751	0.24807441234588623	0.0022910682018846273	0.16330191493034363	True	0.1518375128507614	0.22931833565235138	0.10156229138374329	0.2170405238866806	0.024553406983613968	0.27568790316581726
8vvqsg	charity makes sure homeless kids get the birthday party they deserve	data/processed/pro_fakeddit/images/8vvqsg.jpg	0	2	False	0.4400003142654896	0.09095247462391853	0.34904783964157104	0.08105106372386217	0.4400003142654896	0.05784616805613041	0.032697456888854504	0.03935711539816111	False	True	0.37221166491508484	0.04542351886630058	0.5264792442321777	0.026437781751155853	0.02481873705983162	0.004629007074981928	True	0.27955636382102966	0.18793369829654694	0.1805635243654251	0.15207132697105408	0.05633361637592316	0.14354144036769867
bjl9zd	cross section of egg that broke through shell during boiling	data/processed/pro_fakeddit/images/bjl9zd.jpg	0	2	False	0.4390253834426403	0.13221235573291779	0.3068130277097225	0.04275845782831311	0.4390253834426403	0.03521504596574232	0.09027092158794403	0.08591712079942226	False	True	0.343570351600647	0.009327327832579613	0.5172714591026306	0.002063358435407281	0.08811541646718979	0.039652012288570404	True	0.19654105603694916	0.1430518478155136	0.20428715646266937	0.13467010855674744	0.09673743695020676	0.22471244633197784
5653s3	the pool has sweet dreams	data/processed/pro_fakeddit/images/5653s3.jpg	2	0	False	0.4379875361919403	0.13587014749646187	0.4379875361919403	0.02350252354517579	0.30211738869547844	0.043260545120574534	0.15833167172968388	0.03480037837289274	False	True	0.4756779968738556	0.0025666113942861557	0.3199242055416107	0.00585114536806941	0.18249920010566711	0.013480928726494312	True	0.32491615414619446	0.0863102599978447	0.2486969381570816	0.1554887443780899	0.08582908660173416	0.09875872731208801
cvphmw	this package of lifesavers	data/processed/pro_fakeddit/images/cvphmw.jpg	0	2	False	0.43745268136262894	0.044257402420043945	0.393195278942585	0.021569793738308363	0.43745268136262894	0.03669257496949285	0.02421943750232458	0.08687016181647778	False	True	0.40297821164131165	0.0008272673585452139	0.5014059543609619	0.0067558144219219685	0.015742771327495575	0.07228992134332657	True	0.36384648084640503	0.08379737287759781	0.24559286236763	0.1265028566122055	0.0496494360268116	0.1306108832359314
3jk96v	day care workers accused of running fight club among children	data/processed/pro_fakeddit/images/3jk96v.jpg	0	2	False	0.43688321486115456	0.22985297068953514	0.20703024417161942	0.04134626314043999	0.43688321486115456	0.20520661771297455	0.0220733352471143	0.08746033161878586	False	True	0.19657333195209503	0.008181124925613403	0.5206939578056335	0.1903390884399414	0.011973532848060131	0.0722389817237854	True	0.23840098083019257	0.14084167778491974	0.1854509860277176	0.24980920553207397	0.05237274244427681	0.13312438130378723
d15m67f	if theres any doubt i do a leavebehind with the hat i go back to her place to pick it update number three	data/processed/pro_fakeddit/images/d15m67f.jpg	4	0	False	0.436880923807621	0.11698102205991745	0.436880923807621	0.05686461832374334	0.31989990174770355	0.05144220357760787	0.10760603845119476	0.02730631988379173	False	True	0.48994866013526917	0.027655277401208878	0.3396938741207123	0.0193957407027483	0.12226437777280807	0.001042060204781592	True	0.2776777148246765	0.14449264109134674	0.26051798462867737	0.14758159220218658	0.06363102048635483	0.10609909892082214
clleos	the head on this horse fly	data/processed/pro_fakeddit/images/clleos.jpg	0	2	False	0.43621695786714554	0.035594966262578964	0.4006219916045666	0.030703330761753023	0.43621695786714554	0.03888473141705617	0.06326758954674006	0.030305422435048968	False	True	0.46060821413993835	0.0002956097014248371	0.4966929256916046	0.0015071213711053133	0.039719801396131516	0.0011763616930693388	True	0.22066332399845123	0.12192649394273758	0.2547890543937683	0.15101756155490875	0.13391095399856567	0.11769260466098785
ctnfbd	in a bag of very old clementines only one rotted away	data/processed/pro_fakeddit/images/ctnfbd.jpg	0	2	False	0.435395784676075	0.04707085341215134	0.38832493126392365	0.04000517737586051	0.435395784676075	0.03075461252592504	0.057851326651871204	0.047668132930994034	False	True	0.41417065262794495	0.001326178666204214	0.5112754702568054	0.004799467511475086	0.055446501821279526	0.01298166811466217	True	0.31078776717185974	0.1560421735048294	0.20775672793388367	0.1086200475692749	0.06506580114364624	0.15172752737998962
c3kn1k	humanities last straight survivor is infected with gay	data/processed/pro_fakeddit/images/c3kn1k.jpg	2	0	False	0.43514690548181534	0.15508753806352615	0.43514690548181534	0.2800593674182892	0.11790438741445541	0.05423134798184037	0.0684396494179964	0.04421834601089358	False	True	0.4931126832962036	0.301219642162323	0.09748005867004395	0.016482768580317497	0.07068057358264923	0.021024318411946297	True	0.2612495720386505	0.21657854318618774	0.17917737364768982	0.167477086186409	0.06171687692403793	0.11380042880773544
4sd64b	steve wozniak playing polo on a segway	data/processed/pro_fakeddit/images/4sd64b.jpg	0	2	False	0.4350658170878887	0.15444599092006683	0.2806198261678219	0.14485421404242516	0.4350658170878887	0.03912008961196989	0.05568932741880417	0.04465068446006626	False	True	0.31945881247520447	0.096835657954216	0.5238116979598999	0.00244563864544034	0.0516737625002861	0.005774382967501879	True	0.16410286724567413	0.2889098823070526	0.16882817447185516	0.14914344251155853	0.06773602217435837	0.1612795889377594
f16p4th	httpsiimgurcomvlqoowwjpg	data/processed/pro_fakeddit/images/f16p4th.jpg	4	0	False	0.4348199591040611	0.019717827439308167	0.4348199591040611	0.04142285976558924	0.41510213166475296	0.040980740915983915	0.04739867150783539	0.020275658473110525	False	True	0.46392345428466797	0.03704899922013283	0.4554135501384735	0.003265911713242531	0.040141358971595764	0.0002067443128908053	True	0.3475094735622406	0.054544441401958466	0.2941678762435913	0.15412522852420807	0.06917060911655426	0.08048240095376968
9g27bc	this little guy and other squirrels hijacked our tour at michigan state university	data/processed/pro_fakeddit/images/9g27bc.jpg	0	2	False	0.4344775974750519	0.05025496333837509	0.3842226341366768	0.04144662889302708	0.4344775974750519	0.04812832840252668	0.050462352111935616	0.041262519953306764	False	True	0.4443066120147705	0.0011142230359837413	0.4964025318622589	0.00747182359918952	0.048388268798589706	0.0023166306782513857	True	0.20397070050239563	0.1624438464641571	0.2487027943134308	0.17009784281253815	0.05668460205197334	0.1581001877784729
ash26u	menu at local restaurant has this guide for how you want your meat cooked	data/processed/pro_fakeddit/images/ash26u.jpg	0	2	False	0.4331733211874962	0.12753714621067047	0.3056361749768257	0.08854770101606846	0.4331733211874962	0.06318101659417152	0.010342213427065872	0.09911956451833248	False	True	0.3237821161746979	0.054154954850673676	0.5134463906288147	0.03983786702156067	0.00066754111321643	0.0681111142039299	True	0.25119835138320923	0.1917259395122528	0.19235411286354065	0.1332104653120041	0.0393662303686142	0.19214491546154022
ccvujvv	i dont really know what ive done here	data/processed/pro_fakeddit/images/ccvujvv.jpg	4	2	False	0.43312692642211914	0.1368652731180191	0.29626165330410004	0.03204353747423738	0.43312692642211914	0.03463637095410377	0.17498082015663385	0.02895069681107998	False	True	0.26842251420021057	0.004940554965287447	0.4990847110748291	0.005966549273580313	0.21680687367916107	0.00477880984544754	True	0.37977907061576843	0.11335248500108719	0.23525357246398926	0.12064583599567413	0.0495026595890522	0.1014663577079773
8zlpq5	police post mugshot of lost dog bail paid in cookies	data/processed/pro_fakeddit/images/8zlpq5.jpg	0	2	False	0.432841457426548	0.03230797499418259	0.4005334824323654	0.05914374580606818	0.432841457426548	0.059798481059260666	0.01977596676442772	0.02790686364460271	False	True	0.44728705286979675	0.0306094903498888	0.5119170546531677	0.0038890517316758633	0.005664146970957518	0.0006332207121886313	True	0.2602727711200714	0.14474651217460632	0.19561466574668884	0.22752676904201508	0.06211142614483833	0.10972779244184494
xi25j	so this was going on at my desk all day	data/processed/pro_fakeddit/images/xi25j.jpg	0	4	False	0.4326003650203347	0.15564089361578226	0.1480105947703123	0.06400220841169357	0.27695947140455246	0.03967480314895511	0.4326003650203347	0.03875252162106335	False	True	0.07664120942354202	0.05339881777763367	0.2943403720855713	0.00844905711710453	0.5596988797187805	0.007471620105206966	True	0.36211875081062317	0.09581238031387329	0.22481676936149597	0.13335204124450684	0.05130482092499733	0.1325952261686325
5nucmi	this rather alarmed microphone	data/processed/pro_fakeddit/images/5nucmi.jpg	0	2	False	0.43254542350769043	0.05619845539331436	0.37634696811437607	0.05041750939562917	0.43254542350769043	0.07475903071463108	0.020747706992551684	0.045183428563177586	False	True	0.4163420796394348	0.007965659722685814	0.5049418210983276	0.03516317158937454	0.013620653189718723	0.021966684609651566	True	0.25636163353919983	0.17777305841445923	0.2153562307357788	0.1935466080904007	0.04212886840105057	0.11483366042375565
bdt9wz	us legalizes samesex marriage th	data/processed/pro_fakeddit/images/bdt9wz.jpg	2	0	False	0.43186479434370995	0.09633949026465416	0.43186479434370995	0.09076565690338612	0.3355253040790558	0.05495574721135199	0.03537240531295538	0.051516050356440246	False	True	0.5104195475578308	0.05027998238801956	0.3962536156177521	0.0044134510681033134	0.032835088670253754	0.0057982527650892735	True	0.19620053470134735	0.21222268044948578	0.15334036946296692	0.20658263564109802	0.04298435524106026	0.18866944313049316
51u4bm	different colors chance and change	data/processed/pro_fakeddit/images/51u4bm.jpg	1	4	False	0.4314712639898062	0.06868399865925312	0.08772330172359943	0.026019856690254528	0.36278726533055305	0.04748584108892828	0.4314712639898062	0.044512434644275345	False	True	0.040327288210392	0.0003331581538077444	0.40414589643478394	0.0037994752638041973	0.5507407784461975	0.0006533746491186321	True	0.22991134226322174	0.10307995229959488	0.2387113720178604	0.17854493856430054	0.07366272062063217	0.17608961462974548
6oppz4	joe biden kissing a little girls head	data/processed/pro_fakeddit/images/6oppz4.jpg	0	2	False	0.43055112287402153	0.169638492166996	0.26091263070702553	0.11557951103895903	0.43055112287402153	0.03326190903317183	0.0797125156968832	0.07998226583003998	False	True	0.30180710554122925	0.05608752742409706	0.5283429622650146	0.004432699177414179	0.06923837959766388	0.040091291069984436	True	0.13822920620441437	0.2940554618835449	0.13717560470104218	0.1197495386004448	0.11113492399454117	0.1996551901102066
4tv5u8	angrily charging into battle	data/processed/pro_fakeddit/images/4tv5u8.jpg	2	0	False	0.43011624366045	0.14036299660801888	0.43011624366045	0.05768632562831044	0.2897532470524311	0.05524990288540721	0.12480696942657232	0.04238728154450655	False	True	0.4735638201236725	0.023122956976294518	0.3114154040813446	0.024067679420113564	0.14734385907649994	0.0204862542450428	True	0.29977351427078247	0.16137643158435822	0.2247667759656906	0.14879657328128815	0.057196300476789474	0.1080903634428978
6eb5tf	minnie she my trap queen watch her hit the bando	data/processed/pro_fakeddit/images/6eb5tf.jpg	1	0	False	0.429817833006382	0.19145942479372025	0.429817833006382	0.23835840821266174	0.1412647608667612	0.07625909987837076	0.06799153797328472	0.046308358665555716	False	True	0.46620503067970276	0.2746939957141876	0.11149413138628006	0.05373671278357506	0.07183391600847244	0.022036219015717506	True	0.3206562399864197	0.1293516457080841	0.23057664930820465	0.14382626116275787	0.05646440386772156	0.11912477761507034
dlpvzu	what i do with my spare time in construction class	data/processed/pro_fakeddit/images/dlpvzu.jpg	0	4	False	0.429453594610095	0.1737640704959631	0.2556895241141319	0.03130832442548126	0.21828803420066833	0.03175257798284292	0.429453594610095	0.03350799228064716	False	True	0.22516211867332458	0.003994297701865435	0.21294087171554565	0.00814274325966835	0.5385079979896545	0.011252009309828281	True	0.34727174043655396	0.11325040459632874	0.23432952165603638	0.10258208215236664	0.10229038447141647	0.10027594119310379
80zy5s	rare photo of president truman ordering the bombing of hiroshima	data/processed/pro_fakeddit/images/80zy5s.jpg	2	0	False	0.42822086066007614	0.043731894344091415	0.42822086066007614	0.06603780295699835	0.3844889663159847	0.04174682032316923	0.04219477437436581	0.037310822401195765	False	True	0.4358002543449402	0.04446167126297951	0.4560309946537018	0.01718835160136223	0.03820390999317169	0.008314883336424828	True	0.405482679605484	0.13076619803905487	0.16986288130283356	0.11542222648859024	0.05416736751794815	0.12429863959550858
5guxyv	check out these creative ways to give money as a gift	data/processed/pro_fakeddit/images/5guxyv.jpg	5	2	False	0.42664864659309387	0.014733262360095978	0.4119153842329979	0.03624089420191012	0.42664864659309387	0.042146722436882555	0.04373357072472572	0.03931478224694729	False	True	0.46648722887039185	0.0009388822363689542	0.4865562319755554	0.001755374949425459	0.03745090961456299	0.006811372935771942	True	0.24819985032081604	0.14214693009853363	0.24692589044570923	0.16332076489925385	0.06258155405521393	0.13682501018047333
6wvmk2	aaron rodgers sweet new stache	data/processed/pro_fakeddit/images/6wvmk2.jpg	0	2	False	0.4257908724248409	0.08361111208796501	0.3421797603368759	0.05848934641107917	0.4257908724248409	0.08926230669021606	0.01657313876785338	0.06770462775602937	False	True	0.39121952652931213	0.015548886731266975	0.4977777302265167	0.06339503824710846	0.0054895831272006035	0.0265693049877882	True	0.19506046175956726	0.18731072545051575	0.20983029901981354	0.16686411201953888	0.04982380568981171	0.19111059606075287
56sgee	sky island one of my whims	data/processed/pro_fakeddit/images/56sgee.jpg	1	0	False	0.42483263462781906	0.0979616828262806	0.42483263462781906	0.03556884475983679	0.32687095180153847	0.045763827743940055	0.13146157748997211	0.0355021235300228	False	True	0.4708571434020996	0.01479202788323164	0.3687378764152527	0.003910715226083994	0.13511115312576294	0.006591020617634058	True	0.2867591083049774	0.09789929538965225	0.2012701779603958	0.17132316529750824	0.12051285058259964	0.12223543226718903
9eq12n	unholy cosmos love yesterday	data/processed/pro_fakeddit/images/9eq12n.jpg	1	0	False	0.42483045160770416	0.1505502089858055	0.42483045160770416	0.08722184039652348	0.27428024262189865	0.03264867595862597	0.151211554184556	0.02980717725586146	False	True	0.4460156559944153	0.0775337740778923	0.29664331674575806	0.0011970759369432926	0.17553524672985077	0.003074830863624811	True	0.3612748384475708	0.11628603935241699	0.20719102025032043	0.127003476023674	0.07824047654867172	0.11000421643257141
ca0g7pm	stunning simply stunning	data/processed/pro_fakeddit/images/ca0g7pm.jpg	4	2	False	0.4229975491762161	0.08235016465187073	0.3406473845243454	0.019518710672855377	0.4229975491762161	0.029837040696293116	0.1634171362966299	0.02358221070608124	False	True	0.3167596757411957	0.01185138151049614	0.46693122386932373	0.0027779843658208847	0.19922681152820587	0.002452944638207555	True	0.41231051087379456	0.04252069815993309	0.2911965250968933	0.11101420968770981	0.05598811060190201	0.0869700089097023
16cz2a	saw him at the bottom of my final cup of eggnog for the year i know the feeling bro	data/processed/pro_fakeddit/images/16cz2a.jpg	2	0	False	0.4229160249233246	0.002993449568748474	0.4229160249233246	0.057365147629752755	0.4199225753545761	0.03256530547514558	0.03214271552860737	0.03508820373099297	False	True	0.46318644285202026	0.012942689470946789	0.4876023828983307	0.008946588262915611	0.022297199815511703	0.005024696234613657	True	0.30210477113723755	0.19063252210617065	0.21688315272331238	0.10342145711183548	0.06167926266789436	0.12527872622013092
cljxk3	saw this cloud casting a big shadow on the ground	data/processed/pro_fakeddit/images/cljxk3.jpg	0	4	False	0.42225901037454605	0.17228958383202553	0.21566752716898918	0.029724517022259533	0.24996942654252052	0.032593479787465185	0.42225901037454605	0.04978603677591309	False	True	0.20686039328575134	0.0020230873487889767	0.2612256109714508	0.001288342522457242	0.5251820087432861	0.003420573892071843	True	0.2420889288187027	0.1128288060426712	0.21620087325572968	0.126508891582489	0.1134900152683258	0.18888242542743683
2wxjhy	living in the past some countries are still using the metric system	data/processed/pro_fakeddit/images/2wxjhy.jpg	1	0	False	0.4221121072769165	0.13190561160445213	0.4221121072769165	0.0624972777441144	0.1530344821512699	0.0425637336447835	0.029585827607661486	0.29020649567246437	False	True	0.4682227075099945	0.035679783672094345	0.14059077203273773	0.023932579904794693	0.022777291014790535	0.308796763420105	True	0.2837803065776825	0.14294975996017456	0.19036561250686646	0.09845719486474991	0.05001143738627434	0.23443569242954254
1evsbv	my big brother a wounded iraq veteran and his family were just given a mortgagefree home estimated at	data/processed/pro_fakeddit/images/1evsbv.jpg	0	3	False	0.4219643548130989	0.14713302999734879	0.09414470102638006	0.2748313248157501	0.08082298934459686	0.4219643548130989	0.014499207813059911	0.1137374509125948	False	True	0.031453926116228104	0.3156413435935974	0.043191030621528625	0.5102981328964233	0.0008848804282024503	0.09853073209524155	True	0.28221702575683594	0.15240126848220825	0.19371886551380157	0.1569630205631256	0.055342189967632294	0.15935760736465454
64358r	man accidentally shoots himself at nra headquarters police	data/processed/pro_fakeddit/images/64358r.jpg	0	3	False	0.4216697923839092	0.17955029383301735	0.24211949855089188	0.11526709049940109	0.05992032680660486	0.4216697923839092	0.04865390434861183	0.11236936785280704	False	True	0.22992464900016785	0.09020893275737762	0.03584986552596092	0.487030029296875	0.05229099467396736	0.10469550639390945	True	0.27870404720306396	0.1904415637254715	0.13213171064853668	0.2255890816450119	0.03774263337254524	0.13539095222949982
cjoncr3	top of her class actually	data/processed/pro_fakeddit/images/cjoncr3.jpg	4	2	False	0.42155522108078003	0.14891640841960907	0.27263881266117096	0.04643798898905516	0.42155522108078003	0.044608713360503316	0.1795250792056322	0.035234187729656696	False	True	0.2548045814037323	0.034984830766916275	0.4613012969493866	0.013362995348870754	0.22662052512168884	0.008925799280405045	True	0.32614150643348694	0.0807974636554718	0.3023169934749603	0.138345867395401	0.03823874145746231	0.11415935307741165
ccst35	jbl provides an usb which can be plugged in both orientations	data/processed/pro_fakeddit/images/ccst35.jpg	0	2	False	0.4209149405360222	0.012362368404865265	0.4085525721311569	0.02600357948904275	0.4209149405360222	0.05202201404608786	0.04911358654499054	0.043393324478529394	False	True	0.4746337831020355	0.00018592535343486816	0.4745360016822815	0.0029615862295031548	0.04157242923974991	0.0061102998442947865	True	0.21030893921852112	0.1034565418958664	0.26005175709724426	0.19920329749584198	0.07173705846071243	0.15524239838123322
49emmg	of top officials at northern powerhouse department work in london	data/processed/pro_fakeddit/images/49emmg.jpg	0	2	False	0.4206088297069073	0.08948217704892159	0.3311266526579857	0.03928585583344102	0.4206088297069073	0.06206142366863787	0.08059487864375114	0.06632238999009132	False	True	0.34660372138023376	0.012983312830328941	0.49174973368644714	0.011954846791923046	0.08774905651807785	0.04895936697721481	True	0.28469544649124146	0.11819348484277725	0.20718611776828766	0.21238115429878235	0.05913234502077103	0.11841145902872086
db1z1f7	kanye repping the supreme helmet	data/processed/pro_fakeddit/images/db1z1f7.jpg	4	0	False	0.4200354143977165	0.031084608286619186	0.4200354143977165	0.058980345260351896	0.38895080611109734	0.0564814624376595	0.03065976593643427	0.044892264530062675	False	True	0.4727172553539276	0.030749285593628883	0.4486721158027649	0.0196517463773489	0.019037846475839615	0.009171836078166962	True	0.26198989152908325	0.14367352426052094	0.20978687703609467	0.1669706106185913	0.06552552431821823	0.15205354988574982
2ggvks	youll never guess how this star athlete responds to being called a nerd	data/processed/pro_fakeddit/images/2ggvks.jpg	0	2	False	0.4199726842343807	0.19533144682645798	0.16071946918964386	0.04343907709699124	0.4199726842343807	0.22464123740792274	0.09808972012251616	0.053137775510549545	False	True	0.12256258726119995	0.005566167179495096	0.4772728681564331	0.2477027326822281	0.11959664523601532	0.0272989422082901	True	0.2751901149749756	0.15705780684947968	0.24807213246822357	0.1554567515850067	0.03356894478201866	0.13065427541732788
c3zeak	high school dorks unhappy accident	data/processed/pro_fakeddit/images/c3zeak.jpg	1	2	False	0.4184965305030346	0.026821371167898178	0.3916751593351364	0.09010957833379507	0.4184965305030346	0.04032694222405553	0.017703651217743754	0.04168808553367853	False	True	0.414569616317749	0.05273008719086647	0.4955931603908539	0.00723283551633358	0.006414760835468769	0.023459453135728836	True	0.3229917883872986	0.20224805176258087	0.18720664083957672	0.13960926234722137	0.05157032236456871	0.09637398272752762
2wc9cm	russian search engine yandex sics antitrust agency on google for being too integrated with android	data/processed/pro_fakeddit/images/2wc9cm.jpg	0	3	False	0.4178859367966652	0.17855758219957352	0.07341882586479187	0.06919231126084924	0.23932835459709167	0.4178859367966652	0.019881593296304345	0.1802929863333702	False	True	0.04485088586807251	0.029756365343928337	0.26703837513923645	0.46981480717658997	0.00917812716215849	0.1793614625930786	True	0.15912264585494995	0.18750014901161194	0.15619829297065735	0.26209932565689087	0.05199199169874191	0.183087557554245
cdzomtw	technically low quality images	data/processed/pro_fakeddit/images/cdzomtw.jpg	4	2	False	0.41753023862838745	0.03134511411190033	0.3861851245164871	0.05278696957975626	0.41753023862838745	0.07746904157102108	0.03994151670485735	0.02608709456399083	False	True	0.3983117341995239	0.048367951065301895	0.4461483955383301	0.07036630064249039	0.028475437313318253	0.008330142125487328	True	0.3498052954673767	0.06604402512311935	0.33167576789855957	0.09877726435661316	0.07433975487947464	0.07935795187950134
8llfkz	little white ridinghood	data/processed/pro_fakeddit/images/8llfkz.jpg	2	0	False	0.4170622229576111	0.07682761922478676	0.4170622229576111	0.024573926464654505	0.3402346037328243	0.05698632053099573	0.13535117730498314	0.025791692489292473	False	True	0.4572497010231018	0.002286094706505537	0.372966468334198	0.011977617628872395	0.15205194056034088	0.0034681048709899187	True	0.2964997887611389	0.09143742173910141	0.2420390099287033	0.19201242923736572	0.08524888753890991	0.09276245534420013
8b71mj	assassins creed ii this is all i want to kill dot net	data/processed/pro_fakeddit/images/8b71mj.jpg	3	2	False	0.41567589342594147	0.09753300994634628	0.3181428834795952	0.09390440210700035	0.41567589342594147	0.09932728111743927	0.02497856545869581	0.04797095060348511	False	True	0.343065083026886	0.08069629967212677	0.48329296708106995	0.06409363448619843	3.2559579267399386e-05	0.02881939709186554	True	0.24337628483772278	0.1335287094116211	0.21282467246055603	0.2050282210111618	0.09981658309698105	0.10542561113834381
arp78r	a strange place to advertise mickey mouse	data/processed/pro_fakeddit/images/arp78r.jpg	0	2	False	0.41516730561852455	0.05596790090203285	0.3591994047164917	0.07742451224476099	0.41516730561852455	0.039729322656057775	0.04842435661703348	0.06005506496876478	False	True	0.41425809264183044	0.02424585446715355	0.4772680997848511	0.004419643897563219	0.04115487262606621	0.0386534221470356	True	0.19402334094047546	0.2369604855775833	0.22886492311954498	0.14565835893154144	0.0702328085899353	0.12425999343395233
9bun0x	my watering handle flipped out of the tomato plant and began watering the serrano	data/processed/pro_fakeddit/images/9bun0x.jpg	0	2	False	0.41504992172122	0.13018065690994263	0.2848692648112774	0.07768765930086374	0.41504992172122	0.052395091159269214	0.10957720130681992	0.06042091175913811	False	True	0.34024935960769653	0.008896421641111374	0.5001155734062195	0.013515681959688663	0.11689046770334244	0.020332559943199158	True	0.11872898042201996	0.28406137228012085	0.15985296666622162	0.16903331875801086	0.08763740211725235	0.18068596720695496
dc6wx9	only bunch of red fruits on a bush	data/processed/pro_fakeddit/images/dc6wx9.jpg	0	2	False	0.4148455448448658	0.11456914618611336	0.30027639865875244	0.03588889859383926	0.4148455448448658	0.06741914059966803	0.11945595219731331	0.06211411952972412	False	True	0.32034412026405334	0.0019351684022694826	0.47954249382019043	0.033106107264757156	0.13206537067890167	0.03300680220127106	True	0.24007323384284973	0.13775008916854858	0.2207546979188919	0.17035824060440063	0.08162769675254822	0.1494360715150833
ar7xey	my chinese textbook knows politics	data/processed/pro_fakeddit/images/ar7xey.jpg	0	2	False	0.41452793404459953	0.1702376790344715	0.1704048216342926	0.08468081569299102	0.41452793404459953	0.24429025501012802	0.011340908065903932	0.07475521694868803	False	True	0.18177029490470886	0.009730683639645576	0.49866729974746704	0.28460827469825745	0.000880812993273139	0.024342570453882217	True	0.13630840182304382	0.30953121185302734	0.162109836935997	0.12333619594573975	0.04272119328379631	0.22599315643310547
4de49a	ive been thinking of buying shoes sizes online	data/processed/pro_fakeddit/images/4de49a.jpg	3	2	False	0.4142734073102474	0.15113678202033043	0.19804424792528152	0.03492253553122282	0.4142734073102474	0.263136625289917	0.05016152560710907	0.039461633074097335	False	True	0.1603633165359497	0.019548680633306503	0.48159652948379517	0.28101620078086853	0.051491931080818176	0.005983325187116861	True	0.311087042093277	0.08104410022497177	0.2123040407896042	0.20949789881706238	0.04617030918598175	0.13989655673503876
cb7m5j	the sand in this frame settled in a satisfying way	data/processed/pro_fakeddit/images/cb7m5j.jpg	0	4	False	0.41406459361314774	0.07487738877534866	0.3391872048377991	0.019469907594611868	0.15286181308329105	0.028239435283467174	0.41406459361314774	0.04617702215909958	False	True	0.3652665317058563	0.00026219349820166826	0.0942758247256279	0.00512885395437479	0.5181680917739868	0.016898468136787415	True	0.2609492242336273	0.07709304988384247	0.3286197781562805	0.09757117927074432	0.1017540991306305	0.13401268422603607
dhqyyq	found this in a local goodwill	data/processed/pro_fakeddit/images/dhqyyq.jpg	0	2	False	0.413882564753294	0.037236448377370834	0.37664611637592316	0.07630346901714802	0.413882564753294	0.057701600715518	0.020038390764966607	0.05542783299461007	False	True	0.3731433153152466	0.0708736926317215	0.4742186963558197	0.039513908326625824	0.012035257183015347	0.030215082690119743	True	0.3871545195579529	0.09259279817342758	0.23287416994571686	0.11226467788219452	0.04404779151082039	0.13106608390808105
rgigz	running out of beer at a girls birthday party resulted in gunfire one dead seven others hurt	data/processed/pro_fakeddit/images/rgigz.jpg	0	3	False	0.4136408567428589	0.08729608729481697	0.10508239176124334	0.3263447694480419	0.06014508055523038	0.4136408567428589	0.012494563954533078	0.08229226432740688	False	True	0.026505697518587112	0.3880956768989563	0.023313870653510094	0.49391937255859375	0.0009524535271339118	0.06721285730600357	True	0.34081247448921204	0.14109204709529877	0.17063871026039124	0.1728053092956543	0.047120895236730576	0.12753048539161682
blw60y	ezra millers makeup at the meta	data/processed/pro_fakeddit/images/blw60y.jpg	2	0	False	0.41349801421165466	0.19479778036475182	0.41349801421165466	0.05428794492036104	0.21870023384690285	0.07246057642623782	0.20660236477851868	0.034450832405127585	False	True	0.44944819808006287	0.038586053997278214	0.2265349179506302	0.028774986043572426	0.25227174162864685	0.004384070169180632	True	0.30564746260643005	0.10139361768960953	0.19519618153572083	0.203517347574234	0.06959423422813416	0.12465111911296844
dkdb1c	inside of a frozen pumpkin	data/processed/pro_fakeddit/images/dkdb1c.jpg	0	2	False	0.41336674243211746	0.01002318412065506	0.4033435583114624	0.027288267272524536	0.41336674243211746	0.04405059735290706	0.08117374777793884	0.030777081148698926	False	True	0.43918758630752563	0.0015549012459814548	0.47903695702552795	0.008090809918940067	0.067997507750988	0.004132247529923916	True	0.2958114743232727	0.10448836535215378	0.216356098651886	0.15192995965480804	0.12070246785879135	0.11071158200502396
3euu1d	shia labeouf with his mom	data/processed/pro_fakeddit/images/3euu1d.jpg	0	2	False	0.4132372848689556	0.012473739683628082	0.40076354518532753	0.049482809379696846	0.4132372848689556	0.039615013054572046	0.0538199320435524	0.04308139131171629	False	True	0.47173333168029785	0.009788982570171356	0.4801107347011566	0.005707875359803438	0.030032485723495483	0.002626547822728753	True	0.18785418570041656	0.16856428980827332	0.2126169353723526	0.14133642613887787	0.12518227100372314	0.1644459217786789
1c4xjv	mtv star farrah abrahams porn video a new low of lows experts say	data/processed/pro_fakeddit/images/1c4xjv.jpg	0	2	False	0.41261107102036476	0.16593383625149727	0.2466772347688675	0.07769016176462173	0.41261107102036476	0.06237303279340267	0.141873468644917	0.05877508199773729	False	True	0.2588646113872528	0.03615342080593109	0.4925902485847473	0.031827397644519806	0.16871699690818787	0.01184739638119936	True	0.21011510491371155	0.20230038464069366	0.1726735383272171	0.15400993824005127	0.061342883855104446	0.19955813884735107
4pj0v7	us militarys satellitelaunching xs space plane will eventually be able to take close pictures of something moving	data/processed/pro_fakeddit/images/4pj0v7.jpg	3	4	False	0.412359731271863	0.1953131388872862	0.11435864493250847	0.06606254725193139	0.2170465923845768	0.03639813722111285	0.412359731271863	0.15377437882125378	False	True	0.10330763459205627	0.000894953787792474	0.23880532383918762	0.01272891741245985	0.5194453597068787	0.12481784075498581	True	0.14751167595386505	0.26156532764434814	0.15177039802074432	0.10740579664707184	0.09110284596681595	0.24064399302005768
2q95cz	my year old italian friend flying his kite	data/processed/pro_fakeddit/images/2q95cz.jpg	0	4	False	0.4121160376816988	0.14161035977303982	0.21868232637643814	0.03437516978010535	0.270505677908659	0.03125122922938317	0.4121160376816988	0.03306957063614391	False	True	0.18141955137252808	0.007340768352150917	0.2948700785636902	0.0030891099013388157	0.5114536881446838	0.0018268191488459706	True	0.33047065138816833	0.11547837406396866	0.19741247594356537	0.11573758721351624	0.11410308629274368	0.12679782509803772
c2v10m	how a pair of white new balance sneakers wears down over time	data/processed/pro_fakeddit/images/c2v10m.jpg	0	2	False	0.4117128625512123	0.016231872141361237	0.3954809904098511	0.026750231278128922	0.4117128625512123	0.049198047490790486	0.07075553387403488	0.04610242694616318	False	True	0.41108012199401855	0.0020164153538644314	0.47711873054504395	0.013530454598367214	0.07398881018161774	0.022265568375587463	True	0.34868359565734863	0.1009516790509224	0.2154952585697174	0.1562008261680603	0.061055704951286316	0.11761300265789032
7xh833	white house now just holding continuous goingaway party for departing staffers	data/processed/pro_fakeddit/images/7xh833.jpg	1	0	False	0.41170817613601685	0.18100576847791672	0.41170817613601685	0.1793593429028988	0.23070240765810013	0.06128956796601415	0.04078252799808979	0.07615801971405745	False	True	0.472861111164093	0.16886530816555023	0.24846354126930237	0.015378287062048912	0.04275084286928177	0.05168098583817482	True	0.22824937105178833	0.21084144711494446	0.1774190068244934	0.19902341067790985	0.034877583384513855	0.14958912134170532
1wf0y7	i went to innout burger and found it to be overrated	data/processed/pro_fakeddit/images/1wf0y7.jpg	0	2	False	0.41144034266471863	0.11965412274003029	0.29178621992468834	0.05480173043906689	0.41144034266471863	0.08841999247670174	0.03809613734483719	0.11545560881495476	False	True	0.3066440224647522	0.010832197964191437	0.48753589391708374	0.06511268019676208	0.03155015781521797	0.09832508862018585	True	0.24721281230449677	0.18671032786369324	0.1831536889076233	0.1583419293165207	0.05773407593369484	0.16684716939926147
3he464	lac des cheserys massif des aiguilles rouges france	data/processed/pro_fakeddit/images/3he464.jpg	0	4	False	0.41141222789883614	0.12480761110782623	0.2866046167910099	0.04139559010945959	0.14413459599018097	0.06397536024451256	0.41141222789883614	0.05247759516350925	False	True	0.32813945412635803	0.00040947450906969607	0.14798587560653687	0.018699541687965393	0.5004960894584656	0.0042695412412285805	True	0.16200010478496552	0.16435393691062927	0.13258075714111328	0.19980281591415405	0.14416064321994781	0.19710175693035126
caro65	this olive leaf that ended up in my can of black olives	data/processed/pro_fakeddit/images/caro65.jpg	0	2	False	0.41064560413360596	0.05225905776023865	0.3583865463733673	0.02544313482940197	0.41064560413360596	0.05682687275111675	0.05079128500074148	0.09790660440921783	False	True	0.3939340114593506	0.004377029836177826	0.4626973271369934	0.016893543303012848	0.045617442578077316	0.07648071646690369	True	0.2517441511154175	0.0886414498090744	0.2544904351234436	0.17662686109542847	0.06631281226873398	0.16218426823616028
9hsw3n	write george rr martin gives fans a sneak peek of his progress on his longawaited novel the winds of winter	data/processed/pro_fakeddit/images/9hsw3n.jpg	2	1	False	0.4103265404701233	0.16617023572325706	0.24415630474686623	0.4103265404701233	0.10707521252334118	0.17475098371505737	0.015161010203883052	0.04853002121672034	False	True	0.2595553994178772	0.46058547496795654	0.09760972112417221	0.1712687462568283	0.0025321850553154945	0.00844857282936573	True	0.1979590207338333	0.25954973697662354	0.13547168672084808	0.18519769608974457	0.053047485649585724	0.16877436637878418
5ug84s	michael moore cease all congressional business until trumps potentially traitorous actions probed	data/processed/pro_fakeddit/images/5ug84s.jpg	0	2	False	0.40935778617858887	0.17125633545219898	0.23810145072638988	0.1646329164505005	0.40935778617858887	0.09716825373470783	0.010921090484771412	0.07981846947222948	False	True	0.2810496389865875	0.09666767716407776	0.5194947719573975	0.07524646073579788	0.00040189005085267127	0.027139510959386826	True	0.10925688594579697	0.3685286343097687	0.07894682884216309	0.16293363273143768	0.042478691786527634	0.23785534501075745
ctori4	this penguin my sister made with paint droppings	data/processed/pro_fakeddit/images/ctori4.jpg	0	2	False	0.4088062047958374	0.136457197368145	0.2723490074276924	0.038912343326956034	0.4088062047958374	0.06733992230147123	0.17127111367881298	0.04132145922631025	False	True	0.28319570422172546	0.004996730014681816	0.4641767740249634	0.040596965700387955	0.1897139996290207	0.017319869250059128	True	0.23980891704559326	0.1406591832637787	0.24269449710845947	0.14756879210472107	0.11594245582818985	0.11332622915506363
d1oa9c	the color fading on my poetry magnets which i left out a month ago vs those i didnt	data/processed/pro_fakeddit/images/d1oa9c.jpg	0	2	False	0.4084283821284771	0.009471811354160309	0.3989565707743168	0.060530995950102806	0.4084283821284771	0.046045167080592364	0.014191645255777985	0.07184717198833823	False	True	0.4706498086452484	0.028236858546733856	0.46944528818130493	0.0034189990255981684	0.0030999097507447004	0.025149064138531685	True	0.1838768571615219	0.15741340816020966	0.2253776639699936	0.17392367124557495	0.04746685177087784	0.21194149553775787
70ctu9	despite court order dhs release names of just maralago guests	data/processed/pro_fakeddit/images/70ctu9.jpg	0	3	False	0.40835731476545334	0.09502695873379707	0.14628782123327255	0.04056985804345459	0.31333035603165627	0.40835731476545334	0.04367607831954956	0.0477785961702466	False	True	0.1310989260673523	0.004875001031905413	0.36292389035224915	0.43903157114982605	0.047081202268600464	0.014989446848630905	True	0.19185450673103333	0.1476544290781021	0.16454975306987762	0.3163345456123352	0.03346070647239685	0.1461460441350937
b3su2p	interview with sam the sharpdressed greeter at hawthorne freddies im not crying youre crying	data/processed/pro_fakeddit/images/b3su2p.jpg	0	2	False	0.4077155068516731	0.06605394929647446	0.34166155755519867	0.08213307429105043	0.4077155068516731	0.08528257999569178	0.04058760032057762	0.04261973383836448	False	True	0.38119369745254517	0.04908209666609764	0.4590865671634674	0.059468116611242294	0.04372960701584816	0.00743997935205698	True	0.22306513786315918	0.1812860071659088	0.2536023259162903	0.16272597014904022	0.031161580234766006	0.148158997297287
8embki	plantation owner destitute after the seizure of his holdings	data/processed/pro_fakeddit/images/8embki.jpg	2	4	False	0.407320155762136	0.17832146864384413	0.2105300910770893	0.06210015050601214	0.22899868711829185	0.06623698316980153	0.407320155762136	0.024813905081828125	False	True	0.20768865942955017	0.006818166468292475	0.2553294003009796	0.003179871942847967	0.5268685817718506	0.0001153023331426084	True	0.21905438601970673	0.22794610261917114	0.15000654757022858	0.25540831685066223	0.04867487773299217	0.09890971332788467
cmawyw	aroma burner is frustrated	data/processed/pro_fakeddit/images/cmawyw.jpg	2	0	False	0.40685589611530304	0.042010217905044556	0.40685589611530304	0.04847243143012747	0.3648456782102585	0.05473242816515267	0.08810791745781898	0.03698562062345445	False	True	0.47515109181404114	0.003547490807250142	0.4094964861869812	0.0069689517840743065	0.09372515231370926	0.011110787279903889	True	0.20197030901908875	0.18324725329875946	0.23089325428009033	0.19802285730838776	0.07125621289014816	0.11461012065410614
cjlpl28	who could stay mad at that face	data/processed/pro_fakeddit/images/cjlpl28.jpg	4	0	False	0.406176395714283	0.08174130134284496	0.406176395714283	0.042684332467615604	0.1650593914091587	0.03828045888803899	0.324435094371438	0.02336436859332025	False	True	0.4404659867286682	0.021355915814638138	0.10884793102741241	0.011998643167316914	0.41487324237823486	0.00245832372456789	True	0.3033076226711273	0.106669582426548	0.3336937725543976	0.11712590605020523	0.053120650351047516	0.08608250319957733
d1s0m8e	the lord of the rings trilogy had a lot of fx	data/processed/pro_fakeddit/images/d1s0m8e.jpg	4	0	False	0.4060765281319618	0.06645754724740982	0.4060765281319618	0.04207126726396382	0.339618980884552	0.057952835224568844	0.11774296872317791	0.03653738187858835	False	True	0.43415358662605286	0.007543965242803097	0.39783450961112976	0.03379494324326515	0.12513524293899536	0.0015377092640846968	True	0.3218453526496887	0.14565317332744598	0.16497239470481873	0.13042651116847992	0.09556614607572556	0.1415363997220993
bcpsum	dogs cant eat chocolate revealed to be some shit cats made up	data/processed/pro_fakeddit/images/bcpsum.jpg	1	2	False	0.40554114058613777	0.119576970115304	0.13424169272184372	0.05699601350352168	0.40554114058613777	0.03697924630250782	0.2859641704708338	0.08027769066393375	False	True	0.08824890851974487	0.024761715903878212	0.47921040654182434	0.006011952180415392	0.3549058437347412	0.046861134469509125	True	0.27222004532814026	0.1536989063024521	0.18453334271907806	0.1298811286687851	0.07913915067911148	0.18052735924720764
32e5s9	unenthused tree couldnt care less	data/processed/pro_fakeddit/images/32e5s9.jpg	2	0	False	0.40401194989681244	0.05460268259048462	0.40401194989681244	0.027428794783190824	0.3494092673063278	0.039934400003403425	0.14564530551433563	0.03357033774955198	False	True	0.42510947585105896	0.0008269252139143646	0.3875526785850525	0.01428908295929432	0.169163316488266	0.003058606991544366	True	0.3407193720340729	0.1072344034910202	0.2349790334701538	0.11687035113573074	0.07509127259254456	0.12510553002357483
42nhg4	waffle house taking reservations for candlelit valentines day dinner in alabama	data/processed/pro_fakeddit/images/42nhg4.jpg	0	2	False	0.40374890714883804	0.07446194440126419	0.32928696274757385	0.05517117725685239	0.40374890714883804	0.07603487186133862	0.06897745095193386	0.06678057368844748	False	True	0.3374168276786804	0.028206711634993553	0.47766536474227905	0.05186479538679123	0.06185290962457657	0.04299332574009895	True	0.30489736795425415	0.1360645741224289	0.18199953436851501	0.14854510128498077	0.09035107493400574	0.13814231753349304
5hznyi	if you worked as hard and fast as a jap wed smash tokio a lot quicker usa	data/processed/pro_fakeddit/images/5hznyi.jpg	5	1	False	0.403670322149992	0.16641851887106895	0.23725180327892303	0.403670322149992	0.15360436215996742	0.06605761032551527	0.08951072581112385	0.04990511480718851	False	True	0.23354677855968475	0.47386249899864197	0.14567825198173523	0.03672817721962929	0.09717340022325516	0.013010811060667038	True	0.24836687743663788	0.19309379160404205	0.177382692694664	0.15404590964317322	0.06652270257472992	0.16058802604675293
d7qrel	unmalnaebe books how does one make those letters stand out	data/processed/pro_fakeddit/images/d7qrel.jpg	3	2	False	0.4029507040977478	0.15080573596060276	0.18086150288581848	0.032811900367960334	0.4029507040977478	0.12236266955733299	0.008868227181665134	0.25214496813714504	False	True	0.16760572791099548	0.00795136857777834	0.43099406361579895	0.09799318015575409	0.00027296869666315615	0.29518264532089233	True	0.22062882781028748	0.10739349573850632	0.31882062554359436	0.1954711377620697	0.034654002636671066	0.12303193658590317
1j9qjh	at least six times this week customers at tim hortons restaurants have paid for their own cups of coffee and cups of brew for the next or more people in line	data/processed/pro_fakeddit/images/1j9qjh.jpg	0	2	False	0.4027717299759388	0.09452421590685844	0.30824751406908035	0.07158348616212606	0.4027717299759388	0.05420694430358708	0.016799279022961855	0.14639100432395935	False	True	0.35488054156303406	0.01728617027401924	0.4808865487575531	0.01269939448684454	0.00800146721303463	0.12624581158161163	True	0.16834843158721924	0.23447543382644653	0.1684272736310959	0.1787295937538147	0.04319271445274353	0.2068265825510025
23gsf0	me and some people over at mildly interesting arent sure if this looks like an excited dog gorilla or what	data/processed/pro_fakeddit/images/23gsf0.jpg	2	0	False	0.4027482494711876	0.0033115148544311523	0.4027482494711876	0.05994706181809306	0.39943673461675644	0.030352524016052485	0.054770263377577066	0.05274518718943	False	True	0.4443562924861908	0.021624917164444923	0.46327391266822815	0.01366613619029522	0.02585938386619091	0.031219394877552986	True	0.277924120426178	0.17491349577903748	0.2079252004623413	0.08041168749332428	0.14150290191173553	0.11732256412506104
cyoqzdh	something something oscar pistorius	data/processed/pro_fakeddit/images/cyoqzdh.jpg	4	2	False	0.401991356164217	0.1455725021660328	0.2564188539981842	0.06013078102841973	0.401991356164217	0.0426719943061471	0.1575513193383813	0.08123568259179592	False	True	0.26450061798095703	0.017003444954752922	0.47137096524238586	0.011265095323324203	0.19433504343032837	0.04152483493089676	True	0.23217356204986572	0.18951278924942017	0.1938525289297104	0.13689269125461578	0.047200147062540054	0.2003682255744934
axvxee	this crab in the seafood section of the supermarket is holding a seashell in its claw	data/processed/pro_fakeddit/images/axvxee.jpg	0	2	False	0.4019343629479408	0.18663854338228703	0.2152958195656538	0.0980647997930646	0.4019343629479408	0.046821240335702896	0.10759532451629639	0.1302884705364704	False	True	0.2510070204734802	0.025501366704702377	0.48294633626937866	0.015381395816802979	0.10267724841833115	0.1224866658449173	True	0.10816221684217453	0.31575509905815125	0.15889844298362732	0.14114077389240265	0.12234955281019211	0.15369388461112976
cdkerz	id feel like this too if my face got stapled hundreds of times a day	data/processed/pro_fakeddit/images/cdkerz.jpg	0	2	False	0.40042809769511223	0.07465574517846107	0.32577235251665115	0.04627608601003885	0.40042809769511223	0.07507999800145626	0.09927234891802073	0.05317108705639839	False	True	0.31510457396507263	0.01984342560172081	0.4609791934490204	0.0621233806014061	0.11584257334470749	0.026106834411621094	True	0.3577756881713867	0.12557406723499298	0.21877481043338776	0.11394985020160675	0.049561675637960434	0.13436384499073029
2ir31y	police pepper spray wake county teen inside his home after hes mistaken for burglar	data/processed/pro_fakeddit/images/2ir31y.jpg	0	3	False	0.39991389214992523	0.12365291640162468	0.27626097574830055	0.047616322874091566	0.204111248254776	0.39991389214992523	0.015647496620658785	0.05645005404949188	False	True	0.2850472629070282	0.006005984265357256	0.23208393156528473	0.45593446493148804	0.0007000982295721769	0.02022823691368103	True	0.24990211427211761	0.1724473387002945	0.12019319832324982	0.23185217380523682	0.06048969179391861	0.16511550545692444
831jiu	the cats alone in the tower	data/processed/pro_fakeddit/images/831jiu.jpg	1	2	False	0.39915620908141136	0.018951497972011566	0.08411215990781784	0.047167115611955523	0.39915620908141136	0.05795687000500038	0.3802047111093998	0.03140292805619538	False	True	0.05139480531215668	0.015543133951723576	0.4634571075439453	0.002018907805904746	0.46198099851608276	0.0056050559505820274	True	0.18226422369480133	0.14203906059265137	0.2062535136938095	0.2257707566022873	0.1348758488893509	0.10879654437303543
5z6sc2	kid in cardboard knights armor	data/processed/pro_fakeddit/images/5z6sc2.jpg	0	4	False	0.39893922582268715	0.1269582360982895	0.27198098972439766	0.05305693927221	0.17744671180844307	0.067746392916888	0.39893922582268715	0.030829777708277106	False	True	0.2969647943973541	0.012727179564535618	0.17827600240707397	0.027610281482338905	0.4746207892894745	0.009801019914448261	True	0.19702957570552826	0.17404621839523315	0.17495884001255035	0.18815472722053528	0.17189453542232513	0.09391605108976364
8gqzbs	when this high schooler asked emma stone to be his date to prom she said yes but then got so trashed in the limo on the way there that she didnt even make it into the dance	data/processed/pro_fakeddit/images/8gqzbs.jpg	1	4	False	0.3985985703766346	0.17057309299707413	0.22422000020742416	0.05126986908726394	0.22802547737956047	0.0604780837893486	0.3985985703766346	0.03740800538798794	False	True	0.2023962438106537	0.010792710818350315	0.23945601284503937	0.03535427153110504	0.5088483691215515	0.003152405144646764	True	0.2896912693977356	0.17270134389400482	0.19373387098312378	0.13584952056407928	0.06784917414188385	0.14017480611801147
cjg1vh	this payphone tucked into a corner in a grocery store yes it still works	data/processed/pro_fakeddit/images/cjg1vh.jpg	0	2	False	0.3983951732516289	0.11219457164406776	0.2862006016075611	0.05205065291374922	0.3983951732516289	0.08852666988968849	0.11279167607426643	0.0620352067053318	False	True	0.309244841337204	0.011155668646097183	0.462831050157547	0.05855150520801544	0.12564809620380402	0.03256881237030029	True	0.2170678824186325	0.17473560571670532	0.2050875425338745	0.17845216393470764	0.07422241568565369	0.15043438971042633
8et034	the music has gotten worse dire consequences	data/processed/pro_fakeddit/images/8et034.jpg	1	2	False	0.39833561703562737	0.044869210571050644	0.3534664064645767	0.05951081030070782	0.39833561703562737	0.07739111967384815	0.0431996351107955	0.06809632759541273	False	True	0.37956440448760986	0.027212150394916534	0.46808215975761414	0.0442594513297081	0.04627424478530884	0.034607503563165665	True	0.2751724123954773	0.15640679001808167	0.18909598886966705	0.1767861247062683	0.03397580608725548	0.16856279969215393
5563wh	oxera ive been very good to broadway	data/processed/pro_fakeddit/images/5563wh.jpg	1	0	False	0.39820756018161774	0.19585598446428776	0.39820756018161774	0.10359750688076019	0.1735561043024063	0.085142457857728	0.20235157571732998	0.037144814152270555	False	True	0.4408932626247406	0.07919396460056305	0.1737595498561859	0.044422514736652374	0.2565108835697174	0.005219867452979088	True	0.27015045285224915	0.17680813372135162	0.1729457676410675	0.2073022872209549	0.039873652160167694	0.13291965425014496
297ilh	for birthday yearold boy saves dogs from kill shelters	data/processed/pro_fakeddit/images/297ilh.jpg	0	2	False	0.39741792529821396	0.10308949649333954	0.2943284288048744	0.1137500498443842	0.39741792529821396	0.08669194206595421	0.02469896455295384	0.08311271667480469	False	True	0.2984456717967987	0.10226688534021378	0.46241146326065063	0.05934765934944153	0.009804992936551571	0.06772339344024658	True	0.28197669982910156	0.14819954335689545	0.20243731141090393	0.16872479021549225	0.06938087940216064	0.129280686378479
5atqir	manor park ive got a screwdriver and a few minutes	data/processed/pro_fakeddit/images/5atqir.jpg	1	2	False	0.3974069580435753	0.10618915408849716	0.2912178039550781	0.046656528022140265	0.3974069580435753	0.05515300016850233	0.1785777285695076	0.030987959500635043	False	True	0.29164373874664307	0.018314020708203316	0.45430052280426025	0.022680629044771194	0.21221601963043213	0.0008450326276943088	True	0.2899399995803833	0.1316840499639511	0.22672626376152039	0.15257011353969574	0.07766285538673401	0.12141674011945724
6hut9e	while it is seen below with canada poking up over the black sand beaches heres some black sand beach lies on the river einion ceredigion wales oc x	data/processed/pro_fakeddit/images/6hut9e.jpg	3	0	False	0.3968709520995617	0.023938633501529694	0.3968709520995617	0.03963452146672353	0.12109631858766079	0.0282173243467696	0.372932318598032	0.04124862675962504	False	True	0.45278269052505493	0.00011838894715765491	0.09878885000944138	0.0019807906355708838	0.4453664720058441	0.0009628630359657109	True	0.22913573682308197	0.15818291902542114	0.18801872432231903	0.10692692548036575	0.15562985837459564	0.16210591793060303
6w70a2	jessica finally found the source of the noisy bitches on the job and gets right to the yard	data/processed/pro_fakeddit/images/6w70a2.jpg	3	4	False	0.3967132866382599	0.16646930947899818	0.1694660596549511	0.06538907531648874	0.2302439771592617	0.07488770131021738	0.3967132866382599	0.06329992040991783	False	True	0.1321972757577896	0.03901004418730736	0.22974227368831635	0.04709896072745323	0.5081461071968079	0.04380536824464798	True	0.28127241134643555	0.1445261687040329	0.23174908757209778	0.15825392305850983	0.06241482496261597	0.12178357690572739
ax0f6k	this palm tree that has cacti growing out of it	data/processed/pro_fakeddit/images/ax0f6k.jpg	0	4	False	0.3966234028339386	0.1282208226621151	0.2684025801718235	0.04305485467193648	0.22663438692688942	0.026662674848921597	0.3966234028339386	0.03862206358462572	False	True	0.2892806828022003	0.0026173966471105814	0.24182066321372986	0.00672230264171958	0.45409053564071655	0.005468394607305527	True	0.20576827228069305	0.16436722874641418	0.1810755580663681	0.08648379147052765	0.22422200441360474	0.1380830705165863
7ooady	robert downey jr pretending to hold up the avengers logo	data/processed/pro_fakeddit/images/7ooady.jpg	0	2	False	0.3965500555932522	0.1806055400520563	0.21594451554119587	0.06268642214126885	0.3965500555932522	0.07091381028294563	0.19306678511202335	0.06083833472803235	False	True	0.246396005153656	0.012678316794335842	0.44980549812316895	0.048326924443244934	0.22594226896762848	0.016850879415869713	True	0.12459004670381546	0.21271073818206787	0.2367837280035019	0.13867446780204773	0.09444033354520798	0.19280070066452026
bnc63k	gas product spills in houston ship channel after collision involving foot oil tanker and barges	data/processed/pro_fakeddit/images/bnc63k.jpg	0	5	False	0.39631998911499977	0.1737111359834671	0.22260885313153267	0.0817329054698348	0.16959740035235882	0.1089673563838005	0.020773492520675063	0.39631998911499977	False	True	0.23444092273712158	0.040748391300439835	0.18702207505702972	0.07301831245422363	0.015089319087564945	0.44968098402023315	True	0.18711264431476593	0.20468644797801971	0.1173233762383461	0.21681448817253113	0.03782601282000542	0.23623700439929962
2a83hw	this man missing the birth of his son to attend world cup semifinals	data/processed/pro_fakeddit/images/2a83hw.jpg	0	2	False	0.39537666738033295	0.09658100455999374	0.2987956628203392	0.16704171150922775	0.39537666738033295	0.070701964199543	0.013366789964493364	0.054717217572033405	False	True	0.2906339466571808	0.18307465314865112	0.44192853569984436	0.04163399338722229	0.0013905235100537539	0.04133836552500725	True	0.32328081130981445	0.11894288659095764	0.2557210624217987	0.15790587663650513	0.049295589327812195	0.09485377371311188
7nty7n	im a baby boomer im banning rick morty enthusiasts that he needs the be on the man who oversaw the distribution of iqs	data/processed/pro_fakeddit/images/7nty7n.jpg	3	0	False	0.3936029262840748	0.16973350942134857	0.3936029262840748	0.2238694168627262	0.12813363410532475	0.06350489659234881	0.1526539302431047	0.03823521136655472	False	True	0.45336058735847473	0.20361672341823578	0.11975982040166855	0.028398150578141212	0.1931317150592804	0.001733051729388535	True	0.21432994306087494	0.2846274971961975	0.15325507521629333	0.16882513463497162	0.0312205757945776	0.14774169027805328
1ck66j	tin of biscuits goes missing from police station and officers report it as a crime	data/processed/pro_fakeddit/images/1ck66j.jpg	0	2	False	0.3929695039987564	0.005736500024795532	0.3872330039739609	0.02689380117226392	0.3929695039987564	0.07042981870472431	0.03498215600848198	0.08749169856309891	False	True	0.4135470390319824	0.0021656095050275326	0.4564688205718994	0.03483522683382034	0.02363259345293045	0.0693507045507431	True	0.30829089879989624	0.10107837617397308	0.2024715542793274	0.17721359431743622	0.06903084367513657	0.14191468060016632
4njcm8	official map finds zikatransmitting mosquitoes in much of us	data/processed/pro_fakeddit/images/4njcm8.jpg	0	2	False	0.3914267048239708	0.1576416976749897	0.2337850071489811	0.05992576293647289	0.3914267048239708	0.09462815709412098	0.032474120147526264	0.18776027113199234	False	True	0.22651739418506622	0.03644474595785141	0.46853429079055786	0.05726546794176102	0.024607501924037933	0.18663063645362854	True	0.2555878460407257	0.13036881387233734	0.1601039469242096	0.20671622455120087	0.05607397481799126	0.19114917516708374
245e6d	might be an awkward situation to be in	data/processed/pro_fakeddit/images/245e6d.jpg	0	4	False	0.38958456367254257	0.09052632749080658	0.299058236181736	0.027955506462603807	0.2096102312207222	0.038692800531862304	0.38958456367254257	0.03509869164554402	False	True	0.27718088030815125	0.012205814942717552	0.20076878368854523	0.0017968841129913926	0.5053356885910034	0.0027119929436594248	True	0.36469030380249023	0.07520458102226257	0.2361345738172531	0.14938054978847504	0.042331188917160034	0.13225878775119781
ewr14oo	hang on friend ill save you	data/processed/pro_fakeddit/images/ewr14oo.jpg	4	2	False	0.38950711861252785	0.02947000414133072	0.15016143396496773	0.03832213534042239	0.38950711861252785	0.037489530397579074	0.36003711447119713	0.024482706910930574	False	True	0.09005914628505707	0.004362056031823158	0.4456217288970947	0.0013784626498818398	0.45308730006217957	0.005491354037076235	True	0.3304682970046997	0.1402023732662201	0.2211632877588272	0.14582273364067078	0.08088655769824982	0.08145676553249359
7vz4np	the koreans who cheer for other countries its just sports its okay to support other countries and other athletes says founder of strong group dedicated to cheering nonlocal teams	data/processed/pro_fakeddit/images/7vz4np.jpg	0	2	False	0.38915708288550377	0.015280425548553467	0.3738766573369503	0.07370295422151685	0.38915708288550377	0.09414316341280937	0.022219414822757244	0.04690064967144281	False	True	0.43552857637405396	0.02362344227731228	0.4527381658554077	0.06244274973869324	0.01897941529750824	0.006687553133815527	True	0.18892090022563934	0.22394149005413055	0.19841383397579193	0.18924440443515778	0.03193941339850426	0.16753993928432465
cjd3ky	virginia governor announces plan to make early childhood education accessible to atrisk preschoolers crosspost rvirginia	data/processed/pro_fakeddit/images/cjd3ky.jpg	0	2	False	0.387458860874176	0.0636482983827591	0.32381056249141693	0.07227793848142028	0.387458860874176	0.10077936947345734	0.03134615998715162	0.0843270537443459	False	True	0.3724612295627594	0.031040431931614876	0.4684273302555084	0.07506747543811798	0.022613752633333206	0.030389701947569847	True	0.17785856127738953	0.1959904581308365	0.14455345273017883	0.1779150515794754	0.05754338204860687	0.24613910913467407
6gndy1	scientists have discovered sharks that live in a volcano	data/processed/pro_fakeddit/images/6gndy1.jpg	5	0	False	0.3869982436299324	0.06872684881091118	0.3869982436299324	0.03615678765345365	0.3182713948190212	0.061525520868599415	0.13020597398281097	0.0668420335277915	False	True	0.4313587546348572	0.005759054329246283	0.36502891778945923	0.01705354079604149	0.15440326929092407	0.02639639750123024	True	0.2539167106151581	0.12734998762607574	0.17799882590770721	0.1949414610862732	0.05761408805847168	0.18817894160747528
141bbl	five hospitalised and two charged in gympie after neighbourhood brawl over ownership of a cat	data/processed/pro_fakeddit/images/141bbl.jpg	0	3	False	0.38676832988858223	0.13660074397921562	0.09285097941756248	0.14290454983711243	0.2501675859093666	0.38676832988858223	0.020162387096206658	0.10714614950120449	False	True	0.0472855269908905	0.12640692293643951	0.28257232904434204	0.4543059170246124	0.0007421030313707888	0.08868717402219772	True	0.22954733669757843	0.19239743053913116	0.1529533565044403	0.18415556848049164	0.07842323929071426	0.1625230759382248
b77ykn	cbs employees credit union manager charged with embezzling million	data/processed/pro_fakeddit/images/b77ykn.jpg	0	3	False	0.38663753867149353	0.15578051283955574	0.2308570258319378	0.07035771291702986	0.1272700596600771	0.38663753867149353	0.02988168504089117	0.15499596297740936	False	True	0.23651117086410522	0.05436742678284645	0.11557134240865707	0.406644731760025	0.02651803195476532	0.1603872925043106	True	0.21389459073543549	0.11832857131958008	0.16236621141433716	0.32661595940589905	0.03997264429926872	0.13882197439670563
2uo9o2	tian tao squat jerking kg	data/processed/pro_fakeddit/images/2uo9o2.jpg	0	2	False	0.3856423422694206	0.008525967597961426	0.3771163746714592	0.04808343993499875	0.3856423422694206	0.0589192493353039	0.026831901632249355	0.10340661741793156	False	True	0.43813419342041016	0.009164949879050255	0.4585554897785187	0.012537422589957714	0.0170908123254776	0.06451702862977982	True	0.19406291842460632	0.16483891010284424	0.16690289974212646	0.19806472957134247	0.05605516955256462	0.22007538378238678
cw23s66	if only bradleys arm was longer	data/processed/pro_fakeddit/images/cw23s66.jpg	4	2	False	0.38433635234832764	0.025996528565883636	0.358339823782444	0.03646012442186475	0.38433635234832764	0.02657580649247393	0.1551393922418356	0.039148461510194466	False	True	0.37195125222206116	0.00963849388062954	0.4330672025680542	0.0017519902903586626	0.18325506150722504	0.0003359621623530984	True	0.31750553846359253	0.11692501604557037	0.23814380168914795	0.10104725509881973	0.07079238444566727	0.15558595955371857
6iouao	despite many obstacles the world is getting better	data/processed/pro_fakeddit/images/6iouao.jpg	0	1	False	0.3843306265771389	0.09522128477692604	0.10881114099174738	0.3843306265771389	0.10812484286725521	0.08863499760627747	0.0209890550468117	0.28910934180021286	False	True	0.05274314805865288	0.46306777000427246	0.08540955930948257	0.07079654932022095	0.009587275795638561	0.3183957040309906	True	0.2770151197910309	0.14811919629573822	0.17627069354057312	0.14215034246444702	0.055194392800331116	0.20125025510787964
1ee6zy	moscow an olympic record after a revolution betrayed poster from the paris anarchist federation anticommunist human rights	data/processed/pro_fakeddit/images/1ee6zy.jpg	5	1	False	0.3834089934825897	0.1665933970361948	0.09372217953205109	0.3834089934825897	0.21681559644639492	0.1798757165670395	0.01772140432149172	0.10845612175762653	False	True	0.09049903601408005	0.3680865466594696	0.2608952522277832	0.19745799899101257	0.010275937616825104	0.07278525084257126	True	0.1033916100859642	0.4293763339519501	0.08457662910223007	0.12712886929512024	0.04005780443549156	0.21546873450279236
2ppbrl	meijer retail grocery store pays the bill for customers	data/processed/pro_fakeddit/images/2ppbrl.jpg	0	3	False	0.38338107615709305	0.09423074126243591	0.09243606589734554	0.28915033489465714	0.07050701882690191	0.38338107615709305	0.012769953405950218	0.15175556018948555	False	True	0.053717873990535736	0.3142003118991852	0.04271145537495613	0.43673011660575867	0.003613213775679469	0.1490270346403122	True	0.20859064161777496	0.214000403881073	0.15389370918273926	0.2233339548110962	0.040240172296762466	0.15994113683700562
95mvmx	new york congressman arrested on insider trading charges	data/processed/pro_fakeddit/images/95mvmx.jpg	0	5	False	0.3830178827047348	0.0544925183057785	0.06496825953945518	0.3285253643989563	0.05894761253148317	0.1536737121641636	0.010867220560612623	0.3830178827047348	False	True	0.02301250584423542	0.3873071074485779	0.021344494074583054	0.11158423125743866	0.0004855161241721362	0.4562661945819855	True	0.19083552062511444	0.15218013525009155	0.17175696790218353	0.2799421548843384	0.04201233386993408	0.1632729470729828
bnkv8a	taylor swifts next music video have her singing upside down in central park	data/processed/pro_fakeddit/images/bnkv8a.jpg	1	0	False	0.3828798308968544	0.07843508571386337	0.3828798308968544	0.06262746034190059	0.30444474518299103	0.08348924666643143	0.03972338465973735	0.1268352922052145	False	True	0.42898616194725037	0.024339670315384865	0.34035131335258484	0.052028924226760864	0.030196549370884895	0.12409733980894089	True	0.2445608377456665	0.17749083042144775	0.1967250406742096	0.17787021398544312	0.06830389052629471	0.13504914939403534
bvh06x	the john candy joke that still makes steve martin cry	data/processed/pro_fakeddit/images/bvh06x.jpg	5	2	False	0.38252605125308037	0.16098211705684662	0.1358741782605648	0.09737521293573081	0.38252605125308037	0.11532123014330864	0.22154393419623375	0.047359407879412174	False	True	0.11854362487792969	0.01175562385469675	0.4651113450527191	0.10493172705173492	0.2843290865421295	0.01532864198088646	True	0.18786583840847015	0.354233980178833	0.13477016985416412	0.14648973941802979	0.03318847715854645	0.14345170557498932
35lgng	woman survives off own breast milk	data/processed/pro_fakeddit/images/35lgng.jpg	0	1	False	0.38234603218734264	0.0864486638456583	0.11179428268224001	0.38234603218734264	0.07671061344444752	0.29589736834168434	0.019245352712459862	0.11400638334453106	False	True	0.03906821832060814	0.479947566986084	0.021995164453983307	0.34508028626441956	0.002558921929448843	0.11134988069534302	True	0.3299724757671356	0.08954142779111862	0.24085696041584015	0.1483486145734787	0.06930464506149292	0.12197589129209518
3gh13l	attacked by bear russian man shoots brother	data/processed/pro_fakeddit/images/3gh13l.jpg	0	2	False	0.38233237713575363	0.02483828365802765	0.357494093477726	0.03777790465392172	0.38233237713575363	0.055062887724488974	0.1244329996407032	0.04289974691346288	False	True	0.37091606855392456	0.004832829348742962	0.44226348400115967	0.021061154082417488	0.14179836213588715	0.019128141924738884	True	0.31722816824913025	0.136613130569458	0.20253905653953552	0.15706808865070343	0.07233691215515137	0.11421456187963486
9ihyoz	vandergrift woman honored by food bank for helping veterans	data/processed/pro_fakeddit/images/9ihyoz.jpg	0	2	False	0.3822273202240467	0.018813710659742355	0.36341360956430435	0.043403082992881536	0.3822273202240467	0.12055819481611252	0.04755272436887026	0.04284499492496252	False	True	0.40363916754722595	0.009762363508343697	0.44454798102378845	0.08934375643730164	0.04387974366545677	0.008826915174722672	True	0.24273693561553955	0.14432524144649506	0.19526533782482147	0.21420150995254517	0.05857166647911072	0.14489923417568207
b7hx41	the vegetables false advertising	data/processed/pro_fakeddit/images/b7hx41.jpg	1	5	False	0.3811480551958084	0.10306363552808762	0.09241611044853926	0.08963997103273869	0.2780844196677208	0.100063132122159	0.05864825192838907	0.3811480551958084	False	True	0.048476312309503555	0.08223041892051697	0.2991463243961334	0.055800311267375946	0.06153372675180435	0.4528128504753113	True	0.22423550486564636	0.11186862736940384	0.2148987054824829	0.23285159468650818	0.049991827458143234	0.1661536693572998
14o7as	westminster council cracks down on rare and mediumrare burgers	data/processed/pro_fakeddit/images/14o7as.jpg	0	2	False	0.38049305230379105	0.031372711062431335	0.3491203412413597	0.05130807845853269	0.38049305230379105	0.07300008367747068	0.02397805475629866	0.12210040912032127	False	True	0.39380621910095215	0.012833726592361927	0.45720720291137695	0.03854135051369667	0.013837608508765697	0.08377392590045929	True	0.2150627076625824	0.16673113405704498	0.15035060048103333	0.17637628316879272	0.05439939349889755	0.23707985877990723
1hr7n2	trumans soldiers by veniamin briskin korean war painting	data/processed/pro_fakeddit/images/1hr7n2.jpg	5	0	False	0.38037580251693726	0.0923047624528408	0.38037580251693726	0.1493552215397358	0.09695007279515266	0.05324990791268647	0.28807104006409645	0.031997957499697804	False	True	0.412545382976532	0.14284051954746246	0.08567412197589874	0.00948422309011221	0.3428075909614563	0.006648167036473751	True	0.2838670611381531	0.1688993275165558	0.13077792525291443	0.18454696238040924	0.1238613873720169	0.10804732888936996
6w11x2	planet fitness offering new lightsoff hour so no one can watch you work out	data/processed/pro_fakeddit/images/6w11x2.jpg	1	0	False	0.3801979646086693	0.05835109204053879	0.3801979646086693	0.046113014104776084	0.3218468725681305	0.07627248205244541	0.11033197212964296	0.06523765623569489	False	True	0.43129754066467285	0.004304850939661264	0.35573822259902954	0.047988034784793854	0.12836728990077972	0.032304033637046814	True	0.22689923644065857	0.17153750360012054	0.22017282247543335	0.16112582385540009	0.05622601881623268	0.1640385240316391
c6xua9h	its actually camouflage	data/processed/pro_fakeddit/images/c6xua9h.jpg	4	2	False	0.3801690489053726	0.150940315797925	0.209127776324749	0.0459302868694067	0.3801690489053726	0.09659736789762974	0.22922873310744762	0.03894675872288644	False	True	0.16887187957763672	0.032129622995853424	0.4259917438030243	0.07369414716959	0.28404703736305237	0.015265551395714283	True	0.3298954665660858	0.08733227849006653	0.2427009642124176	0.16530703008174896	0.06477382034063339	0.10999038070440292
bbl8g1	i found these chips called boo chips shaped like little ghosts	data/processed/pro_fakeddit/images/bbl8g1.jpg	0	2	False	0.37976542115211487	0.12982163205742836	0.2499437890946865	0.03394357266370207	0.37976542115211487	0.09773172065615654	0.028963738004676998	0.20965180359780788	False	True	0.2534940540790558	0.003269440960139036	0.4225652515888214	0.0765366405248642	0.0038452954031527042	0.24028939008712769	True	0.23929299414157867	0.12596596777439117	0.25136592984199524	0.16131696105003357	0.10431906580924988	0.11773904412984848
c6edq0q	subtle but never fails to amuse me	data/processed/pro_fakeddit/images/c6edq0q.jpg	4	2	False	0.37935032695531845	0.1664649359881878	0.21288539096713066	0.13097839057445526	0.37935032695531845	0.12633656710386276	0.03419292066246271	0.11625640280544758	False	True	0.16634945571422577	0.1387520432472229	0.4112659990787506	0.13042457401752472	0.033731188625097275	0.11947675794363022	True	0.35249319672584534	0.10765743255615234	0.283603310585022	0.11407254636287689	0.03557811677455902	0.10659533739089966
1i5d59	arnold schwarzenegger grimacing	data/processed/pro_fakeddit/images/1i5d59.jpg	0	2	False	0.3782380446791649	0.07425085082650185	0.30398719385266304	0.14234784990549088	0.3782380446791649	0.09329587034881115	0.02737027616240084	0.054760738741606474	False	True	0.34991416335105896	0.1152687817811966	0.42363929748535156	0.0727979764342308	0.013613122515380383	0.02476663328707218	True	0.16620628535747528	0.22358505427837372	0.24203428626060486	0.15478955209255219	0.06864173710346222	0.14474305510520935
57alug	henry waxman isnt done fighting with drug companies	data/processed/pro_fakeddit/images/57alug.jpg	0	2	False	0.3781065307557583	0.13103383779525757	0.19582505896687508	0.05944793066009879	0.3781065307557583	0.24707269296050072	0.011973805259913206	0.10757401958107948	False	True	0.2000274360179901	0.015279488638043404	0.45657408237457275	0.25390419363975525	0.00392698310315609	0.07028785347938538	True	0.18321792781352997	0.19195325672626495	0.14270387589931488	0.22657819092273712	0.036114271730184555	0.2194325178861618
7kpe6m	henry ford constructs the first ford model t	data/processed/pro_fakeddit/images/7kpe6m.jpg	2	0	False	0.3775549717247486	0.15059105306863785	0.3775549717247486	0.05096858902834356	0.21694739162921906	0.07747709471732378	0.22696391865611076	0.050088003277778625	False	True	0.4232434928417206	0.009708014316856861	0.2473808079957962	0.043499674648046494	0.2709941565990448	0.005173787474632263	True	0.2404894083738327	0.17475031316280365	0.1256471425294876	0.17940935492515564	0.09487320482730865	0.1848306506872177
3lwihh	the truth about student loans	data/processed/pro_fakeddit/images/3lwihh.jpg	1	0	False	0.37546368315815926	0.14822528790682554	0.37546368315815926	0.08034664392471313	0.18237189948558807	0.08611688017845154	0.2272383952513337	0.04846254945732653	False	True	0.4205990731716156	0.0626724511384964	0.19119971990585327	0.02657279372215271	0.2889043092727661	0.010051730088889599	True	0.24005751311779022	0.13336922228336334	0.15588843822479248	0.264749139547348	0.042240653187036514	0.16369500756263733
c7nrbvy	i ran out of ideas halfway through	data/processed/pro_fakeddit/images/c7nrbvy.jpg	4	0	False	0.3753344938158989	0.07481407839804888	0.3753344938158989	0.030109654180705547	0.22252023965120316	0.03959439508616924	0.30052041541785	0.03192087456409354	False	True	0.39031338691711426	0.0031214170157909393	0.21227669715881348	0.011230207979679108	0.38221776485443115	0.0008406317210756242	True	0.3303978145122528	0.11107436567544937	0.2532508671283722	0.12468695640563965	0.05542836710810661	0.12516160309314728
cr0qwb	ceiling light at this restaurant looks like jupiter	data/processed/pro_fakeddit/images/cr0qwb.jpg	0	2	False	0.3753231167793274	0.09792939946055412	0.24259570986032486	0.02835001377388835	0.3753231167793274	0.038287022383883595	0.27739371731877327	0.03805043158354238	False	True	0.25317737460136414	0.0005369652062654495	0.4258544147014618	0.010951629839837551	0.306118905544281	0.0033607182558625937	True	0.21085071563720703	0.11178915947675705	0.2237292230129242	0.12029320001602173	0.19121815264225006	0.14211957156658173
c20jct	the trebek effect the benefits of well wishes	data/processed/pro_fakeddit/images/c20jct.jpg	0	2	False	0.3753145858645439	0.1557304486632347	0.2195841372013092	0.10458479076623917	0.3753145858645439	0.203639917075634	0.018482616869732738	0.07839397247880697	False	True	0.23281791806221008	0.07855270802974701	0.4380599558353424	0.20333287119865417	0.011017278768122196	0.03621930256485939	True	0.17988279461860657	0.18268103897571564	0.18707847595214844	0.2045610547065735	0.04087863117456436	0.20491798222064972
6xspe9	someone broke into his home ignored the electronics and stole legos worth	data/processed/pro_fakeddit/images/6xspe9.jpg	0	4	False	0.37503502797335386	0.14863922353833914	0.22639580443501472	0.0638176929205656	0.1595577672123909	0.07307340670377016	0.37503502797335386	0.10212027840316296	False	True	0.19975773990154266	0.04552508890628815	0.1395152360200882	0.039561595767736435	0.48598361015319824	0.08965665847063065	True	0.3063099980354309	0.11869550496339798	0.219685360789299	0.17360883951187134	0.042189281433820724	0.1395111382007599
96crs3	new mother with her newborn babies	data/processed/pro_fakeddit/images/96crs3.jpg	2	0	False	0.3744056150317192	0.05708653852343559	0.3744056150317192	0.03180059080477804	0.19619785994291306	0.04296873975545168	0.3173190765082836	0.03730813309084624	False	True	0.41239801049232483	0.0059969802387058735	0.18907804787158966	0.0023809634149074554	0.3846190571784973	0.0055269584991037846	True	0.26042842864990234	0.10921142250299454	0.21755729615688324	0.16473206877708435	0.11541913449764252	0.1326516568660736
27v8sl	man continues road trip with girlfriends body after she dies	data/processed/pro_fakeddit/images/27v8sl.jpg	0	2	False	0.37420833110809326	0.08340061455965042	0.29080771654844284	0.1552622802555561	0.37420833110809326	0.11477444134652615	0.01600091596628772	0.048946306109428406	False	True	0.25702038407325745	0.1806880235671997	0.42266327142715454	0.10631809383630753	0.0004109773726668209	0.03289923816919327	True	0.392169713973999	0.0789850503206253	0.22884351015090942	0.140143483877182	0.06277073174715042	0.09708750993013382
at42ti	unseen footage of erwin rommel a few days before the first battle of elalamein	data/processed/pro_fakeddit/images/at42ti.jpg	2	0	False	0.3738701194524765	0.12780120596289635	0.3738701194524765	0.19308193027973175	0.24606891348958015	0.056703497655689716	0.09880110248923302	0.031474464922212064	False	True	0.3938165605068207	0.20804773271083832	0.25548437237739563	0.035678546875715256	0.10137967020273209	0.005593147594481707	True	0.31403079628944397	0.14818452298641205	0.21782253682613373	0.1197783499956131	0.09106539934873581	0.10911841690540314
6kcche	yearold boy invents a genius device to stop children dying in hot cars	data/processed/pro_fakeddit/images/6kcche.jpg	5	1	False	0.3733663111925125	0.15573197603225708	0.14015045017004013	0.3733663111925125	0.21763433516025543	0.04478194075636566	0.020571428038238082	0.20349553599953651	False	True	0.10745242238044739	0.4523247182369232	0.22214223444461823	0.00920670572668314	0.0003187192778568715	0.2085551917552948	True	0.23824453353881836	0.1364910900592804	0.20411063730716705	0.1515076458454132	0.08132955431938171	0.18831656873226166
3yc4xi	hair stylists spend all day giving free haircuts to homeless people for christmas see video	data/processed/pro_fakeddit/images/3yc4xi.jpg	0	2	False	0.37303638830780983	0.0160907544195652	0.35694563388824463	0.07731280475854874	0.37303638830780983	0.08979813288897276	0.0582092497497797	0.04469775641337037	False	True	0.3896821141242981	0.04514259099960327	0.44649842381477356	0.04972167685627937	0.058815136551856995	0.010140014812350273	True	0.25873619318008423	0.17382344603538513	0.15265028178691864	0.21002750098705292	0.05639158934354782	0.14837098121643066
4o1aqr	tn state rep to give away ars at fundraiser	data/processed/pro_fakeddit/images/4o1aqr.jpg	0	2	False	0.3729969225823879	0.035628847777843475	0.14247049018740654	0.05651014158502221	0.3729969225823879	0.33736807480454445	0.021306193666532636	0.06934820115566254	False	True	0.11267323791980743	0.016962839290499687	0.44430941343307495	0.37648189067840576	0.013295593671500683	0.036277055740356445	True	0.23186224699020386	0.17515204846858978	0.15905945003032684	0.2200266271829605	0.045337993651628494	0.1685616374015808
10tba7	we are the happiest hooks	data/processed/pro_fakeddit/images/10tba7.jpg	2	0	False	0.37265095114707947	0.033237241208553314	0.37265095114707947	0.026397876543342136	0.33941370993852615	0.04698188608745113	0.18160344008356333	0.032952139619737864	False	True	0.3955675959587097	0.0007548581925220788	0.3706708550453186	0.0009916822891682386	0.22451341152191162	0.00750160776078701	True	0.3039010167121887	0.10332693159580231	0.2456422746181488	0.1849524974822998	0.05287352576851845	0.10930373519659042
5l0itu	donauturm things which are alike x	data/processed/pro_fakeddit/images/5l0itu.jpg	1	2	False	0.37255072221159935	0.025217652320861816	0.34733306989073753	0.038638322352198884	0.37255072221159935	0.03829804196720943	0.15628192201256752	0.04689790162956342	False	True	0.3914743661880493	0.0012974474811926484	0.4250536859035492	0.0028132267761975527	0.1770564764738083	0.0023047656286507845	True	0.21490918099880219	0.1506609469652176	0.21504183113574982	0.14475248754024506	0.09395825862884521	0.18067730963230133
2jjvm7	ellen degeneres is very generous donation to help nfl players daughter fight cancer	data/processed/pro_fakeddit/images/2jjvm7.jpg	0	2	False	0.37079744786024094	0.12508682161569595	0.14330843091011047	0.11132188700139523	0.37079744786024094	0.24571062624454498	0.03003766853362322	0.09882394038140774	False	True	0.12254789471626282	0.09248370677232742	0.43503302335739136	0.2585289478302002	0.022810105234384537	0.06859631091356277	True	0.20559003949165344	0.16783642768859863	0.17809072136878967	0.20725566148757935	0.051720358431339264	0.18950682878494263
cntkzk	pretreating tshirts for printing and the chemicals leaked to the other side in a smiley face	data/processed/pro_fakeddit/images/cntkzk.jpg	0	2	False	0.3706198073923588	0.08891241624951363	0.28170739114284515	0.072713014902547	0.3706198073923588	0.10843389481306076	0.12237534299492836	0.04415062046609819	False	True	0.31650471687316895	0.008711523376405239	0.43942829966545105	0.09025658667087555	0.13032780587673187	0.014771153219044209	True	0.17731541395187378	0.2647174894809723	0.16419433057308197	0.1629658192396164	0.09851795434951782	0.13228902220726013
7oae4s	pat smear of the germspreforming live on stage with the washington grunge group nirvana	data/processed/pro_fakeddit/images/7oae4s.jpg	2	4	False	0.36995336413383484	0.010858327150344849	0.35909503698349	0.10113705438561738	0.08348066173493862	0.0500243091955781	0.36995336413383484	0.03630950310616754	False	True	0.42495137453079224	0.004653519950807095	0.07660114765167236	0.01917850598692894	0.4736368656158447	0.0009784848662093282	True	0.16152602434158325	0.3905876576900482	0.1041192039847374	0.14256171882152557	0.058902859687805176	0.14230255782604218
73wq77	the atomic bomb little boy just above the town of hiroshima	data/processed/pro_fakeddit/images/73wq77.jpg	2	4	False	0.36985667049884796	0.10976995527744293	0.26008671522140503	0.04406343156006187	0.2551717646420002	0.03645605657948181	0.36985667049884796	0.03436538434471004	False	True	0.26020702719688416	0.002570700366050005	0.27787578105926514	0.0033712296281009912	0.4547695815563202	0.0012057205894961953	True	0.25972577929496765	0.16854162514209747	0.18705971539020538	0.13571053743362427	0.11511793732643127	0.13384437561035156
7v03cq	socjus gamerghazi vs jontron	data/processed/pro_fakeddit/images/7v03cq.jpg	3	0	False	0.36963243037462234	0.17153197526931763	0.36963243037462234	0.19810045510530472	0.12662310153245926	0.17393573001027107	0.06651589553803205	0.06519246241077781	False	True	0.44638898968696594	0.1402098536491394	0.13344575464725494	0.1824055016040802	0.07198701053857803	0.025562958791851997	True	0.13936275243759155	0.37177225947380066	0.1061551421880722	0.1485264152288437	0.05010255053639412	0.18408097326755524
cg9s187	shot heard round the world	data/processed/pro_fakeddit/images/cg9s187.jpg	4	1	False	0.36834847927093506	0.08318767696619034	0.2851608023047447	0.36834847927093506	0.11412684060633183	0.04925420368090272	0.14862061571329832	0.034489048295654356	False	True	0.28055325150489807	0.44024431705474854	0.08675523847341537	0.010454041883349419	0.17949089407920837	0.0025022695772349834	True	0.29898345470428467	0.15266096591949463	0.19624164700508118	0.16565468907356262	0.05600978061556816	0.13044938445091248
by2m1i	instead of a stick family its a sewing machine	data/processed/pro_fakeddit/images/by2m1i.jpg	0	2	False	0.3679867833852768	0.051933079957962036	0.31605370342731476	0.038575011072680354	0.3679867833852768	0.05780827673152089	0.18795309588313103	0.03162313345819712	False	True	0.3227817416191101	0.008773037232458591	0.4112628400325775	0.019964342936873436	0.23290061950683594	0.004317406564950943	True	0.2958695888519287	0.12798093259334564	0.23815861344337463	0.17134007811546326	0.053110525012016296	0.11354031413793564
c5mwdkv	woah thats like a really good point	data/processed/pro_fakeddit/images/c5mwdkv.jpg	4	2	False	0.36705054342746735	0.014279551804065704	0.35277099162340164	0.03890875820070505	0.36705054342746735	0.03437903069425374	0.15852840896695852	0.0483622255269438	False	True	0.3526287078857422	0.016754623502492905	0.41407570242881775	0.006102414336055517	0.20464402437210083	0.005794490687549114	True	0.35319784283638	0.10537116229534149	0.22597506642341614	0.11920887976884842	0.0201815627515316	0.17606543004512787
1g56fn	xrays reveal lost aria in yrold opera considered one of the greatest composers of his time cherubini in an act of defiance to his critics blacked out the closing lines to make the piece shorter for centuries the piece has been played in its incomplete form	data/processed/pro_fakeddit/images/1g56fn.jpg	0	4	False	0.36656185053288937	0.10087810643017292	0.26568374410271645	0.059712928952649236	0.14918139576911926	0.11083758063614368	0.36656185053288937	0.048022518400102854	False	True	0.28454211354255676	0.010517246089875698	0.14126981794834137	0.08023475855588913	0.46112772822380066	0.02230834774672985	True	0.2091086357831955	0.20729997754096985	0.17291612923145294	0.20264604687690735	0.08286421746015549	0.12516503036022186
9k2d0s	my brother brought home eggnog today	data/processed/pro_fakeddit/images/9k2d0s.jpg	0	2	False	0.3665485344827175	0.07430402562022209	0.2922445088624954	0.05858462257310748	0.3665485344827175	0.055283479392528534	0.022935001412406564	0.20440385304391384	False	True	0.2665623128414154	0.028811881318688393	0.42587515711784363	0.035211920738220215	0.010573766194283962	0.23296497762203217	True	0.3692910969257355	0.14790284633636475	0.18856866657733917	0.11549815535545349	0.06001870706677437	0.11872047930955887
6aex4c	firearm charge dropped after toronto officer says he meant to fire gun	data/processed/pro_fakeddit/images/6aex4c.jpg	0	3	False	0.36571336537599564	0.059853143990039825	0.3058602213859558	0.05639085592702031	0.17595749348402023	0.36571336537599564	0.02526211878284812	0.0708160325884819	False	True	0.3281738758087158	0.019005974754691124	0.1838148534297943	0.40945324301719666	0.01694699190557003	0.04260517656803131	True	0.23891925811767578	0.16854549944400787	0.152385413646698	0.23449373245239258	0.05020749941468239	0.15544860064983368
7uvs8q	this speedminton speeder	data/processed/pro_fakeddit/images/7uvs8q.jpg	1	0	False	0.3656805381178856	0.013179393485188484	0.3656805381178856	0.044948244700208306	0.14269591867923737	0.04610335850156844	0.3525011446326971	0.048070851946249604	False	True	0.3988350033760071	0.011041852645576	0.11899356544017792	0.011924888007342815	0.44454237818717957	0.014662380330264568	True	0.2662171423435211	0.14666742086410522	0.2138029783964157	0.1486387699842453	0.07637744396924973	0.1482962667942047
26zjoq	researchers find association between porn viewing and less grey matter in the brain	data/processed/pro_fakeddit/images/26zjoq.jpg	0	5	False	0.36528851836919785	0.10153239965438843	0.2637561187148094	0.060587003361433744	0.20701229572296143	0.05326816579326987	0.050087892450392246	0.36528851836919785	False	True	0.26771461963653564	0.030605459585785866	0.20811691880226135	0.01410718448460102	0.050608258694410324	0.4288475513458252	True	0.25188061594963074	0.15053163468837738	0.20369842648506165	0.17075110971927643	0.04852679371833801	0.1746114194393158
6muyes	family comforted by thought that mans death will prevent others from climbing war memorial to pretend to fuck horse	data/processed/pro_fakeddit/images/6muyes.jpg	1	4	False	0.3650515377521515	0.03095228224992752	0.153256231918931	0.05581582570448518	0.33409925550222397	0.0629960335791111	0.3650515377521515	0.028781184344552457	False	True	0.10554175823926926	0.017392871901392937	0.3826468586921692	0.027226507663726807	0.4643394649028778	0.0028526154346764088	True	0.29639965295791626	0.1710846871137619	0.1884564459323883	0.17030461132526398	0.06718775629997253	0.1065668910741806
8z61g2	dang i spilled my pork rinds all over the grass	data/processed/pro_fakeddit/images/8z61g2.jpg	2	0	False	0.3645006939768791	0.07093986496329308	0.3645006939768791	0.043942604097537696	0.29356082901358604	0.07387746125459671	0.16317716799676418	0.06094122584909201	False	True	0.38548633456230164	0.0062452503480017185	0.3205955922603607	0.05370965600013733	0.19667471945285797	0.03728841617703438	True	0.3015437722206116	0.15703466534614563	0.21245653927326202	0.13438087701797485	0.06268451362848282	0.1318996548652649
cz4vrs	this ladder near my school	data/processed/pro_fakeddit/images/cz4vrs.jpg	0	2	False	0.36421891301870346	0.11054987087845802	0.25366904214024544	0.05505405552685261	0.36421891301870346	0.06892610620707273	0.20952538028359413	0.048606436466798186	False	True	0.26769593358039856	0.014933429658412933	0.4316985309123993	0.03712854161858559	0.23786310851573944	0.010680382139980793	True	0.21158836781978607	0.17541593313217163	0.16178005933761597	0.16431879997253418	0.1245121955871582	0.16238459944725037
cfzeck6	catching the first pitch	data/processed/pro_fakeddit/images/cfzeck6.jpg	4	0	False	0.36396826803684235	0.10074579436331987	0.36396826803684235	0.058910246938467026	0.22819619625806808	0.05231572221964598	0.2632224736735225	0.03338709054514766	False	True	0.3871384561061859	0.03195473551750183	0.22860892117023468	0.011196572333574295	0.3319392204284668	0.009162085130810738	True	0.29445770382881165	0.1397767812013626	0.2269580215215683	0.17567317187786102	0.0570722334086895	0.10606210678815842
19izgm	moms strip to finance school bus for children	data/processed/pro_fakeddit/images/19izgm.jpg	0	2	False	0.363694466650486	0.12497314438223839	0.12817356921732426	0.05143559235148132	0.363694466650486	0.12389206513762474	0.2387213222682476	0.09408294968307018	False	True	0.09344980865716934	0.011157476343214512	0.4214184284210205	0.09379838407039642	0.3001537024974823	0.0800221636891365	True	0.232344850897789	0.17226994037628174	0.19052258133888245	0.2141731083393097	0.05442418158054352	0.13626530766487122
4br3l1	president obama doing the tango	data/processed/pro_fakeddit/images/4br3l1.jpg	0	4	False	0.36351812817156315	0.08920100517570972	0.2743171229958534	0.11237587127834558	0.1666964367032051	0.03928902465850115	0.36351812817156315	0.04380336101166904	False	True	0.30330175161361694	0.055025260895490646	0.16466659307479858	0.008851971477270126	0.4579100012779236	0.01024432573467493	True	0.18736323714256287	0.2844277024269104	0.17278596758842468	0.1306001842021942	0.08034250885248184	0.14448046684265137
e1g2kg8	my first attempt at psbattling	data/processed/pro_fakeddit/images/e1g2kg8.jpg	4	2	False	0.3634715899825096	0.15774806961417198	0.20572352036833763	0.13454862870275974	0.3634715899825096	0.1338387131690979	0.043725003488361835	0.11869256757199764	False	True	0.16634945571422577	0.1387520432472229	0.4112659990787506	0.13042457401752472	0.033731188625097275	0.11947675794363022	True	0.3238457143306732	0.12193838506937027	0.22008836269378662	0.14408113062381744	0.07370644807815552	0.11633999645709991
c7zod5	storm over saint louis kinda looks like missouri	data/processed/pro_fakeddit/images/c7zod5.jpg	0	5	False	0.3620854429900646	0.10491009429097176	0.25717534869909286	0.046262377174571157	0.24467619508504868	0.06891548819839954	0.020885067177005112	0.3620854429900646	False	True	0.25916340947151184	0.01199356373399496	0.25563499331474304	0.04869977384805679	0.006534894462674856	0.41797325015068054	True	0.25121116638183594	0.14906881749629974	0.21179980039596558	0.1295626312494278	0.06393558531999588	0.19442202150821686
7vh6p7	this mop just tried to sell me some weed	data/processed/pro_fakeddit/images/7vh6p7.jpg	2	0	False	0.3619099110364914	0.046461913734674454	0.3619099110364914	0.04071888606995344	0.31544799730181694	0.05514293443411589	0.19441774114966393	0.03236251580528915	False	True	0.3787098824977875	0.012488532811403275	0.3466987907886505	0.018537063151597977	0.23361295461654663	0.009952777065336704	True	0.31150999665260315	0.12540994584560394	0.22169561684131622	0.16496054828166962	0.07683210074901581	0.09959173202514648
catkmz	this bottle of vo from in a relatives actively usef shower	data/processed/pro_fakeddit/images/catkmz.jpg	0	2	False	0.36158911138772964	0.048804871737957	0.31278423964977264	0.030741688329726458	0.36158911138772964	0.07443700078874826	0.13612827751785517	0.08431967347860336	False	True	0.3325362503528595	0.001679999753832817	0.40696126222610474	0.025740887969732285	0.1679781973361969	0.06510336697101593	True	0.2535282075405121	0.11792675405740738	0.22547265887260437	0.2205253392457962	0.04057851806282997	0.14196859300136566
1ml9t6	pirate party crashes spy drone in front of german chancellor angela merkel	data/processed/pro_fakeddit/images/1ml9t6.jpg	0	2	False	0.3615325316786766	0.11160923168063164	0.24992329999804497	0.09880181029438972	0.3615325316786766	0.06625271495431662	0.16584153752774	0.05764812231063843	False	True	0.2620443105697632	0.061116576194763184	0.42619824409484863	0.026728186756372452	0.20551465451717377	0.018398046493530273	True	0.21356026828289032	0.21185751259326935	0.16753539443016052	0.1848262995481491	0.046822186559438705	0.1753983497619629
8qtcd5	redemption this senior class really came together to plan the senior prank after dropping the ball on the fundraiser for a classmates surgery	data/processed/pro_fakeddit/images/8qtcd5.jpg	1	0	False	0.3607970327138901	0.10360172763466835	0.3607970327138901	0.10953407851047814	0.2571953050792217	0.04745833668857813	0.18655063398182392	0.038464592304080725	False	True	0.4231264591217041	0.012822232209146023	0.29669108986854553	0.02995879575610161	0.2182563692331314	0.019145051017403603	True	0.173808753490448	0.3996696174144745	0.1387079507112503	0.09995695948600769	0.09143342822790146	0.09642321616411209
8e372q	the population modern day hysteria	data/processed/pro_fakeddit/images/8e372q.jpg	1	0	False	0.3607921749353409	0.11891457065939903	0.3607921749353409	0.23298491165041924	0.24187760427594185	0.03648926696041599	0.04765538591891527	0.08020074479281902	False	True	0.38710108399391174	0.2483239769935608	0.26875099539756775	0.003651643870398402	0.04473675787448883	0.04743564873933792	True	0.2818654477596283	0.18696771562099457	0.16125743091106415	0.13500213623046875	0.056411270052194595	0.17849603295326233
czo64h8	when the memes are too dank	data/processed/pro_fakeddit/images/czo64h8.jpg	4	2	False	0.3602258488535881	0.015259064733982086	0.344966784119606	0.11304494552314281	0.3602258488535881	0.1208934374153614	0.028063492383807898	0.03280548984184861	False	True	0.34893327951431274	0.10494957119226456	0.3952978253364563	0.12450584024190903	0.01670430786907673	0.009609168395400047	True	0.33306729793548584	0.1373310685157776	0.2550099194049835	0.11005622893571854	0.062141045928001404	0.1023944541811943
7gj02x	grandmother believes in helping kids however you can help kids she is one of the countless grandparents whose soft spot for children translates into annual gifts to the portland press herald toy fund	data/processed/pro_fakeddit/images/7gj02x.jpg	0	3	False	0.3596104606986046	0.03626689687371254	0.08233721507713199	0.32334356382489204	0.15524877607822418	0.3596104606986046	0.01783638005144894	0.061623639427125454	False	True	0.028216341510415077	0.3652512729167938	0.1410519778728485	0.41815924644470215	0.004525481723248959	0.04279569908976555	True	0.24469983577728271	0.1976204365491867	0.1978391706943512	0.1839641034603119	0.05776907503604889	0.11810746043920517
66p9kr	tesla recalls k cars over parking brake gear	data/processed/pro_fakeddit/images/66p9kr.jpg	0	3	False	0.35934968665242195	0.08668467774987221	0.27266500890254974	0.053266864735633135	0.19003362208604813	0.35934968665242195	0.01891027158126235	0.10577449575066566	False	True	0.2770479619503021	0.02734260819852352	0.18595756590366364	0.4133163094520569	0.014148490503430367	0.0821869820356369	True	0.2595161497592926	0.13103963434696198	0.2022617906332016	0.19744981825351715	0.0331956148147583	0.17653703689575195
7kaj6o	international year of peace we want peace and call for a comprehensive and just settlement of the iraqiran war poster by rafa nasiry for the national council for peace and solidarity iraq	data/processed/pro_fakeddit/images/7kaj6o.jpg	5	4	False	0.358934847638011	0.1822743471711874	0.08483694307506084	0.15362806245684624	0.17666050046682358	0.11520484276115894	0.358934847638011	0.11073477379977703	False	True	0.08240686357021332	0.10735751688480377	0.2003760039806366	0.10566709190607071	0.4400126039981842	0.06417987495660782	True	0.09212718158960342	0.29243969917297363	0.10551398992538452	0.14381809532642365	0.1157015785574913	0.25039947032928467
3eso48	two charged with dui in same car	data/processed/pro_fakeddit/images/3eso48.jpg	0	5	False	0.3587053641676903	0.1168384961783886	0.16520339623093605	0.24186686798930168	0.11248374916613102	0.09996920078992844	0.021771406987681985	0.3587053641676903	False	True	0.1383124589920044	0.27272260189056396	0.09012230485677719	0.06283965706825256	0.009008212946355343	0.4269947409629822	True	0.24587620794773102	0.14929966628551483	0.1795680820941925	0.21135783195495605	0.06006098911166191	0.15383723378181458
bdkle1	israeli scientists unveil worlds first dprinted heart with human tissue	data/processed/pro_fakeddit/images/bdkle1.jpg	0	4	False	0.35851253755390644	0.142618453130126	0.197949830442667	0.03481333740637638	0.21589408442378044	0.07950582914054394	0.35851253755390644	0.11332435719668865	False	True	0.18655602633953094	0.0010492856381461024	0.20572207868099213	0.04801144450902939	0.452328622341156	0.10633251816034317	True	0.2321312427520752	0.1361054927110672	0.24641010165214539	0.17398898303508759	0.07706428319215775	0.1342998743057251
drhov0g	a dog or two spirits looking at each other	data/processed/pro_fakeddit/images/drhov0g.jpg	4	2	False	0.35829513147473335	0.17484650015830994	0.18344863131642342	0.13312537036836147	0.35829513147473335	0.13769949600100517	0.06811522785574198	0.11931617185473442	False	True	0.16634945571422577	0.1387520432472229	0.4112659990787506	0.13042457401752472	0.033731188625097275	0.11947675794363022	True	0.23474615812301636	0.11624535173177719	0.19938252866268158	0.15952426195144653	0.1712673455476761	0.11883441358804703
4wb43d	city of fairfax mayor arrested in methforsex bust police say	data/processed/pro_fakeddit/images/4wb43d.jpg	0	3	False	0.3573850803077221	0.005354870110750198	0.1392966154962778	0.07909892918542027	0.3520302101969719	0.3573850803077221	0.025522594805806875	0.04666660469956696	False	True	0.11922150105237961	0.02683170698583126	0.4220304489135742	0.4034750163555145	0.018404899165034294	0.010036475025117397	True	0.1995219588279724	0.23590059578418732	0.14202949404716492	0.2191152721643448	0.04687568172812462	0.15655699372291565
93gr1q	flee unresthit nicaragua to seek asylum in costa rica	data/processed/pro_fakeddit/images/93gr1q.jpg	0	2	False	0.357125923037529	0.05524693429470062	0.30187898874282837	0.09750138409435749	0.357125923037529	0.12199871242046356	0.015692414483055472	0.10580263659358025	False	True	0.3249749541282654	0.07468979805707932	0.4242860674858093	0.1022556722164154	0.0037648314610123634	0.07002873718738556	True	0.23259109258651733	0.16593614220619202	0.155645489692688	0.18122783303260803	0.0514751635491848	0.2131243348121643
7lixhc	us ambassador to netherlands describes own words as fake news	data/processed/pro_fakeddit/images/7lixhc.jpg	0	3	False	0.3570256680250168	0.0599013976752758	0.1097178403288126	0.07256072293967009	0.297124270349741	0.3570256680250168	0.006480902316980064	0.15709055960178375	False	True	0.09672308713197708	0.04038352146744728	0.35960641503334045	0.3786771595478058	0.004100384656339884	0.12050935626029968	True	0.14870209991931915	0.1690923273563385	0.10967783629894257	0.2920711934566498	0.013622455298900604	0.26683416962623596
curep3	this bullseye barbecue sauce label that missed the mark	data/processed/pro_fakeddit/images/curep3.jpg	0	5	False	0.3556935265660286	0.10760816186666489	0.2480853646993637	0.030747272074222565	0.1789015680551529	0.16309933364391327	0.023472933564335108	0.3556935265660286	False	True	0.24946430325508118	0.007879897952079773	0.1661793738603592	0.14622321724891663	0.01435900665819645	0.41589421033859253	True	0.2439485490322113	0.09934939444065094	0.217068150639534	0.2137276828289032	0.05081471428275108	0.1750914752483368
18hj7z	rays relief pitcher peralta suffers sandwichrelated injury	data/processed/pro_fakeddit/images/18hj7z.jpg	0	2	False	0.3545067124068737	0.10714142397046089	0.22149617224931717	0.052554307505488396	0.3545067124068737	0.2473652884364128	0.02324650902301073	0.10083098895847797	False	True	0.21245649456977844	0.022923626005649567	0.41798895597457886	0.2600371837615967	0.01739298552274704	0.06920071691274643	True	0.24861520528793335	0.14144635200500488	0.16405998170375824	0.2093496024608612	0.040807079523801804	0.1957218050956726
dcpkm6d	how drunk are you right now	data/processed/pro_fakeddit/images/dcpkm6d.jpg	4	2	False	0.3539864271879196	0.06520097702741623	0.267452847212553	0.2887854501605034	0.3539864271879196	0.038402952486649156	0.02026682998985052	0.031105477479286492	False	True	0.2371826320886612	0.3348325490951538	0.4006985127925873	0.004653568379580975	0.0157628133893013	0.006869917269796133	True	0.3582634925842285	0.15064415335655212	0.21385017037391663	0.1396511048078537	0.033778879791498184	0.10381215810775757
bz6vdx	this erbert and gerberts has the time in cairo the local time and the time on venus	data/processed/pro_fakeddit/images/bz6vdx.jpg	0	2	False	0.35393179953098297	0.023234475404024124	0.33069732412695885	0.06187151069752872	0.35393179953098297	0.044321238063275814	0.13785646297037601	0.07132162153720856	False	True	0.37906041741371155	0.011056632734835148	0.4162989556789398	0.0135720856487751	0.15546360611915588	0.024548232555389404	True	0.18560804426670074	0.21431614458560944	0.16683033108711243	0.13656869530677795	0.08503503352403641	0.21164178848266602
230fsc	it is illegal and a punishable crime to give or take dowry lets make our society dowryfree rangpur dinajpur rural organisation rangpur no datedowry outlawed x	data/processed/pro_fakeddit/images/230fsc.jpg	5	1	False	0.35260721296072006	0.09384093433618546	0.19718323647975922	0.35260721296072006	0.2587662786245346	0.05873308074660599	0.020166090689599514	0.11254410445690155	False	True	0.22577504813671112	0.36546948552131653	0.3055470287799835	0.010060734115540981	0.015766214579343796	0.07738150656223297	True	0.1114078015089035	0.31402039527893066	0.11842402815818787	0.20475012063980103	0.03336571902036667	0.2180318981409073
ch4xge	compete for preshedule completion of fiveyear plan compete in order not to let years of revolution down by astarchevsky ukranian ssr	data/processed/pro_fakeddit/images/ch4xge.jpg	5	4	False	0.3523945938795805	0.1598010640591383	0.1925935298204422	0.18532274663448334	0.11048386059701443	0.0926058180630207	0.3523945938795805	0.06659945985302329	False	True	0.19421012699604034	0.15947312116622925	0.09813597053289413	0.0778876394033432	0.45175105333328247	0.018542097881436348	True	0.18774373829364777	0.2628716230392456	0.1475275307893753	0.13676035404205322	0.05432521551847458	0.21077154576778412
4rozpv	north korean space program to land rover on earth	data/processed/pro_fakeddit/images/4rozpv.jpg	1	2	False	0.3518659956753254	0.025138728320598602	0.3267272673547268	0.08227476757019758	0.3518659956753254	0.06688039377331734	0.10359866544604301	0.0686529790982604	False	True	0.3524768352508545	0.04306686297059059	0.4112289845943451	0.03296409547328949	0.11168000102043152	0.048583317548036575	True	0.2494785636663437	0.19989848136901855	0.1737770289182663	0.16862928867340088	0.0793546587228775	0.12886196374893188
ci4ynxb	murder loves killers too	data/processed/pro_fakeddit/images/ci4ynxb.jpg	4	2	False	0.3516985848546028	0.1596563719213009	0.19204221293330193	0.15339747443795204	0.3516985848546028	0.1429123319685459	0.03785967454314232	0.12208971567451954	False	True	0.16634945571422577	0.1387520432472229	0.4112659990787506	0.13042457401752472	0.033731188625097275	0.11947675794363022	True	0.2691204845905304	0.19733376801013947	0.17299634218215942	0.1803756058216095	0.05024513229727745	0.1299285888671875
8r1lce	little girl with an evil grin	data/processed/pro_fakeddit/images/8r1lce.jpg	0	2	False	0.3503413200378418	0.014398222789168358	0.19359421357512474	0.05398315002094023	0.3503413200378418	0.0367041063727811	0.33594309724867344	0.029434099444188178	False	True	0.1827819049358368	0.001102882088162005	0.39450517296791077	0.0045246160589158535	0.4100726246833801	0.007012769114226103	True	0.2260311394929886	0.2126239538192749	0.2178497612476349	0.13324257731437683	0.11355451494455338	0.0966980904340744
2e578p	vote fire hydrant for mayor	data/processed/pro_fakeddit/images/2e578p.jpg	0	2	False	0.3492652699351311	0.1034565195441246	0.21324867382645607	0.07548928260803223	0.3492652699351311	0.08009477704763412	0.24580875039100647	0.036093239206820726	False	True	0.2245945781469345	0.019922763109207153	0.4155011773109436	0.025017499923706055	0.29807624220848083	0.016887729987502098	True	0.17921096086502075	0.24218884110450745	0.15055754780769348	0.24532660841941833	0.08900627493858337	0.09370976686477661
bn1f4u	did that ted bundy hacksaw moment really happen	data/processed/pro_fakeddit/images/bn1f4u.jpg	5	1	False	0.3486679084599018	0.09614478051662445	0.08541719429194927	0.3486679084599018	0.1095314659178257	0.19395630434155464	0.009903969631523069	0.25252312794327736	False	True	0.022311635315418243	0.40389153361320496	0.08080974221229553	0.21508753299713135	4.089178764843382e-05	0.2778586149215698	True	0.27473387122154236	0.18299703299999237	0.1956966370344162	0.13056261837482452	0.03949320316314697	0.17651666700839996
68f2wt	reddit alien is holding a christian monk in his right hand from redditgifts	data/processed/pro_fakeddit/images/68f2wt.jpg	2	1	False	0.3480170741677284	0.09794943779706955	0.24424942955374718	0.3480170741677284	0.2500676363706589	0.025867127464152873	0.05428785411641002	0.07751092687249184	False	True	0.253591388463974	0.3879920244216919	0.27463653683662415	0.00469862250611186	0.025260934606194496	0.05382055044174194	True	0.2162235528230667	0.228092223405838	0.17636093497276306	0.08937264233827591	0.14136861264705658	0.14858205616474152
3mymv3	woman has benefits stopped because taxman believes she is having an affair with the post office	data/processed/pro_fakeddit/images/3mymv3.jpg	0	3	False	0.347001526504755	0.1114533469080925	0.18591375276446342	0.07810603361576796	0.23554817959666252	0.347001526504755	0.0782013637945056	0.07522911671549082	False	True	0.1626439243555069	0.04560624435544014	0.25405165553092957	0.39866599440574646	0.08794338256120682	0.05108874663710594	True	0.255723237991333	0.1756054013967514	0.1800377517938614	0.1920081228017807	0.04897530749440193	0.14765022695064545
2smca9	blood covered turban from recent shootings	data/processed/pro_fakeddit/images/2smca9.jpg	2	0	False	0.3467061296105385	0.09210553392767906	0.3467061296105385	0.05192466010339558	0.2546005956828594	0.05766968091484159	0.231891511939466	0.05720739113166928	False	True	0.39605915546417236	0.010007350705564022	0.27862149477005005	0.007061109412461519	0.2924543023109436	0.015796532854437828	True	0.19864705204963684	0.17767658829689026	0.18253789842128754	0.2094953954219818	0.05020314082503319	0.18143996596336365
6v7v36	silverstrand beach were all going to die	data/processed/pro_fakeddit/images/6v7v36.jpg	1	2	False	0.34651070088148117	0.016127360984683037	0.19544339179992676	0.04211840848438442	0.34651070088148117	0.039732565521262586	0.33038333989679813	0.045811602845788	False	True	0.15722453594207764	0.008762718178331852	0.3976520001888275	0.0072194901295006275	0.4210834503173828	0.008057825267314911	True	0.3100999593734741	0.14218547940254211	0.19308680295944214	0.13727179169654846	0.0582830086350441	0.15907293558120728
6td0i1	nazis ecstatic trump refused to condemn white supremacist violence	data/processed/pro_fakeddit/images/6td0i1.jpg	0	1	False	0.3463897593319416	0.1223815381526947	0.2240082211792469	0.3463897593319416	0.16729113459587097	0.09915357641875744	0.10500835394486785	0.058148998534306884	False	True	0.21064935624599457	0.3964058756828308	0.17859040200710297	0.07208647578954697	0.12998589873313904	0.012282048352062702	True	0.2640848159790039	0.196341410279274	0.133393332362175	0.18035487830638885	0.030075719580054283	0.19574984908103943
cjwxtj	the shadow this streetlight throws looks digitalised	data/processed/pro_fakeddit/images/cjwxtj.jpg	0	2	False	0.3457905054092407	0.05655839666724205	0.2892321087419987	0.018238428499898873	0.3457905054092407	0.04898978443816304	0.2674589306116104	0.030290260794572532	False	True	0.3226863443851471	0.000586971000302583	0.38271597027778625	0.020016750320792198	0.2694602906703949	0.00453369552269578	True	0.1888694018125534	0.07119280099868774	0.23501411080360413	0.13590888679027557	0.26145485043525696	0.10755995661020279
2w44im	david axelrod obama thought yes we can was corny	data/processed/pro_fakeddit/images/2w44im.jpg	0	5	False	0.3447662629187107	0.12368664517998695	0.12526925280690193	0.19414152577519417	0.22107961773872375	0.09625432640314102	0.018488974077627063	0.3447662629187107	False	True	0.11495901644229889	0.16078312695026398	0.249285489320755	0.07136790454387665	0.011268761940300465	0.3923356235027313	True	0.15619996190071106	0.29421672224998474	0.13646200299263	0.17091359198093414	0.04014961048960686	0.20205818116664886
3k12vt	new map lets you wander hiroshima from a cats perspective	data/processed/pro_fakeddit/images/3k12vt.jpg	0	2	False	0.3423538953065872	0.09792334586381912	0.2444305494427681	0.04505718668951886	0.3423538953065872	0.11838151142001152	0.20891821570694447	0.040858660417143255	False	True	0.23782730102539062	0.00025905398069880903	0.3897610604763031	0.11909665912389755	0.2521548271179199	0.0009011037182062864	True	0.2642402946949005	0.179451584815979	0.20013239979743958	0.11623606830835342	0.0792083814740181	0.16073133051395416
9k5p2b	this chicken nugget dispenser at my campground	data/processed/pro_fakeddit/images/9k5p2b.jpg	0	2	False	0.34064221754670143	0.016472231596708298	0.20066489651799202	0.052785350708290935	0.34064221754670143	0.04268543957732618	0.32416998594999313	0.039052092703059316	False	True	0.1954556107521057	0.01062189880758524	0.4034818410873413	0.010853421874344349	0.3750019669532776	0.004585213027894497	True	0.21629275381565094	0.17927570641040802	0.1521233469247818	0.13818149268627167	0.17167404294013977	0.14245273172855377
d564la	this vending machine that sells books on the underground in berlin	data/processed/pro_fakeddit/images/d564la.jpg	0	2	False	0.3402867615222931	0.12586918845772743	0.21441757306456566	0.07944295881316066	0.3402867615222931	0.11850365251302719	0.17999152839183807	0.06735750008374453	False	True	0.22792240977287292	0.023481646552681923	0.4038119912147522	0.09039181470870972	0.21900422871112823	0.03538788482546806	True	0.17390306293964386	0.24732689559459686	0.14971107244491577	0.20283916592597961	0.06295342743396759	0.1632663458585739
11rt54	judge clears two people of murder for which theyve spent years in jail but makes them wait days to be released so they can receive ankle bracelets	data/processed/pro_fakeddit/images/11rt54.jpg	0	2	False	0.3381235860288143	0.03644728288054466	0.30167630314826965	0.04700545524246991	0.3381235860288143	0.2490735687315464	0.020500925602391362	0.04362017777748406	False	True	0.2995908260345459	0.005141734145581722	0.3947356939315796	0.2813158333301544	0.010069753043353558	0.009146205149590969	True	0.3079327344894409	0.17259661853313446	0.1682872623205185	0.15234677493572235	0.051794443279504776	0.14704209566116333
1b6k64	russian exposed friend to radiation to render him immortal	data/processed/pro_fakeddit/images/1b6k64.jpg	0	5	False	0.33776590414345264	0.035965321585536	0.18946675583720207	0.30180058255791664	0.080784703604877	0.07394543755799532	0.016236630617640913	0.33776590414345264	False	True	0.13538257777690887	0.3665708005428314	0.04355986788868904	0.02875010296702385	0.004938614089041948	0.42079806327819824	True	0.35171929001808167	0.1074899286031723	0.19245921075344086	0.20953144133090973	0.050130680203437805	0.08866942673921585
90h4uh	vladimir putin releases album pronouncing russias innocence in meddling with the election	data/processed/pro_fakeddit/images/90h4uh.jpg	2	1	False	0.3366704508662224	0.0651550218462944	0.271515429019928	0.3366704508662224	0.2663090229034424	0.05265782633796334	0.01634740026202053	0.05649987538345158	False	True	0.2967342734336853	0.3623462915420532	0.31377094984054565	0.016967473551630974	0.0039090258069336414	0.006271987222135067	True	0.195858895778656	0.25964292883872986	0.12392324209213257	0.15972888469696045	0.05366252362728119	0.20718353986740112
d0rv6i	us general contemplating dropping the second nuclear bomb in japan	data/processed/pro_fakeddit/images/d0rv6i.jpg	2	1	False	0.33613991364836693	0.03367796167731285	0.3024619519710541	0.33613991364836693	0.26203442364931107	0.04592113522812724	0.012287910270970315	0.041154700447805226	False	True	0.30432793498039246	0.3875889182090759	0.2918231785297394	0.011870766058564186	0.0020312669221311808	0.002357983496040106	True	0.29686400294303894	0.18179289996623993	0.17266815900802612	0.1480722427368164	0.04305784031748772	0.15754485130310059
b5b9u0	russia withdraws from wwi after the russian revolution	data/processed/pro_fakeddit/images/b5b9u0.jpg	2	3	False	0.3358204923570156	0.02170649543404579	0.13520022295415401	0.07116456283256412	0.3141139969229698	0.3358204923570156	0.012225789578224067	0.13147487305104733	False	True	0.10074075311422348	0.02594468928873539	0.3704577386379242	0.38170990347862244	0.0004288735508453101	0.12071795016527176	True	0.23857863247394562	0.2068241834640503	0.1450827717781067	0.19815225899219513	0.047616537660360336	0.16374564170837402
c71uoiv	making tennis even better	data/processed/pro_fakeddit/images/c71uoiv.jpg	4	2	False	0.3345978520810604	0.012708347290754318	0.3218895047903061	0.2084310445934534	0.3345978520810604	0.06154983723536134	0.0325927147641778	0.04093898623250425	False	True	0.3405897319316864	0.23900693655014038	0.37533998489379883	0.006851239129900932	0.025278359651565552	0.012933683581650257	True	0.26578882336616516	0.11670336872339249	0.21237145364284515	0.22564563155174255	0.05453578010201454	0.12495489418506622
dcqi76	this menu has an option to order a beer for the kitchen staff	data/processed/pro_fakeddit/images/dcqi76.jpg	0	2	False	0.3331573083996773	0.019055642187595367	0.25577571988105774	0.045921278186142445	0.3331573083996773	0.3141016662120819	0.010706233559176326	0.04033777071163058	False	True	0.26315540075302124	0.017203833907842636	0.3745467960834503	0.32366105914115906	0.0033368589356541634	0.01809602417051792	True	0.23363667726516724	0.13207361102104187	0.20898884534835815	0.28542348742485046	0.03281435742974281	0.10706301033496857
1qtwn4	leafs waffle man vows to strike again	data/processed/pro_fakeddit/images/1qtwn4.jpg	0	1	False	0.3330916166305542	0.024927720427513123	0.11588133126497269	0.3330916166305542	0.09160042647272348	0.3081638962030411	0.01233982207486406	0.13892295956611633	False	True	0.07832714915275574	0.37515512108802795	0.06053870543837547	0.3422282338142395	0.0023074510972946882	0.1414433866739273	True	0.22854387760162354	0.20690110325813293	0.18478558957576752	0.2059708833694458	0.042436935007572174	0.1313616782426834
3eywnc	katie hopkins proposes euthanasia vans as uk has far too many old people	data/processed/pro_fakeddit/images/3eywnc.jpg	0	2	False	0.33111918717622757	0.06596774235367775	0.2651514448225498	0.11106699891388416	0.33111918717622757	0.16030756384134293	0.017201775102876127	0.11515308171510696	False	True	0.2874974310398102	0.07033873349428177	0.4020652770996094	0.1556439846754074	0.006089542526751757	0.07836510241031647	True	0.19811348617076874	0.23325179517269135	0.11828091740608215	0.17429830133914948	0.05053847283124924	0.22551701962947845
c7oq4rs	roll up one more big d o double g	data/processed/pro_fakeddit/images/c7oq4rs.jpg	4	2	False	0.3305198922753334	0.008689329959452152	0.20396889001131058	0.048914310056716204	0.3305198922753334	0.06246094638481736	0.32183056231588125	0.03230531717417762	False	True	0.16922956705093384	0.024506082758307457	0.3674347400665283	0.027153296396136284	0.40833693742752075	0.003339283401146531	True	0.3081868588924408	0.12213899195194244	0.21977534890174866	0.1683838963508606	0.06231143698096275	0.11920341849327087
8h6xzj	the of civilization in bosnia ottoman caricature about austrian annexation of bosniaherzegovina	data/processed/pro_fakeddit/images/8h6xzj.jpg	5	1	False	0.328842855989933	0.041429830715060234	0.15230033919215202	0.328842855989933	0.2874130252748728	0.11549494601786137	0.033988483250141144	0.0819602683186531	False	True	0.1575755476951599	0.27466756105422974	0.35746482014656067	0.11382801830768585	0.02331385761499405	0.07315012812614441	True	0.13647471368312836	0.49136874079704285	0.07725764065980911	0.12049572914838791	0.06601236015558243	0.1083906888961792
ck2hcc	vodka a dangerous love beware ussr	data/processed/pro_fakeddit/images/ck2hcc.jpg	5	1	False	0.3284768648445606	0.017009060829877853	0.31146780401468277	0.3284768648445606	0.19327615201473236	0.08638671040534973	0.04597426578402519	0.034418199327774346	False	True	0.32340940833091736	0.3695695996284485	0.2020818442106247	0.055129945278167725	0.04468865692615509	0.005120543297380209	True	0.275642991065979	0.20519866049289703	0.16685907542705536	0.18015700578689575	0.0498310923576355	0.12231116741895676
aur7nn	this tangle of cables look like a treble clef	data/processed/pro_fakeddit/images/aur7nn.jpg	0	2	False	0.3267865367233753	0.018974263221025467	0.30781227350234985	0.03778228908777237	0.3267865367233753	0.05439552338793874	0.16091033071279526	0.11231308989226818	False	True	0.3536945879459381	0.016001813113689423	0.3678441643714905	0.015014460310339928	0.16435422003269196	0.08309080451726913	True	0.17016533017158508	0.10312371701002121	0.20361365377902985	0.17253871262073517	0.15057866275310516	0.19997994601726532
6z1fdb	long live the dictatorship of the proletariat china	data/processed/pro_fakeddit/images/6z1fdb.jpg	5	2	False	0.3259289488196373	0.0668603740632534	0.21704601868987083	0.2590685747563839	0.3259289488196373	0.08758952282369137	0.04144793190062046	0.068918920122087	False	True	0.202280655503273	0.2742869257926941	0.375245600938797	0.06409382075071335	0.03581412509083748	0.04827878251671791	True	0.2613421082496643	0.2134135216474533	0.1779789924621582	0.15807662904262543	0.058349352329969406	0.13083933293819427
9avs93	a squirrel holding out its arms	data/processed/pro_fakeddit/images/9avs93.jpg	0	2	False	0.3242212235927582	0.04569161310791969	0.2785296104848385	0.17210757359862328	0.3242212235927582	0.04666953277774155	0.11501673050224781	0.0634553050622344	False	True	0.3145831823348999	0.1732495278120041	0.35788238048553467	0.013057476840913296	0.10645677894353867	0.03477059677243233	True	0.17036889493465424	0.16868171095848083	0.2232377529144287	0.14750570058822632	0.14069658517837524	0.14950942993164062
2lw5z4	this bull is being sent to the slaughterhouse because hes gay	data/processed/pro_fakeddit/images/2lw5z4.jpg	0	3	False	0.3236846774816513	0.009085193276405334	0.2173042744398117	0.04619117337279022	0.31459948420524597	0.3236846774816513	0.04980320483446121	0.04841723246499896	False	True	0.18344417214393616	0.010236778296530247	0.3538103997707367	0.37221115827560425	0.05175277218222618	0.028544800356030464	True	0.31888458132743835	0.15405435860157013	0.1969667375087738	0.17810523509979248	0.043954502791166306	0.10803452879190445
ce7gtk	this rock and stick looks like the head and tongue of a snake	data/processed/pro_fakeddit/images/ce7gtk.jpg	0	4	False	0.32160547003149986	0.01221989095211029	0.30938557907938957	0.037527383137785364	0.25572551414370537	0.04323244630359113	0.32160547003149986	0.03252359386533499	False	True	0.3332439959049225	0.00025989217101596296	0.27408140897750854	0.0083474637940526	0.3812708258628845	0.002796415239572525	True	0.23781032860279083	0.14932985603809357	0.20065782964229584	0.14788739383220673	0.1426094025373459	0.12170512974262238
4ozt8b	woman pointing out track cyclists massive legs	data/processed/pro_fakeddit/images/4ozt8b.jpg	0	2	False	0.3161929212510586	0.0226336270570755	0.2935592941939831	0.0702609047293663	0.3161929212510586	0.030434151994995773	0.22165899723768234	0.06789377308450639	False	True	0.3379926085472107	0.01455618441104889	0.3590303361415863	0.0067899697460234165	0.2686649560928345	0.01296601165086031	True	0.16025935113430023	0.23737506568431854	0.1876806765794754	0.10136669874191284	0.08064112067222595	0.23267705738544464
c7g0niq	what i was expecting to see	data/processed/pro_fakeddit/images/c7g0niq.jpg	4	0	False	0.3134758099913597	0.007292389869689941	0.3134758099913597	0.021236112341284752	0.30618342012166977	0.036175358516629785	0.293998840264976	0.02893049336853437	False	True	0.3146732449531555	0.010030888020992279	0.2967506945133209	0.002897023456171155	0.37418118119239807	0.0014670077944174409	True	0.3098835051059723	0.05485178530216217	0.3344815969467163	0.13601036369800568	0.053451817482709885	0.11132095009088516
8egtar	fourth of listen im hearing voices	data/processed/pro_fakeddit/images/8egtar.jpg	1	2	False	0.3119994252920151	0.034865276888012886	0.23642241582274437	0.07132349908351898	0.3119994252920151	0.058748588780872524	0.2771341484040022	0.04437191179022193	False	True	0.22447745501995087	0.06476310640573502	0.33857640624046326	0.005645057652145624	0.3522309958934784	0.014306964352726936	True	0.2722572982311249	0.09100467711687088	0.23226848244667053	0.21805918216705322	0.05184360593557358	0.1345667541027069
8wy0uu	the subways is flooded with water after the storm	data/processed/pro_fakeddit/images/8wy0uu.jpg	2	4	False	0.31126934103667736	0.046453939750790596	0.26481540128588676	0.05889714427758008	0.24561863392591476	0.07234886940568686	0.31126934103667736	0.04705059225670993	False	True	0.28910642862319946	0.00575230410322547	0.27652841806411743	0.029602263122797012	0.39019709825515747	0.008813426829874516	True	0.19194231927394867	0.21833166480064392	0.15288928151130676	0.20058868825435638	0.07448606938123703	0.1617620885372162
25ahrg	too bugged out to thug out	data/processed/pro_fakeddit/images/25ahrg.jpg	2	0	False	0.3111555278301239	0.024966186843812466	0.3111555278301239	0.031822211894905195	0.2813507728278637	0.06144319334998727	0.28618934098631144	0.028039002238074318	False	True	0.31617996096611023	0.0008689212845638394	0.30839356780052185	0.008329508826136589	0.3646087348461151	0.0016193630872294307	True	0.2960822284221649	0.12468208372592926	0.20022238790988922	0.2207842469215393	0.050931159406900406	0.10729791969060898
3jy56q	this school is switching to genderneutral bathrooms for all students not a single parent has complained about the change	data/processed/pro_fakeddit/images/3jy56q.jpg	0	2	False	0.30988113209605217	0.04967932775616646	0.2602018043398857	0.16553354635834694	0.30988113209605217	0.07024372462183237	0.015400206437334418	0.17873964831233025	False	True	0.27033668756484985	0.17545269429683685	0.34961286187171936	0.02306206151843071	0.009591151960194111	0.17194463312625885	True	0.2297971546649933	0.1357761025428772	0.1906859427690506	0.21178871393203735	0.03282736986875534	0.19912469387054443
bwdulf	part of the bernie sanders is tanking in the polls after a dna test revealed that hes king	data/processed/pro_fakeddit/images/bwdulf.jpg	1	2	False	0.30783991515636444	0.07829643785953522	0.22954347729682922	0.21580813825130463	0.30783991515636444	0.10138759016990662	0.010131844668649137	0.13528904877603054	False	True	0.24583932757377625	0.1853806972503662	0.3613014817237854	0.09470812231302261	0.0020666909404098988	0.11070368438959122	True	0.18065592646598816	0.3070904612541199	0.14745521545410156	0.12142599374055862	0.03432730585336685	0.2090451419353485
d7vhf2	the roots of this tree form a vague image of che guevara	data/processed/pro_fakeddit/images/d7vhf2.jpg	0	4	False	0.3078192248940468	0.008830055594444275	0.2832217290997505	0.0280643054175016	0.2989891692996025	0.048392585944384336	0.3078192248940468	0.03351297334302217	False	True	0.2938002347946167	0.00019673815404530615	0.3139323592185974	0.010326826944947243	0.378422349691391	0.0033214925788342953	True	0.251486212015152	0.11166700720787048	0.2541595995426178	0.16258986294269562	0.09600985050201416	0.12408741563558578
b774vx	this classic compilation of childrens cartoons is not suitable for children	data/processed/pro_fakeddit/images/b774vx.jpg	0	1	False	0.30763480067253113	0.06598565727472305	0.24164914339780807	0.30763480067253113	0.12190109677612782	0.2239735834300518	0.021908640395849943	0.08293268084526062	False	True	0.2366461455821991	0.3204718232154846	0.1200067475438118	0.2457885593175888	0.003193216398358345	0.07389340549707413	True	0.256658136844635	0.26912373304367065	0.12758414447307587	0.1585286557674408	0.07805491238832474	0.1100505068898201
5qfzgn	ireland votes to be worlds first country to fully divest from fossil fuels	data/processed/pro_fakeddit/images/5qfzgn.jpg	0	2	False	0.3060229606926441	0.012012604624032974	0.29401035606861115	0.0647209077142179	0.3060229606926441	0.09904481284320354	0.16573063097894192	0.07047032308764756	False	True	0.3315642476081848	0.018258588388562202	0.35612621903419495	0.08173611015081406	0.20274902880191803	0.009565806947648525	True	0.18134868144989014	0.204107865691185	0.15571318566799164	0.150970920920372	0.05467543751001358	0.25318387150764465
6i9o8z	this bombshell was dropped on ellen and fans were shocked	data/processed/pro_fakeddit/images/6i9o8z.jpg	5	2	False	0.3050925210118294	0.009049192070960999	0.2960433289408684	0.1096486821770668	0.3050925210118294	0.21202516928315163	0.02783577563241124	0.04935454856604338	False	True	0.28528788685798645	0.10663621127605438	0.33797064423561096	0.22555950284004211	0.02218681015074253	0.022358987480401993	True	0.32830965518951416	0.11868609488010406	0.20645815134048462	0.17142216861248016	0.044782672077417374	0.13034123182296753
cur2q86	gaahhhh please stop yelling at me	data/processed/pro_fakeddit/images/cur2q86.jpg	4	0	False	0.3032261058688164	0.004177235532552004	0.3032261058688164	0.05060721514746547	0.27537012845277786	0.03829853981733322	0.29904887033626437	0.03344910289160907	False	True	0.307745099067688	0.01782647706568241	0.2790876626968384	0.004689961671829224	0.38911569118499756	0.0015350589528679848	True	0.28966912627220154	0.14894942939281464	0.2642175257205963	0.13912427425384521	0.02884840779006481	0.12919123470783234
d71fsu	defense minister vo nguyen giap celebrates after winning the first pick of the vietnam draft	data/processed/pro_fakeddit/images/d71fsu.jpg	2	0	False	0.3016556240618229	0.009369771927595139	0.3016556240618229	0.29228585213422775	0.1421767920255661	0.12458433583378792	0.05561188515275717	0.08368552848696709	False	True	0.3612011671066284	0.2743804156780243	0.1608869582414627	0.10532836616039276	0.044899147003889084	0.05330395698547363	True	0.12301899492740631	0.34600216150283813	0.08604629337787628	0.1823522448539734	0.08775009959936142	0.17483024299144745
arud4u	mueller wins roger stone gag order moves to sentence manafort	data/processed/pro_fakeddit/images/arud4u.jpg	0	3	False	0.29690324142575264	0.041652876883745193	0.25525036454200745	0.13728061504662037	0.15276220068335533	0.29690324142575264	0.010067268623970449	0.14773628115653992	False	True	0.2938785254955292	0.08148261159658432	0.1697327047586441	0.3167874813079834	0.0033399839885532856	0.134778693318367	True	0.13936588168144226	0.3046746253967285	0.10185068845748901	0.23725052177906036	0.03024912253022194	0.18660904467105865
sch2x	an antipornography film was banned due to pornographic content	data/processed/pro_fakeddit/images/sch2x.jpg	0	2	False	0.29579368233680725	0.023245133459568024	0.10917221382260323	0.07871309015899897	0.29579368233680725	0.2725485488772392	0.018142163986340165	0.22563033178448677	False	True	0.07427237927913666	0.05861727520823479	0.33418092131614685	0.2667854130268097	0.010143115185201168	0.25600093603134155	True	0.21387171745300293	0.1390005350112915	0.18063196539878845	0.28983795642852783	0.042139310389757156	0.13451851904392242
69qs94	woman eats ps life savings to spite cheating husband	data/processed/pro_fakeddit/images/69qs94.jpg	0	4	False	0.29518994130194187	0.09415261633694172	0.20103732496500015	0.08658737875521183	0.10579556412994862	0.17476476728916168	0.29518994130194187	0.13662508502602577	False	True	0.1684095859527588	0.06951560825109482	0.07708088308572769	0.1732005923986435	0.37464919686317444	0.13714419305324554	True	0.29892054200172424	0.13780269026756287	0.1919396072626114	0.17945729196071625	0.05681217461824417	0.13506776094436646
9fmnx5	social distortion selftitled	data/processed/pro_fakeddit/images/9fmnx5.jpg	1	2	False	0.29109906032681465	0.09472387749701738	0.1786453276872635	0.15609575808048248	0.29109906032681465	0.08376835659146309	0.19637518282979727	0.0940163703635335	False	True	0.16842833161354065	0.14699478447437286	0.3354753851890564	0.06265045702457428	0.2410057932138443	0.04544531926512718	True	0.209296315908432	0.18339867889881134	0.15797008574008942	0.14712205529212952	0.062483351677656174	0.23972952365875244
37bch9	chinese officials sent on prison tours as a warning against corruption	data/processed/pro_fakeddit/images/37bch9.jpg	0	2	False	0.28745638206601143	0.0759502463042736	0.15632645785808563	0.12297380715608597	0.28745638206601143	0.21150613576173782	0.013465893804095685	0.2082713358104229	False	True	0.1395006626844406	0.11974793672561646	0.32955238223075867	0.1826733946800232	0.005004737991839647	0.2235209047794342	True	0.2068038433790207	0.1326514184474945	0.16116838157176971	0.2980043590068817	0.0388493612408638	0.16252262890338898
5oiuav	rogue one becomes fastest film to reach over mentions of hope	data/processed/pro_fakeddit/images/5oiuav.jpg	1	4	False	0.28550214041024446	0.04888275731354952	0.23661938309669495	0.11058701761066914	0.17885588109493256	0.08473690506070852	0.28550214041024446	0.10369872115552425	False	True	0.2468850016593933	0.09215033799409866	0.18058548867702484	0.051336366683244705	0.3651961386203766	0.06384674459695816	True	0.20582252740859985	0.16589705646038055	0.1736670583486557	0.18493852019309998	0.0464201457798481	0.22325465083122253
8oav6q	your granny said sternly dont go anywhere without god but the bright light of science has proven there is no god antireligious poster ca	data/processed/pro_fakeddit/images/8oav6q.jpg	5	1	False	0.2809527553617954	0.0038876309990882874	0.2667285352945328	0.2809527553617954	0.27706512436270714	0.03729866584762931	0.05810544919222593	0.07984945084899664	False	True	0.28551629185676575	0.29389795660972595	0.3216857612133026	0.009250516071915627	0.05207131430506706	0.037578169256448746	True	0.21036526560783386	0.24211715161800385	0.14320321381092072	0.12144311517477036	0.07620785385370255	0.20666329562664032
660swy	trump to overhaul visa program for highskilled workers	data/processed/pro_fakeddit/images/660swy.jpg	0	2	False	0.278628583997488	0.03879206255078316	0.17879513651132584	0.1665070280432701	0.278628583997488	0.11548123508691788	0.0207514651119709	0.23983652144670486	False	True	0.1731826215982437	0.1711968183517456	0.3140532076358795	0.07805438339710236	0.013960562646389008	0.24955235421657562	True	0.1956326812505722	0.15243765711784363	0.17235471308231354	0.22776179015636444	0.04112417250871658	0.2106890231370926
dgv643	nashville boom is great but its not equitable business leaders say this region is emerging as the next innovation hub liu said the question now for nashville is can this region demonstrate that inclusive innovation is possible	data/processed/pro_fakeddit/images/dgv643.jpg	0	4	False	0.26533407904207706	0.0008665341883897781	0.2644675448536873	0.05568554752971977	0.2531382255256176	0.09493905305862427	0.26533407904207706	0.06643557478673756	False	True	0.3038194477558136	0.0047383722849190235	0.28326839208602905	0.0646061897277832	0.33395734429359436	0.00961026456207037	True	0.14641183614730835	0.208527073264122	0.16274772584438324	0.18593764305114746	0.05946428328752518	0.23691150546073914
bklbgq	a gnomeelf that my little sister drew for me today	data/processed/pro_fakeddit/images/bklbgq.jpg	0	4	False	0.26199641823768616	0.03505876287817955	0.2269376553595066	0.17793747782707214	0.21427754312753677	0.07013382390141487	0.26199641823768616	0.04871708666905761	False	True	0.22578215599060059	0.17976853251457214	0.22082993388175964	0.03699861466884613	0.3143230080604553	0.022297756746411324	True	0.23040415346622467	0.17244431376457214	0.19462037086486816	0.1695394515991211	0.10501664876937866	0.12797507643699646
7kb0wt	george washington with his wig on	data/processed/pro_fakeddit/images/7kb0wt.jpg	2	0	False	0.25634394213557243	0.0035325996577739716	0.25634394213557243	0.20075266063213348	0.25281134247779846	0.12925952300429344	0.12261485680937767	0.038217680994421244	False	True	0.24464590847492218	0.2208278626203537	0.2518984079360962	0.12062369287014008	0.14365679025650024	0.01834735833108425	True	0.2914380431175232	0.14052705466747284	0.2555501461029053	0.15516701340675354	0.05948905646800995	0.09782864898443222
60pyul	trump warns republican lawmakers to get behind healthcare bill	data/processed/pro_fakeddit/images/60pyul.jpg	0	5	False	0.2550783306360245	0.060273099690675735	0.1781003661453724	0.1273408867418766	0.19480523094534874	0.19330385699868202	0.05137132853269577	0.2550783306360245	False	True	0.16990654170513153	0.11619539558887482	0.20572814345359802	0.19364672899246216	0.05389732867479324	0.2606258690357208	True	0.20268183946609497	0.16077736020088196	0.1620364934206009	0.1922752410173416	0.04379332810640335	0.23843571543693542
3gi68h	us stocks moved sharply higher and kept testing new intraday highs monday buoyed by remarks from one federal reserve official	data/processed/pro_fakeddit/images/3gi68h.jpg	0	3	False	0.254345141351223	0.024530380964279175	0.22981476038694382	0.14341012574732304	0.1955866552889347	0.254345141351223	0.015484866686165333	0.16135841980576515	False	True	0.24615396559238434	0.11725515872240067	0.21635310351848602	0.2772470712661743	0.004174843430519104	0.13881582021713257	True	0.18079714477062225	0.22187502682209015	0.13328731060028076	0.18563935160636902	0.04941493645310402	0.2289862185716629
wvx40	a child plays between two cartoon military statues	data/processed/pro_fakeddit/images/wvx40.jpg	0	1	False	0.2441003955900669	0.003370797261595726	0.2337469346821308	0.2441003955900669	0.24072959832847118	0.03522411757148802	0.20362555608153343	0.04257342731580138	False	True	0.2864992916584015	0.2163398116827011	0.29415786266326904	0.014150473289191723	0.17092357575893402	0.017929034307599068	True	0.07548986375331879	0.3273821473121643	0.0804448053240776	0.09844505041837692	0.30173149704933167	0.11650660634040833
