id	text	image_path	y_true	y_pred	correct	confidence	margin	score_not_humanitarian	score_other_relevant_information	score_rescue_volunteering_or_donation_effort	score_infrastructure_and_utility_damage	score_affected_individuals	score_vehicle_damage	score_injured_or_dead_people	score_missing_or_found_people	_text_was_empty	_image_encoded	score_image_not_humanitarian	score_image_other_relevant_information	score_image_rescue_volunteering_or_donation_effort	score_image_infrastructure_and_utility_damage	score_image_affected_individuals	score_image_vehicle_damage	score_image_injured_or_dead_people	score_image_missing_or_found_people	_text_encoded	score_text_not_humanitarian	score_text_other_relevant_information	score_text_rescue_volunteering_or_donation_effort	score_text_infrastructure_and_utility_damage	score_text_affected_individuals	score_text_vehicle_damage	score_text_injured_or_dead_people	score_text_missing_or_found_people
9,17791E+17	Wildfires raging through Northern California are terrifying	data/processed/pro_crisismmd/images/data_image/california_wildfires/10_10_2017/917791044158185473_0.jpg	other_relevant_information	other_relevant_information	True	0.5223254654556513	0.13119171001017094	0.39113375544548035	0.5223254654556513	0.006217822199687362	0.05098457052372396	0.02640134049579501	0.00014657448718935484	0.002226467593573034	0.0005640078670694493	False	True	0.8185594081878662	0.12148723751306534	0.0026532034389674664	0.011960848234593868	0.03900869935750961	0.0005296380841173232	0.003732105018571019	0.0020689137745648623	True	0.24865853786468506	0.6559382081031799	0.00740602845326066	0.06399247795343399	0.022198887541890144	1.8886621546698734e-05	0.0017245884519070387	6.237256457097828e-05
9,17793E+17	California wildfires destroy more than 50 structures: KAKEnews	data/processed/pro_crisismmd/images/data_image/california_wildfires/10_10_2017/917793137925459968_0.jpg	infrastructure_and_utility_damage	infrastructure_and_utility_damage	True	0.6834084019064903	0.5168909542262554	0.1665174476802349	0.07704643160104752	0.004924090375425294	0.6834084019064903	0.059903394896537066	0.0037838824464415666	0.00423189828870818	0.00018438757615513168	False	True	0.3897905945777893	0.05514463037252426	0.0017116122180595994	0.356449693441391	0.16958904266357422	0.01441389974206686	0.012354590930044651	0.0005458685336634517	True	0.09209306538105011	0.08434703201055527	0.005994916427880526	0.7923946380615234	0.02334151230752468	0.00024054334789980203	0.0015243340749293566	6.389392365235835e-05
9,17793E+17	California wildfires destroy more than 50 structures: KAKEnews	data/processed/pro_crisismmd/images/data_image/california_wildfires/10_10_2017/917793137925459968_1.jpg	infrastructure_and_utility_damage	infrastructure_and_utility_damage	True	0.5951056986232288	0.3424006642890163	0.08073986321687698	0.06370482972124591	0.005045639467425644	0.5951056986232288	0.25270503433421254	0.0001833345731938607	0.0017881861422210932	0.0007273888295458164	False	True	0.046680256724357605	0.0017782228533178568	0.002197808586061001	0.00323888030834496	0.9407956004142761	1.1708249076036736e-05	0.002579742344096303	0.0027178735472261906	True	0.09209306538105011	0.08434703201055527	0.005994916427880526	0.7923946380615234	0.02334151230752468	0.00024054334789980203	0.0015243340749293566	6.389392365235835e-05
9,17793E+17	California wildfires destroy more than 50 structures: KAKEnews	data/processed/pro_crisismmd/images/data_image/california_wildfires/10_10_2017/917793137925459968_2.jpg	infrastructure_and_utility_damage	infrastructure_and_utility_damage	True	0.6150115951895714	0.4277775175869465	0.1872340776026249	0.08697302639484406	0.005471342534292489	0.6150115951895714	0.10295548709109426	0.0002780825052468572	0.0018244790844619274	0.00025185694903484546	False	True	0.47265711426734924	0.09485100954771042	0.0039006208535283804	0.08286246657371521	0.341797411441803	0.00039069997728802264	0.00272491411305964	0.0008157460251823068	True	0.09209306538105011	0.08434703201055527	0.005994916427880526	0.7923946380615234	0.02334151230752468	0.00024054334789980203	0.0015243340749293566	6.389392365235835e-05
9,17794E+17	California wildfire. 4	data/processed/pro_crisismmd/images/data_image/california_wildfires/10_10_2017/917793736918216706_0.jpg	not_humanitarian	not_humanitarian	True	0.670945480465889	0.4419533982872963	0.670945480465889	0.22899208217859268	0.008589715173002332	0.02528593805618584	0.04710170952603221	0.0002420051710032567	0.006172811787109822	0.012670221291500638	False	True	0.6550697088241577	0.1204274594783783	0.003383632516488433	0.003945750184357166	0.14715662598609924	0.0009402605355717242	0.01843348518013954	0.050643108785152435	True	0.6762374043464661	0.2651802897453308	0.010325076058506966	0.03239933401346207	0.013750070706009865	9.25338281376753e-06	0.0020859206560999155	1.2592126950039528e-05
9,17794E+17	Henry Cejudo suffers burns, loses gold medal in California wildfire	data/processed/pro_crisismmd/images/data_image/california_wildfires/10_10_2017/917794024173563904_0.jpg	injured_or_dead_people	injured_or_dead_people	True	0.26194410771131516	0.004646316170692444	0.2572977915406227	0.21413537417538464	0.06530820729676634	0.09945392410736531	0.09442228265106678	0.0013456732413033023	0.26194410771131516	0.006092585041187704	False	True	0.6830598711967468	0.006161880679428577	0.003923533950001001	0.00745741231366992	0.1287146657705307	0.00029690127121284604	0.16491016745567322	0.005475485231727362	True	0.11537709832191467	0.28345987200737	0.08576976507902145	0.1301194280385971	0.08299148827791214	0.0016952638980001211	0.2942887544631958	0.006298284977674484
9,17795E+17	California large wildfire activity for October 10 cawildfires cafires	data/processed/pro_crisismmd/images/data_image/california_wildfires/10_10_2017/917795098523512962_0.jpg	other_relevant_information	other_relevant_information	True	0.9399810284376144	0.9030537479557097	0.036927280481904745	0.9399810284376144	0.0017465982018620707	0.013645336963236332	0.005178996711038053	0.00028355056383588817	0.001787674191291444	0.0004494507220442756	False	True	0.030730856582522392	0.9583485722541809	0.00019295598031021655	0.002875717356801033	0.004383782856166363	0.0010358399013057351	0.0007306646439246833	0.0017015620833262801	True	0.038992755115032196	0.9338585138320923	0.0022644789423793554	0.01723521016538143	0.005444067995995283	3.278745134593919e-05	0.0021400107070803642	3.208026828360744e-05
9,17798E+17	From ScienceNow - Wildfires Running Amok in California NASA wildfires	data/processed/pro_crisismmd/images/data_image/california_wildfires/10_10_2017/917797601763889160_0.jpg	other_relevant_information	other_relevant_information	True	0.6814745664596558	0.412503894418478	0.26897067204117775	0.6814745664596558	0.0029389967676252127	0.033811723813414574	0.009627925464883447	0.0012417628386174329	0.0009217667393386364	0.001012569810882269	False	True	0.1406087428331375	0.8060059547424316	0.0011752445716410875	0.021195992827415466	0.021178314462304115	0.004770506639033556	0.0010548989521339536	0.00401032529771328	True	0.31175798177719116	0.6399641036987305	0.0035269141662865877	0.038016967475414276	0.005777795799076557	6.551490514539182e-05	0.0008773893350735307	1.3317981938598678e-05
9,17798E+17	On today's PNS newscast: deadly wildfires ravage Northern California. Listen now:	data/processed/pro_crisismmd/images/data_image/california_wildfires/10_10_2017/917797763282214913_0.jpg	infrastructure_and_utility_damage	not_humanitarian	False	0.4398069977760315	0.11721511976793408	0.4398069977760315	0.3225918780080974	0.008837013941956684	0.16190625727176666	0.061386536341160536	0.0006707674474455416	0.0044408258982002735	0.0003597063277993584	False	True	0.6628144383430481	0.025270191952586174	0.001001134398393333	0.1425347626209259	0.16142573952674866	0.0022654763888567686	0.003587115090340376	0.001101091387681663	True	0.3654711842536926	0.4216991066932678	0.011448973789811134	0.16836342215538025	0.02804013527929783	0.00013919780030846596	0.004725396167486906	0.00011257797450525686
9,17803E+17	I think Event: Wildfire has occurred in California Tue Oct 10 12:25:03 2017 CDT	data/processed/pro_crisismmd/images/data_image/california_wildfires/10_10_2017/917803185317859329_0.jpg	other_relevant_information	other_relevant_information	True	0.660596426576376	0.3436385691165924	0.31695785745978355	0.660596426576376	0.0003423836642468814	0.01839171815663576	0.0022736574173904955	0.00019094686103926506	0.0010891688580159098	0.00015787116171850357	False	True	0.7292048335075378	0.24218378961086273	0.0006992475246079266	0.02044069953262806	0.005591140128672123	0.0005227621295489371	0.0009788571624085307	0.0003786686575040221	True	0.1795421987771988	0.8000673055648804	0.00022342904412653297	0.01770872436463833	0.0011678298469632864	8.034177153604105e-05	0.0011259394232183695	8.427199645666406e-05
9,17809E+17	Hundreds more firefighters deploy to battle deadly wildfires in California	data/processed/pro_crisismmd/images/data_image/california_wildfires/10_10_2017/917809119310041089_0.jpg	rescue_volunteering_or_donation_effort	rescue_volunteering_or_donation_effort	True	0.3375762468203902	0.051653618924319744	0.2859226278960705	0.13536688592284918	0.3375762468203902	0.07891413569450378	0.14638471230864525	0.002375027815105568	0.012784025399014354	0.000676338626362849	False	True	0.5683984756469727	0.022261615842580795	0.01438349112868309	0.1985691338777542	0.17547696828842163	0.009398316964507103	0.009846609085798264	0.0016653640195727348	True	0.1917640119791031	0.17306864261627197	0.4453071653842926	0.039029136300086975	0.1366872936487198	3.3931431971723214e-05	0.013763164170086384	0.0003466634952928871
9,17811E+17	Deadly wildfires threaten thousands of acres of pot farms in California	data/processed/pro_crisismmd/images/data_image/california_wildfires/10_10_2017/917810972479381504_0.jpg	infrastructure_and_utility_damage	other_relevant_information	False	0.37528384709730744	0.1358183124102652	0.23946553468704224	0.37528384709730744	0.0258485721424222	0.12840215070173144	0.22124295681715012	0.0006008225209370721	0.008100048056803644	0.0010561549715930596	False	True	0.35609111189842224	0.010532865300774574	0.00455871969461441	0.016705824062228203	0.5956457853317261	0.0019218248780816793	0.01291944645345211	0.0016244635917246342	True	0.2005903422832489	0.49686750769615173	0.032945189625024796	0.16563425958156586	0.09644201397895813	0.0001604884018888697	0.006493581924587488	0.0008667187648825347
9,17815E+17	Photos of California's destructive wildfires, via :	data/processed/pro_crisismmd/images/data_image/california_wildfires/10_10_2017/917815040962695168_2.jpg	infrastructure_and_utility_damage	not_humanitarian	False	0.6973471194505692	0.5123060869518667	0.6973471194505692	0.09570108260959387	0.0036340557780931704	0.1850410324987024	0.013992472435347736	0.00018589614228403661	0.004069664777489379	2.8647733643083484e-05	False	True	0.966006338596344	0.022359337657690048	0.0003189199778717011	0.0028944751247763634	0.006842365022748709	0.0004375871503725648	0.0010622163536027074	7.874724542489275e-05	True	0.6077940464019775	0.12014833092689514	0.00473910104483366	0.24575655162334442	0.016375841572880745	0.00010199913958786055	0.005072147585451603	1.1947896382480394e-05
9,17816E+17	Watch California's wine-country wildfires spread in these incredible new images from space	data/processed/pro_crisismmd/images/data_image/california_wildfires/10_10_2017/917816344061542401_0.jpg	other_relevant_information	other_relevant_information	True	0.7562463581562042	0.6150860898196697	0.1411602683365345	0.7562463581562042	0.006730575696565211	0.07452338025905192	0.01979962387122214	0.00036913871508659213	0.0008182755118468776	0.00035240510624134913	False	True	0.08035250008106232	0.8950886726379395	0.0004367656074464321	0.010043405927717686	0.011109703220427036	0.0014000085648149252	0.0006563347415067255	0.0009126342483796179	True	0.1614295244216919	0.7099655866622925	0.008828512392938137	0.09601670503616333	0.02269626408815384	2.551543184381444e-05	0.0008722557686269283	0.0001656620588619262
9,17817E+17	Wildfires sweep through California wine country	data/processed/pro_crisismmd/images/data_image/california_wildfires/10_10_2017/917817013409583106_0.jpg	infrastructure_and_utility_damage	other_relevant_information	False	0.3786774845793843	0.014172074384987354	0.364505410194397	0.3786774845793843	0.018672670994419605	0.08205913007259369	0.14959187246859074	0.0006378290736392955	0.005300583550706506	0.0005549782290472649	False	True	0.4348176419734955	0.051897693425416946	0.003372562350705266	0.06821810454130173	0.42905405163764954	0.002377666998654604	0.008420088328421116	0.001842115307226777	True	0.34106799960136414	0.4876040816307068	0.02377270720899105	0.08667280524969101	0.056437812745571136	5.788309863419272e-05	0.004260748624801636	0.00012593253632076085
9,17819E+17	California wildfires hit wine country, burning hotels and threatening vineyards	data/processed/pro_crisismmd/images/data_image/california_wildfires/10_10_2017/917818995377569793_0.jpg	infrastructure_and_utility_damage	infrastructure_and_utility_damage	True	0.32432302832603455	0.05957610346376896	0.2583637647330761	0.2647469248622656	0.013589742680778727	0.32432302832603455	0.11527275666594505	0.013137922349415021	0.009428477846086025	0.0011373545348760672	False	True	0.1339854747056961	0.031533919274806976	0.0016114528989419341	0.46492353081703186	0.283951997756958	0.05207440257072449	0.027774550020694733	0.004144720733165741	True	0.29982319474220276	0.34248459339141846	0.01758250594139099	0.2774561941623688	0.059046342968940735	0.00015909560897853225	0.0033131204545497894	0.00013489913544617593
9,17821E+17	Thinking of all my California loved ones, friends and colleagues. Please be safe. wildfires	data/processed/pro_crisismmd/images/data_image/california_wildfires/10_10_2017/917821459321556992_0.jpg	not_humanitarian	not_humanitarian	True	0.9487596303224564	0.9263328230008483	0.9487596303224564	0.015537346946075559	0.004902272950857878	0.003928956430172548	0.022426807321608067	0.0003344961422584447	0.001639121095649898	0.0024713624588912353	False	True	0.9110011458396912	0.023359110578894615	0.004855378996580839	0.013211902230978012	0.033887363970279694	0.0013374403351917863	0.00473762396723032	0.007609928492456675	True	0.9613457918167114	0.01293009240180254	0.004917904268950224	0.0008346411632373929	0.018606621772050858	1.8141128066417878e-07	0.0006062868051230907	0.0007585071143694222
9,17822E+17	This viral before-and-after photo shows the harrowing damage of California wildfires	data/processed/pro_crisismmd/images/data_image/california_wildfires/10_10_2017/917822041079861248_0.jpg	infrastructure_and_utility_damage	infrastructure_and_utility_damage	True	0.440908744931221	0.19247689098119736	0.24843185395002365	0.18225960060954094	0.0035766609507845715	0.440908744931221	0.1216984037309885	0.0008848189463606104	0.0017148957849713042	0.0005249921487120446	False	True	0.30049699544906616	0.09698233008384705	0.0006614963640458882	0.31897297501564026	0.2792522609233856	0.0026893073227256536	0.0007395651773549616	0.0002050731418421492	True	0.23107680678367615	0.2106853574514389	0.004548382479697466	0.4815540015697479	0.0691804513335228	0.000283322820905596	0.002040005987510085	0.0006316318176686764
9,17823E+17	(Radio Reports On California Wildfires) -	data/processed/pro_crisismmd/images/data_image/california_wildfires/10_10_2017/917822562259931137_0.jpg	not_humanitarian	other_relevant_information	False	0.50611162930727	0.14778880029916763	0.3583228290081024	0.50611162930727	0.008300585788674653	0.06820499897003174	0.04649566765874624	0.005343990796518483	0.006116582429967821	0.0011037019176001195	False	True	0.0943167507648468	0.6462423205375671	0.011847035028040409	0.07690563797950745	0.13825811445713043	0.021286344155669212	0.006990564521402121	0.0041532670147717	True	0.4463248550891876	0.459401398897171	0.0071184360422194	0.06530478596687317	0.01590818539261818	2.9873010134906508e-05	0.005825255066156387	8.718021854292601e-05
9,17825E+17	Map of winecountryfire spread across Northern California.	data/processed/pro_crisismmd/images/data_image/california_wildfires/10_10_2017/917825135884738560_0.jpg	other_relevant_information	other_relevant_information	True	0.9178226143121719	0.889006691519171	0.022156316845212132	0.9178226143121719	0.004846506664762273	0.018780625658109784	0.028815922793000937	0.0012623040302059962	0.005457481602206826	0.0008582952141296118	False	True	0.08403988927602768	0.7794677019119263	0.0012042314046993852	0.039307158440351486	0.08623762428760529	0.0048979585990309715	0.0021122870966792107	0.002733121858909726	True	0.0015284593682736158	0.9639409184455872	0.0060605984181165695	0.011938448064029217	0.00967535562813282	5.041917393100448e-05	0.006572546437382698	0.00023335299920290709
9,17825E+17	JUST IN: President Trump approves California disaster declaration for areas affected by wildfires	data/processed/pro_crisismmd/images/data_image/california_wildfires/10_10_2017/917825152636907523_0.jpg	not_humanitarian	other_relevant_information	False	0.5168131291866302	0.19155461341142654	0.3252585157752037	0.5168131291866302	0.017220736190211028	0.03515709284693003	0.10023834742605686	0.0008652213248865337	0.0031664924463257194	0.0012804571269953158	False	True	0.20349299907684326	0.6586913466453552	0.002688775537535548	0.06361120939254761	0.06012775003910065	0.003455153666436672	0.00321663124486804	0.004716122522950172	True	0.36584702134132385	0.4695203900337219	0.022064723074436188	0.025672387331724167	0.11360854655504227	1.9105443698208546e-06	0.003149779513478279	0.0001352353283436969
9,17825E+17	Olympic champion loses gold medal escaping California fire, report says	data/processed/pro_crisismmd/images/data_image/california_wildfires/10_10_2017/917825267136995328_0.jpg	not_humanitarian	not_humanitarian	True	0.5189515054225922	0.39988317317329347	0.5189515054225922	0.08273895794991404	0.06294372782576829	0.08933594368863851	0.11906833224929869	0.00012472746311686933	0.033629181794822216	0.09320760541595519	False	True	0.9528191089630127	0.006295172963291407	0.004017990548163652	0.004139293450862169	0.010035396553575993	0.00038352125557139516	0.011622738093137741	0.010686741210520267	True	0.37432897090911865	0.10822021961212158	0.0825856402516365	0.11773482710123062	0.15541264414787292	3.846286563202739e-05	0.04096466302871704	0.12071456015110016
9,17827E+17	California is really on fire 5 somthing ain't right 2 Pray4California	data/processed/pro_crisismmd/images/data_image/california_wildfires/10_10_2017/917826948625088512_0.jpg	other_relevant_information	not_humanitarian	False	0.7230226248502731	0.51137057505548	0.7230226248502731	0.21165204979479313	0.0016258092364296317	0.00990704883588478	0.01883627870120108	0.00013803808860757272	0.005579322925768793	0.02923887721453866	False	True	0.17214566469192505	0.6569969654083252	0.0013653681380674243	0.002823521150276065	0.040686070919036865	0.000499350659083575	0.00857540313154459	0.11690771579742432	True	0.9066482782363892	0.06320374459028244	0.0017126229358837008	0.012268224731087685	0.011553014628589153	1.7600565115571953e-05	0.004580629523843527	1.5931020243442617e-05
9,17827E+17	California Wildfires: How Climate Change Could Make The Problem Worse	data/processed/pro_crisismmd/images/data_image/california_wildfires/10_10_2017/917827102308671488_0.jpg	not_humanitarian	other_relevant_information	False	0.42868468165397644	0.010059699416160583	0.41862498223781586	0.42868468165397644	0.005999919027090073	0.08967849798500538	0.044989919289946556	0.006109830036166386	0.0007822417828720063	0.005129829145516851	False	True	0.30858248472213745	0.41775941848754883	0.010578827001154423	0.10814479738473892	0.10847046971321106	0.02438381128013134	0.001605021534487605	0.020475169643759727	True	0.455305814743042	0.43232643604278564	0.004473616369068623	0.08352306485176086	0.023829735815525055	1.850295484473463e-05	0.0005079818656668067	1.4715646102558821e-05
9,17827E+17	GoFundMe: How to Immediately Help Those Impacted by the California Wildfires webdesign	data/processed/pro_crisismmd/images/data_image/california_wildfires/10_10_2017/917827226372132864_0.jpg	not_humanitarian	not_humanitarian	True	0.5212063584476709	0.18665585480630398	0.5212063584476709	0.027850429993122816	0.11059071682393551	0.0031083350477274507	0.33455050364136696	5.620084590418628e-05	0.0015879803249845281	0.0010494942835066468	False	True	0.05745486170053482	0.007978959009051323	0.12588408589363098	0.001201043021865189	0.8011006116867065	0.00021481375733856112	0.005491588264703751	0.000674051814712584	True	0.6757901906967163	0.03447425365447998	0.10549292713403702	0.0037440990563482046	0.1790338009595871	3.329875426061335e-06	0.00028677767841145396	0.0011746417731046677
9,17828E+17	Why California's wildfires are worse in the fall.	data/processed/pro_crisismmd/images/data_image/california_wildfires/10_10_2017/917828283047260161_0.jpg	other_relevant_information	not_humanitarian	False	0.5534193962812424	0.19638309627771378	0.5534193962812424	0.3570363000035286	0.0033008302380039822	0.06719683646224439	0.017426815698854625	0.00033061652447941015	0.0010888297983910888	0.00020038833645230625	False	True	0.5577960014343262	0.42575424909591675	0.00024290654982905835	0.01127742137759924	0.0025481856428086758	0.0012612725840881467	0.0003729516174644232	0.000747036945540458	True	0.5519605278968811	0.33413031697273254	0.00432013813406229	0.08583664149045944	0.02238635905086994	2.0397837943164632e-05	0.0013274558586999774	1.8172133422922343e-05
9,17828E+17	Why California's wildfires are worse in the fall.	data/processed/pro_crisismmd/images/data_image/california_wildfires/10_10_2017/917828283047260161_2.jpg	other_relevant_information	other_relevant_information	True	0.46629149466753006	0.027097366750240326	0.43919412791728973	0.46629149466753006	0.003529799432726577	0.06758317514322698	0.02091665333136916	0.000770287188970542	0.0011969403713010252	0.000517545684488141	False	True	0.10089492797851562	0.8627750277519226	0.0011587833287194371	0.012822776101529598	0.01650753617286682	0.0030199552420526743	0.0008053939091041684	0.002015666337683797	True	0.5519605278968811	0.33413031697273254	0.00432013813406229	0.08583664149045944	0.02238635905086994	2.0397837943164632e-05	0.0013274558586999774	1.8172133422922343e-05
9,17829E+17	Wildfires have ravaged areas all across California, destroying over 1500 properties	data/processed/pro_crisismmd/images/data_image/california_wildfires/10_10_2017/917828826083840000_0.jpg	infrastructure_and_utility_damage	infrastructure_and_utility_damage	True	0.37171569373458624	0.07122089108452201	0.2741099912673235	0.30049480265006423	0.0019525736570358276	0.37171569373458624	0.04946219362318516	0.0003974971368734259	0.0016065726813394576	0.00026069577506859787	False	True	0.8490631580352783	0.013851186260581017	0.0007797316648066044	0.04515272006392479	0.08572372049093246	0.001389377866871655	0.0030877594836056232	0.0009523635380901396	True	0.08245893567800522	0.39604267477989197	0.002343520987778902	0.4805700182914734	0.03737501800060272	6.687022687401623e-05	0.0011128437472507358	3.013985406141728e-05
9,17829E+17	Cities in Southern California can't escape the fire at their door.	data/processed/pro_crisismmd/images/data_image/california_wildfires/10_10_2017/917829232423731200_0.png	other_relevant_information	not_humanitarian	False	0.6477374136447906	0.474193062633276	0.6477374136447906	0.17354435101151466	0.0037218059587758034	0.10198598518036306	0.07195542566478252	0.0002051144817869499	0.0007904889789642766	5.940098162682261e-05	False	True	0.581066370010376	0.2879360616207123	0.00043431937228888273	0.015592730604112148	0.11274587363004684	0.0008018771768547595	0.0012667113915085793	0.0001560628297738731	True	0.6699610948562622	0.1354137808084488	0.00481763482093811	0.13078373670578003	0.058358609676361084	6.193583431013394e-06	0.0006317481747828424	2.7180365577805787e-05
9,1783E+17	Our hearts are with all those affected by the devastating wildfires in our home state of California.	data/processed/pro_crisismmd/images/data_image/california_wildfires/10_10_2017/917829763812618240_0.jpg	not_humanitarian	not_humanitarian	True	0.7721344530582428	0.6007099319249392	0.7721344530582428	0.01858588116010651	0.015966116916388273	0.008875664556398988	0.17142452113330364	8.320672719719369e-06	0.0008462064142804593	0.012158843310317025	False	True	0.5494495034217834	0.0020701733883470297	0.009485870599746704	0.0022114375606179237	0.3880879282951355	2.816732376231812e-05	0.0004796637804247439	0.04818728193640709	True	0.8463627696037292	0.024091117084026337	0.018126199021935463	0.011097073554992676	0.09920338541269302	1.7051223721864517e-06	0.0009683872922323644	0.00014936376828700304
9,1783E+17	Playing with my new friend, Chai. She's a California fire evacuee starting with us for a few days. I her!	data/processed/pro_crisismmd/images/data_image/california_wildfires/10_10_2017/917830092620836864_0.jpg	not_humanitarian	not_humanitarian	True	0.4539886340498924	0.04129390325397253	0.4539886340498924	0.07263654144480824	0.035624835902126506	0.003055018692975864	0.4126947307959199	0.00030738435737021064	0.004091726543265395	0.017601070110686123	False	True	0.9023613333702087	0.007080884650349617	0.0012867386685684323	0.007661681156605482	0.024444911628961563	0.0012183620128780603	0.0009402927826158702	0.055005770176649094	True	0.304531067609787	0.09448842704296112	0.04707086831331253	0.0015194645384326577	0.542111337184906	3.725138867594069e-06	0.005142204463481903	0.005132836755365133
9,1783E+17	Playing with my new friend, Chai. She's a California fire evacuee starting with us for a few days. I her!	data/processed/pro_crisismmd/images/data_image/california_wildfires/10_10_2017/917830092620836864_1.jpg	not_humanitarian	not_humanitarian	True	0.45813166350126266	0.04146198369562626	0.45813166350126266	0.07385235861875117	0.036646186956204474	0.003802593069849536	0.4166696798056364	0.0005435200320107469	0.0048759946366772056	0.005477964878082275	False	True	0.9189334511756897	0.011944153346121311	0.005372142884880304	0.01065197866410017	0.040344707667827606	0.0021629047114402056	0.004077365156263113	0.006513349246233702	True	0.304531067609787	0.09448842704296112	0.04707086831331253	0.0015194645384326577	0.542111337184906	3.725138867594069e-06	0.005142204463481903	0.005132836755365133
9,1783E+17	Playing with my new friend, Chai. She's a California fire evacuee starting with us for a few days. I her!	data/processed/pro_crisismmd/images/data_image/california_wildfires/10_10_2017/917830092620836864_2.jpg	not_humanitarian	not_humanitarian	True	0.4601810798048973	0.044599929824471474	0.4601810798048973	0.0728015418862924	0.03733444772660732	0.0024681824434082955	0.41558114998042583	0.00024395036155056005	0.0041242958686780185	0.007265283609740436	False	True	0.9271311163902283	0.00774088641628623	0.0081251859664917	0.005314336158335209	0.03599058836698532	0.000964626029599458	0.0010705700842663646	0.013662624172866344	True	0.304531067609787	0.09448842704296112	0.04707086831331253	0.0015194645384326577	0.542111337184906	3.725138867594069e-06	0.005142204463481903	0.005132836755365133
9,1783E+17	Playing with my new friend, Chai. She's a California fire evacuee starting with us for a few days. I her!	data/processed/pro_crisismmd/images/data_image/california_wildfires/10_10_2017/917830092620836864_3.jpg	not_humanitarian	not_humanitarian	True	0.4428664371371269	0.01377536915242672	0.4428664371371269	0.07332493970170617	0.03710354259237647	0.0034905972133856267	0.4290910679847002	0.00012539828014723753	0.003952595630835276	0.010045362287200987	False	True	0.8578725457191467	0.009834477677941322	0.007201565429568291	0.009403995238244534	0.0900302603840828	0.0004904177039861679	0.00038376913289539516	0.02478293888270855	True	0.304531067609787	0.09448842704296112	0.04707086831331253	0.0015194645384326577	0.542111337184906	3.725138867594069e-06	0.005142204463481903	0.005132836755365133
9,1783E+17	HOW MANY FIRE FIGHTERS ARE ILLEGAL ALIENS IN CALIFORNIA? JERRY BROWN? USE YOU DEAR LOVED CITIZENS.	data/processed/pro_crisismmd/images/data_image/california_wildfires/10_10_2017/917830113529618433_0.jpg	not_humanitarian	not_humanitarian	True	0.7822878956794739	0.6961319164838642	0.7822878956794739	0.011990888102445751	0.08615597919560969	0.002362269879085943	0.07524635968729854	6.76288296972416e-05	0.040236685425043106	0.0016522237856406718	False	True	0.9473181366920471	0.0025384847540408373	0.011821256019175053	0.005120324902236462	0.02494334988296032	0.00025811797240749	0.004899799823760986	0.003100473200902343	True	0.7272778153419495	0.015141689218580723	0.11093422025442123	0.001442918204702437	0.09201402962207794	4.132448793825461e-06	0.052015647292137146	0.0011694739805534482
9,17832E+17	Calistoga Fire tubbsfire napafire ABC7now kron4news fire california napa	data/processed/pro_crisismmd/images/data_image/california_wildfires/10_10_2017/917832022017445888_1.jpg	not_humanitarian	not_humanitarian	True	0.43777938932180405	0.13208376988768578	0.43777938932180405	0.30569561943411827	0.04024932594620623	0.10465855337679386	0.08618394215591252	0.009189071133732796	0.014123736516921781	0.0021203808901191223	False	True	0.8597716689109802	0.07230980694293976	0.0015811274060979486	0.036861859261989594	0.015325990505516529	0.013192427344620228	0.0007634036592207849	0.00019378688011784106	True	0.297115296125412	0.3834908902645111	0.05313872545957565	0.12725745141506195	0.10980325937271118	0.007854619063436985	0.018577180802822113	0.0027625788934528828
9,17834E+17	California has a large Mediterranean climate ... a setup for wildfires. (Photo: PRISM climate group)	data/processed/pro_crisismmd/images/data_image/california_wildfires/10_10_2017/917833777812066304_0.jpg	other_relevant_information	other_relevant_information	True	0.826712928712368	0.6720421593636274	0.15467076934874058	0.826712928712368	0.001724534676213807	0.009123184601776302	0.007284929684828967	0.0001805703759600874	0.00029126412118785083	1.1785690276155947e-05	False	True	0.5248043537139893	0.4693050682544708	5.553572918870486e-05	0.002057457808405161	0.002814309438690543	0.0006007745978422463	0.0003527473018039018	9.675304681877606e-06	True	0.031292907893657684	0.9458488821983337	0.0022808676585555077	0.011478426866233349	0.008775136433541775	4.0502301999367774e-05	0.0002707697276491672	1.2489152140915394e-05
9,17834E+17	Satellite image of California last night. Those aren't lights. They're wildfires.	data/processed/pro_crisismmd/images/data_image/california_wildfires/10_10_2017/917833987824979968_0.jpg	other_relevant_information	other_relevant_information	True	0.7948393076658249	0.6406465582549572	0.1541927494108677	0.7948393076658249	0.00565754649869632	0.02513928897678852	0.013122551376000047	0.0014038795543456217	0.004906911664875224	0.0007378367008641362	False	True	0.2094283401966095	0.7266805768013	0.0008890895987860858	0.04535987600684166	0.009301993995904922	0.005518491379916668	0.0011205273913219571	0.0017011503223329782	True	0.13578088581562042	0.8175588846206665	0.007247032131999731	0.01839909330010414	0.014396070502698421	3.234227915527299e-05	0.006169039756059647	0.0004167321603745222
9,17835E+17	Fire swept through Northern California early Monday morning.	data/processed/pro_crisismmd/images/data_image/california_wildfires/10_10_2017/917834628290920448_0.jpg	infrastructure_and_utility_damage	other_relevant_information	False	0.5535352802835405	0.3750373995862901	0.17849788069725037	0.5535352802835405	0.00794428016524762	0.1176942028105259	0.13186219707131386	0.005046947273513069	0.004890671407338232	0.0005286084051476792	False	True	0.30787575244903564	0.013299932703375816	0.005847275722771883	0.16555246710777283	0.47159889340400696	0.01979980245232582	0.015671299770474434	0.0003545238287188113	True	0.13537192344665527	0.7336137294769287	0.008643281646072865	0.10174144804477692	0.018616631627082825	0.00012932888057548553	0.0012971286196261644	0.0005866365972906351
9,17836E+17	Striking satellite images show smoke, heat from California wildfires	data/processed/pro_crisismmd/images/data_image/california_wildfires/10_10_2017/917836387155677185_0.jpg	other_relevant_information	other_relevant_information	True	0.7987594604492188	0.6285934653133154	0.17016599513590336	0.7987594604492188	0.0020547606836771592	0.02326314861420542	0.0047325113555416465	0.0002326884000467544	0.0004889991687377915	0.0003023589033546159	False	True	0.11820117384195328	0.8667693734169006	0.0005694175488315523	0.005247744265943766	0.007207952439785004	0.0008828239515423775	0.00015350751345977187	0.0009679027134552598	True	0.18748760223388672	0.7760894894599915	0.0025498750619590282	0.029268283396959305	0.003907364327460527	1.597654954821337e-05	0.0006008297204971313	8.051096665440127e-05
9,17838E+17	Before and after photos show destruction caused by California wildfires	data/processed/pro_crisismmd/images/data_image/california_wildfires/10_10_2017/917837517562445824_0.jpg	infrastructure_and_utility_damage	infrastructure_and_utility_damage	True	0.6347412541508675	0.46090602688491344	0.09051640331745148	0.17383522726595402	0.002447711944114417	0.6347412541508675	0.09406706877052784	0.0023013332465779968	0.0016626208234811202	0.00042833623228943907	False	True	0.12271178513765335	0.11301258951425552	0.0011424762196838856	0.4522460997104645	0.29757165908813477	0.008180188946425915	0.0038389312103390694	0.0012962381588295102	True	0.07978460937738419	0.19410943984985352	0.002882790518924594	0.6955729722976685	0.02623220533132553	0.0003417146799620241	0.0009371840278618038	0.00013903559010941535
9,1784E+17	From NOAANow - VIIRS Data Captures Raging Wildfires in California | NOAA	data/processed/pro_crisismmd/images/data_image/california_wildfires/10_10_2017/917840110296752134_0.jpg	other_relevant_information	other_relevant_information	True	0.931848406791687	0.8918520921142772	0.03999631467740983	0.931848406791687	0.0011862145329359919	0.021823070710524917	0.002526117517845705	0.001379437802825123	0.0009214176025125198	0.00031899140776658896	False	True	0.14198778569698334	0.8368180990219116	0.0006434965180233121	0.01064211968332529	0.005993898492306471	0.002423722529783845	0.00035807231324724853	0.001132769393734634	True	0.0059991576708853245	0.9635251760482788	0.0013671205379068851	0.025550054386258125	0.0013701905263587832	0.0010313428938388824	0.0011091993656009436	4.773207911057398e-05
9,17841E+17	Classless Trump Insults California By Sending Warm Respects During Wildfire Resist (Z	data/processed/pro_crisismmd/images/data_image/california_wildfires/10_10_2017/917840814285443072_0.jpg	not_humanitarian	not_humanitarian	True	0.6189649552106857	0.4521128460764885	0.6189649552106857	0.09932408150052652	0.024751238990575075	0.032707363832741976	0.16685210913419724	0.0001367720396956429	0.0306669594720006	0.026596474679536186	False	True	0.48837530612945557	0.003781707724556327	0.029454287141561508	0.003077862784266472	0.26342305541038513	0.0005334331654012203	0.1066100001335144	0.10474428534507751	True	0.6624948382377625	0.13117153942584991	0.023183556273579597	0.04258386418223381	0.13466179370880127	4.551664460450411e-06	0.0053526125848293304	0.0005472044576890767
9,17843E+17	We are only One hour away from our live updates for the wildfires/brush fires in California	data/processed/pro_crisismmd/images/data_image/california_wildfires/10_10_2017/917843187187814400_0.jpg	not_humanitarian	other_relevant_information	False	0.5964528396725655	0.2601797506213188	0.33627308905124664	0.5964528396725655	0.004858710628468543	0.009416141780093312	0.021640288643538952	0.00016307207908994314	0.0005982487928122282	0.030597557699366007	False	True	0.3539844751358032	0.4560790956020355	0.008988368324935436	0.011163825169205666	0.046505335718393326	0.0006457845447584987	0.0012678018538281322	0.12136531621217728	True	0.3303692936897278	0.6432440876960754	0.003482158062979579	0.008833580650389194	0.013351939618587494	2.1679238670913037e-06	0.0003750644391402602	0.0003416381950955838
9,17844E+17	Climatologist explains why 'the conditions are primed for fire' in California	data/processed/pro_crisismmd/images/data_image/california_wildfires/10_10_2017/917844462662967297_0.jpg	not_humanitarian	other_relevant_information	False	0.8193017989397049	0.6722108330577612	0.1470909658819437	0.8193017989397049	0.0016050818103394704	0.025568594748619944	0.006148239539470524	9.067872156265366e-06	0.00022172116950969212	5.450131448014872e-05	False	True	0.05676903575658798	0.9403279423713684	6.278011278482154e-05	0.0016518107149749994	0.0010249100159853697	1.3813681107421871e-05	8.480534597765654e-05	6.489304360002279e-05	True	0.17719827592372894	0.7789597511291504	0.00211918237619102	0.03354085609316826	0.007856016047298908	7.485935839213198e-06	0.000267359777353704	5.103740477352403e-05
9,17844E+17	MMA Fighter Suffers Burns Escaping California Fire, Lose His Olympic Gold Medal mma ufc	data/processed/pro_crisismmd/images/data_image/california_wildfires/10_10_2017/917844475686162437_0.jpg	not_humanitarian	not_humanitarian	True	0.29033084958791733	0.04588854406028986	0.29033084958791733	0.18163836072199047	0.09328369610011578	0.06190523348050192	0.07526126829907298	0.00020695872444775887	0.24444230552762747	0.05293129850178957	False	True	0.7585899829864502	0.011031451635062695	0.06361009925603867	0.0026845571119338274	0.022067038342356682	0.0003683257382363081	0.04411819204688072	0.0975303128361702	True	0.13424447178840637	0.23850733041763306	0.10317489504814148	0.08164545893669128	0.09299267828464508	0.0001531697198515758	0.3112170100212097	0.03806496039032936
9,17845E+17	Aftermath of a Fire La Honda California USA 1976jt blackandwhitephotography	data/processed/pro_crisismmd/images/data_image/california_wildfires/10_10_2017/917844519890153472_0.jpg	other_relevant_information	vehicle_damage	False	0.601344714872539	0.44546789607557	0.15587681879696902	0.0060882894322276115	0.0018993721314473078	0.14856161409989	0.013359469099668786	0.601344714872539	0.07191663491539657	0.0009531027644698042	False	True	0.6222783923149109	0.0020903395488858223	0.007168530486524105	0.0220803115516901	0.04843146726489067	0.02166251465678215	0.2726420760154724	0.003646364202722907	True	0.00040962762432172894	0.007420939393341541	0.00014298601308837533	0.1907220482826233	0.0016688030445948243	0.794572114944458	0.005008154548704624	5.534895171876997e-05
9,17846E+17	Photos show how wildfires are ravaging parts of California's wine country	data/processed/pro_crisismmd/images/data_image/california_wildfires/10_10_2017/917846485965959168_0.jpg	infrastructure_and_utility_damage	other_relevant_information	False	0.4188528172671795	0.1808699667453766	0.2379828505218029	0.4188528172671795	0.01000813883729279	0.1984230950474739	0.12436381541192532	0.0031718240279587917	0.005088812205940485	0.00210863795291516	False	True	0.48843714594841003	0.15433822572231293	0.0105500603094697	0.028930485248565674	0.294948011636734	0.01160860899835825	0.0034414022229611874	0.00774612370878458	True	0.15449808537960052	0.507024347782135	0.009827498346567154	0.25492063164711	0.06750241667032242	0.0003595623711589724	0.005637948866933584	0.0002294760342920199
9,17848E+17	Thousands evacuate as wildfires burn up homes and businesses in California	data/processed/pro_crisismmd/images/data_image/california_wildfires/10_10_2017/917848283120394241_0.jpg	rescue_volunteering_or_donation_effort	not_humanitarian	False	0.35068169981241226	0.09085487574338913	0.35068169981241226	0.25982682406902313	0.03280142624862492	0.20161675551207736	0.15044743882026523	0.0001207606983371079	0.00415812834398821	0.0003469892108114436	False	True	0.942587673664093	0.03021422028541565	0.012997032143175602	0.0029109970200806856	0.007265118416398764	6.951391696929932e-05	0.003359745955094695	0.0005957819521427155	True	0.15337970852851868	0.33636435866355896	0.03940289095044136	0.2678520083427429	0.1981748789548874	0.0001378429587930441	0.004424255806952715	0.000264058297034353
9,17848E+17	The California wildfires seen yesterday from space via .	data/processed/pro_crisismmd/images/data_image/california_wildfires/10_10_2017/917848318595751936_0.jpg	not_humanitarian	other_relevant_information	False	0.9024854898452759	0.8260383289307356	0.07644716091454029	0.9024854898452759	0.0036338778445497155	0.009443145943805575	0.0065418352605775	0.00019138289007969433	0.0008642203902127221	0.00039288799962378107	False	True	0.14430466294288635	0.8349161744117737	0.0011314176954329014	0.006633514538407326	0.010973645374178886	0.0006593549042008817	0.0002728878171183169	0.0011084446450695395	True	0.05382799357175827	0.9250085949897766	0.0044680312275886536	0.010379689745604992	0.005064565222710371	3.5392218705965206e-05	0.0010613312479108572	0.00015436911780852824
9,1785E+17	MMA Fighter Breaks Ankle Escaping California Fire, Upcoming UFC Bout in Doubt	data/processed/pro_crisismmd/images/data_image/california_wildfires/10_10_2017/917849898963349510_0.jpg	not_humanitarian	not_humanitarian	True	0.32061227411031723	0.10729201813228428	0.32061227411031723	0.21332025597803295	0.10854260437190533	0.04081232502358034	0.10545022366568446	0.00019118676573270932	0.1257428890094161	0.08532822877168655	False	True	0.7585899829864502	0.011031451635062695	0.06361009925603867	0.0026845571119338274	0.022067038342356682	0.0003683257382363081	0.04411819204688072	0.0975303128361702	True	0.17461970448493958	0.2807498574256897	0.12352010607719421	0.05352158099412918	0.1332446187734604	0.00013214044156484306	0.15295112133026123	0.08126086741685867
9,1785E+17	The world's only 747 supertanker is fighting California's wildfires right now.	data/processed/pro_crisismmd/images/data_image/california_wildfires/10_10_2017/917850123543171073_0.jpg	rescue_volunteering_or_donation_effort	other_relevant_information	False	0.3308757832273841	0.0048894016072154045	0.3259863816201687	0.3308757832273841	0.14621945738326758	0.02326628938317299	0.14768052333965898	0.00019267954121460207	0.011890684487298131	0.013888203829992563	False	True	0.9095886945724487	0.04625227674841881	0.006984274368733168	0.008001754060387611	0.020793089643120766	0.00027958740247413516	0.004780705086886883	0.0033196110744029284	True	0.131452277302742	0.4257502853870392	0.19263118505477905	0.028354467824101448	0.18997633457183838	0.00016371025412809104	0.014260677620768547	0.017411068081855774
9,17851E+17	Time-lapse video shows Northern California wildfire smoke in SF Bay.	data/processed/pro_crisismmd/images/data_image/california_wildfires/10_10_2017/917851111406604288_0.jpg	not_humanitarian	other_relevant_information	False	0.722539447247982	0.5716425799764693	0.15089686727151275	0.722539447247982	0.0024636757443659008	0.10470444429665804	0.0149037956725806	0.0010096478799823672	0.0007601956749567762	0.002721911107073538	False	True	0.5321611762046814	0.14891907572746277	0.0007513938471674919	0.2873283922672272	0.016926180571317673	0.003557376330718398	0.0009128425735980272	0.009443506598472595	True	0.023808764293789864	0.9137462377548218	0.0030344363767653704	0.043829794973134995	0.014229667373001575	0.00016040506307035685	0.0007093133754096925	0.0004813792766071856
9,17852E+17	California's wildfires gave Disneyland an apocalyptic glow	data/processed/pro_crisismmd/images/data_image/california_wildfires/10_10_2017/917851589053943813_0.jpg	not_humanitarian	not_humanitarian	True	0.37681277468800545	0.10565507970750332	0.37681277468800545	0.27115769498050213	0.016445017827209085	0.25088527239859104	0.07428670022636652	0.0018612148123793304	0.0065384869812987745	0.002012796263443306	False	True	0.785159707069397	0.11778687685728073	0.0021871363278478384	0.038944341242313385	0.042435940355062485	0.006464770995080471	0.0024185439106076956	0.004602642729878426	True	0.24069713056087494	0.3222813010215759	0.021197644993662834	0.3215322494506836	0.08490362018346786	0.0003266960848122835	0.0079118013381958	0.001149514107964933
9,17852E+17	Smoke from N. California wildfires drifting into Central Oregon. Cold front should push smoke out of area tonight	data/processed/pro_crisismmd/images/data_image/california_wildfires/10_10_2017/917851944420610049_0.jpg	other_relevant_information	other_relevant_information	True	0.8641382306814194	0.736673379316926	0.12746485136449337	0.8641382306814194	0.0016395653801737353	0.0019573489189497195	0.004536217122222297	3.109861461325636e-05	0.00010206094884779304	0.00013067538566247094	False	True	0.038814105093479156	0.9594923257827759	4.5488530304282904e-05	0.00043722972623072565	0.0008314859005622566	0.00011758040636777878	4.9518617743160576e-05	0.00021236207976471633	True	0.1570151001214981	0.8323535323143005	0.0021709243301302195	0.0024640553165227175	0.00577112752944231	2.2713506950822193e-06	0.00011957505921600387	0.00010344648762838915
9,17852E+17	California on fire, as seen from space. Aqua satellite, dated 9 Oct 2017 at 21:50 UTC (2:50 PM local time).	data/processed/pro_crisismmd/images/data_image/california_wildfires/10_10_2017/917852446898102272_0.jpg	not_humanitarian	other_relevant_information	False	0.9748219400644302	0.957396020363376	0.017425919701054227	0.9748219400644302	0.00048377851635450497	0.003217832578229718	0.0029384501394815743	0.0005503670072357636	0.0002603605025797151	0.00030134018743410707	False	True	0.06905373930931091	0.9051274657249451	0.0005403899122029543	0.011229322291910648	0.01080675795674324	0.002070759888738394	0.0007162212859839201	0.00045548504567705095	True	0.00021664649830199778	0.9980534315109253	0.00046490805107168853	0.0005473360070027411	0.00031568086706101894	4.35693800682202e-05	0.00010840690811164677	0.00024995856801979244
9,17853E+17	Wildfires in California created an orange glow over Disneyland. Latest updates:	data/processed/pro_crisismmd/images/data_image/california_wildfires/10_10_2017/917852634408783872_0.jpg	not_humanitarian	not_humanitarian	True	0.47899799793958664	0.1679118014872074	0.47899799793958664	0.3110861964523792	0.02717237686738372	0.0887987157329917	0.0779928332194686	0.0028825728536503448	0.0025519844493828714	0.010517317219637334	False	True	0.629120945930481	0.08831654489040375	0.006855888292193413	0.05008373036980629	0.1721159815788269	0.011480499990284443	0.005672954488545656	0.0363534577190876	True	0.4289570152759552	0.3853427469730377	0.03394453972578049	0.1017037108540535	0.04661845043301582	1.6597141438978724e-05	0.0015116611029952765	0.0019052703864872456
9,17856E+17	Latest Forecast for CA Wildfires From The Weather Channel iPhone App	data/processed/pro_crisismmd/images/data_image/california_wildfires/10_10_2017/917856156059623424_0.jpg	other_relevant_information	other_relevant_information	True	0.9907499253749847	0.9856356145719474	0.00511431080303737	0.9907499253749847	0.0002970636196550913	0.00029453114984789863	0.002126501392922364	0.00017694244525046088	0.0002714549409574829	0.0009692748208181001	False	True	0.02008737623691559	0.9720126390457153	0.00039192583062686026	0.00044341437751427293	0.006129278335720301	0.00021364615531638265	0.00031228194711729884	0.0004094175819773227	True	0.00012328899174463004	0.9969956874847412	0.00026544288266450167	0.00024490340729244053	0.0007922424119897187	0.00016470787522848696	0.0002578459389042109	0.0011558939004316926
9,17857E+17	California wildfires devour area size of a football field every 3 seconds	data/processed/pro_crisismmd/images/data_image/california_wildfires/10_10_2017/917856722315874306_0.jpg	infrastructure_and_utility_damage	other_relevant_information	False	0.5658471756614745	0.25969876209273934	0.3061484135687351	0.5658471756614745	0.0017093868518713862	0.05252851755358279	0.06950292456895113	8.180986424122239e-05	0.002916626923251897	0.001265104508092918	False	True	0.7110154032707214	0.0119712445884943	0.0011506349546834826	0.013513446785509586	0.2525618374347687	0.00017478845256846398	0.004635369870811701	0.004977201111614704	True	0.17119275033473969	0.7504724860191345	0.001895637484267354	0.06553354114294052	0.008483286947011948	5.081700146547519e-05	0.002343712607398629	2.7738973585655913e-05
9,17858E+17	Join us in praying for those affected by the California wildfires. Psalm 91:1 (ESV)	data/processed/pro_crisismmd/images/data_image/california_wildfires/10_10_2017/917858042615656448_0.jpg	other_relevant_information	affected_individuals	False	0.4315088614821434	0.0682225450873375	0.3632863163948059	0.01781264552846551	0.1713967379182577	0.0028453400009311736	0.4315088614821434	9.075159755411732e-05	0.004927434492856264	0.008131921582389623	False	True	0.7732304930686951	0.014216866344213486	0.03266642242670059	0.004071681760251522	0.14682552218437195	0.00033632019767537713	0.004960108548402786	0.023692552000284195	True	0.22663825750350952	0.01901123858988285	0.21764017641544342	0.0024365594144910574	0.5264033079147339	8.89539751369739e-06	0.004916543141007423	0.0029450447764247656
9,17861E+17	LIVE: Northern California wildfire briefing from the Sonoma County Sheriff's Office.	data/processed/pro_crisismmd/images/data_image/california_wildfires/10_10_2017/917861480673902592_0.jpg	not_humanitarian	other_relevant_information	False	0.6519284426176455	0.4144197035639081	0.04045705241151154	0.6519284426176455	0.013377761119045317	0.010901821653533261	0.04119654092937708	0.000812045436759945	0.003817575692664832	0.23750873905373737	False	True	0.014456056989729404	0.0009547587251290679	0.007450039032846689	0.00034324961598031223	0.025003422051668167	0.0030352184548974037	0.007974215783178806	0.9407830834388733	True	0.04912405088543892	0.8689196705818176	0.015353668481111526	0.014421345666050911	0.046594247221946716	7.098776404745877e-05	0.0024320289958268404	0.003083957592025399
9,17863E+17	California Wildfires: What's Next? Insurance	data/processed/pro_crisismmd/images/data_image/california_wildfires/10_10_2017/917862609713446915_0.jpg	not_humanitarian	not_humanitarian	True	0.539343811571598	0.23162327706813812	0.539343811571598	0.30772053450345993	0.007749722397420555	0.08597846888005733	0.03509304067119956	0.02097946996036626	0.0030361216922756284	9.880611287371721e-05	False	True	0.7823485732078552	0.0416126549243927	0.00324464519508183	0.07518833875656128	0.005873808637261391	0.08362226188182831	0.007808822672814131	0.0003009603242389858	True	0.45834222435951233	0.3964231610298157	0.00925141479820013	0.08957517892122269	0.04483278468251228	9.853931987890974e-05	0.001445221365429461	3.142137575196102e-05
9,17867E+17	Blue Sparks Came Out The Sky	data/processed/pro_crisismmd/images/data_image/california_wildfires/10_10_2017/917866755363442688_0.jpg	other_relevant_information	not_humanitarian	False	0.5216976460069418	0.27428066777065396	0.5216976460069418	0.24741697823628783	0.0027102372332592495	0.22310280753299594	0.0023805993841961026	0.0003160105397910229	0.002165529047488235	0.00021018300276409718	False	True	0.06378843635320663	0.9161664843559265	8.334338781423867e-05	0.014105347916483879	0.0038275285623967648	0.0011087701423093677	0.00013186869909986854	0.0007882087957113981	True	0.6743340492248535	0.024500476196408272	0.003585868515074253	0.2927686274051666	0.0018982896581292152	5.175733895157464e-05	0.002843415830284357	1.75077384483302e-05
9,17868E+17	Colorado-based SuperTanker takes on California wildfires:	data/processed/pro_crisismmd/images/data_image/california_wildfires/10_10_2017/917868035423080449_0.jpg	other_relevant_information	not_humanitarian	False	0.5907810032367706	0.31755397468805313	0.5907810032367706	0.2732270285487175	0.05566206091316417	0.01302493130788207	0.061881643487140536	8.801363355814829e-05	0.003121543675661087	0.0022137677296996117	False	True	0.7814908027648926	0.19390442967414856	0.0026385739911347628	0.004065932705998421	0.009399699978530407	0.0002614568511489779	0.004455675836652517	0.0037833768874406815	True	0.52721107006073	0.2996678948402405	0.07333655655384064	0.01601126417517662	0.07937562465667725	3.0199227694538422e-05	0.0026768329553306103	0.001690564677119255
9,17869E+17	Sorry to see the round barn in Santa Rosa destroyed by fire	data/processed/pro_crisismmd/images/data_image/california_wildfires/10_10_2017/917869210499399680_0.jpg	infrastructure_and_utility_damage	not_humanitarian	False	0.8621398508548737	0.7870966917835176	0.8621398508548737	0.04425795655697584	0.0022411921236198395	0.07504315907135606	0.015111838700249791	0.0002103051338053774	0.0006422424776246771	0.00035342806950211525	False	True	0.9241520762443542	0.030954375863075256	0.00021773285698145628	0.02525155432522297	0.018071427941322327	0.0005400557420216501	0.0002613287651911378	0.0005513242795132101	True	0.8414691090583801	0.0486924834549427	0.002915678545832634	0.09164036065340042	0.014125308953225613	0.00010038826439995319	0.0007692137151025236	0.00028746266616508365
9,17873E+17	NEW: CanyonFire2 in Orange County, California, is now 4,000 acres, according to Cal Fire.	data/processed/pro_crisismmd/images/data_image/california_wildfires/10_10_2017/917873017065160704_0.jpg	not_humanitarian	other_relevant_information	False	0.7345011457800865	0.5664201190375024	0.0745645179413259	0.7345011457800865	0.006075260462239385	0.01048583269584924	0.005273621645756066	7.17704774615413e-05	0.0009468271746300161	0.16808102674258407	False	True	0.019207796081900597	0.2938607633113861	0.006594971287995577	0.0020128493197262287	0.006064787041395903	0.00025554094463586807	0.001426474773325026	0.6705768704414368	True	0.09301675856113434	0.8813812732696533	0.005902023520320654	0.013310160487890244	0.005009899847209454	1.0513655070099048e-05	0.0007869446417316794	0.0005824121762998402
9,17915E+17	Good news! California wildfires Horses Healdsburg CA EEEE444	data/processed/pro_crisismmd/images/data_image/california_wildfires/11_10_2017/917915039004315650_0.jpg	not_humanitarian	not_humanitarian	True	0.5261298705590889	0.2779171759611927	0.5261298705590889	0.0991455768889864	0.05365506515954621	0.016930813648286858	0.05213016030029394	4.2408086301293224e-05	0.003753355803382874	0.2482126945978962	False	True	0.006829615216702223	0.00029120061662979424	0.0016268250765278935	2.869117452064529e-05	0.001424086862243712	1.330730810877867e-05	4.763708056998439e-05	0.9897385239601135	True	0.6992299556732178	0.1320970356464386	0.07099781185388565	0.022564854472875595	0.06903218477964401	5.2108345698798075e-05	0.004988595377653837	0.0010374181438237429
9,17916E+17	Smokey California sunset. Too bad it's all on fire '5	data/processed/pro_crisismmd/images/data_image/california_wildfires/11_10_2017/917915711216926722_0.jpg	not_humanitarian	not_humanitarian	True	0.6124606877565384	0.2871321775019169	0.6124606877565384	0.3253285102546215	0.005155973278306192	0.030037946067750454	0.017530697165057063	0.0006693470568279736	0.008493952940625604	0.00032283113614539616	False	True	0.9021872282028198	0.05712105333805084	0.0002044831489911303	0.029544953256845474	0.008532446809113026	0.0013367945794016123	0.0002654316776897758	0.00080754270311445	True	0.5158851742744446	0.4147309958934784	0.006806469988077879	0.03020227700471878	0.020530113950371742	0.00044686454930342734	0.011236793361604214	0.00016126061382237822
9,17916E+17	Northern California wildfires this week have destroyed at least seven marijuana farms	data/processed/pro_crisismmd/images/data_image/california_wildfires/11_10_2017/917915816615731201_0.jpg	infrastructure_and_utility_damage	other_relevant_information	False	0.4330965718254447	0.10128576215356588	0.3318108096718788	0.4330965718254447	0.00863669824320823	0.16373695991933346	0.05405126977711916	0.0016754876232880633	0.005839583813212812	0.0011526051530381665	False	True	0.47879159450531006	0.041985031217336655	0.00474005239084363	0.3765465021133423	0.07096682488918304	0.006480786949396133	0.019698040559887886	0.0007911683642305434	True	0.28281721472740173	0.5634670853614807	0.00993558019399643	0.09280044585466385	0.0484127514064312	7.372118125203997e-05	0.0012200982309877872	0.0012730840826407075
9,17923E+17	No fire for miles but plenty of smoke. Sunset in Northern California.	data/processed/pro_crisismmd/images/data_image/california_wildfires/11_10_2017/917922816195837952_0.jpg	not_humanitarian	other_relevant_information	False	0.6056931000202894	0.2737432774156332	0.3319498226046562	0.6056931000202894	0.0027503637757035904	0.023647810332477093	0.0288752019405365	0.00034650597081054	0.004273437414667569	0.0024637221795273945	False	True	0.832908034324646	0.09085094183683395	0.00024658694746904075	0.005781535059213638	0.06160499155521393	0.00025275451480410993	0.0006562033086083829	0.0076989163644611835	True	0.1649637520313263	0.7773071527481079	0.0035849560517817736	0.02960323542356491	0.017965272068977356	0.0003777564561460167	0.005479182116687298	0.0007186574512161314
9,17924E+17	Just an hour NE of the Napa fires, Placer County's sunset is shrouded in a smoky haze. california wildfires	data/processed/pro_crisismmd/images/data_image/california_wildfires/11_10_2017/917923911957803008_0.jpg	not_humanitarian	other_relevant_information	False	0.6450250679627061	0.3388197859749198	0.3062052819877863	0.6450250679627061	0.004365783970570192	0.01307058590464294	0.024514229968190193	0.00019244372742832638	0.0032292122778017074	0.003397374566702638	False	True	0.9054925441741943	0.03711113706231117	0.0009022190934047103	0.0190268661826849	0.024081958457827568	0.00016273469373118132	0.0009899247670546174	0.012232551351189613	True	0.10644286125898361	0.8476630449295044	0.005520305596292019	0.01108515914529562	0.0246583204716444	0.00020234673866070807	0.003975641448050737	0.00045231563854031265
9,17932E+17	PEANUTS' SCHULZ Museum Closed Due To Approaching California Wildfires	data/processed/pro_crisismmd/images/data_image/california_wildfires/11_10_2017/917932273407754240_0.jpg	not_humanitarian	not_humanitarian	True	0.4128217250108719	0.05948928277939558	0.4128217250108719	0.3533324422314763	0.04048156295903027	0.023405152140185237	0.05004790052771568	5.705350577045465e-05	0.006720911769662052	0.1131332591176033	False	True	0.4670654237270355	0.03167303279042244	0.013605133630335331	0.004212166182696819	0.07256080955266953	0.00011965666635660455	0.017371218651533127	0.39339256286621094	True	0.394740492105484	0.46055224537849426	0.04944037273526192	0.02980281412601471	0.042543597519397736	3.618578557507135e-05	0.0031708094757050276	0.019713491201400757
9,17934E+17	THICK SMOKE across Northern California as seen from NASA visible satellite images Monday.CAfires fire	data/processed/pro_crisismmd/images/data_image/california_wildfires/11_10_2017/917934130368864256_0.jpg	not_humanitarian	other_relevant_information	False	0.8921875506639481	0.8045047782361507	0.08768277242779732	0.8921875506639481	0.0011632811219897121	0.012626250623725355	0.004996069241315126	0.0006103297337176627	0.0004240486232447438	0.000309698920318624	False	True	0.1301492601633072	0.820850133895874	0.0009055682457983494	0.032645635306835175	0.01202432718127966	0.00230967253446579	0.0003499854065012187	0.0007653838256374002	True	0.0735272765159607	0.9159666895866394	0.0012491854140534997	0.005953122396022081	0.002653316594660282	4.3882133468287066e-05	0.00044873636215925217	0.00015780395187903196
9,17939E+17	'13 Reasons Why' Season 2 Shuts Down Production Due to California Wildfires	data/processed/pro_crisismmd/images/data_image/california_wildfires/11_10_2017/917939204155461632_0.jpg	not_humanitarian	not_humanitarian	True	0.5468718856573105	0.2823585044243373	0.5468718856573105	0.2645133812329732	0.005393078026827425	0.08754155761562288	0.04976064898073673	0.0009669003920862451	0.005995110754156485	0.03895745985209942	False	True	0.8297467231750488	0.0017888860311359167	0.010328530333936214	0.007725744508206844	0.09133330732584	0.00043959281174466014	0.019363151863217354	0.039274100214242935	True	0.4525802731513977	0.35208821296691895	0.0037479272577911615	0.11414682865142822	0.035903096199035645	0.0011426695855334401	0.0015390970511361957	0.038851913064718246
9,1794E+17	Trump en route to California to toss water balloons at wildfires.	data/processed/pro_crisismmd/images/data_image/california_wildfires/11_10_2017/917940349431099392_0.jpg	not_humanitarian	not_humanitarian	True	0.45938339084386826	0.26075197383761406	0.45938339084386826	0.15931574489513878	0.1986314170062542	0.01897699970868416	0.15863043069839478	1.217085036842036e-05	0.004258990928065032	0.0007908651168690994	False	True	0.5830307006835938	0.0008130465284921229	0.2572956085205078	0.0002651448594406247	0.1472938060760498	2.123333433701191e-05	0.009931361302733421	0.0013491337886080146	True	0.4181676208972931	0.212149977684021	0.179076686501503	0.025214284658432007	0.16240930557250977	9.150022378889844e-06	0.0023682008031755686	0.0006047755596227944
9,17944E+17	on fire just like california GayFever	data/processed/pro_crisismmd/images/data_image/california_wildfires/11_10_2017/917944232572153856_0.jpg	not_humanitarian	not_humanitarian	True	0.8657670766115189	0.807069021044299	0.8657670766115189	0.026370747480541468	0.002291623255587183	0.009908521315082908	0.05869805556721985	0.0014543201665446759	0.0035452397423796356	0.031964451520252624	False	True	0.6373807787895203	0.015996159985661507	0.0005201254389248788	0.009787997230887413	0.2018575370311737	0.00581006845459342	0.0008561608847230673	0.127791166305542	True	0.9418958425521851	0.02982894331216812	0.002882122527807951	0.00994869600981474	0.01097822841256857	2.4040705284278374e-06	0.004441599361598492	2.221325848950073e-05
9,17944E+17	Photo gallery: Northern California fires scorch up to 100,000 acres. Photo by	data/processed/pro_crisismmd/images/data_image/california_wildfires/11_10_2017/917944458523566080_0.jpg	infrastructure_and_utility_damage	not_humanitarian	False	0.46371105313301086	0.16798537940485403	0.46371105313301086	0.29572567372815683	0.005027109640650451	0.058636200497858226	0.1723971925675869	0.0002673030121513875	0.0033926608157344162	0.0008427706452494022	False	True	0.35661831498146057	0.0015812229830771685	0.0009359121322631836	0.005085732322186232	0.6294786334037781	0.0007850055699236691	0.0025044495705515146	0.0030107495840638876	True	0.49940863251686096	0.3937738239765167	0.006390842143446207	0.07648635655641556	0.020036712288856506	9.473549289396033e-05	0.0036887312307953835	0.000120110998977907
9,17949E+17	(Edmonton Sun):Former Edmonton Oilers goalie Grant Fuhr escapes wildfires in California..	data/processed/pro_crisismmd/images/data_image/california_wildfires/11_10_2017/917948601388630016_0.jpg	not_humanitarian	not_humanitarian	True	0.6007350832223892	0.4647894394292962	0.6007350832223892	0.13594564379309304	0.09750555967912078	0.028778849402442575	0.10354269261006266	0.000346312281635619	0.02801339770667255	0.005132465623319149	False	True	0.8975006341934204	0.0012249333085492253	0.01006055437028408	0.007998698391020298	0.006612284574657679	0.00130547268781811	0.06529595702886581	0.010001510381698608	True	0.5018132328987122	0.18085254728794098	0.12665389478206635	0.03570556640625	0.13585282862186432	2.659214624145534e-05	0.015585877932608128	0.0035094507038593292
9,1795E+17	Can all my friends and followers share and post in all social media ? ---CALIFORNIA BURNED CAT FROM WILDFIRES ---	data/processed/pro_crisismmd/images/data_image/california_wildfires/11_10_2017/917949723167875077_0.jpg	not_humanitarian	not_humanitarian	True	0.4676779282744974	0.21618958818726242	0.4676779282744974	0.13174182424245373	0.01678254659054801	0.08038471542295156	0.026564233485260047	0.00041329293253511423	0.0249471004899533	0.251488340087235	False	True	0.007945089600980282	4.447497121873312e-05	0.000255384249612689	1.4375746104633436e-05	0.00036603776970878243	1.8487222405383363e-05	8.30435601528734e-06	0.9913478493690491	True	0.6209222078323364	0.17564094066619873	0.022291600704193115	0.1071748286485672	0.0352969653904438	0.0005448948359116912	0.033260032534599304	0.004868503659963608
9,1795E+17	The story of Cy Swan: 1940's California, Dude Ranching, Forged in Fire:	data/processed/pro_crisismmd/images/data_image/california_wildfires/11_10_2017/917950322252886016_0.jpg	not_humanitarian	not_humanitarian	True	0.6632000356912613	0.561127946479246	0.6632000356912613	0.10207208921201527	0.03578094206750393	0.04492372274398804	0.08379728719592094	0.006775032048608409	0.018211691291071475	0.04523919365601614	False	True	0.6848637461662292	0.0082978131249547	0.04380330070853233	0.011806443333625793	0.04623264819383621	0.026585634797811508	0.005922543350607157	0.17248788475990295	True	0.655978798866272	0.13333018124103546	0.03310682252049446	0.05596281588077545	0.09631883352994919	0.00017149779887404293	0.022308073937892914	0.00282296328805387
9,17952E+17	Pray for all those families in California.why? How did this fire start.so very sad.B	data/processed/pro_crisismmd/images/data_image/california_wildfires/11_10_2017/917951521358274560_0.jpg	not_humanitarian	not_humanitarian	True	0.8457173407077789	0.7717441180720925	0.8457173407077789	0.006614008801989257	0.006375950702931732	0.008676054829265922	0.0739732226356864	1.649264322622912e-05	0.0022991938167251647	0.056327750829950674	False	True	0.6890115141868591	0.001078068744391203	0.02145412191748619	0.002906131325289607	0.05699088051915169	4.780851668328978e-05	0.00378565676510334	0.2247259020805359	True	0.8979526162147522	0.008459322154521942	0.001349893631413579	0.010599362663924694	0.07963400334119797	6.054018740542233e-06	0.0018037061672657728	0.00019503374642226845
9,17954E+17	From beauty to ashes overnight SantaRosaFire bcpoli	data/processed/pro_crisismmd/images/data_image/california_wildfires/11_10_2017/917953586272772097_0.jpg	not_humanitarian	not_humanitarian	True	0.6713220030069351	0.5699628032743931	0.6713220030069351	0.0871404642239213	0.02406307659111917	0.017771050333976746	0.10135919973254204	0.08006516829868815	0.015617126337019727	0.00266189627291169	False	True	0.1864069104194641	0.3218872547149658	0.007809297181665897	0.013851124793291092	0.1385023295879364	0.3202173709869385	0.0016821053577587008	0.009643581695854664	True	0.8329603672027588	0.008891534060239792	0.029481003060936928	0.019077692180871964	0.08897815644741058	1.4434069271374028e-05	0.020262133330106735	0.0003346677985973656
9,17955E+17	When the entire state of California is on fire	data/processed/pro_crisismmd/images/data_image/california_wildfires/11_10_2017/917954508231184385_0.jpg	other_relevant_information	not_humanitarian	False	0.6352458149194717	0.2852274663746357	0.6352458149194717	0.35001834854483604	0.0005846686617587693	0.005968477518763393	0.004761644056998193	0.0007228491431874318	0.0009264151158276945	0.0017717814382649522	False	True	0.07171839475631714	0.9029268026351929	0.000246961455559358	0.0024487220216542482	0.011064049787819386	0.002885858528316021	0.0016347013879567385	0.007074565626680851	True	0.8230882883071899	0.1657155305147171	0.0006972377304919064	0.007141729351133108	0.0026608421467244625	1.8460148112353636e-06	0.0006903196917846799	4.186708792985883e-06
9,17955E+17	When the entire state of California is on fire	data/processed/pro_crisismmd/images/data_image/california_wildfires/11_10_2017/917954508231184385_1.jpg	other_relevant_information	not_humanitarian	False	0.6456971671432257	0.30847459472715855	0.6456971671432257	0.3372225724160671	0.0005770955249317922	0.007821871084161103	0.005591741413809359	0.001838626672963528	0.0008925948932301253	0.0003583369154966931	False	True	0.11352380365133286	0.8517436981201172	0.00021666890825144947	0.009862296283245087	0.014384439215064049	0.007348968647420406	0.0014994204975664616	0.0014207875356078148	True	0.8230882883071899	0.1657155305147171	0.0006972377304919064	0.007141729351133108	0.0026608421467244625	1.8460148112353636e-06	0.0006903196917846799	4.186708792985883e-06
9,17957E+17	Satellite images show just how bad California's wildfires really are	data/processed/pro_crisismmd/images/data_image/california_wildfires/11_10_2017/917956641269665792_0.jpg	other_relevant_information	other_relevant_information	True	0.7323831617832184	0.5394913069903851	0.19289185479283333	0.7323831617832184	0.0019212554034311324	0.06153408903628588	0.009366752812638879	0.0005928624941589078	0.0006791820633225143	0.000630855445706402	False	True	0.14061766862869263	0.8152840733528137	0.0016267719911411405	0.022659439593553543	0.014733870513737202	0.0022498704493045807	0.0004884478403255343	0.0023399123456329107	True	0.21031658351421356	0.7047495245933533	0.0020194165408611298	0.07449230551719666	0.007577713578939438	4.052650911035016e-05	0.000742760137654841	6.116981239756569e-05
9,17957E+17	Were The California Wildfires DeliberatelySet?	data/processed/pro_crisismmd/images/data_image/california_wildfires/11_10_2017/917957391957848066_0.jpg	other_relevant_information	not_humanitarian	False	0.6974256709218025	0.4909398853778839	0.6974256709218025	0.2064857855439186	0.003981331654358655	0.026571414025966078	0.01475341897457838	0.0012747738451253099	0.002465097262756899	0.047042506785828664	False	True	0.39280131459236145	0.39143189787864685	0.005441260989755392	0.002742631593719125	0.009629089385271072	0.005075654946267605	0.004753163084387779	0.18812495470046997	True	0.7989671230316162	0.14483708143234253	0.003494688542559743	0.03451434150338173	0.016461528837680817	7.813478077878244e-06	0.0017024086555466056	1.50241476148949e-05
9,17962E+17	Hillary Clinton links climate change to wildfires, hurricanes in California speech	data/processed/pro_crisismmd/images/data_image/california_wildfires/11_10_2017/917961969122017282_0.jpg	not_humanitarian	not_humanitarian	True	0.529305949807167	0.1908010579063557	0.529305949807167	0.33850489190081134	0.012432988965883851	0.031395017402246594	0.07589980587363243	0.00014187755857619777	0.0029265324992593378	0.0093929115228093	False	True	0.8481898903846741	0.0033461006823927164	0.011377104558050632	0.009077706374228	0.08094067126512527	0.0005487682647071779	0.009295016527175903	0.03722484037280083	True	0.42301130294799805	0.45022448897361755	0.01278495043516159	0.03883412107825279	0.07421951740980148	6.247323199204402e-06	0.0008037044899538159	0.00011560190614545718
9,17967E+17	If you scroll way down , past at least 12 Weinstein pieces, they mention the California wildfires	data/processed/pro_crisismmd/images/data_image/california_wildfires/11_10_2017/917967417602727936_0.jpg	not_humanitarian	not_humanitarian	True	0.8970554918050766	0.8420772962272167	0.8970554918050766	0.05497819557785988	0.0005382542149163783	0.002070219168672338	0.0047956028138287365	0.00018923097570677783	0.0010379955638200045	0.03933501050778432	False	True	0.7861629128456116	0.044787097722291946	0.000686491490341723	0.0005121264839544892	0.008349232375621796	0.0007483814842998981	0.0018359607784077525	0.15691770613193512	True	0.9340196847915649	0.05837522819638252	0.0004888417897745967	0.002589583396911621	0.0036110596265643835	2.847472842404386e-06	0.0007720071589574218	0.00014077863306738436
9,17971E+17	California's notorious winds feed wildfires	data/processed/pro_crisismmd/images/data_image/california_wildfires/11_10_2017/917970575997497344_0.jpg	other_relevant_information	not_humanitarian	False	0.5699733644723892	0.20559103158302605	0.5699733644723892	0.36438233288936317	0.003125826726318337	0.05321098049171269	0.008039922453463078	0.00011018567192877526	0.0010985448316205293	5.888631653760967e-05	False	True	0.9691115021705627	0.014805312268435955	0.0005586757906712592	0.0022785114124417305	0.011240624822676182	0.00037498274468816817	0.001429736614227295	0.00020060203678440303	True	0.43692731857299805	0.48090800642967224	0.003981543704867363	0.07018847018480301	0.006973021663725376	2.191998100897763e-05	0.0009881475707516074	1.1647743122011889e-05
9,17973E+17	The rubble left by California's wine country fire news updates RT kgglobal	data/processed/pro_crisismmd/images/data_image/california_wildfires/11_10_2017/917972569613045760_0.jpg	infrastructure_and_utility_damage	infrastructure_and_utility_damage	True	0.6688959449529648	0.5124480668455362	0.15644787810742855	0.04118712991476059	0.005019095784518868	0.6688959449529648	0.11641849717125297	0.0022942220384720713	0.00779014581348747	0.0019470573315629736	False	True	0.3624977171421051	0.024601299315690994	0.0027651714626699686	0.19258958101272583	0.39475154876708984	0.003780510975047946	0.013996665365993977	0.005017460789531469	True	0.08776459842920303	0.046715740114450455	0.005770403891801834	0.8276647329330444	0.023640813305974007	0.0017987923929467797	0.005721305962651968	0.0009235895122401416
9,17973E+17	Luther Burbank Center Heavily Damaged by California Wildfire by SOPAN DEB via NYT	data/processed/pro_crisismmd/images/data_image/california_wildfires/11_10_2017/917972593789063170_0.jpg	infrastructure_and_utility_damage	infrastructure_and_utility_damage	True	0.6042517423629761	0.4537882301956415	0.09721994027495384	0.15046351216733456	0.005307286744937301	0.6042517423629761	0.08575997781008482	0.05031908443197608	0.005991384387016296	0.00068711091807927	False	True	0.3557686507701874	0.10550384968519211	0.002045863773673773	0.3576512336730957	0.1605835258960724	0.014243589714169502	0.004053357057273388	0.00014994524826761335	True	0.011037036776542664	0.1654500663280487	0.006394427735358477	0.6864519119262695	0.06081879511475563	0.062344249337911606	0.006637393496930599	0.0008661661413498223
9,17973E+17	California wildfires rage, churches 'jumping into action'	data/processed/pro_crisismmd/images/data_image/california_wildfires/11_10_2017/917973346976968704_0.jpg	infrastructure_and_utility_damage	not_humanitarian	False	0.39331232011318207	0.06235196441411972	0.39331232011318207	0.11709280568175018	0.061271460639545694	0.09232400520704687	0.33096035569906235	2.8769419486707193e-05	0.002768865611869842	0.002241415089883958	False	True	0.1486196219921112	0.0034346533939242363	0.001615047105588019	0.0023529743775725365	0.832999050617218	1.0001026566897053e-05	0.0023035367485135794	0.00866509135812521	True	0.4748765528202057	0.15497885644435883	0.08115693181753159	0.12231434881687164	0.16361412405967712	3.502555045997724e-05	0.002923975232988596	0.00010018966713687405
9,17983E+17	CURRENT FIRE AND SMOKE IN CALIFORNIA KUSINEWS	data/processed/pro_crisismmd/images/data_image/california_wildfires/11_10_2017/917983113015365634_0.jpg	other_relevant_information	not_humanitarian	False	0.5290651493705809	0.102334248367697	0.5290651493705809	0.4267309010028839	0.0017019839287968352	0.035864237463101745	0.00574967754073441	8.157624370142003e-05	0.0007537802248407388	5.275836201690254e-05	False	True	0.03087974525988102	0.9669856429100037	6.296514766290784e-05	0.00025071483105421066	0.0013540363870561123	0.0002463213459122926	9.752027835929766e-05	0.00012312961916904896	True	0.6951269507408142	0.246645987033844	0.0022483235225081444	0.047735411673784256	0.007214891258627176	2.6661209631129168e-05	0.0009725335403345525	2.9301276299520396e-05
9,17987E+17	Unwelcome news for California: Another round of critical fire weather is coming up Wednesday - Thursday.	data/processed/pro_crisismmd/images/data_image/california_wildfires/11_10_2017/917987134518321154_0.jpg	other_relevant_information	other_relevant_information	True	0.8681290596723557	0.7508278135210276	0.11730124615132809	0.8681290596723557	0.001002219328256615	0.0077930326224304736	0.0054083080613054335	4.8971147748488875e-05	8.577242260798812e-05	0.00023137485732149798	False	True	0.03155971318483353	0.9652185440063477	5.04676609125454e-05	0.0011417495552450418	0.0009976110886782408	0.00019226677250117064	7.352945249294862e-05	0.0007662222487851977	True	0.1458817571401596	0.8357658982276917	0.0013194698840379715	0.01001012697815895	0.006878540385514498	1.2059394975949544e-06	8.985341264633462e-05	5.3092393500264734e-05
9,17989E+17	**MEDIA RELEASE** Travis assists in Northern California fire response	data/processed/pro_crisismmd/images/data_image/california_wildfires/11_10_2017/917988836541632512_0.jpg	other_relevant_information	not_humanitarian	False	0.4802258759737015	0.19095400325022638	0.4802258759737015	0.06383490934967995	0.2892718727234751	0.012432146351784468	0.060345166362822056	8.105250162770972e-05	0.004117052594665438	0.0896919599181274	False	True	0.48829150199890137	0.08317132294178009	0.014900879003107548	0.008071082644164562	0.040129292756319046	0.00022568745771422982	0.007921922020614147	0.3572883605957031	True	0.4775373339653015	0.05738943815231323	0.3807288706302643	0.013885834254324436	0.06708379089832306	3.284084959886968e-05	0.002848762786015868	0.0004931596922688186
9,1799E+17	Police helicopter video shows the extent of California wildfire burning near Santa Rosa	data/processed/pro_crisismmd/images/data_image/california_wildfires/11_10_2017/917990440644866048_0.jpg	infrastructure_and_utility_damage	other_relevant_information	False	0.7130391071550548	0.5951808508252725	0.11785825632978231	0.7130391071550548	0.00583715969696641	0.0453609824180603	0.05079220130573958	0.043684576463419944	0.022437478182837367	0.0009901896555675194	False	True	0.45396918058395386	0.016020623967051506	0.010981911793351173	0.08107363432645798	0.18085877597332	0.1736929714679718	0.08236748725175858	0.0010353911202400923	True	0.00582128157839179	0.9453786015510559	0.004122242331504822	0.03345676511526108	0.007436676416546106	0.0003484447952359915	0.0024608084931969643	0.0009751225006766617
9,17991E+17	Emergency medical supplies delivered tonight to Sonoma Public Health for evacuees of Northern California Wildfires	data/processed/pro_crisismmd/images/data_image/california_wildfires/11_10_2017/917991257594572800_0.jpg	rescue_volunteering_or_donation_effort	rescue_volunteering_or_donation_effort	True	0.7388804703950882	0.49468716606497765	0.01010089018382132	0.0018091379752149805	0.7388804703950882	0.0002442904697090853	0.24419330433011055	0.00012147039589649467	0.004037727616378106	0.0006127670203568414	False	True	0.013234267011284828	7.771718082949519e-05	0.7016276717185974	0.00012056132254656404	0.2819821536540985	0.0004815605061594397	0.0008434290648438036	0.00163267704192549	True	0.009056431241333485	0.0023862782400101423	0.7512980699539185	0.00028553351876325905	0.23159702122211456	1.440359142179659e-06	0.005102493800222874	0.0002727970131672919
9,17991E+17	Emergency medical supplies delivered tonight to Sonoma Public Health for evacuees of Northern California Wildfires	data/processed/pro_crisismmd/images/data_image/california_wildfires/11_10_2017/917991257594572800_1.jpg	rescue_volunteering_or_donation_effort	rescue_volunteering_or_donation_effort	True	0.7771465331315994	0.572778046131134	0.011917103314772248	0.0018414834376017097	0.7771465331315994	0.0002170155012208852	0.2043684870004654	4.207440062486967e-05	0.00392395172821125	0.0005434169579530135	False	True	0.02049911953508854	0.00020709903037641197	0.8546919226646423	1.1461448593763635e-05	0.12268288433551788	0.0001639765250729397	0.00038832551217637956	0.0013552767923101783	True	0.009056431241333485	0.0023862782400101423	0.7512980699539185	0.00028553351876325905	0.23159702122211456	1.440359142179659e-06	0.005102493800222874	0.0002727970131672919
9,17991E+17	Emergency medical supplies delivered tonight to Sonoma Public Health for evacuees of Northern California Wildfires	data/processed/pro_crisismmd/images/data_image/california_wildfires/11_10_2017/917991257594572800_2.jpg	rescue_volunteering_or_donation_effort	rescue_volunteering_or_donation_effort	True	0.7218683063983917	0.4626152701675892	0.01234738458879292	0.0018076399937854148	0.7218683063983917	0.00021812164823131752	0.25925303623080254	4.6486119316568875e-05	0.004154146212385967	0.00030495225655613467	False	True	0.022220244631171227	7.17252551112324e-05	0.6335790157318115	1.588603663549293e-05	0.34222108125686646	0.00018162339983973652	0.0013091034488752484	0.00040141798672266304	True	0.009056431241333485	0.0023862782400101423	0.7512980699539185	0.00028553351876325905	0.23159702122211456	1.440359142179659e-06	0.005102493800222874	0.0002727970131672919
9,17991E+17	Emergency medical supplies delivered tonight to Sonoma Public Health for evacuees of Northern California Wildfires	data/processed/pro_crisismmd/images/data_image/california_wildfires/11_10_2017/917991257594572800_3.jpg	rescue_volunteering_or_donation_effort	rescue_volunteering_or_donation_effort	True	0.7399694174528122	0.4982190392911434	0.010945349698886275	0.001809656030673068	0.7399694174528122	0.00021686339891857642	0.24175037816166878	1.0998215401514244e-05	0.005033802008256316	0.00026356952730566263	False	True	0.016612105071544647	7.978940266184509e-05	0.7059834599494934	1.0853039384528529e-05	0.2722104489803314	3.9671784179518e-05	0.004827726632356644	0.0002358870697207749	True	0.009056431241333485	0.0023862782400101423	0.7512980699539185	0.00028553351876325905	0.23159702122211456	1.440359142179659e-06	0.005102493800222874	0.0002727970131672919
9,17996E+17	So the state of California is pretty much on fire. Your move, Pres. Trump.	data/processed/pro_crisismmd/images/data_image/california_wildfires/11_10_2017/917995569494331392_0.jpg	not_humanitarian	not_humanitarian	True	0.7402682490646839	0.5066384617239237	0.7402682490646839	0.23362978734076023	0.0005562231381190941	0.009798726998269558	0.012416379409842193	0.0012338212465294873	0.0009670191575423814	0.0011298018946490629	False	True	0.24451829493045807	0.6938779950141907	0.0005137998377904296	0.010858523659408092	0.038399841636419296	0.004930816125124693	0.0024118858855217695	0.004488822538405657	True	0.9055182337760925	0.08021371811628342	0.0005703642382286489	0.009445461444556713	0.003755225334316492	1.4896203310854617e-06	0.0004853969148825854	1.0128346730198245e-05
9,17998E+17	Smoke from Northern California wildfires prompt health caution	data/processed/pro_crisismmd/images/data_image/california_wildfires/11_10_2017/917997649805971456_0.jpg	other_relevant_information	not_humanitarian	False	0.5587404742836952	0.18746645748615265	0.5587404742836952	0.37127401679754257	0.0051615743432193995	0.03449308639392257	0.02554525760933757	0.00072200360136776	0.0017770923004718497	0.0022865206556161866	False	True	0.35138705372810364	0.5537750720977783	0.004629368893802166	0.016423216089606285	0.06140095368027687	0.0028457953594624996	0.0005941957351751626	0.008944353088736534	True	0.6278582811355591	0.310440331697464	0.005338976159691811	0.04051637649536133	0.013593358919024467	1.4073015336180106e-05	0.0021713911555707455	6.724317790940404e-05
9,17999E+17	OMFG literally almost all of California is on fire SOS 3333	data/processed/pro_crisismmd/images/data_image/california_wildfires/11_10_2017/917999332728688640_0.jpg	other_relevant_information	other_relevant_information	True	0.5191717818379402	0.05860978551208973	0.4605619963258505	0.5191717818379402	0.0006242628369363956	0.009747531672473997	0.005896407645195723	0.0010683464524845476	0.0014328993274830282	0.0014968241757742362	False	True	0.08287891000509262	0.89299476146698	0.000272944598691538	0.0031635339837521315	0.009578196331858635	0.004123276565223932	0.0010775564005598426	0.0059108007699251175	True	0.5864563584327698	0.39456412196159363	0.0007413689163513482	0.011942197568714619	0.0046691447496414185	5.0036414904752746e-05	0.0015513469697907567	2.5498644390609115e-05
9,18005E+17	Central California Sunset tonight.. Lots of wildfire smoke to punch up the color pallet..	data/processed/pro_crisismmd/images/data_image/california_wildfires/11_10_2017/918005485030092800_0.jpg	not_humanitarian	other_relevant_information	False	0.5184674495831132	0.1926213139668107	0.3258461356163025	0.5184674495831132	0.003716816776432097	0.01735647744499147	0.12369170878082514	0.0037963255563226994	0.0018041604198515415	0.005320991651387885	False	True	0.38763564825057983	0.04578504338860512	0.007072196342051029	0.047464292496442795	0.4780375063419342	0.014771834947168827	0.0004105502739548683	0.018822966143488884	True	0.3052496314048767	0.6760282516479492	0.002598356921225786	0.007320539094507694	0.005576442927122116	0.00013782242604065686	0.0022686971351504326	0.000820333487354219
9,1801E+17	Fast-moving wildfires devour buildings, spur evacuations in Northern California	data/processed/pro_crisismmd/images/data_image/california_wildfires/11_10_2017/918009550409752576_0.jpg	infrastructure_and_utility_damage	infrastructure_and_utility_damage	True	0.3425793740898371	0.04602581821382046	0.20663290284574032	0.2965535558760166	0.011085019912570715	0.3425793740898371	0.13845915347337723	0.0002662212209543213	0.0021539634035434574	0.0022698313696309924	False	True	0.5003683567047119	0.07253395020961761	0.0066317301243543625	0.014048762619495392	0.392526775598526	0.0006121961050666869	0.0044709742069244385	0.008807200007140636	True	0.10872108489274979	0.3712267577648163	0.012569449841976166	0.4520895779132843	0.05376994609832764	0.0001508962595835328	0.0013816264690831304	9.070849046111107e-05
9,18017E+17	Company Helps Coordinate Air Attack On California Wildfires	data/processed/pro_crisismmd/images/data_image/california_wildfires/11_10_2017/918016941683560448_0.jpg	rescue_volunteering_or_donation_effort	other_relevant_information	False	0.6341163394972682	0.36760891508311033	0.26650742441415787	0.6341163394972682	0.04720708401873708	0.013297536934260279	0.019059275975450873	3.295065835118294e-05	0.012388697359710932	0.007390680391836213	False	True	0.830687940120697	0.059005092829465866	0.031099548563361168	0.0004293194506317377	0.04084622487425804	3.954840576625429e-05	0.008991639129817486	0.028900710865855217	True	0.07844725251197815	0.8258200883865356	0.05257626250386238	0.01758694276213646	0.011796959675848484	3.075140921282582e-05	0.013521050103008747	0.00022067023382987827
9,18022E+17	101117 NAPA SONOMA Counties MORE/CALIFORNIA ON FIRE = BEG. OF GOD'S JUDGMENT . . . >	data/processed/pro_crisismmd/images/data_image/california_wildfires/11_10_2017/918021529614434306_0.jpg	not_humanitarian	not_humanitarian	True	0.6700552515685558	0.4182812003418803	0.6700552515685558	0.2517740512266755	0.007257400393427815	0.04069563653320074	0.025700752157717943	0.0006759290627087466	0.0036097351694479585	0.00023122759375837632	False	True	0.11378221213817596	0.8311827778816223	0.0003374920634087175	0.03415123373270035	0.01673738658428192	0.002503448398783803	0.0005989139899611473	0.0007065092795528471	True	0.8554795980453491	0.05863780900835991	0.009564036503434181	0.04287710413336754	0.028688540682196617	6.675595068372786e-05	0.0046133422292768955	7.280036516021937e-05
9,18043E+17	The California wildfires aren't just bad news for wineweed is in danger,too	data/processed/pro_crisismmd/images/data_image/california_wildfires/11_10_2017/918043159048966144_0.jpg	not_humanitarian	not_humanitarian	True	0.7281230837106705	0.5624654553830624	0.7281230837106705	0.1656576283276081	0.01871252991259098	0.01598478644154966	0.04517731722444296	0.0014025469954503933	0.005697821732610464	0.019244290328060742	False	True	0.8290457129478455	0.05700184404850006	0.006516799330711365	0.008121990598738194	0.010287407785654068	0.005395788699388504	0.007964608259499073	0.07566583901643753	True	0.6944822072982788	0.2018762230873108	0.022777773439884186	0.01860571838915348	0.05680728703737259	7.146642747102305e-05	0.0049422262236475945	0.00043710743193514645
9,18051E+17	A snapshot of fire and smoke in California and southern Oregon. Go here for a dynamic view	data/processed/pro_crisismmd/images/data_image/california_wildfires/11_10_2017/918051050220765184_0.jpg	other_relevant_information	other_relevant_information	True	0.8380318284034729	0.711733615025878	0.12629821337759495	0.8380318284034729	0.0007668999023735523	0.02100999280810356	0.012481960700824857	0.00029974608014526893	0.0010135388001799583	9.780506798051647e-05	False	True	0.20764805376529694	0.7498853206634521	0.0003214675816707313	0.009501304477453232	0.02954699657857418	0.0011546435998752713	0.0015774868661537766	0.00036473109503276646	True	0.09918159991502762	0.8674139976501465	0.000915377342607826	0.02484622225165367	0.006793615408241749	1.4780240235268138e-05	0.0008255561115220189	8.829725629766472e-06
9,18059E+17	A few aquatic survivors of California's wildfires provide some solace for one homeowner.	data/processed/pro_crisismmd/images/data_image/california_wildfires/11_10_2017/918059058074210304_0.jpg	affected_individuals	affected_individuals	True	0.6180239543318748	0.34624093398451805	0.2717830203473568	0.039374195504933596	0.029102179687470198	0.013100121170282364	0.6180239543318748	0.00036708080006064847	0.0008809223800199106	0.027368455917894607	False	True	0.4367024302482605	0.019280416890978813	0.018589885905385017	0.013512801378965378	0.4010882079601288	0.001403740723617375	0.000616100209299475	0.10880640149116516	True	0.21680988371372223	0.04607212170958519	0.032606277614831924	0.01296256110072136	0.6903358697891235	2.152749220840633e-05	0.0009691964369267225	0.00022247406013775617
9,18083E+17	California wildfires: 180 people still unaccounted for; 2,000 structures burned	data/processed/pro_crisismmd/images/data_image/california_wildfires/11_10_2017/918082606545039360_0.jpg	infrastructure_and_utility_damage	infrastructure_and_utility_damage	True	0.5664593875408173	0.42113027535378933	0.11334247328341007	0.09785987297073007	0.03604452993022278	0.5664593875408173	0.14532911218702793	0.024409523801296018	0.015534864505752921	0.0010202776757068932	False	True	0.14530515670776367	0.012134501710534096	0.0022376638371497393	0.643681526184082	0.08621674031019211	0.09654482454061508	0.012022779323160648	0.001856815884821117	True	0.1026882454752922	0.12643499672412872	0.04731348529458046	0.540718674659729	0.1650332361459732	0.00036442355485633016	0.016705559566617012	0.000741431606002152
9,18084E+17	Dr. Jim Denison: California Wildfires, Whose Door Will You Knock OnToday?	data/processed/pro_crisismmd/images/data_image/california_wildfires/11_10_2017/918084328734756864_0.jpg	not_humanitarian	not_humanitarian	True	0.5156226009130478	0.22164159268140793	0.5156226009130478	0.047440175199881196	0.07786361314356327	0.011397191439755261	0.29398100823163986	0.0005078648753169546	0.010672617587260902	0.04251490981550887	False	True	0.47179704904556274	0.013130743987858295	0.031830497086048126	0.030889948830008507	0.2613987624645233	0.0019977770280092955	0.024043673649430275	0.16491150856018066	True	0.5302311182022095	0.058876652270555496	0.09320798516273499	0.004899605643004179	0.3048417568206787	1.1227491086174268e-05	0.006215598899871111	0.0017160435672849417
9,18086E+17	A Fire Weather Warning is back in effect for most of nothern California. 47weather	data/processed/pro_crisismmd/images/data_image/california_wildfires/11_10_2017/918085982234316800_0.jpg	other_relevant_information	other_relevant_information	True	0.9933377057313919	0.9900289834185969	0.0033087223127949983	0.9933377057313919	0.0002536281040192989	0.0013719407506869175	0.0012979837483726442	5.701770987798227e-05	8.968351812654873e-05	0.0002832922400557436	False	True	0.009363220073282719	0.9887222051620483	2.5738152544363402e-05	0.00016061650239862502	0.0007956452900543809	0.00018644193187355995	4.883199653704651e-05	0.0006973589770495892	True	0.0012905563926324248	0.9948762059211731	0.00032959142117761075	0.0017757155001163483	0.0014654299011453986	1.3876302546123043e-05	0.00010330069198971614	0.00014526999439112842
9,18091E+17	U.S. House panel approves $36.5 billion for hurricane, wildfire relief	data/processed/pro_crisismmd/images/data_image/california_wildfires/11_10_2017/918091371096846338_0.jpg	not_humanitarian	not_humanitarian	True	0.7120168656110764	0.6130503043532372	0.7120168656110764	0.07914251671172678	0.07812228996772319	0.027322964975610375	0.0989665612578392	8.741281044422067e-05	0.0017571655043866485	0.0025842321574600646	False	True	0.9211586713790894	0.00869216863065958	0.007803224492818117	0.010267597623169422	0.0373758003115654	0.0003370724443811923	0.0041444627568125725	0.010221054777503014	True	0.642302930355072	0.10262596607208252	0.10156197845935822	0.033008087426424026	0.11949681490659714	4.192932465230115e-06	0.0009613997535780072	3.86246174457483e-05
9,18098E+17	Not everyone gets to stand...and California is on fire. You might want to mention that Moron	data/processed/pro_crisismmd/images/data_image/california_wildfires/11_10_2017/918097508399828992_0.jpg	not_humanitarian	not_humanitarian	True	0.8934061378240585	0.8415043144113952	0.8934061378240585	0.014165355984005146	0.0018900304930866696	0.0011447128490544856	0.03629432216985151	2.6632261580061822e-05	0.00117098142800387	0.05190182341266336	False	True	0.6467982530593872	0.0002471531624905765	0.0069587016478180885	0.0007496114121749997	0.13411694765090942	0.00010508287232369184	0.0034836719278246164	0.2075406312942505	True	0.975608766078949	0.018804756924510002	0.00020047344150952995	0.0012764133280143142	0.0036867803428322077	4.820579988518148e-07	0.0004000845947302878	2.2220785467652604e-05
9,18098E+17	Media Confirmations about Wildfires in California predicted by Clairvoyant Dimitrinka	data/processed/pro_crisismmd/images/data_image/california_wildfires/11_10_2017/918097889162940422_0.jpg	not_humanitarian	not_humanitarian	True	0.5622405558824539	0.27181855868548155	0.5622405558824539	0.29042199719697237	0.0043845000909641385	0.03792141051962972	0.03328303014859557	0.0041963446731188014	0.0059746210754383355	0.06157756023458205	False	True	0.5704143643379211	0.011002440005540848	0.008383731357753277	0.05842529609799385	0.0729471892118454	0.01675787940621376	0.01834622398018837	0.2437228560447693	True	0.5595159530639648	0.3835618495941162	0.0030514230020344257	0.03108678199350834	0.020061643794178963	9.166428753815126e-06	0.0018507534405216575	0.0008624616311863065
9,18101E+17	Henry Cejudo: The medal was just an object, I'm just happy to be alive :	data/processed/pro_crisismmd/images/data_image/california_wildfires/11_10_2017/918101427817537537_0.jpg	not_humanitarian	not_humanitarian	True	0.6190076321363449	0.5119461428839713	0.6190076321363449	0.09321682911831886	0.03592596692033112	0.08647146436851472	0.02384834532858804	0.015508412291637796	0.10706148925237358	0.018959820503368974	False	True	0.9621493816375732	0.005989894736558199	0.0023937756195664406	0.003119214903563261	0.0030509710777550936	5.9634079661918804e-05	0.00903975497931242	0.014197246171534061	True	0.5046270489692688	0.12229247391223907	0.047103364020586014	0.11425554752349854	0.03078080341219902	0.02065800502896309	0.1397354006767273	0.020547345280647278
9,18102E+17	California wildfires put $65bn of property at risk, red flag warningsraised	data/processed/pro_crisismmd/images/data_image/california_wildfires/11_10_2017/918101542984658945_0.jpg	other_relevant_information	other_relevant_information	True	0.6807159036397934	0.46063358103856444	0.22008232260122895	0.6807159036397934	0.006443681080781971	0.05237459420459345	0.03860165069636423	5.94764601373754e-05	0.0014495307295874227	0.00027279960340820253	False	True	0.027871498838067055	0.9691906571388245	5.0987589929718524e-05	0.0009879183489829302	0.0009173036669380963	0.0001969286531675607	7.189689495135099e-05	0.0007127975695766509	True	0.2841525971889496	0.5845576524734497	0.008574578911066055	0.06950348615646362	0.05116309970617294	1.3659062460646965e-05	0.0019087420077994466	0.00012613361468538642
9,18104E+17	Former pro Levi Leipheimer's house destroyed in California wildfires |	data/processed/pro_crisismmd/images/data_image/california_wildfires/11_10_2017/918103951488188416_0.jpg	infrastructure_and_utility_damage	infrastructure_and_utility_damage	True	0.3495028670877218	0.03508382849395275	0.3144190385937691	0.04561933281365782	0.008201015763916075	0.3495028670877218	0.2549273669719696	0.00044378727761795744	0.004391391121316701	0.022495270473882556	False	True	0.22356244921684265	0.005622068885713816	0.002026645001024008	0.11595579236745834	0.5562609434127808	0.0014802837977185845	0.008590972051024437	0.0865008682012558	True	0.3447045683860779	0.05895175412297249	0.010259139351546764	0.4273518919944763	0.15448284149169922	9.828843758441508e-05	0.0029915308114141226	0.0011600712314248085
9,1811E+17	Photo Of The Day: Wildfires Running Amok In California	data/processed/pro_crisismmd/images/data_image/california_wildfires/11_10_2017/918109951863635968_0.jpg	other_relevant_information	not_humanitarian	False	0.44813170842826366	0.0859240647405386	0.44813170842826366	0.36220764368772507	0.03551744295691606	0.09806531318463385	0.05036068498156965	0.0007529828835686203	0.0040578780535724945	0.0009064004043466412	False	True	0.02169918268918991	0.9572545289993286	0.0008101052953861654	0.004997299052774906	0.008822738192975521	0.0028076423332095146	0.0003321147814858705	0.0032764303032308817	True	0.5902758836746216	0.16385868191719055	0.047086555510759354	0.12908798456192017	0.06420666724443436	6.809640035498887e-05	0.005299799144268036	0.00011639043805189431
9,1811E+17	Seen From Above: Entire California Communities Reduced to Ash	data/processed/pro_crisismmd/images/data_image/california_wildfires/11_10_2017/918110217023442944_0.jpg	infrastructure_and_utility_damage	infrastructure_and_utility_damage	True	0.3233598731458187	0.07907003769651055	0.21709671057760715	0.24428983544930816	0.004546343698166311	0.3233598731458187	0.04494965821504593	0.16125979930075118	0.004290574201149866	0.0002072227289318107	False	True	0.05657283216714859	0.01767774485051632	0.0013756174594163895	0.17396600544452667	0.09352151304483414	0.6446009278297424	0.011910309083759785	0.0003749984607566148	True	0.27060467004776	0.31982719898223877	0.0056032524444162846	0.3731578290462494	0.02875903993844986	0.0001460897910874337	0.0017506625736132264	0.00015129748499020934
9,18112E+17	Northern California Wildfire Interactive Map Esri GIS Waze	data/processed/pro_crisismmd/images/data_image/california_wildfires/11_10_2017/918112104070156288_0.jpg	other_relevant_information	other_relevant_information	True	0.9281394481658936	0.8847916210070252	0.04334782715886831	0.9281394481658936	0.0009936826972989365	0.015227952506393194	0.00915826519485563	0.0009072008542716503	0.0015596422017551959	0.0006659984283032827	False	True	0.046636760234832764	0.8858533501625061	0.0008535957313142717	0.02538202330470085	0.032276224344968796	0.0020803899969905615	0.0044683353044092655	0.0024492957163602114	True	0.04225151613354683	0.9422348141670227	0.0010403783526271582	0.011843262240290642	0.0014522788114845753	0.0005161378066986799	0.0005900778342038393	7.156599895097315e-05
9,18113E+17	We got 4 cities on this bitch California is really on fire......oh wait	data/processed/pro_crisismmd/images/data_image/california_wildfires/11_10_2017/918112790237274112_0.jpg	not_humanitarian	not_humanitarian	True	0.7317734211683273	0.48999703023582697	0.7317734211683273	0.24177639093250036	0.000355351461621467	0.017768864519894123	0.00663372699636966	0.0008746502426220104	0.0005134042876306921	0.0003042072476091562	False	True	0.8902096748352051	0.03887500986456871	0.0008590181241743267	0.04656120762228966	0.017917508259415627	0.003472384298220277	0.0009824937442317605	0.0011227111099287868	True	0.6789613366127014	0.3094101846218109	0.00018746257410384715	0.008171416819095612	0.0028724665753543377	8.738890755921602e-06	0.000357041135430336	3.1372626835945994e-05
9,18235E+17	Wildfires destroy Northern California wineriesMetal racks... News NewsPhotos WorldNews	data/processed/pro_crisismmd/images/data_image/california_wildfires/11_10_2017/918235098591514626_0.jpg	infrastructure_and_utility_damage	not_humanitarian	False	0.6349464058876038	0.46727024391293526	0.6349464058876038	0.15536657441407442	0.002056732482742518	0.1676761619746685	0.02802285458892584	0.0012208198459120467	0.010528374055866152	0.00018205277274319087	False	True	0.5949630737304688	0.06166182830929756	0.001179547281935811	0.20778800547122955	0.09338626265525818	0.00428640004247427	0.036069247871637344	0.0006656794575974345	True	0.6482741832733154	0.18660148978233337	0.0023491275496780872	0.15430554747581482	0.006235051900148392	0.00019895978039130569	0.002014749450609088	2.0843877791776322e-05
9,18236E+17	I officially quit California, I'm sick of these fires. santarosa napa wildfires	data/processed/pro_crisismmd/images/data_image/california_wildfires/11_10_2017/918235686091636736_0.jpg	not_humanitarian	not_humanitarian	True	0.6548216938972473	0.4484039284288883	0.6548216938972473	0.206417765468359	0.011266831963439472	0.04296713974326849	0.07538608834147453	0.006222232936124783	0.002657091310538817	0.0002611468626128044	False	True	0.6907377243041992	0.21814517676830292	0.0008958296966738999	0.04661610350012779	0.01841222494840622	0.024392791092395782	0.00041371004772372544	0.0003864698810502887	True	0.6428496837615967	0.20250862836837769	0.014723832719027996	0.041750818490982056	0.09437737613916397	0.0001653802173677832	0.0034048850648105145	0.00021937252313364297
9,18237E+17	Deadly California wildfires flare up and swallow more homes	data/processed/pro_crisismmd/images/data_image/california_wildfires/11_10_2017/918237370536906753_0.jpg	infrastructure_and_utility_damage	infrastructure_and_utility_damage	True	0.5032961964607239	0.3053130470216274	0.19798314943909645	0.1719290241599083	0.006759001815225929	0.5032961964607239	0.10900657437741756	0.002802754781441763	0.006811916129663587	0.0014114395144133596	False	True	0.28034311532974243	0.13860519230365753	0.0012884184252470732	0.3578053116798401	0.19578403234481812	0.010291204787790775	0.010514977388083935	0.005367744714021683	True	0.1705298274755478	0.18303696811199188	0.008582529611885548	0.5517931580543518	0.08008075505495071	0.0003066047793254256	0.005577562376856804	9.267111454391852e-05
9,18244E+17	California wildfires keep growing as flames leave trail of destruction	data/processed/pro_crisismmd/images/data_image/california_wildfires/11_10_2017/918243601062141952_0.jpg	infrastructure_and_utility_damage	not_humanitarian	False	0.5370486825704575	0.31188228726387024	0.5370486825704575	0.22516639530658722	0.012638362008146942	0.16126497369259596	0.05963900126516819	0.0004414740742504364	0.0035609864280559123	0.00024007911997614428	False	True	0.7548415064811707	0.07694926857948303	0.0031645535491406918	0.03961889073252678	0.11853265017271042	0.001606596983037889	0.004948544315993786	0.00033803359838202596	True	0.4644510746002197	0.27457210421562195	0.015796298161149025	0.20181366801261902	0.040007784962654114	5.3099771321285516e-05	0.003098467132076621	0.00020742762717418373
9,18273E+17	Raining Ash and No Rest: Firefighters Struggle to Contain California Wildfires SocialMedia	data/processed/pro_crisismmd/images/data_image/california_wildfires/12_10_2017/918272560848101376_0.jpg	rescue_volunteering_or_donation_effort	not_humanitarian	False	0.5772301852703094	0.3661269508302212	0.5772301852703094	0.21110323444008827	0.03425107290968299	0.09812568896450102	0.06871723011136055	0.00021926064073340967	0.00829979736590758	0.002053534219157882	False	True	0.7012298703193665	0.15044862031936646	0.048536673188209534	0.008281455375254154	0.06219229847192764	0.0006180961499921978	0.021658597514033318	0.00703438138589263	True	0.5358969569206238	0.23132143914699554	0.02948920615017414	0.1280737668275833	0.07089220732450485	8.631547098048031e-05	0.0038468639831990004	0.0003932518302462995
9,18273E+17	How You Can Help With the California Fire Relief Efforts	data/processed/pro_crisismmd/images/data_image/california_wildfires/12_10_2017/918273289197416448_0.jpg	not_humanitarian	not_humanitarian	True	0.5088321194052696	0.14975199103355408	0.5088321194052696	0.022031332831829786	0.35908012837171555	0.0013541961379814893	0.10625767894089222	1.8051130659557657e-05	0.0021997096555423923	0.00022679843300466018	False	True	0.7766420841217041	0.06734587252140045	0.042401254177093506	0.0006602671928703785	0.10385549813508987	7.116781489457935e-05	0.008144347928464413	0.0008795141475275159	True	0.41956213116645813	0.0069264862686395645	0.4646397531032562	0.0015855057863518596	0.10705840587615967	3.455692478837591e-07	0.00021816356456838548	9.22652816370828e-06
9,18276E+17	Half of California is on fire and my flight keeps getting delayed	data/processed/pro_crisismmd/images/data_image/california_wildfires/12_10_2017/918276213205909504_0.jpg	not_humanitarian	not_humanitarian	True	0.8432964980602264	0.7237018304294907	0.8432964980602264	0.11959466763073578	0.0009361082338728011	0.006275434425333515	0.023552926955744624	2.850941700671683e-05	0.0006957389559829608	0.005620086674753111	False	True	0.9565544724464417	0.0016763231251388788	0.0005715053994208574	0.0016903990181162953	0.01525349821895361	0.00010695056698750705	0.0018109685042873025	0.022335803136229515	True	0.805543839931488	0.15890078246593475	0.001057642512023449	0.007803779561072588	0.02631940320134163	2.3623670131200925e-06	0.00032399577321484685	4.818118759430945e-05
9,18278E+17	This spooky sun courtesy of the worst wildfires in California's history.	data/processed/pro_crisismmd/images/data_image/california_wildfires/12_10_2017/918278249574043648_0.jpg	not_humanitarian	not_humanitarian	True	0.5879856795072556	0.3056597802788019	0.5879856795072556	0.28232589922845364	0.006328044502879493	0.07078957464545965	0.04913481557741761	4.700751151176519e-05	0.002762510208413005	0.000626424269285053	False	True	0.7285362482070923	0.03519272059202194	0.0009464492904953659	0.10322292149066925	0.12933924794197083	0.0001136388600571081	0.000618332764133811	0.0020304089412093163	True	0.5411354899406433	0.36470362544059753	0.008121909573674202	0.059978459030389786	0.022400004789233208	2.4797061996650882e-05	0.003477236023172736	0.00015842937864363194
9,18279E+17	Wrist hurts. California and world are on fire. I'm out of Pepsi. MoodToday	data/processed/pro_crisismmd/images/data_image/california_wildfires/12_10_2017/918278750516793344_0.jpg	not_humanitarian	not_humanitarian	True	0.9729775190353394	0.9631253901752643	0.9729775190353394	0.009852128860075027	0.0016886544763110578	0.007286249194294214	0.0023711358662694693	5.6748230917946785e-05	0.002755241410341114	0.0030122813166144624	False	True	0.9624062180519104	0.0036227062810212374	0.0012796921655535698	0.008713590912520885	0.005575251765549183	0.00021468194609042257	0.006156404502689838	0.012031396850943565	True	0.9765012860298157	0.011928603053092957	0.0018249752465635538	0.0068104686215519905	0.0013030972331762314	4.1036591937881894e-06	0.0016215203795582056	5.90947183809476e-06
9,18279E+17	B.C. vintner's Signorello Estate winery destroyed in California wildfires	data/processed/pro_crisismmd/images/data_image/california_wildfires/12_10_2017/918278752852955136_0.jpg	infrastructure_and_utility_damage	not_humanitarian	False	0.46247052401304245	0.24993282184004784	0.46247052401304245	0.09317871648818254	0.04804392746882513	0.17549756169319153	0.2125377021729946	0.0004379995953058824	0.0074445633217692375	0.00038904938264749944	False	True	0.7076289653778076	0.03223806992173195	0.002252088161185384	0.12321728467941284	0.12420132756233215	0.0009980379836633801	0.008991915732622147	0.00047234437079168856	True	0.3807510435581207	0.11349226534366608	0.06330787390470505	0.19292432069778442	0.24198316037654877	0.0002513201325200498	0.006928779184818268	0.0003612843865994364
9,18279E+17	An otherworldly sun while California wildfires burn.	data/processed/pro_crisismmd/images/data_image/california_wildfires/12_10_2017/918279475917332480_0.jpg	not_humanitarian	not_humanitarian	True	0.7478373944759369	0.5273339375853539	0.7478373944759369	0.22050345689058304	0.004010308803117368	0.013500512461178005	0.01217699609696865	2.0707932549157704e-05	0.0009148888202616945	0.0010357919481975841	False	True	0.7766070365905762	0.1858687847852707	0.00037323698052205145	0.007608115207403898	0.02483590506017208	6.300476525211707e-05	0.0006374541553668678	0.0040065571665763855	True	0.7382475137710571	0.23204834759235382	0.005222666077315807	0.015464644879102707	0.00795735977590084	6.608988314837916e-06	0.0010073670418933034	4.5536875404650345e-05
9,1828E+17	AIDS infection, Wildfires, pedophiles free at last What is daily life in California? Jeopardy	data/processed/pro_crisismmd/images/data_image/california_wildfires/12_10_2017/918279732285845504_0.jpg	not_humanitarian	not_humanitarian	True	0.8719468116760254	0.8171734274365008	0.8719468116760254	0.0547733842395246	0.0047617666714359075	0.0036320293438620865	0.04490858828648925	5.091144011259985e-05	0.018090936908265576	0.0018356533255428076	False	True	0.9658513069152832	0.024098260328173637	0.0010207333834841847	0.001389883691444993	0.0035621728748083115	0.00020115193910896778	0.001558788469992578	0.0023177112452685833	True	0.8406453132629395	0.06499842554330826	0.006008777767419815	0.004379411228001118	0.05869072675704956	8.312737804772041e-07	0.023601653054356575	0.0016749673523008823
9,18313E+17	meanwhile california is on fire and it looks like we're living in blade runner.	data/processed/pro_crisismmd/images/data_image/california_wildfires/12_10_2017/918312987299012608_0.jpg	not_humanitarian	not_humanitarian	True	0.40415719896554947	0.001814508344978094	0.40415719896554947	0.4023426906205714	0.0008606244882685132	0.14994283206760883	0.03478000545874238	0.0012469702814996708	0.0007381111208815128	0.005931552579568233	False	True	0.728144109249115	0.01967662014067173	0.002605022629722953	0.11149350553750992	0.10908134281635284	0.00476868636906147	0.001259148120880127	0.022971568629145622	True	0.29616156220436096	0.5298980474472046	0.00027915844111703336	0.16275927424430847	0.010012893006205559	7.306491897907108e-05	0.0005644321208819747	0.0002515472297091037
9,18313E+17	meanwhile california is on fire and it looks like we're living in blade runner.	data/processed/pro_crisismmd/images/data_image/california_wildfires/12_10_2017/918312987299012608_1.jpg	not_humanitarian	not_humanitarian	True	0.4422400966286659	0.03988015418872237	0.4422400966286659	0.40235994243994355	0.00047211952187353745	0.13773011974990368	0.015425744000822306	0.00016380915258196183	0.0010686870373319834	0.0005394605323090218	False	True	0.8804756999015808	0.01974562741816044	0.0010510027641430497	0.0626426562666893	0.031664296984672546	0.00043604185339063406	0.0025814517866820097	0.001403200440108776	True	0.29616156220436096	0.5298980474472046	0.00027915844111703336	0.16275927424430847	0.010012893006205559	7.306491897907108e-05	0.0005644321208819747	0.0002515472297091037
9,18314E+17	Massive destruction from California wildfires	data/processed/pro_crisismmd/images/data_image/california_wildfires/12_10_2017/918313549318955008_0.jpg	infrastructure_and_utility_damage	infrastructure_and_utility_damage	True	0.569754671305418	0.3908195551484823	0.1789351161569357	0.14699359610676765	0.006608354859054089	0.569754671305418	0.09035145957022905	0.001454714139981661	0.0053592093754559755	0.0005428399927041028	False	True	0.3909592628479004	0.13310754299163818	0.003636634908616543	0.15126751363277435	0.2984854280948639	0.004849954042583704	0.015572885982692242	0.002120714634656906	True	0.10826040059328079	0.15162228047847748	0.007598928175866604	0.7092503905296326	0.02097347006201744	0.00032296750578098	0.00195465050637722	1.6881778719834983e-05
9,18319E+17	Jeebus that's fast	data/processed/pro_crisismmd/images/data_image/california_wildfires/12_10_2017/918318861522313216_0.jpg	not_humanitarian	not_humanitarian	True	0.8277875259518623	0.752294356294442	0.8277875259518623	0.07549316965742037	0.0015838180552236736	0.03766525042010471	0.04023255578795215	0.003043319501557562	0.001666515709075611	0.012527897847917302	False	True	0.3302837312221527	0.2990998923778534	0.002737484872341156	0.13948410749435425	0.1599859744310379	0.012166483327746391	0.00614420510828495	0.05009813606739044	True	0.9936221241950989	0.0009575954172760248	0.001199262449517846	0.003725631395354867	0.0003147495735902339	2.2648928279522806e-06	0.00017395257600583136	4.485108092922019e-06
9,18319E+17	California Wildfires seen Disneyland | Idaho Statesman:	data/processed/pro_crisismmd/images/data_image/california_wildfires/12_10_2017/918319244084961280_0.jpg	not_humanitarian	not_humanitarian	True	0.43319814652204514	0.04345066845417023	0.43319814652204514	0.3897474780678749	0.006799704511649907	0.09116659313440323	0.06634228955954313	0.00038616405754510197	0.0043645366677083075	0.007995132109499536	False	True	0.33121034502983093	0.3176073431968689	0.007763978559523821	0.10387811809778214	0.19833645224571228	0.001466765534132719	0.009628016501665115	0.030109066516160965	True	0.4671940803527832	0.4137941896915436	0.0064782798290252686	0.08692941814661026	0.022344235330820084	2.596356534922961e-05	0.002610043389722705	0.0006238206406123936
9,18354E+17	Anyways, I drove through the Redwood Forest then next to the California wildfires	data/processed/pro_crisismmd/images/data_image/california_wildfires/12_10_2017/918354135350616064_0.jpg	not_humanitarian	not_humanitarian	True	0.6526342928409576	0.430042527616024	0.6526342928409576	0.22259176522493362	0.0026089423918165267	0.03512045368552208	0.027368884533643723	0.0006095756543800235	0.0024828213499858975	0.056583247418529936	False	True	0.5311295986175537	0.13693374395370483	0.006091573741286993	0.01390589028596878	0.07767415046691895	0.0019300718558952212	0.00621841661632061	0.2261165827512741	True	0.6931358575820923	0.2511444389820099	0.0014480652753263712	0.04219197481870651	0.010600462555885315	0.00016941025387495756	0.0012376229278743267	7.213564094854519e-05
9,18354E+17	Anyways, I drove through the Redwood Forest then next to the California wildfires	data/processed/pro_crisismmd/images/data_image/california_wildfires/12_10_2017/918354135350616064_2.jpg	not_humanitarian	not_humanitarian	True	0.6258527263998985	0.37598448619246483	0.6258527263998985	0.2498682402074337	0.0014402792730834335	0.09615735150873661	0.020157246850430965	0.0035826129897031933	0.0016486087115481496	0.0012929101158078993	False	True	0.42400333285331726	0.24603964388370514	0.0014169212663546205	0.2580534815788269	0.04882759973406792	0.0138222211971879	0.0028815660625696182	0.0049552335403859615	True	0.6931358575820923	0.2511444389820099	0.0014480652753263712	0.04219197481870651	0.010600462555885315	0.00016941025387495756	0.0012376229278743267	7.213564094854519e-05
9,18354E+17	Anyways, I drove through the Redwood Forest then next to the California wildfires	data/processed/pro_crisismmd/images/data_image/california_wildfires/12_10_2017/918354135350616064_3.jpg	other_relevant_information	not_humanitarian	False	0.6824014484882355	0.4516640342772007	0.6824014484882355	0.23073741421103477	0.0012792919296771288	0.060271698981523514	0.023240494541823864	0.00046978300088085234	0.0012197128089610487	0.00038011422475392465	False	True	0.650198221206665	0.16951633989810944	0.0007729718927294016	0.11451087146997452	0.06116059049963951	0.0013709012418985367	0.0011659824522212148	0.001304049976170063	True	0.6931358575820923	0.2511444389820099	0.0014480652753263712	0.04219197481870651	0.010600462555885315	0.00016941025387495756	0.0012376229278743267	7.213564094854519e-05
9,18363E+17	California: Basically on fire Internet: 90'S MC DONALDS SAAAUUUUUCE	data/processed/pro_crisismmd/images/data_image/california_wildfires/12_10_2017/918363176588083200_0.jpg	not_humanitarian	not_humanitarian	True	0.7349874451756477	0.5868570422408084	0.7349874451756477	0.07285835174843669	0.0019575082405935973	0.03716609510593116	0.002505080890841782	0.00035927313001593575	0.0020358724577818066	0.14813040293483937	False	True	0.3773878514766693	0.015408461913466454	0.0037431137170642614	0.001347704790532589	0.0033264553640037775	0.0013285083696246147	0.00508950324729085	0.5923683643341064	True	0.8541873097419739	0.0920083150267601	0.001362306415103376	0.049105558544397354	0.0022312893997877836	3.619471681304276e-05	0.0010179955279454589	5.1082468417007476e-05
9,18395E+17	"News via FOXNEWS ""California wildfires make searching for missing tough"""	data/processed/pro_crisismmd/images/data_image/california_wildfires/12_10_2017/918394712842735616_0.jpg	missing_or_found_people	missing_or_found_people	True	0.5888027623295784	0.41360110888490453	0.17520165344467387	0.08795676623549298	0.03003199045679139	0.024527079539211627	0.08804528816835955	7.556324777624468e-05	0.0053589475064654835	0.5888027623295784	False	True	0.0027181317564100027	1.7868767827167176e-05	2.933744872279931e-05	1.1865503438457381e-05	0.0011387777049094439	2.5985775664594257e-06	0.00016357030835933983	0.9959178566932678	True	0.23269616067409515	0.11726973205804825	0.040032874792814255	0.03269881755113602	0.11701412498950958	9.988480451283976e-05	0.007090739905834198	0.45309773087501526
9,19563E+17	Crews sift ruins for traces of wildfire victims	data/processed/pro_crisismmd/images/data_image/california_wildfires/15_10_2017/919562538353795076_0.jpg	rescue_volunteering_or_donation_effort	infrastructure_and_utility_damage	False	0.5972018906613812	0.47143780381884426	0.10193867236375809	0.020191555144265294	0.12576408684253693	0.5972018906613812	0.04168424056842923	0.0004810785612789914	0.107435567304492	0.005302962934365496	False	True	0.2565804719924927	0.010389626957476139	0.28829607367515564	0.005061534699052572	0.09421495348215103	0.0013840843457728624	0.32567843794822693	0.018394822254776955	True	0.05039140582084656	0.02345886453986168	0.07158675789833069	0.7945820093154907	0.024174002930521965	0.00018007663311436772	0.03468794375658035	0.0009390098275616765
9,19565E+17	EarthChanges California wildfires visible from outer space - Bemidji Pioneer via hng news	data/processed/pro_crisismmd/images/data_image/california_wildfires/15_10_2017/919564784537804800_0.jpg	not_humanitarian	other_relevant_information	False	0.8152649402618408	0.6866483250632882	0.1286166151985526	0.8152649402618408	0.00478609511628747	0.03216846892610192	0.015917626675218344	0.00155316654672788	0.0003371595375938341	0.0013559442886617035	False	True	0.3377525508403778	0.6173906922340393	0.002069074660539627	0.01971966214478016	0.013349583372473717	0.005913275759667158	0.00045061291893944144	0.003354566404595971	True	0.05890463665127754	0.8812230229377747	0.005691768601536751	0.03631807118654251	0.016773641109466553	9.979680908145383e-05	0.000299341743811965	0.0006897369166836143
9,19566E+17	Amazing! Family dog emerges alive amid California wildfire aftermath	data/processed/pro_crisismmd/images/data_image/california_wildfires/15_10_2017/919565833596125184_0.jpg	not_humanitarian	affected_individuals	False	0.403388861566782	0.19273433461785316	0.04107418470084667	0.21065452694892883	0.047470323217567056	0.16646977327764034	0.403388861566782	0.08172029703564476	0.01856927457265556	0.030652782879769802	False	True	0.05049600824713707	0.16317325830459595	0.00305836065672338	0.31433847546577454	0.060022130608558655	0.3246898651123047	0.012040634639561176	0.07218127697706223	True	0.037933576852083206	0.2264816164970398	0.06227431073784828	0.11718020588159561	0.5178444385528564	0.0007304410100914538	0.02074548788368702	0.01680995151400566
9,19566E+17	tf california why don't you just turn off fire spreads lol y'all dumb	data/processed/pro_crisismmd/images/data_image/california_wildfires/15_10_2017/919566012604874754_0.jpg	not_humanitarian	not_humanitarian	True	0.8826976269483566	0.7812307504937053	0.8826976269483566	0.10146687645465136	0.0003297640087112086	0.011605281615629792	0.0019085635285591707	0.00037028954773177247	0.0005404553994594608	0.0010811529250531748	False	True	0.6741268634796143	0.3038533627986908	0.0010306991171091795	0.008372706361114979	0.00539254117757082	0.0014704811619594693	0.0014552773209288716	0.004298062529414892	True	0.9522212147712708	0.03400471433997154	9.611897257855162e-05	0.012682806700468063	0.0007472376455552876	3.559009655873524e-06	0.00023551475896965712	8.849723599269055e-06
9,19574E+17	Northern California residents return home to find houses destroyed by wildfires	data/processed/pro_crisismmd/images/data_image/california_wildfires/15_10_2017/919573866003001344_0.jpg	infrastructure_and_utility_damage	affected_individuals	False	0.809877522289753	0.7233031127834693	0.0865744095062837	0.011191816651262343	0.006501957308501005	0.08243496716022491	0.809877522289753	0.00044620766766456654	0.002529564757423941	0.000443541030108463	False	True	0.3314753472805023	0.030310960486531258	0.0046171885915100574	0.1875368356704712	0.4341672956943512	0.0017459645168855786	0.009136324748396873	0.001010062755085528	True	0.004940763581544161	0.004818768706172705	0.007130213547497988	0.04740101099014282	0.9351142644882202	1.2955384590895846e-05	0.00032731142709963024	0.00025470045511610806
9,19575E+17	A selection of Sunday front pages focusing on the California wildfires.	data/processed/pro_crisismmd/images/data_image/california_wildfires/15_10_2017/919574683934183424_0.jpg	not_humanitarian	other_relevant_information	False	0.5842893496155739	0.3772307533508865	0.20705859626468737	0.5842893496155739	0.005056944195530377	0.06401726510375738	0.09472775412723422	0.029014192521572113	0.013682264514500275	0.0021536944768740796	False	True	0.8258318901062012	0.09668013453483582	0.0006113196141086519	0.03748100623488426	0.022305605933070183	0.01591876521706581	0.0010078648338094354	0.00016341320588253438	True	0.0008008316508494318	0.7468257546424866	0.006538819056004286	0.07286268472671509	0.11886847019195557	0.03337933495640755	0.01790706440806389	0.0028171215672045946
9,19576E+17	Rotary members are working together to respond to wildfires in California.	data/processed/pro_crisismmd/images/data_image/california_wildfires/15_10_2017/919575878241280000_0.jpg	rescue_volunteering_or_donation_effort	rescue_volunteering_or_donation_effort	True	0.6455678464844823	0.45071638468652964	0.19485146179795265	0.029046742245554924	0.6455678464844823	0.002616845740703866	0.12241016142070293	0.00025027879888739335	0.004464930243557319	0.0007916494087112369	False	True	0.6722239255905151	0.03957289829850197	0.03699951246380806	0.005599931813776493	0.2264714390039444	0.000994869158603251	0.015303720720112324	0.00283364811912179	True	0.035727307200431824	0.025538023561239243	0.848423957824707	0.0016224837163463235	0.08772306889295578	2.0820123154408066e-06	0.0008520000847056508	0.00011098317190771922
9,19577E+17	California wildfires have been devastatingly arbitrary. Some houses stand amid a sea of ash.	data/processed/pro_crisismmd/images/data_image/california_wildfires/15_10_2017/919576955523096578_0.jpg	infrastructure_and_utility_damage	infrastructure_and_utility_damage	True	0.727793775498867	0.6184588931500912	0.04908467357745394	0.10052162036299706	0.0010088576236739755	0.727793775498867	0.10933488234877586	0.009740011562826112	0.0023652850941289216	0.00015082901427376783	False	True	0.18552619218826294	0.16614560782909393	0.0009495326085016131	0.39298638701438904	0.2111322581768036	0.03762179613113403	0.005185318179428577	0.0004529048455879092	True	0.0036041673738509417	0.0786469578742981	0.0010286326287314296	0.8393962383270264	0.07540242373943329	0.00044608337339013815	0.001425274065695703	5.013707050238736e-05
9,19578E+17	During our Summer long research on the IRCURVE The Great Basin Inhale and Exhale was noted	data/processed/pro_crisismmd/images/data_image/california_wildfires/15_10_2017/919578094398144513_0.jpg	not_humanitarian	other_relevant_information	False	0.670380249619484	0.3664591433480382	0.30392110627144575	0.670380249619484	0.00029234329849714413	0.012263688258826733	0.005669497069902718	0.0012159551583863504	0.000899851478607161	0.0053573012628476135	False	True	0.05663735792040825	0.8916873931884766	0.0002801224181894213	0.013158618472516537	0.012125802226364613	0.004826172720640898	0.00012820241681765765	0.02115630730986595	True	0.38634902238845825	0.5966112017631531	0.0002964169252663851	0.011965378187596798	0.0035173953510820866	1.2549304301501252e-05	0.0011570678325369954	9.096591384150088e-05
9,19578E+17	During our Summer long research on the IRCURVE The Great Basin Inhale and Exhale was noted	data/processed/pro_crisismmd/images/data_image/california_wildfires/15_10_2017/919578094398144513_1.jpg	not_humanitarian	other_relevant_information	False	0.6599900275468826	0.33363960683345795	0.3263504207134247	0.6599900275468826	0.00024877569921955	0.00923741701990366	0.002860150416381657	4.926560677631642e-05	0.0010413886338938028	0.0002225365096819587	False	True	0.14635461568832397	0.8501265048980713	0.00010585202107904479	0.0010535335168242455	0.0008884156122803688	0.00015941451420076191	0.0006943510379642248	0.0006172482972033322	True	0.38634902238845825	0.5966112017631531	0.0002964169252663851	0.011965378187596798	0.0035173953510820866	1.2549304301501252e-05	0.0011570678325369954	9.096591384150088e-05
9,19584E+17	Cali Fire Solutions & References By Hillary 2020	data/processed/pro_crisismmd/images/data_image/california_wildfires/15_10_2017/919583686219255808_0.jpg	not_humanitarian	not_humanitarian	True	0.8101605027914047	0.7367099964176305	0.8101605027914047	0.06689951945736539	0.021850103716133162	0.023096987875760533	0.07345050637377426	3.22692089866905e-05	0.003157146100420505	0.0013529591960832477	False	True	0.9916433691978455	0.0004853309947066009	0.001876107300631702	0.0007023416110314429	0.0016555737238377333	7.393553096335381e-05	0.001943789655342698	0.0016194848576560616	True	0.7496662139892578	0.08903758227825165	0.028508102521300316	0.030561869964003563	0.09738215059041977	1.8380434994469397e-05	0.0035615982487797737	0.0012641173088923097
9,196E+17	Video shows California family reuniting with pet dog presumed dead in wildfire	data/processed/pro_crisismmd/images/data_image/california_wildfires/15_10_2017/919600201538658310_0.jpg	not_humanitarian	affected_individuals	False	0.5218131169676781	0.21851100772619247	0.09752273862250149	0.037496186792850494	0.02498101384844631	0.006448562256991863	0.5218131169676781	0.00012782556530055444	0.008308454765938222	0.3033021092414856	False	True	0.35056114196777344	0.028601858764886856	0.007234248798340559	0.012803478166460991	0.20743021368980408	0.0004911900032311678	0.0063216290436685085	0.3865561783313751	True	0.01317660417407751	0.04046096280217171	0.03089660219848156	0.004330256953835487	0.6266074180603027	6.704085990349995e-06	0.008970730006694794	0.2755507528781891
9,19601E+17	Cuomo: NY team to help fight massive California wildfires	data/processed/pro_crisismmd/images/data_image/california_wildfires/15_10_2017/919600773507383296_0.jpg	rescue_volunteering_or_donation_effort	not_humanitarian	False	0.5931658148765564	0.4575040638446808	0.5931658148765564	0.11538446601480246	0.1356617510318756	0.023511458886787295	0.1259075179696083	0.00012712050602203817	0.005733757046982646	0.0005081093186163343	False	True	0.7451914548873901	0.03219492360949516	0.027876511216163635	0.003861653618514538	0.17473264038562775	0.00046150971320457757	0.014696215279400349	0.000985069666057825	True	0.5424906015396118	0.14311431348323822	0.1715901643037796	0.030061393976211548	0.1096324771642685	1.5657436961191706e-05	0.0027462709695100784	0.00034912253613583744
9,19604E+17	Family Finds Beloved Dog Alive Amid California Wildfires news usanews nbcnews	data/processed/pro_crisismmd/images/data_image/california_wildfires/15_10_2017/919603827510190080_0.jpg	not_humanitarian	not_humanitarian	True	0.5189233049750328	0.3147039646282792	0.5189233049750328	0.13004203792661428	0.034947547945193946	0.06345993815921247	0.2042193403467536	0.00014571185602108017	0.019551575533114374	0.028710517566651106	False	True	0.8765679597854614	0.021509643644094467	0.0017807367257773876	0.005190215073525906	0.04317763075232506	0.0002925980952568352	0.003414770122617483	0.04806634783744812	True	0.39970842003822327	0.16621950268745422	0.046003151684999466	0.08288317918777466	0.2578999102115631	9.674977627582848e-05	0.02493051066994667	0.0222585741430521
9,19605E+17	"The conspiracy nuts are saying the California Wildfires ""set by an atmospheric weapon."" :/"	data/processed/pro_crisismmd/images/data_image/california_wildfires/15_10_2017/919605179443490822_0.jpg	not_humanitarian	not_humanitarian	True	0.6814580708742142	0.39566176384687424	0.6814580708742142	0.28579630702733994	0.001588446000823751	0.00915593933314085	0.009833791060373187	0.0007647920231192984	0.0004557418651529588	0.010946950373181608	False	True	0.6152422428131104	0.3016946315765381	0.0006487177452072501	0.017110412940382957	0.01770172081887722	0.003053301014006138	0.0010215091751888394	0.04352752864360809	True	0.7035300135612488	0.28049686551094055	0.001901688752695918	0.006504448130726814	0.007211147807538509	1.95569282368524e-06	0.00026715276180766523	8.675761637277901e-05
9,19605E+17	"The conspiracy nuts are saying the California Wildfires ""set by an atmospheric weapon."" :/"	data/processed/pro_crisismmd/images/data_image/california_wildfires/15_10_2017/919605179443490822_1.jpg	other_relevant_information	not_humanitarian	False	0.6831511706113815	0.4203200750052929	0.6831511706113815	0.26283109560608864	0.0015287310525309294	0.013767990749329329	0.011541955871507525	0.01621348125104305	0.001492289658926893	0.009473291655012872	False	True	0.6220146417617798	0.2098337858915329	0.00040985795203596354	0.03555861860513687	0.024534380063414574	0.06484805792570114	0.005167700350284576	0.03763289377093315	True	0.7035300135612488	0.28049686551094055	0.001901688752695918	0.006504448130726814	0.007211147807538509	1.95569282368524e-06	0.00026715276180766523	8.675761637277901e-05
9,19608E+17	Raw: Fire engine heads into heavy flames as Coffey Park in Santa Rosa erupts	data/processed/pro_crisismmd/images/data_image/california_wildfires/15_10_2017/919607528849268736_0.jpg	infrastructure_and_utility_damage	other_relevant_information	False	0.6092952098697424	0.5119533445686102	0.09406188316643238	0.6092952098697424	0.024057013739366084	0.09357430972158909	0.07134952861815691	0.0973418653011322	0.007913939538411796	0.0024062565935309976	False	True	0.27521052956581116	0.048482201993465424	0.002381160156801343	0.220217764377594	0.10060040652751923	0.3265962600708008	0.02560613490641117	0.0009054903639480472	True	0.03367900103330612	0.7962328791618347	0.031282298266887665	0.05135982483625412	0.061599235981702805	0.020923733711242676	0.0020165410824120045	0.002906512003391981
9,19612E+17	Are California forest fire memes worth investing in?	data/processed/pro_crisismmd/images/data_image/california_wildfires/15_10_2017/919611571583713280_0.jpg	not_humanitarian	not_humanitarian	True	0.8731233030557632	0.8207142751198262	0.8731233030557632	0.05240902793593705	0.005651512765325606	0.00891903905721847	0.05060006072744727	2.5077461600631068e-05	0.0017676463176030666	0.007504303757741582	False	True	0.8163779973983765	0.007137891836464405	0.004711028654128313	0.0008254880667664111	0.13595780730247498	8.765466918703169e-05	0.005511854775249958	0.02939026430249214	True	0.8920384049415588	0.06749940663576126	0.005965007469058037	0.011616889387369156	0.02214747853577137	4.218392405164195e-06	0.0005195768317207694	0.00020898357615806162
9,19612E+17	California Wildfires: Housing Markets Will Likely Feel Devastating Effects for Years	data/processed/pro_crisismmd/images/data_image/california_wildfires/15_10_2017/919611976220737536_0.jpg	infrastructure_and_utility_damage	infrastructure_and_utility_damage	True	0.31697840243577957	0.06262670084834099	0.21627330034971237	0.2543517015874386	0.0032372399873565882	0.31697840243577957	0.20331713184714317	0.002485661772425374	0.002901118714362383	0.00045546713499788893	False	True	0.4823378622531891	0.14638973772525787	0.001091260346584022	0.20801573991775513	0.14077869057655334	0.009874114766716957	0.009840047918260098	0.0016725440509617329	True	0.12758511304855347	0.29033902287483215	0.003952566534280777	0.3532992899417877	0.22416327893733978	2.284410766151268e-05	0.0005881423130631447	4.9774829676607624e-05
9,19616E+17	One sentence nearly a week ago doesn't fucking count.	data/processed/pro_crisismmd/images/data_image/california_wildfires/15_10_2017/919615838164078592_0.jpg	not_humanitarian	not_humanitarian	True	0.9586224108934402	0.9252063981402898	0.9586224108934402	0.004526805889327079	0.0004230867107253289	0.0007274744421010837	0.0016122117958730087	0.0001577317100291964	0.0005143358030181844	0.033416012753150426	False	True	0.8428391814231873	0.012895653024315834	0.0014009096194058657	0.001575350877828896	0.005610146094113588	0.0006304995040409267	0.0015585529617965221	0.13348974287509918	True	0.9972168207168579	0.0017371901776641607	9.714574116514996e-05	0.00044484896352514625	0.00027956702979281545	1.4244535861962504e-07	0.00016626341675873846	5.8102712500840425e-05
9,19628E+17	UFC star, Henry Cujedo, burned while escaping from California wildfires -	data/processed/pro_crisismmd/images/data_image/california_wildfires/15_10_2017/919627601706143745_0.jpg	not_humanitarian	not_humanitarian	True	0.30818694457411766	0.0750471125356853	0.30818694457411766	0.23313983203843236	0.05249358434230089	0.07191605633124709	0.16626481339335442	0.00040099862235365435	0.07113436004146934	0.09646341390907764	False	True	0.556973934173584	0.001911388710141182	0.03166598826646805	0.0052388813346624374	0.1435704082250595	0.0006644768291153014	0.02369113825261593	0.2362837791442871	True	0.22525794804096222	0.3102159798145294	0.059436116367578506	0.09414178133010864	0.17382961511611938	0.00031317255343310535	0.08694876730442047	0.049856625497341156
9,19631E+17	"""We're Not Dead Yet!"": Harrowing Video Shows Men Narrowly Escaping Raging California Wild..."	data/processed/pro_crisismmd/images/data_image/california_wildfires/15_10_2017/919630935531782144_0.jpg	not_humanitarian	affected_individuals	False	0.30517485551536083	0.03408617526292801	0.12845009565353394	0.2710886802524328	0.0792103558924282	0.18342463951557875	0.30517485551536083	0.007918251056253212	0.017410225700587034	0.0073229201370850205	False	True	0.18331772089004517	0.07190342992544174	0.0006398261175490916	0.6109885573387146	0.07359059900045395	0.03128737211227417	0.02243545465171337	0.005837019998580217	True	0.11016088724136353	0.3374837636947632	0.10540053248405457	0.04090333357453346	0.38236960768699646	0.0001285440375795588	0.015735149383544922	0.007818220183253288
9,19639E+17	Sunday's paper has zero mention of the California wildfires. Unbelievable. Not even a teaser at the bottom.	data/processed/pro_crisismmd/images/data_image/california_wildfires/15_10_2017/919638621241643010_0.jpg	not_humanitarian	other_relevant_information	False	0.5880117109045386	0.31243672501295805	0.2755749858915806	0.5880117109045386	0.003447371505899355	0.009945892728865147	0.03433790826238692	0.016963818813110265	0.002288857940584421	0.06942945573973702	False	True	0.4792812168598175	0.04240274056792259	0.008954894728958607	0.02512643299996853	0.09740439057350159	0.06780514866113663	0.0027144260238856077	0.2763108015060425	True	0.20767290890216827	0.7698813676834106	0.0016115304315462708	0.004885712638497353	0.013315747492015362	1.670886376814451e-05	0.002147001912817359	0.00046900715096853673
9,19641E+17	Homeowners cry as they return after fire USNews USRC	data/processed/pro_crisismmd/images/data_image/california_wildfires/15_10_2017/919641467206774784_0.jpg	affected_individuals	affected_individuals	True	0.5602916926145554	0.2793353386223316	0.28095635399222374	0.012519127689301968	0.007867226959206164	0.1276459526270628	0.5602916926145554	0.00013262786319501174	0.0024093699757941067	0.008177617302862927	False	True	0.06259797513484955	0.003731386736035347	0.0008172462694346905	0.041817717254161835	0.8596816062927246	0.0005071262130513787	0.0026166699826717377	0.028230270370841026	True	0.35374248027801514	0.015448374673724174	0.010217220522463322	0.15625536441802979	0.4604950547218323	7.79507990955608e-06	0.002340269973501563	0.0014933996135368943
9,19646E+17	Incredible moment family dog emerges unscathed from California wildfires	data/processed/pro_crisismmd/images/data_image/california_wildfires/15_10_2017/919645897054502912_0.jpg	not_humanitarian	affected_individuals	False	0.4998256377875805	0.2838347766082734	0.028107105754315853	0.2159908611793071	0.028233526274561882	0.026465455652214587	0.4998256377875805	0.00026497606268094387	0.007639756775461137	0.1934726950712502	False	True	0.0571260005235672	0.005895097739994526	0.023097481578588486	0.006500607822090387	0.17049305140972137	0.0007445676019415259	0.011702800169587135	0.7244403958320618	True	0.01843414083123207	0.28602278232574463	0.02994554117321968	0.03312040492892265	0.6096031665802002	0.00010511221626074985	0.006285408977419138	0.01648346148431301
9,19662E+17	Check out the NEW CharityWatch CaliforniaWildfires Hot Topic:	data/processed/pro_crisismmd/images/data_image/california_wildfires/15_10_2017/919661659181871104_0.png	not_humanitarian	not_humanitarian	True	0.6217275857925415	0.4213158115744591	0.6217275857925415	0.20041177421808243	0.1123071163892746	0.006144102313555777	0.048099192790687084	0.0015823408239157288	0.004071863833814859	0.00565605222072918	False	True	0.7247805595397949	0.016137152910232544	0.17280398309230804	0.011291599832475185	0.0411318838596344	0.006193826906383038	0.0070999981835484505	0.020561030134558678	True	0.587376594543457	0.2618366479873657	0.09214149415493011	0.004428269807249308	0.05042162910103798	4.517879642662592e-05	0.0030624857172369957	0.0006877262494526803
9,19669E+17	Galifornia in Spain (picture), the Amazon in Brazil, California... The world in on fire D1	data/processed/pro_crisismmd/images/data_image/california_wildfires/15_10_2017/919668662688239627_0.jpg	not_humanitarian	not_humanitarian	True	0.4729379478376359	0.13880113954655826	0.4729379478376359	0.3341368082910776	0.0025631454118411057	0.173886613920331	0.014935659128241241	0.00020662892939071753	0.0012074008991476148	0.00012578040832522674	False	True	0.015290345065295696	0.9632617235183716	0.00042232891428284347	0.014738373458385468	0.004523055162280798	0.0007532676681876183	0.0005176836857572198	0.0004931431030854583	True	0.6254871487617493	0.12442850321531296	0.003276750911027193	0.22693602740764618	0.018406527116894722	2.441601645841729e-05	0.0014373066369444132	3.3261767384829e-06
9,19673E+17	Sen. Feinstein: I've never seen a California fire like this -	data/processed/pro_crisismmd/images/data_image/california_wildfires/15_10_2017/919672765246050305_0.jpg	not_humanitarian	not_humanitarian	True	0.5281930528581142	0.3296499941498041	0.5281930528581142	0.11219612997956574	0.034952805610373616	0.07164094876497984	0.19854305870831013	0.0007213567369035445	0.02391192695358768	0.02984071111131925	False	True	0.16950051486492157	0.009759430773556232	0.11414474248886108	0.009001541882753372	0.48884326219558716	0.0025346295442432165	0.0879482850432396	0.11826758831739426	True	0.6477572321891785	0.1463416963815689	0.00855549331754446	0.09252075105905533	0.10177632421255112	0.00011693246779032052	0.0025664742570370436	0.0003650853759609163
9,19673E+17	California cannabis farmer loses farmhouse, $2M in crops in wildfires	data/processed/pro_crisismmd/images/data_image/california_wildfires/15_10_2017/919673242130010113_0.jpg	infrastructure_and_utility_damage	not_humanitarian	False	0.44142551720142365	0.18614739924669266	0.44142551720142365	0.1277290373109281	0.0304750885698013	0.1276731351390481	0.255278117954731	0.0002670168687473051	0.004384704050607979	0.012767375723342411	False	True	0.713800311088562	0.031194349750876427	0.001867041690275073	0.05459116771817207	0.19426128268241882	0.0008959343540482223	0.0027444232255220413	0.0006454933318309486	True	0.3506339192390442	0.159907266497612	0.04001110419631004	0.15203379094600677	0.2756170630455017	5.737770698033273e-05	0.004931464325636625	0.016808003187179565
9,19676E+17	Ways you can help those in Napa and Sonoma now wildfires napavalley california	data/processed/pro_crisismmd/images/data_image/california_wildfires/15_10_2017/919676230949003264_0.jpg	rescue_volunteering_or_donation_effort	rescue_volunteering_or_donation_effort	True	0.44550665467977524	0.10517598316073418	0.34033067151904106	0.02169249253347516	0.44550665467977524	0.0030698484333697706	0.16634400561451912	5.3475440495276416e-05	0.020251441921573132	0.00275138059805613	False	True	0.06815211474895477	0.009918300434947014	0.7516659498214722	0.0014872477622702718	0.08135437965393066	0.00020652989041991532	0.078508161008358	0.008707303553819656	True	0.4310568571090698	0.025617223232984543	0.3434535562992096	0.003597381990402937	0.19467388093471527	2.457290520396782e-06	0.0008325355593115091	0.0007660729461349547
9,19685E+17	New York State Dispatches Crew To Help Contain CaliforniaWildfires	data/processed/pro_crisismmd/images/data_image/california_wildfires/15_10_2017/919684718664101888_0.jpg	rescue_volunteering_or_donation_effort	not_humanitarian	False	0.3945036232471466	0.07020782679319382	0.3945036232471466	0.15432233456522226	0.3242957964539528	0.02274030353873968	0.05168141145259142	0.00012626090244793886	0.05083979788469151	0.001490479611675255	False	True	0.5059228539466858	0.025427330285310745	0.18732327222824097	0.025206485763192177	0.060174182057380676	0.0004857064923271537	0.19199645519256592	0.0034637227654457092	True	0.35736387968063354	0.19728733599185944	0.36995330452919006	0.021918242797255516	0.04885048791766167	6.44570582153392e-06	0.003787578782066703	0.0008327318937517703
9,19685E+17	What's on fire in Northern California? - Berkeleyside googlemaps	data/processed/pro_crisismmd/images/data_image/california_wildfires/15_10_2017/919685344563310592_0.jpg	other_relevant_information	other_relevant_information	True	0.6062974333763123	0.23854058235883713	0.36775685101747513	0.6062974333763123	0.0013490985002135858	0.017956180730834603	0.004857784369960427	0.0007507856871598051	0.0008299812543555163	0.00020188169310131343	False	True	0.06744763255119324	0.9032564163208008	0.0007464703521691263	0.009368306957185268	0.015329034067690372	0.002858886495232582	0.00032445808756165206	0.0006687852437607944	True	0.4678599238395691	0.5073111057281494	0.001549974549561739	0.02081880532205105	0.0013673678040504456	4.808541780221276e-05	0.0009984889766201377	4.6247176214819774e-05
9,19689E+17	Moron Trump is tweeting nonsense while wildfires rage across California	data/processed/pro_crisismmd/images/data_image/california_wildfires/15_10_2017/919689277272985600_0.jpg	not_humanitarian	not_humanitarian	True	0.7137631326913834	0.538626444991678	0.7137631326913834	0.17513668769970536	0.008703345200046897	0.025981950951972976	0.03853676561266184	7.556696368737903e-05	0.010447477252455428	0.02735505012969952	False	True	0.7968115210533142	0.017890000715851784	0.008071094751358032	0.0009162925416603684	0.030180267989635468	0.00026050707674585283	0.037664368748664856	0.10820592939853668	True	0.6860803365707397	0.22755225002765656	0.008914095349609852	0.03433717042207718	0.041322264820337296	1.392025933455443e-05	0.0013751800870522857	0.00040475704008713365
9,19693E+17	California Wildfires: How Makers Can Respond When Disaster Strikes	data/processed/pro_crisismmd/images/data_image/california_wildfires/15_10_2017/919693399367622656_0.jpg	not_humanitarian	not_humanitarian	True	0.5656068325042725	0.2593071460723877	0.5656068325042725	0.30629968643188477	0.02965711696742801	0.037292608292773366	0.04687098227441311	1.9993208297819365e-05	0.0009005292668007314	0.01335227668164407	False	True	0.65467369556427	0.21959879994392395	0.00032642061705701053	0.010830719955265522	0.06042872741818428	5.500789120560512e-05	0.0007082285010255873	0.0533783845603466	True	0.5359178781509399	0.3351999819278717	0.03943401575088501	0.046113237738609314	0.04235173389315605	8.321647328557447e-06	0.0009646295220591128	1.0240722076559905e-05
9,19698E+17	Disneyland during raging wildfire. California, October 9, 2017. Kennya Boulter via Reuters	data/processed/pro_crisismmd/images/data_image/california_wildfires/15_10_2017/919698307655577602_0.jpg	not_humanitarian	other_relevant_information	False	0.5920715341344476	0.36016172653762624	0.23190980759682134	0.5920715341344476	0.01191520330030471	0.05786033580079675	0.06352451536804438	0.013832112483214587	0.014021587674506009	0.014864889672026038	False	True	0.9177926182746887	0.033033017069101334	0.003299959469586611	0.010778510943055153	0.011150296777486801	0.0018090426456183195	0.0019406196661293507	0.020195933058857918	True	0.0032822040375322104	0.778417706489563	0.014786951243877411	0.07355427742004395	0.08098258823156357	0.01783980242908001	0.01804857701063156	0.013087875209748745
9,197E+17	TubbsFire victim Karen Aycock, 54, 'wouldn't leave the house without her animals.'	data/processed/pro_crisismmd/images/data_image/california_wildfires/15_10_2017/919700496583049216_0.jpg	not_humanitarian	affected_individuals	False	0.5690141404047608	0.322333273710683	0.13089436423615552	0.009930930587870535	0.007327391998842359	0.015439274309756001	0.5690141404047608	4.477530364965787e-05	0.020668228302383795	0.24668086669407785	False	True	0.0015202962094917893	3.756218939088285e-05	0.0011149998754262924	0.00015805497241672128	0.05496898666024208	1.9758463167818263e-05	0.0019270448246970773	0.9402533769607544	True	0.17401905357837677	0.013228720054030418	0.00939818937331438	0.020533014088869095	0.7403625249862671	5.311425047693774e-05	0.0269152894616127	0.015490029938519001
9,19711E+17	Check out this shark swimming through the California streets during the wildfires. Crazy.	data/processed/pro_crisismmd/images/data_image/california_wildfires/15_10_2017/919711032242835456_0.jpg	not_humanitarian	infrastructure_and_utility_damage	False	0.38505175337195396	0.10356940189376473	0.10117592150345445	0.28148235147818923	0.016531095141544938	0.38505175337195396	0.05964606476482004	0.14562458520231303	0.001784953405149281	0.00870325299911201	False	True	0.3153519332408905	0.01793818734586239	0.007991847582161427	0.065971240401268	0.003763922955840826	0.5802466869354248	0.002671284833922982	0.006064947694540024	True	0.02978391759097576	0.36933040618896484	0.019377510994672775	0.4914119243621826	0.07827344536781311	0.0007505512912757695	0.0014895095955580473	0.009582688100636005
9,19716E+17	California wildfire north of Yosemite today.	data/processed/pro_crisismmd/images/data_image/california_wildfires/16_10_2017/919715738104995840_1.jpg	other_relevant_information	other_relevant_information	True	0.5908836498856544	0.21929357945919037	0.3715900704264641	0.5908836498856544	0.00577441998757422	0.024381309165619314	0.005392070626839995	0.00012434746213330072	0.0017221142770722508	0.0001320074479735922	False	True	0.5545300245285034	0.42721858620643616	0.0014131474308669567	0.007239169906824827	0.0074803708121180534	0.00041080053779296577	0.0013507617404684424	0.0003572199202608317	True	0.3106100857257843	0.6454386711120605	0.007228177506476641	0.030095355585217476	0.004695970565080643	2.886310358007904e-05	0.001845898455940187	5.6936623877845705e-05
9,19719E+17	San Diegans helping California wildfire victims sandiego	data/processed/pro_crisismmd/images/data_image/california_wildfires/16_10_2017/919719288377708545_0.jpg	rescue_volunteering_or_donation_effort	not_humanitarian	False	0.45067109540104866	0.15908392518758774	0.45067109540104866	0.005827741406392306	0.24367013573646545	0.0030188429154804908	0.2915871702134609	3.770729941265927e-05	0.0015920081350486726	0.0035952944672317244	False	True	0.2465929538011551	0.0016718266997486353	0.19683554768562317	0.0003365567827131599	0.5379714369773865	0.00014558914699591696	0.0022857156582176685	0.01416042447090149	True	0.5186971426010132	0.007213046308606863	0.2592816650867462	0.003912938293069601	0.2094590812921524	1.7466835515733692e-06	0.0013607722939923406	7.358446600846946e-05
9,19726E+17	Carmen McReynolds, victim of TubbsFire, was a doctor and 'western gal.'	data/processed/pro_crisismmd/images/data_image/california_wildfires/16_10_2017/919726035297435649_0.jpg	not_humanitarian	not_humanitarian	True	0.6835576742887497	0.5680310917086899	0.6835576742887497	0.0066834717290475965	0.00911767064826563	0.005766392103396356	0.11552658258005977	0.00015832330097964586	0.08460998255759478	0.09457985777407885	False	True	0.14027422666549683	0.005972616840153933	0.029510105028748512	0.008947092108428478	0.4346012771129608	0.0006120061152614653	0.037672434002161026	0.34241020679473877	True	0.864652156829834	0.006920423358678818	0.0023201925214380026	0.004706158768385649	0.00916835106909275	7.095696219039382e-06	0.10025583207607269	0.011969741433858871
9,19738E+17	Guy Fieri Cooks Barbecue in Fire Devastated California	data/processed/pro_crisismmd/images/data_image/california_wildfires/16_10_2017/919738452714799104_0.jpg	not_humanitarian	other_relevant_information	False	0.2494659712538123	0.0013289814814925194	0.2481369897723198	0.2494659712538123	0.21838415041565895	0.05581271823029965	0.17864150553941727	0.0092316154477885	0.017347035463899374	0.022980027715675533	False	True	0.38900962471961975	0.002319004386663437	0.08413700759410858	0.005746744107455015	0.37805894017219543	0.03600841760635376	0.02828298695385456	0.07643728703260422	True	0.20117944478988647	0.33184829354286194	0.2631331980228424	0.07250137627124786	0.11216902732849121	0.0003060147282667458	0.013701718300580978	0.005160941276699305
9,19742E+17	I Am Buying More wine To Show My Solidarity To Those Affected By The CaliforniaWildfires.	data/processed/pro_crisismmd/images/data_image/california_wildfires/16_10_2017/919741723349278726_0.jpg	not_humanitarian	not_humanitarian	True	0.9601766914129257	0.9422054143506102	0.9601766914129257	0.007871433012041962	0.009593713919457514	0.0034816002007573843	0.017971277062315494	0.00019917433937166606	0.0005232214643910993	0.00018291349988430738	False	True	0.9904650449752808	0.00024044174642767757	0.0003046538040507585	0.0041904025711119175	0.0034681197721511126	0.0007933863089419901	0.00016857376613188535	0.00036939617712050676	True	0.9500805735588074	0.010415096767246723	0.012690067291259766	0.00324533274397254	0.02280566282570362	1.1036828482247074e-06	0.0006414373638108373	0.00012075260747224092
9,19744E+17	Firefighters gain edge in battle with deadly California blazes USNews USRC	data/processed/pro_crisismmd/images/data_image/california_wildfires/16_10_2017/919743573347717120_0.jpg	rescue_volunteering_or_donation_effort	not_humanitarian	False	0.4658498540520668	0.2948056666646153	0.4658498540520668	0.17104418738745153	0.0902219545096159	0.06969467480666935	0.1577692455612123	0.0011210719385417178	0.04091396601870656	0.0033850364889076445	False	True	0.1637125313282013	0.0019010519608855247	0.14290091395378113	0.009551522321999073	0.5505253672599792	0.004300398752093315	0.11394684761762619	0.013161391019821167	True	0.566562294960022	0.2274252325296402	0.07266230136156082	0.08974239230155945	0.026850538328289986	6.129633402451873e-05	0.016569672152400017	0.0001262516452698037
9,19754E+17	pro Football Club raises Funds for California Fire:	data/processed/pro_crisismmd/images/data_image/california_wildfires/16_10_2017/919753721113956353_0.jpg	not_humanitarian	rescue_volunteering_or_donation_effort	False	0.3369030309841037	0.04029249865561724	0.29661053232848644	0.010408556860056706	0.3369030309841037	0.012122076819650829	0.24207675084471703	4.317505636208807e-05	0.01041973102837801	0.09141613301471807	False	True	0.08586802333593369	0.0004963998799212277	0.05461258813738823	0.003961536567658186	0.4819863438606262	0.00013522371591534466	0.010339910164475441	0.3625999689102173	True	0.36685803532600403	0.013712609186768532	0.43099984526634216	0.014842256903648376	0.16210688650608063	1.2492169844335876e-05	0.0104463379830122	0.0010215210495516658
9,19775E+17	Unprecedented California Wildfires Started with Directed Energy Weapons & 5G Analysis	data/processed/pro_crisismmd/images/data_image/california_wildfires/16_10_2017/919774698115809280_0.jpg	other_relevant_information	other_relevant_information	True	0.5343997776508331	0.1771424263715744	0.35725735127925873	0.5343997776508331	0.0016817869909573346	0.0945588294416666	0.010145195643417537	0.0008614697962912032	0.0009337066585430875	0.00016186310836019402	False	True	0.3862505555152893	0.5303171873092651	0.0012547291116788983	0.05645689368247986	0.020704880356788635	0.0033792469184845686	0.0010343054309487343	0.0006022438174113631	True	0.34759294986724854	0.5357606410980225	0.00182413961738348	0.10725947469472885	0.0066253007389605045	2.2210755560081452e-05	0.000900173734407872	1.5069538676470984e-05
9,19783E+17	Even Governor Moonbeam is sight unseen	data/processed/pro_crisismmd/images/data_image/california_wildfires/16_10_2017/919782952032071680_0.jpg	not_humanitarian	not_humanitarian	True	0.9894254356622696	0.9850228298273578	0.9894254356622696	0.003785974971833639	0.0002566606235632207	0.00440260583491181	0.0006138159224065021	9.31442782814429e-06	0.00033941579931706656	0.0011667180333461147	False	True	0.9920667409896851	0.000779388181399554	0.0006249648868106306	0.00019857015286106616	0.0007016611052677035	3.443898822297342e-05	0.001040931441821158	0.0045532057993113995	True	0.9885450005531311	0.0047881705686450005	0.0001338925358140841	0.005803951062262058	0.0005845341947861016	9.395743632012454e-07	0.00010557725181570277	3.788877802435309e-05
9,19806E+17	California's deadliest ever wildfire in numbers.	data/processed/pro_crisismmd/images/data_image/california_wildfires/16_10_2017/919805815497904128_0.jpg	other_relevant_information	not_humanitarian	False	0.4225441813468933	0.12271481566131115	0.4225441813468933	0.29982936568558216	0.013293171097757295	0.14299601688981056	0.055744276847690344	0.009346320473923697	0.05608546081930399	0.0001611957650311524	False	True	0.6987621784210205	0.10698363929986954	0.0011418472277000546	0.08910942077636719	0.02790786884725094	0.03708697482943535	0.038686275482177734	0.00032173877116292715	True	0.3304715156555176	0.3641112744808197	0.017343612387776375	0.1609582155942917	0.06502307951450348	9.943568875314668e-05	0.06188518926501274	0.00010768142965389416
9,19806E+17	Scottsdale fire crew helps battle Northern California fires	data/processed/pro_crisismmd/images/data_image/california_wildfires/16_10_2017/919806240183631872_0.jpg	rescue_volunteering_or_donation_effort	rescue_volunteering_or_donation_effort	True	0.5308876484632492	0.35516584664583206	0.17572180181741714	0.17259487509727478	0.5308876484632492	0.011558454716578126	0.055131387896835804	0.0028142445139565098	0.031025122618302703	0.020266456966055557	False	True	0.14920005202293396	0.08980241417884827	0.48782116174697876	0.015175157226622105	0.0647864043712616	0.011193343438208103	0.10466165840625763	0.07735990732908249	True	0.18456238508224487	0.20019236207008362	0.5452431440353394	0.010352887213230133	0.051913049072027206	2.1211539205978625e-05	0.006479610688984394	0.0012353068450465798
9,19806E+17	Scottsdale fire crew helps battle Northern California fires	data/processed/pro_crisismmd/images/data_image/california_wildfires/16_10_2017/919806240183631872_1.jpg	rescue_volunteering_or_donation_effort	rescue_volunteering_or_donation_effort	True	0.42055189795792103	0.14319412596523762	0.2773577719926834	0.19712180271744728	0.42055189795792103	0.01590896025300026	0.06922936346381903	0.006228535703939997	0.010955891339108348	0.0026457531785126776	False	True	0.555743932723999	0.18791012465953827	0.046478159725666046	0.03257717937231064	0.12117830663919449	0.02485050819814205	0.02438473328948021	0.006877092178910971	True	0.18456238508224487	0.20019236207008362	0.5452431440353394	0.010352887213230133	0.051913049072027206	2.1211539205978625e-05	0.006479610688984394	0.0012353068450465798
9,19831E+17	Latest on Post-Tropical Cyclone Ophelia & California Wildfires Weather updates: StormHour	data/processed/pro_crisismmd/images/data_image/california_wildfires/16_10_2017/919831359123808256_0.jpg	other_relevant_information	other_relevant_information	True	0.6145008653402328	0.2620980925858021	0.35240277275443077	0.6145008653402328	0.0035601195613708114	0.018498184559575748	0.010692763811675832	1.8800763029958034e-05	0.00019370498375792522	0.00013282521899782296	False	True	0.032807543873786926	0.9641813039779663	0.00010180015669902787	0.00044354956480674446	0.0018400790868327022	6.595982995349914e-05	6.9907728175167e-05	0.0004898468614555895	True	0.4589345157146454	0.49794071912765503	0.004712892696261406	0.02451639622449875	0.013643658719956875	3.0810740554443328e-06	0.00023497073561884463	1.38180048452341e-05
9,19836E+17	Whole neighborhood burns in California but trees look untouched by fire?	data/processed/pro_crisismmd/images/data_image/california_wildfires/16_10_2017/919836010292416512_0.jpg	infrastructure_and_utility_damage	infrastructure_and_utility_damage	True	0.5515742525458336	0.3098485879600048	0.07964161597192287	0.24172566458582878	0.004068845824804157	0.5515742525458336	0.11445699632167816	0.00604417962313164	0.0018888117338065058	0.0005996568397677038	False	True	0.1901913583278656	0.14968864619731903	0.002655989257618785	0.446837455034256	0.18054966628551483	0.023092223331332207	0.005272452719509602	0.001712245400995016	True	0.0427917018532753	0.27240467071533203	0.004539798013865948	0.5864865183830261	0.0924261063337326	0.00036149838706478477	0.0007609314052388072	0.00022879398602526635
9,19849E+17	Photo my dad took flying over the California wildfires yesterday. Hope everyone there is doing okay F	data/processed/pro_crisismmd/images/data_image/california_wildfires/16_10_2017/919849383176392704_0.jpg	other_relevant_information	other_relevant_information	True	0.6638621091842651	0.3733010832220316	0.29056102596223354	0.6638621091842651	0.010813318658620119	0.006362971325870603	0.02260832116007805	5.758428324043052e-05	0.003711934041348286	0.0020227350178174675	False	True	0.8324339389801025	0.1362079381942749	0.0012950962409377098	0.0020047349389642477	0.025155000388622284	0.00012489830260165036	0.0007352710817940533	0.0020430623553693295	True	0.10993672162294388	0.8397468328475952	0.013986059464514256	0.007815716788172722	0.021759428083896637	3.514627678669058e-05	0.0047041550278663635	0.0020159592386335135
9,19858E+17	California Emergency Services hold news conference on North Bay wildfires Watch Now 9	data/processed/pro_crisismmd/images/data_image/california_wildfires/16_10_2017/919858108754640899_0.jpg	other_relevant_information	other_relevant_information	True	0.4576166719198227	0.2438211776316166	0.2137954942882061	0.4576166719198227	0.09152869321405888	0.05933433957397938	0.132811164483428	0.00175303261494264	0.01897956820903346	0.02418105211108923	False	True	0.3306175768375397	0.23496806621551514	0.07575677335262299	0.017626218497753143	0.18479053676128387	0.006763663608580828	0.06527236104011536	0.08420483022928238	True	0.1748548001050949	0.5318328738212585	0.0967859998345375	0.07323704659938812	0.11548470705747604	8.282228372991085e-05	0.0035486372653394938	0.004173126071691513
9,19871E+17	Red sun down Crosby Beach, looks like the California sun in the wildfires Liverpool HurricaneOphelia	data/processed/pro_crisismmd/images/data_image/california_wildfires/16_10_2017/919871048652394496_0.jpg	not_humanitarian	other_relevant_information	False	0.2883721701800823	0.05678704660385847	0.17761626560240984	0.2883721701800823	0.03286014843615703	0.0071646340657025576	0.23158512357622385	0.04345365066546947	0.09665425214916468	0.12229374889284372	False	True	0.70421302318573	0.2400607019662857	0.000995839829556644	0.007315222639590502	0.02906138077378273	6.27678819000721e-05	0.001408074051141739	0.016882915049791336	True	0.0020840130746364594	0.3044759929180145	0.04348158463835716	0.007114437874406576	0.2990930378437042	0.0579172782599926	0.128402978181839	0.15743069350719452
9,19871E+17	Red sun down Crosby Beach, looks like the California sun in the wildfires Liverpool HurricaneOphelia	data/processed/pro_crisismmd/images/data_image/california_wildfires/16_10_2017/919871048652394496_1.jpg	not_humanitarian	other_relevant_information	False	0.2957916259765625	0.03602946922183037	0.09036762733012438	0.2957916259765625	0.032795310267829336	0.05924285028595477	0.25976215675473213	0.04381206995458342	0.09675757368677296	0.1214707912877202	False	True	0.35521847009658813	0.2697385251522064	0.0007364871562458575	0.21562808752059937	0.14176951348781586	0.001496445038355887	0.001821360201574862	0.013591084629297256	True	0.0020840130746364594	0.3044759929180145	0.04348158463835716	0.007114437874406576	0.2990930378437042	0.0579172782599926	0.128402978181839	0.15743069350719452
9,19871E+17	Showers ahead for fire-ravaged California wine country	data/processed/pro_crisismmd/images/data_image/california_wildfires/16_10_2017/919871082894643200_0.jpg	other_relevant_information	not_humanitarian	False	0.6332738902419806	0.3006425742059946	0.6332738902419806	0.33263131603598595	0.004033305755001493	0.009224442837876268	0.020508144923951477	2.2930785121388908e-05	0.00022591063861909788	8.000477282621432e-05	False	True	0.09926982969045639	0.8976526260375977	0.0005940546398051083	0.0002984258462674916	0.0018742268439382315	7.47250160202384e-05	8.040467946557328e-05	0.00015571001858916134	True	0.8112752437591553	0.14429087936878204	0.005179722793400288	0.012199781835079193	0.02671945095062256	5.6660414884390775e-06	0.0002744126250036061	5.476969090523198e-05
9,19875E+17	California wildfires threatening state's wine, tourism industries usa vacation travel	data/processed/pro_crisismmd/images/data_image/california_wildfires/16_10_2017/919875217622814721_0.jpg	infrastructure_and_utility_damage	not_humanitarian	False	0.4431430995464325	0.2209062436595559	0.4431430995464325	0.22223685588687658	0.020903599448502064	0.1543099842965603	0.14519942365586758	0.007882651338150026	0.005098440626170486	0.0012259341128810775	False	True	0.32899266481399536	0.046677108854055405	0.02079281583428383	0.16502374410629272	0.39183810353279114	0.031163804233074188	0.010976539924740791	0.004535221494734287	True	0.4811932444572449	0.28075677156448364	0.020940527319908142	0.15073873102664948	0.06298653036355972	0.0001222670398419723	0.003139074193313718	0.00012283831893000752
9,19885E+17	Chef cooks barbecue for California wildfire victims:	data/processed/pro_crisismmd/images/data_image/california_wildfires/16_10_2017/919884891654893568_0.jpg	not_humanitarian	rescue_volunteering_or_donation_effort	False	0.6094767227768898	0.42597226053476334	0.1508907787501812	0.010776468669064343	0.6094767227768898	0.005862406804226339	0.18350446224212646	0.009106372958285647	0.010535045759752393	0.01984773323056288	False	True	0.3870741128921509	0.0023116269148886204	0.08299514651298523	0.005831671413034201	0.3800869584083557	0.036345623433589935	0.029139205813407898	0.07621563225984573	True	0.07216300070285797	0.013598082587122917	0.7849705815315247	0.005872651934623718	0.11797696352005005	2.6622799850883894e-05	0.004333659075200558	0.001058433554135263
9,19887E+17	Why do not we fight California wildfires? The reason is to make a hurricane, typhoon And burns polluted forests	data/processed/pro_crisismmd/images/data_image/california_wildfires/16_10_2017/919887070000177152_0.jpg	not_humanitarian	not_humanitarian	True	0.6435608118772507	0.3844928171602078	0.6435608118772507	0.2590679947170429	0.014625261013861746	0.022704744478687644	0.019752617925405502	0.00010495113832575953	0.030039718039915897	0.010143863245900775	False	True	0.7148383259773254	0.0025094642769545317	0.054240915924310684	0.010153033770620823	0.05789883807301521	0.0004119915247429162	0.11938221007585526	0.04056525602936745	True	0.6198016405105591	0.344587504863739	0.001420042710378766	0.02688864804804325	0.007037211209535599	2.6043428533739643e-06	0.00025888736126944423	3.3989847452176036e-06
9,19889E+17	Fire in California continues to blaze but firefighters gainground	data/processed/pro_crisismmd/images/data_image/california_wildfires/16_10_2017/919888686707175424_0.jpg	rescue_volunteering_or_donation_effort	not_humanitarian	False	0.5912922024726868	0.3568277284502983	0.5912922024726868	0.23446447402238846	0.03927904739975929	0.10064310138113797	0.026278210803866386	0.00012175259962532436	0.007488886942155659	0.00043232081952737644	False	True	0.8220224380493164	0.05074971914291382	0.0718100517988205	0.007753518410027027	0.026795687153935432	0.00034241884713992476	0.01920171268284321	0.0013244556030258536	True	0.5143821239471436	0.29570272564888	0.02843537926673889	0.1316062957048416	0.026105718687176704	4.819718378712423e-05	0.0035846116952598095	0.00013494255836121738
9,19896E+17	Redwood Adventist Academy Destroyed by California Wildfire	data/processed/pro_crisismmd/images/data_image/california_wildfires/16_10_2017/919895719691112448_0.jpg	infrastructure_and_utility_damage	not_humanitarian	False	0.24095655605196953	0.0190143845975399	0.24095655605196953	0.19449000316672027	0.0342919051181525	0.22194217145442963	0.14329524524509907	0.1571232936839806	0.007544612803030759	0.00035616240347735584	False	True	0.14852936565876007	0.0071588559076189995	0.0009791618213057518	0.1625567227602005	0.03416282683610916	0.6277088522911072	0.018512608483433723	0.0003916301648132503	True	0.2717656195163727	0.25693371891975403	0.04539615288376808	0.24173732101917267	0.1796727180480957	0.0002614408149383962	0.0038886142428964376	0.000344339816365391
9,19896E+17	Roundup: bitcoin Blowing Up; California Fire Survival Story; & College Basketball Player	data/processed/pro_crisismmd/images/data_image/california_wildfires/16_10_2017/919895863589310465_0.jpg	not_humanitarian	not_humanitarian	True	0.6213503517210484	0.4999925922602415	0.6213503517210484	0.12135775946080685	0.014062398462556303	0.040598999010398984	0.07879139482975006	0.0015648132989554142	0.007208413881016895	0.11506583294612938	False	True	0.18171073496341705	0.019858114421367645	0.046149756759405136	0.015413333661854267	0.24575336277484894	0.006188428029417992	0.02530525252223015	0.45962098240852356	True	0.7678968906402588	0.15519097447395325	0.0033666123636066914	0.04899422079324722	0.023137405514717102	2.3608388801221736e-05	0.0011761343339458108	0.00021411645866464823
9,19906E+17	Aftermath in Mogadishu, wildfires in California and more photos from around the world today:	data/processed/pro_crisismmd/images/data_image/california_wildfires/16_10_2017/919905731263987712_1.jpg	not_humanitarian	not_humanitarian	True	0.7746721804141998	0.6555769862607121	0.7746721804141998	0.019003678375156596	0.012960784370079637	0.0557396758813411	0.11909519415348768	7.753464274173894e-05	0.003628622303949669	0.014822262669440534	False	True	0.5232487916946411	0.0018475997494533658	0.017119351774454117	0.011271280236542225	0.3760726749897003	0.00027827732264995575	0.01099180057644844	0.05917026102542877	True	0.8584799766540527	0.024722371250391006	0.011574595235288143	0.07056247442960739	0.03343603387475014	1.0620416105666663e-05	0.0011742295464500785	3.959655077778734e-05
9,19917E+17	Now They're Trying to Blame Trump for California Wildfires	data/processed/pro_crisismmd/images/data_image/california_wildfires/16_10_2017/919916638295564289_0.jpg	not_humanitarian	not_humanitarian	True	0.6961186826229095	0.5756916552782059	0.6961186826229095	0.10167774348519742	0.014635930536314845	0.03145959132234566	0.12042702734470367	0.00041016293926077196	0.012404393055476248	0.022866468825668562	False	True	0.5948752164840698	0.0015799766406416893	0.015079701319336891	0.0011868028668686748	0.25357121229171753	0.001577691058628261	0.04091678932309151	0.09121262282133102	True	0.7298665046691895	0.135043665766716	0.014488006941974163	0.041550520807504654	0.07604563236236572	2.0986899471608922e-05	0.002900260966271162	8.441749378107488e-05
9,19919E+17	California's wildfires spouted a 500-mile stream of smoke visible from space:	data/processed/pro_crisismmd/images/data_image/california_wildfires/16_10_2017/919918846932324355_0.jpg	not_humanitarian	other_relevant_information	False	0.7499097883701324	0.5512983910739422	0.19861139729619026	0.7499097883701324	0.0033414270292269066	0.03741828538477421	0.00970284710638225	0.00028968867241019325	0.00048555749526713043	0.00024098005997075234	False	True	0.13153785467147827	0.8323078751564026	0.0006771188345737755	0.024930082261562347	0.008262301795184612	0.0011264942586421967	0.0004674002411775291	0.0006908584618940949	True	0.22096924483776093	0.7224437594413757	0.00422952976077795	0.04158101975917816	0.010183028876781464	1.0753476999525446e-05	0.0004916099132969975	9.102059266297147e-05
9,19925E+17	this is a good sensible op-ed, with one paragraph that really stands out	data/processed/pro_crisismmd/images/data_image/california_wildfires/16_10_2017/919924725790400512_0.jpg	not_humanitarian	not_humanitarian	True	0.9454796463251114	0.9180316316706012	0.9454796463251114	0.02074925950728357	0.0025811795239860658	0.0031293446591007523	0.02744801465451019	9.108877759445022e-05	0.000320250086588203	0.00020113595246584737	False	True	0.8008496165275574	0.06727221608161926	0.009787595830857754	0.011175003834068775	0.10866139829158783	0.00036382500547915697	0.0011440071975812316	0.0007462933426722884	True	0.9936896562576294	0.005241607315838337	0.00017904075502883643	0.0004474582674447447	0.0003768867754843086	1.7670163288130425e-07	4.56643829238601e-05	1.9416822397033684e-05
9,19931E+17	Trump Takes Time to Tweet About Crooked Hillary Not California Wildfires MondayMorning	data/processed/pro_crisismmd/images/data_image/california_wildfires/16_10_2017/919931231063519232_0.jpg	not_humanitarian	not_humanitarian	True	0.7354432046413422	0.6289725115639158	0.7354432046413422	0.1064706930774264	0.006412132759578526	0.008686206594575197	0.04917998146265745	5.3573912737192586e-05	0.0053882141364738345	0.08836600187350996	False	True	0.6039022207260132	0.0031899220775812864	0.002688423730432987	0.0018120522145181894	0.02351294830441475	0.00020134967053309083	0.015282565727829933	0.3494105041027069	True	0.7792901992797852	0.14089761674404144	0.007653369102627039	0.010977591387927532	0.057735659182071686	4.315326805226505e-06	0.002090096939355135	0.0013511677971109748
9,19936E+17	Hotels Destroyed by Killer California Wildfires event meeting planner	data/processed/pro_crisismmd/images/data_image/california_wildfires/16_10_2017/919935983314984960_1.jpg	infrastructure_and_utility_damage	infrastructure_and_utility_damage	True	0.3667238652706146	0.08978696167469025	0.2769369035959244	0.21678227931261063	0.00817054754588753	0.3667238652706146	0.12484726030379534	0.002716252682148479	0.003671756712719798	0.00015112438813957851	False	True	0.35044199228286743	0.1850244551897049	0.005616010632365942	0.0836344063282013	0.35914546251296997	0.010063332505524158	0.005558666307479143	0.0005156105034984648	True	0.25243520736694336	0.22736822068691254	0.009022059850394726	0.46108701825141907	0.04674785956740379	0.00026722607435658574	0.0030427868478000164	2.9629016353283077e-05
9,19939E+17	15 Videos Show What It's Really Like Trying to Survive the CaliforniaWildfires	data/processed/pro_crisismmd/images/data_image/california_wildfires/16_10_2017/919939268646019072_0.jpg	not_humanitarian	other_relevant_information	False	0.3316687233746052	0.016546458267839625	0.26844024658203125	0.3316687233746052	0.03559996651711117	0.045379108807537705	0.31512226510676555	0.00010227760071757075	0.0036164055709377863	7.10315898686531e-05	False	True	0.1777753233909607	0.8184117078781128	0.00011531629570527002	0.001853525871410966	0.0012965340865775943	0.00036929763155058026	0.0001298996212426573	4.840441033593379e-05	True	0.29866188764572144	0.16942106187343597	0.0474281832575798	0.059887636452913284	0.4197308421134949	1.3270923773234244e-05	0.004778574220836163	7.85739830462262e-05
9,19941E+17	Arson by nuts trying to prove Gore was right?	data/processed/pro_crisismmd/images/data_image/california_wildfires/16_10_2017/919941158658125824_0.jpg	not_humanitarian	not_humanitarian	True	0.9459144473075867	0.9297431564773433	0.9459144473075867	0.01172211323864758	0.001860746939200908	0.014377722516655922	0.01617129083024338	0.0050810025461487385	0.0038965974817983806	0.0009760995235410519	False	True	0.8496919870376587	0.01887529157102108	0.00405886210501194	0.03811517730355263	0.05841676890850067	0.02029566653072834	0.007124788127839565	0.0034214332699775696	True	0.977988600730896	0.009337720461189747	0.001128041883930564	0.006465237587690353	0.0020894648041576147	9.447884622204583e-06	0.0028205339331179857	0.00016098827472887933
9,19947E+17	Firefighters find unharmed flag among NorCal fire ashes	data/processed/pro_crisismmd/images/data_image/california_wildfires/16_10_2017/919947370376216576_0.jpg	not_humanitarian	not_humanitarian	True	0.27993854507803917	0.02545119682326913	0.27993854507803917	0.25448734825477004	0.0656583842355758	0.11512726254295558	0.10209132451564074	0.0025920516054611653	0.03253397857770324	0.14757111854851246	False	True	0.6121691465377808	0.028858622536063194	0.004109379835426807	0.006663817446678877	0.054281409829854965	0.0012821779819205403	0.018408620730042458	0.2742268443107605	True	0.1691950112581253	0.329696923494339	0.08617471903562546	0.15128174424171448	0.11802796274423599	0.0030286761466413736	0.037242431193590164	0.10535254329442978
9,19949E+17	California Air Board Issues Tips for Safe Cleanup of FireAsh	data/processed/pro_crisismmd/images/data_image/california_wildfires/16_10_2017/919948539521785863_0.jpg	not_humanitarian	not_humanitarian	True	0.5120293498039246	0.2566329089459032	0.5120293498039246	0.2553964408580214	0.022936323890462518	0.14755020290613174	0.028985323384404182	0.0247394784601056	0.004403006401844323	0.0039599433075636625	False	True	0.2844022512435913	0.008869827724993229	0.045559681951999664	0.49692395329475403	0.053533755242824554	0.09852967411279678	0.007854396477341652	0.0043264999985694885	True	0.5879050493240356	0.33757197856903076	0.015395204536616802	0.031092286109924316	0.020802512764930725	0.00014274657587520778	0.003252543043345213	0.003837757743895054
9,19949E+17	Brian Fies drawing from the front lines of the N. a California fire:	data/processed/pro_crisismmd/images/data_image/california_wildfires/16_10_2017/919949040233496576_0.jpg	not_humanitarian	not_humanitarian	True	0.7440254986286163	0.5987353473901749	0.7440254986286163	0.052916144952178	0.035121739376336336	0.012438523554010317	0.14529015123844147	5.4101108730719716e-05	0.00991690345108509	0.0002369801513850689	False	True	0.4656679034233093	0.03527529537677765	0.029095252975821495	0.0017536560771986842	0.45214688777923584	0.00019388418877497315	0.015032703056931496	0.0008344364468939602	True	0.836811363697052	0.05879642814397812	0.03713056817650795	0.01600014604628086	0.04300457239151001	7.50674871596857e-06	0.008211636915802956	3.782805288210511e-05
9,19949E+17	California Wildfire Probes Hammer PG&E's Value	data/processed/pro_crisismmd/images/data_image/california_wildfires/16_10_2017/919949345914421249_0.jpg	not_humanitarian	not_humanitarian	True	0.6326644122600555	0.445170059800148	0.6326644122600555	0.18749435245990753	0.017228529672138393	0.08130978757981211	0.04100629361346364	0.0002327827087356127	0.004951118869939819	0.03511269928321781	False	True	0.607955813407898	0.040806934237480164	0.05117662996053696	0.006931884679943323	0.13750307261943817	0.0008599988068453968	0.014347591437399387	0.14041820168495178	True	0.6409006118774414	0.23639015853405	0.005912496242672205	0.10610242187976837	0.00884070061147213	2.371067603235133e-05	0.0018189613474532962	1.0865149306482635e-05
9,19959E+17	LDS members volunteer during California wildfires	data/processed/pro_crisismmd/images/data_image/california_wildfires/16_10_2017/919958612193275904_0.jpg	rescue_volunteering_or_donation_effort	rescue_volunteering_or_donation_effort	True	0.4816679581999779	0.16006365418434143	0.17935687117278576	0.007713535334914923	0.4816679581999779	0.0009295261988881975	0.32160430401563644	1.1647452737406638e-05	0.007976643741130829	0.0007394987260340713	False	True	0.4040754437446594	0.013895240612328053	0.28013309836387634	0.0007782531902194023	0.27779433131217957	4.339199585956521e-05	0.021275488659739494	0.00200475100427866	True	0.10445068031549454	0.005652966909110546	0.5488462448120117	0.0009799505351111293	0.33620762825012207	1.06593836335378e-06	0.0035436954349279404	0.00031774796661920846
9,1997E+17	GuyFieri Brings Aid to California Wildfire Victims via	data/processed/pro_crisismmd/images/data_image/california_wildfires/16_10_2017/919969988437512192_0.jpg	not_humanitarian	not_humanitarian	True	0.41122662741690874	0.08087590057402849	0.41122662741690874	0.003949191843275912	0.33035072684288025	0.00197453833243344	0.24492839723825455	0.002327100887441702	0.0022022370831109583	0.0030411889529204927	False	True	0.01612185314297676	0.000853064761031419	0.46405571699142456	0.00024536537239328027	0.4954681098461151	0.009296071715652943	0.0022442173212766647	0.011715583503246307	True	0.5429282188415527	0.0049812342040240765	0.2857823967933655	0.002550929319113493	0.16141515970230103	4.110611371288542e-06	0.002188243670389056	0.00014972410281188786
9,19971E+17	California earthquake Go Bag plus plan for meeting Home/Friends/School/Fire Dept/0ut of town location	data/processed/pro_crisismmd/images/data_image/california_wildfires/16_10_2017/919970526344253445_0.jpg	not_humanitarian	not_humanitarian	True	0.3619084134697914	0.02062929794192314	0.3619084134697914	0.19135162443853915	0.06166705035138875	0.02800004556775093	0.34127911552786827	3.007253796738496e-05	0.0027533656975720078	0.013010312744881958	False	True	0.7607489824295044	0.00907487515360117	0.004209761042147875	0.0018492229282855988	0.17475862801074982	0.0001186575973406434	0.0005376554327085614	0.048702165484428406	True	0.22896155714988708	0.2521105408668518	0.08081948012113571	0.03671698644757271	0.3967859447002411	5.441848429654783e-07	0.0034919357858598232	0.001113028498366475
9,19974E+17	Stunning maps and images from the	data/processed/pro_crisismmd/images/data_image/california_wildfires/16_10_2017/919974245106626561_0.jpg	not_humanitarian	not_humanitarian	True	0.6557230614125729	0.4430359862744808	0.6557230614125729	0.21268707513809204	0.0011353063164278865	0.10988004691898823	0.01867111658793874	0.0005301224932736659	0.0012369912437861785	0.00013625350038637407	False	True	0.18338541686534882	0.615753710269928	0.0010767817730084062	0.12398482859134674	0.07011519372463226	0.0021174426656216383	0.0030731111764907837	0.0004935069009661674	True	0.8131689429283142	0.07833153009414673	0.0011548144975677133	0.10517845302820206	0.0015230908757075667	1.015769157675095e-06	0.0006249512662179768	1.7169033526442945e-05
9,19974E+17	Stunning maps and images from the	data/processed/pro_crisismmd/images/data_image/california_wildfires/16_10_2017/919974245106626561_2.jpg	other_relevant_information	not_humanitarian	False	0.6309977006167173	0.41360635869205	0.6309977006167173	0.21739134192466736	0.0009569012327119708	0.14738722704350948	0.002150036540115252	0.0004756058965540433	0.0005887052975594997	5.246687214821577e-05	False	True	0.08448397368192673	0.6345707774162292	0.00036316143814474344	0.27401354908943176	0.004030873533338308	0.0018993762787431479	0.00047996739158406854	0.00015836038801353425	True	0.8131689429283142	0.07833153009414673	0.0011548144975677133	0.10517845302820206	0.0015230908757075667	1.015769157675095e-06	0.0006249512662179768	1.7169033526442945e-05
9,19976E+17	Raging California wildfires burned 80 cell towers, hampering evacuation alerts	data/processed/pro_crisismmd/images/data_image/california_wildfires/16_10_2017/919976381869539328_0.jpg	infrastructure_and_utility_damage	other_relevant_information	False	0.508698794990778	0.2262541577219963	0.28244463726878166	0.508698794990778	0.004728504980448633	0.13921966683119535	0.06335653970018029	7.034333339106524e-05	0.001261444718693383	0.00022005853679729626	False	True	0.7618808150291443	0.009453967213630676	0.001334745204076171	0.019364383071660995	0.20433592796325684	0.00016483262879773974	0.0031616613268852234	0.0003036081907339394	True	0.12263257801532745	0.6751137375831604	0.005859758239239454	0.17917142808437347	0.016363410279154778	3.884690158884041e-05	0.0006280391826294363	0.00019220865215174854
9,1998E+17	Trump: California Wildfires Have Been 'A Very Sad Thing To Watch' USRC	data/processed/pro_crisismmd/images/data_image/california_wildfires/16_10_2017/919980130436571136_0.jpg	not_humanitarian	not_humanitarian	True	0.5823165401816368	0.30650864157360047	0.5823165401816368	0.27580789860803634	0.01811012323014438	0.04000817518681288	0.07424955605529249	6.331210715870839e-05	0.008945152163505554	0.00049921715981327	False	True	0.9688965082168579	0.004609063733369112	0.002012590877711773	0.0013064444065093994	0.014007850550115108	0.00012706592679023743	0.008024386130273342	0.0010160790989175439	True	0.4534565508365631	0.3662075102329254	0.023475967347621918	0.052908752113580704	0.09433012455701828	4.2060833948198706e-05	0.009252074174582958	0.000326929846778512
9,19986E+17	California Woman Escapes Wildfires On Bike Carrying Her 70-Pound Pit Bull uplifting	data/processed/pro_crisismmd/images/data_image/california_wildfires/16_10_2017/919985855048978432_0.jpg	not_humanitarian	missing_or_found_people	False	0.26621888065710664	0.03234613289532717	0.0889392145909369	0.11257896402821643	0.23387274776177946	0.04768729360694124	0.2320597800426185	6.528950871143024e-05	0.01857775985263288	0.26621888065710664	False	True	0.003374384716153145	6.205655517987907e-05	0.0008184863836504519	8.226789213949814e-05	0.006771756336092949	3.969468525610864e-05	0.00247399415820837	0.9863772392272949	True	0.11746082454919815	0.15008459985256195	0.31155750155448914	0.06355563551187515	0.3071557879447937	7.382111652987078e-05	0.023945681750774384	0.026166094467043877
9,19989E+17	The fire and the damage done	data/processed/pro_crisismmd/images/data_image/california_wildfires/16_10_2017/919989130683064320_0.jpg	not_humanitarian	not_humanitarian	True	0.4535623788833618	0.11019835993647575	0.4535623788833618	0.14841467421501875	0.002257339743664488	0.34336401894688606	0.04759393818676472	0.0010064465168397874	0.003527467022649944	0.0002737956219789339	False	True	0.15710586309432983	0.5035280585289001	0.0018966946518048644	0.20829249918460846	0.12160733342170715	0.003094741376116872	0.003462589345872402	0.001012206426821649	True	0.5523812174797058	0.030043546110391617	0.002377554774284363	0.38838785886764526	0.022922806441783905	0.00031034823041409254	0.0035490929149091244	2.7658687031362206e-05
9,19996E+17	Wonder what happens when he notices half of California is on fire. Resistance LoveTrumpsHate	data/processed/pro_crisismmd/images/data_image/california_wildfires/16_10_2017/919996197057843201_0.jpg	not_humanitarian	not_humanitarian	True	0.8724221587181091	0.8001967463715118	0.8724221587181091	0.0722254123465973	0.0006171828281367198	0.0063856240376480855	0.03814696008339524	0.00012409206306074338	0.003194852310116403	0.00688373677621712	False	True	0.8500807881355286	0.00039535757969133556	0.0010163820115849376	0.00031135548488236964	0.10983685404062271	0.0004889889387413859	0.01072721742093563	0.02714315988123417	True	0.879869282245636	0.09616876393556595	0.0004841164336539805	0.008410380221903324	0.01425032876431942	2.4597711671958677e-06	0.0006840639398433268	0.0001305957412114367
9,20001E+17	Hero Dog Refuses to Leave His Family's Eight Goats; Protects Herd and Baby Deer from	data/processed/pro_crisismmd/images/data_image/california_wildfires/16_10_2017/920000546458689536_0.jpg	not_humanitarian	infrastructure_and_utility_damage	False	0.24430174008011818	0.03347459062933922	0.21082714945077896	0.0869784727692604	0.16863143164664507	0.24430174008011818	0.16521489433944225	0.0025722038044477813	0.09273576969280839	0.028738335007801652	False	True	0.4326793849468231	0.04205857962369919	0.017315048724412918	0.0650525838136673	0.31881147623062134	0.009247250854969025	0.02461736835539341	0.09021833539009094	True	0.1368764042854309	0.10195177048444748	0.2190702259540558	0.3040514588356018	0.11401603370904922	0.0003471881209407002	0.11544190347194672	0.008245001547038555
9,20005E+17	On the road to our live shot location this afternoon: Some of what the California wildfires left behind.	data/processed/pro_crisismmd/images/data_image/california_wildfires/16_10_2017/920005307148804096_0.jpg	infrastructure_and_utility_damage	infrastructure_and_utility_damage	True	0.5014256611466408	0.19715687073767185	0.09846263378858566	0.3042687904089689	0.00188576387881767	0.5014256611466408	0.05121747776865959	0.03915550117380917	0.0033308936981484294	0.0002533141741878353	False	True	0.18321236968040466	0.11477335542440414	0.0006445075268857181	0.4850033223628998	0.08468329906463623	0.1264314204454422	0.004838345106691122	0.00041333577246405184	True	0.070212721824646	0.36743393540382385	0.0022995159961283207	0.5068997740745544	0.040062204003334045	0.010063528083264828	0.002828409895300865	0.00019997364142909646
9,20005E+17	On the road to our live shot location this afternoon: Some of what the California wildfires left behind.	data/processed/pro_crisismmd/images/data_image/california_wildfires/16_10_2017/920005307148804096_1.jpg	infrastructure_and_utility_damage	infrastructure_and_utility_damage	True	0.5967954844236374	0.31801934144459665	0.06393477879464626	0.27877614297904074	0.001771153649315238	0.5967954844236374	0.03155529173091054	0.02430841256864369	0.002674937539268285	0.0001838387943280395	False	True	0.045100949704647064	0.01280276570469141	0.00018606660887598991	0.8664826154708862	0.006034554913640022	0.06704306602478027	0.0022145204711705446	0.00013543425302486867	True	0.070212721824646	0.36743393540382385	0.0022995159961283207	0.5068997740745544	0.040062204003334045	0.010063528083264828	0.002828409895300865	0.00019997364142909646
9,20012E+17	Oh, California! Cannabis Update - Wildfires, Wild West, Podcast Episode -	data/processed/pro_crisismmd/images/data_image/california_wildfires/16_10_2017/920011687737954304_0.jpg	not_humanitarian	other_relevant_information	False	0.43322111293673515	0.04294144734740257	0.3902796655893326	0.43322111293673515	0.01606099703349173	0.08263145387172699	0.07391794212162495	0.00031575607044942444	0.0027125981432618573	0.0008604510658187792	False	True	0.5077234506607056	0.12749402225017548	0.003195100463926792	0.19448640942573547	0.16336137056350708	0.0011476349318400025	0.0007003499777056277	0.0018916681874543428	True	0.35113173723220825	0.5351301431655884	0.02034962922334671	0.045346468687057495	0.0441034659743309	3.846311665256508e-05	0.0033833475317806005	0.0005167120252735913
9,20023E+17	California suburb destroyed by fire last night -	data/processed/pro_crisismmd/images/data_image/california_wildfires/16_10_2017/920022506211127296_0.jpg	infrastructure_and_utility_damage	infrastructure_and_utility_damage	True	0.5137369073927402	0.32053541764616966	0.1932014897465706	0.14821749553084373	0.009053284564288333	0.5137369073927402	0.12936353497207165	0.0013028723042225465	0.004705858475062996	0.000418549265305046	False	True	0.3290417194366455	0.13248315453529358	0.0015200107591226697	0.21026982367038727	0.3127983510494232	0.004517368972301483	0.008706494234502316	0.0006631555734202266	True	0.14792141318321228	0.1534622758626938	0.011564375832676888	0.6148926019668579	0.06821859627962112	0.00023137341486290097	0.0033723132219165564	0.00033701382926665246
9,20034E+17	"""California Is Obviously Shaking"" - The Ring Of Fire Is Restless"	data/processed/pro_crisismmd/images/data_image/california_wildfires/16_10_2017/920034300946391040_0.jpg	other_relevant_information	not_humanitarian	False	0.5251271221786737	0.1374614704400301	0.5251271221786737	0.38766565173864365	0.0012956077844137326	0.04480817448347807	0.03575241519138217	0.00041675881220726296	0.002096992524457164	0.0028372517940624675	False	True	0.09692660719156265	0.7223180532455444	0.00300540030002594	0.05134328454732895	0.1072881743311882	0.0016341543523594737	0.006217258516699076	0.011267054826021194	True	0.6678606271743774	0.2761148512363434	0.0007256769458763301	0.04262980446219444	0.011907162144780159	1.0960298823192716e-05	0.0007235705270431936	2.7317450076225214e-05
9,20036E+17	United effort in California wildfire response says U.S. Forest Service Chief Tony Tooke.	data/processed/pro_crisismmd/images/data_image/california_wildfires/16_10_2017/920035856957739009_0.jpg	other_relevant_information	not_humanitarian	False	0.6278358101844788	0.46017365902662277	0.6278358101844788	0.167662151157856	0.1113907975377515	0.014943900750949979	0.07475979626178741	0.00017583064931159242	0.002575028163846582	0.0006567057134816423	False	True	0.6545162796974182	0.22496595978736877	0.0028560091741383076	0.028809374198317528	0.08265780657529831	0.0006958838785067201	0.004330695141106844	0.0011680778115987778	True	0.6189423203468323	0.14856088161468506	0.14756906032562256	0.01032207626849413	0.07212712615728378	2.4795729132165434e-06	0.0019898058380931616	0.00048624834744259715
9,20044E+17	Cejudo 'happy to be alive' after narrowly escaping California wildfire	data/processed/pro_crisismmd/images/data_image/california_wildfires/16_10_2017/920043702105530368_0.jpg	not_humanitarian	not_humanitarian	True	0.44435764104127884	0.20323029614519328	0.44435764104127884	0.24112734489608556	0.0983670330606401	0.060573015129193664	0.11973073217086494	0.00028311496862443164	0.026999940630048513	0.008561258553527296	False	True	0.9222798347473145	0.007195096928626299	0.013568585738539696	0.0043265437707304955	0.007653663866221905	0.00046307366574183106	0.02288796193897724	0.02162533439695835	True	0.28505024313926697	0.31910476088523865	0.1266331821680069	0.07932183891534805	0.15708975493907928	0.00022312873625196517	0.028370600193738937	0.004206566605716944
9,20056E+17	SantaRosa Fire: Mendocino Ave: From Kaiser Hospital:	data/processed/pro_crisismmd/images/data_image/california_wildfires/16_10_2017/920055765850877952_0.jpg	not_humanitarian	not_humanitarian	True	0.40018925815820694	0.1918288879096508	0.40018925815820694	0.1964203119277954	0.0618491729546804	0.20836037024855614	0.09055685624480247	0.006627427850617096	0.03417853178689256	0.0018180439437855966	False	True	0.5377758741378784	0.12754185497760773	0.00036600150633603334	0.27823373675346375	0.027055859565734863	0.021480919793248177	0.0012171196285635233	0.006328612100332975	True	0.3543270528316498	0.21937979757785797	0.08234356343746185	0.1850692480802536	0.11172385513782501	0.001676263869740069	0.04516566917300224	0.0003145212249364704
9,20078E+17	california gets wildfire every year I even made a card for it dinosaurdynasty mtg	data/processed/pro_crisismmd/images/data_image/california_wildfires/17_10_2017/920077598989860864_0.jpg	not_humanitarian	not_humanitarian	True	0.5046861171722412	0.028498902916908264	0.5046861171722412	0.47618721425533295	0.0023030527227092534	0.006343363842461258	0.005662349227350205	3.5845726870320505e-05	0.0015916687261778861	0.003190412651747465	False	True	0.7837758660316467	0.20503872632980347	0.0007015225710347295	0.003356942208483815	0.001346699194982648	9.730666351970285e-05	0.0007680420530959964	0.004914834164083004	True	0.4116562008857727	0.5665700435638428	0.0028368961066007614	0.007338837720453739	0.007100899238139391	1.5358747987193055e-05	0.001866210950538516	0.002615605480968952
9,20084E+17	San Diegan organizes relief drive for California fire victims	data/processed/pro_crisismmd/images/data_image/california_wildfires/17_10_2017/920084222710185984_0.jpg	rescue_volunteering_or_donation_effort	rescue_volunteering_or_donation_effort	True	0.7727454900741577	0.6263560708612204	0.07724942843196914	0.0013296719753270736	0.7727454900741577	0.0008760595401327009	0.14638941921293736	1.5176979047737404e-05	0.0011520447114889976	0.00024275769646919798	False	True	0.0022749535273760557	1.200022961711511e-05	0.7072008848190308	1.5254201571224257e-05	0.29012811183929443	5.1793431339319795e-05	0.00022295535018201917	9.409145422978327e-05	True	0.1022409200668335	0.0017688958905637264	0.7945936918258667	0.0011629946529865265	0.09847652167081833	2.971494950543274e-06	0.0014617411652579904	0.0002923131105490029
9,20085E+17	Trump's Response To Deadly California Wildfires Has Americans Ready To Impeach	data/processed/pro_crisismmd/images/data_image/california_wildfires/17_10_2017/920085271265165312_0.jpg	not_humanitarian	not_humanitarian	True	0.7160700112581253	0.6004028837778606	0.7160700112581253	0.11566712748026475	0.025089684640988708	0.02520998811814934	0.1093614287674427	4.852642041441868e-05	0.0075775167206302285	0.0009757199150044471	False	True	0.9167575836181641	0.00330230756662786	0.007290941663086414	0.002204956952482462	0.059411242604255676	0.00015987649385351688	0.007263888604938984	0.003609264036640525	True	0.649174153804779	0.15312206745147705	0.03102259896695614	0.0328783318400383	0.12601149082183838	1.1409729268052615e-05	0.007682059425860643	9.787187445908785e-05
9,20097E+17	MLB Fire ravages Cossins' California community	data/processed/pro_crisismmd/images/data_image/california_wildfires/17_10_2017/920097325996847106_0.jpg	infrastructure_and_utility_damage	infrastructure_and_utility_damage	True	0.4158879406750202	0.06416094675660133	0.3517269939184189	0.08712315512821078	0.01801841426640749	0.4158879406750202	0.11302852258086205	0.002291716563377122	0.005710818688385189	0.006212485997821204	False	True	0.5643072128295898	0.018822332844138145	0.003401976078748703	0.1407874971628189	0.22629457712173462	0.008986207656562328	0.014442309737205505	0.02295796386897564	True	0.28086692094802856	0.10989009588956833	0.02289056032896042	0.5075880885124207	0.07527317106723785	6.021953231538646e-05	0.0028003216721117496	0.000630660040769726
9,201E+17	Inmate escapes from firefighting crew battling S. California's Canyon Fire 2	data/processed/pro_crisismmd/images/data_image/california_wildfires/17_10_2017/920099845918007297_0.jpg	not_humanitarian	rescue_volunteering_or_donation_effort	False	0.3409998894203454	0.11641986086033285	0.1629981305450201	0.10199671835289337	0.3409998894203454	0.04169363679829985	0.10492229368537664	0.0005315576308930758	0.022277730982750654	0.22458002856001258	False	True	0.10024415701627731	0.0009699702495709062	0.0061904313042759895	0.004996629897505045	0.05353650823235512	0.0019404151244089007	0.018446171656250954	0.8136757612228394	True	0.1839161217212677	0.13567230105400085	0.4526030421257019	0.05392597243189812	0.12205088883638382	6.193846638780087e-05	0.02355491742491722	0.02821478433907032
9,20104E+17	This is crazy. California, 2017.	data/processed/pro_crisismmd/images/data_image/california_wildfires/17_10_2017/920104499435528193_0.jpg	not_humanitarian	not_humanitarian	True	0.940739706158638	0.9064910244196653	0.940739706158638	0.034248681738972664	0.0008217142312787473	0.014952558558434248	0.005601041164482012	0.00015998722960830492	0.0016668522875988856	0.001809457169201778	False	True	0.8602285981178284	0.0742846354842186	0.0023062629625201225	0.032643385231494904	0.017326969653367996	0.0006171605782583356	0.005429570563137531	0.00716342544183135	True	0.9675767421722412	0.020903363823890686	0.0003268646541982889	0.009055616334080696	0.0016923983348533511	7.596113391628023e-06	0.00041261286241933703	2.480107832525391e-05
9,20106E+17	Week in Review: California wildfires, Maryland medical cannabis lawsuit Marijuana Cannabis	data/processed/pro_crisismmd/images/data_image/california_wildfires/17_10_2017/920105608262627328_0.jpg	not_humanitarian	not_humanitarian	True	0.9351741373538971	0.9011357882991433	0.9351741373538971	0.03403834905475378	0.006609088042750955	0.005350961582735181	0.011356688803061843	0.0016754428781950992	0.005158538726391271	0.0006367985142787802	False	True	0.9117631912231445	0.03388877958059311	0.01139974594116211	0.004820681177079678	0.012851055711507797	0.006690057925879955	0.01613701693713665	0.0024495020043104887	True	0.942977786064148	0.03408820554614067	0.005012202076613903	0.005527721717953682	0.010858566500246525	3.904528966813814e-06	0.0014990459894761443	3.256401760154404e-05
9,20106E+17	This gives you a rundown on the different Wildfires burning in California	data/processed/pro_crisismmd/images/data_image/california_wildfires/17_10_2017/920106209608458240_0.jpg	not_humanitarian	other_relevant_information	False	0.5528173558413982	0.3462914504161745	0.16922451555728912	0.5528173558413982	0.0017763808573363349	0.04747724824119359	0.01851440768223256	0.000586299312317351	0.003077908157138154	0.20652590542522375	False	True	0.04426531493663788	0.10766975581645966	0.0006494540139101446	0.006087285000830889	0.004381468053907156	0.0023066792637109756	0.008725847117602825	0.8259142637252808	True	0.21087758243083954	0.7011998891830444	0.0021520231384783983	0.06127390265464783	0.023225387558341026	1.2839328519476112e-05	0.0011952618369832635	6.311932520475239e-05
9,2011E+17	Smoke smolders from a wildfire-ravaged home in Sonoma, California. (Marcio Jose Sanchez/AP Photo)	data/processed/pro_crisismmd/images/data_image/california_wildfires/17_10_2017/920110234433146880_0.jpg	infrastructure_and_utility_damage	infrastructure_and_utility_damage	True	0.4343189001083374	0.20992708578705788	0.1452044495381415	0.12804493587464094	0.004344686400145292	0.4343189001083374	0.22439181432127953	0.04952207487076521	0.01306844549253583	0.001104663882870227	False	True	0.567063570022583	0.05242542549967766	0.002077232114970684	0.15277045965194702	0.12801717221736908	0.07178612798452377	0.023832112550735474	0.0020279271993786097	True	0.004584742709994316	0.15325143933296204	0.005100504495203495	0.5281683802604675	0.256516695022583	0.04210072383284569	0.009480556473135948	0.0007969094440340996
9,20111E+17	Video Shows Deputy Braving California Wildfire Flames,	data/processed/pro_crisismmd/images/data_image/california_wildfires/17_10_2017/920110628903292930_0.jpg	not_humanitarian	not_humanitarian	True	0.3031128477305174	0.004423547652550042	0.3031128477305174	0.29868930007796735	0.05151822781772353	0.059892748278798535	0.04534095519920811	0.01009677294314315	0.009854370611719787	0.22149476956110448	False	True	0.057286106050014496	0.00446785194799304	0.0016164552653208375	0.0010399996535852551	0.003160211956128478	0.0402231328189373	0.016325511038303375	0.875880777835846	True	0.3850550949573517	0.3967631161212921	0.06815215200185776	0.07951033115386963	0.05940120294690132	5.465298454510048e-05	0.007697323802858591	0.003366100136190653
9,20117E+17	California Wildfire Neighbors Spare Some, But Neighborhoods Are Decimated	data/processed/pro_crisismmd/images/data_image/california_wildfires/17_10_2017/920116683779346432_0.jpg	infrastructure_and_utility_damage	infrastructure_and_utility_damage	True	0.3006228134036064	0.023224785923957825	0.2773980274796486	0.25916754454374313	0.018769005429930985	0.3006228134036064	0.1377758588641882	0.001886011277747457	0.0035707444767467678	0.0008099917104118504	False	True	0.44025731086730957	0.051080942153930664	0.002485001925379038	0.3793586790561676	0.10872375220060349	0.007203914225101471	0.008759135380387306	0.0021312953904271126	True	0.2231115996837616	0.3285297453403473	0.024197006598114967	0.2743775248527527	0.14745989441871643	0.00011337696196278557	0.0018412808421999216	0.00036955715040676296
9,20143E+17	So was California.Wild fire w/ trees standing, cars burned w/melted rims B.S.	data/processed/pro_crisismmd/images/data_image/california_wildfires/17_10_2017/920143388590080001_0.jpg	vehicle_damage	vehicle_damage	True	0.9628542065620422	0.9365384259726852	0.007921123062260449	0.0018625750963110477	2.5733205347933108e-05	0.02631578058935702	0.000585582347412128	0.9628542065620422	0.0003937950459658168	4.1245815737056546e-05	False	True	0.005724017042666674	0.0005710922414436936	1.883721415651962e-05	0.01096064317971468	0.0010340691078454256	0.9805905818939209	0.0009376239031553268	0.0001632089406484738	True	0.008653491735458374	0.0022930693812668324	2.803186907840427e-05	0.031434159725904465	0.0004360867606010288	0.956942081451416	0.00021251876023598015	5.914407665841281e-07
9,20154E+17	Fire Victims Begin Long Process Of Getting FEMA Aid:	data/processed/pro_crisismmd/images/data_image/california_wildfires/17_10_2017/920153745689923584_0.jpg	not_humanitarian	affected_individuals	False	0.6899769604206085	0.5219652960076928	0.1680116644129157	0.00581361552758608	0.11566836573183537	0.0025476798982708715	0.6899769604206085	8.519678118545926e-06	0.006968062836676836	0.011005151194694918	False	True	0.05103583261370659	0.0006310376920737326	0.14790767431259155	0.00010703722364269197	0.7397534847259521	3.0617644370067865e-05	0.017069710418581963	0.04346458241343498	True	0.2070036083459854	0.007541141472756863	0.10492192953824997	0.0033612274564802647	0.6733847856521606	1.1536893680386129e-06	0.003600846976041794	0.00018534078844822943
9,20168E+17	California Fires Leave 32 Dead, a Vast Landscape Charred, and a Sky Full of Soot	data/processed/pro_crisismmd/images/data_image/california_wildfires/17_10_2017/920167628303491073_0.jpg	injured_or_dead_people	other_relevant_information	False	0.3710508894873783	0.1683757885475643	0.1583605259656906	0.3710508894873783	0.008931951888371259	0.202675100939814	0.054050685837864876	0.001717831866699271	0.06619676761329174	0.13701623553788522	False	True	0.17071795463562012	0.006629239302128553	0.0025506422389298677	0.002981411525979638	0.030331872403621674	0.005396733991801739	0.2345150113105774	0.5468770861625671	True	0.1542413830757141	0.49252477288246155	0.011059055104851723	0.2692396640777588	0.06195695698261261	0.0004915311583317816	0.01009068638086319	0.0003959519963245839
9,20202E+17	Northern California wildfire: Videos show widespread destruction sanfrancisco	data/processed/pro_crisismmd/images/data_image/california_wildfires/17_10_2017/920202029741383680_0.jpg	infrastructure_and_utility_damage	infrastructure_and_utility_damage	True	0.6619502604007721	0.4492119769565761	0.05872469022870064	0.21273828344419599	0.005084749893285334	0.6619502604007721	0.05410455260425806	0.0009465245275350753	0.0055969136010389775	0.0008540359385733609	False	True	0.016799472272396088	0.02487299032509327	0.008042844012379646	0.7892519235610962	0.13591600954532623	0.003084321040660143	0.018797099590301514	0.003235387848690152	True	0.07269976288080215	0.2753600478172302	0.004098718520253897	0.6195163726806641	0.026834066957235336	0.00023392568982671946	0.0011968516046181321	6.025196853443049e-05
9,20216E+17	Sarasota group escapes CA wildfire usa vacation travel	data/processed/pro_crisismmd/images/data_image/california_wildfires/17_10_2017/920216066416173056_0.jpg	not_humanitarian	not_humanitarian	True	0.5946693867444992	0.4289765930734575	0.5946693867444992	0.16569279367104173	0.04596747108735144	0.021162520788493566	0.154930105432868	2.9357613584579667e-05	0.004634899436496198	0.012913497863337398	False	True	0.6793874502182007	0.0020951274782419205	0.014897008426487446	0.0008740673656575382	0.24877813458442688	3.739177554962225e-05	0.0096555445343256	0.04427535459399223	True	0.5664300322532654	0.22022534906864166	0.05632429197430611	0.027925338596105576	0.12364742904901505	2.667955959623214e-05	0.0029613510705530643	0.0024595456197857857
9,20224E+17	Ray Signorello Jr vows to rebuild after losing his winery building in the California fires	data/processed/pro_crisismmd/images/data_image/california_wildfires/17_10_2017/920224382672343041_0.jpg	infrastructure_and_utility_damage	not_humanitarian	False	0.4459669664502144	0.2053188495337963	0.4459669664502144	0.12907438189722598	0.0264518188778311	0.14959277398884296	0.24064811691641808	0.0001367401846437133	0.004743687633890659	0.003385566335055046	False	True	0.39764368534088135	0.013504439033567905	0.008101106621325016	0.046864040195941925	0.5098099708557129	0.0004308536008466035	0.012861507944762707	0.010784497484564781	True	0.46207472681999207	0.167597696185112	0.03256872296333313	0.1838356852531433	0.15092749893665314	3.8702379242749885e-05	0.0020377475302666426	0.000919255951885134
9,20228E+17	Fire-scorched neighborhood in California still gets mail. Creepy Video:	data/processed/pro_crisismmd/images/data_image/california_wildfires/17_10_2017/920228049408360448_0.jpg	infrastructure_and_utility_damage	infrastructure_and_utility_damage	True	0.2950136065483093	0.02181917428970337	0.09771154448390007	0.16309013403952122	0.03368647559545934	0.2950136065483093	0.27319443225860596	0.08444091529236175	0.006587910233065486	0.04627498681657016	False	True	0.05935216695070267	0.05095183104276657	0.009326535277068615	0.2784169912338257	0.2500156760215759	0.33697232604026794	0.003542250022292137	0.01142218615859747	True	0.11049800366163254	0.20046956837177277	0.041806455701589584	0.3005458116531372	0.28092068433761597	0.00026377837639302015	0.007603130303323269	0.057892587035894394
9,20234E+17	Insurance payouts may not cover all wildfire damage for California wineries	data/processed/pro_crisismmd/images/data_image/california_wildfires/17_10_2017/920233746313465856_0.png	not_humanitarian	not_humanitarian	True	0.479937382042408	0.22941634227754548	0.479937382042408	0.21328370086848736	0.008671487681567669	0.2505210397648625	0.0366110663744621	0.0008235782734118402	0.0036254398874007165	0.006526275487885869	False	True	0.9400981664657593	0.021347545087337494	0.00300618726760149	0.002821289701387286	0.0020732476841658354	0.0006497629219666123	0.00403972715139389	0.025963997468352318	True	0.3265504539012909	0.277262419462204	0.010559921152889729	0.33308762311935425	0.04812367260456085	0.0008815167238935828	0.0034873441327363253	4.703482773038559e-05
9,20236E+17	BEARFIRE Fire in Santa Cruz mountains forces evacuations near Bear Crk Canyon Rd. via	data/processed/pro_crisismmd/images/data_image/california_wildfires/17_10_2017/920236266335162368_0.jpg	infrastructure_and_utility_damage	other_relevant_information	False	0.7954007834196091	0.6355650555342436	0.1598357278853655	0.7954007834196091	0.020251480302249547	0.012311883445363492	0.009376723726745695	7.69820198911475e-05	0.0015121301694307476	0.0012343771231826395	False	True	0.47230765223503113	0.5192907452583313	0.00019411518587730825	0.0021222892682999372	0.0032367713283747435	0.00021258980268612504	0.0011272360570728779	0.0015086804050952196	True	0.05567841976881027	0.8874374628067017	0.026937268674373627	0.01570841483771801	0.011423374526202679	3.177942562615499e-05	0.0016404282068833709	0.001142942695878446
9,20238E+17	it itnews it_news NASA fire photo space CNASA showed photos of California fires from spaceC	data/processed/pro_crisismmd/images/data_image/california_wildfires/17_10_2017/920237617886703616_0.jpg	other_relevant_information	other_relevant_information	True	0.5428593307733536	0.1345461755990982	0.40831315517425537	0.5428593307733536	0.0021655188756994903	0.041411479003727436	0.0036975720431655645	0.0006054550742646825	0.0008261129696620628	0.00012138422789575998	False	True	0.3957985043525696	0.5517693161964417	0.0010190734174102545	0.04340055212378502	0.004066718742251396	0.002397333038970828	0.0012480247532948852	0.0003004849422723055	True	0.41248470544815063	0.5398893356323242	0.0025476673617959023	0.04074845463037491	0.0035745231434702873	8.162419362633955e-06	0.000685475708451122	6.168398977024481e-05
9,20283E+17	The Eric and Andre show featuring special guest, The California forest fire	data/processed/pro_crisismmd/images/data_image/california_wildfires/17_10_2017/920282888364535808_0.jpg	not_humanitarian	not_humanitarian	True	0.8871560841798782	0.8517361111007631	0.8871560841798782	0.03541997307911515	0.02248805801355047	0.008624486275948584	0.03195568500086665	8.129645175358746e-05	0.009856554097495973	0.0044178215466672555	False	True	0.927760660648346	0.00788009725511074	0.00045848425361327827	0.0014585335738956928	0.02735717035830021	0.0002013257035287097	0.018854057416319847	0.016029685735702515	True	0.8736212253570557	0.04459993168711662	0.02983124926686287	0.011013137176632881	0.033488523215055466	4.1286701161880046e-05	0.006857386324554682	0.0005472001503221691
9,20303E+17	Why tf is California still on fire, just use a burn heal	data/processed/pro_crisismmd/images/data_image/california_wildfires/17_10_2017/920303079714471936_0.jpg	not_humanitarian	not_humanitarian	True	0.8740974962711334	0.8088424960151315	0.8740974962711334	0.06525500025600195	0.005972139682853594	0.021931026130914688	0.014531168388202786	0.0008454536971385096	0.0152404576074332	0.0021272589490308746	False	True	0.8219693899154663	0.062447596341371536	0.01864812895655632	0.012616848573088646	0.034541018307209015	0.0033615983556956053	0.03794768080115318	0.008467643521726131	True	0.8914735317230225	0.06619080156087875	0.0017468099249526858	0.02503575198352337	0.00786121841520071	6.738810952811036e-06	0.007671383209526539	1.3797424799122382e-05
9,20307E+17	Explore the technique uses to help reduce their wildfire risk.	data/processed/pro_crisismmd/images/data_image/california_wildfires/17_10_2017/920306504233836545_0.jpg	not_humanitarian	not_humanitarian	True	0.7791574597358704	0.5814924202859402	0.7791574597358704	0.1976650394499302	0.0029380368068814278	0.010991009185090661	0.006305914255790412	7.796112279834233e-05	0.0009865588217508048	0.0018779777228701278	False	True	0.7716494202613831	0.19046059250831604	0.0016730602364987135	0.020442044362425804	0.005811265669763088	0.00030996178975328803	0.0022525987587869167	0.007401076145470142	True	0.7816601395606995	0.20006652176380157	0.003359695663675666	0.007840664125978947	0.0064707971177995205	6.275671466937638e-07	0.0005645455094054341	3.694491533678956e-05
9,20311E+17	California may be on fire but damn that sunrise	data/processed/pro_crisismmd/images/data_image/california_wildfires/17_10_2017/920310501451509762_0.jpg	not_humanitarian	not_humanitarian	True	0.8551190197467804	0.7815153039991856	0.8551190197467804	0.07360371574759483	0.001024199795210734	0.029807217186316848	0.021444658865220845	0.010399221492662036	0.0012625973031390458	0.007339421052165562	False	True	0.6849730014801025	0.06878922879695892	0.0012170765548944473	0.09803193807601929	0.07349637150764465	0.0415676087141037	0.0030301169026643038	0.02889465168118477	True	0.9118343591690063	0.07520854473114014	0.0009599075419828296	0.007065643556416035	0.0040940879844129086	9.759085514815524e-06	0.0006734241032972932	0.00015434417582582682
9,20311E+17	California may be on fire but damn that sunrise	data/processed/pro_crisismmd/images/data_image/california_wildfires/17_10_2017/920310501451509762_1.jpg	not_humanitarian	not_humanitarian	True	0.8958237618207932	0.8293843874707818	0.8958237618207932	0.06643937435001135	0.0009797322854865342	0.01155172218568623	0.022232088376767933	0.0006224365706657409	0.000773631501942873	0.0015773172235640232	False	True	0.8477919697761536	0.040131863206624985	0.0010392065159976482	0.02500995807349682	0.07664608955383301	0.002460469026118517	0.0010742536978796124	0.005846236366778612	True	0.9118343591690063	0.07520854473114014	0.0009599075419828296	0.007065643556416035	0.0040940879844129086	9.759085514815524e-06	0.0006734241032972932	0.00015434417582582682
9,20313E+17	What causes fires in California?	data/processed/pro_crisismmd/images/data_image/california_wildfires/17_10_2017/920313439116935173_0.jpg	not_humanitarian	not_humanitarian	True	0.6240416094660759	0.405707772821188	0.6240416094660759	0.21833383664488792	0.001867091552412603	0.1293280776590109	0.009141318732872605	0.01564466243166862	0.001627305755391717	1.6041566254898498e-05	False	True	0.49761101603507996	0.06187494099140167	0.000201644521439448	0.36480268836021423	0.00928411353379488	0.06256699562072754	0.0036079613491892815	5.05527677887585e-05	True	0.6661851406097412	0.2704868018627167	0.002422240562736988	0.05083654075860977	0.009093720465898514	3.884701982315164e-06	0.0009670872241258621	4.537832410278497e-06
9,20318E+17	MountVernonWA fire crew helping fight California wildfires Skagit	data/processed/pro_crisismmd/images/data_image/california_wildfires/17_10_2017/920317656640704512_0.jpg	rescue_volunteering_or_donation_effort	rescue_volunteering_or_donation_effort	True	0.5507948510348797	0.3038499504327774	0.24694490060210228	0.061509400606155396	0.5507948510348797	0.002408229629509151	0.05543640861287713	0.0001830475641781959	0.011243558954447508	0.07147961189912166	False	True	0.33572596311569214	0.03155708312988281	0.13447974622249603	0.0029607629403471947	0.1863064169883728	0.0006977681186981499	0.024628791958093643	0.2836434543132782	True	0.21735121309757233	0.07149350643157959	0.6895665526390076	0.002224051859229803	0.011813072487711906	1.1474046004877891e-05	0.006781814619898796	0.0007583310944028199
9,20319E+17	Crews search rubble for California fire victims TheSift	data/processed/pro_crisismmd/images/data_image/california_wildfires/17_10_2017/920318835072389120_0.jpg	rescue_volunteering_or_donation_effort	rescue_volunteering_or_donation_effort	True	0.31551165506243706	0.07949287071824074	0.23601878434419632	0.07158294203691185	0.31551165506243706	0.21389205567538738	0.07401207182556391	0.0002971263966173865	0.08287092763930559	0.005814437405206263	False	True	0.48646193742752075	0.009232374839484692	0.21130992472171783	0.010775022208690643	0.04380608722567558	0.00034813955426216125	0.23135440051555634	0.006712092086672783	True	0.1525377333164215	0.09236646443605423	0.35024556517601013	0.28159773349761963	0.08408073335886002	0.0002801220107357949	0.033376436680555344	0.0055152191780507565
9,2032E+17	California woman stole from fire evacuees in SantaRosa	data/processed/pro_crisismmd/images/data_image/california_wildfires/17_10_2017/920320104839237632_0.jpg	not_humanitarian	affected_individuals	False	0.6467494033277035	0.47511265333741903	0.17163674999028444	0.002152356697479263	0.07037362025585026	0.0014677475555799901	0.6467494033277035	0.0007707964835788061	0.00992401409894228	0.09692536992952228	False	True	0.524394690990448	0.003948973026126623	0.002844636794179678	0.0025168026331812143	0.06944136321544647	0.0030818930827081203	0.034751806408166885	0.35901978611946106	True	0.05405076965689659	0.0015534845879301429	0.09288328140974045	0.0011180625297129154	0.8391854166984558	4.3095053570141317e-07	0.0016480833292007446	0.009560564532876015
9,20324E+17	'5 California is on fire! '5 Please be safe out there everyone!	data/processed/pro_crisismmd/images/data_image/california_wildfires/17_10_2017/920324100601421824_0.jpg	other_relevant_information	not_humanitarian	False	0.7182363420724869	0.4873698689043522	0.7182363420724869	0.2308664731681347	0.0029820374766131863	0.008596104162279516	0.03592058923095465	0.0011150358963902818	0.0016425098438048735	0.0006409016132238321	False	True	0.140608012676239	0.7025850415229797	0.0008889424498192966	0.026470333337783813	0.11908669024705887	0.004455250222235918	0.003721254877746105	0.002184508601203561	True	0.9107791185379028	0.07362695038318634	0.003679735818877816	0.002638027770444751	0.008198555558919907	1.631121108403022e-06	0.0009495948324911296	0.00012636595056392252
9,20326E+17	Tending To Patients As Her New Home Burns California wildfires	data/processed/pro_crisismmd/images/data_image/california_wildfires/17_10_2017/920326087195938816_0.jpg	not_humanitarian	affected_individuals	False	0.5105472542345524	0.18028411269187927	0.3302631415426731	0.043009808752685785	0.0790142216719687	0.014825899852439761	0.5105472542345524	0.00040658313628227916	0.012072623358108103	0.009860514634056017	False	True	0.7415168285369873	0.09815012663602829	0.017730647698044777	0.024337688460946083	0.07509751617908478	0.0016129326540976763	0.00534824887290597	0.03620603308081627	True	0.19317857921123505	0.024629702791571617	0.09944207966327667	0.01165530364960432	0.6556971669197083	4.466630343813449e-06	0.014314081519842148	0.0010786751518025994
9,2033E+17	Family Miraculously Finds Dog They Lost When Escaping California Wildfires	data/processed/pro_crisismmd/images/data_image/california_wildfires/17_10_2017/920329866901381123_0.jpg	not_humanitarian	missing_or_found_people	False	0.497313492000103	0.18656819313764572	0.06524335464928299	0.058346946723759174	0.04060222301632166	0.024592881207354367	0.3107452988624573	0.0004263830783202138	0.0027294086175970733	0.497313492000103	False	True	0.24295392632484436	0.04787871241569519	0.01746062934398651	0.08635815232992172	0.264763742685318	0.0016781054437160492	0.0044023022055625916	0.33450445532798767	True	0.006006497424095869	0.0618363581597805	0.04831608757376671	0.004004457499831915	0.32607248425483704	9.14228985493537e-06	0.0021717774216085672	0.5515831708908081
9,20333E+17	Comparing notes from difficult 2017 wildfire seasons in Canada, USA, Mexico NAFC	data/processed/pro_crisismmd/images/data_image/california_wildfires/17_10_2017/920332513914032129_0.jpg	not_humanitarian	other_relevant_information	False	0.6025435607880354	0.2422738205641508	0.3602697402238846	0.6025435607880354	0.0032117324008140713	0.01145424135029316	0.008823512587696314	0.00037613667541336326	0.013047370259300806	0.00027373586181056453	False	True	0.8190571665763855	0.08268003910779953	0.009914353489875793	0.010077245533466339	0.025294624269008636	0.0014838868519291282	0.05051117762923241	0.000981555669568479	True	0.20734059810638428	0.775831401348114	0.0009775253711268306	0.0119132399559021	0.003333142027258873	6.886616574774962e-06	0.0005594344693236053	3.7795925891259685e-05
9,20338E+17	Guy Fieri treats California wildfire evacuees, first responders to barbecue	data/processed/pro_crisismmd/images/data_image/california_wildfires/17_10_2017/920337866521284608_0.jpg	rescue_volunteering_or_donation_effort	rescue_volunteering_or_donation_effort	True	0.7917316257953644	0.6202271766960621	0.015077129704877734	0.002575231897935737	0.7917316257953644	0.00013677319566340884	0.1715044490993023	1.9076870046319527e-05	0.004733233421575278	0.014222420169971883	False	True	0.033947911113500595	0.0003828192420769483	0.6878708600997925	4.968070061295293e-05	0.2330542951822281	7.276860560523346e-05	0.01091716531664133	0.0337044857442379	True	0.00878686923533678	0.003306036116555333	0.8263518810272217	0.00016580402734689415	0.15098783373832703	1.1796248600148829e-06	0.002671922789886594	0.007728398311883211
9,20363E+17	California is legit on fire	data/processed/pro_crisismmd/images/data_image/california_wildfires/17_10_2017/920363008232062976_0.jpg	other_relevant_information	not_humanitarian	False	0.7044420540332794	0.43363361433148384	0.7044420540332794	0.2708084397017956	0.0006004935567034408	0.01361768669448793	0.007794860517606139	0.0004422366328071803	0.00100001206737943	0.0012942329553879972	False	True	0.0976417064666748	0.8685125112533569	0.0003454807447269559	0.004991187714040279	0.020252689719200134	0.001757176942192018	0.0013481726637110114	0.005151118151843548	True	0.906708836555481	0.07157374918460846	0.0006854978273622692	0.016493186354637146	0.003642250783741474	3.923196345567703e-06	0.0008839585352689028	8.604556569480337e-06
9,20363E+17	Red Cross volunteers at the fundraiser for California Wildfire relief until 6pm at the Atlantis in Reno NNVredcross	data/processed/pro_crisismmd/images/data_image/california_wildfires/17_10_2017/920363267981303809_0.jpg	rescue_volunteering_or_donation_effort	rescue_volunteering_or_donation_effort	True	0.8959970474243164	0.807596767321229	0.00699472003725532	0.00010860000566026429	0.8959970474243164	1.575032896994344e-05	0.08840028010308743	1.7758363355824258e-05	0.007435821433318779	0.0010299825880792923	False	True	0.02776278182864189	0.0002930623304564506	0.6287354826927185	5.807170600746758e-05	0.315496563911438	6.94374757586047e-05	0.0243572685867548	0.0032273384276777506	True	7.203277345979586e-05	4.711256406153552e-05	0.9850842356681824	1.6432032907687244e-06	0.012701518833637238	5.319925548974425e-07	0.0017953390488401055	0.0002975306415464729
9,20365E+17	Red Cross Responds to Deadly Wildfires in California RedCrossProud RedCrosser	data/processed/pro_crisismmd/images/data_image/california_wildfires/17_10_2017/920365004427354113_0.jpg	rescue_volunteering_or_donation_effort	not_humanitarian	False	0.4747900068759918	0.14365918189287186	0.4747900068759918	0.05097586917690933	0.33113082498311996	0.00557237376779085	0.1216492410749197	3.887409866365488e-05	0.015478683402761817	0.0003640862378233578	False	True	0.42040911316871643	0.010230774991214275	0.243207186460495	0.0004049619601573795	0.3117803931236267	0.0001390224788337946	0.013048126362264156	0.0007804521592333913	True	0.4929169714450836	0.06455756723880768	0.3604387044906616	0.0072948443703353405	0.058272190392017365	5.4913052736083046e-06	0.016288869082927704	0.00022529759735334665
9,20369E+17	EXCLUSIVE: Officials Suspect Cartels Behind California Wildfires After ICE Issues Detainer	data/processed/pro_crisismmd/images/data_image/california_wildfires/17_10_2017/920368722832916486_0.jpg	other_relevant_information	not_humanitarian	False	0.5453166216611862	0.22228042408823967	0.5453166216611862	0.32303619757294655	0.020971442805603147	0.05314398091286421	0.05275793978944421	0.0006399166541086743	0.0032923270482569933	0.0008415369084104896	False	True	0.11072307825088501	0.8199848532676697	0.0006233984604477882	0.0368465855717659	0.028002174571156502	0.002450380241498351	0.0007585706189274788	0.0006109940586611629	True	0.6901811361312866	0.1573866456747055	0.027754124253988266	0.058576446026563644	0.061009861528873444	3.6428791645448655e-05	0.004136912524700165	0.0009183845249935985
9,2038E+17	$17m glass mansion reduced to rubble by California wildfire	data/processed/pro_crisismmd/images/data_image/california_wildfires/17_10_2017/920379677587390465_0.jpg	infrastructure_and_utility_damage	infrastructure_and_utility_damage	True	0.6009738817811012	0.4224033150821924	0.1785705666989088	0.1143136452883482	0.010503144381800666	0.6009738817811012	0.08652525395154953	0.0012485612678574398	0.006678568141069263	0.0011863508843816817	False	True	0.34139832854270935	0.09046240895986557	0.0005219947779551148	0.4559578597545624	0.10522042959928513	0.002974646631628275	0.002083292929455638	0.0013810218079015613	True	0.12429464608430862	0.12226405739784241	0.013830194249749184	0.6493125557899475	0.08029352873563766	0.0006731994799338281	0.008210326544940472	0.0011214605765417218
9,20388E+17	Baby Girl Born SantaRosa Mom Evacuating Wildfires:	data/processed/pro_crisismmd/images/data_image/california_wildfires/17_10_2017/920387925187194881_0.jpg	not_humanitarian	not_humanitarian	True	0.4838060662150383	0.27854667603969574	0.4838060662150383	0.061200365773402154	0.09201442130142823	0.006651104282354936	0.20525939017534256	7.329414961532166e-05	0.011772844591178	0.13922249805182219	False	True	0.27321991324424744	0.0022950335405766964	0.0034564754460006952	0.0005010947352275252	0.19493474066257477	0.00027106431662105024	0.02373371459543705	0.5015879273414612	True	0.5540014505386353	0.08083547651767731	0.12153373658657074	0.00870110746473074	0.20870094001293182	7.370760613412131e-06	0.00778588792309165	0.01843402162194252
9,20394E+17	USA California - Wildfire Near The Geysers Geothermal Field Being Contained	data/processed/pro_crisismmd/images/data_image/california_wildfires/17_10_2017/920394039509204992_0.jpg	not_humanitarian	other_relevant_information	False	0.9151814877986908	0.8474290003068745	0.06775248749181628	0.9151814877986908	0.001430177129805088	0.008351280819624662	0.002258485328638926	0.0008920142572605982	0.002266804367536679	0.0018672082480861718	False	True	0.24832817912101746	0.7290645241737366	0.0006608410039916635	0.004956893622875214	0.005049355328083038	0.003152353223413229	0.001345834112726152	0.007441923953592777	True	0.007560590282082558	0.9772204756736755	0.0016866225050762296	0.009482743218541145	0.001328195328824222	0.00013856793520972133	0.0025737944524735212	8.969679583969992e-06
9,20402E+17	Bank CEO perseveres after losing home in California wildfires	data/processed/pro_crisismmd/images/data_image/california_wildfires/17_10_2017/920402057613287424_0.jpg	not_humanitarian	not_humanitarian	True	0.567876473069191	0.31509869173169136	0.567876473069191	0.05476074723992497	0.00794002809561789	0.10135542717762291	0.2527777813374996	0.0004434775091795018	0.001571558677824214	0.013274506200104952	False	True	0.6847922205924988	0.006733516696840525	0.008076829835772514	0.008560498245060444	0.23632045090198517	0.0015883849700912833	0.0040066116489470005	0.04992144554853439	True	0.5289045572280884	0.07076982408761978	0.007894427515566349	0.13228707015514374	0.25826355814933777	6.184168887557462e-05	0.0007598743541166186	0.0010588597506284714
9,20408E+17	Amazing photo of neighborhood post-wildfire, from	data/processed/pro_crisismmd/images/data_image/california_wildfires/17_10_2017/920407758603735040_0.jpg	infrastructure_and_utility_damage	infrastructure_and_utility_damage	True	0.7704702168703079	0.6873015067540109	0.083168710116297	0.05835206853225827	0.0008716777520021424	0.7704702168703079	0.034656930482015014	0.048414587261504494	0.003536812248057686	0.000528933917962604	False	True	0.2696731984615326	0.162126362323761	0.0016977867344394326	0.258137047290802	0.10299650579690933	0.19124408066272736	0.012026104144752026	0.002098911441862583	True	0.02100054733455181	0.023760637268424034	0.0005963080911897123	0.9412479400634766	0.011877072043716908	0.0008047561277635396	0.0007070482824929059	5.6080766626109835e-06
9,20413E+17	Before-and-after photos show the destruction of the famous $17 million 'Glass House,' which	data/processed/pro_crisismmd/images/data_image/california_wildfires/17_10_2017/920412988657602561_0.jpg	not_humanitarian	infrastructure_and_utility_damage	False	0.7287080148234963	0.594634406035766	0.13407360878773034	0.06633366434834898	0.0012112628683098592	0.7287080148234963	0.05655268346890807	0.0007301036021090113	0.003214276221115142	0.009176346356980503	False	True	0.4995746612548828	0.22517229616641998	0.004158292897045612	0.017934922128915787	0.20481416583061218	0.0024948413483798504	0.01019932422786951	0.03565152734518051	True	0.012239924632012844	0.013387453742325306	0.00022891952539794147	0.9656323790550232	0.0071321893483400345	0.00014185768668539822	0.0008859268855303526	0.00035128602758049965
9,20414E+17	Hellsgate sends crews to help fight California wildfires - 17 October 2017	data/processed/pro_crisismmd/images/data_image/california_wildfires/17_10_2017/920413885772869632_0.jpg	rescue_volunteering_or_donation_effort	rescue_volunteering_or_donation_effort	True	0.5342465909197927	0.29778001364320517	0.2364665772765875	0.15033740177750587	0.5342465909197927	0.005928926344495267	0.045852672308683395	0.021369385530761065	0.0024274588795378804	0.003371015358425211	False	True	0.6351457834243774	0.210517019033432	0.016122568398714066	0.012132140807807446	0.02432587742805481	0.08545675128698349	0.0036574783734977245	0.012642373330891132	True	0.1035735085606575	0.13027752935886383	0.7069545984268188	0.0038611881900578737	0.05302827060222626	6.930278686922975e-06	0.0020174523815512657	0.00028056270093657076
9,20426E+17	Wildfires continue to burn across California, Oregon and Utah.	data/processed/pro_crisismmd/images/data_image/california_wildfires/17_10_2017/920425942257995777_0.jpg	other_relevant_information	other_relevant_information	True	0.7504194974899292	0.5924888998270035	0.15793059766292572	0.7504194974899292	0.004141880528550246	0.07389081799192354	0.012355957878753543	0.00029171755159040913	0.000837769934150856	0.00013178246899769874	False	True	0.09782640635967255	0.8947291374206543	8.69654249981977e-05	0.0027846682351082563	0.002706984058022499	0.0010676643578335643	0.00043566766544245183	0.00036256195744499564	True	0.17796532809734344	0.7023162841796875	0.0054935188964009285	0.09759286791086197	0.01557228248566389	3.306861617602408e-05	0.000971804023720324	5.485597284859978e-05
9,20441E+17	Dog rescues 8 goats in California wildfire. We're not crying, you are:	data/processed/pro_crisismmd/images/data_image/california_wildfires/18_10_2017/920441247944163329_0.jpg	not_humanitarian	rescue_volunteering_or_donation_effort	False	0.46318511571735144	0.2903733979910612	0.17281171772629023	0.07117036078125238	0.46318511571735144	0.038169046863913536	0.16129404306411743	0.003400762587261852	0.04125556629151106	0.04871338978409767	False	True	0.5407673120498657	0.03144210949540138	0.019258376210927963	0.03543340042233467	0.14006806910037994	0.012606414034962654	0.056623492389917374	0.16380082070827484	True	0.05015985295176506	0.08441311120986938	0.6111606955528259	0.03908092901110649	0.1683693677186966	0.0003322121046949178	0.036132924258708954	0.010350912809371948
9,20444E+17	California wildfires claim iconic 'Glass House' in Solano County via FOX NEWS	data/processed/pro_crisismmd/images/data_image/california_wildfires/18_10_2017/920443591423680518_0.jpg	not_humanitarian	not_humanitarian	True	0.24145776592195034	0.009100517258048058	0.24145776592195034	0.23235724866390228	0.014631738071329892	0.22168144397437572	0.22623409889638424	0.0030397201044252142	0.00694951246259734	0.05364846859811223	False	True	0.9166663289070129	0.044502973556518555	0.0024971705861389637	0.019736401736736298	0.013580046594142914	0.0003545735380612314	0.0025661743711680174	9.636777394916862e-05	True	0.016388244926929474	0.2949753403663635	0.018676593899726868	0.28899645805358887	0.29711878299713135	0.003934768959879875	0.008410625159740448	0.07149916887283325
9,20456E+17	Fog rolling in is a welcome sight in fire ravaged Northern California! BIF2017	data/processed/pro_crisismmd/images/data_image/california_wildfires/18_10_2017/920456400022544384_0.jpg	not_humanitarian	other_relevant_information	False	0.5960730873048306	0.3510509580373764	0.24502212926745415	0.5960730873048306	0.010974936798447743	0.033915307838469744	0.10085984598845243	0.0006357609090628102	0.008611696015577763	0.003907245147274807	False	True	0.7174047231674194	0.11750780045986176	0.0018738318467512727	0.08825133740901947	0.05957556143403053	0.0006211512954905629	0.0013776139821857214	0.013387898914515972	True	0.08756126463413239	0.7555948495864868	0.014008638449013233	0.015803297981619835	0.11462127417325974	0.0006406307802535594	0.01102305669337511	0.0007470272248610854
9,20457E+17	Thanks to all the donors who gave so generously to California Wildfire relief today! NNVredcross	data/processed/pro_crisismmd/images/data_image/california_wildfires/18_10_2017/920456927997583361_0.jpg	rescue_volunteering_or_donation_effort	rescue_volunteering_or_donation_effort	True	0.7422334402799606	0.5895014521665871	0.15273198811337352	0.0013291296490933746	0.7422334402799606	0.00031201311503537	0.0983837153762579	3.4092335781110705e-06	0.00456445079180412	0.00044184150101500563	False	True	0.029012514278292656	0.0007704669842496514	0.8895249366760254	0.00020720134489238262	0.07762566953897476	1.2445936590665951e-05	0.0014287870144471526	0.001417973660863936	True	0.19397181272506714	0.0015153505373746157	0.6931362748146057	0.0003469503717496991	0.10530306398868561	3.969992405927769e-07	0.005609672050923109	0.00011646411439869553
9,20458E+17	RoundUp: MacArthur Fellows, California Wildfires, and Joni Mitchell	data/processed/pro_crisismmd/images/data_image/california_wildfires/18_10_2017/920458166772649984_0.jpg	not_humanitarian	not_humanitarian	True	0.842356413602829	0.766813731752336	0.842356413602829	0.010109234368428588	0.013701343443244696	0.010766383726149797	0.07554268185049295	0.00036062526396563044	0.004528205812675878	0.04263516145419999	False	True	0.5314158797264099	0.0013676825910806656	0.028798099607229233	0.028934037312865257	0.22128765285015106	0.0014347167452797294	0.016302721574902534	0.17045924067497253	True	0.946003258228302	0.013023084960877895	0.008669091388583183	0.004710499197244644	0.02696102485060692	2.594770194264129e-06	0.000603367225266993	2.7135047275805846e-05
9,20463E+17	Young SantaRosa FireVictim gets new legs Her Birthday:	data/processed/pro_crisismmd/images/data_image/california_wildfires/18_10_2017/920463405508677633_0.jpg	not_humanitarian	not_humanitarian	True	0.4984918162226677	0.32908806193154305	0.4984918162226677	0.004288857977371663	0.053784750401973724	0.007050454500131309	0.1479062344878912	2.0895937609566317e-05	0.11905324505642056	0.16940375429112464	False	True	0.06377384066581726	0.0004022622015327215	0.005353868007659912	0.008350147865712643	0.24600623548030853	7.696104148635641e-05	0.01959148235619068	0.6564452648162842	True	0.6433978080749512	0.00558438990265131	0.069928377866745	0.0066172233782708645	0.11520623415708542	2.2075696506362874e-06	0.1522071659564972	0.007056584116071463
9,2047E+17	Berthoud fire department sending crew to California to fight wildfires via	data/processed/pro_crisismmd/images/data_image/california_wildfires/18_10_2017/920470417428451328_0.jpg	rescue_volunteering_or_donation_effort	not_humanitarian	False	0.3985038548707962	0.021396100521087646	0.3985038548707962	0.1153065343387425	0.37710775434970856	0.008126450818963349	0.08577616699039936	0.0004445128038241819	0.004740441800095141	0.009994274121709168	False	True	0.5771670937538147	0.010755704715847969	0.30295562744140625	0.0018434212543070316	0.0681910514831543	0.0016949046403169632	0.01098299864679575	0.026409205049276352	True	0.33894944190979004	0.15015681087970734	0.4018251299858093	0.010220794007182121	0.09163787215948105	2.7715524993254803e-05	0.0026595895178616047	0.004522630479186773
9,20475E+17	Engineered drought causing wildfires	data/processed/pro_crisismmd/images/data_image/california_wildfires/18_10_2017/920474622205628416_1.jpg	other_relevant_information	other_relevant_information	True	0.6169196367263794	0.2804883671924472	0.3364312695339322	0.6169196367263794	0.0016081182948255446	0.03981479589128867	0.00478193853632547	7.436191981469165e-05	0.0002107093114318559	0.00015916742501076442	False	True	0.03200136497616768	0.9648386240005493	0.00016163753753062338	0.0012918694410473108	0.000763415009714663	0.0002723610959947109	4.390942194731906e-05	0.0006268299766816199	True	0.4379079043865204	0.5009466409683228	0.002090278547257185	0.052655771374702454	0.006121446378529072	8.362194421351887e-06	0.00026630927459336817	3.2799077871459303e-06
9,20475E+17	Engineered drought causing wildfires	data/processed/pro_crisismmd/images/data_image/california_wildfires/18_10_2017/920474622205628416_3.jpg	other_relevant_information	other_relevant_information	True	0.6070208549499512	0.26099620573222637	0.3460246492177248	0.6070208549499512	0.0015991230502550025	0.039578866213560104	0.005521234415937215	2.551153329477529e-05	0.0002244885836262256	5.267653307328146e-06	False	True	0.07037488371133804	0.9252434968948364	0.00012565655924845487	0.00034815073013305664	0.003720598528161645	7.69595499150455e-05	9.902651072479784e-05	1.1230889867874794e-05	True	0.4379079043865204	0.5009466409683228	0.002090278547257185	0.052655771374702454	0.006121446378529072	8.362194421351887e-06	0.00026630927459336817	3.2799077871459303e-06
9,20475E+17	Video News via CNN: A rare view inside a California wildfire |	data/processed/pro_crisismmd/images/data_image/california_wildfires/18_10_2017/920475110062125056_0.png	not_humanitarian	other_relevant_information	False	0.5030283685773611	0.1324202511459589	0.3706081174314022	0.5030283685773611	0.013902229024097323	0.07012284750817344	0.026470218028407544	0.0002869886520784348	0.008635551203042269	0.006945680899661966	False	True	0.9400981664657593	0.021347545087337494	0.00300618726760149	0.002821289701387286	0.0020732476841658354	0.0006497629219666123	0.00403972715139389	0.025963997468352318	True	0.18077810108661652	0.6635886430740356	0.017534242942929268	0.09255670011043549	0.03460254147648811	0.00016606389544904232	0.010167492553591728	0.0006062420434318483
9,20501E+17	Vegetation Fire Burns At Least 30 Acres InDublin:	data/processed/pro_crisismmd/images/data_image/california_wildfires/18_10_2017/920500722063601666_0.jpg	infrastructure_and_utility_damage	not_humanitarian	False	0.4858941286802292	0.10384020209312439	0.4858941286802292	0.3820539265871048	0.00847183185396716	0.10031300317496061	0.017509485129266977	0.0011469398875760817	0.002948823617771268	0.0016618857043795288	False	True	0.16172999143600464	0.545866847038269	0.00039837206713855267	0.23985570669174194	0.044513218104839325	0.004549198318272829	0.0023065407294780016	0.000780109316110611	True	0.5939488410949707	0.32744961977005005	0.011162985116243362	0.05379876866936684	0.008508240804076195	1.2853744010499213e-05	0.0031629179138690233	0.0019558111671358347
9,20502E+17	PG&E should be broken up if responsible for California wildfires, lawmake...	data/processed/pro_crisismmd/images/data_image/california_wildfires/18_10_2017/920501977846607874_0.jpg	other_relevant_information	not_humanitarian	False	0.5567740499973297	0.22872827015817165	0.5567740499973297	0.32804577983915806	0.003883155499352142	0.09042722824960947	0.018441254156641662	0.00010332867213946884	0.0019223049166612327	0.00040295737835549517	False	True	0.8796833157539368	0.0717308297753334	0.0016303694574162364	0.03648405149579048	0.00626955134794116	0.00034945644438266754	0.0023473447654396296	0.001505105523392558	True	0.4491376280784607	0.4134840965270996	0.004634084179997444	0.10840828716754913	0.022498488426208496	2.1286081391735934e-05	0.0017806249670684338	3.5574663343140855e-05
9,20504E+17	Help save California from the wildfires by going to and donating.	data/processed/pro_crisismmd/images/data_image/california_wildfires/18_10_2017/920504423931154432_0.jpg	not_humanitarian	not_humanitarian	True	0.8452028334140778	0.7596434340812266	0.8452028334140778	0.011165611678734422	0.08555939933285117	0.006357829901389778	0.04101434489712119	0.00015047559205072503	0.009955657573300414	0.0005938065539794479	False	True	0.8889147043228149	0.0078877042979002	0.026851346716284752	0.007547805551439524	0.02691716141998768	0.0005967511679045856	0.0389382541179657	0.0023461529053747654	True	0.830632209777832	0.012258247472345829	0.10512875020503998	0.005961171351373196	0.045713406056165695	1.7170667661048356e-06	0.00029479205841198564	9.691103514342103e-06
9,20516E+17	Guy Fieri Cooking 5,000 Meals day Wildfire Victims:	data/processed/pro_crisismmd/images/data_image/california_wildfires/18_10_2017/920515577877356544_0.jpg	not_humanitarian	rescue_volunteering_or_donation_effort	False	0.5446504661813378	0.27612375747412443	0.2685267087072134	0.006317852181382477	0.5446504661813378	0.0031518233008682728	0.15553820505738258	0.0002759087292361073	0.0059026365634053946	0.015636395546607673	False	True	0.8928141593933105	0.00266274344176054	0.01340043917298317	0.003495466662570834	0.03737922012805939	0.0010335142724215984	0.00496301194652915	0.044251468032598495	True	0.06043089181184769	0.007536221761256456	0.721733808517456	0.0030372755136340857	0.19492453336715698	2.3373548174276948e-05	0.006215844769030809	0.006098038051277399
9,20537E+17	PIA22048: NASA Damage Map Aids Northern California Wildfire Response -	data/processed/pro_crisismmd/images/data_image/california_wildfires/18_10_2017/920537008509943808_0.jpg	other_relevant_information	other_relevant_information	True	0.7790567725896835	0.5905019920319319	0.0213540883269161	0.7790567725896835	0.002396100986516103	0.18855478055775166	0.0024056716938503087	0.0015985605714377016	0.0029025744006503373	0.0017314075394097017	False	True	0.008547975681722164	0.9140097498893738	0.0005925440927967429	0.06394123286008835	0.003443761495873332	0.0019197951769456267	0.0006885618204250932	0.006856279447674751	True	0.025622792541980743	0.7340724468231201	0.00299728661775589	0.2300926297903061	0.002059641759842634	0.0014914823696017265	0.003640578594058752	2.3116903321351856e-05
9,20616E+17	California anticipates much-needed rain this week after catastrophic wildfires:	data/processed/pro_crisismmd/images/data_image/california_wildfires/18_10_2017/920615738557321216_0.jpg	other_relevant_information	other_relevant_information	True	0.6488889306783676	0.386473573744297	0.2624153569340706	0.6488889306783676	0.006486906262580305	0.054665544666931964	0.0237756643909961	5.514126223715721e-05	0.00025438820011913776	0.0034580456813273486	False	True	0.22542333602905273	0.7422540783882141	0.0033010749612003565	0.0007584677659906447	0.013986158184707165	7.344842742895707e-05	0.0005127392360009253	0.013690733350813389	True	0.27474603056907654	0.6177672147750854	0.007548850029706955	0.07263457030057907	0.027038833126425743	4.9038873839890584e-05	0.00016827118815854192	4.714979149866849e-05
9,2062E+17	WATCH: North California Fire Doesn't Deter USPS Mailman From Delivering Post firangi	data/processed/pro_crisismmd/images/data_image/california_wildfires/18_10_2017/920619851886006273_0.jpg	other_relevant_information	not_humanitarian	False	0.22898437455296516	0.02035865094512701	0.22898437455296516	0.15600745379924774	0.15463267103768885	0.17285659909248352	0.20862572360783815	0.00014456529970630072	0.0032180739217437804	0.07553060387726873	False	True	0.6957457065582275	0.22561806440353394	0.003324695862829685	0.015646561980247498	0.05494432523846626	0.0002458952076267451	0.0015993316192179918	0.0028754412196576595	True	0.07339726388454437	0.13280391693115234	0.2050686627626419	0.2252599447965622	0.2598528563976288	0.00011078866373281926	0.0037576546892523766	0.09974899142980576
9,20622E+17	Oregon strike teams return home from battling wildfires in California LiveonK2	data/processed/pro_crisismmd/images/data_image/california_wildfires/18_10_2017/920621738932649985_0.jpg	rescue_volunteering_or_donation_effort	affected_individuals	False	0.4590460453182459	0.22919305972754955	0.22985298559069633	0.07007427513599396	0.22110692039132118	0.0029541365220211446	0.4590460453182459	7.271956610566122e-05	0.007378835172858089	0.009514059944194742	False	True	0.6702824234962463	0.051407262682914734	0.17648132145404816	0.004211366642266512	0.040147699415683746	0.0002738161419983953	0.02124044857919216	0.03595557436347008	True	0.083043172955513	0.0762966126203537	0.23598212003707886	0.002535059815272689	0.5986788272857666	5.6873741414165124e-06	0.0027582973707467318	0.0007002218044362962
9,20628E+17	Pair of Fire/Rescue Boats now on duty in California	data/processed/pro_crisismmd/images/data_image/california_wildfires/18_10_2017/920628075561439237_0.jpg	rescue_volunteering_or_donation_effort	rescue_volunteering_or_donation_effort	True	0.5653527658432722	0.42903272341936827	0.08760483752121218	0.05168641684576869	0.5653527658432722	0.003950486483518034	0.03316469909623265	0.13632004242390394	0.012391891679726541	0.10952881933189929	False	True	0.34570854902267456	0.011189362034201622	0.12088292092084885	0.0035573949571698904	0.05326561629772186	0.053336527198553085	0.004374510142952204	0.4076850712299347	True	0.0015702670207247138	0.06518543511629105	0.7135093808174133	0.004081516992300749	0.026464393362402916	0.16398121416568756	0.015064352191984653	0.01014340203255415
9,20635E+17	Harris, Feinstein Raise Concerns About Wireless Emergency Alert System Deficiencies During	data/processed/pro_crisismmd/images/data_image/california_wildfires/18_10_2017/920635343606599680_0.jpg	not_humanitarian	not_humanitarian	True	0.762979730963707	0.5842749787552748	0.762979730963707	0.17870475220843218	0.0053245845483615994	0.013316008349647745	0.02275861194357276	9.526064695819514e-05	0.0029584437725134194	0.013862640247680247	False	True	0.86756831407547	0.0011266417568549514	0.010715918615460396	0.0018086977070197463	0.07183074206113815	0.00034415663685649633	0.005752767901867628	0.04085274040699005	True	0.7281168699264526	0.23789745569229126	0.0035274731926620007	0.01715177856385708	0.0064012352377176285	1.229531699209474e-05	0.0020270023960620165	0.004865940194576979
9,20636E+17	Iconic $17m 'Glass House' mansion burnt to the ground in killer California wildfires	data/processed/pro_crisismmd/images/data_image/california_wildfires/18_10_2017/920635671353667586_0.jpg	infrastructure_and_utility_damage	infrastructure_and_utility_damage	True	0.5291453823447227	0.25318174064159393	0.07598452642560005	0.2759636417031288	0.006579258064448368	0.5291453823447227	0.09277704684063792	0.0030533012468367815	0.01400456263218075	0.0024922859156504273	False	True	0.08722382038831711	0.5134276747703552	0.0002168670471291989	0.3813793361186981	0.012137247249484062	0.0038492956664413214	0.0011330903507769108	0.0006327610462903976	True	0.07223809510469437	0.19680896401405334	0.008700055070221424	0.578400731086731	0.11965698003768921	0.002787969773635268	0.018295053392648697	0.0031121275387704372
9,20651E+17	Forest City native shares experience evacuating from California wildfires	data/processed/pro_crisismmd/images/data_image/california_wildfires/18_10_2017/920650692951494656_0.jpg	not_humanitarian	affected_individuals	False	0.47162301116622984	0.225795857491903	0.20192604139447212	0.04914597564129508	0.021288849751726957	0.008994932225050434	0.47162301116622984	3.4693012480602192e-06	0.001190527225844562	0.24582715367432684	False	True	0.010936722159385681	0.00015771212929394096	0.00014531561464536935	2.1520756490645e-05	0.008192569948732853	2.548175416450249e-06	0.0009231640724465251	0.9796203970909119	True	0.2655891478061676	0.06547539681196213	0.028336694464087486	0.01198606938123703	0.6260998249053955	3.7763431919302093e-06	0.001279648276977241	0.0012294058687984943
9,20651E+17	Forest City native shares experience evacuating from California wildfires	data/processed/pro_crisismmd/images/data_image/california_wildfires/18_10_2017/920650692951494656_2.jpg	not_humanitarian	affected_individuals	False	0.5950457155704498	0.37591671384871006	0.21912900172173977	0.04914142432244262	0.024959880858659744	0.009072908076632302	0.5950457155704498	1.6787207584911812e-05	0.006398201367119327	0.09623605792876333	False	True	0.07974856346845627	0.000139506853884086	0.014829440042376518	0.00033342416281811893	0.5018833875656128	5.581980076385662e-05	0.021753860637545586	0.38125601410865784	True	0.2655891478061676	0.06547539681196213	0.028336694464087486	0.01198606938123703	0.6260998249053955	3.7763431919302093e-06	0.001279648276977241	0.0012294058687984943
9,2066E+17	Fidelity Charitable Issues Guidance on California Wildfire Relief	data/processed/pro_crisismmd/images/data_image/california_wildfires/18_10_2017/920659752106975232_0.jpg	not_humanitarian	not_humanitarian	True	0.5563034862279892	0.36850890703499317	0.5563034862279892	0.12914901465410367	0.18779457919299603	0.015929492888972163	0.10514936409890652	0.001376572965455125	0.003384072915650904	0.0009134481456385402	False	True	0.4862484335899353	0.0024686253163963556	0.3835040330886841	0.008579320274293423	0.10076631605625153	0.005493855103850365	0.009352672845125198	0.0035867695696651936	True	0.5796551704406738	0.1713758111000061	0.1225580945611	0.01837955042719841	0.10661038011312485	4.14558599004522e-06	0.0013945396058261395	2.2341004296322353e-05
9,20663E+17	Coming your way Loren!!	data/processed/pro_crisismmd/images/data_image/california_wildfires/18_10_2017/920663352384327681_0.jpg	not_humanitarian	not_humanitarian	True	0.8767233639955521	0.8041417717540753	0.8767233639955521	0.014837567927315831	0.003225093678338453	0.011834703152999282	0.015073005459271371	0.0010538646823050613	0.00467079900954559	0.07258159224147676	False	True	0.610729992389679	0.00880607683211565	0.009533214382827282	0.010326300747692585	0.04842197149991989	0.004212937317788601	0.018438104540109634	0.2895313799381256	True	0.9653878211975098	0.016848064959049225	0.001122386776842177	0.01233750395476818	0.003956683445721865	8.404704772146943e-07	8.16971660242416e-05	0.000264996342593804
9,20667E+17	California Fire Solution Intervene With (R') Larceny Check On Donald Trump	data/processed/pro_crisismmd/images/data_image/california_wildfires/18_10_2017/920667169947553792_0.jpg	not_humanitarian	not_humanitarian	True	0.8528768718242645	0.7648761346499668	0.8528768718242645	0.08800073717429768	0.028078082686988637	0.006518616472021677	0.02070392871974036	2.3623381252946274e-05	0.002504211908672005	0.0012939147127326578	False	True	0.9916433691978455	0.0004853309947066009	0.001876107300631702	0.0007023416110314429	0.0016555737238377333	7.393553096335381e-05	0.001943789655342698	0.0016194848576560616	True	0.8066213726997375	0.11717253923416138	0.03681207448244095	0.008457374759018421	0.027053380385041237	6.852664682810428e-06	0.0026910193264484406	0.0011853913310915232
9,20668E+17	Problem & Solution Hillary 2020	data/processed/pro_crisismmd/images/data_image/california_wildfires/18_10_2017/920667868169228288_0.jpg	not_humanitarian	not_humanitarian	True	0.9246723651885986	0.8962955949391471	0.9246723651885986	0.02837677024945151	0.018568482453702018	0.013002680047065951	0.013064590923022479	1.9411121911616647e-05	0.0013523201341740787	0.0009433850937057287	False	True	0.9916433691978455	0.0004853309947066009	0.001876107300631702	0.0007023416110314429	0.0016555737238377333	7.393553096335381e-05	0.001943789655342698	0.0016194848576560616	True	0.9023486971855164	0.037673916667699814	0.024132607504725456	0.017102792859077454	0.01686759665608406	1.2363188943709247e-06	0.0011551636271178722	0.0007180185057222843
9,20672E+17	Is not California on '5 FIRE?... Yet they say it is nature and fail to acknowledge GOD!	data/processed/pro_crisismmd/images/data_image/california_wildfires/18_10_2017/920672335039905792_0.jpg	not_humanitarian	not_humanitarian	True	0.8335003852844238	0.7393566928803921	0.8335003852844238	0.09414369240403175	0.0015188179822871462	0.03463257080875337	0.031331636710092425	0.002590747553881556	0.001078939218132291	0.001203228523991129	False	True	0.630174458026886	0.12164488434791565	0.004588325973600149	0.11096107214689255	0.11427881568670273	0.010349352844059467	0.003271497553214431	0.0047315917909145355	True	0.9012756943702698	0.08497662842273712	0.0004956486518494785	0.009189737029373646	0.0036825770512223244	4.54579048891901e-06	0.0003480864397715777	2.710743501666002e-05
9,20683E+17	Rinpoche's Advice on California Wildfires -	data/processed/pro_crisismmd/images/data_image/california_wildfires/18_10_2017/920683080129458176_0.jpg	not_humanitarian	not_humanitarian	True	0.6975997388362885	0.5316038886085153	0.6975997388362885	0.1659958502277732	0.030013391748070717	0.02711901254951954	0.049493104219436646	0.00010529946086990094	0.016054540930781513	0.01361910445484682	False	True	0.7176502346992493	0.03077371045947075	0.059187907725572586	0.01735161431133747	0.0630493238568306	0.0004141967510804534	0.05771138519048691	0.05386161059141159	True	0.6909162402153015	0.21106989681720734	0.020288553088903427	0.030374811962246895	0.04497436434030533	2.3336974663834553e-06	0.002168926177546382	0.00020493574265856296
9,20685E+17	Oct. 17, 6:00 pm PST: Northern California Vintners Assess Wildfire Damage Wine	data/processed/pro_crisismmd/images/data_image/california_wildfires/18_10_2017/920685440272699392_0.jpg	not_humanitarian	not_humanitarian	True	0.6217204630374908	0.3915015906095505	0.6217204630374908	0.23021887242794037	0.009278163546696305	0.11485465243458748	0.013861486688256264	0.0005766991089330986	0.0016991898301057518	0.007790472151100403	False	True	0.7784250378608704	0.08028075098991394	0.004055961966514587	0.07719980180263519	0.02586742304265499	0.0017410670407116413	0.001766724744811654	0.030663300305604935	True	0.569485604763031	0.28019824624061584	0.011018897406756878	0.1274062693119049	0.009859507903456688	0.00018857646500691772	0.001676678191870451	0.00016619609959889203
9,20696E+17	A tweet from: realDonaldTrump, via: Twitter for iPhone	data/processed/pro_crisismmd/images/data_image/california_wildfires/18_10_2017/920695578308349953_0.jpg	not_humanitarian	not_humanitarian	True	0.6371147781610489	0.47840507328510284	0.6371147781610489	0.07452458795160055	0.021418752381578088	0.05776517005870119	0.04058638494461775	0.00024128904988174327	0.009639359312132001	0.15870970487594604	False	True	0.5547885298728943	0.03842473402619362	0.04036455601453781	0.0015846008900552988	0.07668551802635193	0.0003250938607379794	0.011263524182140827	0.2765633761882782	True	0.6645568609237671	0.08655787259340286	0.015103484503924847	0.07649202644824982	0.028553340584039688	0.00021335411292966455	0.009097971022129059	0.11942514777183533
9,20696E+17	A pic of Donald Trump's tweet or retweet:	data/processed/pro_crisismmd/images/data_image/california_wildfires/18_10_2017/920695992881737728_0.jpg	not_humanitarian	not_humanitarian	True	0.8197340667247772	0.7448918423615396	0.8197340667247772	0.034662896767258644	0.011511734803207219	0.017573854624060914	0.036714064655825496	6.433855992327153e-05	0.00489674269920215	0.07484222436323762	False	True	0.5090140104293823	0.03007187694311142	0.03315657377243042	0.0016837910516187549	0.13036444783210754	0.0002415396156720817	0.009302187711000443	0.28616559505462646	True	0.9233074188232422	0.03619323670864105	0.004296788480132818	0.022870542481541634	0.00549727026373148	5.271541340334807e-06	0.0034282610286027193	0.004401100799441338
9,207E+17	California wildfires: Is PG&E, the US' largest private utility, villain or scapegoat? energy	data/processed/pro_crisismmd/images/data_image/california_wildfires/18_10_2017/920699752391610384_0.jpg	not_humanitarian	not_humanitarian	True	0.5962156057357788	0.3700490612536669	0.5962156057357788	0.22616654448211193	0.009009506553411484	0.07206493150442839	0.029952635057270527	0.0030572512382605055	0.0022360366710927337	0.0612975103736062	False	True	0.560930073261261	0.07639207690954208	0.019305679947137833	0.03401854261755943	0.045861635357141495	0.012199709191918373	0.00615504989400506	0.2451372742652893	True	0.6079774498939514	0.2760913670063019	0.005577448755502701	0.0847470611333847	0.024649634957313538	9.765253707882948e-06	0.0009296989301219583	1.7589076378499158e-05
9,207E+17	Much-needed rain & higher humidity arrives tomorrow eve across N. California. rain wildfire weather	data/processed/pro_crisismmd/images/data_image/california_wildfires/18_10_2017/920700423497048065_0.jpg	other_relevant_information	other_relevant_information	True	0.7850620597600937	0.5927432314492762	0.19231882831081748	0.7850620597600937	0.002814935509377392	0.010318318149074912	0.009124275733483955	5.050376535109535e-05	6.882280013087438e-05	0.00024225418928836007	False	True	0.029283126816153526	0.967545747756958	7.598097727168351e-05	0.001048441044986248	0.0010394173441454768	0.0001714046811684966	3.3837601222330704e-05	0.0008020956302061677	True	0.24666406214237213	0.7242341637611389	0.003727920353412628	0.013408277183771133	0.011819228529930115	1.0203460078628268e-05	8.048453310038894e-05	5.5640375649090856e-05
9,20707E+17	Wildfires take toll on precious California housing	data/processed/pro_crisismmd/images/data_image/california_wildfires/18_10_2017/920706580311625728_0.jpg	infrastructure_and_utility_damage	infrastructure_and_utility_damage	True	0.4825432300567627	0.20984866470098495	0.14226041734218597	0.07983975624665618	0.008346363494638354	0.4825432300567627	0.27269456535577774	0.005915985635510879	0.004128674656385556	0.004270958615052223	False	True	0.08367538452148438	0.01577979139983654	0.002006835537031293	0.5806661248207092	0.2659609019756317	0.023546870797872543	0.011446315795183182	0.01691778562963009	True	0.16178876161575317	0.10119307786226273	0.010459539480507374	0.4498355984687805	0.2749391198158264	3.902391472365707e-05	0.001689460943453014	5.534961019293405e-05
9,20732E+17	Cool! Hero dog watches over goats during California fire.	data/processed/pro_crisismmd/images/data_image/california_wildfires/18_10_2017/920731752892698630_0.jpg	not_humanitarian	not_humanitarian	True	0.23953118547797203	0.019436753820627928	0.23953118547797203	0.21592978527769446	0.2200944316573441	0.041382589377462864	0.18317420966923237	0.0005033342458773404	0.058069223538041115	0.04131522960960865	False	True	0.3626616895198822	0.015236115083098412	0.02980123646557331	0.014100514352321625	0.44259315729141235	0.0012635684106498957	0.016036197543144226	0.11830753087997437	True	0.19848768413066864	0.2828276753425598	0.2835254967212677	0.05047661438584328	0.0967012271285057	0.000249922857619822	0.07208023220300674	0.015651129186153412
9,20759E+17	California's wildfires could make 2017 a very unusual winevintage	data/processed/pro_crisismmd/images/data_image/california_wildfires/18_10_2017/920759018209112065_0.jpg	not_humanitarian	not_humanitarian	True	0.7797171771526337	0.6251298477873206	0.7797171771526337	0.15458732936531305	0.008355061756446958	0.0321185018401593	0.011640168027952313	0.000257251800121594	0.002565848524682224	0.010758680248272867	False	True	0.8983631730079651	0.011398766189813614	0.010035133920609951	0.010934188030660152	0.021284207701683044	0.0009403570438735187	0.0040514301508665085	0.04299281910061836	True	0.7401685118675232	0.20231685042381287	0.00779503770172596	0.03917993977665901	0.008425488136708736	2.9550052204285748e-05	0.0020706546492874622	1.3967297491035424e-05
9,20772E+17	Just... Wow. We are inspired by heroes like these.	data/processed/pro_crisismmd/images/data_image/california_wildfires/18_10_2017/920771728766357504_0.jpg	not_humanitarian	not_humanitarian	True	0.9596325755119324	0.9465868324041367	0.9596325755119324	0.00038971986941760406	0.013045743107795715	0.0022487850801553577	0.012556736008264124	0.000681922368986676	0.007183565205195919	0.004260937866547465	False	True	0.8961107134819031	0.0008920268737711012	0.014953556470572948	0.004014360252767801	0.03810615465044975	0.002727143233641982	0.026187006384134293	0.01700906828045845	True	0.9808065295219421	0.00022228420129977167	0.012409805320203304	0.0016602600226178765	0.004040263127535582	1.8208076824066666e-07	0.0008490848122164607	1.1561061910470016e-05
9,20789E+17	Trump is tweeting about the wildfires in CA only after they're (more or less) over.	data/processed/pro_crisismmd/images/data_image/california_wildfires/18_10_2017/920788741865664512_0.jpg	not_humanitarian	not_humanitarian	True	0.6209651976823807	0.32720736414194107	0.6209651976823807	0.2937578335404396	0.004017674888018519	0.02264483436010778	0.05184474214911461	0.00023132923865887278	0.0032533721532672644	0.003285060400230577	False	True	0.894798219203949	0.06637224555015564	0.003748406423255801	0.008252100087702274	0.008558817207813263	0.0008928559254854918	0.0049589225091040134	0.012418469414114952	True	0.5296875238418579	0.3695530295372009	0.0041074310429394245	0.027442412450909615	0.06627338379621506	1.0820343049999792e-05	0.002684855367988348	0.0002405907289357856
9,2081E+17	Fresno Fire! California get ready! Tag A friend!	data/processed/pro_crisismmd/images/data_image/california_wildfires/19_10_2017/920809559874080769_0.jpg	not_humanitarian	not_humanitarian	True	0.8911618888378143	0.8556698108441196	0.8911618888378143	0.017162323463708162	0.023469214560464025	0.002035661367699504	0.018804773688316345	0.002764817011211562	0.00910927657969296	0.03549207799369469	False	True	0.7473072409629822	0.023398684337735176	0.008680389262735844	0.006557402666658163	0.048143211752176285	0.011011114344000816	0.018969334661960602	0.13593262434005737	True	0.939113438129425	0.015083536505699158	0.028398822993040085	0.0005284142680466175	0.009025294333696365	1.6051233615144156e-05	0.0058225905522704124	0.002011895878240466
9,2081E+17	Goff starts GoFundMe page for Northern California wildfires - ESPN Video RamsNation	data/processed/pro_crisismmd/images/data_image/california_wildfires/19_10_2017/920810401041858561_0.jpg	not_humanitarian	not_humanitarian	True	0.7448407113552094	0.6373091267887503	0.7448407113552094	0.10753158456645906	0.028788625611923635	0.011132620042189956	0.041587136685848236	0.0005043810620009026	0.003229597583413124	0.06238531961571425	False	True	0.6830187439918518	0.008850364945828915	0.007489704992622137	0.009081612341105938	0.03515850752592087	0.0019647409208118916	0.00906218122690916	0.24537420272827148	True	0.7654480338096619	0.14042532444000244	0.03588826581835747	0.011816289275884628	0.04373001307249069	1.7594442397239618e-05	0.001285403035581112	0.0013890252448618412
9,20825E+17	No, An Undocumented Immigrant Did Not Start The Deadly Northern California Wildfires	data/processed/pro_crisismmd/images/data_image/california_wildfires/19_10_2017/920824862528061440_0.jpg	other_relevant_information	affected_individuals	False	0.503238670527935	0.1289810761809349	0.3742575943470001	0.03564162942348048	0.021363997366279364	0.01192155375611037	0.503238670527935	0.0007143558250390925	0.008150388835929334	0.04471175454091281	False	True	0.25318098068237305	0.003551379544660449	0.031981777399778366	0.004349747207015753	0.5212717652320862	0.002819945802912116	0.01819455437362194	0.1646498441696167	True	0.4146164655685425	0.04633837938308716	0.01782473735511303	0.014445489272475243	0.49722763895988464	1.2492499081417918e-05	0.004802333656698465	0.004732391331344843
9,2083E+17	Hellish California wildfires inspire haunting web comic	data/processed/pro_crisismmd/images/data_image/california_wildfires/19_10_2017/920830416541683718_0.jpg	not_humanitarian	not_humanitarian	True	0.4691082835197449	0.1438487246632576	0.4691082835197449	0.09187416662462056	0.017162042786367238	0.08545898884767666	0.3252595588564873	4.041326974402182e-05	0.005596833419986069	0.005499722174135968	False	True	0.0688064694404602	0.00519475806504488	0.00535674998536706	0.003736423561349511	0.8903272151947021	1.5980338503140956e-05	0.0066991825588047504	0.019863186404109	True	0.6025422215461731	0.12076730281114578	0.02109714038670063	0.11269984394311905	0.13690367341041565	4.855758015764877e-05	0.005229383707046509	0.0007119007641449571
9,20832E+17	Fighting the wildfire in Santa Cruz, California with Washington Strike Team 2 with Cowlitz and Clark Counties.	data/processed/pro_crisismmd/images/data_image/california_wildfires/19_10_2017/920831780629782528_1.jpg	rescue_volunteering_or_donation_effort	other_relevant_information	False	0.4685765113681555	0.23231500294059515	0.2253343816846609	0.4685765113681555	0.23626150842756033	0.006673449417576194	0.0364163052290678	4.9792210120358504e-05	0.009064042824320495	0.0176240028013126	False	True	0.7764803171157837	0.09580244868993759	0.010018762201070786	0.006699244026094675	0.03325273469090462	9.260127990273759e-05	0.007590151857584715	0.07006370276212692	True	0.04161906987428665	0.5928345322608948	0.3116757571697235	0.0066648512147367	0.037470828741788864	3.552252019289881e-05	0.009555339813232422	0.00014410281437449157
9,20832E+17	Fighting the wildfire in Santa Cruz, California with Washington Strike Team 2 with Cowlitz and Clark Counties.	data/processed/pro_crisismmd/images/data_image/california_wildfires/19_10_2017/920831780629782528_3.jpg	rescue_volunteering_or_donation_effort	other_relevant_information	False	0.4662494733929634	0.19030733406543732	0.1505961176007986	0.4662494733929634	0.2759421393275261	0.006349238101392984	0.07324205059558153	6.187151666381396e-05	0.012841490097343922	0.014717610472871456	False	True	0.4775272607803345	0.08649429678916931	0.16874128580093384	0.005402398761361837	0.18055571615695953	0.00014091850607655942	0.02269994094967842	0.05843813344836235	True	0.04161906987428665	0.5928345322608948	0.3116757571697235	0.0066648512147367	0.037470828741788864	3.552252019289881e-05	0.009555339813232422	0.00014410281437449157
9,20842E+17	Extent of burned area as compared to New York: SonomaFires SonomaStrong	data/processed/pro_crisismmd/images/data_image/california_wildfires/19_10_2017/920842464268754945_0.jpg	infrastructure_and_utility_damage	other_relevant_information	False	0.7050492642447352	0.47287155874073505	0.02585744857788086	0.7050492642447352	0.0005860653764102608	0.2321777055040002	0.030470513040199876	0.0025341062209918164	0.002383833925705403	0.0009410976417711936	False	True	0.04841127246618271	0.03804732486605644	0.0005395184853114188	0.8018057346343994	0.0967259630560875	0.008811657316982746	0.002760842675343156	0.0028976458124816418	True	0.018339507281780243	0.9273832440376282	0.0006015810067765415	0.04230169579386711	0.008385363034904003	0.0004415891889948398	0.002258164342492819	0.0002889149182010442
9,20844E+17	Wow. Talk about horsepower-- Nurse fleeing CaliforniaWildfires takes her horse with her...	data/processed/pro_crisismmd/images/data_image/california_wildfires/19_10_2017/920843558415929345_0.jpg	not_humanitarian	not_humanitarian	True	0.4171248525381088	0.06437189877033234	0.4171248525381088	0.1253513916162774	0.06458858551923186	0.010973930766340345	0.3527529537677765	0.009290067774600175	0.008549204911105335	0.011368976207450032	False	True	0.7791300415992737	0.004827156197279692	0.002355149481445551	0.0009995733853429556	0.13966074585914612	0.03703589737415314	0.0024528340436518192	0.03353869169950485	True	0.2964564561843872	0.1655261367559433	0.08533306419849396	0.014298716560006142	0.42378368973731995	4.145790808252059e-05	0.01058132853358984	0.003979071043431759
9,2087E+17	Illegal Alien Charged With California Wildfire That Killed 40 People tiot	data/processed/pro_crisismmd/images/data_image/california_wildfires/19_10_2017/920870303466524672_0.jpg	not_humanitarian	not_humanitarian	True	0.584751270711422	0.33717520139180124	0.584751270711422	0.06113018828909844	0.02967793110292405	0.019745353725738823	0.24757606931962073	0.00016033867359510623	0.03991836856584996	0.017040537350112572	False	True	0.973155677318573	0.002388849388808012	0.007313895504921675	0.0011360314674675465	0.008004860021173954	0.0002339986531296745	0.0067074294202029705	0.0010593259939923882	True	0.45528313517570496	0.08071063458919525	0.03713260963559151	0.025948461145162582	0.32743313908576965	0.00013578534708358347	0.050988681614398956	0.022367607802152634
9,20887E+17	Acrylic painting on wood with gesso primer. I had the California wildfires on my mind.	data/processed/pro_crisismmd/images/data_image/california_wildfires/19_10_2017/920886980745056256_0.jpg	not_humanitarian	not_humanitarian	True	0.749424159526825	0.5649991370737553	0.749424159526825	0.1844250224530697	0.0026235324621666223	0.01630432065576315	0.04265741631388664	0.00018715436999627855	0.0033320861111860722	0.0010463641083333641	False	True	0.8110085725784302	0.11601245403289795	0.0012068910291418433	0.007367940619587898	0.061162032186985016	0.000522844260558486	0.0019063263898715377	0.0008130277274176478	True	0.7288960218429565	0.20722921192646027	0.003095746273174882	0.0192831140011549	0.03648921102285385	7.525773980887607e-05	0.0038073393516242504	0.0011241429019719362
9,20887E+17	Acrylic painting on wood with gesso primer. I had the California wildfires on my mind.	data/processed/pro_crisismmd/images/data_image/california_wildfires/19_10_2017/920886980745056256_1.jpg	not_humanitarian	not_humanitarian	True	0.7046733200550079	0.5270966719835997	0.7046733200550079	0.17757664807140827	0.0027250010753050447	0.022371537517756224	0.08659847266972065	0.0003730488879227778	0.0045066652819514275	0.0011753173312172294	False	True	0.6320052146911621	0.08861895650625229	0.0016127654816955328	0.031636808067560196	0.23692625761032104	0.001266422332264483	0.006604643072932959	0.0013288406189531088	True	0.7288960218429565	0.20722921192646027	0.003095746273174882	0.0192831140011549	0.03648921102285385	7.525773980887607e-05	0.0038073393516242504	0.0011241429019719362
9,20889E+17	's Illegal started the Sonoma Fire !	data/processed/pro_crisismmd/images/data_image/california_wildfires/19_10_2017/920888649348145152_0.jpg	not_humanitarian	not_humanitarian	True	0.819283664226532	0.7168526464956813	0.819283664226532	0.10243101773085073	0.005680032656528056	0.025472881767200306	0.04095424432307482	0.0002154958756364067	0.003499975602608174	0.002462693792040227	False	True	0.8235185146331787	0.003240748541429639	0.012900578789412975	0.0018313844921067357	0.14141495525836945	0.0007504483219236135	0.006984219420701265	0.009359244257211685	True	0.8178720474243164	0.1354944407939911	0.003273183945566416	0.03335338085889816	0.007467340677976608	3.7178393540671095e-05	0.0023385609965771437	0.00016384363698307425
9,20897E+17	SEO ARTICLE GENERATOR blogging backlinks | Nurse fleeing California wildfires	data/processed/pro_crisismmd/images/data_image/california_wildfires/19_10_2017/920896612859342849_0.jpg	not_humanitarian	not_humanitarian	True	0.925636425614357	0.9003345528035425	0.925636425614357	0.016829001950100064	0.02030819933861494	0.00963634008076042	0.02530187281081453	0.00036437035191738687	0.0014544514706358314	0.0004692648071795702	False	True	0.9671295285224915	0.012601134367287159	0.00934985838830471	0.004968182649463415	0.0009186568204313517	0.0014409616123884916	0.002088185865432024	0.0015033611562103033	True	0.9118053913116455	0.018238291144371033	0.023960979655385017	0.01119239255785942	0.03342961147427559	5.506598427018616e-06	0.0012432066723704338	0.00012456602416932583
9,20914E+17	Brian Fies' brief, beautiful comic about the Northern California fires:	data/processed/pro_crisismmd/images/data_image/california_wildfires/19_10_2017/920913532224528385_0.jpg	not_humanitarian	not_humanitarian	True	0.3597581163048744	0.021808743476867676	0.3597581163048744	0.33794937282800674	0.01978406705893576	0.034773081075400114	0.2387544922530651	0.00012649419659283012	0.008162189449649304	0.0006922220927663147	False	True	0.20108839869499207	0.019536763429641724	0.05201239883899689	0.0013154726475477219	0.7020904421806335	0.00026227382477372885	0.021672235801815987	0.002022000728175044	True	0.4126480221748352	0.4440869092941284	0.009041289798915386	0.04592561721801758	0.0843091756105423	8.123432053253055e-05	0.0036588406655937433	0.00024896254763007164
9,20914E+17	Mount St. Joseph student finds new opportunity after fleeing California wildfires:	data/processed/pro_crisismmd/images/data_image/california_wildfires/19_10_2017/920913660318400512_0.jpg	not_humanitarian	not_humanitarian	True	0.4800962805747986	0.17403744719922543	0.4800962805747986	0.014692630851641297	0.02430483791977167	0.005668788275215775	0.30605883337557316	5.925821915298002e-05	0.1603941652283538	0.008725183317437768	False	True	0.20076245069503784	0.00727482046931982	0.04181254655122757	0.0025566311087459326	0.0960833802819252	0.00022570701548829675	0.640186071395874	0.011098363436758518	True	0.5732075572013855	0.017165234312415123	0.018468935042619705	0.006706173997372389	0.3760506510734558	3.7752870412077755e-06	0.0004635298391804099	0.007934123277664185
9,20931E+17	Tubb Fire Victims Visit the Remains of their Home:	data/processed/pro_crisismmd/images/data_image/california_wildfires/19_10_2017/920931333848883201_0.jpg	infrastructure_and_utility_damage	affected_individuals	False	0.8552026748657227	0.7898235939942424	0.06537908087148026	0.0037193259320247307	0.005157070059794933	0.02595444512553513	0.8552026748657227	0.008665091253988066	0.0314195747487247	0.004502678913013369	False	True	0.2614251375198364	0.014841480180621147	0.01441348809748888	0.08969083428382874	0.5411474704742432	0.0346156544983387	0.026024220511317253	0.017841754481196404	True	3.039532202819828e-05	1.1941182492591906e-05	0.0020715973805636168	0.0047089820727705956	0.9598877429962158	1.4903505871188827e-05	0.03321802616119385	5.6320390285691246e-05
9,20998E+17	The climatology and meteorology of the northern California wildfires, from :	data/processed/pro_crisismmd/images/data_image/california_wildfires/19_10_2017/920997740972265472_0.jpg	other_relevant_information	other_relevant_information	True	0.8730425536632538	0.7842317717149854	0.08881078194826841	0.8730425536632538	0.0015347113803727552	0.02108306688023731	0.012307955068536103	0.0003249041092203697	0.0015659816563129425	0.0013300690918640612	False	True	0.20944704115390778	0.7444090843200684	0.000967879022937268	0.0024800326209515333	0.034756459295749664	0.0011917678639292717	0.0014383898815140128	0.0053093465976417065	True	0.048598695546388626	0.9159203767776489	0.0017236554995179176	0.027284078299999237	0.004825120326131582	3.594952431740239e-05	0.0016085122479125857	3.6432566048461013e-06
9,21021E+17	On this day in 1991 a fire swept through Oakland, California burning thousands of homes. tbt CCLtbt	data/processed/pro_crisismmd/images/data_image/california_wildfires/19_10_2017/921020713619853312_0.jpg	infrastructure_and_utility_damage	not_humanitarian	False	0.3662588242441416	0.04745676554739475	0.3662588242441416	0.12841620482504368	0.010916501225437969	0.3188020586967468	0.14015088556334376	0.027046423965657596	0.008171396097168326	0.00023769737890688702	False	True	0.04909742623567581	0.1029592975974083	0.002090256428346038	0.7030826807022095	0.016942797228693962	0.10757758468389511	0.017732825130224228	0.0005171459051780403	True	0.4719792902469635	0.1369018405675888	0.013858582824468613	0.19070851802825928	0.18122024834156036	0.00020270372624509037	0.0049842530861496925	0.00014454787014983594
9,21022E+17	New Firebreaksout In Santa Cruz Mountains:	data/processed/pro_crisismmd/images/data_image/california_wildfires/19_10_2017/921021964030005248_0.jpg	not_humanitarian	other_relevant_information	False	0.3917240258306265	0.07165551744401455	0.32006850838661194	0.3917240258306265	0.02946976467501372	0.03994725155644119	0.030854843091219664	0.0023772907006787136	0.01708607980981469	0.16847216215683147	False	True	0.1667250096797943	0.049747489392757416	0.002457458060234785	0.015259570442140102	0.07066936790943146	0.009389329701662064	0.019671563059091568	0.666080117225647	True	0.37118300795555115	0.5057162046432495	0.03847386687994003	0.04817647859454155	0.0175833348184824	3.994436701759696e-05	0.016224252060055733	0.00260284380055964
9,21023E+17	OutFront: As wildfires rage, California advocate fights for LGBTQ homeless youth	data/processed/pro_crisismmd/images/data_image/california_wildfires/19_10_2017/921023189739859968_0.jpg	not_humanitarian	affected_individuals	False	0.7092544436454773	0.503687335178256	0.20556710846722126	0.007510911615099758	0.04111478105187416	0.011331492220051587	0.7092544436454773	0.0006958360215492121	0.0036007424059789628	0.020924607902998105	False	True	0.5267575979232788	0.0032996952068060637	0.03213808685541153	0.03201138973236084	0.311681866645813	0.0027790884487330914	0.013206272386014462	0.0781259834766388	True	0.09850361198186874	0.008914650417864323	0.04410701245069504	0.0044381930492818356	0.8417786359786987	1.4185458212523372e-06	0.0003988990793004632	0.0018574827117845416
9,21033E+17	"CALM is here with a California newt, also called a ""fire belly""!"	data/processed/pro_crisismmd/images/data_image/california_wildfires/19_10_2017/921032859850125313_0.jpg	not_humanitarian	not_humanitarian	True	0.6182688623666763	0.4230564234312624	0.6182688623666763	0.19521243893541396	0.01992568443529308	0.046915178187191486	0.07864613924175501	0.0008060538093559444	0.035768426954746246	0.0044572476035682485	False	True	0.6920520067214966	0.00549814198166132	0.044807542115449905	0.0020258426666259766	0.20052756369113922	0.00028592057060450315	0.03890066593885422	0.015902332961559296	True	0.5936744809150696	0.25845053791999817	0.011631731875240803	0.06187829002737999	0.03801899775862694	0.0009794315556064248	0.03472434729337692	0.000642219150904566
9,21036E+17	Peanuts' Comic Strip Creator's Home Destroyed in California Wildfires' cbnnews	data/processed/pro_crisismmd/images/data_image/california_wildfires/19_10_2017/921035789684871168_0.jpg	infrastructure_and_utility_damage	not_humanitarian	False	0.47133253514766693	0.2821383625268936	0.47133253514766693	0.13631834089756012	0.019606523914262652	0.18919417262077332	0.16327102109789848	0.002548103130720847	0.009105496108531952	0.008623770918347873	False	True	0.42146414518356323	0.11506375670433044	0.011439965106546879	0.22785602509975433	0.19661082327365875	0.010036665946245193	0.016816942021250725	0.0007117139757610857	True	0.48795533180236816	0.14340320229530334	0.022328710183501244	0.17630688846111298	0.1521577537059784	5.19155255460646e-05	0.006535014137625694	0.011261123232543468
9,21045E+17	The world is on fire, as Trump pours fossil fuels onto the blaze California Washington	data/processed/pro_crisismmd/images/data_image/california_wildfires/19_10_2017/921044821082607616_0.jpg	not_humanitarian	not_humanitarian	True	0.6696464866399765	0.40415647625923157	0.6696464866399765	0.26549001038074493	0.002441307675326243	0.04498592438176274	0.009543981170281768	0.0008916490503452223	0.0021043695887783542	0.004896247152487376	False	True	0.7891780138015747	0.15032824873924255	0.00424964539706707	0.012204425409436226	0.01364353857934475	0.0035281300079077482	0.007304391823709011	0.019563624635338783	True	0.6298026442527771	0.3038772642612457	0.0018385284347459674	0.05591309070587158	0.00817746203392744	1.2822064491047058e-05	0.0003710288438014686	7.121324870240642e-06
9,21045E+17	Thanks to our employees who donated supplies for the victims of California wildfires. generosity.	data/processed/pro_crisismmd/images/data_image/california_wildfires/19_10_2017/921044916158869505_0.jpg	rescue_volunteering_or_donation_effort	rescue_volunteering_or_donation_effort	True	0.7530866414308548	0.6062803296372294	0.14680631179362535	0.0015281624218914658	0.7530866414308548	0.00038525678792211693	0.09744080621749163	8.933372619424063e-06	0.000496937420393806	0.00024697348271729425	False	True	0.40133243799209595	0.0001636092783883214	0.36055201292037964	0.00011278909369139001	0.2366768717765808	3.4358727134531364e-05	0.0007022391073405743	0.00042564005707390606	True	0.06196426972746849	0.0019830134697258472	0.8839315176010132	0.00047607935266569257	0.0510287843644619	4.582544477216288e-07	0.0004285035247448832	0.00018741795793175697
9,21085E+17	"Did California Hazard Plan Map Areas Of Wildfire ""Low Risk""?"	data/processed/pro_crisismmd/images/data_image/california_wildfires/19_10_2017/921085216151699457_0.jpg	other_relevant_information	other_relevant_information	True	0.9427463412284851	0.8990626661106944	0.0436836751177907	0.9427463412284851	0.00023393841183860786	0.008732575923204422	0.004070546361617744	0.000293969924982207	0.00019150682055624202	4.7363443172798725e-05	False	True	0.10925532877445221	0.8537803292274475	0.0005010093445889652	0.01986035145819187	0.014887438155710697	0.0011743740178644657	0.0003647605190053582	0.00017630979709792882	True	0.021826457232236862	0.9724016785621643	0.00014491476758848876	0.005023317411541939	0.00046491576358675957	5.018940214540635e-07	0.00013375558773986995	4.381325197755359e-06
9,21085E+17	California fires spare iconic 'Peanuts' skating rink tech news	data/processed/pro_crisismmd/images/data_image/california_wildfires/19_10_2017/921085476756426753_0.jpg	not_humanitarian	not_humanitarian	True	0.4904758110642433	0.3097934452816844	0.4904758110642433	0.08562866738066077	0.07653984078206122	0.18068236578255892	0.1191406100988388	8.704080391908064e-05	0.026091873180121183	0.021353794960305095	False	True	0.8976594805717468	0.0052972715348005295	0.009389095939695835	0.00345519557595253	0.02517281472682953	0.0001686302275629714	0.01705368235707283	0.04180382192134857	True	0.3547479212284088	0.11240579932928085	0.09892342239618301	0.23975808918476105	0.15046320855617523	5.9844329371117055e-05	0.029104603454470634	0.014537119306623936
9,21089E+17	Understanding how property is valued after a fire Insurance Wildfire California	data/processed/pro_crisismmd/images/data_image/california_wildfires/19_10_2017/921088967889612802_0.jpg	other_relevant_information	other_relevant_information	True	0.7291458994150162	0.5894139995798469	0.13973189983516932	0.7291458994150162	0.005704191149561666	0.0975564755499363	0.02572368085384369	0.0003742725903066457	0.0015072932583279908	0.0002562881209087209	False	True	0.04226136580109596	0.9234178066253662	0.0007463725632987916	0.01026734709739685	0.019908936694264412	0.0014160422142595053	0.001132178120315075	0.000849949021358043	True	0.1722220778465271	0.6643885970115662	0.007356797344982624	0.12665285170078278	0.02766192890703678	2.7016048989025876e-05	0.0016323316376656294	5.8401154092280194e-05
9,21089E+17	Elderly people, Couples make majority California Fire:	data/processed/pro_crisismmd/images/data_image/california_wildfires/19_10_2017/921088969391202307_0.jpg	not_humanitarian	not_humanitarian	True	0.5235931910574436	0.15131883695721626	0.5235931910574436	0.01095722800528165	0.026851687114685774	0.0045051157649140805	0.37227435410022736	1.502068118952593e-05	0.006776534311939031	0.055026895832270384	False	True	0.09304089844226837	0.0007090940489433706	0.014472810551524162	0.0006932587129995227	0.670617401599884	5.402016540756449e-05	0.0031165967229753733	0.21729588508605957	True	0.6671106219291687	0.01437327265739441	0.03097797930240631	0.005775734782218933	0.2728266716003418	2.0208531168464106e-06	0.00799651350826025	0.0009372327476739883
9,21095E+17	Obama-nation destroyed 164 Million trees in California's forests. Fire tinderbox	data/processed/pro_crisismmd/images/data_image/california_wildfires/19_10_2017/921095476455321600_2.jpg	infrastructure_and_utility_damage	not_humanitarian	False	0.4616474583745003	0.10938794165849686	0.4616474583745003	0.3522595167160034	0.02610838640248403	0.0917340056039393	0.053777949418872595	0.00037843955942662433	0.013930916145909578	0.00016333310122718103	False	True	0.6640075445175171	0.2951003909111023	0.0023006254341453314	0.01997988112270832	0.01598864607512951	0.00048093480290845037	0.0019928377587348223	0.0001491481380071491	True	0.394194096326828	0.37131255865097046	0.034044306725263596	0.11565204709768295	0.06637438386678696	0.00034427447826601565	0.017910275608301163	0.000168061422300525
9,21124E+17	A note from on resources available to fire survivors in California:	data/processed/pro_crisismmd/images/data_image/california_wildfires/19_10_2017/921123756919095296_0.jpg	not_humanitarian	not_humanitarian	True	0.672135055065155	0.4146749982610345	0.672135055065155	0.013699784176424146	0.027187077794224024	0.0077657661167904735	0.25746005680412054	0.00048534525751620095	0.012930156401125714	0.008336805658473168	False	True	0.8359690308570862	0.012828567065298557	0.015466149896383286	0.0007817852310836315	0.05231442674994469	0.0019368717912584543	0.04846486076712608	0.03223840519785881	True	0.617523729801178	0.013990189880132675	0.031094053760170937	0.01009375974535942	0.3258419334888458	1.503079602116486e-06	0.0010852549457922578	0.0003696058120112866
9,21127E+17	Fake News: NO Illegal Muslim From Iran Arrested For Starting California Wildfire	data/processed/pro_crisismmd/images/data_image/california_wildfires/19_10_2017/921126677119414272_0.jpg	not_humanitarian	not_humanitarian	True	0.5998886972665787	0.4540632050484419	0.5998886972665787	0.12379630003124475	0.030477793654426932	0.00784748897422105	0.1458254922181368	0.0011831389592771302	0.005587387015111744	0.08539375104010105	False	True	0.5776652097702026	0.011023540049791336	0.014718356542289257	0.007960733026266098	0.26797783374786377	0.004604134242981672	0.010400769300758839	0.10564946383237839	True	0.6072965264320374	0.16138722002506256	0.035730939358472824	0.007809740956872702	0.10510804504156113	4.2807198042282835e-05	0.00398292625322938	0.0786418467760086
9,21131E+17	thesciencemic NASA Map of Wildfire Damage Helps California Recovery Effort science	data/processed/pro_crisismmd/images/data_image/california_wildfires/19_10_2017/921130711863631872_0.jpg	other_relevant_information	other_relevant_information	True	0.816368967294693	0.6932671954855323	0.053172544576227665	0.816368967294693	0.0013045313535258174	0.12310177180916071	0.00474231643602252	0.0003465989575488493	0.0006617568287765607	0.00030154968681017635	False	True	0.04147115349769592	0.8932164907455444	0.0006515318527817726	0.05810299888253212	0.003927969839423895	0.0008468872983939946	0.000627312227152288	0.0011556384852156043	True	0.05707300826907158	0.7907531261444092	0.0015221978537738323	0.14476802945137024	0.005013765301555395	0.0001798361772671342	0.0006732383626513183	1.6853420675033703e-05
9,21146E+17	California'a insurance commissioner on cannabis gaps today	data/processed/pro_crisismmd/images/data_image/california_wildfires/19_10_2017/921146370064498688_0.jpg	not_humanitarian	not_humanitarian	True	0.858520582318306	0.8054846823215485	0.858520582318306	0.025102404411882162	0.0032919696532189846	0.05303589999675751	0.016318237176164985	0.028268978605865414	0.014612327300710604	0.0008494923567923252	False	True	0.7030079364776611	0.02369610406458378	0.0023585776798427105	0.06288709491491318	0.0370585098862648	0.11302375048398972	0.05500311031937599	0.0029648463241755962	True	0.9103581309318542	0.025571171194314957	0.003603100311011076	0.049752168357372284	0.009404812939465046	1.738797982397955e-05	0.0011487329611554742	0.00014437436766456813
9,21149E+17	Our hearts are with Jeremy Catrambone and his family during this rough time. Consider	data/processed/pro_crisismmd/images/data_image/california_wildfires/19_10_2017/921149417415168001_0.jpg	not_humanitarian	not_humanitarian	True	0.8338267579674721	0.7215878639372022	0.8338267579674721	0.0016402198525611311	0.0044430026900954545	0.01827475333266193	0.020219068392179906	0.008863634582271018	0.11223889403026988	0.0004937381963827647	False	True	0.35836151242256165	0.00488429656252265	0.015881909057497978	0.07232487201690674	0.06308154761791229	0.03545438498258591	0.4488075375556946	0.001203929539769888	True	0.9923151731491089	0.0005588609492406249	0.0006300339009612799	0.00025804710458032787	0.005931575316935778	5.1115499388743046e-08	4.934618846164085e-05	0.000257007748587057
9,21194E+17	Fire in Lower Lake, California. (AP/Kent Porter)	data/processed/pro_crisismmd/images/data_image/california_wildfires/20_10_2017/921193817251962880_0.jpg	infrastructure_and_utility_damage	not_humanitarian	False	0.5052527785301208	0.16893854551017284	0.5052527785301208	0.336314233019948	0.017190664308145642	0.07048212736845016	0.05808952543884516	0.001236738738953136	0.010972523887176067	0.0004614092449628515	False	True	0.739000141620636	0.0913471058011055	0.0016255071386694908	0.05597137659788132	0.10616245865821838	0.0025664118584245443	0.0018388975877314806	0.00148808304220438	True	0.42733699083328247	0.4179699420928955	0.02237905003130436	0.07531904429197311	0.04206521436572075	0.0007935143657959998	0.014017065986990929	0.00011918464588234201
9,21232E+17	ILLEGAL STARTED CALI FIRES	data/processed/pro_crisismmd/images/data_image/california_wildfires/20_10_2017/921231688277024768_0.jpg	not_humanitarian	not_humanitarian	True	0.8280123323202133	0.7457623640075326	0.8280123323202133	0.08224996831268072	0.006369485752657056	0.0493171252310276	0.025775170885026455	0.00046472777603412396	0.0070998253067955375	0.0007114256823115284	False	True	0.8906969428062439	0.03869866952300072	0.009039807133376598	0.009138248860836029	0.03299596533179283	0.0017865929985418916	0.014993423596024513	0.002650441601872444	True	0.8071174621582031	0.09676706790924072	0.005479378625750542	0.06271008402109146	0.023368239402770996	2.4106035198201425e-05	0.0044686258770525455	6.508704245788977e-05
9,21248E+17	Breathe Safer As California Wildfires Rage on | | AirPollution	data/processed/pro_crisismmd/images/data_image/california_wildfires/20_10_2017/921247726121115648_0.jpg	not_humanitarian	not_humanitarian	True	0.5863325595855713	0.28055781638249755	0.5863325595855713	0.30577474320307374	0.008043486770475283	0.0534779136069119	0.0419125915504992	0.00021649319387506694	0.001635937878745608	0.0026062642582473927	False	True	0.8553786873817444	0.02339310385286808	0.0006598463514819741	0.019047247245907784	0.08973430097103119	0.0007407370139844716	0.0007309282082132995	0.010315139777958393	True	0.4966505169868469	0.39990195631980896	0.010504700243473053	0.06495480239391327	0.025972021743655205	4.174525383859873e-05	0.0019376077689230442	3.663908501039259e-05
9,21318E+17	BUSYBEAGLE wayne81lexi (Fire TV) started 2Pac - California Love .	data/processed/pro_crisismmd/images/data_image/california_wildfires/20_10_2017/921318464739876865_0.jpg	not_humanitarian	not_humanitarian	True	0.9650719463825226	0.9475271123683342	0.9650719463825226	0.004147201427258551	0.00036442504642764106	0.005437030864413828	0.0032424011442344636	0.003353400064042944	0.017544834014188382	0.0008386625611365162	False	True	0.8841898441314697	0.004505438730120659	0.0010395955760031939	0.013859609141945839	0.009745204821228981	0.013410025276243687	0.06993686407804489	0.003313306253403425	True	0.9920326471328735	0.004027788992971182	0.00013936820323579013	0.0026295047719031572	0.0010747999185696244	1.1916599760297686e-06	8.082399290287867e-05	1.3781330380879808e-05
9,21372E+17	California wildfires burns school for kids with autism	data/processed/pro_crisismmd/images/data_image/california_wildfires/20_10_2017/921372419503415296_0.jpg	infrastructure_and_utility_damage	not_humanitarian	False	0.42279471457004547	0.07987739890813828	0.42279471457004547	0.035235033836215734	0.03690158923564013	0.12480483576655388	0.3429173156619072	0.02707182070298586	0.007048276485875249	0.003226396511308849	False	True	0.2884255647659302	0.029934747144579887	0.0009335567592643201	0.36046352982521057	0.19817546010017395	0.10819631069898605	0.009535791352391243	0.0043350523337721825	True	0.46758443117141724	0.03700179606676102	0.04889093339443207	0.04625193774700165	0.3911646008491516	3.032403765246272e-05	0.006219104863703251	0.0028568445704877377
9,21377E+17	Stetina riding with California wildfires on his mind at Tour of Guangxi |	data/processed/pro_crisismmd/images/data_image/california_wildfires/20_10_2017/921376565237305346_0.jpg	not_humanitarian	not_humanitarian	True	0.5216444842517376	0.3358194890897721	0.5216444842517376	0.1858249951619655	0.040909298695623875	0.06386305997148156	0.032227975549176335	0.0006089952312322566	0.016455479431897402	0.13846572188776918	False	True	0.22683577239513397	0.005400185473263264	0.052490778267383575	0.025093289092183113	0.10100624710321426	0.0021460959687829018	0.037205636501312256	0.5498220324516296	True	0.6199140548706055	0.2459665983915329	0.03704880550503731	0.07678631693124771	0.009301885031163692	9.662831871537492e-05	0.009538760408759117	0.0013469516998156905
9,21438E+17	Miracle Kitten Who Survived California Wildfire Gets Rescued!	data/processed/pro_crisismmd/images/data_image/california_wildfires/20_10_2017/921438146880978944_0.jpg	rescue_volunteering_or_donation_effort	rescue_volunteering_or_donation_effort	True	0.3299305625259876	0.07910207286477089	0.25082848966121674	0.18434950162190944	0.3299305625259876	0.04511104157427326	0.14920856803655624	0.0003795737247855868	0.023935980396345258	0.016256331698969007	False	True	0.5278689861297607	0.004707552958279848	0.17515312135219574	0.002630137139931321	0.18225134909152985	0.001204425236210227	0.0696319043636322	0.03655247390270233	True	0.1584816575050354	0.24423015117645264	0.3815230429172516	0.05927134305238724	0.13819430768489838	0.00010462322097737342	0.008704005740582943	0.009490950964391232
9,21452E+17	Property lost to California wildfires exceeds $1B	data/processed/pro_crisismmd/images/data_image/california_wildfires/20_10_2017/921452372861313025_0.jpg	infrastructure_and_utility_damage	not_humanitarian	False	0.45427459478378296	0.22367966920137405	0.45427459478378296	0.21850335225462914	0.006397011340595782	0.2305949255824089	0.08513305056840181	0.00011237662147323135	0.0024382032570429146	0.002546387189795496	False	True	0.4706974923610687	0.32315629720687866	0.0017988155595958233	0.03702738881111145	0.15505844354629517	0.0003131828852929175	0.0019341884180903435	0.010014127008616924	True	0.44880029559135437	0.18361903727054596	0.007929743267595768	0.29511743783950806	0.06182458624243736	4.544120020000264e-05	0.0026062082033604383	5.7140583521686494e-05
9,21455E+17	JUST IN: TubbsFire becomes most destructive wildfire in California's history	data/processed/pro_crisismmd/images/data_image/california_wildfires/20_10_2017/921454750020681728_0.jpg	other_relevant_information	not_humanitarian	False	0.38646525889635086	0.015984173864126205	0.38646525889635086	0.37048108503222466	0.01300362270558253	0.16626695170998573	0.04859029408544302	0.010450382447743323	0.004567933734506369	0.0001744187047734158	False	True	0.5123396515846252	0.09305666387081146	0.00121497199870646	0.22863762080669403	0.11520086228847504	0.04164392128586769	0.007512927986681461	0.00039339630166068673	True	0.3445071280002594	0.46295589208602905	0.016933172941207886	0.14547672867774963	0.026386771351099014	5.2536168368533254e-05	0.0035862689837813377	0.00010142617247765884
9,21455E+17	The Aviationist Military and Contract Air Assets (Including U.S. Air Force MQ-9 Reaper	data/processed/pro_crisismmd/images/data_image/california_wildfires/20_10_2017/921455013947498496_0.jpg	not_humanitarian	not_humanitarian	True	0.8661445379257202	0.7965577589347959	0.8661445379257202	0.06958677899092436	0.00959753745701164	0.04164001904428005	0.004047277034260333	6.0821131455668365e-05	0.006555387401022017	0.0023676522714595194	False	True	0.8478724360466003	0.1016273945569992	0.006458281073719263	0.016150299459695816	0.006239780690521002	0.00020290983957238495	0.012117121368646622	0.009331836365163326	True	0.8722352385520935	0.05890657380223274	0.010643956251442432	0.050136592239141464	0.003316442482173443	1.3458228750096168e-05	0.004701476078480482	4.625757355825044e-05
9,21455E+17	Couples Wed amid Deadly California Wildfires Video - - Topstories	data/processed/pro_crisismmd/images/data_image/california_wildfires/20_10_2017/921455402298019840_0.jpg	not_humanitarian	affected_individuals	False	0.5240407884120941	0.3528527170419693	0.17118807137012482	0.10429438692517579	0.06130618043243885	0.06380237778648734	0.5240407884120941	0.00021858762920601293	0.020725595764815807	0.05442398932063952	False	True	0.3381851315498352	0.004045878536999226	0.009367398917675018	0.01172228716313839	0.40181779861450195	0.0006781360134482384	0.025245757773518562	0.2089376151561737	True	0.11552238464355469	0.1377105563879013	0.0786191076040268	0.08116240799427032	0.5647817850112915	6.540483445860445e-05	0.019218875095248222	0.002919447375461459
9,21459E+17	Losses From California Wildfires Top $1 Billion, Expected to Rise 'Dramatically'	data/processed/pro_crisismmd/images/data_image/california_wildfires/20_10_2017/921459303453569024_0.jpg	infrastructure_and_utility_damage	not_humanitarian	False	0.33032505586743355	0.11089919321238995	0.33032505586743355	0.1707943119108677	0.025074391858652234	0.2194258626550436	0.2139503639191389	0.005604299758488196	0.017561922781169415	0.01726383658069608	False	True	0.04524894058704376	0.004840418696403503	0.07032844424247742	0.037932150065898895	0.6862814426422119	0.022149568423628807	0.06423448026180267	0.06898461282253265	True	0.4253504276275635	0.2261122763156891	0.009989707730710506	0.27992376685142517	0.056506671011447906	8.921020344132558e-05	0.0020044036209583282	2.3577833417220972e-05
9,21467E+17	Aided By Rain, Bear Fire Containment Reaches 40 Percent:	data/processed/pro_crisismmd/images/data_image/california_wildfires/20_10_2017/921467401077698562_0.jpg	rescue_volunteering_or_donation_effort	other_relevant_information	False	0.5257808677852154	0.19027432426810265	0.33550654351711273	0.5257808677852154	0.03759254748001695	0.021674541290849447	0.05958625697530806	0.0002541208133948203	0.006758048111805692	0.012847009053075453	False	True	0.3810133934020996	0.1869136542081833	0.10146572440862656	0.049545519053936005	0.2059280425310135	0.0010060470085591078	0.022983482107520103	0.051144104450941086	True	0.32033759355545044	0.6387366056442261	0.016301488503813744	0.012384215369820595	0.010805661790072918	3.478748340057791e-06	0.001349570113234222	8.131058712024242e-05
9,21474E+17	Eastside Fire spent week helping California crews	data/processed/pro_crisismmd/images/data_image/california_wildfires/20_10_2017/921473619888402432_0.jpg	rescue_volunteering_or_donation_effort	not_humanitarian	False	0.4335596188902855	0.12186858057975769	0.4335596188902855	0.07766625506337732	0.3116910383105278	0.026773582387249917	0.12151782028377056	0.0008155537716447725	0.022415777202695608	0.0055603813962079585	False	True	0.2866620719432831	0.0019333972595632076	0.48072561621665955	0.0032869509886950254	0.12706366181373596	0.00315940217114985	0.0770595595240593	0.020109262317419052	True	0.48252546787261963	0.10291054099798203	0.2553461790084839	0.03460245952010155	0.11966920644044876	3.42709718097467e-05	0.004201183095574379	0.0007107544224709272
9,21483E+17	northbayfires MendocinoLakeComplex cats fire animals california Pls RT	data/processed/pro_crisismmd/images/data_image/california_wildfires/20_10_2017/921482651009089536_0.jpg	not_humanitarian	other_relevant_information	False	0.32906108698807657	0.08175921042857226	0.18250390444882214	0.32906108698807657	0.07242898617369065	0.03975255208933959	0.0697266852366738	0.005246833517958294	0.05397810656677393	0.2473018765595043	False	True	0.00988317746669054	9.904708713293076e-05	7.617371011292562e-05	3.651823499239981e-05	0.0030908293556421995	1.0379466402810067e-05	1.748875183693599e-05	0.986786425113678	True	0.24004414677619934	0.4387151002883911	0.09654659032821655	0.05299123004078865	0.09193863719701767	0.0069923182018101215	0.07196497917175293	0.0008070270414464176
9,21487E+17	MT : set up a donation fund for Northern California fire aid donate	data/processed/pro_crisismmd/images/data_image/california_wildfires/20_10_2017/921487466720301056_0.jpg	rescue_volunteering_or_donation_effort	not_humanitarian	False	0.7978621572256088	0.6583388946019113	0.7978621572256088	0.014563992852345109	0.13952326262369752	0.001663350674789399	0.04288379894569516	0.00013948354097692572	0.0028325917955953628	0.0005313934198056813	False	True	0.8338446617126465	0.02516535483300686	0.019158581271767616	0.002202189527451992	0.10783452540636063	0.0005544755258597434	0.0093603003770113	0.0018799016252160072	True	0.7858679890632629	0.011030205525457859	0.17964482307434082	0.0014837377239018679	0.021233556792140007	1.1528793493198464e-06	0.000656688935123384	8.189068466890603e-05
9,21491E+17	These are clear examples of what community health care is all about sonomastrong wildfire	data/processed/pro_crisismmd/images/data_image/california_wildfires/20_10_2017/921491473727705089_0.jpg	not_humanitarian	not_humanitarian	True	0.5358631387352943	0.24094811081886292	0.5358631387352943	0.0997862130170688	0.04901630152016878	0.006959666090551764	0.2949150279164314	3.007232612617372e-05	0.010494302841834724	0.0029352616184041835	False	True	0.7274152636528015	0.002629691269248724	0.10686209797859192	0.0019352699164301157	0.1295560598373413	0.00010382444452261552	0.02081756480038166	0.010680173523724079	True	0.4720124304294586	0.13217172026634216	0.02973436936736107	0.00863446481525898	0.3500346839427948	5.48828666069312e-06	0.0070532155223190784	0.000353624316630885
9,21502E+17	Everly Isbe WILDFIRES IN CALIFORNIA? NO SUCHTHING!	data/processed/pro_crisismmd/images/data_image/california_wildfires/20_10_2017/921502307275198464_0.jpg	not_humanitarian	not_humanitarian	True	0.8247457593679428	0.7628927493933588	0.8247457593679428	0.06185300997458398	0.0023011298617348075	0.019186335732229054	0.05827734433114529	8.553875966299529e-05	0.0010295729516656138	0.032521329137125576	False	True	0.6552095413208008	0.012062772177159786	0.004257784225046635	0.060085657984018326	0.13517171144485474	0.00032531333272345364	0.0029339974280446768	0.12995320558547974	True	0.8812578320503235	0.07844975590705872	0.001648911740630865	0.005553228314965963	0.03264588862657547	5.613901976175839e-06	0.0003947647928725928	4.403698767418973e-05
9,21519E+17	Photo of the Pier Fire in Tulare County, California. Taken by Bev Schlitz from her home.	data/processed/pro_crisismmd/images/data_image/california_wildfires/20_10_2017/921519090987966464_0.jpg	other_relevant_information	other_relevant_information	True	0.5162868462502956	0.29863474424928427	0.21765210200101137	0.5162868462502956	0.009136307140579447	0.17065759212709963	0.07356861419975758	0.006395841657649726	0.004689857145422138	0.001612811698578298	False	True	0.7414937615394592	0.20871613919734955	0.0010658142855390906	0.010819085873663425	0.034852832555770874	0.0005905597936362028	0.0005076123052276671	0.0019541524816304445	True	0.04303821548819542	0.6188104152679443	0.0118264714255929	0.22393709421157837	0.08647387474775314	0.0083309356123209	0.006083938758820295	0.001499031437560916
9,21528E+17	CAL FIRE Mobilizing for Santa Ana Winds in Southern California:	data/processed/pro_crisismmd/images/data_image/california_wildfires/21_10_2017/921527521169911808_0.jpg	rescue_volunteering_or_donation_effort	other_relevant_information	False	0.47878093272447586	0.18446684256196022	0.29431409016251564	0.47878093272447586	0.10533128352835774	0.01597402850165963	0.03946282062679529	0.061541427632846535	0.0028173350438009948	0.0017780774360289797	False	True	0.6101342439651489	0.05044487118721008	0.01912623830139637	0.0248069129884243	0.041855499148368835	0.24612422287464142	0.0018064865143969655	0.005701504647731781	True	0.18904070556163788	0.6215596199035645	0.13406629860401154	0.013029733672738075	0.03866526111960411	1.382921891490696e-05	0.003154284553602338	0.0004702683654613793
9,21529E+17	Dozens of Employees, Members Lose Home in California Wildfires	data/processed/pro_crisismmd/images/data_image/california_wildfires/21_10_2017/921528721563095041_0.jpg	infrastructure_and_utility_damage	not_humanitarian	False	0.4365786388516426	0.19088272005319595	0.4365786388516426	0.11412515304982662	0.053803048736881465	0.14517713338136673	0.24569591879844666	0.000248261308115616	0.0032288607326336205	0.001142998124123551	False	True	0.5011534690856934	0.2047552913427353	0.0022113833110779524	0.1391344964504242	0.14978888630867004	0.0008511092164553702	0.001485377550125122	0.0006200288771651685	True	0.41505369544029236	0.0839151069521904	0.07100027054548264	0.1471913456916809	0.2776649296283722	4.7312005335697904e-05	0.0038100217934697866	0.0013173212064430118
9,21537E+17	Drones Help California Firefighters	data/processed/pro_crisismmd/images/data_image/california_wildfires/21_10_2017/921537209043369984_0.jpg	not_humanitarian	not_humanitarian	True	0.6444455832242966	0.46720738150179386	0.6444455832242966	0.1772382017225027	0.11617279495112598	0.04142098315060139	0.010615990730002522	8.42781719256891e-05	0.007502827909775078	0.0025193274777848274	False	True	0.8399771451950073	0.09523794800043106	0.010145488195121288	0.022572916001081467	0.006934726610779762	0.0001826696388889104	0.018132641911506653	0.006816505454480648	True	0.5792683959007263	0.20457161962985992	0.15151523053646088	0.04770367220044136	0.011843078769743443	5.148101627128199e-05	0.0039595565758645535	0.0010869348188862205
9,216E+17	Wildfire first responder thank you signs vandalized in California:	data/processed/pro_crisismmd/images/data_image/california_wildfires/21_10_2017/921600380601069568_0.jpg	not_humanitarian	rescue_volunteering_or_donation_effort	False	0.5840767621994019	0.36167411133646965	0.08221685513854027	0.01895460474770516	0.5840767621994019	0.04555216315202415	0.2224026508629322	0.0013041582569712773	0.013267771108075976	0.032225063536316156	False	True	0.10727513581514359	0.0018481290899217129	0.5482953786849976	0.0034628240391612053	0.2664066255092621	0.0007379932212643325	0.02962169051170349	0.042352236807346344	True	0.07386409491300583	0.024656763300299644	0.5960038900375366	0.0595819428563118	0.20773465931415558	0.0014928799355402589	0.007816464640200138	0.028849339112639427
9,21603E+17	California pizza kitchen... shits fire af	data/processed/pro_crisismmd/images/data_image/california_wildfires/21_10_2017/921602685983367168_0.jpg	not_humanitarian	not_humanitarian	True	0.9486170262098312	0.9261141591705382	0.9486170262098312	0.02250286703929305	0.0022883201090735383	0.012169199530035257	0.004356371937319636	0.00035117393508699024	0.004999805241823196	0.0047152778461168054	False	True	0.9335821270942688	0.016280967742204666	0.0004828917153645307	0.019739126786589622	0.005880929064005613	0.0013095748145133257	0.004445343744009733	0.01827901601791382	True	0.953628659248352	0.024576833471655846	0.0028901295736432076	0.009645890444517136	0.0038481862284243107	3.170697527821176e-05	0.005184625741094351	0.00019403178885113448
9,21679E+17	Sign with a positive message following devastating wildfires in Sonoma, California ()	data/processed/pro_crisismmd/images/data_image/california_wildfires/21_10_2017/921678613765861376_0.jpg	not_humanitarian	other_relevant_information	False	0.2783179790712893	0.031727692345157266	0.23998644156381488	0.2783179790712893	0.03741315094521269	0.02181372413178906	0.17296338034793735	0.001309307885094313	0.00160574636538513	0.24659028672613204	False	True	0.9358809590339661	0.016267741098999977	0.0020892543252557516	0.0012213436421006918	0.028068838641047478	0.0001322676398558542	0.0011438630754128098	0.015195758081972599	True	0.008021602407097816	0.36566805839538574	0.049187783151865005	0.02867785096168518	0.22126156091690063	0.0017016546335071325	0.0017597074620425701	0.3237217962741852
9,21705E+17	Fascinating: trying to use the smallest clues to learn how the California fires started.	data/processed/pro_crisismmd/images/data_image/california_wildfires/21_10_2017/921705168885944320_0.jpg	not_humanitarian	other_relevant_information	False	0.48367439955472946	0.06108958274126053	0.42258481681346893	0.48367439955472946	0.0005743199144490063	0.007297608884982765	0.010081869084388018	0.00047775204927802406	0.01065575220854953	0.06465346540790051	False	True	0.5705951452255249	0.11908617615699768	0.0010350254597142339	0.0032903519459068775	0.01290048100054264	0.001897779293358326	0.03673043102025986	0.25446465611457825	True	0.37324804067611694	0.6052038073539734	0.00042075139936059713	0.00863336119800806	0.009142331779003143	4.409634584590094e-06	0.0019641926046460867	0.0013830685056746006
9,21708E+17	Local sheriff smacks down Breitbart for bigoted lie about California wildfires	data/processed/pro_crisismmd/images/data_image/california_wildfires/21_10_2017/921707911478480896_0.jpg	not_humanitarian	not_humanitarian	True	0.5910191629081964	0.42733844567555934	0.5910191629081964	0.15649038180708885	0.020120082888752222	0.01185932062799111	0.0540423933416605	0.00029703072732445435	0.002490894665243104	0.1636807172326371	False	True	0.09026256948709488	0.1851726621389389	0.018270064145326614	0.0018527351785451174	0.05522030219435692	0.001134514226578176	0.006575003266334534	0.6415121555328369	True	0.757938027381897	0.14692962169647217	0.020736755803227425	0.015194849111139774	0.05364975705742836	1.7869560906547122e-05	0.001129525131545961	0.004403571132570505
9,21711E+17	California nurse flees wildfires nurse nurses nurselife nursepractitioner nurseblog	data/processed/pro_crisismmd/images/data_image/california_wildfires/21_10_2017/921711175347322880_0.jpg	not_humanitarian	not_humanitarian	True	0.5824804306030273	0.34911269322037697	0.5824804306030273	0.05138327647000551	0.09681612375425175	0.005408287368481979	0.23336773738265038	0.005874557971196737	0.008643429377116263	0.016026125056669116	False	True	0.7068376541137695	0.004113446921110153	0.0029581685084849596	0.001199041842482984	0.19584232568740845	0.023488519713282585	0.0025670737959444523	0.06299368292093277	True	0.5410280227661133	0.0671398863196373	0.128102108836174	0.006811369210481644	0.24587620794773102	3.237390501453774e-06	0.010668881237506866	0.0003702724352478981
9,21733E+17	California Imam Under Fire After Asking Allah to 'Annihilate' Jews in Sermon	data/processed/pro_crisismmd/images/data_image/california_wildfires/21_10_2017/921732899795357696_0.jpg	not_humanitarian	not_humanitarian	True	0.37201855331659317	0.08134997263550758	0.37201855331659317	0.039319396077189595	0.07782208267599344	0.016721599036827683	0.175454281270504	0.00029820605777786113	0.02769726887345314	0.2906685806810856	False	True	0.28390371799468994	0.0035888070706278086	0.016823377460241318	0.010951983742415905	0.0825919359922409	0.0010670082410797477	0.045892637223005295	0.5551804900169373	True	0.4013901650905609	0.05122959241271019	0.09815498441457748	0.018644804134964943	0.20640839636325836	4.193866334389895e-05	0.02163214609026909	0.2024979442358017
9,21739E+17	Wrenching Story Death Survival North Bay Wildfires:	data/processed/pro_crisismmd/images/data_image/california_wildfires/21_10_2017/921738979619241984_0.jpg	not_humanitarian	not_humanitarian	True	0.6086749285459518	0.39025708186090924	0.6086749285459518	0.04570199724184931	0.00679577948176302	0.021348248672438785	0.09477932564914227	1.3219554659826827e-05	0.004268669756129384	0.2184178466850426	False	True	0.0070950984954833984	0.00016096561739686877	0.0014413880417123437	0.00032388034742325544	0.10922366380691528	4.184543286100961e-05	0.008912837132811546	0.872800350189209	True	0.8092015385627747	0.060882341116666794	0.008580576628446579	0.028356371447443962	0.08996454626321793	3.6775952594325645e-06	0.0027206139639019966	0.00029034551698714495
9,2174E+17	Books: Surviving the California wildfires, George Saunders wins the Man Booker and more	data/processed/pro_crisismmd/images/data_image/california_wildfires/21_10_2017/921739965981122561_0.png	not_humanitarian	not_humanitarian	True	0.5619603544473648	0.2830554023385048	0.5619603544473648	0.02800620160996914	0.03919318690896034	0.05340224178507924	0.27890495210886	0.014742223637767893	0.012637021893169731	0.011153830109833507	False	True	0.2750833034515381	0.021403424441814423	0.11779846251010895	0.13705436885356903	0.3018834590911865	0.058942582458257675	0.04381360486149788	0.0440208800137043	True	0.6575860381126404	0.030207127332687378	0.01299142837524414	0.025518199428915977	0.27124544978141785	8.770697604632005e-06	0.0022448275703936815	0.00019814680854324251
9,21752E+17	Bannon Says Bush 43 'Most Destructive'	data/processed/pro_crisismmd/images/data_image/california_wildfires/21_10_2017/921751617447317504_0.jpg	not_humanitarian	not_humanitarian	True	0.8984308242797852	0.8595853858278133	0.8984308242797852	0.005330731481080875	0.021222443581791595	0.016184482956305146	0.03884543845197186	0.0017899607264553197	0.016225073399255052	0.0019710989745362895	False	True	0.6776964664459229	0.0013571040472015738	0.08302070945501328	0.01913985051214695	0.1440747082233429	0.007115899119526148	0.059863876551389694	0.007731428369879723	True	0.9720089435577393	0.006655273959040642	0.0006230216240510345	0.015199360437691212	0.00376901519484818	1.4647928765043616e-05	0.0016788056818768382	5.0989176088478416e-05
9,21755E+17	Bannon on Fire in CA: Three Standing Ovations at GOP Convention Keynote Speech MAGA	data/processed/pro_crisismmd/images/data_image/california_wildfires/21_10_2017/921754514029457408_0.jpg	not_humanitarian	not_humanitarian	True	0.45332637429237366	0.10483793914318085	0.45332637429237366	0.05050627514719963	0.06452462542802095	0.030617923475801945	0.3484884351491928	0.00016576411144342273	0.009376807371154428	0.04299384154728614	False	True	0.7261593341827393	0.04107872396707535	0.020793456584215164	0.004649817943572998	0.032861411571502686	0.00029299489688128233	0.00537604745477438	0.16878823935985565	True	0.36238205432891846	0.05364879220724106	0.07910168170928955	0.039273958653211594	0.45369744300842285	0.00012335384963080287	0.010710394009947777	0.0010623756097629666
9,21772E+17	Creating new voters daily! '3	data/processed/pro_crisismmd/images/data_image/california_wildfires/21_10_2017/921772156639498240_0.jpg	not_humanitarian	not_humanitarian	True	0.9326166063547134	0.8958787987064625	0.9326166063547134	0.0022908218670636415	0.009374935179948807	0.0025451378896832466	0.013969805440865457	3.02681365091928e-05	0.00243450773996301	0.036737807648250964	False	True	0.7905158996582031	0.0017001023516058922	0.008134787902235985	0.003259777557104826	0.04297257587313652	0.00012038912245770916	0.006389831192791462	0.14690656960010529	True	0.9799835085868835	0.0024877283722162247	0.00978831760585308	0.002306924667209387	0.004302215296775103	2.2780785968734563e-07	0.0011160665890201926	1.4886997632856946e-05
9,21772E+17	Dimwit Donny visits fire ravaged California.	data/processed/pro_crisismmd/images/data_image/california_wildfires/21_10_2017/921772242207367169_0.jpg	not_humanitarian	not_humanitarian	True	0.5752058625221252	0.37984193470401806	0.5752058625221252	0.14692425876273774	0.022358768212143332	0.19536392781810719	0.049980017356574535	6.79832974128658e-05	0.009453732694964856	0.000645411157165654	False	True	0.8178343772888184	0.0008392691379413009	0.0795234814286232	0.00013627186126541346	0.0699130967259407	4.611686017597094e-05	0.030561242252588272	0.0011462187394499779	True	0.49432969093322754	0.19561925530433655	0.0033038638066500425	0.26043981313705444	0.04333565756678581	7.527210982516408e-05	0.0024178961757570505	0.0004784752964042127
9,21807E+17	Can't California just declare itself a No Fire Zone? LiberalLogic	data/processed/pro_crisismmd/images/data_image/california_wildfires/21_10_2017/921806757197950976_0.jpg	not_humanitarian	not_humanitarian	True	0.6504259034991264	0.45207599783316255	0.6504259034991264	0.1983499056659639	0.0036299771745689213	0.01447131927125156	0.03837501967791468	0.0006007492624462429	0.0035869157291017473	0.09056023353468845	False	True	0.47468432784080505	0.005479445680975914	0.005319366697221994	0.006867018528282642	0.13302664458751678	0.0023963870480656624	0.010056918486952782	0.36216995120048523	True	0.7090064287185669	0.2626400589942932	0.0030668473336845636	0.01700608618557453	0.006824478041380644	2.2033339064364554e-06	0.0014302481431514025	2.3660979422857054e-05
9,21814E+17	This woman saved her pony from California's wildfires in a HondaAccord. PhoenixTowing	data/processed/pro_crisismmd/images/data_image/california_wildfires/21_10_2017/921813556160589825_0.jpg	not_humanitarian	not_humanitarian	True	0.3381167910993099	0.09667156264185905	0.3381167910993099	0.2105931204278022	0.1221845640684478	0.01417663079337217	0.24144522845745087	0.027636528480798006	0.007764722337014973	0.038082427345216274	False	True	0.7870070338249207	0.005394075997173786	0.0027553762774914503	0.001403167494572699	0.13787168264389038	0.03974834084510803	0.0021915757097303867	0.023628760129213333	True	0.188486710190773	0.27899280190467834	0.16199429333209991	0.018434451892971992	0.2759697437286377	0.023599257692694664	0.009622437879443169	0.042900316417217255
9,21827E+17	California Highway Patrol thanks the Oceanside Fire Department for their service and partnership!	data/processed/pro_crisismmd/images/data_image/california_wildfires/21_10_2017/921826796101804033_0.jpg	not_humanitarian	rescue_volunteering_or_donation_effort	False	0.50355189666152	0.3054925799369812	0.09193363040685654	0.11878299637464806	0.50355189666152	0.02005182794528082	0.1980593167245388	0.0025008400552906096	0.01610507909208536	0.04901442304253578	False	True	0.08655041456222534	0.003006917191669345	0.17083851993083954	0.0022300865966826677	0.6663361191749573	0.001578348921611905	0.017092252150177956	0.05236727371811867	True	0.09372803568840027	0.1573750227689743	0.6144563555717468	0.025992408394813538	0.04196704924106598	0.0028083370998501778	0.015776021406054497	0.04789680615067482
9,21851E+17	Melissa from California bought: Fire Glam Romper-Rose Gold!	data/processed/pro_crisismmd/images/data_image/california_wildfires/21_10_2017/921850616879763456_0.jpg	not_humanitarian	not_humanitarian	True	0.8254815638065338	0.729215385945281	0.8254815638065338	0.05188702791929245	0.0039659704198129475	0.01121604349464178	0.008950809016823769	0.0001424980168849288	0.0020899049704894423	0.0962661778612528	False	True	0.5050588846206665	0.05633605271577835	0.010767458938062191	0.008970623835921288	0.03015589527785778	0.000534574210178107	0.006682097911834717	0.3814944624900818	True	0.9322891235351562	0.05040401965379715	0.001698807580396533	0.011964516714215279	0.0018824469298124313	1.1805952453869395e-05	0.0005591739900410175	0.0011900829849764705
9,21883E+17	Michio Kaku On Record-Setting Hurricanes In Florida And Houston, California Wildfires, Mexi	data/processed/pro_crisismmd/images/data_image/california_wildfires/21_10_2017/921883056146927616_0.jpg	not_humanitarian	not_humanitarian	True	0.6253422498703003	0.36288348864763975	0.6253422498703003	0.26245876122266054	0.01304561085999012	0.020844946149736643	0.04672649363055825	0.0011764025543925527	0.02265914814779535	0.00774637390532007	False	True	0.6286422610282898	0.04933147504925728	0.019041644409298897	0.054995302110910416	0.12869811058044434	0.004639806225895882	0.08386654406785965	0.030784793198108673	True	0.6242422461509705	0.3335011899471283	0.011046933010220528	0.009461494162678719	0.019402621313929558	2.193466389144305e-05	0.0022566828411072493	6.690080772386864e-05
9,21907E+17	SORRY CALIFORNIA TwoDopeMusic wildfires	data/processed/pro_crisismmd/images/data_image/california_wildfires/22_10_2017/921907223680270337_0.jpg	not_humanitarian	not_humanitarian	True	0.8511911928653717	0.796454994706437	0.8511911928653717	0.05473619815893471	0.00581633677938953	0.04996041639242321	0.021018185187131166	0.00931898646922491	0.00452042423421517	0.0034382076237307047	False	True	0.8713600635528564	0.012198870070278645	0.016568562015891075	0.0026235305704176426	0.0310832429677248	0.037139952182769775	0.015402061864733696	0.013623599894344807	True	0.8444682359695435	0.06891530752182007	0.002232261700555682	0.06573937833309174	0.01766316592693329	4.533123137662187e-05	0.0008932116907089949	4.3076866859337315e-05
9,21931E+17	Iran Muslim Who Set California Wildfires Burned American Flag At U.C. Berkeley Protest Is Fake News - ...	data/processed/pro_crisismmd/images/data_image/california_wildfires/22_10_2017/921930675527266304_0.jpg	not_humanitarian	affected_individuals	False	0.3945467323064804	0.1060953363776207	0.2884513959288597	0.09734719892730936	0.039794852025806904	0.08864584937691689	0.3945467323064804	0.0011705275828717276	0.055348100140690804	0.03469525621039793	False	True	0.3488406836986542	0.0017808934208005667	0.04200189933180809	0.01074139028787613	0.46037355065345764	0.0018086795462295413	0.13199372589588165	0.002459126291796565	True	0.2683216333389282	0.12920263409614563	0.039059169590473175	0.11461400240659714	0.37260445952415466	0.0009578102617524564	0.029799558222293854	0.04544063284993172
9,21934E+17	Possible small plane crash causes brush fire in California	data/processed/pro_crisismmd/images/data_image/california_wildfires/22_10_2017/921934156996554752_0.jpg	not_humanitarian	other_relevant_information	False	0.43649463541805744	0.24541223980486393	0.16582457721233368	0.43649463541805744	0.11647333018481731	0.1910823956131935	0.028273801784962416	0.010627100826241076	0.012082297005690634	0.039141795597970486	False	True	0.2769222557544708	0.07069510966539383	0.4108295142650604	0.09539076685905457	0.049290210008621216	0.03917155787348747	0.026535000652074814	0.031165607273578644	True	0.12879201769828796	0.5584278106689453	0.01835460215806961	0.2229796051979065	0.02126833237707615	0.0011122818104922771	0.007264729123562574	0.04180052503943443
9,22015E+17	Firefighters monitor flames on the side of a road as a fire rages in California. (Josh Edelson/Getty Images)	data/processed/pro_crisismmd/images/data_image/california_wildfires/22_10_2017/922015358227185664_0.jpg	rescue_volunteering_or_donation_effort	rescue_volunteering_or_donation_effort	True	0.26720241317525506	0.0824063963482331	0.18479601682702196	0.11038216203451157	0.26720241317525506	0.03569101309403777	0.15517950430512428	0.14718444160826039	0.09757445030845702	0.00199002111912705	False	True	0.7387861609458923	0.04856187105178833	0.02109205164015293	0.008904622867703438	0.16391287744045258	0.0007927223923616111	0.014461309649050236	0.003488314338028431	True	0.00013263545406516641	0.1309889256954193	0.34923920035362244	0.044619809836149216	0.15226837992668152	0.1959816813468933	0.12527883052825928	0.001490590046159923
9,22133E+17	FedEx Customers: recent hazardous conditions have subsided in California due to wildfires	data/processed/pro_crisismmd/images/data_image/california_wildfires/22_10_2017/922132850165497856_0.jpg	not_humanitarian	other_relevant_information	False	0.4879695847630501	0.30815408378839493	0.17981550097465515	0.4879695847630501	0.048605815041810274	0.10072272294200957	0.16383284330368042	0.0006367498062900268	0.0022654374333797023	0.016151353163877502	False	True	0.12732239067554474	0.7875282764434814	0.00577140785753727	0.006226600147783756	0.0101737380027771	0.001998113002628088	0.00073398178210482	0.06024542078375816	True	0.19731320440769196	0.3881166875362396	0.06288395076990128	0.13222143054008484	0.2150525450706482	0.00018296207417733967	0.0027759226504713297	0.0014533306239172816
9,22154E+17	NY Times Fire Spread map for Tubbs Fire.	data/processed/pro_crisismmd/images/data_image/california_wildfires/22_10_2017/922153690269589504_0.jpg	other_relevant_information	other_relevant_information	True	0.9481180906295776	0.9137272068765014	0.034390883753076196	0.9481180906295776	0.0013221076151239686	0.010089079849421978	0.004643890744773671	0.00018362851415076875	0.0011695881694322452	8.267908742709551e-05	False	True	0.12277758121490479	0.825769305229187	0.0004301787994336337	0.03365183621644974	0.014321697875857353	0.0007164544658735394	0.00221463805064559	0.00011832693417090923	True	0.004928651265799999	0.9889010190963745	0.0016194172203540802	0.0022348277270793915	0.0014179550344124436	6.0198635765118524e-06	0.000821238209027797	7.079647184582427e-05
9,22164E+17	Red Flag Warnings today, October 22, in California, Nebraska, Kansas, and Colorado. Wildfires	data/processed/pro_crisismmd/images/data_image/california_wildfires/22_10_2017/922164120744493056_0.jpg	not_humanitarian	other_relevant_information	False	0.9221481829881668	0.8925119005143642	0.029636282473802567	0.9221481829881668	0.005936847359407693	0.02185563006787561	0.01916651672217995	4.5773732381348964e-05	0.0006867419870104641	0.0005241063699941151	False	True	0.03217810019850731	0.9564404487609863	0.0008124138694256544	0.0017596319084987044	0.006567383650690317	8.638814324513078e-05	0.0008003916009329259	0.0013552510645240545	True	0.028789009898900986	0.9107174277305603	0.007644991856068373	0.028554296121001244	0.023366227746009827	3.2235595426755026e-05	0.0006488587823696434	0.00024705813848413527
9,22187E+17	CALIFORNIA WILDFIRES: Geoengineered Firestorms Terrorize to Advance theAgenda(s)	data/processed/pro_crisismmd/images/data_image/california_wildfires/22_10_2017/922187283142504448_0.jpg	not_humanitarian	other_relevant_information	False	0.6373772621154785	0.36431945860385895	0.27305780351161957	0.6373772621154785	0.0019613955773820635	0.08258630707859993	0.0044818565947934985	2.8735635851262487e-05	0.000492228522489313	1.446829077167422e-05	False	True	0.25204184651374817	0.7235841751098633	0.00018985649512615055	0.017963923513889313	0.005888883024454117	8.208020881284028e-05	0.00020165913156233728	4.7594709030818194e-05	True	0.28006312251091003	0.6086416244506836	0.002551908604800701	0.10412710160017014	0.004012847784906626	1.0954111530736554e-05	0.0005890849861316383	3.426151351959561e-06
9,22217E+17	Extended period of critical fire weather conditions in California with another strong SantaAna wind event. CAwx	data/processed/pro_crisismmd/images/data_image/california_wildfires/22_10_2017/922217480629694465_0.jpg	not_humanitarian	other_relevant_information	False	0.8910506516695023	0.8000106438994408	0.09104000777006149	0.8910506516695023	0.00128388314624317	0.011239302635658532	0.005022712211939506	2.796272292471258e-05	0.00029187996915425174	4.3650830775732175e-05	False	True	0.09229005128145218	0.90492182970047	0.0001822804333642125	0.0015865529421716928	0.0007705005700699985	6.464902253355831e-05	0.00014963866851758212	3.4472570405341685e-05	True	0.09062332659959793	0.8864269256591797	0.0016510840505361557	0.014456885866820812	0.0064401160925626755	1.573395638843067e-05	0.0003392937360331416	4.671025089919567e-05
9,22364E+17	Elevated fire risk along Colorado River on Monday. Wildfire risk critical in southern California. azfamily	data/processed/pro_crisismmd/images/data_image/california_wildfires/23_10_2017/922364016952930304_0.jpg	other_relevant_information	other_relevant_information	True	0.7693201154470444	0.5598103776574135	0.2095097377896309	0.7693201154470444	0.0012630101646209368	0.010392977754236199	0.00891318148933351	3.4199289018488344e-05	0.0002807376440614462	0.0002860595759557327	False	True	0.07587137818336487	0.9214510321617126	0.00011012852337444201	0.0006758566596545279	0.0016258759424090385	0.00012598693137988448	8.860154775902629e-05	5.1189323130529374e-05	True	0.25405585765838623	0.7186098098754883	0.0016473040450364351	0.013632018119096756	0.011342283338308334	3.6034082313562976e-06	0.00034478300949558616	0.0003643496602308005
9,22402E+17	California Wildfire by BachirBadaoui1 photography beautiful	data/processed/pro_crisismmd/images/data_image/california_wildfires/23_10_2017/922401757766082560_0.jpg	not_humanitarian	not_humanitarian	True	0.5244906917214394	0.10330208484083414	0.5244906917214394	0.4211886068806052	0.01077683610492386	0.018910904182121158	0.012974798679351807	0.001016696971419151	0.0104976033908315	0.00014386610564542934	False	True	0.9174321889877319	0.05886458978056908	0.0006292170146480203	0.012870281003415585	0.003500772640109062	0.0037160131614655256	0.002558627398684621	0.00042825471609830856	True	0.39351019263267517	0.5419632792472839	0.014159375801682472	0.020924445241689682	0.016132807359099388	0.00011692490807035938	0.013143928721547127	4.906990216113627e-05
9,22425E+17	A vicious fire ripping through a home in California	data/processed/pro_crisismmd/images/data_image/california_wildfires/23_10_2017/922425403746242561_0.jpg	infrastructure_and_utility_damage	infrastructure_and_utility_damage	True	0.6357957338914275	0.4563463730737567	0.1422112098953221	0.03395979874767363	0.003326249250676483	0.6357957338914275	0.17944936081767082	0.001223877610755153	0.0026314498973079026	0.0014022778086655308	False	True	0.5684247612953186	0.014356774277985096	0.0026436373591423035	0.031539347022771835	0.37147003412246704	0.00025022163754329085	0.005714075174182653	0.005601183045655489	True	0.0001400260953232646	0.04049414023756981	0.0035537865478545427	0.8372145295143127	0.11544246971607208	0.0015484296018257737	0.0016039081383496523	2.642729668878019e-06
9,22454E+17	The wildfires' ripple effect on California schools, by	data/processed/pro_crisismmd/images/data_image/california_wildfires/23_10_2017/922453513409613826_0.jpg	infrastructure_and_utility_damage	not_humanitarian	False	0.7376129627227783	0.6483665141277015	0.7376129627227783	0.0638811495155096	0.005832035385537893	0.0892464485950768	0.08128276001662016	0.0027147016639901267	0.01653006907145027	0.0028999246196690365	False	True	0.3662169575691223	0.04238864779472351	0.003538167802616954	0.28889307379722595	0.21115198731422424	0.010808800347149372	0.06546337902545929	0.011538960970938206	True	0.8614116311073303	0.07104531675577164	0.0065966579131782055	0.02269757352769375	0.037993017584085464	1.6668769603711553e-05	0.00021896575344726443	2.0245835912646726e-05
9,2246E+17	Canceling the event this year was considered - and then quickly rejected.	data/processed/pro_crisismmd/images/data_image/california_wildfires/23_10_2017/922460108075958272_0.jpg	not_humanitarian	not_humanitarian	True	0.88246288895607	0.7981564642323065	0.88246288895607	0.017482902039773762	0.003456177859334275	0.0054216268472373486	0.0042945775494445115	0.0005511452756188362	0.0020242713144398294	0.08430642472376348	False	True	0.5669511556625366	0.054154425859451294	0.008829883299767971	0.012709139846265316	0.011442966759204865	0.002204027259722352	0.007492667529731989	0.3362157344818115	True	0.987633466720581	0.005259060766547918	0.0016649427125230432	0.0029924558475613594	0.0019117811461910605	1.8461425099758344e-07	0.00020147257600910962	0.0003366548044141382
9,2252E+17	Parts of California will see enhanced risk of wildfire this week amid unseasonably high temperatures	data/processed/pro_crisismmd/images/data_image/california_wildfires/23_10_2017/922519854233653254_0.jpg	other_relevant_information	other_relevant_information	True	0.93930983543396	0.8900295104831457	0.04928032495081425	0.93930983543396	0.00035287579521536827	0.007176571089075878	0.003578867530450225	6.78618635561179e-05	0.00014759081932425033	8.604236518294783e-05	False	True	0.08050131052732468	0.9120458960533142	0.0002892361953854561	0.001548999105580151	0.004760449752211571	0.000260995322605595	0.0003882163728121668	0.0002048794412985444	True	0.038873329758644104	0.9483978152275085	0.00037408899515867233	0.009052428416907787	0.0031850067898631096	3.484043872958864e-06	6.738230149494484e-05	4.6430006477748975e-05
9,22587E+17	ClimateChange has impacted California's susceptibility to wildfires	data/processed/pro_crisismmd/images/data_image/california_wildfires/23_10_2017/922587197999480833_0.png	other_relevant_information	not_humanitarian	False	0.6223845034837723	0.29558133985847235	0.6223845034837723	0.32680316362529993	0.0031714159122202545	0.03477279329672456	0.011683106189593673	0.0003887036748437822	0.0007911496359156445	5.167311314835388e-06	False	True	0.9268086552619934	0.025771114975214005	0.007880656979978085	0.018427273258566856	0.017341719940304756	0.0015336236683651805	0.0022238781675696373	1.3113061868352816e-05	True	0.5209097862243652	0.42714717984199524	0.0016016688896343112	0.04022129997611046	0.009796901606023312	7.063677003316116e-06	0.00031357345869764686	2.518727796996245e-06
9,22601E+17	"No, ""Essential Oils"" Will Not Clear the California Fire Smoke Out of Your Air - Mother Jones"	data/processed/pro_crisismmd/images/data_image/california_wildfires/23_10_2017/922601333399719936_0.jpg	not_humanitarian	not_humanitarian	True	0.8365112692117691	0.7312470378819853	0.8365112692117691	0.1052642313297838	0.009611375047825277	0.01422106334939599	0.02485933480784297	0.0007378551218835128	0.005345828452846035	0.0034489351928641554	False	True	0.8754979372024536	0.011946647427976131	0.018614552915096283	0.022564243525266647	0.03655064105987549	0.002939755329862237	0.01830943487584591	0.013576786033809185	True	0.8235157132148743	0.13637009263038635	0.0066103157587349415	0.011440003290772438	0.02096223272383213	3.888385890604695e-06	0.0010246263118460774	7.298491254914552e-05
9,22659E+17	"Northern California fire survivors: ""It's shameful they didn't warn us"""	data/processed/pro_crisismmd/images/data_image/california_wildfires/24_10_2017/922658961937108992_0.jpg	not_humanitarian	affected_individuals	False	0.640215739607811	0.4172728154808283	0.2229429241269827	0.007134456802305067	0.07266253046691418	0.015561630458250875	0.640215739607811	1.3035968663643871e-05	0.006811468745581806	0.03465822977887001	False	True	0.12172942608594894	0.0001408640673616901	0.2105041742324829	0.00021381107217166573	0.5226700305938721	4.0994932533067185e-06	0.007109260652214289	0.13762833178043365	True	0.25668075680732727	0.009465654380619526	0.026715315878391266	0.02067757025361061	0.6793976426124573	1.6014793800422922e-05	0.006712204776704311	0.00033486244501546025
9,22709E+17	Central California wine tour raises money for fire relief vacation travel holiday	data/processed/pro_crisismmd/images/data_image/california_wildfires/24_10_2017/922708978257289217_0.jpg	not_humanitarian	not_humanitarian	True	0.4727209396660328	0.20554501935839653	0.4727209396660328	0.037584335543215275	0.26717592030763626	0.0425228831009008	0.17538059316575527	0.00018946157121035867	0.0014834279572824016	0.002942423801869154	False	True	0.23662348091602325	0.07963953167200089	0.09149885177612305	0.16035684943199158	0.4198860228061676	0.0007494523306377232	0.0009670297731645405	0.010278699919581413	True	0.5514200925827026	0.02356593683362007	0.325734943151474	0.0032448943238705397	0.09387878328561783	2.797984734570491e-06	0.0016555606853216887	0.0004969984292984009
9,22709E+17	Volunteers from distributing aid to victims of the California wildfires in Santa Rosa	data/processed/pro_crisismmd/images/data_image/california_wildfires/24_10_2017/922709469246709760_0.jpg	rescue_volunteering_or_donation_effort	rescue_volunteering_or_donation_effort	True	0.9261879175901413	0.8702929140999913	0.017351222439174308	6.943539938220056e-05	0.9261879175901413	3.6318540423962986e-05	0.055895003490149975	7.942041079900264e-06	0.00044067850103601813	1.1423647833908035e-05	False	True	0.06869599968194962	0.00010642528650350869	0.8438249230384827	6.789543840568513e-05	0.08663193136453629	3.1637729989597574e-05	0.000606792455073446	3.432501034694724e-05	True	0.0002362966915825382	5.710543700843118e-05	0.9536422491073608	2.579290776338894e-05	0.04564936086535454	4.347811000116053e-08	0.00038530718302354217	3.789860329561634e-06
9,22787E+17	California Tribe Donates $1 Million to Establish South Dakota Indian Fire Department	data/processed/pro_crisismmd/images/data_image/california_wildfires/24_10_2017/922786778385334275_0.jpg	not_humanitarian	rescue_volunteering_or_donation_effort	False	0.5143207237124443	0.2633059658110142	0.1507821436971426	0.015943418577080593	0.5143207237124443	0.04195994703331962	0.25101475790143013	0.00013701701936952304	0.023311258875764906	0.0025307758478447795	False	True	0.08804600685834885	0.00022019015159457922	0.5941300988197327	0.000454847002401948	0.3048209547996521	1.8095488485414535e-05	0.007112229708582163	0.005197645630687475	True	0.17169418931007385	0.021184494718909264	0.4877175986766815	0.05579498037695885	0.23307935893535614	0.00017665752966422588	0.02871093526482582	0.001641819253563881
9,22827E+17	LOVE:CALIFORNIA A fire reliefbenefit	data/processed/pro_crisismmd/images/data_image/california_wildfires/24_10_2017/922827493622599680_0.jpg	not_humanitarian	not_humanitarian	True	0.8816038072109222	0.8217336982488632	0.8816038072109222	0.015750141581520438	0.026497064856812358	0.0061428454937413335	0.05987010896205902	0.00037064798908659213	0.0011481671244837344	0.00861714245093026	False	True	0.7802342772483826	0.03375181183218956	0.013275307603180408	0.008430142886936665	0.1257031410932541	0.001477958750911057	0.0027533911634236574	0.034373946487903595	True	0.9153936505317688	0.009749584831297398	0.030904317274689674	0.00538041302934289	0.03792576491832733	1.5444018117705127e-06	0.0006130924448370934	3.154110527248122e-05
9,2283E+17	California Wildfire Damages to Exceed $1 Billion, Exacerbates Housing Crisis	data/processed/pro_crisismmd/images/data_image/california_wildfires/24_10_2017/922830395548172288_0.jpg	infrastructure_and_utility_damage	infrastructure_and_utility_damage	True	0.4179123751819134	0.17521332576870918	0.1832413636147976	0.14536815136671066	0.007935807690955698	0.4179123751819134	0.2426990494132042	0.0003970658099206048	0.002131416113115847	0.0003147647375953966	False	True	0.271934449672699	0.3700442612171173	0.007093221414834261	0.13254593312740326	0.2108585238456726	0.001463746652007103	0.004902822896838188	0.0011569784255698323	True	0.15367700159549713	0.07047611474990845	0.008216669782996178	0.5130345225334167	0.2533125579357147	4.150552922510542e-05	0.0012076138518750668	3.4026841603918e-05
9,22833E+17	DSNAP is now open following the California wildfires:	data/processed/pro_crisismmd/images/data_image/california_wildfires/24_10_2017/922832577001598976_0.jpg	not_humanitarian	not_humanitarian	True	0.8400872945785522	0.7341881054453552	0.8400872945785522	0.10589918913319707	0.011648835730738938	0.011051666922867298	0.030396926682442427	9.952509003596788e-06	0.0006728482985636219	0.0002332070034753997	False	True	0.936965823173523	0.02117134816944599	0.006362492684274912	0.011335480958223343	0.02259144000709057	3.076720531680621e-05	0.0010598946828395128	0.0004828293458558619	True	0.807794451713562	0.13414180278778076	0.01341095007956028	0.010957062244415283	0.03299875557422638	3.0142768991936464e-06	0.000543832837138325	0.00014999955601524562
9,22834E+17	., , obsess over NFL controversy at the expense of real news. via	data/processed/pro_crisismmd/images/data_image/california_wildfires/24_10_2017/922834492355735554_0.png	not_humanitarian	not_humanitarian	True	0.9589620530605316	0.9297736941371113	0.9589620530605316	0.02918835892342031	0.000618734848103486	0.003773112432099879	0.005421766625659075	0.001319788450942383	0.0006993393326411024	1.6845214531713282e-05	False	True	0.8583292365074158	0.10311159491539001	0.0007372096879407763	0.010862856172025204	0.02037300541996956	0.0052771009504795074	0.001283150282688439	2.579086685727816e-05	True	0.9925063252449036	0.0045472802594304085	0.0005792432348243892	0.0014098645187914371	0.0004380203608889133	6.842844300081197e-07	0.0005047356826253235	1.3863330423191655e-05
9,22848E+17	ICE Director Homan's Cynical Anti-Immigrant Ploy Amid Northern CaliforniaWildfires	data/processed/pro_crisismmd/images/data_image/california_wildfires/24_10_2017/922848088208928768_0.jpg	not_humanitarian	affected_individuals	False	0.47153882682323456	0.02926408126950264	0.4422747455537319	0.02855697786435485	0.019548341166228056	0.004894806887023151	0.47153882682323456	0.000580237246708748	0.0059231455670669675	0.026682878844439983	False	True	0.13909713923931122	0.06145286187529564	0.020418062806129456	0.008430808782577515	0.6822758316993713	0.0023126844316720963	0.013976619578897953	0.07203592360019684	True	0.5433339476585388	0.017591683194041252	0.01925843395292759	0.0037161395885050297	0.40129315853118896	2.7548517209652346e-06	0.0032386542297899723	0.011565197259187698
9,22891E+17	.... Getting ready to wrap this up and send this in. cc:	data/processed/pro_crisismmd/images/data_image/california_wildfires/24_10_2017/922890988863021056_0.jpg	not_humanitarian	not_humanitarian	True	0.8321116343140602	0.7266300430071624	0.8321116343140602	0.04247282538563013	0.0008268384881375823	0.003793787205722765	0.007240428671138943	0.0006650841560318366	0.007407797707514874	0.10548159130689783	False	True	0.3315310776233673	0.16724155843257904	0.003073444589972496	0.015028144232928753	0.028928885236382484	0.002660309197381139	0.029611581936478615	0.42192497849464417	True	0.9989718198776245	0.0008832477033138275	7.796978752594441e-05	4.900152998743579e-05	1.0943149391096085e-05	9.142248735827252e-09	6.536297860293416e-06	4.6224431571317837e-07
9,22891E+17	.... Getting ready to wrap this up and send this in. cc:	data/processed/pro_crisismmd/images/data_image/california_wildfires/24_10_2017/922890988863021056_1.jpg	not_humanitarian	not_humanitarian	True	0.7995080724358559	0.6396629696262153	0.7995080724358559	0.010186238214373589	0.011503368212288478	0.0018336956800339976	0.016871601890670718	8.495438215194717e-05	0.0001669588560844204	0.1598451028096406	False	True	0.20111683011054993	0.03809520974755287	0.04577956348657608	0.007187778130173683	0.06745357811450958	0.0003397901018615812	0.0006482265307568014	0.6393790245056152	True	0.9989718198776245	0.0008832477033138275	7.796978752594441e-05	4.900152998743579e-05	1.0943149391096085e-05	9.142248735827252e-09	6.536297860293416e-06	4.6224431571317837e-07
9,22924E+17	SoFi starts GoFundMe to aid their people impacted by California wildfire	data/processed/pro_crisismmd/images/data_image/california_wildfires/24_10_2017/922924297533865984_0.jpg	rescue_volunteering_or_donation_effort	affected_individuals	False	0.45232001109980047	0.13415320380590856	0.3181668072938919	0.04184015991631895	0.1778601100668311	0.002940629085060209	0.45232001109980047	0.00011729172501873109	0.0019781888113357127	0.004776851383212488	False	True	0.8287593126296997	0.14934471249580383	0.009854983538389206	0.0035727291833609343	0.0029097264632582664	0.0004130834713578224	0.004664959851652384	0.0004805535718332976	True	0.1479693055152893	0.00600530905649066	0.23386181890964508	0.0027299290522933006	0.6021234393119812	1.8694476239033975e-05	0.001082598464563489	0.006208950653672218
9,22947E+17	Support our producer community affected by the Northern California wildfires:	data/processed/pro_crisismmd/images/data_image/california_wildfires/24_10_2017/922946867893190656_0.jpg	not_humanitarian	not_humanitarian	True	0.8614448010921478	0.8098557023331523	0.8614448010921478	0.01516338950023055	0.04459408298134804	0.01795533625409007	0.05158909875899553	1.3799041198581108e-05	0.0008909560056054033	0.008348490353910165	False	True	0.9209908246994019	0.005430115386843681	0.011697214096784592	0.003184264525771141	0.02230650931596756	3.9689362893113866e-05	0.0030357760842889547	0.03331558778882027	True	0.8415961265563965	0.01840781420469284	0.055559705942869186	0.02287902683019638	0.061349961906671524	5.168933967070188e-06	0.00017601597937755287	2.6124542273464613e-05
9,22953E+17	Liam Anderson Talks About Impact Of California Wildfires After Big Race At Mt. SAC	data/processed/pro_crisismmd/images/data_image/california_wildfires/24_10_2017/922952858235944961_0.jpg	not_humanitarian	other_relevant_information	False	0.5693125636316836	0.21762561658397317	0.3516869470477104	0.5693125636316836	0.019740920281037688	0.02248073252849281	0.020599145558662713	0.00018854386871680617	0.006116409495007247	0.009874707204289734	False	True	0.9106996059417725	0.019710207358002663	0.011948051862418652	0.01395066175609827	0.006729739252477884	9.972874249797314e-05	0.013193164952099323	0.02366890199482441	True	0.16534939408302307	0.7525133490562439	0.022338543087244034	0.02532408945262432	0.025222280994057655	0.00021814891078975052	0.003757491009309888	0.005276642274111509
9,22975E+17	Even As California Burned, Fox News Prioritized Trump's NFL Controversy	data/processed/pro_crisismmd/images/data_image/california_wildfires/24_10_2017/922975307300294656_0.jpg	not_humanitarian	not_humanitarian	True	0.800583079457283	0.7244247093331069	0.800583079457283	0.07615837012417614	0.007961586583405733	0.05124850012362003	0.04734015557914972	0.000169746692336048	0.009789906209334731	0.006748718515154906	False	True	0.8365796208381653	0.01264143455773592	0.013543474487960339	0.017594046890735626	0.07050160318613052	0.0004495261237025261	0.02213159017264843	0.02655879594385624	True	0.7885842323303223	0.09733068197965622	0.006100957281887531	0.06246665120124817	0.039619673043489456	7.64868818805553e-05	0.0056760115548968315	0.00014535937225446105
9,22978E+17	Wildfire breaks out in California's Ventura County	data/processed/pro_crisismmd/images/data_image/california_wildfires/25_10_2017/922977684728061952_0.jpg	not_humanitarian	other_relevant_information	False	0.5021818391978741	0.2813044246286154	0.2208774145692587	0.5021818391978741	0.049913649912923574	0.07410876639187336	0.04531028913334012	0.006627454710724123	0.0148269257042557	0.08615364015713567	False	True	0.08936434239149094	0.20274363458156586	0.10806303471326828	0.07403337955474854	0.10372398048639297	0.02642139047384262	0.05194646120071411	0.3437037467956543	True	0.2647151052951813	0.6019945740699768	0.030530521646142006	0.07413389533758163	0.025839058682322502	2.9476123017957434e-05	0.0024537472054362297	0.00030360461096279323
9,22984E+17	. caught tragic satellite images of devastating California wildfires	data/processed/pro_crisismmd/images/data_image/california_wildfires/25_10_2017/922984054965899264_0.jpg	other_relevant_information	other_relevant_information	True	0.7390364557504654	0.6029733074828982	0.10985976085066795	0.7390364557504654	0.002974955743411556	0.13606314826756716	0.010346118127927184	0.0002520796660974156	0.0013858597230864689	8.164584687619936e-05	False	True	0.07227171957492828	0.8733173608779907	0.0006286163115873933	0.04416782036423683	0.008074076846241951	0.0008389720460399985	0.0006393211078830063	6.20433856965974e-05	True	0.12238910794258118	0.6942761540412903	0.0037570688873529434	0.16669492423534393	0.011103465221822262	5.6448872783221304e-05	0.0016347059281542897	8.818000060273334e-05
9,23013E+17	Autumn in Southern California equals fire, either literally or metaphorically. dying	data/processed/pro_crisismmd/images/data_image/california_wildfires/25_10_2017/923013081608757253_0.jpg	not_humanitarian	other_relevant_information	False	0.5021214336156845	0.03610742837190628	0.46601400524377823	0.5021214336156845	0.0006631907672272064	0.014164834516122937	0.006337326718494296	0.0003103218073192693	0.001453593315090984	0.00893533212638431	False	True	0.4390946626663208	0.5182234048843384	0.00017708292580209672	0.001349383033812046	0.0032209274359047413	0.0012023369781672955	0.001143127796240151	0.03558911383152008	True	0.47498711943626404	0.49675410985946655	0.0008252267143689096	0.018436651676893234	0.007376126479357481	1.2983417036593892e-05	0.0015570818213745952	5.073822467238642e-05
9,2303E+17	Firefighters Quickly Contain Clifftop Brush Fire S.F:	data/processed/pro_crisismmd/images/data_image/california_wildfires/25_10_2017/923030194096656384_0.jpg	rescue_volunteering_or_donation_effort	not_humanitarian	False	0.3989740237593651	0.06562190502882004	0.3989740237593651	0.33335211873054504	0.11775517277419567	0.0683845435269177	0.028120767325162888	0.009628779500417295	0.012306195916607976	0.031478434917517006	False	True	0.4019196033477783	0.3630012571811676	0.031754471361637115	0.02340264804661274	0.0227512139827013	0.03828060254454613	0.010323856957256794	0.1085662692785263	True	0.39799216389656067	0.3234690725803375	0.14642207324504852	0.08337850868701935	0.02991061843931675	7.817181904101744e-05	0.012966975569725037	0.0057824901305139065
9,23044E+17	This song starts a fire in me. LosAngeles blink182 California 4	data/processed/pro_crisismmd/images/data_image/california_wildfires/25_10_2017/923043964063711237_0.jpg	not_humanitarian	not_humanitarian	True	0.7677064090967178	0.6424699369817972	0.7677064090967178	0.12523647211492062	0.003116771695204079	0.027914905454963446	0.03208302706480026	0.020757171565492172	0.010074537945911288	0.013110683532431722	False	True	0.6389026641845703	0.08190160244703293	0.0015181824564933777	0.044916655868291855	0.08408759534358978	0.08161832392215729	0.02060851640999317	0.04644652456045151	True	0.8106409907341003	0.13968142867088318	0.003649634774774313	0.02224765531718731	0.014748170971870422	0.0004701207799371332	0.006563211791217327	0.001998736523091793
9,23055E+17	No waifu no laifu. Use these wise words to guide you through life. And god damn can California not be on fire	data/processed/pro_crisismmd/images/data_image/california_wildfires/25_10_2017/923054562188988416_0.jpg	not_humanitarian	not_humanitarian	True	0.9810699671506882	0.9735704641971097	0.9810699671506882	0.004616320307832211	0.00019845641872962005	0.0007868526445236057	0.0021316689962986857	4.7019629256794815e-05	0.007499502953578485	0.0036502379043668043	False	True	0.9500986337661743	0.003512456314638257	0.0003376251843292266	0.0013790808152407408	0.0010426618391647935	0.00018723979883361608	0.029291650280356407	0.014150664210319519	True	0.9913937449455261	0.004984274972230196	0.00015206683019641787	0.0005894432542845607	0.002494671382009983	2.795727311877272e-07	0.00023545384465251118	0.00015009580238256603
9,2306E+17	BayArea Restaurants join Forces help North Bay Fire:	data/processed/pro_crisismmd/images/data_image/california_wildfires/25_10_2017/923060401096548357_0.jpg	not_humanitarian	not_humanitarian	True	0.6853091418743134	0.55380879342556	0.6853091418743134	0.028085548663511872	0.11817714670905843	0.030190650839358568	0.13150034844875336	5.6121570196410175e-05	0.0010338165375287645	0.00564719301473815	False	True	0.8470079898834229	0.0023461664095520973	0.001995701575651765	0.008343512192368507	0.11732281744480133	0.00019448761304374784	0.0028451168909668922	0.0199442021548748	True	0.6314095258712769	0.03666534274816513	0.15690429508686066	0.037473030388355255	0.13622619211673737	9.999555913964286e-06	0.00043004975304938853	0.000881523301359266
9,23088E+17	LosAngelesTimes | The package includes $576.5 million for California wildfire...	data/processed/pro_crisismmd/images/data_image/california_wildfires/25_10_2017/923088359089688577_0.jpg	not_humanitarian	not_humanitarian	True	0.5485264658927917	0.2125663459300995	0.5485264658927917	0.33596011996269226	0.005717158317565918	0.036732492968440056	0.018613481428474188	0.0005074043388049176	0.0026116645603906363	0.05133125641987135	False	True	0.5980035662651062	0.1410231590270996	0.007625049911439419	0.011977598071098328	0.028526784852147102	0.0019498628098517656	0.005775335244834423	0.20511862635612488	True	0.5320340991020203	0.40093910694122314	0.005081194452941418	0.0449841246008873	0.01530904695391655	2.6584848455968313e-05	0.0015571076655760407	6.87997744535096e-05
9,23117E+17	For an Endangered Animal, a Fire or Hurricane Can Mean the End Arizona California	data/processed/pro_crisismmd/images/data_image/california_wildfires/25_10_2017/923117148276477952_0.jpg	other_relevant_information	not_humanitarian	False	0.687887966632843	0.431747080758214	0.687887966632843	0.256140885874629	0.006001739879138768	0.011929050378967077	0.030561265535652637	0.0004059046054862847	0.002521789720049128	0.0045514640860346844	False	True	0.8627463579177856	0.059826694428920746	0.00666453642770648	0.0027251404244452715	0.03943509981036186	0.0016073791775852442	0.00906397681683302	0.017930814996361732	True	0.6296018362045288	0.3215789496898651	0.005780807696282864	0.014997020363807678	0.02760332077741623	5.4130814532982185e-06	0.00034106068778783083	9.168044925900176e-05
9,23166E+17	Scars Wine Country Wildfires Spotted Space (Photo:	data/processed/pro_crisismmd/images/data_image/california_wildfires/25_10_2017/923166159041695744_0.jpg	not_humanitarian	other_relevant_information	False	0.5187707021832466	0.24520996026694775	0.27356074191629887	0.5187707021832466	0.015520441171247512	0.13482112437486649	0.04446302237920463	0.00037218822762952186	0.012181565718492493	0.0003102494192717131	False	True	0.08914075046777725	0.8421486616134644	0.0007888406980782747	0.05597032606601715	0.00981984194368124	0.0012891178485006094	0.0007440916961058974	9.840090933721513e-05	True	0.3350340723991394	0.4109780490398407	0.020430974662303925	0.1611047238111496	0.05601074919104576	6.654502067249268e-05	0.015994057059288025	0.0003808655892498791
9,23175E+17	HERO ALERT! please share D8 motorcycle	data/processed/pro_crisismmd/images/data_image/california_wildfires/25_10_2017/923174685034139650_0.jpg	not_humanitarian	not_humanitarian	True	0.9249992370605469	0.9063290162011981	0.9249992370605469	0.011206885857973248	0.018670220859348774	0.015760252834297717	0.008776729344390333	0.0006495255074696615	0.013400209369137883	0.006536956294439733	False	True	0.8864877223968506	0.0011402538511902094	0.0337817557156086	0.004900096450001001	0.029822874814271927	0.0015173190040513873	0.02889380045235157	0.013456099666655064	True	0.9378364086151123	0.01456242986023426	0.013633042573928833	0.01938030496239662	0.001761347521096468	0.0003602610086090863	0.008235679008066654	0.004230575170367956
9,23185E+17	Metallica To Perform At Northern California Wildfire | | ConcertAnnouncementCharityConcert	data/processed/pro_crisismmd/images/data_image/california_wildfires/25_10_2017/923184826462507008_0.jpg	not_humanitarian	not_humanitarian	True	0.5256493985652924	0.2989387925481424	0.5256493985652924	0.22671060601714998	0.09617711789906025	0.02805006899870932	0.06425907928496599	0.0005510863165909541	0.04586132732219994	0.012741308950353414	False	True	0.5126152038574219	0.002672447357326746	0.10992666333913803	0.015207764692604542	0.1560499519109726	0.0020261958707123995	0.15797829627990723	0.04352348670363426	True	0.5299941301345825	0.30138999223709106	0.09159393608570099	0.03233083710074425	0.03366212174296379	5.938313188380562e-05	0.008489004336297512	0.002480583032593131
9,23195E+17	Metallica Headlining Benefit Concert for California Wildfire Relief songmixing	data/processed/pro_crisismmd/images/data_image/california_wildfires/25_10_2017/923195494565781505_0.jpg	not_humanitarian	not_humanitarian	True	0.48225928843021393	0.2474689814262092	0.48225928843021393	0.12039797386387363	0.23479030700400472	0.03817038075067103	0.10251436708495021	0.0008274399915535469	0.018009564373642206	0.0030306984554044902	False	True	0.9189138412475586	0.002334654564037919	0.011555003002285957	0.008730796165764332	0.009286848828196526	0.003108065575361252	0.042160969227552414	0.003909743390977383	True	0.3367077708244324	0.15975241363048553	0.30920207500457764	0.047983575612306595	0.1335902065038681	6.72314636176452e-05	0.00995909608900547	0.0027376834768801928
9,232E+17	Ashley Greene lancia il California Fire Fund	data/processed/pro_crisismmd/images/data_image/california_wildfires/25_10_2017/923200090432462855_0.jpg	not_humanitarian	not_humanitarian	True	0.688010573387146	0.5570729202590883	0.688010573387146	0.0618718636687845	0.13093765312805772	0.006439396733185276	0.06296161841601133	0.0001930525577336084	0.00677884928882122	0.04280699975788593	False	True	0.7266919612884521	0.006652689538896084	0.018056312575936317	0.0014146709581837058	0.08275321125984192	0.0005747819668613374	0.012476744130253792	0.15137958526611328	True	0.675116777420044	0.08027825504541397	0.16856476664543152	0.008114305324852467	0.05636442080140114	6.580942135769874e-05	0.004879551008343697	0.00661613792181015
9,23229E+17	California: Illegal Aliens Struggle after Wine Country Fire -	data/processed/pro_crisismmd/images/data_image/california_wildfires/25_10_2017/923228845783900163_0.jpg	not_humanitarian	not_humanitarian	True	0.536325104534626	0.22213374823331833	0.536325104534626	0.06225654360605404	0.038994147442281246	0.022032197390217334	0.3141913563013077	0.0005601450302492594	0.015534297795966268	0.010106226429343224	False	True	0.7175100445747375	0.002955044386908412	0.02343256026506424	0.0007081434596329927	0.2108878195285797	0.002010235795751214	0.015220253728330135	0.02727591246366501	True	0.4759301245212555	0.08202371001243591	0.04418134316802025	0.02914021536707878	0.34862586855888367	7.67814417486079e-05	0.01563897915184498	0.004382997751235962
9,23257E+17	Drink > De rebus californicis: California wine country wildfire upd drinks	data/processed/pro_crisismmd/images/data_image/california_wildfires/25_10_2017/923257126973313024_0.jpg	not_humanitarian	not_humanitarian	True	0.5581273436546326	0.21403005719184875	0.5581273436546326	0.3440972864627838	0.01981074918876402	0.024967894656583667	0.02682685013860464	0.0007323231475311331	0.010439951554872096	0.014997623242379632	False	True	0.5056860446929932	0.2890223264694214	0.001438405248336494	0.06007584184408188	0.07735062390565872	0.0025096808094531298	0.005045072641223669	0.05887208506464958	True	0.5756077766418457	0.3624556064605713	0.025934863835573196	0.013265245594084263	0.00998559221625328	0.00013987059355713427	0.012238244526088238	0.00037280263495631516
9,23274E+17	Thank you, Francisco Medina, for your generous support of the California Fire Foundation!	data/processed/pro_crisismmd/images/data_image/california_wildfires/25_10_2017/923273838573453312_0.jpg	rescue_volunteering_or_donation_effort	not_humanitarian	False	0.9515135586261749	0.9274936295114458	0.9515135586261749	0.006150480970973149	0.024019929114729166	0.001692445541266352	0.008836527355015278	7.5087999391598714e-06	0.0007934750465210527	0.00698608199309092	False	True	0.9106632471084595	0.0014669225784018636	0.04339317977428436	0.001005222904495895	0.014197232201695442	2.644205051183235e-05	0.0022179039660841227	0.02702978253364563	True	0.9651303291320801	0.007711667101830244	0.017562178894877434	0.001921519753523171	0.007049625739455223	1.1977164149357122e-06	0.00031866540666669607	0.00030484847957268357
9,23282E+17	Third day in a row of record-breaking temperatures brings critical fire conditions across Southern California	data/processed/pro_crisismmd/images/data_image/california_wildfires/25_10_2017/923281592054943746_0.jpg	not_humanitarian	other_relevant_information	False	0.704048752784729	0.44694127328693867	0.25710747949779034	0.704048752784729	0.006056353298845352	0.019107535044895485	0.012459672521799803	0.0001454822854611848	0.0007217629572551232	0.0003529710847942624	False	True	0.037125520408153534	0.9602624773979187	6.342898268485442e-05	0.0008426235290244222	0.0008577927947044373	0.0005479950341396034	0.00017060361278709024	0.00012962533219251782	True	0.33043479919433594	0.6186441779136658	0.008053994737565517	0.025195838883519173	0.016326965764164925	1.1311369235045277e-05	0.0009054827387444675	0.00042741966899484396
9,23289E+17	14. California - blink-182 Cynical Wildfire Misery	data/processed/pro_crisismmd/images/data_image/california_wildfires/25_10_2017/923288993147564033_0.jpg	not_humanitarian	not_humanitarian	True	0.5991640985012054	0.3344789770198986	0.5991640985012054	0.26468512148130685	0.003863565158098936	0.05753535544499755	0.03829363128170371	0.024839625315507874	0.006552109378390014	0.00506649020826444	False	True	0.7770311236381531	0.006926794070750475	0.0035863840021193027	0.013284353539347649	0.07680563628673553	0.09405211359262466	0.013727759942412376	0.014585793018341064	True	0.5398750901222229	0.3506045639514923	0.003955958876758814	0.07228568941354752	0.025456296280026436	0.001768795889802277	0.004160225857049227	0.0018933892715722322
9,2329E+17	Hell yeah, bring it on! Rain, we want you! 067 California Wildfires cawildfires	data/processed/pro_crisismmd/images/data_image/california_wildfires/25_10_2017/923289711778525184_0.jpg	not_humanitarian	other_relevant_information	False	0.47738413512706757	0.02478686533868313	0.45259726978838444	0.47738413512706757	0.035895790098948055	0.008150529931299388	0.024327049177372828	0.0005828672155985259	0.0005480644322233275	0.0005142459540365962	False	True	0.0519094243645668	0.935621976852417	8.056363003561273e-05	0.006667376961559057	0.0014329260447993875	0.002261878689751029	0.00029156531672924757	0.001734245684929192	True	0.586159884929657	0.3246381878852844	0.04783419892191887	0.008644914254546165	0.03195842355489731	2.3196724214358255e-05	0.0006335641373880208	0.00010757937707239762
9,23293E+17	1 minute video: Police help rescue cat after the California wildfires -	data/processed/pro_crisismmd/images/data_image/california_wildfires/25_10_2017/923292980068237313_0.jpg	not_humanitarian	rescue_volunteering_or_donation_effort	False	0.41503569949418306	0.21462998073548079	0.20040571875870228	0.14900968596339226	0.41503569949418306	0.049624834675341845	0.10703918151557446	0.023556214920972707	0.004877797968219966	0.05045082326978445	False	True	0.6003811359405518	0.01215161383152008	0.017848927527666092	0.020177746191620827	0.15321145951747894	0.09366236627101898	0.0035257611889392138	0.09904101490974426	True	0.06708057969808578	0.19462904334068298	0.5474312901496887	0.059440530836582184	0.09164842218160629	0.00018749780429061502	0.005328476894646883	0.03425409272313118
9,23293E+17	Another Brush Firebreaksout At HansenDam:	data/processed/pro_crisismmd/images/data_image/california_wildfires/25_10_2017/923293491932704768_0.jpg	not_humanitarian	not_humanitarian	True	0.5344528406858444	0.3256821483373642	0.5344528406858444	0.20877069234848022	0.02049172017723322	0.0874162670224905	0.04704903298988938	0.009104315925014816	0.007660013972781599	0.08505510201212019	False	True	0.1267162561416626	0.2657071053981781	0.042096737772226334	0.07528503239154816	0.09793582558631897	0.036361295729875565	0.021161753684282303	0.3347359597682953	True	0.670365035533905	0.18979188799858093	0.013290047645568848	0.09146001189947128	0.03008676879107952	1.865599006123375e-05	0.0031594340689480305	0.001828149426728487
9,23299E+17	Satellite image of the California fire aftermath from NASA	data/processed/pro_crisismmd/images/data_image/california_wildfires/25_10_2017/923298844040822785_0.jpg	other_relevant_information	other_relevant_information	True	0.9297801405191422	0.8829031907953322	0.015254277852363884	0.9297801405191422	0.001060485406924272	0.04687694972380996	0.003053438529605046	0.001303038705373183	0.0025772856242838316	9.433461491425987e-05	False	True	0.05476224049925804	0.9222666025161743	0.0001403666246915236	0.01967175491154194	0.0012766584986820817	0.0013437947491183877	0.0004353087570052594	0.0001032724030665122	True	0.002084956970065832	0.9322846531867981	0.0013671916676685214	0.055945347994565964	0.0036456985399127007	0.0012894533574581146	0.003291277913376689	9.135535219684243e-05
9,23302E+17	Small 'Island' Brush Fire Pops Anaheim Hills BurnArea:	data/processed/pro_crisismmd/images/data_image/california_wildfires/25_10_2017/923301972853211136_0.jpg	not_humanitarian	not_humanitarian	True	0.6900877207517624	0.44627502327784896	0.6900877207517624	0.24381269747391343	0.0045423610717989504	0.023635148303583264	0.027745402418076992	0.00027719345644072746	0.007317163981497288	0.0025822839816100895	False	True	0.8516594767570496	0.029059896245598793	0.009822659194469452	0.008184644393622875	0.07685752958059311	0.001022577635012567	0.013305377215147018	0.010087860748171806	True	0.63623046875	0.3153969645500183	0.00278226169757545	0.02878531627357006	0.011374693363904953	2.8732063583447598e-05	0.005321092903614044	8.042505942285061e-05
9,23324E+17	Global wine supply plummets after wildfires in California, Italy	data/processed/pro_crisismmd/images/data_image/california_wildfires/25_10_2017/923324482143518721_0.jpg	not_humanitarian	not_humanitarian	True	0.6624342799186707	0.49306985922157764	0.6624342799186707	0.169364420697093	0.038917208556085825	0.06255088711623102	0.04687468148767948	0.009504742004537547	0.004767644219100475	0.005586082157606143	False	True	0.6908011436462402	0.0793227031826973	0.06301838904619217	0.006689927075058222	0.08528615534305573	0.03785337135195732	0.014767928048968315	0.022260384634137154	True	0.6529786586761475	0.19937832653522491	0.030883481726050377	0.08117120712995529	0.034070856869220734	5.519888873095624e-05	0.0014342162758111954	2.7981332095805556e-05
9,23338E+17	Wildfires Leave California Vulnerable to Flooding,Mudslides	data/processed/pro_crisismmd/images/data_image/california_wildfires/25_10_2017/923337635468382208_0.jpg	not_humanitarian	not_humanitarian	True	0.43395208567380905	0.09347952902317047	0.43395208567380905	0.3404725566506386	0.0039678539033047855	0.17444859072566032	0.029981369618326426	0.0015218430362438085	0.0004282353838789277	0.015227471839352802	False	True	0.5490210652351379	0.25716719031333923	0.0021914637181907892	0.06908608973026276	0.055274613201618195	0.005850706249475479	0.0005305800586938858	0.06087826192378998	True	0.3955957591533661	0.36824101209640503	0.004559983965009451	0.20956942439079285	0.021550288423895836	7.888863183325157e-05	0.00039412049227394164	1.0541811207076535e-05
9,23339E+17	California Wildfires Bring Out the Best in FamilyMedicine	data/processed/pro_crisismmd/images/data_image/california_wildfires/26_10_2017/923338606470750209_0.jpg	not_humanitarian	not_humanitarian	True	0.6773702651262283	0.4950443431735039	0.6773702651262283	0.040249286583275534	0.06313894968479872	0.009418474583071657	0.18232592195272446	2.7132454079037416e-06	0.02690561953932047	0.0005887567558602314	False	True	0.3039950132369995	0.0005169041105546057	0.1587962657213211	0.000268367410171777	0.44896626472473145	4.829461431654636e-06	0.08522877097129822	0.0022236763034015894	True	0.8018286824226379	0.05349341407418251	0.03125317767262459	0.012468510307371616	0.0934458076953888	2.0078400666534435e-06	0.007464569061994553	4.378357334644534e-05
9,23344E+17	Geospatial Analysis of California Wildfires Shows What Actually Burned	data/processed/pro_crisismmd/images/data_image/california_wildfires/26_10_2017/923343614117384197_0.jpg	infrastructure_and_utility_damage	other_relevant_information	False	0.6628594696521759	0.42552108503878117	0.23733838461339474	0.6628594696521759	0.0012700140941888094	0.08626271784305573	0.010417531477287412	0.00020391069665492978	0.0015099284646566957	0.00013804486388835358	False	True	0.7392296195030212	0.153553307056427	0.0013532666489481926	0.07648684829473495	0.02658751979470253	0.000490855542011559	0.0019041977357119322	0.0003942743642255664	True	0.07004130631685257	0.8326281905174255	0.0012422632426023483	0.08952134102582932	0.005027535371482372	0.0001082624148693867	0.0013785053743049502	5.263503044261597e-05
9,23454E+17	The sky was on fire today. Goodnight California AndSoToBed goodnignt sunset california losangeles	data/processed/pro_crisismmd/images/data_image/california_wildfires/26_10_2017/923453567859433472_0.jpg	not_humanitarian	not_humanitarian	True	0.599643386900425	0.3587968898937106	0.599643386900425	0.24084649700671434	0.006087031069910154	0.09520404599606991	0.029597653541713953	0.005868311389349401	0.017100270226364955	0.005652855266816914	False	True	0.9384373426437378	0.013191986829042435	0.00028412172105163336	0.02580881118774414	0.014096347615122795	0.006290691904723644	0.0008928583702072501	0.000997920986264944	True	0.4867120683193207	0.316731333732605	0.008021334186196327	0.1183357909321785	0.03476475551724434	0.005727517884224653	0.02250274084508419	0.007204500027000904
9,23475E+17	How St. Joseph And The Blessed Virgin Mary Saved Family Home From California Wild Fire	data/processed/pro_crisismmd/images/data_image/california_wildfires/26_10_2017/923475169800200193_0.jpg	not_humanitarian	affected_individuals	False	0.7189280707389116	0.5074798371642828	0.21144823357462883	0.006461122422479093	0.021912488620728254	0.006899076804984361	0.7189280707389116	0.0007146499330090705	0.009021310455864295	0.024615143047412857	False	True	0.7390604615211487	0.014397571794688702	0.010786337777972221	0.018062647432088852	0.08364088088274002	0.0028578033670783043	0.034417010843753815	0.09677726775407791	True	0.03557749092578888	0.0038156392984092236	0.0256212055683136	0.0031778865959495306	0.9306904673576355	2.654549859926192e-07	0.0005560769932344556	0.0005611014785245061
9,23613E+17	Upheaval at California fire district as chief waits to be fired	data/processed/pro_crisismmd/images/data_image/california_wildfires/26_10_2017/923612570078064640_0.jpg	not_humanitarian	not_humanitarian	True	0.8040697872638702	0.7366938916966319	0.8040697872638702	0.05617957259528339	0.06737589556723833	0.021386257838457823	0.036090376786887646	0.0005761673132838041	0.004114620387554169	0.010207303101196885	False	True	0.8476589918136597	0.00987339299172163	0.0561988539993763	0.02276204526424408	0.02578166127204895	0.002226921496912837	0.006341435015201569	0.029156722128391266	True	0.7895400524139404	0.07161496579647064	0.07110157608985901	0.020927662029862404	0.03952661529183388	2.591591874079313e-05	0.0033723488450050354	0.0038908300921320915
9,23618E+17	This Pony Escaped The California Wildfire By Getting A Car Ride equine	data/processed/pro_crisismmd/images/data_image/california_wildfires/26_10_2017/923617957066010630_0.jpg	not_humanitarian	other_relevant_information	False	0.3932162182754837	0.21551345981424674	0.15478088706731796	0.3932162182754837	0.14810551796108484	0.02604525489732623	0.17770275846123695	0.039669935940764844	0.004840860026888549	0.05563853122293949	False	True	0.43105974793434143	0.0035989710595458746	0.017845693975687027	0.0028164181858301163	0.23601976037025452	0.14918437600135803	0.012831896543502808	0.14664307236671448	True	0.0626879334449768	0.5230886340141296	0.19152545928955078	0.033788200467824936	0.15826375782489777	0.003165122587233782	0.00217718118801713	0.025303684175014496
9,23641E+17	Severe fire weather loosens grip on Southern California	data/processed/pro_crisismmd/images/data_image/california_wildfires/26_10_2017/923641271712874497_0.jpg	other_relevant_information	other_relevant_information	True	0.6379634290933609	0.35923540592193604	0.27872802317142487	0.6379634290933609	0.006527131248731166	0.03505809837952256	0.013189546065405011	0.0005512472807822633	0.0018330642487853765	0.026149441133384244	False	True	0.3500312864780426	0.5184837579727173	0.002019644947722554	0.009422635659575462	0.010487332940101624	0.0021527528297156096	0.003162462031468749	0.10424010455608368	True	0.2549602687358856	0.6777899861335754	0.008029626682400703	0.04360325261950493	0.014090283773839474	1.7412097804481164e-05	0.0013899316545575857	0.00011921999248443171
9,2365E+17	The Windows background is on fire in California right now, believe In global warming yet lol	data/processed/pro_crisismmd/images/data_image/california_wildfires/26_10_2017/923649563746897920_0.jpg	not_humanitarian	not_humanitarian	True	0.8890552967786789	0.7939513812307268	0.8890552967786789	0.09510391554795206	0.000402092351578176	0.007796723104547709	0.004116833093576133	3.175795336574083e-05	0.00023691186652285978	0.0032564503972025705	False	True	0.964859127998352	0.013756192289292812	0.0008479175739921629	0.0024424742441624403	0.00451546348631382	9.513752593193203e-05	0.000545962480828166	0.012937717139720917	True	0.8637873530387878	0.12221982330083847	0.00025348394410684705	0.009581472724676132	0.003983956295996904	1.0631429177010432e-05	0.0001338949950877577	2.936148302978836e-05
9,23694E+17	The WildomarFire burns hundreds of acres near Lake Elsinore, California. Structures	data/processed/pro_crisismmd/images/data_image/california_wildfires/26_10_2017/923694395303477248_0.jpg	infrastructure_and_utility_damage	other_relevant_information	False	0.6825246065855026	0.503624377772212	0.1789002288132906	0.6825246065855026	0.009429067722521722	0.09774655348155648	0.018402019515633583	0.0019107817497570068	0.008418991521466523	0.00266774081683252	False	True	0.6008318066596985	0.3054628372192383	0.02448934130370617	0.006424228195101023	0.026880253106355667	0.0024169834796339273	0.02403276599943638	0.00946174468845129	True	0.03825636953115463	0.8082118630409241	0.004408976528793573	0.12818732857704163	0.015575941652059555	0.0017420478397980332	0.003214400028809905	0.0004030728596262634
9,23706E+17	California why are you on so much fire	data/processed/pro_crisismmd/images/data_image/california_wildfires/27_10_2017/923706401049911297_0.jpg	other_relevant_information	not_humanitarian	False	0.8453923240303993	0.7772632990963757	0.8453923240303993	0.06812902493402362	0.0015775017891428433	0.023940646089613438	0.037956796877551824	0.017980796368320284	0.0016597542344243266	0.0033631751590519343	False	True	0.46278783679008484	0.21814939379692078	0.005025646649301052	0.0786416307091713	0.14484426379203796	0.07192033529281616	0.0051935166120529175	0.013437365181744099	True	0.9729271531105042	0.0181222353130579	0.0004281201690901071	0.0057069845497608185	0.002327641239389777	9.50060154991661e-07	0.00048183344188146293	5.111818154546199e-06
9,23706E+17	California why are you on so much fire	data/processed/pro_crisismmd/images/data_image/california_wildfires/27_10_2017/923706401049911297_1.jpg	other_relevant_information	not_humanitarian	False	0.9220903366804123	0.8863077838905156	0.9220903366804123	0.03578255278989673	0.0006170543711050414	0.012814062647521496	0.025507519312668592	0.0007160413330353776	0.0011495961007312872	0.0013228590411245023	False	True	0.7695798873901367	0.08876350522041321	0.0011838569771498442	0.03413529694080353	0.09504715353250504	0.0028613151516765356	0.00315288407728076	0.00527610071003437	True	0.9729271531105042	0.0181222353130579	0.0004281201690901071	0.0057069845497608185	0.002327641239389777	9.50060154991661e-07	0.00048183344188146293	5.111818154546199e-06
9,23725E+17	SantaRosa Cartoonist draws comic about Fire destroyed:	data/processed/pro_crisismmd/images/data_image/california_wildfires/27_10_2017/923724752103059456_0.jpg	not_humanitarian	not_humanitarian	True	0.6099061965942383	0.3717331923544407	0.6099061965942383	0.01616261893650517	0.05265450344813871	0.0711276177316904	0.2381730042397976	8.806879486655816e-05	0.008187394123524427	0.003700631146784872	False	True	0.7177433371543884	0.0035826449748128653	0.00018329387239646167	0.048022471368312836	0.22728568315505981	0.00011704802454914898	0.000988139770925045	0.0020773790311068296	True	0.5739604830741882	0.020355943590402603	0.0701449066400528	0.0788293331861496	0.24180211126804352	7.84090516390279e-05	0.010587145574390888	0.004241715185344219
9,23744E+17	Montana fire crews back from California	data/processed/pro_crisismmd/images/data_image/california_wildfires/27_10_2017/923743588260880384_0.jpg	not_humanitarian	not_humanitarian	True	0.4520162381231785	0.21506761759519577	0.4520162381231785	0.05941371186054312	0.18413633480668068	0.007285718311322853	0.2369486205279827	1.217134388298291e-05	0.00668904057238251	0.05349812732310966	False	True	0.04847468435764313	0.0016634141793474555	0.09547002613544464	0.000990385073237121	0.6301388144493103	3.22719024552498e-05	0.013569407165050507	0.20966093242168427	True	0.5865300893783569	0.07866381108760834	0.21369177103042603	0.009384162724018097	0.10588522255420685	5.47115769222728e-06	0.004395585041493177	0.0014438589569181204
9,23879E+17	How long will heat, wildfire threat persist in California?	data/processed/pro_crisismmd/images/data_image/california_wildfires/27_10_2017/923879231175630848_0.jpg	not_humanitarian	other_relevant_information	False	0.6619697604328394	0.43881105817854404	0.22315870225429535	0.6619697604328394	0.02318628752254881	0.028123402618803084	0.030264285975135863	0.01027872555681597	0.009244150507583981	0.013774680716778676	False	True	0.4706278443336487	0.10271552950143814	0.09094435721635818	0.09106463938951492	0.11205779761075974	0.04110708087682724	0.036425523459911346	0.05505721643567085	True	0.14066898822784424	0.8483878374099731	0.0006002642912790179	0.0071429903618991375	0.002999782096594572	2.6071168122143717e-06	0.00018369285680819303	1.383547714794986e-05
901646123080830976	When we get back to SCHS after Harvey hits :	data/processed/pro_crisismmd/images/data_image/hurricane_harvey/27_8_2017/901646123080830976_0.jpg	not_humanitarian	not_humanitarian	True	0.8126017823815346	0.7255302858538926	0.8126017823815346	0.026544475462287664	0.0061715374467894435	0.08707149652764201	0.014621577458456159	0.04349246519541339	0.008991204151243437	0.0005054426292190328	False	True	0.3913278877735138	0.05815543606877327	0.005147696007043123	0.32264193892478943	0.011217019520699978	0.1739465594291687	0.035559605807065964	0.0020039137452840805	True	0.9530264139175415	0.01600748859345913	0.006512817926704884	0.008548015728592873	0.015756430104374886	7.767117494950071e-06	0.00013507026596926153	5.952257197350264e-06
901646123080830976	When we get back to SCHS after Harvey hits :	data/processed/pro_crisismmd/images/data_image/hurricane_harvey/27_8_2017/901646123080830976_2.jpg	not_humanitarian	not_humanitarian	True	0.8568830639123917	0.7699293461628258	0.8568830639123917	0.013564796070568264	0.006022566230967641	0.08695371774956584	0.015972142573446035	0.006303825796749152	0.014060682566196192	0.00023916125064715743	False	True	0.5684530138969421	0.006236718501895666	0.004551811143755913	0.32217082381248474	0.016619279980659485	0.025192001834511757	0.055837519466876984	0.0009387882309965789	True	0.9530264139175415	0.01600748859345913	0.006512817926704884	0.008548015728592873	0.015756430104374886	7.767117494950071e-06	0.00013507026596926153	5.952257197350264e-06
901646127895863296	Not always good when your city shows up on a severe weather map. 7A HurricaneHarvey ItAintOverYet	data/processed/pro_crisismmd/images/data_image/hurricane_harvey/27_8_2017/901646127895863296_0.jpg	other_relevant_information	other_relevant_information	True	0.9218643009662628	0.8471098756417632	0.07475442532449961	0.9218643009662628	0.00011119823102490045	0.0018845798913389444	0.0006853952254459728	0.00014563426520908251	0.00021370913600549102	0.00034081801004504086	False	True	0.11217807233333588	0.8822647929191589	0.00014010690210852772	0.0010313454549759626	0.002082809107378125	0.0005794070311821997	0.00039837940130382776	0.0013251102063804865	True	0.062279876321554184	0.9350641369819641	0.00010156200733035803	0.002168991370126605	0.00021959059813525528	1.0433432180434465e-06	0.00015215238090604544	1.272061126655899e-05
901646131628830721	Side by side satellite images compare the size of Hurricane Harvey to Hurricane Katrina in 2005.	data/processed/pro_crisismmd/images/data_image/hurricane_harvey/27_8_2017/901646131628830721_0.jpg	other_relevant_information	other_relevant_information	True	0.8204531595110893	0.6792045152105857	0.14124864430050366	0.8204531595110893	0.0028735018058796413	0.011838922742754221	0.0037075469153933227	0.014625013849581592	0.003858086362015456	0.0013950866705272347	False	True	0.5631094574928284	0.4262186586856842	0.0003137407184112817	0.00240933895111084	0.003752319375053048	0.0006308315205387771	0.0011387837585061789	0.002426855731755495	True	0.0006283732363954186	0.9518646597862244	0.003726755501702428	0.014982117339968681	0.0036926227621734142	0.019289741292595863	0.004764520563185215	0.0010511636501178145
901646159462227970	Let Steve Harvey nowhere near the judges scores MayweathervMcgregor	data/processed/pro_crisismmd/images/data_image/hurricane_harvey/27_8_2017/901646159462227970_0.jpg	not_humanitarian	not_humanitarian	True	0.8525342643260956	0.7996559064486064	0.8525342643260956	0.02578993351198733	0.010040652356110513	0.005166805785847828	0.0364666823297739	0.00030677032350467925	0.016816532996017486	0.05287835787748918	False	True	0.5723792314529419	0.014799962751567364	0.007153791841119528	0.001945691998116672	0.13442641496658325	0.0012089074589312077	0.06349066644906998	0.20459535717964172	True	0.9459192752838135	0.029453257098793983	0.011002939194440842	0.006240510381758213	0.00381343811750412	6.057945029169787e-06	0.0012584885116666555	0.0023060247767716646
901646457404620800	Tornado forming on Barker Cypress near Lone Star college!	data/processed/pro_crisismmd/images/data_image/hurricane_harvey/27_8_2017/901646457404620800_0.jpg	other_relevant_information	other_relevant_information	True	0.6441654600203037	0.46439857967197895	0.13976051472127438	0.6441654600203037	0.0010601009853417054	0.17976688034832478	0.017455091001465917	0.004449933068826795	0.007114175328752026	0.0062278652912937105	False	True	0.3607512414455414	0.08443637192249298	0.0007463545189239085	0.4979323744773865	0.02901141718029976	0.0020000836811959743	0.0007443748181685805	0.024377765133976936	True	0.06609693914651871	0.830741822719574	0.0011646831408143044	0.07371171563863754	0.01360298227518797	0.005266549531370401	0.009237442165613174	0.0001778986770659685
901646496004800513	Flooding in Bellaire. HurricaneHarvey	data/processed/pro_crisismmd/images/data_image/hurricane_harvey/27_8_2017/901646496004800513_0.jpg	infrastructure_and_utility_damage	not_humanitarian	False	0.5067428350448608	0.31594363995827734	0.5067428350448608	0.1907991950865835	0.029398343060165644	0.1160541009157896	0.10689662862569094	0.04360519384499639	0.0012822015887650196	0.005221561237704009	False	True	0.39241939783096313	0.012597217224538326	0.003285961225628853	0.08067799359560013	0.3313777446746826	0.15883128345012665	0.00020644710457418114	0.02060391940176487	True	0.5448506474494934	0.2501998543739319	0.038102470338344574	0.1278461366891861	0.03206958994269371	0.005196497309952974	0.0016407864168286324	9.410851635038853e-05
901646530922328064	A few showers from Harvey will be possible mid-late week in N GA. I'll have the latest on Harvey at 6AM	data/processed/pro_crisismmd/images/data_image/hurricane_harvey/27_8_2017/901646530922328064_0.jpg	other_relevant_information	other_relevant_information	True	0.7430032193660736	0.5022117011249065	0.24079151824116707	0.7430032193660736	0.005808347850688733	0.004952100454829633	0.0046759564720559865	0.00013786286535832915	0.00026962481570080854	0.0003613090739236213	False	True	0.1872994750738144	0.8083412051200867	0.0003060908638872206	0.002327196765691042	0.0008278541499748826	0.00047215522499755025	0.00012661541404668242	0.00029945169808343053	True	0.2586221992969513	0.7212238907814026	0.007642433512955904	0.005827068351209164	0.005958657246083021	2.643207881192211e-05	0.0003172946162521839	0.0003819281992036849
901646559384829953	Harvey destroyed Dairy Treet. I'm officially pissed2	data/processed/pro_crisismmd/images/data_image/hurricane_harvey/27_8_2017/901646559384829953_0.jpg	infrastructure_and_utility_damage	infrastructure_and_utility_damage	True	0.5976227223873138	0.45489014592021704	0.1427325764670968	0.09717492456547916	0.01730113523080945	0.5976227223873138	0.03189010825008154	0.10595109732821584	0.004336275393143296	0.0029911204474046826	False	True	0.051045555621385574	0.014805997721850872	0.002825617790222168	0.48159259557724	0.05482356250286102	0.3911341726779938	0.0006378954276442528	0.0031345714814960957	True	0.17329491674900055	0.12463123351335526	0.02212630771100521	0.6362994313240051	0.024245623499155045	0.010890072211623192	0.005569068714976311	0.0029433034360408783
901646614523203584	Watch CNN ignore HurricaneHarvey to keep complaining about Trump	data/processed/pro_crisismmd/images/data_image/hurricane_harvey/27_8_2017/901646614523203584_0.jpg	not_humanitarian	not_humanitarian	True	0.6986593455076218	0.49873500503599644	0.6986593455076218	0.19992434047162533	0.049003934327629395	0.010996288838214241	0.02631808165460825	0.00014215537521522492	0.0034786505857482553	0.011477166670374572	False	True	0.9255536198616028	0.01829119771718979	0.0007455789600498974	0.0006055458798073232	0.016978057101368904	0.00015527148207183927	0.0017949570901691914	0.0358758345246315	True	0.6230279207229614	0.2604687213897705	0.06509005278348923	0.01445986982434988	0.029431423172354698	0.00013778333959635347	0.0040398817509412766	0.003344277385622263
901650463224987649	Large road signs down over I-37 near Corpus. ksatwx harvey	data/processed/pro_crisismmd/images/data_image/hurricane_harvey/27_8_2017/901650463224987649_0.jpg	infrastructure_and_utility_damage	infrastructure_and_utility_damage	True	0.7525404691696167	0.6375195034779608	0.07457965612411499	0.11502096569165587	0.010301290763891302	0.7525404691696167	0.007486027665436268	0.02695616753771901	0.007572262562462129	0.00554314412875101	False	True	0.038012027740478516	0.02510913275182247	0.0005068992613814771	0.8894302248954773	0.01108353491872549	0.0322984978556633	0.00093669822672382	0.002622974803671241	True	0.08676886558532715	0.14499157667160034	0.013566087931394577	0.7069105505943298	0.006286858581006527	0.025175390765070915	0.009784117341041565	0.006516533903777599
901650508229877760	"Jason Chaffetz on ' team: ""They know how to move resources."" HurricaneHarvey"	data/processed/pro_crisismmd/images/data_image/hurricane_harvey/27_8_2017/901650508229877760_0.jpg	other_relevant_information	not_humanitarian	False	0.853467121720314	0.8024977697059512	0.853467121720314	0.05096935201436281	0.0264382166787982	0.012976562211406417	0.04124296421650797	0.004263592884711898	0.003750097137526609	0.00689207029336103	False	True	0.5438057780265808	0.17605240643024445	0.021672118455171585	0.04939661920070648	0.15139643847942352	0.01705041527748108	0.013187231495976448	0.027438927441835403	True	0.9566875696182251	0.009275000542402267	0.028026916086673737	0.0008365432149730623	0.004525139462202787	1.318753788837057e-06	0.000604385684709996	4.3117910536238924e-05
901650538433044481	Flooding begins as worst of TS Harvey's moisture moves into Houston	data/processed/pro_crisismmd/images/data_image/hurricane_harvey/27_8_2017/901650538433044481_0.jpg	other_relevant_information	not_humanitarian	False	0.5213446654379368	0.09553468599915504	0.5213446654379368	0.42580997943878174	0.008162538826582022	0.036197439942043275	0.007947784382849932	0.00012367903036647476	0.000227129259656067	0.00018677841035241727	False	True	0.13765950500965118	0.8579671382904053	0.0002875964273698628	0.002020154846832156	0.0012078667059540749	0.00020068524463567883	6.691668386338279e-05	0.000590133189689368	True	0.649239718914032	0.2817575931549072	0.010787519626319408	0.04758986830711365	0.010194423608481884	9.801029227674007e-05	0.00028053345158696175	5.2326817240100354e-05
901650545055846401	When hurricane Harvey is about to hit but you remembered you left your DVD copy of Shrek 3 at home	data/processed/pro_crisismmd/images/data_image/hurricane_harvey/27_8_2017/901650545055846401_1.jpg	not_humanitarian	not_humanitarian	True	0.6201538890600204	0.4662706586532295	0.6201538890600204	0.15388323040679097	0.009286363376304507	0.02915025083348155	0.1466560906264931	0.006728559186740313	0.008356173057109118	0.025785464327782393	False	True	0.9102937579154968	0.024820687249302864	0.004294087179005146	0.01566149853169918	0.0051412517204880714	0.026130927726626396	0.0033477358520030975	0.010310100391507149	True	0.5234405994415283	0.19690407812595367	0.010950455442070961	0.03364650160074234	0.19382770359516144	0.0002611030067782849	0.01002565212547779	0.030943918973207474
901650824530669568	Harvey still causing damage and flooding	data/processed/pro_crisismmd/images/data_image/hurricane_harvey/27_8_2017/901650824530669568_1.jpg	infrastructure_and_utility_damage	not_humanitarian	False	0.5255013331770897	0.21773722022771835	0.5255013331770897	0.11184089770540595	0.01619868411216885	0.30776411294937134	0.0351583338342607	0.0022965839598327875	0.0007665196681045927	0.00047358109259221237	False	True	0.49987611174583435	0.029110601171851158	0.0039023947902023792	0.3684786856174469	0.08830240368843079	0.008299100212752819	0.0003428372729104012	0.001687884097918868	True	0.5340430736541748	0.13941766321659088	0.020297447219491005	0.2875259220600128	0.017443643882870674	0.00029574520885944366	0.0009077471331693232	6.881342414999381e-05
901650892491026432	Border Patrol Says Texas Checkpoints To Remain Open During HurricaneHarvey	data/processed/pro_crisismmd/images/data_image/hurricane_harvey/27_8_2017/901650892491026432_0.jpg	other_relevant_information	not_humanitarian	False	0.3415747098624706	0.038489583879709244	0.3415747098624706	0.3030851259827614	0.25041485161636956	0.039326663594692945	0.05700606358004734	0.00027058154955739155	0.003468488808721304	0.004853529448155314	False	True	0.6835010051727295	0.3016868233680725	0.001952095073647797	0.007597124204039574	0.0028081710916012526	0.00030039416742511094	0.0004070601426064968	0.001747296890243888	True	0.22759927809238434	0.30355122685432434	0.3332357704639435	0.049903176724910736	0.0750720277428627	0.00026064401026815176	0.004488965030759573	0.005888940300792456
901655045355208704	Our home is destroyed, fulton HurricaneHarvey nowheretogohometo	data/processed/pro_crisismmd/images/data_image/hurricane_harvey/27_8_2017/901655045355208704_0.jpg	infrastructure_and_utility_damage	not_humanitarian	False	0.4708904419094324	0.10453344322741032	0.4708904419094324	0.013227659277617931	0.0021270147408358753	0.3663569986820221	0.1398262307047844	0.0049583088266444975	0.002510778431314975	0.00010254245898977388	False	True	0.10592291504144669	0.007700263522565365	0.0016264165751636028	0.8283527493476868	0.02898678183555603	0.019687648862600327	0.0075346664525568485	0.00018852902576327324	True	0.592546284198761	0.01507012452930212	0.002293880796059966	0.21235841512680054	0.17677271366119385	4.85288146592211e-05	0.0008361490909010172	7.388027006527409e-05
901655072131731456	8/26/18 10 pm CDT T.S. Harvey , Torrential Rains Will Continue TXwx	data/processed/pro_crisismmd/images/data_image/hurricane_harvey/27_8_2017/901655072131731456_0.jpg	other_relevant_information	other_relevant_information	True	0.7029278427362442	0.4213611111044884	0.28156673163175583	0.7029278427362442	0.006227749334357213	0.006833548424765468	0.0020922748371958733	4.653859377867775e-05	0.00011128076221211813	0.00019401940699026454	False	True	0.2621780037879944	0.7328831553459167	0.00028433717670850456	0.001223045401275158	0.002836161060258746	8.465645805699751e-05	9.133585990639403e-05	0.0004192571504972875	True	0.28802964091300964	0.69294273853302	0.008208886720240116	0.008703716099262238	0.0018443127628415823	3.383263901923783e-05	0.00011792906298069283	0.00011894015915459022
901655097293377536	Rockport, TX damage via . Feeling for those folks HurricaneHarvey khou11	data/processed/pro_crisismmd/images/data_image/hurricane_harvey/27_8_2017/901655097293377536_1.jpg	infrastructure_and_utility_damage	affected_individuals	False	0.5018209666013718	0.34284514747560024	0.14269829634577036	0.02650622045621276	0.058245688676834106	0.15897581912577152	0.5018209666013718	0.03208357153926045	0.06799924880033359	0.011670172912999988	False	True	0.38375458121299744	0.06835474818944931	0.0060245320200920105	0.30835577845573425	0.2034035325050354	0.006012479308992624	0.002773372223600745	0.021320989355444908	True	0.062346201390028	0.012556711211800575	0.07565274089574814	0.10918249934911728	0.6012934446334839	0.04077393561601639	0.08974120765924454	0.00845323409885168
901655097293377536	Rockport, TX damage via . Feeling for those folks HurricaneHarvey khou11	data/processed/pro_crisismmd/images/data_image/hurricane_harvey/27_8_2017/901655097293377536_2.jpg	infrastructure_and_utility_damage	affected_individuals	False	0.5161249116063118	0.3897574311122298	0.12636748049408197	0.01112969545647502	0.07664553634822369	0.1030203364789486	0.5161249116063118	0.08791943825781345	0.07209609681740403	0.00669647436006926	False	True	0.3184313178062439	0.006848648190498352	0.07962392270565033	0.08453384786844254	0.26061931252479553	0.22935594618320465	0.019160764291882515	0.0014261951437219977	True	0.062346201390028	0.012556711211800575	0.07565274089574814	0.10918249934911728	0.6012934446334839	0.04077393561601639	0.08974120765924454	0.00845323409885168
901655097293377536	Rockport, TX damage via . Feeling for those folks HurricaneHarvey khou11	data/processed/pro_crisismmd/images/data_image/hurricane_harvey/27_8_2017/901655097293377536_3.jpg	infrastructure_and_utility_damage	affected_individuals	False	0.45370023627765477	0.24331343290396035	0.07114362437278032	0.014420382212847471	0.05724672949872911	0.1181150209158659	0.45370023627765477	0.21038680337369442	0.0683694394538179	0.006617740116780624	False	True	0.09753589332103729	0.02001139521598816	0.0020286953076720238	0.14491258561611176	0.010920611210167408	0.7192254066467285	0.004254134837538004	0.001111258170567453	True	0.062346201390028	0.012556711211800575	0.07565274089574814	0.10918249934911728	0.6012934446334839	0.04077393561601639	0.08974120765924454	0.00845323409885168
901659110713704449	Tropical Storm HarveyGraphics	data/processed/pro_crisismmd/images/data_image/hurricane_harvey/27_8_2017/901659110713704449_0.jpg	other_relevant_information	not_humanitarian	False	0.6052673161029816	0.2605750821530819	0.6052673161029816	0.3446922339498997	0.0256498604612716	0.010253015090711415	0.012125784429372288	3.613512694755627e-05	0.00048557447371422313	0.001490065687448805	False	True	0.13811081647872925	0.8539794087409973	0.00023135899391490966	0.0008583324961364269	0.0007105037220753729	0.00010708961053751409	0.00010999727237503976	0.00589253893122077	True	0.7609861493110657	0.17492984235286713	0.03412269428372383	0.013384575955569744	0.01593087799847126	1.2483632417570334e-05	0.0006107668741606176	2.2574606191483326e-05
901659323616591872	Eye of the storm: 'Hurricane Hunters' fly through the center of Harvey	data/processed/pro_crisismmd/images/data_image/hurricane_harvey/27_8_2017/901659323616591872_0.jpg	other_relevant_information	other_relevant_information	True	0.38930419832468033	0.11124817817471921	0.1713935313746333	0.38930419832468033	0.2780560201499611	0.020115307299420238	0.09010971523821354	0.0001653477565923822	0.023456153052393347	0.02739971101982519	False	True	0.6235857605934143	0.14922845363616943	0.010726132430136204	0.012239421717822552	0.09271003305912018	0.0005104065057821572	0.0029655920807272196	0.10803421586751938	True	0.020662788301706314	0.46932944655418396	0.3671659827232361	0.022740602493286133	0.08924294263124466	5.032817352912389e-05	0.030286340042948723	0.0005215427372604609
901663058388504576	Flooding in Houston. North Braeswood @ Mullins. Almost 30 inches height. Harvey	data/processed/pro_crisismmd/images/data_image/hurricane_harvey/27_8_2017/901663058388504576_0.jpg	infrastructure_and_utility_damage	not_humanitarian	False	0.41999372094869614	0.0002470049075782299	0.41999372094869614	0.4197467160411179	0.01636724337004125	0.11415040865540504	0.021749431733042	0.005923083459492773	0.001597543141542701	0.0004718662457889877	False	True	0.8408517837524414	0.030815916135907173	0.0008012494072318077	0.07847730815410614	0.033485595136880875	0.014733375050127506	0.00013562086678575724	0.0006991874543018639	True	0.2797077000141144	0.5493903160095215	0.021555908024311066	0.126041442155838	0.01783737726509571	0.0029863195959478617	0.0020848505664616823	0.000396092509618029
901663058388504576	Flooding in Houston. North Braeswood @ Mullins. Almost 30 inches height. Harvey	data/processed/pro_crisismmd/images/data_image/hurricane_harvey/27_8_2017/901663058388504576_2.jpg	infrastructure_and_utility_damage	other_relevant_information	False	0.4169308990240097	0.06486514955759048	0.3520657494664192	0.4169308990240097	0.017754920409061015	0.15184947848320007	0.047270634677261114	0.011794947262387723	0.0017935533687705174	0.0005398246794356965	False	True	0.5691398978233337	0.019552648067474365	0.006351957563310862	0.22927358746528625	0.13557040691375732	0.038220830261707306	0.0009196617756970227	0.0009710211888886988	True	0.2797077000141144	0.5493903160095215	0.021555908024311066	0.126041442155838	0.01783737726509571	0.0029863195959478617	0.0020848505664616823	0.000396092509618029
901663079993417728	As the entire South braces for Harvey's impact, New Orleans residents remember past storms as drainage pumps fail.	data/processed/pro_crisismmd/images/data_image/hurricane_harvey/27_8_2017/901663079993417728_0.jpg	other_relevant_information	not_humanitarian	False	0.7924048006534576	0.672690930776298	0.7924048006534576	0.1197138698771596	0.004888462659437209	0.05493908352218568	0.025161213241517544	7.246667519211769e-05	0.0006855738756712526	0.0021344813612813596	False	True	0.6731676459312439	0.3040124773979187	0.0019527843687683344	0.0029246797785162926	0.009020090103149414	0.00021715386537835002	0.0006063270848244429	0.008098768070340157	True	0.8321505188941956	0.05828100070357323	0.005867022089660168	0.07227721810340881	0.030541587620973587	2.4237611796706915e-05	0.0007119894726201892	0.0001463857915950939
901663546701905920	The little town of Rockport has suffered severe damage from HurricaneHarvey.	data/processed/pro_crisismmd/images/data_image/hurricane_harvey/27_8_2017/901663546701905920_0.jpg	infrastructure_and_utility_damage	infrastructure_and_utility_damage	True	0.7497310191392899	0.6144223639275879	0.135308655211702	0.024648659862577915	0.003191601048456505	0.7497310191392899	0.06300612911581993	0.021873926860280335	0.0019507580873323604	0.0002892241100198589	False	True	0.515460193157196	0.01624128967523575	0.0018610655097290874	0.1917046308517456	0.18686722218990326	0.08086471259593964	0.006033441983163357	0.0009674602770246565	True	0.008591475896537304	0.02745111659169197	0.0036351128946989775	0.9357398152351379	0.02171909809112549	0.002210331615060568	0.000589863455388695	6.314538768492639e-05
901663546701905920	The little town of Rockport has suffered severe damage from HurricaneHarvey.	data/processed/pro_crisismmd/images/data_image/hurricane_harvey/27_8_2017/901663546701905920_1.jpg	infrastructure_and_utility_damage	infrastructure_and_utility_damage	True	0.734877947717905	0.5400786735117435	0.02994916052557528	0.02171435090713203	0.007236891950014979	0.734877947717905	0.1947992742061615	0.007509636343456805	0.0032750124082667753	0.0006377049794537015	False	True	0.09402221441268921	0.004504053853452206	0.018042229115962982	0.13229234516620636	0.7140398025512695	0.023407550528645515	0.011330459266901016	0.002361383754760027	True	0.008591475896537304	0.02745111659169197	0.0036351128946989775	0.9357398152351379	0.02171909809112549	0.002210331615060568	0.000589863455388695	6.314538768492639e-05
901663873580896256	Tornado warning has been issued for Pasadena, Texas. TXwx Harvey	data/processed/pro_crisismmd/images/data_image/hurricane_harvey/27_8_2017/901663873580896256_0.jpg	other_relevant_information	other_relevant_information	True	0.7022976726293564	0.42756493389606476	0.2747327387332916	0.7022976726293564	0.003153399697112036	0.017409035528544337	0.0014916995114617748	7.754782564006746e-05	0.0005086336841486627	0.0003292106921435334	False	True	0.08645078539848328	0.9107467532157898	5.9917634644079953e-05	0.0019809568766504526	0.00011144216841785237	0.00022150666336528957	6.345581641653553e-05	0.000365129963029176	True	0.3374933898448944	0.6328146457672119	0.004184560384601355	0.022551728412508965	0.0019517852924764156	2.9561546398326755e-05	0.0006570263067260385	0.00031723760184831917
901663904266321920	Breaking: Tornado warning has been cancelled. Houston may see some tornadoes overnight tonight. Harvey	data/processed/pro_crisismmd/images/data_image/hurricane_harvey/27_8_2017/901663904266321920_0.jpg	other_relevant_information	other_relevant_information	True	0.7649692445993423	0.5523854531347752	0.21258379146456718	0.7649692445993423	0.003863384931719338	0.013362683937884867	0.004543227511021541	0.00012179901204945054	0.0003841980596916983	0.0001716422375466209	False	True	0.01321093738079071	0.9838924407958984	4.6967466914793476e-05	0.001976294908672571	0.00020650595251936466	0.0004649380571208894	4.2072068026755005e-05	0.00015976699069142342	True	0.2790414094924927	0.691994845867157	0.005135524086654186	0.0171581469476223	0.0059888013638556	7.41933035897091e-06	0.000498240056913346	0.00017560065316502005
901666925641654277	Scott Fisher Says: HARVEY UPDATE. Austin Texas Weather.	data/processed/pro_crisismmd/images/data_image/hurricane_harvey/27_8_2017/901666925641654277_0.jpg	other_relevant_information	not_humanitarian	False	0.5098446868360043	0.06822426989674568	0.5098446868360043	0.4416204169392586	0.018660165456822142	0.011383167322492227	0.005045219528255984	0.00044461000652518123	0.0010563117612036876	0.011945391554036178	False	True	0.1587630957365036	0.7920958399772644	0.0002853464102372527	0.0014241220196709037	0.0014393393648788333	0.00036455903318710625	0.00043338476098142564	0.04519426077604294	True	0.6268718838691711	0.32479527592658997	0.024785105139017105	0.014702849090099335	0.0062471795827150345	0.00047129366430453956	0.0012639540946111083	0.0008624351467005908
901666927067758592	TORNADO WARNING: Pasadena toward Channelview. Seek Shelter! KPRC2	data/processed/pro_crisismmd/images/data_image/hurricane_harvey/27_8_2017/901666927067758592_0.jpg	other_relevant_information	other_relevant_information	True	0.7762919068336487	0.6754719316959381	0.10081997513771057	0.7762919068336487	0.011071186262597621	0.0862666685716249	0.02063745755731361	0.00024434317310806364	0.0015818311485418235	0.0030866016168147326	False	True	0.027852535247802734	0.9679790139198303	3.359366746735759e-05	0.0011539238039404154	0.00015107847866602242	0.0004487292026169598	5.6824228522600606e-05	0.002324264030903578	True	0.12514245510101318	0.7123962044715881	0.014750383794307709	0.1146375834941864	0.027466250583529472	0.00017621449660509825	0.002090166788548231	0.003340714145451784
901666943744315396	CNN: Houston area copes with flooding as Harvey delivers pounding rainfall	data/processed/pro_crisismmd/images/data_image/hurricane_harvey/27_8_2017/901666943744315396_0.jpg	other_relevant_information	other_relevant_information	True	0.4628726616501808	0.2657131579471752	0.17055680230259895	0.4628726616501808	0.1971595037030056	0.06763593363575637	0.07903474802151322	0.011978988004557323	0.005218030128162354	0.00554334931075573	False	True	0.4095628261566162	0.5632836818695068	0.00260745408013463	0.006369146518409252	0.013545425608754158	0.0004134548071306199	0.0010832727421075106	0.003134661354124546	True	0.0908881276845932	0.42940232157707214	0.2620101869106293	0.08805819600820541	0.10086452215909958	0.01583416573703289	0.0065962825901806355	0.0063462452962994576
901667661331005440	>Sees flooding outside >Hmm I wonder if Whataburger is still open >Y'all are ridiculous HurricaneHarvey	data/processed/pro_crisismmd/images/data_image/hurricane_harvey/27_8_2017/901667661331005440_0.jpg	not_humanitarian	other_relevant_information	False	0.46666189725510776	0.06528141046874225	0.4013804867863655	0.46666189725510776	0.046182602978660725	0.025510850071441382	0.0419686654349789	0.0044091095915064216	0.005580878867476713	0.008305509341880679	False	True	0.9633089303970337	0.0110769746825099	0.00033981859451159835	0.0018653857987374067	0.0002602911554276943	0.002896435558795929	0.0004243056464474648	0.01982775889337063	True	0.21407100558280945	0.6185235381126404	0.061463531106710434	0.03339267149567604	0.05587145686149597	0.004913334269076586	0.007299736607819796	0.004464759491384029
901667661331005440	>Sees flooding outside >Hmm I wonder if Whataburger is still open >Y'all are ridiculous HurricaneHarvey	data/processed/pro_crisismmd/images/data_image/hurricane_harvey/27_8_2017/901667661331005440_1.jpg	not_humanitarian	other_relevant_information	False	0.48456318117678165	0.10475158877670765	0.379811592400074	0.48456318117678165	0.04657438368303701	0.026035409420728683	0.042253661318682134	0.004072048934176564	0.005651841187500395	0.01103789103217423	False	True	0.8770333528518677	0.08268211036920547	0.0019069414120167494	0.003963623195886612	0.0014002746902406216	0.0015481929294764996	0.0007081549265421927	0.03075728565454483	True	0.21407100558280945	0.6185235381126404	0.061463531106710434	0.03339267149567604	0.05587145686149597	0.004913334269076586	0.007299736607819796	0.004464759491384029
901667661331005440	>Sees flooding outside >Hmm I wonder if Whataburger is still open >Y'all are ridiculous HurricaneHarvey	data/processed/pro_crisismmd/images/data_image/hurricane_harvey/27_8_2017/901667661331005440_2.jpg	not_humanitarian	other_relevant_information	False	0.4682127949781716	0.09899346949532628	0.3692193254828453	0.4682127949781716	0.04887028061784804	0.02551345160463825	0.06971093267202377	0.003712240111781284	0.006879920139908791	0.007881084689870477	False	True	0.8346642851829529	0.017280565574765205	0.011090529151260853	0.0018757919315248728	0.11122936010360718	0.00010895763989537954	0.0056204707361757755	0.01813006028532982	True	0.21407100558280945	0.6185235381126404	0.061463531106710434	0.03339267149567604	0.05587145686149597	0.004913334269076586	0.007299736607819796	0.004464759491384029
901667661331005440	>Sees flooding outside >Hmm I wonder if Whataburger is still open >Y'all are ridiculous HurricaneHarvey	data/processed/pro_crisismmd/images/data_image/hurricane_harvey/27_8_2017/901667661331005440_3.jpg	not_humanitarian	other_relevant_information	False	0.47755483351647854	0.11308018676936626	0.3644746467471123	0.47755483351647854	0.04738692904356867	0.025845650234259665	0.046898606698960066	0.003924693242879584	0.010469611617736518	0.023445063503459096	False	True	0.8156855702400208	0.05464871972799301	0.005157122854143381	0.003204586450010538	0.01998005621135235	0.0009587701642885804	0.019979236647486687	0.0803859755396843	True	0.21407100558280945	0.6185235381126404	0.061463531106710434	0.03339267149567604	0.05587145686149597	0.004913334269076586	0.007299736607819796	0.004464759491384029
901667676216578049	Radar is estimating a FOOT of rainfall in South Houston! Extreme flash flooding underway!! Harvey	data/processed/pro_crisismmd/images/data_image/hurricane_harvey/27_8_2017/901667676216578049_0.jpg	other_relevant_information	other_relevant_information	True	0.8763958215713501	0.7751702759414911	0.10122554562985897	0.8763958215713501	0.009756609972100705	0.009998938097851351	0.0015258028051903239	4.4261786570132244e-05	0.0007292992777365725	0.00032370346525567584	False	True	0.05083675682544708	0.9469153881072998	0.0001425005029886961	0.0015961864264681935	9.128767851507291e-05	4.026201713713817e-05	0.00015390208864118904	0.00022365771292243153	True	0.11802180856466293	0.8528892993927002	0.012961313128471375	0.012799855321645737	0.002003974514082074	4.5595043047796935e-05	0.000921098340768367	0.0003570520493667573
901667917661646852	Hurricane Harvey wind map Sat midnight	data/processed/pro_crisismmd/images/data_image/hurricane_harvey/27_8_2017/901667917661646852_0.jpg	other_relevant_information	other_relevant_information	True	0.9559412747621536	0.9231420322321355	0.03279924253001809	0.9559412747621536	0.004770552712216158	0.0031300855916924775	0.001223714993102476	0.00020314810717536602	0.0012876556429546326	0.0006443122729251627	False	True	0.09443555772304535	0.8976234793663025	3.710611053975299e-05	0.00591120682656765	0.0011723925126716495	0.0004969346919097006	0.00018388812895864248	0.000139475756441243	True	0.012253804132342339	0.975380539894104	0.0063483682461082935	0.00220304518006742	0.0012408224865794182	0.00010521924559725448	0.0016555781476199627	0.0008125911117531359
901671382542626816	Update: Santa Paula-trained dogs search for victims after Hurricane Harvey hits Texascoast	data/processed/pro_crisismmd/images/data_image/hurricane_harvey/27_8_2017/901671382542626816_0.jpg	rescue_volunteering_or_donation_effort	rescue_volunteering_or_donation_effort	True	0.6908332630991936	0.5378670860081911	0.15296617709100246	0.017792427679523826	0.6908332630991936	0.06652150850277394	0.04269484197720885	0.0006725615764935355	0.023497840738855302	0.005021366290748119	False	True	0.36770686507225037	0.01417893823236227	0.1403506100177765	0.2611468732357025	0.12636815011501312	0.0026603960432112217	0.07473817467689514	0.012849954888224602	True	0.08138594776391983	0.01899692416191101	0.8743274807929993	0.0016463869251310825	0.01480373926460743	9.950087587640155e-06	0.006417729426175356	0.0024118367582559586
901671503435063296	First light reveals heavy damage in Rockport, TX. hurricaneharvey.	data/processed/pro_crisismmd/images/data_image/hurricane_harvey/27_8_2017/901671503435063296_0.jpg	infrastructure_and_utility_damage	infrastructure_and_utility_damage	True	0.6425946429371834	0.5086986720561981	0.08378791389986873	0.020246326457709074	0.014180107740685344	0.6425946429371834	0.0983897503465414	0.13389597088098526	0.006321529159322381	0.0005837970820721239	False	True	0.2858583927154541	0.019453464075922966	0.024563591927289963	0.17137989401817322	0.2801254987716675	0.2099820375442505	0.0069875894114375114	0.0016494871815666556	True	0.016431087628006935	0.020510613918304443	0.01071894634515047	0.7996662259101868	0.037811167538166046	0.10853394865989685	0.006099509075284004	0.00022856704890727997
901671567192678400	ME: I wonder whats on the internet today 2 Minutes Later: hurricane Harvey	data/processed/pro_crisismmd/images/data_image/hurricane_harvey/27_8_2017/901671567192678400_0.jpg	other_relevant_information	not_humanitarian	False	0.5593379512429237	0.15946393460035324	0.5593379512429237	0.3998740166425705	0.0033912626677192748	0.006630078860325739	0.0074632964096963406	6.872028188809054e-05	0.010561409260844812	0.012673233984969556	False	True	0.7574183940887451	0.17940354347229004	0.0016976629849523306	0.0017383861122652888	0.01494678109884262	0.0001495911565143615	0.0007709407946094871	0.04387463629245758	True	0.4933111369609833	0.4733641743659973	0.003955795895308256	0.008260643109679222	0.004968801513314247	4.176332367933355e-05	0.01382489874958992	0.002272766549140215
901671631549906946	Texas Faces Floods After Hurricane Harvey Wreaks Havoc	data/processed/pro_crisismmd/images/data_image/hurricane_harvey/27_8_2017/901671631549906946_0.jpg	infrastructure_and_utility_damage	not_humanitarian	False	0.41525550931692123	0.21703579276800156	0.41525550931692123	0.11817111168056726	0.14048340497538447	0.19821971654891968	0.112089142203331	0.010815269997692667	0.004616151592927054	0.0003497037250781432	False	True	0.4801468849182129	0.05043375864624977	0.02777169458568096	0.24653340876102448	0.15214650332927704	0.040667835623025894	0.0013049995759502053	0.0009949362138286233	True	0.39362505078315735	0.1407502293586731	0.17805397510528564	0.18211515247821808	0.09873668849468231	0.0008644147892482579	0.005719868931919336	0.00013462622882798314
901671648935469058	Harvey is now a tropical storm with sustained winds of 70 mph	data/processed/pro_crisismmd/images/data_image/hurricane_harvey/27_8_2017/901671648935469058_0.jpg	other_relevant_information	other_relevant_information	True	0.7468163967132568	0.547532819211483	0.19928357750177383	0.7468163967132568	0.009578623925335705	0.029968706076033413	0.012366247829049826	0.00022981028632784728	0.0012428785194060765	0.0005137741318321787	False	True	0.4146014153957367	0.564671516418457	0.0023359390906989574	0.007747591007500887	0.008347651921212673	0.0005976163665764034	0.0003831984649877995	0.001315122819505632	True	0.12751096487045288	0.8075313568115234	0.011992852203547955	0.03737574443221092	0.013705779798328876	0.00010720825957832858	0.0015294385375455022	0.00024665790260769427
901671714668527616	Harvey now classified as a tropical storm.	data/processed/pro_crisismmd/images/data_image/hurricane_harvey/27_8_2017/901671714668527616_0.jpg	other_relevant_information	not_humanitarian	False	0.7319183945655823	0.4954663813114166	0.7319183945655823	0.23645201325416565	0.00957255024695769	0.011657270602881908	0.007799963699653745	5.9397302493380266e-05	0.00043675500637618825	0.002103594692016486	False	True	0.6731676459312439	0.3040124773979187	0.0019527843687683344	0.0029246797785162926	0.009020090103149414	0.00021715386537835002	0.0006063270848244429	0.008098768070340157	True	0.7515019774436951	0.2139318585395813	0.012112472206354141	0.01456813421100378	0.007393254898488522	6.811781531723682e-06	0.00038023098022677004	0.00010520356590859592
901675204837068800	Looks like it's gonna be rain 'til Wednesday. Lots. Of. Rain. 7 HurricaneHarvey	data/processed/pro_crisismmd/images/data_image/hurricane_harvey/27_8_2017/901675204837068800_0.jpg	other_relevant_information	not_humanitarian	False	0.6712534055113792	0.3521474227309227	0.6712534055113792	0.31910598278045654	0.0012119976854592096	0.003858685144223273	0.002085901563987136	0.0019105219409993879	0.00021121053941897117	0.0003623231814344763	False	True	0.24429872632026672	0.7356029748916626	0.00014481406833510846	0.007535896264016628	0.0033055662643164396	0.007603857666254044	0.00017853250028565526	0.001329563558101654	True	0.8135716319084167	0.1802736520767212	0.00156772555783391	0.0026329481042921543	0.001679346663877368	1.2743365914502647e-05	0.00022210321913007647	3.9909722545417026e-05
901675335292514304	A letter from Bishops Reed and Brooke-Davidson re: Hurricane Harvey	data/processed/pro_crisismmd/images/data_image/hurricane_harvey/27_8_2017/901675335292514304_0.jpg	other_relevant_information	not_humanitarian	False	0.40399145893752575	0.15695397835224867	0.40399145893752575	0.24703748058527708	0.2247198059776565	0.014614015992265195	0.1080029959557578	5.048923958383966e-05	0.0007192617704276927	0.0008644735862617381	False	True	0.08415626734495163	0.9114239811897278	0.0002210973179899156	0.0010356965940445662	0.0005250643007457256	0.00013964661047793925	8.650231757201254e-05	0.0024116775020956993	True	0.5106031894683838	0.025575313717126846	0.29955270886421204	0.019140122458338737	0.14382897317409515	2.0770115952473134e-05	0.0009301815880462527	0.0003487389476504177
901675387930980352	Damage to Virginia on the Bay Restaurant. We ate here in 2012. harvey hurricaneharvey PortAransasTX damaged	data/processed/pro_crisismmd/images/data_image/hurricane_harvey/27_8_2017/901675387930980352_0.jpg	infrastructure_and_utility_damage	infrastructure_and_utility_damage	True	0.5825716182589531	0.39292097464203835	0.18965064361691475	0.04461847152560949	0.001480103426729329	0.5825716182589531	0.023670272843446583	0.15505715180188417	0.002153060748241842	0.0007986876735230908	False	True	0.6631184816360474	0.03585198149085045	0.003451501252129674	0.1701047122478485	0.08315318822860718	0.03935118392109871	0.002562994137406349	0.002405951963737607	True	0.031828030943870544	0.047540634870529175	0.0008229708182625473	0.7200605869293213	0.003842634381726384	0.193625807762146	0.002016416285187006	0.00026293291011825204
901675686062166016	Demi did her thing on the anthem though MayweathervMcgregor MayweatherVsMcGregor HurricaneHarvey	data/processed/pro_crisismmd/images/data_image/hurricane_harvey/27_8_2017/901675686062166016_0.jpg	not_humanitarian	not_humanitarian	True	0.6389091461896896	0.5058834757655859	0.6389091461896896	0.07474911987083033	0.06470439076656476	0.007578025688417256	0.13302567042410374	0.00036964390164939687	0.01599319139495492	0.06467084726318717	False	True	0.7030623555183411	0.002428249688819051	0.003202686319127679	0.0049242847599089146	0.06417008489370346	0.0013147784629836679	0.012099267914891243	0.20879827439785004	True	0.6175247430801392	0.09885607659816742	0.08520495891571045	0.008462605997920036	0.1559775322675705	5.459904787130654e-05	0.01729116588830948	0.01662837155163288
901679854273400832	OMG thats it! Thats the tornado 1	data/processed/pro_crisismmd/images/data_image/hurricane_harvey/27_8_2017/901679854273400832_0.jpg	other_relevant_information	not_humanitarian	False	0.7747653424739838	0.649935582652688	0.7747653424739838	0.12482975982129574	0.0035942124959547073	0.07907064445316792	0.009193151607178152	0.00018841682685888372	0.0023178965857368894	0.006040653127456608	False	True	0.6544613838195801	0.18357089161872864	0.0015128959203138947	0.1200115978717804	0.015411858446896076	0.00048626045463606715	0.0004768835206050426	0.02406824193894863	True	0.8148666620254517	0.10524938255548477	0.004287984687834978	0.06542365998029709	0.007120249327272177	8.913561759982258e-05	0.002931567607447505	3.145685695926659e-05
901680299297431552	Harvey visits Texas	data/processed/pro_crisismmd/images/data_image/hurricane_harvey/27_8_2017/901680299297431552_0.jpg	not_humanitarian	not_humanitarian	True	0.7752284109592438	0.7196505796164274	0.7752284109592438	0.04470675438642502	0.05557783134281635	0.022009134852851275	0.052243320271372795	7.759707477816846e-05	0.002741886128205806	0.04741509078303352	False	True	0.723473310470581	0.020878367125988007	0.0035126730799674988	0.0004803020565304905	0.0632808730006218	9.944238263415173e-05	0.0011538956314325333	0.18712115287780762	True	0.7924801111221313	0.05264955013990402	0.0729328840970993	0.02918541245162487	0.048564136028289795	7.031530549284071e-05	0.003271216293796897	0.0008464034181088209
901684002544910336	This is where one of the best computer models predicts Harvey will be....six days from now.	data/processed/pro_crisismmd/images/data_image/hurricane_harvey/27_8_2017/901684002544910336_0.jpg	other_relevant_information	not_humanitarian	False	0.5522080883383751	0.1186797171831131	0.5522080883383751	0.433528371155262	0.00017972536625165958	0.011867815628647804	0.0009912991808960214	2.648880831657152e-05	0.00026169454758928623	0.0009365174337290227	False	True	0.11023285984992981	0.8861637711524963	0.00046368956100195646	0.0014124810695648193	0.0011934482026845217	8.577671542298049e-05	3.5939003282692283e-05	0.00041202560532838106	True	0.6995331645011902	0.2826499044895172	8.507063466822729e-05	0.015352927148342133	0.000923916173633188	6.7261726144352e-06	0.0003369463956914842	0.0011113480431959033
901688090493939716	Steve Harvey was my favorite person to watching during the fight hands down McGregorVsMayweather	data/processed/pro_crisismmd/images/data_image/hurricane_harvey/27_8_2017/901688090493939716_0.jpg	not_humanitarian	not_humanitarian	True	0.7237934321165085	0.6104286704212427	0.7237934321165085	0.04502261051675305	0.060936236404813826	0.0015139919487410225	0.03701843542512506	3.605533220252255e-05	0.018314499291591346	0.11336476169526577	False	True	0.9313759803771973	0.0015457679983228445	0.007811850402504206	0.00043715970241464674	0.006530968006700277	6.931028474355116e-05	0.003945307340472937	0.04828374832868576	True	0.6545992493629456	0.05951489135622978	0.07864436507225037	0.0018729360308498144	0.04718092456459999	2.4970348022179678e-05	0.02310422994196415	0.1350584328174591
901692349289566210	Texas: Photos show destruction in Bayside after hurricane Harvey.	data/processed/pro_crisismmd/images/data_image/hurricane_harvey/27_8_2017/901692349289566210_0.jpg	infrastructure_and_utility_damage	infrastructure_and_utility_damage	True	0.7533530369400978	0.6479567675851285	0.10539626935496926	0.035084137227386236	0.010507022496312857	0.7533530369400978	0.08286367729306221	0.00812765711452812	0.0031730335322208703	0.0014951910852687433	False	True	0.35292142629623413	0.08576367050409317	0.013001944869756699	0.3484586775302887	0.1704627126455307	0.0178183913230896	0.006779888179153204	0.004793377127498388	True	0.022887883707880974	0.018190959468483925	0.00967538170516491	0.8883178234100342	0.05366399884223938	0.0048974123783409595	0.0019707486499100924	0.0003957957378588617
901692349289566210	Texas: Photos show destruction in Bayside after hurricane Harvey.	data/processed/pro_crisismmd/images/data_image/hurricane_harvey/27_8_2017/901692349289566210_1.jpg	infrastructure_and_utility_damage	infrastructure_and_utility_damage	True	0.847210243344307	0.788292387034744	0.05891785630956292	0.02170475898310542	0.007867538603022695	0.847210243344307	0.05377204902470112	0.007981957285664976	0.0019733973895199597	0.0005721840861951932	False	True	0.16700777411460876	0.03224615752696991	0.0024440092965960503	0.7238875031471252	0.054096199572086334	0.017235592007637024	0.0019813436083495617	0.0011013491312041879	True	0.022887883707880974	0.018190959468483925	0.00967538170516491	0.8883178234100342	0.05366399884223938	0.0048974123783409595	0.0019707486499100924	0.0003957957378588617
901692349289566210	Texas: Photos show destruction in Bayside after hurricane Harvey.	data/processed/pro_crisismmd/images/data_image/hurricane_harvey/27_8_2017/901692349289566210_2.jpg	infrastructure_and_utility_damage	infrastructure_and_utility_damage	True	0.7582472786307335	0.6396586089394987	0.11858866969123483	0.044546722900122404	0.00826179573778063	0.7582472786307335	0.05843072757124901	0.008448756183497608	0.002742381824646145	0.0007336696580750868	False	True	0.4056910276412964	0.12361401319503784	0.004021037835627794	0.3680356442928314	0.0727309137582779	0.019102787598967552	0.005057281348854303	0.001747291418723762	True	0.022887883707880974	0.018190959468483925	0.00967538170516491	0.8883178234100342	0.05366399884223938	0.0048974123783409595	0.0019707486499100924	0.0003957957378588617
901692349289566210	Texas: Photos show destruction in Bayside after hurricane Harvey.	data/processed/pro_crisismmd/images/data_image/hurricane_harvey/27_8_2017/901692349289566210_3.jpg	infrastructure_and_utility_damage	infrastructure_and_utility_damage	True	0.8614680022001266	0.8145578783005476	0.04654186638072133	0.02230767486616969	0.008492511813528836	0.8614680022001266	0.04691012389957905	0.012292837142013013	0.0015645200764993206	0.00042247593228239566	False	True	0.1175038143992424	0.03465782105922699	0.004943902138620615	0.780918538570404	0.026648499071598053	0.034479111433029175	0.0003458343562670052	0.0005025165155529976	True	0.022887883707880974	0.018190959468483925	0.00967538170516491	0.8883178234100342	0.05366399884223938	0.0048974123783409595	0.0019707486499100924	0.0003957957378588617
901692441337745408	Welp, here is the beer menu for Hurricane Harvey Saturday night....	data/processed/pro_crisismmd/images/data_image/hurricane_harvey/27_8_2017/901692441337745408_0.jpg	not_humanitarian	other_relevant_information	False	0.46261423639953136	0.0005325954407453537	0.462081640958786	0.46261423639953136	0.01866804352903273	0.008619801723398268	0.010240040486678481	0.0028017898875987157	0.0033142175379907712	0.031660215463489294	False	True	0.9798060059547424	0.002037815749645233	0.0005945399752818048	0.002640924882143736	0.0043307337909936905	0.009103412739932537	0.0008080200641416013	0.0006786156445741653	True	0.28950685262680054	0.6161397099494934	0.02469254471361637	0.010612760670483112	0.012209809385240078	0.0007012489368207753	0.0041496166959404945	0.04198741540312767
901692870498897920	Believe The Meteorologists. Harvey Is Incredibly Dangerous.	data/processed/pro_crisismmd/images/data_image/hurricane_harvey/27_8_2017/901692870498897920_0.jpg	other_relevant_information	not_humanitarian	False	0.7804017961025238	0.5849008187651634	0.7804017961025238	0.19550097733736038	0.003532203147187829	0.00617091846652329	0.006523057265440002	2.866307045223948e-05	0.0009955748246284202	0.0068469103916868335	False	True	0.4752219319343567	0.47057002782821655	0.0021559554152190685	0.0007659327238798141	0.022584430873394012	9.149987454293296e-05	0.0013038141187280416	0.02730639837682247	True	0.8821284174919128	0.10381129384040833	0.003990952391177416	0.007972580380737782	0.0011692660627886653	7.717469088674989e-06	0.0008928283932618797	2.7081063308287412e-05
901692881550888960	"Selena posted in the wrong chat22 I'm dead ""Harvey llevame cantigo"""	data/processed/pro_crisismmd/images/data_image/hurricane_harvey/27_8_2017/901692881550888960_0.jpg	not_humanitarian	not_humanitarian	True	0.8476867750287056	0.7163741432595998	0.8476867750287056	0.005024178419262171	0.0011108312173746526	0.005177114573598374	0.001374303552438505	0.0005856119737472909	0.0077285683946684	0.1313126317691058	False	True	0.4628216326236725	0.002603283617645502	0.0020445743575692177	0.00014720557373948395	0.003432341618463397	0.002287863288074732	0.013337094336748123	0.5133260488510132	True	0.9759751558303833	0.005831143353134394	0.0007995835039764643	0.00685375090688467	0.000688290863763541	1.8194868971477263e-05	0.005859059747308493	0.0039748260751366615
901692881550888960	"Selena posted in the wrong chat22 I'm dead ""Harvey llevame cantigo"""	data/processed/pro_crisismmd/images/data_image/hurricane_harvey/27_8_2017/901692881550888960_1.jpg	not_humanitarian	not_humanitarian	True	0.9176235944032669	0.8645377375651151	0.9176235944032669	0.005519507569260895	0.0009755424689501524	0.005378762652981095	0.001578610870637931	0.006416143797196128	0.009421978727914393	0.05308585683815181	False	True	0.7425689101219177	0.0045846002176404	0.0015034193638712168	0.0009537978912703693	0.004249570891261101	0.02560999058187008	0.020110735669732094	0.20041894912719727	True	0.9759751558303833	0.005831143353134394	0.0007995835039764643	0.00685375090688467	0.000688290863763541	1.8194868971477263e-05	0.005859059747308493	0.0039748260751366615
901697159929712640	A tornado watch has been issued for parts of Louisiana and Texas until 1 PM CDT	data/processed/pro_crisismmd/images/data_image/hurricane_harvey/27_8_2017/901697159929712640_0.jpg	other_relevant_information	other_relevant_information	True	0.891131266951561	0.8100011588539928	0.08113010809756815	0.891131266951561	0.001530257984995842	0.016613867337582633	0.0030122958414722234	0.00031246786238625646	0.0018265078360855114	0.004443252109922469	False	True	0.2856809198856354	0.7017901539802551	0.0006614545127376914	0.0018235862953588367	0.0018800419056788087	0.000321425060974434	0.00023148155014496297	0.007610924541950226	True	0.012946504168212414	0.9542449712753296	0.0018198591424152255	0.0215439610183239	0.0033897138200700283	0.0003094821295235306	0.002358183264732361	0.0033873612992465496
901697361541509120	House is flooded. Me & cats will sleep upstairs. Still have power. Hope neighbors ok!HurricaneHarvey please stop!	data/processed/pro_crisismmd/images/data_image/hurricane_harvey/27_8_2017/901697361541509120_0.jpg	infrastructure_and_utility_damage	not_humanitarian	False	0.41265131533145905	0.1166943907737732	0.41265131533145905	0.11749789398163557	0.07631930845673196	0.07580789551138878	0.29595692455768585	0.007232492454932071	0.010572726838290691	0.003961510112276301	False	True	0.81525057554245	0.03299294039607048	0.0013854334829375148	0.046245135366916656	0.07358530163764954	0.02777242846786976	0.001608644612133503	0.001159599400125444	True	0.2784515619277954	0.1456662118434906	0.10129726678133011	0.08566214889287949	0.3700807988643646	0.0003858471172861755	0.013560754247009754	0.00489548034965992
901697443833765888	Ready for the rest of your shit, Harvey. HurricaneHarvery	data/processed/pro_crisismmd/images/data_image/hurricane_harvey/27_8_2017/901697443833765888_0.jpg	not_humanitarian	not_humanitarian	True	0.8920863568782806	0.8142511619371362	0.8920863568782806	0.01036368403583765	0.008002845686860383	0.001223647894221358	0.07783519494114444	0.00032696839457457827	0.008260061113105621	0.001901337839626649	False	True	0.6343207955360413	0.0133287962526083	0.009003761224448681	0.002088140230625868	0.3003354072570801	0.0012939937878400087	0.03205249086022377	0.007576722651720047	True	0.9780082106590271	0.0093753132969141	0.00766920717433095	0.0009354837820865214	0.0036684575024992228	4.626596819434781e-06	0.00032925119739957154	9.542902262182906e-06
901701019859435520	Hurricane Harvey's deadliest threat is just beginning -	data/processed/pro_crisismmd/images/data_image/hurricane_harvey/27_8_2017/901701019859435520_0.jpg	other_relevant_information	not_humanitarian	False	0.656254768371582	0.36631259322166443	0.656254768371582	0.2899421751499176	0.010906973853707314	0.02403300371952355	0.013540617423132062	7.261853625095682e-05	0.0016752833034843206	0.0035745453360505053	False	True	0.505293607711792	0.45281440019607544	0.005639129318296909	0.00631729606539011	0.014809906482696533	0.0002603965695016086	0.0007307028863579035	0.014134583063423634	True	0.7065751552581787	0.235651433467865	0.012662922032177448	0.029938239604234695	0.013117521069943905	1.002585850073956e-05	0.0019901434425264597	5.453276025946252e-05
901701285828689920	Steve Harvey was sitting in front of Lebron James! . . please RT	data/processed/pro_crisismmd/images/data_image/hurricane_harvey/27_8_2017/901701285828689920_0.jpg	not_humanitarian	not_humanitarian	True	0.917498841881752	0.8937758495012531	0.917498841881752	0.02372299238049891	0.016774978023022413	0.004140424854995217	0.01313934219069779	9.594068524165777e-05	0.005607798811979592	0.01901973318308592	False	True	0.9209335446357727	0.0006655086181126535	0.00952943041920662	0.00041227819747291505	0.015689274296164513	0.0002812791208270937	0.004574634600430727	0.047914084047079086	True	0.9163539409637451	0.03140882030129433	0.019190160557627678	0.005383140407502651	0.012289364822208881	3.4161206713179126e-05	0.00595218688249588	0.009388282895088196
901705858794565632	Tornado Warning Fort Bend, Austin, Whaton , Con, Tx until 2:30 am CDTTrack it here:	data/processed/pro_crisismmd/images/data_image/hurricane_harvey/27_8_2017/901705858794565632_0.jpg	other_relevant_information	other_relevant_information	True	0.9532324522733688	0.91778679843992	0.03544565383344889	0.9532324522733688	0.0006069872979423963	0.006257961213123053	0.0004896626633126289	8.551443443138851e-05	0.0007197499689937104	0.0031620494555681944	False	True	0.05061502382159233	0.9437298774719238	9.462449816055596e-05	0.002372347516939044	0.00020754779689013958	0.00023093206982593983	0.00014881826064083725	0.002600928535684943	True	0.030389197170734406	0.9563999772071838	0.0007777748978696764	0.007553165778517723	0.0005837009521201253	3.70418892998714e-05	0.0009100605384446681	0.003349089762195945
901713406926888961	San Antonio News Hundreds of Harvey evacuees staying at shelters in San Antonio - WOAI	data/processed/pro_crisismmd/images/data_image/hurricane_harvey/27_8_2017/901713406926888961_0.jpg	rescue_volunteering_or_donation_effort	affected_individuals	False	0.912018895149231	0.8384268737863749	0.011026965687051415	0.0005804275933769532	0.07359202136285603	0.00013787643729301635	0.912018895149231	4.404666384516531e-06	0.00108839274616912	0.0015509928343817592	False	True	0.014323261566460133	0.00016151877935044467	0.010324944742023945	7.563319377368316e-05	0.9691594243049622	1.54227927851025e-05	0.0007461283821612597	0.005193724296987057	True	0.009928200393915176	0.0007200638647191226	0.09468104690313339	0.00015862418513279408	0.8929720520973206	7.319575843212078e-07	0.0012024808675050735	0.00033674901351332664
901713477043138560	Mainstream Media - Breaking News!!! President Trump & his supporters are responsible for Hurricane Harvey's violenc	data/processed/pro_crisismmd/images/data_image/hurricane_harvey/27_8_2017/901713477043138560_0.jpg	other_relevant_information	not_humanitarian	False	0.6627706736326218	0.3657107949256897	0.6627706736326218	0.29705987870693207	0.016874511537025683	0.008750079083256423	0.01167626742972061	5.1324707214917e-05	0.0023114235445973463	0.0005058555325376801	False	True	0.25221168994903564	0.7430076599121094	0.0008225712808780372	0.0008440776728093624	0.0021368784364312887	0.00019193811749573797	0.00038749424857087433	0.0003976212174165994	True	0.7996236681938171	0.1484106183052063	0.022225158289074898	0.011385412886738777	0.014856063760817051	4.453570454643341e-06	0.0029527333099395037	0.0005419336375780404
901714191324766209	Houston Hobby airport shutdown until further notice. HurricaneHarvey	data/processed/pro_crisismmd/images/data_image/hurricane_harvey/27_8_2017/901714191324766209_0.jpg	other_relevant_information	not_humanitarian	False	0.6988792773336172	0.5280007189139724	0.6988792773336172	0.17087855841964483	0.01553816577870748	0.0035613790387287736	0.005534998665098101	0.0022107743757260323	0.0010281772119924426	0.10236865672050044	False	True	0.07150407880544662	0.5053557753562927	0.00020486103312578052	0.006277204025536776	0.0013514177408069372	0.008761284872889519	0.001052113831974566	0.40549319982528687	True	0.9080043435096741	0.059386152774095535	0.020649267360568047	0.0026561040431261063	0.006929525639861822	2.7270876671536826e-05	0.0010201983386650681	0.0013271423522382975
901714497332809728	Hurricane Harvey Threatens Largest Flood Insurer	data/processed/pro_crisismmd/images/data_image/hurricane_harvey/27_8_2017/901714497332809728_0.jpg	infrastructure_and_utility_damage	not_humanitarian	False	0.7087215632200241	0.6220422917394899	0.7087215632200241	0.08667927148053423	0.03696843143552542	0.07845249518868513	0.08585630031302571	4.267584517947398e-05	0.002885810739826411	0.0003934879437110794	False	True	0.676083505153656	0.0026811996940523386	0.0403054878115654	0.0016306015895679593	0.2692630887031555	1.412886194884777e-05	0.008525614626705647	0.001496472512371838	True	0.7196009159088135	0.11467862874269485	0.03585607931017876	0.10405979305505753	0.024720704182982445	5.2191506256349385e-05	0.0010058761108666658	2.5826420824159868e-05
901717268199067648	Hurricane Harvey downgraded to Category 1, will likely become a tropical storm... D27	data/processed/pro_crisismmd/images/data_image/hurricane_harvey/27_8_2017/901717268199067648_0.jpg	other_relevant_information	other_relevant_information	True	0.5702970996499062	0.16180568933486938	0.4084914103150368	0.5702970996499062	0.004854654776863754	0.010320621076971292	0.004714619950391352	0.00010682835022635118	0.0003710171295097098	0.0008437324149781489	False	True	0.5131278038024902	0.4626660645008087	0.003172632772475481	0.01085285097360611	0.005845133680850267	0.0004142028628848493	0.000650552159640938	0.0032707341015338898	True	0.3736126124858856	0.606174111366272	0.005415328778326511	0.010143211111426353	0.00433778204023838	4.370179340185132e-06	0.0002778387861326337	3.473185279290192e-05
901718625115099136	That's cause Steve Harvey did the announcing	data/processed/pro_crisismmd/images/data_image/hurricane_harvey/27_8_2017/901718625115099136_0.jpg	not_humanitarian	not_humanitarian	True	0.9824592769145966	0.978092416517029	0.9824592769145966	0.003572711779270321	0.001733730488922447	0.0031428045767825097	0.004366860397567507	0.00022150930848852113	0.0005380437214625999	0.003965055133448914	False	True	0.9519358277320862	0.0015701272059231997	0.005489572416990995	0.007179293315857649	0.016499143093824387	0.0008830290171317756	0.001641566981561482	0.014801448211073875	True	0.9926337599754333	0.004240239970386028	0.00048178317956626415	0.00179730833042413	0.0003227661654818803	1.0027389407696319e-06	0.0001702026347629726	0.00035292410757392645
901721154955739136	Harvey RT : Flash Flood Warning including Baytown TX, Atascocita TX, Texas City TX until 6:30 AM CDT	data/processed/pro_crisismmd/images/data_image/hurricane_harvey/27_8_2017/901721154955739136_0.jpg	other_relevant_information	other_relevant_information	True	0.7872281968593597	0.6173652373254299	0.16986295953392982	0.7872281968593597	0.005343696091586025	0.03218871355056763	0.002808867779094726	0.00029064546470181085	0.0003185351124557201	0.0019583709763537627	False	True	0.20139488577842712	0.7784279584884644	0.00021473127708304673	0.009070564061403275	0.0022694498766213655	0.0008668000809848309	0.0001934036990860477	0.0075622000731527805	True	0.15935231745243073	0.7901616096496582	0.007053351029753685	0.03989476338028908	0.002988673746585846	9.859392594080418e-05	0.0003602455835789442	9.042794408742338e-05
901721172961890304	"The hurricane ""Harvey"" in the USA: first victims and destructions - RIA Novosti, 8/27/20..."	data/processed/pro_crisismmd/images/data_image/hurricane_harvey/27_8_2017/901721172961890304_0.jpg	infrastructure_and_utility_damage	not_humanitarian	False	0.2692737691104412	0.03700854256749153	0.2692737691104412	0.1805643410771154	0.0876838294789195	0.1822589209768921	0.23226522654294968	0.0035990060423500836	0.04340590350329876	0.0009490092779742554	False	True	0.3671647310256958	0.002455461537465453	0.04972338303923607	0.009585150517523289	0.5520370006561279	0.005160853732377291	0.012793388217687607	0.001080045010894537	True	0.236643448472023	0.23993396759033203	0.10033731162548065	0.2398168444633484	0.12567463517189026	0.003078390145674348	0.053610075265169144	0.0009053307003341615
901722704767627269	Scope of damage unleashed by Harvey yet to be determined	data/processed/pro_crisismmd/images/data_image/hurricane_harvey/27_8_2017/901722704767627269_0.jpg	infrastructure_and_utility_damage	not_humanitarian	False	0.5159635320305824	0.3071392038837075	0.5159635320305824	0.2088243281468749	0.00516145775327459	0.1517831403762102	0.007885008701123297	0.10598430363279476	0.004135212162509561	0.00026305512483304483	False	True	0.20541569590568542	0.05626409873366356	0.002255264902487397	0.2973845601081848	0.002231257501989603	0.42360809445381165	0.011864123865962029	0.0009768925374373794	True	0.6194794774055481	0.2596777379512787	0.006130188703536987	0.10324933379888535	0.009769592434167862	0.00010970669245580211	0.001558908261358738	2.5109320631599985e-05
901729310079410176	Harvey rain total along Clear Creek near League City has reached the 2 foot mark now. houwx houstonflood txwx	data/processed/pro_crisismmd/images/data_image/hurricane_harvey/27_8_2017/901729310079410176_0.jpg	other_relevant_information	other_relevant_information	True	0.7051558941602707	0.507397448644042	0.19775844551622868	0.7051558941602707	0.016022133495425805	0.06655654241330922	0.007961497612996027	0.0016669240721967071	0.0022011702039890224	0.0026773699282784946	False	True	0.06448688358068466	0.9073763489723206	0.0005444543203338981	0.014151697047054768	0.001304355333559215	0.0023681072052568197	0.00010202595876762643	0.009666139259934425	True	0.24218229949474335	0.6377490758895874	0.021181359887123108	0.0840248242020607	0.010180545039474964	0.0014331963611766696	0.0029008849523961544	0.00034778015105985105
901734330799677440	New Orleans 'still not off the hook' for Harvey rain, though forecast improved	data/processed/pro_crisismmd/images/data_image/hurricane_harvey/27_8_2017/901734330799677440_0.jpg	other_relevant_information	not_humanitarian	False	0.7813505679368973	0.5882214661687613	0.7813505679368973	0.19312910176813602	0.010533023800235242	0.009141920309048146	0.004864906193688512	9.696546021586983e-05	0.0007123568866518326	0.00017116401795647107	False	True	0.5190613269805908	0.46805888414382935	0.0024864866863936186	0.003687022952362895	0.004591585602611303	0.0002910982584580779	0.001427356037311256	0.00039624905912205577	True	0.8687803149223328	0.10148584097623825	0.01321520283818245	0.01096021942794323	0.004956013057380915	3.225452746846713e-05	0.00047402383643202484	9.613567090127617e-05
901734547422724096	Per WH, photo of Trump teleconferencing on Hurricane Harvey response efforts	data/processed/pro_crisismmd/images/data_image/hurricane_harvey/27_8_2017/901734547422724096_0.jpg	not_humanitarian	rescue_volunteering_or_donation_effort	False	0.37780460057547316	0.12573911988874897	0.2520654806867242	0.11847896804101765	0.37780460057547316	0.012096665624994785	0.16017672140151262	0.0003194212113157846	0.07233629282563925	0.006721878424286842	False	True	0.9518129229545593	0.014839661307632923	0.0011805032845586538	0.0031506067607551813	0.013099614530801773	0.0005015895003452897	0.010737750679254532	0.004677462391555309	True	0.018816333264112473	0.15302540361881256	0.5033459663391113	0.015078685246407986	0.20920242369174957	0.00025869844830594957	0.09286914020776749	0.007403350435197353
901734547422724096	Per WH, photo of Trump teleconferencing on Hurricane Harvey response efforts	data/processed/pro_crisismmd/images/data_image/hurricane_harvey/27_8_2017/901734547422724096_1.jpg	not_humanitarian	rescue_volunteering_or_donation_effort	False	0.3779913579346612	0.13667596236336976	0.24131539557129145	0.12446569185703993	0.3779913579346612	0.011550911105587147	0.16203124448657036	0.00030977399001130834	0.0766909746453166	0.005644664452120196	False	True	0.9088125824928284	0.03878655657172203	0.001927532721310854	0.0009675886831246316	0.020517706871032715	0.00046300061512738466	0.028156477957963943	0.0003686065028887242	True	0.018816333264112473	0.15302540361881256	0.5033459663391113	0.015078685246407986	0.20920242369174957	0.00025869844830594957	0.09286914020776749	0.007403350435197353
901737872805462017	Harvey rainfall so far... Houston	data/processed/pro_crisismmd/images/data_image/hurricane_harvey/27_8_2017/901737872805462017_0.jpg	other_relevant_information	other_relevant_information	True	0.7847836166620255	0.6000713482499123	0.1847122684121132	0.7847836166620255	0.007944980898173526	0.009674788685515523	0.006125074112787843	0.003705769035150297	0.0017110823682742193	0.001342517432931345	False	True	0.44959357380867004	0.5034719705581665	0.0004694639937952161	0.01563761942088604	0.011122720316052437	0.0143837695941329	0.0007405270007438958	0.0045804535038769245	True	0.09641849994659424	0.8785541653633118	0.01043681986629963	0.007687178440392017	0.004459192045032978	0.00014643551548942924	0.0020346008241176605	0.00026320540928281844
901738214456606720	WATCH: Tornado Spawned from Tropical Storm Harvey Strikes NW Houston Patriot	data/processed/pro_crisismmd/images/data_image/hurricane_harvey/27_8_2017/901738214456606720_0.jpg	other_relevant_information	other_relevant_information	True	0.46943613328039646	0.2113624531775713	0.25807368010282516	0.46943613328039646	0.014799403958022594	0.1435895012691617	0.03546444280073047	0.03890217815205688	0.002200871706008911	0.03753383521689102	False	True	0.5220773220062256	0.06149599701166153	0.011349901556968689	0.019494477659463882	0.08233894407749176	0.15428189933300018	0.0029014612082391977	0.1460600197315216	True	0.17007246613502502	0.6054161787033081	0.01594923809170723	0.18495450913906097	0.019839609041810036	0.00044227109174244106	0.001967341871932149	0.0013584403786808252
901743324620402688	Harvey, now a tropical storm is going nowwhere. Low to remain over Texas for much of this week.	data/processed/pro_crisismmd/images/data_image/hurricane_harvey/27_8_2017/901743324620402688_0.jpg	other_relevant_information	other_relevant_information	True	0.7608072012662888	0.5471675843000412	0.21363961696624756	0.7608072012662888	0.009587587337591685	0.004879706364590675	0.00988030196458567	0.0001790683149920369	0.0002671723341336474	0.0007592755173391197	False	True	0.17922057211399078	0.8156813979148865	0.00017007911810651422	0.0007381013128906488	0.0007251862552948296	0.0006837417022325099	0.00028929999098181725	0.002491628983989358	True	0.22511263191699982	0.7425158023834229	0.012726756744086742	0.006260241381824017	0.01293200720101595	1.084385257854592e-05	0.00025979644851759076	0.00018182436178904027
901747649216299008	WATCH: Tropical Storm Harvey soaks Houston with heavy rain US	data/processed/pro_crisismmd/images/data_image/hurricane_harvey/27_8_2017/901747649216299008_0.jpg	other_relevant_information	other_relevant_information	True	0.3682072013616562	0.1272195503115654	0.2409876510500908	0.3682072013616562	0.232257267460227	0.05750728351995349	0.0437268977984786	0.00046353278594324365	0.004150141612626612	0.05270001289318316	False	True	0.2649099826812744	0.43567025661468506	0.021513842046260834	0.012618949636816978	0.05366773158311844	0.0008106047171168029	0.002607730682939291	0.2082008719444275	True	0.23301354050636292	0.34571951627731323	0.3025050759315491	0.07247006148099899	0.04041328653693199	0.0003478421422187239	0.004664278589189053	0.0008663932094350457
901752063100637184	Big harvey :D wearing harvey :3	data/processed/pro_crisismmd/images/data_image/hurricane_harvey/27_8_2017/901752063100637184_0.jpg	not_humanitarian	not_humanitarian	True	0.9177503883838654	0.8639241845812649	0.9177503883838654	0.0538262038026005	0.001323613483691588	0.011426812969148159	0.003950978221837431	8.710006022738526e-05	0.008587675227317959	0.0030472389807982836	False	True	0.9333385825157166	0.014512144960463047	0.0014672423712909222	0.004695300944149494	0.005152787547558546	0.000322746520396322	0.028795083984732628	0.011716281063854694	True	0.9125543236732483	0.06693089008331299	0.0012757371878251433	0.01367065031081438	0.0035503751132637262	8.551240171073005e-06	0.0018518723081797361	0.00015755828644614667
901754445876387841	This is Hurricane Harvey from space.	data/processed/pro_crisismmd/images/data_image/hurricane_harvey/27_8_2017/901754445876387841_0.jpg	other_relevant_information	other_relevant_information	True	0.58853405341506	0.20910997316241264	0.3794240802526474	0.58853405341506	0.014150177157716826	0.010534419619943947	0.005297026829794049	3.655407181213377e-05	0.0011937264061998576	0.0008299118708237074	False	True	0.8859561681747437	0.10563986003398895	0.0010911469580605626	0.0011834453325718641	0.003174490761011839	4.789097511093132e-05	0.0005226236535236239	0.0023843185044825077	True	0.21058005094528198	0.7494987845420837	0.018503187224268913	0.013651411049067974	0.006004538852721453	3.277510404586792e-05	0.0014174273237586021	0.000311776326270774
901756296096956418	NASA releases surreal footage of HurricaneHarvey captured from space	data/processed/pro_crisismmd/images/data_image/hurricane_harvey/27_8_2017/901756296096956418_2.jpg	other_relevant_information	not_humanitarian	False	0.5372833013534546	0.22015585005283356	0.5372833013534546	0.31712745130062103	0.08047578067635186	0.03705177508527413	0.0243122965330258	9.435954780201428e-05	0.0030621870901086368	0.0005928054306423292	False	True	0.6734565496444702	0.3174552619457245	0.0005520639242604375	0.002182243624702096	0.004473336506634951	0.00010521353397052735	0.00023941454128362238	0.001535909716039896	True	0.4918922185897827	0.31701818108558655	0.10711701959371567	0.04867495223879814	0.030925283208489418	9.074155241250992e-05	0.004003111273050308	0.00027843733550980687
901758390615072769	Never seen this before: Hobby Airport in Houston is closed until Wednesday(!) due to Harvey	data/processed/pro_crisismmd/images/data_image/hurricane_harvey/27_8_2017/901758390615072769_0.jpg	other_relevant_information	other_relevant_information	True	0.6368589699268341	0.401775736361742	0.2350832335650921	0.6368589699268341	0.02747257106238976	0.009709639954962768	0.028808796836528927	0.00045193080586614087	0.002954235897050239	0.058660599403083324	False	True	0.3298434317111969	0.5787354111671448	0.0005398860666900873	0.000955699069891125	0.0023275206331163645	0.00016165364650078118	0.0006365478620864451	0.08679991960525513	True	0.20349650084972382	0.6562334895133972	0.036450132727622986	0.012627620249986649	0.037635888904333115	0.0005486898589879274	0.003726798575371504	0.04928082600235939
901758957299138560	Harvey to move on average 2.4 mph over the next five days. Flooding will last for DAYS. txwx	data/processed/pro_crisismmd/images/data_image/hurricane_harvey/27_8_2017/901758957299138560_0.jpg	other_relevant_information	other_relevant_information	True	0.7202626913785934	0.4695918411016464	0.250670850276947	0.7202626913785934	0.008715428091818467	0.01233626734756399	0.007049647581879981	0.0001367256772937253	0.00016525198952876963	0.000663109494780656	False	True	0.19230034947395325	0.8033755421638489	0.00022641441319137812	0.0009026423213072121	0.0006009282660670578	0.00032468544668518007	0.00012081678141839802	0.0021486785262823105	True	0.27012768387794495	0.6925584077835083	0.011545099318027496	0.016147475689649582	0.009199220687150955	7.407242082990706e-05	0.00018006372556556016	0.00016791981761343777
901762681975304193	Hurricane Harvey: Fears of flash floods as 40 inches of rain... via telegraph	data/processed/pro_crisismmd/images/data_image/hurricane_harvey/27_8_2017/901762681975304193_0.jpg	infrastructure_and_utility_damage	other_relevant_information	False	0.44584484316874295	0.1431450239615515	0.30269981920719147	0.44584484316874295	0.06888888170942664	0.07418751157820225	0.05205543339252472	0.0523702779028099	0.003225861430109944	0.0007273908922798	False	True	0.708081066608429	0.004823919851332903	0.014105258509516716	0.02053399384021759	0.04448046162724495	0.2056887149810791	0.00021633724099956453	0.0020702003967016935	True	0.1675727367401123	0.5928518176078796	0.08715008944272995	0.0920720174908638	0.05458042398095131	0.0012641322100535035	0.004229036159813404	0.00027978772413916886
901763463332102144	This tornado was just a block away from my house. We've had countless tornado warnings since.	data/processed/pro_crisismmd/images/data_image/hurricane_harvey/27_8_2017/901763463332102144_0.jpg	other_relevant_information	other_relevant_information	True	0.7307235524058342	0.519772857427597	0.21095069497823715	0.7307235524058342	0.0009331070396001451	0.02569625771138817	0.003944207506719977	0.002325550997738901	0.0007083130185492337	0.024718367332752678	False	True	0.6130420565605164	0.2645319998264313	0.003232294926419854	0.0027927705086767673	0.006557346321642399	0.009256234392523766	0.0020486919675022364	0.09853863716125488	True	0.07692024111747742	0.8861207365989685	0.0001667110773269087	0.033330753445625305	0.0030731612350791693	1.532319947727956e-05	0.00026152003556489944	0.00011161072325194255
901767261643558918	Check out the Houston traffic map. On a Monday, I'd say this is normal. But it's Sunday morning. Harvey Flooding	data/processed/pro_crisismmd/images/data_image/hurricane_harvey/27_8_2017/901767261643558918_0.jpg	other_relevant_information	other_relevant_information	True	0.5006914213299751	0.03139238804578781	0.4692990332841873	0.5006914213299751	0.008375817415071651	0.017044955864548683	0.001968646676687058	0.0009035174734890461	0.0008219953888328746	0.0008945753070292994	False	True	0.3357125520706177	0.6339679956436157	0.0002662966726347804	0.024975258857011795	0.00037877782597206533	0.0028106386307626963	0.0008120494312606752	0.001076449640095234	True	0.5138278603553772	0.4562658965587616	0.011078990995883942	0.014401521533727646	0.0024986029602587223	0.00026781042106449604	0.0008253107080236077	0.0008339505293406546
901767940994985984	reporting from Houston on HurricaneHarvey. Great job and please be safe.	data/processed/pro_crisismmd/images/data_image/hurricane_harvey/27_8_2017/901767940994985984_0.jpg	other_relevant_information	not_humanitarian	False	0.8485206663608551	0.7376729920506477	0.8485206663608551	0.11084767431020737	0.011813606601208448	0.0024876563693396747	0.0057729207910597324	0.00021217122792904775	0.0010457789030624554	0.019299565312394407	False	True	0.5652111768722534	0.3302319645881653	0.004284549504518509	0.0055524613708257675	0.01536665577441454	0.0008382307132706046	0.002715300302952528	0.07579965889453888	True	0.9429571628570557	0.03771957755088806	0.014323292300105095	0.0014660547021776438	0.0025750091299414635	3.484732815195457e-06	0.0004892717697657645	0.00046620078501291573
901768346491908097	Warmer waters are fueling Hurricane Harvey's power	data/processed/pro_crisismmd/images/data_image/hurricane_harvey/27_8_2017/901768346491908097_0.jpg	other_relevant_information	not_humanitarian	False	0.7305189669132233	0.4880000725388527	0.7305189669132233	0.24251889437437057	0.0019131962908431888	0.022544591512996703	0.002287643408635631	4.768477924699255e-05	0.00011003722283930983	5.8949388517248735e-05	False	True	0.37379974126815796	0.6212531328201294	0.0005100946873426437	0.0019654177594929934	0.0019528510747477412	0.00015703446115367115	0.00014842253585811704	0.0002132522058673203	True	0.8494253754615784	0.1162741482257843	0.0023808968253433704	0.02940431609749794	0.002399240853264928	1.1234885278099682e-05	9.724211849970743e-05	7.515116067224881e-06
901771856704884736	As of 645AM Sunday, radar is estimating up to TWO FEET of rain in Texas due to Harvey. Texas	data/processed/pro_crisismmd/images/data_image/hurricane_harvey/27_8_2017/901771856704884736_0.jpg	other_relevant_information	other_relevant_information	True	0.8985854685306549	0.8139761046040803	0.08460936392657459	0.8985854685306549	0.006604335281735985	0.007001374935498461	0.0019325416651554406	0.00032196588290389627	0.0003336526788189076	0.0006113527488196269	False	True	0.29765209555625916	0.6975423693656921	0.0001945989642990753	0.001692375517450273	0.0009197592735290527	0.000422380689997226	0.00020181378931738436	0.0013746010372415185	True	0.013595120050013065	0.9655998349189758	0.008740914054214954	0.00877104140818119	0.00227013579569757	0.00028849428053945303	0.00037759897531941533	0.0003569366526789963
901772145004613632	Sustained winds of Tropical Storm Harvey down to 45 mph. Continues to weaken in wind intensity. Heavy rain continu	data/processed/pro_crisismmd/images/data_image/hurricane_harvey/27_8_2017/901772145004613632_0.jpg	other_relevant_information	other_relevant_information	True	0.7132670134305954	0.4357963502407074	0.277470663189888	0.7132670134305954	0.000904081327462336	0.007310488872462884	0.0006653542368439957	5.7505901253307456e-05	6.843691335234325e-05	0.0002564824920909814	False	True	0.08416175842285156	0.9124783873558044	0.00018211394490208477	0.0013082601362839341	0.0005591446533799171	0.00022560310026165098	7.909744454082102e-05	0.0010056697065010667	True	0.34190696477890015	0.6468632221221924	0.0011447371216490865	0.009311231784522533	0.000700757431332022	1.4735015838596155e-06	6.4883402956184e-05	6.753420620952966e-06
901772734518177793	Tropical Storm Harvey advisory 28 at 4 AM CDT Sun, Aug 27, 2017. TropicalStormHarvey	data/processed/pro_crisismmd/images/data_image/hurricane_harvey/27_8_2017/901772734518177793_0.jpg	other_relevant_information	other_relevant_information	True	0.9357254952192307	0.8849338493309915	0.050791645888239145	0.9357254952192307	0.006456328166677849	0.00131177285220474	0.001625980599783361	5.861141289642546e-05	0.00020073936320841312	0.003829409193713218	False	True	0.12797139585018158	0.8622320294380188	0.0001657896937103942	0.0008824447868391871	0.0005557914264500141	0.0001306919875787571	0.00011894556519109756	0.007942859083414078	True	0.025065062567591667	0.9602233171463013	0.008553174324333668	0.001454882207326591	0.00198271032422781	3.458455466898158e-05	0.0002280039625475183	0.002458259230479598
901775653757997057	Harvey's path next 5 days.	data/processed/pro_crisismmd/images/data_image/hurricane_harvey/27_8_2017/901775653757997057_0.jpg	other_relevant_information	not_humanitarian	False	0.5921808555722237	0.2390907183289528	0.5921808555722237	0.3530901372432709	0.0008469137701467844	0.043220103514613584	0.008302909496705979	4.16087901840001e-05	0.0005751969947596081	0.0017423419922124594	False	True	0.11289873719215393	0.881584107875824	9.852363291429356e-05	0.00079112418461591	0.0009159722831100225	0.0001451091666240245	0.00037693374906666577	0.0031895169522613287	True	0.7519415616989136	0.17692548036575317	0.0010963771492242813	0.05736309662461281	0.010765221901237965	7.108664703991963e-06	0.0006412847433239222	0.0012599503388628364
901776018863779840	Rain totals from Harvey across the Houston area. A consistent 18 inches plus across much of the area.	data/processed/pro_crisismmd/images/data_image/hurricane_harvey/27_8_2017/901776018863779840_0.jpg	other_relevant_information	other_relevant_information	True	0.8288148492574692	0.7696205363608897	0.059194312896579504	0.8288148492574692	0.011985989869572222	0.050331742386333644	0.0405614921473898	0.002571080083725974	0.004272779740858823	0.0022677497181575745	False	True	0.2279580980539322	0.4074394106864929	0.0053819711320102215	0.1787312626838684	0.15392573177814484	0.008612316101789474	0.010456382296979427	0.007494822144508362	True	0.0029397178441286087	0.9692733287811279	0.014187329448759556	0.00753190228715539	0.0027734122704714537	0.0005573347443714738	0.0022115788888186216	0.0005253922427073121
901776026367397888	In this afternoons matinee performance Mr Harvey Thorne will be playing the part of Al Jolson	data/processed/pro_crisismmd/images/data_image/hurricane_harvey/27_8_2017/901776026367397888_0.jpg	not_humanitarian	not_humanitarian	True	0.49641308188438416	0.15135747962631285	0.49641308188438416	0.3450556022580713	0.009093354805372655	0.023663334548473358	0.0736749095376581	0.0010044857126558782	0.006429830216802657	0.04466539714485407	False	True	0.6343334317207336	0.004194735549390316	0.0012077311985194683	0.014904653653502464	0.2502107620239258	0.003962529357522726	0.009935516864061356	0.08125067502260208	True	0.4504396319389343	0.45867589116096497	0.011721896007657051	0.02658289484679699	0.014829625375568867	1.847116436692886e-05	0.005261268001049757	0.032470304518938065
901776171301572608	Dear Louisiana, 5C5C5C5C5C5C Harvey sucks, New Jersey Karma	data/processed/pro_crisismmd/images/data_image/hurricane_harvey/27_8_2017/901776171301572608_0.jpg	not_humanitarian	not_humanitarian	True	0.8236518204212189	0.7323598043294623	0.8236518204212189	0.014817041927017272	0.09129201609175652	0.023560686269775033	0.04238516162149608	0.0004427229032444302	0.0018101059249602258	0.0020404022579896264	False	True	0.47766321897506714	0.003972305450588465	0.3463074564933777	0.0015264907851815224	0.15687543153762817	0.0010541140800341964	0.005067237187176943	0.007533762138336897	True	0.9389813542366028	0.018431954085826874	0.006286869291216135	0.03090541809797287	0.004221738316118717	0.00023892584431450814	0.0007243955042213202	0.00020928229787386954
901776373177561088	Buffalo Bayou is higher than I've ever seen it. Pool about to go under. Harvey	data/processed/pro_crisismmd/images/data_image/hurricane_harvey/27_8_2017/901776373177561088_0.jpg	infrastructure_and_utility_damage	other_relevant_information	False	0.4293592479079962	0.08511401154100895	0.34424523636698723	0.4293592479079962	0.04123657022137195	0.15383318765088916	0.02379019930958748	0.002619781473185867	0.0039452421478927135	0.000970499575487338	False	True	0.8556422591209412	0.07440980523824692	0.003870085347443819	0.01870843581855297	0.0392470546066761	0.005972240120172501	0.0005256435833871365	0.0016244739526882768	True	0.17377956211566925	0.5476757287979126	0.05369206517934799	0.19887477159500122	0.018637914210557938	0.0015022952575236559	0.005085108336061239	0.0007525081164203584
901779309869838336	Time to Roll with Harvey with a great crew. Be safe !!	data/processed/pro_crisismmd/images/data_image/hurricane_harvey/27_8_2017/901779309869838336_0.jpg	not_humanitarian	not_humanitarian	True	0.7622261568903923	0.6759333368390799	0.7622261568903923	0.0172572864103131	0.08629282005131245	0.0013760931615252048	0.043209971161559224	0.015448005006874155	0.05910217156633735	0.015087462103110738	False	True	0.29816463589668274	0.0022273666691035032	0.1940235048532486	0.0036175318527966738	0.146940678358078	0.06173146888613701	0.23402473330497742	0.059270065277814865	True	0.9169133305549622	0.022267259657382965	0.0503825917840004	0.0006289469311013818	0.008633068762719631	2.0183713786536828e-05	0.000794650986790657	0.00035992771154269576
901780002571776001	Another Dry One While Harvey Soaks SE Texas ALWX	data/processed/pro_crisismmd/images/data_image/hurricane_harvey/27_8_2017/901780002571776001_0.jpg	other_relevant_information	not_humanitarian	False	0.7331342119723558	0.47090768441557884	0.7331342119723558	0.262226527556777	0.0020160001004114747	0.001746801717672497	0.0007385401404462755	3.648222633501064e-05	8.369459101231769e-05	1.7698266447041533e-05	False	True	0.06496287137269974	0.9319778680801392	0.0001278503332287073	0.0021187313832342625	0.0005650340463034809	0.00013668922474607825	6.610337732126936e-05	4.4865304516861215e-05	True	0.9558579921722412	0.03897608071565628	0.002645383356139064	0.0016228251624852419	0.0007963755051605403	3.0798935313214315e-06	8.95583289093338e-05	8.642587090434972e-06
901783820453777412	Families try to escape rising water via | 0 by	data/processed/pro_crisismmd/images/data_image/hurricane_harvey/27_8_2017/901783820453777412_0.jpg	affected_individuals	affected_individuals	True	0.9273196756839752	0.880941086448729	0.00938973156735301	0.002332700492843287	0.04637858923524618	0.007691205959417857	0.9273196756839752	0.0003590418018575292	0.002288570103701204	0.004240500289370175	False	True	0.01270546019077301	0.00019190747116226703	0.05619347095489502	0.00018847367027774453	0.9103594422340393	0.00023664570471737534	0.0031750050839036703	0.016949590295553207	True	0.008284488692879677	0.0030462981667369604	0.043106961995363235	0.010192116722464561	0.9329730868339539	0.00039984050090424716	0.0019930917769670486	4.136953975830693e-06
901784132111519744	"Does ""great talent"" include LGBTQ? Latinos? Muslims? HurricaneHarvey"	data/processed/pro_crisismmd/images/data_image/hurricane_harvey/27_8_2017/901784132111519744_0.jpg	not_humanitarian	not_humanitarian	True	0.863597109913826	0.804444435174446	0.863597109913826	0.020298834308050573	0.011403572047129273	0.001333204418187961	0.03731797612272203	0.00020041947264815008	0.006696246928186156	0.05915267473938002	False	True	0.5146102905273438	0.07449796050786972	0.012984195724129677	0.0021143020130693913	0.13467459380626678	0.0008000570815056562	0.02397245354950428	0.23634617030620575	True	0.9799260497093201	0.002232458908110857	0.010876697488129139	0.0010728385532274842	0.004865770228207111	5.402696956480213e-07	0.0009375113877467811	8.817621710477397e-05
901792186030637057	Historic, catastrophic flooding underway in Houston from Tropical Storm Harvey	data/processed/pro_crisismmd/images/data_image/hurricane_harvey/27_8_2017/901792186030637057_0.jpg	infrastructure_and_utility_damage	other_relevant_information	False	0.4284940017387271	0.17166154738515615	0.25683245435357094	0.4284940017387271	0.1075012122746557	0.10446740128099918	0.03380662854760885	0.0651600110140862	0.002662341299583204	0.0010759811848402023	False	True	0.5260747075080872	0.05904911085963249	0.0042997440323233604	0.12534505128860474	0.024116218090057373	0.2579038739204407	0.0007158781518228352	0.002495440421625972	True	0.16708503663539886	0.5516422986984253	0.14190170168876648	0.09750818461179733	0.03703676536679268	0.0009120567119680345	0.0033111623488366604	0.0006028281059116125
901792187343622145	Simply incredible rainfall amounts! Radar estimated - magenta is 18 inches, white 25 inches Harvey	data/processed/pro_crisismmd/images/data_image/hurricane_harvey/27_8_2017/901792187343622145_0.jpg	other_relevant_information	other_relevant_information	True	0.9610921740531921	0.9303588854381815	0.03073328861501068	0.9610921740531921	0.0010096725745825097	0.00522956094937399	0.0009682555828476325	0.00022532623552251607	0.0004939105856465176	0.0002477101661497727	False	True	0.10068260878324509	0.8828065395355225	0.0005895535578019917	0.012216364964842796	0.0023323078639805317	0.0004112055466976017	0.00036751554580405354	0.0005939067341387272	True	0.007416848558932543	0.987187385559082	0.0011497122468426824	0.002900626277551055	0.0005135714891366661	0.00016336646513082087	0.0005360422655940056	0.00013231131015345454
901792272882294786	Tree down in NW HIllsHurricaneHarvey	data/processed/pro_crisismmd/images/data_image/hurricane_harvey/27_8_2017/901792272882294786_0.jpg	infrastructure_and_utility_damage	infrastructure_and_utility_damage	True	0.5119917243719101	0.2716154307126999	0.2403762936592102	0.20951129496097565	0.002088062188704498	0.5119917243719101	0.006510221632197499	0.026640223295544274	0.0026560766709735617	0.00022605882804782595	False	True	0.5939990878105164	0.1317794919013977	0.0006028398056514561	0.15901190042495728	0.008378207683563232	0.10506276786327362	0.00051262037595734	0.0006531139952130616	True	0.12250202894210815	0.23542189598083496	0.0025831363163888454	0.629651665687561	0.005887559615075588	0.0004993751063011587	0.0033705621026456356	8.370710565941408e-05
901796703845666816	If anything good comes out of Harvey it's that our idiot president finally learned how to thread his damn tweets	data/processed/pro_crisismmd/images/data_image/hurricane_harvey/27_8_2017/901796703845666816_0.jpg	not_humanitarian	not_humanitarian	True	0.9065974354743958	0.8498362535610795	0.9065974354743958	0.05676118191331625	0.00925105890200939	0.0058657972840592265	0.01499776216223836	0.0003932978036118584	0.0033473654184490442	0.0027861383714480326	False	True	0.7074301838874817	0.17264898121356964	0.03507810831069946	0.010036789812147617	0.05337990075349808	0.0015689418651163578	0.010827711783349514	0.009029455482959747	True	0.9729865193367004	0.018131915479898453	0.0006420424324460328	0.004475466441363096	0.002203715965151787	1.4164497770252638e-06	0.0008539166301488876	0.0007050326676107943
901796845776769024	Pictures of Houston, Texas show terrible flooding already taking place. With the remnants of hurricane harvey stay	data/processed/pro_crisismmd/images/data_image/hurricane_harvey/27_8_2017/901796845776769024_0.jpg	infrastructure_and_utility_damage	infrastructure_and_utility_damage	True	0.3369427639991045	0.006096357479691505	0.2702457830309868	0.330846406519413	0.019172854023054242	0.3369427639991045	0.027449839166365564	0.012067853938788176	0.002015316058532335	0.0012592348211910576	False	True	0.6827855110168457	0.17886388301849365	0.0011657355353236198	0.09419802576303482	0.004937534686177969	0.03518671169877052	0.0004908452392555773	0.002371736103668809	True	0.1327325403690338	0.3815072476863861	0.025175226852297783	0.41785767674446106	0.03495394065976143	0.00436156801879406	0.002523472998291254	0.0008884010603651404
901800696726642688	Alright now where da FOOK is Harvey??	data/processed/pro_crisismmd/images/data_image/hurricane_harvey/27_8_2017/901800696726642688_0.jpg	not_humanitarian	not_humanitarian	True	0.8765983730554581	0.8265510241617449	0.8765983730554581	0.050047348893713206	0.004533758095931262	0.006200926552992314	0.0215623983531259	9.478941683482844e-05	0.014555868518073112	0.02640653814887628	False	True	0.7494738698005676	0.0007802757900208235	0.010830376297235489	0.0013300662394613028	0.07651934027671814	0.00034975187736563385	0.05637170001864433	0.10434456169605255	True	0.9189732074737549	0.066469706594944	0.002434885362163186	0.007824546657502651	0.003243417711928487	9.801929991226643e-06	0.0006172580178827047	0.00042719696648418903
901800726795616256	Big flooding in Rosenberg, TX. harvey (8: )	data/processed/pro_crisismmd/images/data_image/hurricane_harvey/27_8_2017/901800726795616256_0.jpg	infrastructure_and_utility_damage	other_relevant_information	False	0.4322216585278511	0.10190445184707642	0.3303172066807747	0.4322216585278511	0.06894785352051258	0.08242616709321737	0.052882504649460316	0.026094877161085606	0.005470262440212537	0.0016395209240727127	False	True	0.43950602412223816	0.4092171788215637	0.0019976869225502014	0.06166506186127663	0.06475836783647537	0.022349029779434204	0.00034454165142960846	0.00016210973262786865	True	0.29392093420028687	0.4398898184299469	0.09126457571983337	0.08934653550386429	0.048923883587121964	0.027343492954969406	0.007178836036473513	0.002131991321220994
901800735482007552	"Texas governor: Trump White House has given us ""everything we need"" during Hurricane Harvey"	data/processed/pro_crisismmd/images/data_image/hurricane_harvey/27_8_2017/901800735482007552_0.jpg	not_humanitarian	not_humanitarian	True	0.47345296293497086	0.17318322136998177	0.47345296293497086	0.0496365362778306	0.3002697415649891	0.011579768237425014	0.156777149066329	2.46940237502713e-05	0.004882617562543601	0.0033765127045626286	False	True	0.913597583770752	0.002435605973005295	0.02354012429714203	0.0012290076119825244	0.0368991419672966	7.237289537442848e-05	0.009385500103235245	0.012840649113059044	True	0.3267380893230438	0.06537017971277237	0.3925129473209381	0.015030021779239178	0.19673648476600647	8.801066542218905e-06	0.003381656715646386	0.0002218005683971569
901801080757080064	If you're looking for a way to help, my Church has a few good options. hurricane harvey relief cottonwoodfamily	data/processed/pro_crisismmd/images/data_image/hurricane_harvey/27_8_2017/901801080757080064_0.jpg	rescue_volunteering_or_donation_effort	rescue_volunteering_or_donation_effort	True	0.42887286096811295	0.11846506968140602	0.3104077912867069	0.006483421660959721	0.42887286096811295	0.0021522747701965272	0.2463356927037239	0.000247914503404445	0.0005419115477707237	0.004958144781994633	False	True	0.5452854037284851	0.012631173245608807	0.25746774673461914	0.005639638751745224	0.15911170840263367	0.0009831779170781374	0.0014358788030222058	0.017445221543312073	True	0.2321152538061142	0.004434171132743359	0.4860078990459442	0.000989820109680295	0.27541035413742065	2.826698846547515e-06	0.00024392246268689632	0.0007957858615554869
901804807303954432	Sums it up in one pic: submerged car, HPD high water rescue, kayaker. Houston abc13 Harvey	data/processed/pro_crisismmd/images/data_image/hurricane_harvey/27_8_2017/901804807303954432_0.jpg	vehicle_damage	vehicle_damage	True	0.7925550639629364	0.6863895289134234	0.10616553504951298	0.004868852032814175	0.04866961343213916	0.0030692860018461943	0.024026221595704556	0.7925550639629364	0.005875433234905358	0.014770050067454576	False	True	0.38574498891830444	0.00335473264567554	0.016595756635069847	0.0027236274909228086	0.07391160726547241	0.5143337249755859	0.00020146006136201322	0.003134125843644142	True	0.012972383759915829	0.00537355849519372	0.05936089903116226	0.003184505505487323	0.007397759705781937	0.8852955102920532	0.0077667576260864735	0.018648691475391388
901804814052585473	Rivers are on the rise and MAJOR to RECORD flooding is forecast. houwx glswx Harvey txwx	data/processed/pro_crisismmd/images/data_image/hurricane_harvey/27_8_2017/901804814052585473_0.jpg	other_relevant_information	other_relevant_information	True	0.7081636041402817	0.48030784726142883	0.22785575687885284	0.7081636041402817	0.008452496927930042	0.041424940805882215	0.012213743291795254	0.0014481836533377646	0.00025406859276699834	0.00018727052020039991	False	True	0.20259645581245422	0.7662984728813171	0.0013819382293149829	0.013521606102585793	0.009470670484006405	0.005599610041826963	0.00044872326543554664	0.0006825306918472052	True	0.23627552390098572	0.6887853145599365	0.010809349827468395	0.05072605237364769	0.013128100894391537	6.437485717469826e-05	0.00018918370187748224	2.21837963181315e-05
901805267989475328	Harvey's 'catastrophic' flooding could cost billions in damage	data/processed/pro_crisismmd/images/data_image/hurricane_harvey/27_8_2017/901805267989475328_0.jpg	infrastructure_and_utility_damage	infrastructure_and_utility_damage	True	0.4586659371852875	0.13486003130674362	0.32380590587854385	0.0891493670642376	0.011425290489569306	0.4586659371852875	0.09301461931318045	0.02305027407419402	0.0007090297222021036	0.00017960962577490136	False	True	0.32701411843299866	0.016635790467262268	0.011090917512774467	0.30541300773620605	0.24712421000003815	0.09031271934509277	0.0018250891007483006	0.0005841474048793316	True	0.3227365016937256	0.11332055926322937	0.01153674814850092	0.509750247001648	0.041644755750894547	0.0006294589838944376	0.00033700992935337126	4.476369940675795e-05
901805456213102593	Pictures from the Heights neighborhood in Houston. Water is rising. Harvey	data/processed/pro_crisismmd/images/data_image/hurricane_harvey/27_8_2017/901805456213102593_0.jpg	infrastructure_and_utility_damage	infrastructure_and_utility_damage	True	0.3966065011918545	0.12662192061543465	0.26998458057641983	0.10333082918077707	0.04319351725280285	0.3966065011918545	0.17304936703294516	0.011375032598152757	0.0012131003168178722	0.0012470779183786362	False	True	0.6931726336479187	0.0436602421104908	0.005225848406553268	0.20899437367916107	0.03702182695269585	0.010900061577558517	0.0003286210703663528	0.0006963525665923953	True	0.12892189621925354	0.1232210248708725	0.055849406868219376	0.45914387702941895	0.21839188039302826	0.01153335627168417	0.001507926732301712	0.0014306530356407166
901805536055832576	Sunday Shows preview: Trump faces major test with response to Harvey	data/processed/pro_crisismmd/images/data_image/hurricane_harvey/27_8_2017/901805536055832576_0.jpg	not_humanitarian	not_humanitarian	True	0.9449475407600403	0.9256844531046227	0.9449475407600403	0.01319083315320313	0.01013564900495112	0.004358743783086538	0.01926308765541762	3.164232676766687e-05	0.005127035947225522	0.0029454685704877193	False	True	0.8838419914245605	0.012870916165411472	0.009824826382100582	0.00543175870552659	0.05647546425461769	0.0001251986250281334	0.019710997119545937	0.011718833819031715	True	0.9653160572052002	0.013297472149133682	0.010239256545901299	0.004001072142273188	0.006858962122350931	4.568940141780331e-07	0.0002657155564520508	2.101348763972055e-05
901809475966861313	Weakened Harvey still dumping tremendous amounts of rain on Texas:	data/processed/pro_crisismmd/images/data_image/hurricane_harvey/27_8_2017/901809475966861313_0.jpg	other_relevant_information	not_humanitarian	False	0.5241300500929356	0.14877551048994064	0.5241300500929356	0.3753545396029949	0.04825978304143064	0.026416679727844894	0.020905915880575776	0.00031782317455508746	0.0013245450754766352	0.003290710668807151	False	True	0.06009306013584137	0.9110585451126099	0.0011272112606093287	0.004727415274828672	0.008725167252123356	0.000852769473567605	0.00047543368418700993	0.012940344400703907	True	0.6788090467453003	0.1967865377664566	0.0639706403017044	0.03364643454551697	0.02496616542339325	0.00013950774155091494	0.0016075822059065104	7.416609150823206e-05
901809493671124992	Here is a picture edit of me with a umbrella upside down during hurricane Harvey.	data/processed/pro_crisismmd/images/data_image/hurricane_harvey/27_8_2017/901809493671124992_0.jpg	affected_individuals	not_humanitarian	False	0.3654663972556591	0.14429119299165905	0.3654663972556591	0.22117520426400006	0.07430674508213997	0.10571593465283513	0.14522665366530418	0.012510033091530204	0.03726408816874027	0.038334964236128144	False	True	0.8357560634613037	0.005636674351990223	0.03482808172702789	0.009522857144474983	0.0825885683298111	0.011338284239172935	0.019433706998825073	0.0008957587997429073	True	0.2087031751871109	0.29302138090133667	0.087466299533844	0.1377802938222885	0.16610601544380188	0.01290061604231596	0.043207548558712006	0.05081469938158989
901809537828696064	Rockport, TX gas station damaged by HurricaneHarvey <via Jeff Gammons>	data/processed/pro_crisismmd/images/data_image/hurricane_harvey/27_8_2017/901809537828696064_0.jpg	infrastructure_and_utility_damage	vehicle_damage	False	0.7853347510099411	0.6164509523659945	0.027407197861975874	0.004066746943863109	0.0015542233595624566	0.16888379864394665	0.011346918239723891	0.7853347510099411	0.0012772446207236499	0.00012914096305394196	False	True	0.1094295084476471	0.014732126146554947	0.0030067083425819874	0.5341712236404419	0.04162091761827469	0.2946796417236328	0.001867698272690177	0.0004921881482005119	True	6.642766675213352e-05	0.0005116205429658294	0.0010700616985559464	0.0471213236451149	0.0012555851135402918	0.9488864541053772	0.0010804267367348075	8.125234671751969e-06
901817961610174464	Rescue operations in full swing in Houston as people flee flooding from Tropical Storm Harvey.	data/processed/pro_crisismmd/images/data_image/hurricane_harvey/27_8_2017/901817961610174464_1.jpg	rescue_volunteering_or_donation_effort	rescue_volunteering_or_donation_effort	True	0.7607518956065178	0.5369744468480349	0.0051090803171973675	0.0034989413907169364	0.7607518956065178	0.0005699995463146479	0.22377744875848293	7.269526304298779e-05	0.0054832149762660265	0.0007367513317149132	False	True	0.015022431500256062	0.00013310214853845537	0.2805052101612091	2.6714555133366957e-05	0.6943954229354858	0.0002550315693952143	0.008225218392908573	0.001436839927919209	True	0.0018046299228444695	0.00462088780477643	0.9208341240882874	0.0007510945433750749	0.06690479069948196	1.191649425891228e-05	0.004569213837385178	0.0005033884663134813
901822202022125571	Here's a mid-morning update on Harvey's future forecast in the Houston area	data/processed/pro_crisismmd/images/data_image/hurricane_harvey/27_8_2017/901822202022125571_0.jpg	other_relevant_information	not_humanitarian	False	0.5350411860272288	0.0951182721182704	0.5350411860272288	0.43992291390895844	0.004264126444468275	0.014218761119991541	0.0036127597268205136	0.0001197657936700125	0.00015443853044416755	0.002666079715709202	False	True	0.05654824897646904	0.9207070469856262	0.0006664289394393563	0.019215259701013565	0.0017334831645712256	0.0004450730048120022	0.00014079960237722844	0.0005437030340544879	True	0.6945388317108154	0.27966153621673584	0.005463358946144581	0.0125532615929842	0.004239185247570276	1.1330056622682605e-05	0.00015898483979981393	0.0033735386095941067
901822576644825088	Prayers go out to everyone who was and is in Harvey's path .	data/processed/pro_crisismmd/images/data_image/hurricane_harvey/27_8_2017/901822576644825088_0.jpg	not_humanitarian	not_humanitarian	True	0.6764796674251556	0.47699657268822193	0.6764796674251556	0.009315025352407247	0.029490188229829073	0.009997617336921394	0.1994830947369337	0.0009419840168334304	0.02075316198170185	0.05353930685669184	False	True	0.3440796732902527	0.0027658205945044756	0.060881081968545914	0.0021027331240475178	0.42761826515197754	0.0037573317531496286	0.009426187723875046	0.14936883747577667	True	0.7872796654701233	0.011498093605041504	0.019026556983590126	0.012629245407879353	0.1234380379319191	3.5347713946976e-06	0.02452882006764412	0.02159612998366356
901822579362627584	Front page of this morning's Houston Chronicle - print and digital editions HurricaneHarvey	data/processed/pro_crisismmd/images/data_image/hurricane_harvey/27_8_2017/901822579362627584_1.jpg	other_relevant_information	other_relevant_information	True	0.5518031120300293	0.28273627534508705	0.26906683668494225	0.5518031120300293	0.017362958751618862	0.008110805181786418	0.04163363645784557	0.018216468364698812	0.014309596095699817	0.0794965922832489	False	True	0.44672369956970215	0.20364004373550415	0.016972778365015984	0.008570409379899502	0.12776030600070953	0.06787771731615067	0.0020983752328902483	0.12635666131973267	True	0.20984788239002228	0.6678574681282043	0.01749301888048649	0.00795760378241539	0.012924746610224247	0.0016627187142148614	0.018380003049969673	0.06387656927108765
901822598765522945	A friend's front's front yard in Austin Texas this morning after high winds from HurricaneHarvey 0. | Harvey	data/processed/pro_crisismmd/images/data_image/hurricane_harvey/27_8_2017/901822598765522945_0.jpg	infrastructure_and_utility_damage	affected_individuals	False	0.6727161072194576	0.5894759227521718	0.07528883020859212	0.03346400335431099	0.04493451118469238	0.026450172532349825	0.6727161072194576	0.05495399469509721	0.008952204138040543	0.08324018446728587	False	True	0.28488051891326904	0.06328490376472473	0.029103487730026245	0.0831305980682373	0.2487218827009201	0.013085545971989632	0.009830116294324398	0.2679629623889923	True	0.005424933973699808	0.02352370321750641	0.05021151900291443	0.007556697353720665	0.8140475153923035	0.0689101442694664	0.00865956675261259	0.021665925160050392
901822598765522945	A friend's front's front yard in Austin Texas this morning after high winds from HurricaneHarvey 0. | Harvey	data/processed/pro_crisismmd/images/data_image/hurricane_harvey/27_8_2017/901822598765522945_1.jpg	infrastructure_and_utility_damage	affected_individuals	False	0.7034746930003166	0.6267592926742509	0.07671540032606572	0.028662152588367462	0.03922348003834486	0.029047968331724405	0.7034746930003166	0.05874109687283635	0.009472229517996311	0.05466296477243304	False	True	0.29058679938316345	0.04407750070095062	0.006259363144636154	0.09352178126573563	0.3717562258243561	0.028233954682946205	0.011910217814147472	0.153654083609581	True	0.005424933973699808	0.02352370321750641	0.05021151900291443	0.007556697353720665	0.8140475153923035	0.0689101442694664	0.00865956675261259	0.021665925160050392
901822669527674880	Preachers are always blame natural disasters minority groups so I'm putting Hurricane Harvey onto the evil Trump ad	data/processed/pro_crisismmd/images/data_image/hurricane_harvey/27_8_2017/901822669527674880_0.jpg	not_humanitarian	not_humanitarian	True	0.8216782659292221	0.7552527114748955	0.8216782659292221	0.04071698966436088	0.02465028129518032	0.004646397661417723	0.06642555445432663	0.00019098210691481654	0.006864890456199646	0.03482663996692281	False	True	0.616031289100647	0.014021909795701504	0.01240633800625801	0.0064262403175234795	0.1921074092388153	0.0007474640151485801	0.02106502465903759	0.13719429075717926	True	0.8902272582054138	0.04961534962058067	0.02873159572482109	0.004053116776049137	0.02453160285949707	5.4881375035620295e-06	0.002131512388586998	0.0007040897035039961
901826643311951874	The pedestrian bridges over BuffaloBayouPark are underwater in some spots. HurricaneHarvey	data/processed/pro_crisismmd/images/data_image/hurricane_harvey/27_8_2017/901826643311951874_0.jpg	infrastructure_and_utility_damage	infrastructure_and_utility_damage	True	0.6844679117202759	0.48020193399861455	0.20426597772166133	0.025685505475848913	0.0050137825310230255	0.6844679117202759	0.02095667039975524	0.056611715350300074	0.0011601259902818128	0.001838314172346145	False	True	0.7372413873672485	0.04823964089155197	0.005787457339465618	0.16027307510375977	0.035602468997240067	0.00838637538254261	0.0004925854154862463	0.00397695554420352	True	0.026607507839798927	0.018167460337281227	0.004755890928208828	0.8591995239257812	0.016074737533926964	0.0726868286728859	0.0013826395152136683	0.0011254337150603533
901830993765699584	ALERT: Civilian UAV drones currently banned within Harvey disaster recovery zones in Texas	data/processed/pro_crisismmd/images/data_image/hurricane_harvey/27_8_2017/901830993765699584_0.jpg	other_relevant_information	other_relevant_information	True	0.45932508260011673	0.004192661494016647	0.4551324211061001	0.45932508260011673	0.020128533768001944	0.04651127848774195	0.009296965901739895	0.0005686427457476384	0.0023554215440526605	0.006681638129521161	False	True	0.1900375336408615	0.6759541630744934	0.003027502680197358	0.09192506968975067	0.007174752186983824	0.002202174859121442	0.005038199480623007	0.024640655145049095	True	0.5434973835945129	0.38711538910865784	0.025828877463936806	0.03137334808707237	0.010004370473325253	2.413204128970392e-05	0.001461162231862545	0.0006952991243451834
901831048358760453	Box Office Disaster: Lackluster Releases, Mayweather-McGregor, Hurricane Harvey Create Perfect Storm	data/processed/pro_crisismmd/images/data_image/hurricane_harvey/27_8_2017/901831048358760453_0.jpg	not_humanitarian	not_humanitarian	True	0.8168495446443558	0.7569917957298458	0.8168495446443558	0.04360055469442159	0.015631115064024925	0.011158164939843118	0.05985774891451001	0.0008766563201163535	0.04365929863706697	0.00836692986649723	False	True	0.5452641248703003	0.006366696674376726	0.016343990340828896	0.026759635657072067	0.1955106109380722	0.0035042406525462866	0.1728639304637909	0.03338679298758507	True	0.9073780179023743	0.05601184070110321	0.015393489971756935	0.005957674700766802	0.01464012823998928	7.948759730425081e-07	0.0005910880281589925	2.6975492801284418e-05
901835318822932481	NWSSanAntonio: 10:51a 8/27 - Harvey's winds continue to decrease but 35-45mph winds still possible in yellow shade	data/processed/pro_crisismmd/images/data_image/hurricane_harvey/27_8_2017/901835318822932481_0.jpg	other_relevant_information	other_relevant_information	True	0.9377982020378113	0.878770865034312	0.05902733700349927	0.9377982020378113	6.343149834719952e-05	0.002355056465603411	0.0001905662938952446	6.155641494842712e-05	0.00012872895513282856	0.00037507394154090434	False	True	0.16972707211971283	0.8259638547897339	2.6095309294760227e-05	0.00358153460547328	0.000273550976999104	7.582137186545879e-05	4.0072667616186664e-05	0.0003119379107374698	True	0.02212742529809475	0.9750763177871704	7.587689469801262e-05	0.0019462304189801216	0.0001629047328606248	5.680142930941656e-05	0.0001582810509717092	0.0003961192851420492
904206758830370816	Thanks to the Texas National Guard for their help to rescue flooded Texans. HurricaneHarvey	data/processed/pro_crisismmd/images/data_image/hurricane_harvey/3_9_2017/904206758830370816_0.jpg	rescue_volunteering_or_donation_effort	rescue_volunteering_or_donation_effort	True	0.7870674282312393	0.6207634583115578	0.16630396991968155	0.009566600958351046	0.7870674282312393	0.000999237090582028	0.030296303797513247	0.0006944689121155534	0.0045709318947046995	0.000501055757922586	False	True	0.19016626477241516	0.0028773073572665453	0.7452293038368225	0.0009796092053875327	0.05364571139216423	0.0026287701912224293	0.0035746260546147823	0.0008984239539131522	True	0.158349871635437	0.01179636549204588	0.8010134696960449	0.0010057797189801931	0.022513167932629585	4.97018190799281e-05	0.004903033841401339	0.00036859969259239733
904206851478257665	Texans' do-it-ourselves rescue effort defines Hurricane Harvey	data/processed/pro_crisismmd/images/data_image/hurricane_harvey/3_9_2017/904206851478257665_0.jpg	rescue_volunteering_or_donation_effort	rescue_volunteering_or_donation_effort	True	0.8309172242879868	0.7073827828280628	0.038704623468220234	0.0017141166699730093	0.8309172242879868	0.00046770129210926825	0.12353444145992398	2.6114038973901188e-05	0.004489369515795261	0.0001463878352296888	False	True	0.05242108553647995	0.00011050425382563844	0.5235716104507446	5.480769686982967e-05	0.4098069965839386	9.049818618223071e-05	0.013452851213514805	0.0004916232428513467	True	0.034132469445466995	0.002248654142022133	0.9333657622337341	0.0006053324905224144	0.028110256418585777	4.65265657112468e-06	0.0015015422832220793	3.1309366022469476e-05
904206869484494848	Lil' Flip Defends Donald Trump, Calls Out His Haters Over Hurricane Harvey (Video)	data/processed/pro_crisismmd/images/data_image/hurricane_harvey/3_9_2017/904206869484494848_0.jpg	not_humanitarian	not_humanitarian	True	0.4044696316123009	0.07774467125273077	0.4044696316123009	0.3267249603595701	0.0488500720821321	0.08528487762669101	0.10907949693500996	0.0016398746884078719	0.007557594391983002	0.016393475118093193	False	True	0.6918498873710632	0.0003623920783866197	0.004526427015662193	0.0022949057165533304	0.23895195126533508	0.0004091054724995047	0.019331835210323334	0.04227348789572716	True	0.30867621302604675	0.4355124831199646	0.06362462043762207	0.11294820159673691	0.06578867882490158	0.002050131093710661	0.0036328474525362253	0.007766804192215204
904207083066855425	Join in supporting those affected by HurricaneHarvey. HoustonStrong	data/processed/pro_crisismmd/images/data_image/hurricane_harvey/3_9_2017/904207083066855425_0.jpg	rescue_volunteering_or_donation_effort	not_humanitarian	False	0.6852758526802063	0.4984360747039318	0.6852758526802063	0.0007191280601546168	0.1868397779762745	0.0006818304609623738	0.12407002970576286	0.00028939785446624455	0.0006706420463160612	0.001453405684515019	False	True	0.2678458094596863	0.001220356090925634	0.2576221227645874	0.0014048825250938535	0.46353280544281006	0.001156386686488986	0.0016507402760908008	0.005566904321312904	True	0.8244192004203796	0.0005520520498976111	0.16324566304683685	0.0004408131062518805	0.010915771126747131	4.015771253307321e-07	0.00034394263639114797	8.223947224905714e-05
904207110254166016	Pizza Hut surprises Harvey victims by delivering pizzas by kayak	data/processed/pro_crisismmd/images/data_image/hurricane_harvey/3_9_2017/904207110254166016_0.jpg	rescue_volunteering_or_donation_effort	rescue_volunteering_or_donation_effort	True	0.6949943974614143	0.5353289432823658	0.10958457924425602	0.010635269863996655	0.6949943974614143	0.008832477906253189	0.15966545417904854	0.00019875041107297875	0.0014332970895338804	0.014655686565674841	False	True	0.250181645154953	0.003070898586884141	0.3155094087123871	0.001042328542098403	0.42414870858192444	0.00048469542525708675	0.0007450053235515952	0.004817270208150148	True	0.06271889060735703	0.013156726956367493	0.8214893937110901	0.01142919436097145	0.0715043693780899	0.00010343540634494275	0.001662727678194642	0.01793515868484974
904207283025920000	whoever did not round one, will round 2 Harvey	data/processed/pro_crisismmd/images/data_image/hurricane_harvey/3_9_2017/904207283025920000_0.jpg	not_humanitarian	not_humanitarian	True	0.8388387784361839	0.7580216725182254	0.8388387784361839	0.004133182774239685	0.04307897490798496	0.0013683523575309664	0.08081710591795854	4.330674856589667e-05	0.011491760931676254	0.020228581266565016	False	True	0.38521435856819153	0.000462907220935449	0.17006611824035645	0.002158883260563016	0.31862685084342957	0.0001706487819319591	0.04284055158495903	0.08045975118875504	True	0.9900469183921814	0.005356607958674431	0.0007499271305277944	0.0011048420565202832	0.0015471909428015351	8.594041105425276e-07	0.0010421640472486615	0.00015152462583500892
904212018303041536	Even with the Harvey photo ops, Trumps presidency is still a	data/processed/pro_crisismmd/images/data_image/hurricane_harvey/3_9_2017/904212018303041536_0.jpg	not_humanitarian	not_humanitarian	True	0.9836745858192444	0.9776379333343357	0.9836745858192444	0.005280473851598799	0.0019617170764831826	0.0021847547322977334	0.0060366524849087	2.861862846970098e-05	0.0005277263699099422	0.0003054500275538885	False	True	0.9775317907333374	0.0017379592172801495	0.00041973585030063987	0.004453033674508333	0.013995619490742683	0.00011309671390336007	0.0006992833223193884	0.001049472251906991	True	0.9857221841812134	0.006461312063038349	0.00247571081854403	0.0014286617515608668	0.003383663482964039	4.5926665848128323e-07	0.0004705407191067934	5.744261943618767e-05
904212036887785472	Harvey's Chilling Wake NASA	data/processed/pro_crisismmd/images/data_image/hurricane_harvey/3_9_2017/904212036887785472_0.jpg	other_relevant_information	not_humanitarian	False	0.7011995762586594	0.4796275161206722	0.7011995762586594	0.22157206013798714	0.014930079662008211	0.036929763795342296	0.01365812768926844	0.00031250827305484563	0.0060907555889571086	0.005307125982653815	False	True	0.4272594451904297	0.5654009580612183	0.0003336070803925395	0.002868503099307418	0.0025964488741010427	0.0006872265366837382	0.00046380801359191537	0.0003900756419170648	True	0.7925129532814026	0.1069624274969101	0.019795570522546768	0.048283517360687256	0.017345353960990906	0.0001876021851785481	0.007966404780745506	0.006946142762899399
904212397698711552	Millions of fire ants floating in flooding from Harvey	data/processed/pro_crisismmd/images/data_image/hurricane_harvey/3_9_2017/904212397698711552_0.jpg	other_relevant_information	infrastructure_and_utility_damage	False	0.3017815500497818	0.04734397679567337	0.25443757325410843	0.23317141458392143	0.07582073821686208	0.3017815500497818	0.0849363449960947	0.04315024905372411	0.0034070125548169017	0.0032950887689366937	False	True	0.34296345710754395	0.15971718728542328	0.005065544508397579	0.29615217447280884	0.02558581531047821	0.15993088483810425	0.004382412880659103	0.0062025003135204315	True	0.22492894530296326	0.25765615701675415	0.09940580278635025	0.30365800857543945	0.1047198548913002	0.004223370458930731	0.003081879112869501	0.002325951587408781
904212575994482688	steve harvey can't come to the phone right now. why? oh cause he's dead	data/processed/pro_crisismmd/images/data_image/hurricane_harvey/3_9_2017/904212575994482688_0.jpg	not_humanitarian	not_humanitarian	True	0.8567595928907394	0.8087142394797411	0.8567595928907394	0.037255240022204816	0.002621847961563617	0.015197031454590615	0.005341401672922075	0.00035435415657047997	0.04804535341099836	0.03442522184923291	False	True	0.8891570568084717	0.005585463251918554	0.0005463373381644487	0.00013336082338355482	0.005555898416787386	1.7668220607447438e-05	0.00026913511101156473	0.0987350344657898	True	0.8459604382514954	0.047811832278966904	0.0033136848360300064	0.0202182549983263	0.005269902758300304	0.0004665828018914908	0.06397075951099396	0.012988617643713951
904212647964532736	BPSO, CPSO, SFD crews continue to aid Harvey Relief in Texas	data/processed/pro_crisismmd/images/data_image/hurricane_harvey/3_9_2017/904212647964532736_0.jpg	rescue_volunteering_or_donation_effort	rescue_volunteering_or_donation_effort	True	0.7869099378585815	0.6535392515361309	0.06546620681183413	0.0022981037909630686	0.7869099378585815	0.0016052086430136114	0.13337068632245064	0.0015019410857348703	0.00249973131576553	0.006348142647766508	False	True	0.2524750232696533	0.0034465398639440536	0.22549694776535034	0.0050707547925412655	0.47660601139068604	0.005726519972085953	0.007570808753371239	0.02360742725431919	True	0.003129934659227729	0.0019152917666360736	0.9740476012229919	0.0004500265931710601	0.018958911299705505	9.37481236178428e-05	0.0008093721698969603	0.0005950477789156139
904216174342299648	He's shaking people's hands and then preparing food. Trump Harvey Houston	data/processed/pro_crisismmd/images/data_image/hurricane_harvey/3_9_2017/904216174342299648_0.jpg	not_humanitarian	rescue_volunteering_or_donation_effort	False	0.4060898385941982	0.08846049383282661	0.3176293447613716	0.009762724686879665	0.4060898385941982	0.0020254821429261938	0.22223082557320595	5.5576907470822334e-05	0.029182719299569726	0.01302348564058775	False	True	0.37709885835647583	0.002998547861352563	0.19620133936405182	0.000546501309145242	0.27643975615501404	0.0002077507961075753	0.09529007226228714	0.05121718719601631	True	0.29780617356300354	0.012017450295388699	0.4760526716709137	0.002518475754186511	0.20416118204593658	4.852277925238013e-06	0.007146934978663921	0.00029225178877823055
904216218776854528	"""Sure seems like a reasonable question..."" HurricaneHarvey"	data/processed/pro_crisismmd/images/data_image/hurricane_harvey/3_9_2017/904216218776854528_0.jpg	not_humanitarian	not_humanitarian	True	0.9821084290742874	0.9722367946030772	0.9821084290742874	0.0018476820114301518	0.0028164255782030523	0.0002860255081031937	0.002594363992102444	6.460473534986022e-05	0.00041081428480538307	0.0098716344712102	False	True	0.9386150240898132	0.0005695205763913691	0.010138950310647488	0.0004985666600987315	0.008933456614613533	0.0002575215185061097	0.001513493130914867	0.03947347402572632	True	0.9966062307357788	0.002273735823109746	0.00037558400072157383	0.00021517845743801445	0.0004813331179320812	2.991409644437226e-07	4.3254669435555115e-05	4.354619704827201e-06
904217020031520768	Was Hurricane Harvey Artificially Intensified by GeoengineeringPrograms?	data/processed/pro_crisismmd/images/data_image/hurricane_harvey/3_9_2017/904217020031520768_0.jpg	other_relevant_information	not_humanitarian	False	0.7438581511378288	0.4990898575633764	0.7438581511378288	0.2447682935744524	0.002936118107754737	0.005651678220601752	0.0021595419966615736	1.9468708842396154e-05	0.00037046769284643233	0.00023637666481590713	False	True	0.30722275376319885	0.6872782707214355	0.0005761522334069014	0.0015411238418892026	0.002106076804921031	4.291617369744927e-05	0.00031032919650897384	0.0009223654633387923	True	0.8894032835960388	0.09726496785879135	0.0037227733992040157	0.007021863013505936	0.0021773637272417545	1.1652887224045116e-05	0.0003905138582922518	7.713731974945404e-06
904217471678337024	AP: Hurricane Harvey Floods Toxic Waste Sites, With The EPA Missing In Action via	data/processed/pro_crisismmd/images/data_image/hurricane_harvey/3_9_2017/904217471678337024_0.jpg	infrastructure_and_utility_damage	other_relevant_information	False	0.4283337565138936	0.11323730368167162	0.315096452832222	0.4283337565138936	0.037463275948539376	0.17123593017458916	0.033231833251193166	0.006376454315613955	0.0034854383120546117	0.004776890011271462	False	True	0.5927732586860657	0.044609952718019485	0.01038395706564188	0.21953244507312775	0.09986463934183121	0.014418690465390682	0.0007077870541252196	0.0177092794328928	True	0.22253751754760742	0.5562416911125183	0.046489715576171875	0.1551370918750763	0.011020897887647152	0.0036957089323550463	0.0044113220646977425	0.00046609353739768267
904220981597757441	Hurricane Harvey's impact on the US oil industry	data/processed/pro_crisismmd/images/data_image/hurricane_harvey/3_9_2017/904220981597757441_0.jpg	infrastructure_and_utility_damage	not_humanitarian	False	0.613293007016182	0.4183786865323782	0.613293007016182	0.19491432048380375	0.004874091304372996	0.15968364663422108	0.02112767333164811	0.00491032269110292	0.0011182972666574642	7.861944914111518e-05	False	True	0.501146674156189	0.06265310198068619	0.00248168152756989	0.3429979979991913	0.07040201127529144	0.019552206620573997	0.0004685256280936301	0.00029778401949442923	True	0.6506751179695129	0.23900139331817627	0.0056715612299740314	0.09857886284589767	0.004702894017100334	2.9694714612560347e-05	0.001334887812845409	5.564592356677167e-06
904221094143512576	Sewage, fecal bacteria in Hurricane Harvey floodwaters breakingnews	data/processed/pro_crisismmd/images/data_image/hurricane_harvey/3_9_2017/904221094143512576_0.jpg	infrastructure_and_utility_damage	not_humanitarian	False	0.4569442169740796	0.20681071188300848	0.4569442169740796	0.17746492847800255	0.020524892781395465	0.25013350509107113	0.022424873895943165	0.06960527595219901	0.0017272578552365303	0.0011751169986382592	False	True	0.041851956397295	0.01774294674396515	0.003327400656417012	0.6408077478408813	0.012723896652460098	0.2776493728160858	0.0017127697356045246	0.004183824639767408	True	0.5953083038330078	0.23070558905601501	0.026257390156388283	0.11990875750780106	0.025658532977104187	0.0002572436642367393	0.0017320872284471989	0.00017221445159520954
904221902113263616	Will you chip in to the HurricaneHarvey relief fund? More information here:	data/processed/pro_crisismmd/images/data_image/hurricane_harvey/3_9_2017/904221902113263616_0.jpg	rescue_volunteering_or_donation_effort	not_humanitarian	False	0.7733558937907219	0.6655041165649891	0.7733558937907219	0.0013988949940539896	0.1078517772257328	0.0018956026469822973	0.10549878096207976	6.862105954041908e-05	0.0016473955947731156	0.008283067887532525	False	True	0.4763278663158417	0.0004848961252719164	0.1078011617064476	0.0012046658666804433	0.3761564791202545	0.0002585274341981858	0.006151930429041386	0.03161448612809181	True	0.8723652362823486	0.001703561283648014	0.10786864906549454	0.0021259149070829153	0.015279548242688179	5.318934654496843e-06	0.0001458839833503589	0.0005059284740127623
904221934124130304	Hurricane Harvey, Rockport, TX Eye Wall Peak winds - 8/26/2017	data/processed/pro_crisismmd/images/data_image/hurricane_harvey/3_9_2017/904221934124130304_0.jpg	other_relevant_information	other_relevant_information	True	0.6180472327396274	0.3987354713026434	0.029079631436616182	0.6180472327396274	0.04726258694427088	0.020806302083656192	0.01882885815575719	0.21931176143698394	0.041136792748147855	0.005526867345906794	False	True	0.05318429321050644	0.03104988858103752	0.003430453361943364	0.038545046001672745	0.021927520632743835	0.8483113050460815	0.00022812887618783861	0.003323391079902649	True	0.021044744178652763	0.813713014125824	0.06187329813838005	0.01489338744431734	0.017795970663428307	0.009645246900618076	0.05477301403880119	0.0062613594345748425
904222283207725056	"thehill: Trump on response to Hurricane Harvey: ""As tough as this was, it has been a wonderful thing"""	data/processed/pro_crisismmd/images/data_image/hurricane_harvey/3_9_2017/904222283207725056_0.jpg	other_relevant_information	rescue_volunteering_or_donation_effort	False	0.26621561869978905	0.006786534562706947	0.2594290841370821	0.19723087233433034	0.26621561869978905	0.013222203961049672	0.2504449635744095	2.134890360139252e-05	0.011245886445976794	0.0021900195060879923	False	True	0.11180875450372696	0.0005397372297011316	0.37160661816596985	3.6535406252369285e-05	0.47808748483657837	1.1732382517948281e-05	0.030444856733083725	0.007464270107448101	True	0.3086358606815338	0.2627945840358734	0.23108528554439545	0.017617426812648773	0.17456412315368652	2.455441062920727e-05	0.004846229683607817	0.00043193597230128944
904222436857495553	Some love from the pets being rescued after Harvey. USARTF4	data/processed/pro_crisismmd/images/data_image/hurricane_harvey/3_9_2017/904222436857495553_0.jpg	rescue_volunteering_or_donation_effort	rescue_volunteering_or_donation_effort	True	0.8947549611330032	0.8425275268964469	0.05222743423655629	0.0030391857799259014	0.8947549611330032	0.0010308798955520615	0.04363648872822523	2.9980617739511217e-05	0.005000409146305174	0.00028061255761713255	False	True	0.03096669353544712	0.00013859293540008366	0.8814496397972107	0.0002572672092355788	0.07714753597974777	2.9818795610481175e-06	0.009252526797354221	0.0007847677334211767	True	0.05931434780359268	0.004006050061434507	0.8991900682449341	0.001288750790990889	0.032466139644384384	3.898019713233225e-05	0.003583036595955491	0.00011256083234911785
904222436857495553	Some love from the pets being rescued after Harvey. USARTF4	data/processed/pro_crisismmd/images/data_image/hurricane_harvey/3_9_2017/904222436857495553_1.jpg	rescue_volunteering_or_donation_effort	rescue_volunteering_or_donation_effort	True	0.7672987058758736	0.6265262831002474	0.14077242277562618	0.004099892219528556	0.7672987058758736	0.0015366119041573256	0.056338739581406116	0.0003468856748440885	0.011068119842093438	0.018538571852332097	False	True	0.3851466476917267	0.004381418693810701	0.371624618768692	0.0022801952436566353	0.1279565393924713	0.0012706021079793572	0.03352336958050728	0.07381660491228104	True	0.05931434780359268	0.004006050061434507	0.8991900682449341	0.001288750790990889	0.032466139644384384	3.898019713233225e-05	0.003583036595955491	0.00011256083234911785
904225963143176194	Yet Again! FLOTUS Melania Trump Wears Heels to Meet with HurricaneHarvey Victims| Photos -	data/processed/pro_crisismmd/images/data_image/hurricane_harvey/3_9_2017/904225963143176194_0.jpg	not_humanitarian	not_humanitarian	True	0.4929988458752632	0.20188083685934544	0.4929988458752632	0.009079526411369443	0.14748310460709035	0.010209842148469761	0.2911180090159178	2.862212022591848e-05	0.047164719144348055	0.0019173514920112211	False	True	0.9081489443778992	0.004204489290714264	0.001963234506547451	0.0014701198088005185	0.08118145912885666	6.574422150151804e-05	0.0027873797807842493	0.00017866324924398214	True	0.3546154797077179	0.01070453878492117	0.195989727973938	0.013123082928359509	0.3610968589782715	1.6248086467385292e-05	0.061957165598869324	0.002496914239600301
904228582385360897	ICYMI: Muslim volunteers spend Eid helping Houston hurricane recovery. Harvey	data/processed/pro_crisismmd/images/data_image/hurricane_harvey/3_9_2017/904228582385360897_0.jpg	rescue_volunteering_or_donation_effort	rescue_volunteering_or_donation_effort	True	0.7657671943306923	0.6448576115071774	0.10744359984528273	0.0005916928275837563	0.7657671943306923	0.0010160455785808153	0.12090958282351494	1.3294502650751383e-05	0.002330465358681977	0.0019281026034150273	False	True	0.4154125154018402	0.0015910627553239465	0.23656246066093445	0.0036837393417954445	0.33117204904556274	4.570910459733568e-05	0.006964829750359058	0.004567568190395832	True	0.004787294659763575	0.00025856951833702624	0.9421687722206116	0.00012681432417593896	0.050822094082832336	2.4896353352232836e-06	0.0007856772281229496	0.0010482807410880923
904228582385360897	ICYMI: Muslim volunteers spend Eid helping Houston hurricane recovery. Harvey	data/processed/pro_crisismmd/images/data_image/hurricane_harvey/3_9_2017/904228582385360897_1.jpg	rescue_volunteering_or_donation_effort	rescue_volunteering_or_donation_effort	True	0.7401807345449924	0.5386609360575676	0.048104270244948566	0.0004511194638325833	0.7401807345449924	0.0010078798586619087	0.20151979848742485	8.401455602324859e-05	0.006711741792969406	0.001940430753165856	False	True	0.17805519700050354	0.0010287693003192544	0.13421662151813507	0.0036510764621198177	0.6536129117012024	0.0003285893180873245	0.024489935487508774	0.004616880789399147	True	0.004787294659763575	0.00025856951833702624	0.9421687722206116	0.00012681432417593896	0.050822094082832336	2.4896353352232836e-06	0.0007856772281229496	0.0010482807410880923
904228902943440896	CNN surrenders A8C Harvey	data/processed/pro_crisismmd/images/data_image/hurricane_harvey/3_9_2017/904228902943440896_0.jpg	not_humanitarian	not_humanitarian	True	0.6082658767700195	0.4357314668595791	0.6082658767700195	0.04019197651359718	0.15465685748495162	0.0038715723239874933	0.17253440991044044	6.210594006006431e-05	0.013756857020780444	0.00666034733876586	False	True	0.5067515969276428	0.00023251090897247195	0.011560873128473759	0.00021253946761135012	0.44415032863616943	2.6928582883556373e-06	0.0231584794819355	0.013930998742580414	True	0.6421039700508118	0.05351179838180542	0.2023555189371109	0.005091249942779541	0.08199577033519745	8.191030065063387e-05	0.010622982867062092	0.004236796870827675
904250148590501888	Oklahoma City VA Hospital prepares for patients affected by Hurricane Harvey Watch Now 9	data/processed/pro_crisismmd/images/data_image/hurricane_harvey/3_9_2017/904250148590501888_0.jpg	rescue_volunteering_or_donation_effort	rescue_volunteering_or_donation_effort	True	0.5957774817943573	0.38042547181248665	0.08344690036028624	0.02161563327535987	0.5957774817943573	0.0008136455362546258	0.21535200998187065	0.00043680820090230554	0.06894905865192413	0.013608432782348245	False	True	0.2600700259208679	0.015921346843242645	0.2712090015411377	0.0002658011799212545	0.25314924120903015	0.0008006814168766141	0.15268301963806152	0.04590088874101639	True	0.024572525173425674	0.023513728752732277	0.7039669752120972	0.0009962603216990829	0.20275293290615082	0.00031551712891086936	0.04103773832321167	0.002844280796125531
904250508931735552	Harvey damage tops $20 billion with over 40,000 homes destroyed	data/processed/pro_crisismmd/images/data_image/hurricane_harvey/3_9_2017/904250508931735552_0.jpg	infrastructure_and_utility_damage	infrastructure_and_utility_damage	True	0.4394153170287609	0.03939050808548927	0.40002480894327164	0.07028939574956894	0.03570355277042836	0.4394153170287609	0.050799751188606024	0.0010306307522114366	0.0025200119998771697	0.00021651424322044477	False	True	0.6236459612846375	0.16784515976905823	0.00548212556168437	0.1667606681585312	0.03119419328868389	0.0030863615684211254	0.0011841239174827933	0.0008013987098820508	True	0.32548442482948303	0.03777080774307251	0.04577736184000969	0.5303001999855042	0.057334937155246735	0.00034538714680820704	0.002965308027341962	2.1552754333242774e-05
904254413530959872	Saving our doggie pals! harvey doglovers doggiepals	data/processed/pro_crisismmd/images/data_image/hurricane_harvey/3_9_2017/904254413530959872_0.jpg	rescue_volunteering_or_donation_effort	not_humanitarian	False	0.5375990122556686	0.27307475730776787	0.5375990122556686	0.02043189073447138	0.26452425494790077	0.022541439146152698	0.12617162708193064	0.00018687489682633895	0.024618850758997723	0.003926031989976764	False	True	0.28387880325317383	0.005894909147173166	0.351676344871521	0.0008396300836466253	0.3527098298072815	0.0006224113167263567	0.0017706480575725436	0.002607372123748064	True	0.6221724152565002	0.025277551263570786	0.23547355830669403	0.029775375500321388	0.05065889284014702	4.169609019299969e-05	0.03223491832613945	0.004365585278719664
904256723619336193	WHAT A LOAD OF GARBAGE FUCK	data/processed/pro_crisismmd/images/data_image/hurricane_harvey/3_9_2017/904256723619336193_0.jpg	not_humanitarian	not_humanitarian	True	0.9110289812088013	0.8534009348950349	0.9110289812088013	0.05762804631376639	0.0011406011326471344	0.0023292566766031086	0.007474577425455209	0.00017905030381371034	0.00034972935463883914	0.01986974315853729	False	True	0.6546811461448669	0.22669990360736847	0.0030421146657317877	0.005148318596184254	0.029455268755555153	0.0007142979884520173	0.0007816157885827124	0.07947736978530884	True	0.996478259563446	0.0012707605492323637	0.0005067632882855833	0.0013895693700760603	0.0001476803154218942	6.344089342746884e-07	0.00020576720999088138	5.34282946773601e-07
904257927363432449	Astros pummel Harvey in his return, top Mets 12-8	data/processed/pro_crisismmd/images/data_image/hurricane_harvey/3_9_2017/904257927363432449_0.jpg	not_humanitarian	not_humanitarian	True	0.8469290882349014	0.7949024355039	0.8469290882349014	0.021704567363485694	0.05202665273100138	0.03361113730352372	0.01987932389602065	8.382174621601735e-05	0.00801624299492687	0.01774915962596424	False	True	0.8682342767715454	0.003288748674094677	0.018267612904310226	0.005483425687998533	0.022479450330138206	0.00031758262775838375	0.012441898696124554	0.06948699802160263	True	0.8398273587226868	0.0278431735932827	0.0632796660065651	0.04298704117536545	0.019012615084648132	5.901452368561877e-06	0.006541024427860975	0.0005032134940847754
904266567860592641	Harvey's Wake Tempers Bullish Outlook for US Oil Output Growth |Rigzone	data/processed/pro_crisismmd/images/data_image/hurricane_harvey/3_9_2017/904266567860592641_0.png	not_humanitarian	not_humanitarian	True	0.5537399277091026	0.3236068719998002	0.5537399277091026	0.23013305570930243	0.05071372981183231	0.08546370267868042	0.0481354221701622	0.0027513642744452227	0.02545888308668509	0.0036038814951098175	False	True	0.4995661675930023	0.024746205657720566	0.1689271628856659	0.0580216646194458	0.1270943135023117	0.01074164267629385	0.09657177329063416	0.014331133104860783	True	0.5717978477478027	0.2985953390598297	0.011309252120554447	0.09461104869842529	0.021815791726112366	8.793814049568027e-05	0.0017545863520354033	2.813095852616243e-05
904266726958759936	Travel - Simulation reveals what it's like inside a tornado, In the new simulation from...	data/processed/pro_crisismmd/images/data_image/hurricane_harvey/3_9_2017/904266726958759936_0.jpg	other_relevant_information	other_relevant_information	True	0.7206228822469711	0.4969575125724077	0.2236653696745634	0.7206228822469711	0.004494049047934823	0.031140783161390573	0.00912784127285704	0.00028804110479541123	0.010493069799849764	0.00016800003140815534	False	True	0.6285915970802307	0.3630934953689575	0.0009106357465498149	0.002352771582081914	0.0028237083461135626	0.000618902500718832	0.0014251634711399674	0.0001837478921515867	True	0.08868996053934097	0.8397993445396423	0.005688520148396492	0.040736787021160126	0.011229218915104866	0.00017775397282093763	0.013515705242753029	0.0001627507444936782
904268469625004032	1994Ministry Of SoundDJ Harvey6	data/processed/pro_crisismmd/images/data_image/hurricane_harvey/3_9_2017/904268469625004032_0.jpg	not_humanitarian	not_humanitarian	True	0.46224765479564667	0.21870497707277536	0.46224765479564667	0.04929693974554539	0.10207846062257886	0.2435426777228713	0.046437567099928856	0.0010125416156370193	0.043524098582565784	0.05186005972791463	False	True	0.6694800853729248	0.0009660422801971436	0.024903418496251106	0.012612726539373398	0.07367150485515594	0.000630668131634593	0.02137201651930809	0.19636349380016327	True	0.39317017793655396	0.06540723890066147	0.1278034746646881	0.3205193281173706	0.03735958784818649	0.0011398327769711614	0.050908125936985016	0.003692248370498419
904271888066674688	Hurricane Harvey Liberty Fire Department Receives Life Supporting Supplies	data/processed/pro_crisismmd/images/data_image/hurricane_harvey/3_9_2017/904271888066674688_1.jpg	rescue_volunteering_or_donation_effort	rescue_volunteering_or_donation_effort	True	0.762452706694603	0.6211568803992122	0.14129582629539073	0.001448965078452602	0.762452706694603	0.00036979591823183	0.08751545520499349	2.4469737240906397e-05	0.005639698967570439	0.0012530328094726428	False	True	0.5352636575698853	0.00099430070258677	0.16232573986053467	0.0006088016089051962	0.2805973291397095	8.044689457165077e-05	0.017051134258508682	0.0030785684939473867	True	0.009973215870559216	0.0016005198704078794	0.9624950289726257	0.00029012735467404127	0.023154830560088158	5.810684797324939e-06	0.0018358872039243579	0.0006445209146477282
904274042659766272	Aboard The Navy Rescue Helos Scrambling To Keep Pace With Harvey	data/processed/pro_crisismmd/images/data_image/hurricane_harvey/3_9_2017/904274042659766272_0.jpg	rescue_volunteering_or_donation_effort	rescue_volunteering_or_donation_effort	True	0.5426316559314728	0.3340974599123001	0.20853419601917267	0.04822532506659627	0.5426316559314728	0.012701718136668205	0.14930669590830803	0.00949896391830407	0.026989847421646118	0.0021115995186846703	False	True	0.4481411576271057	0.02122299186885357	0.31895768642425537	0.02358761429786682	0.126796156167984	0.03700265288352966	0.016965186223387718	0.007326604798436165	True	0.12866520881652832	0.05722610279917717	0.6171896457672119	0.009073086082935333	0.1568102091550827	0.00033106759656220675	0.030331401154398918	0.00037326442543417215
904274294733201408	A puppy rescue on Beaumont, Texas. HurricaneHarvey. (Ashlee Elmore Facebook)	data/processed/pro_crisismmd/images/data_image/hurricane_harvey/3_9_2017/904274294733201408_0.jpg	rescue_volunteering_or_donation_effort	rescue_volunteering_or_donation_effort	True	0.6019144095480442	0.3855908736586571	0.21632353588938713	0.0061807307647541165	0.6019144095480442	0.006021587149007246	0.12988352961838245	0.023491985934924742	0.007991500664502382	0.008192700450308621	False	True	0.4284749925136566	0.009483314119279385	0.23483462631702423	0.0013185081770643592	0.18838638067245483	0.09390003979206085	0.01382691040635109	0.029775205999612808	True	0.1456063836812973	0.005079869646579027	0.7242743372917175	0.007589280139654875	0.110382579267025	2.263464921270497e-05	0.0060463640838861465	0.0009985319338738918
904277326950793216	Heads and Tails: Alaskans in Texas to help afterHarvey	data/processed/pro_crisismmd/images/data_image/hurricane_harvey/3_9_2017/904277326950793216_0.jpg	rescue_volunteering_or_donation_effort	not_humanitarian	False	0.6053382754325867	0.3596734795719385	0.6053382754325867	0.0012711624440271407	0.14405458234250546	0.001167976195574738	0.24566479586064816	0.0003830943618083893	0.001176519930595532	0.0009436050422664266	False	True	0.05534684658050537	0.0012430911883711815	0.21161186695098877	0.002666606567800045	0.7223311066627502	0.0015275153564289212	0.002082864288240671	0.003190167946740985	True	0.7886687517166138	0.0012805195292457938	0.12153548747301102	0.0006684327381663024	0.08677602559328079	1.6206969348786515e-06	0.000874405144713819	0.00019475074077490717
904277366851198982	President Trump and serving meals to HurricaneHarvey victims. Thank you	data/processed/pro_crisismmd/images/data_image/hurricane_harvey/3_9_2017/904277366851198982_0.jpg	rescue_volunteering_or_donation_effort	rescue_volunteering_or_donation_effort	True	0.8578594028949738	0.7606433611363173	0.04259405308403075	0.00025197791364917066	0.8578594028949738	0.00012945588036927802	0.0972160417586565	3.521727762745286e-07	0.0018941807211376727	5.457111501527834e-05	False	True	0.011515242047607899	3.974456194555387e-05	0.6956906318664551	1.0886759810091462e-05	0.2886756360530853	4.3231764834672504e-07	0.003917318768799305	0.00015008040645625442	True	0.052953656762838364	0.0003227223642170429	0.91191565990448	0.00016897892055567354	0.03339617699384689	3.2545781891712977e-07	0.0012198013719171286	2.2734684534952976e-05
904284442881122304	HARVEY?D What happend to your account????	data/processed/pro_crisismmd/images/data_image/hurricane_harvey/3_9_2017/904284442881122304_0.jpg	not_humanitarian	not_humanitarian	True	0.8119187280535698	0.645309434254159	0.8119187280535698	0.01149718722444959	0.00042264617877663113	0.007629471554537304	0.0014348530967254192	7.481743642756555e-05	0.0004129895423830021	0.1666092937994108	False	True	0.33039262890815735	0.0008291668491438031	9.95252194115892e-05	0.0007708471384830773	0.0007171380566433072	0.00029093673219904304	0.0009734019404277205	0.6659262776374817	True	0.9724274277687073	0.015053194016218185	0.0005303531652316451	0.009915679693222046	0.0016740914434194565	2.7776711704063928e-06	0.0002261854097014293	0.0001702991867205128
904285728808501248	Scientist shuts down climate change alarmists with new report about Hurricane Harvey	data/processed/pro_crisismmd/images/data_image/hurricane_harvey/3_9_2017/904285728808501248_0.jpg	other_relevant_information	not_humanitarian	False	0.5355770066380501	0.14990198612213135	0.5355770066380501	0.38567502051591873	0.02462018543155864	0.018150741001591086	0.03417857247404754	6.117947305028792e-05	0.000853084016853245	0.0008842480092425831	False	True	0.3400949537754059	0.6412621140480042	0.0013243139255791903	0.00914431270211935	0.005318044684827328	0.00012062885798513889	0.00023381570645142347	0.0025018288288265467	True	0.6007376909255981	0.30047932267189026	0.03238547593355179	0.021152883768081665	0.04379874840378761	4.13630114053376e-05	0.0010595067869871855	0.0003450544027145952
904285919217426432	Fire destroyed a family's home during Harvey, but this Virgin Mary statue survived	data/processed/pro_crisismmd/images/data_image/hurricane_harvey/3_9_2017/904285919217426432_0.jpg	infrastructure_and_utility_damage	affected_individuals	False	0.4462705925107002	0.28730007633566856	0.15897051617503166	0.050107529386878014	0.04787645197939128	0.14927252382040024	0.4462705925107002	0.0015885653556324542	0.017138442490249872	0.12877544201910496	False	True	0.34316834807395935	0.024164337664842606	0.003427568357437849	0.06759963929653168	0.3598524332046509	0.004642287734895945	0.041352275758981705	0.15579316020011902	True	0.0975712388753891	0.058755259960889816	0.06269274652004242	0.17649681866168976	0.4750766456127167	0.0005706578958779573	0.009067164734005928	0.11976953595876694
904288133046562820	Wrapping up Harvey rainfall... 7 day precip estimates from . txflood	data/processed/pro_crisismmd/images/data_image/hurricane_harvey/3_9_2017/904288133046562820_0.jpg	other_relevant_information	other_relevant_information	True	0.6654437631368637	0.3735655341297388	0.2918782290071249	0.6654437631368637	0.026914804879197618	0.008570548496209085	0.005334015120752156	0.0007042970210022759	0.0008143993163685082	0.0003399297766009113	False	True	0.1248745247721672	0.8611643314361572	0.00023541854170616716	0.006814241874963045	0.0032219463028013706	0.002590514486655593	8.858303044689819e-05	0.0010103662498295307	True	0.34754613041877747	0.6002035737037659	0.035807933658361435	0.009155984036624432	0.006038038060069084	7.555786578450352e-05	0.0010563380783423781	0.00011645095219137147
904289158843248640	Low pressure scooping up Harvey's leftovers, tracking the rain on all morning!	data/processed/pro_crisismmd/images/data_image/hurricane_harvey/3_9_2017/904289158843248640_0.jpg	other_relevant_information	other_relevant_information	True	0.6642967313528061	0.3572149910032749	0.3070817403495312	0.6642967313528061	0.008214060799218714	0.014015139313414693	0.0029446668922901154	0.00282148456426512	0.00038190378290892113	0.00024428644246654585	False	True	0.10718460381031036	0.8620080351829529	0.0005608960054814816	0.014232820831239223	0.002944894600659609	0.011192753911018372	0.0013540927320718765	0.0005218998994678259	True	0.3737141191959381	0.5983929634094238	0.010765115730464458	0.013942578807473183	0.002944590989500284	3.10614486807026e-05	5.7840799854602665e-05	0.00015174862346611917
904292234148941825	USArmy Soldiers from , Texas, prepare to convoy south in support of Harvey relief efforts.	data/processed/pro_crisismmd/images/data_image/hurricane_harvey/3_9_2017/904292234148941825_0.jpg	rescue_volunteering_or_donation_effort	rescue_volunteering_or_donation_effort	True	0.6586647108197212	0.511675925925374	0.12703335005789995	0.01493435655720532	0.6586647108197212	0.004023488669190556	0.1469887848943472	0.02946791663998738	0.01675382419489324	0.00213358155451715	False	True	0.3592599034309387	0.0065609002485871315	0.2448510229587555	0.004626668058335781	0.24228891730308533	0.11488933861255646	0.022296946495771408	0.005226382985711098	True	0.049624498933553696	0.01772550866007805	0.7966026067733765	0.003822428872808814	0.11522207409143448	0.0009941093157976866	0.014906116761267185	0.0011026477441191673
904295993021267968	The GuyHarvey Florida Lighthouse Collage Woven Aloha Shirt is Guy's personal Fav - from	data/processed/pro_crisismmd/images/data_image/hurricane_harvey/3_9_2017/904295993021267968_0.jpg	not_humanitarian	not_humanitarian	True	0.4310835599899292	0.252497885376215	0.4310835599899292	0.17858567461371422	0.15237007476389408	0.1321445764042437	0.04392929933965206	0.004187819256912917	0.04774382524192333	0.009955138666555285	False	True	0.7357955574989319	0.08991281688213348	0.08351721614599228	0.01966007985174656	0.017471201717853546	0.009780586697161198	0.031488168984651566	0.012374342419207096	True	0.32951289415359497	0.20814329385757446	0.17532102763652802	0.16963940858840942	0.0527486652135849	0.0023235634434968233	0.05316237732768059	0.009148737415671349
904296426926104580	'Cajun Navy' Rescuers In Hurricane Harvey Show Vital Role Of Volunteer Boats	data/processed/pro_crisismmd/images/data_image/hurricane_harvey/3_9_2017/904296426926104580_0.jpg	rescue_volunteering_or_donation_effort	rescue_volunteering_or_donation_effort	True	0.7399045322090387	0.5314797032624483	0.037893804954364896	0.0035109804884996265	0.7399045322090387	0.00037657398934243247	0.20842482894659042	0.00042771418156917207	0.008557874010875821	0.0009037366107804701	False	True	0.11959079653024673	0.0007264859741553664	0.10692880302667618	0.0004911283031105995	0.7687831521034241	0.001374284503981471	0.0015494804829359055	0.0005558280390687287	True	0.01066147442907095	0.00443914532661438	0.9508964419364929	0.0003383892180863768	0.021638721227645874	0.0001121907407650724	0.010894005186855793	0.0010197061346843839
904296464540733440	P.J. Harvey, Bjork and Tori Amos John Stoddart Photography	data/processed/pro_crisismmd/images/data_image/hurricane_harvey/3_9_2017/904296464540733440_0.jpg	not_humanitarian	rescue_volunteering_or_donation_effort	False	0.39168279245495796	0.04169565066695213	0.09008483402431011	0.008287986936920788	0.39168279245495796	0.03679525211919099	0.34998714178800583	0.004974239156581461	0.11215992830693722	0.006027846233337186	False	True	0.0972047746181488	0.0002798082714434713	0.06668539345264435	0.0011758548207581043	0.587539553642273	0.0006920606829226017	0.22429056465625763	0.022132018581032753	True	0.08771152049303055	0.010957379825413227	0.5000152587890625	0.04866838455200195	0.2708030045032501	0.006401631981134415	0.07478304952383041	0.0006597887841053307
904297041618198528	What a strange similarity. 444 HurricaneHarvey	data/processed/pro_crisismmd/images/data_image/hurricane_harvey/3_9_2017/904297041618198528_0.jpg	not_humanitarian	not_humanitarian	True	0.7396668891888112	0.49486158945728675	0.7396668891888112	0.0068075042217969894	0.0012417187972459942	0.0029464577783073764	0.0035349472309462726	9.76914367356585e-05	0.0008995384487207048	0.24480529973152443	False	True	0.010588685981929302	0.0010072886943817139	0.0006608449621126056	0.00024047195620369166	0.0053064776584506035	0.00038149216561578214	0.002757588867098093	0.9790571928024292	True	0.9826929569244385	0.008740909397602081	0.0014353434089571238	0.003848453052341938	0.002944437088444829	3.0911937756172847e-06	0.00028018830926157534	5.466870788950473e-05
904299302683631616	JUST IN: Another large explosion and fire at flooded chemical plant in Crosby, Texas. Harvey	data/processed/pro_crisismmd/images/data_image/hurricane_harvey/3_9_2017/904299302683631616_0.jpg	infrastructure_and_utility_damage	not_humanitarian	False	0.5095063298940659	0.18471487145870924	0.5095063298940659	0.3247914584353566	0.009270721639040858	0.09588307328522205	0.01485457899980247	0.01611912878433941	0.025023098336532712	0.004551624049781822	False	True	0.6432151198387146	0.05435790494084358	0.001647069351747632	0.11387969553470612	0.03504302352666855	0.06305897980928421	0.07285992801189423	0.01593828946352005	True	0.4649367332458496	0.41493597626686096	0.0118119390681386	0.0898841992020607	0.00812509749084711	0.0004725117760244757	0.00907748844474554	0.0007560689118690789
904299427254468609	Is that a tornado or did the cloud grow a leg..??	data/processed/pro_crisismmd/images/data_image/hurricane_harvey/3_9_2017/904299427254468609_0.jpg	not_humanitarian	not_humanitarian	True	0.7826568931341171	0.6777668036520481	0.7826568931341171	0.10489008948206902	0.0003726515715243295	0.08468883205205202	0.023617701372131705	0.0001239483708559419	0.0010987515925080515	0.002551115439473506	False	True	0.5999785661697388	0.08295206725597382	0.0005838844808749855	0.21700003743171692	0.08858110755681992	0.00044822486233897507	0.00031449159723706543	0.010141708888113499	True	0.8435496687889099	0.11220276355743408	0.0003022406017407775	0.040585096925497055	0.001963232643902302	1.585620702826418e-05	0.0013601715909317136	2.0917623260174878e-05
904303557582753793	Making a Tropical Storm Harvey Donation? Go With Cash news business	data/processed/pro_crisismmd/images/data_image/hurricane_harvey/3_9_2017/904303557582753793_0.jpg	rescue_volunteering_or_donation_effort	rescue_volunteering_or_donation_effort	True	0.3954081255942583	0.08033868996426463	0.3150694356299937	0.007674804606722319	0.3954081255942583	0.002374023672700787	0.27639324963092804	2.7854514712544187e-06	0.0028764662420144305	0.00020112997481191996	False	True	0.009603286162018776	6.942245090613142e-05	0.03764445334672928	1.0104881766892504e-05	0.9420138597488403	1.1934192798435106e-06	0.010573976673185825	8.36263716337271e-05	True	0.416891485452652	0.010209931991994381	0.5146626830101013	0.003161996603012085	0.054519712924957275	3.316128868391388e-06	0.0003106294316239655	0.00024029784253798425
904306805827887104	"Forbes ""Best colleges for high salary potential: 1. Harvey Mudd College 2. Princeton 3. MIT"	data/processed/pro_crisismmd/images/data_image/hurricane_harvey/3_9_2017/904306805827887104_0.jpg	not_humanitarian	not_humanitarian	True	0.5704967379570007	0.40446065086871386	0.5704967379570007	0.16603608708828688	0.025468213483691216	0.12441086326725781	0.03139939100947231	9.883576649372117e-05	0.004009552969364449	0.07808034813206177	False	True	0.520967423915863	0.011618729680776596	0.024655330926179886	0.00801746267825365	0.11023933440446854	0.00035819312324747443	0.01273692212998867	0.31140652298927307	True	0.5870065093040466	0.21750853955745697	0.025739174336194992	0.16320866346359253	0.005119409877806902	1.2383314242470078e-05	0.0011004299158230424	0.00030495651299133897
904308749589983232	In-state rivals come together to help victims of Harvey	data/processed/pro_crisismmd/images/data_image/hurricane_harvey/3_9_2017/904308749589983232_0.jpg	rescue_volunteering_or_donation_effort	not_humanitarian	False	0.5356513429433107	0.2077621016651392	0.5356513429433107	0.0010631508066580864	0.32788924127817154	0.0011091795040556462	0.12961641885340214	1.020287018604904e-05	0.0020146568422205746	0.0026457847889105324	False	True	0.08775682002305984	0.00011632260429905728	0.5759095549583435	6.476761336671188e-05	0.32402271032333374	3.544940409483388e-05	0.0021824773866683245	0.009911916218698025	True	0.684949517250061	0.0013787602074444294	0.24521580338478088	0.0014573168009519577	0.06481432169675827	1.7873588831207599e-06	0.0019587166607379913	0.00022374097898136824
904314711721869312	Video: on road course debut at	data/processed/pro_crisismmd/images/data_image/hurricane_harvey/3_9_2017/904314711721869312_0.jpg	not_humanitarian	not_humanitarian	True	0.7945503294467926	0.7065729349851608	0.7945503294467926	0.08797739446163177	0.02180604124441743	0.05306503316387534	0.008018123335205019	0.004785415263540926	0.010630337928887457	0.01916736037674127	False	True	0.8057436347007751	0.008870713412761688	0.0313236378133297	0.0037245284765958786	0.021117640659213066	0.018894776701927185	0.034847330302000046	0.07547775655984879	True	0.7908192276954651	0.11434628814458847	0.018633509054780006	0.06951186805963516	0.0036516175605356693	8.229478407884017e-05	0.002558007137849927	0.0003972283157054335
904315833190674432	"""Texas needed help. So we came."" Cpt. Amber Luecke, 71st EMIB in Victoria, Texas. Harvey"	data/processed/pro_crisismmd/images/data_image/hurricane_harvey/3_9_2017/904315833190674432_0.jpg	rescue_volunteering_or_donation_effort	not_humanitarian	False	0.5122593231499195	0.15119848772883415	0.5122593231499195	0.012650573597056791	0.36106083542108536	0.0012200789788039401	0.10860856249928474	4.364583116966969e-05	0.0030505183385685086	0.0011065185826737434	False	True	0.16799785196781158	0.0009432564256712794	0.6582646369934082	0.0005491948104463518	0.16761153936386108	0.00015250412980094552	0.002748096128925681	0.0017328982939943671	True	0.6270131468772888	0.016553012654185295	0.2619929015636444	0.0014437070349231362	0.08894090354442596	7.359731625911081e-06	0.0031513257417827845	0.0008977253455668688
904319292606468096	Zion Responds to Hurricane Harvey	data/processed/pro_crisismmd/images/data_image/hurricane_harvey/3_9_2017/904319292606468096_0.jpg	other_relevant_information	rescue_volunteering_or_donation_effort	False	0.43016428989358246	0.001088251592591405	0.42907603830099106	0.06422279588878155	0.43016428989358246	0.013585122535005212	0.04632276901975274	0.0001429646508768201	0.001397188509145053	0.015088896354427561	False	True	0.794769823551178	0.12218693643808365	0.009154071100056171	0.0027084192261099815	0.01431378535926342	0.0002053331263596192	0.00017439662769902498	0.05648726969957352	True	0.3071781098842621	0.04490141570568085	0.5705010294914246	0.017210690304636955	0.05699243023991585	0.00012217515904922038	0.0018047858029603958	0.0012894385727122426
904319448181596160	Potential impact of Hurricane Harvey on Insurers and Reinsurers	data/processed/pro_crisismmd/images/data_image/hurricane_harvey/3_9_2017/904319448181596160_0.jpg	other_relevant_information	not_humanitarian	False	0.6894533783197403	0.4924035333096981	0.6894533783197403	0.1970498450100422	0.0110287603456527	0.045137380715459585	0.026713859057053924	0.0009304083869210444	0.0008715286967344582	0.02881489187484476	False	True	0.5039380788803101	0.26895952224731445	0.013259322382509708	0.027430938556790352	0.06671502441167831	0.003511842805892229	0.0010067799594253302	0.11517850309610367	True	0.751291811466217	0.1730799525976181	0.010285239666700363	0.05103952810168266	0.013380137272179127	6.993024726398289e-05	0.0008264449425041676	2.702146775845904e-05
904324002176532481	Here's a look at some of the damage and water inside Hilliard ES HISD Harvey	data/processed/pro_crisismmd/images/data_image/hurricane_harvey/3_9_2017/904324002176532481_3.jpg	infrastructure_and_utility_damage	infrastructure_and_utility_damage	True	0.5038555786013603	0.3108567651361227	0.1302662887610495	0.12077229376882315	0.0029059480875730515	0.5038555786013603	0.029277097899466753	0.19299881346523762	0.016382699890527874	0.003541281388606876	False	True	0.46795880794525146	0.054515939205884933	0.002632700139656663	0.3583460748195648	0.029110847041010857	0.02248377352952957	0.05722300708293915	0.0077288346365094185	True	0.017702115699648857	0.14285774528980255	0.0029970307368785143	0.5523587465286255	0.029332514852285385	0.24983716011047363	0.0027692641597241163	0.0021454303059726954
904330655848423424	Civil Air Patrol Illinois Wing To Help Survey Damage From HurricaneHarvey	data/processed/pro_crisismmd/images/data_image/hurricane_harvey/3_9_2017/904330655848423424_0.jpg	infrastructure_and_utility_damage	rescue_volunteering_or_donation_effort	False	0.5009022532321978	0.3721391372673679	0.12876311596482992	0.06877490202896297	0.5009022532321978	0.11928564682602882	0.046585479751229286	0.11853161804901902	0.011747636257496197	0.005409295088611543	False	True	0.3892565369606018	0.009359951131045818	0.0013160222442820668	0.03919914364814758	0.08716795593500137	0.4726445972919464	7.504367385990918e-05	0.0009807231836020947	True	0.04193197563290596	0.08857988566160202	0.6674309968948364	0.14598114788532257	0.033057987689971924	0.0004939583013765514	0.015638500452041626	0.006885485723614693
904331238227501056	Day 1 of USA holiday. NYC with Ash & Mike. Tail end of Harvey while walking around Central Park reservoir.	data/processed/pro_crisismmd/images/data_image/hurricane_harvey/3_9_2017/904331238227501056_0.jpg	not_humanitarian	not_humanitarian	True	0.6391193866729736	0.5312766233691946	0.6391193866729736	0.10784276330377907	0.03664598613977432	0.09342667739838362	0.059244554489851	0.0011556784302229062	0.003918992180842906	0.058645963232265785	False	True	0.5283210873603821	0.005873193498700857	0.034115735441446304	0.022548910230398178	0.1762125939130783	0.0008855178602971137	0.003286146791651845	0.22875680029392242	True	0.6760521531105042	0.1418326199054718	0.037489403039216995	0.1170525997877121	0.020255208015441895	0.0012457319535315037	0.004129940643906593	0.001942350878380239
904334972114305025	"""Drives Around Houston Rescueing Hurricane Harvey Victims"""	data/processed/pro_crisismmd/images/data_image/hurricane_harvey/3_9_2017/904334972114305025_0.jpg	rescue_volunteering_or_donation_effort	rescue_volunteering_or_donation_effort	True	0.798024520277977	0.6764597417786717	0.0719195157289505	0.00230361515423283	0.798024520277977	0.0015229855562211014	0.12156477849930525	0.0006036992608642322	0.002174786801333539	0.0018861241114791483	False	True	0.13260042667388916	0.002146730897948146	0.4727551341056824	0.00029218560666777194	0.38179323077201843	0.002256321022287011	0.0008572984370402992	0.007298624143004417	True	0.05169254541397095	0.0023559099063277245	0.9064476490020752	0.0019332522060722113	0.03482196107506752	5.282534038997255e-05	0.002613949589431286	8.195743430405855e-05
904339471382044672	Best ways to help with Harvey recovery: fact (theirs) and opinion (mine). Blog:	data/processed/pro_crisismmd/images/data_image/hurricane_harvey/3_9_2017/904339471382044672_0.jpg	other_relevant_information	not_humanitarian	False	0.8250690847635269	0.7385770818800665	0.8250690847635269	0.01931683672592044	0.08649200288346037	0.0009592137212166563	0.01670020935125649	3.95896790905681e-06	0.0003833817900158465	0.0510753348162325	False	True	0.7183458209037781	0.06785667687654495	0.0015835498925298452	0.00038964912528172135	0.007146340794861317	9.962695003196131e-06	0.0004707125772256404	0.20419739186763763	True	0.8606435060501099	0.003136890009045601	0.11479482054710388	0.0011490685865283012	0.019884832203388214	1.9577255443437025e-06	0.00035427152761258185	3.464913243078627e-05
904339857383849985	WATCH: Harvey floods at least a dozen toxic waste sites in Texas	data/processed/pro_crisismmd/images/data_image/hurricane_harvey/3_9_2017/904339857383849985_0.jpg	infrastructure_and_utility_damage	infrastructure_and_utility_damage	True	0.3036835454404354	0.01610645279288292	0.2454848736524582	0.2875770926475525	0.09671920037362725	0.3036835454404354	0.04653298016637564	0.014273802749812603	0.004897284525213763	0.0008311672281706706	False	True	0.1911245882511139	0.15121939778327942	0.005538786295801401	0.5547192096710205	0.04589366167783737	0.049838293343782425	0.0011629796354100108	0.0005030836910009384	True	0.2636049687862396	0.3330296576023102	0.12711267173290253	0.22000499069690704	0.046746086329221725	0.0024189725518226624	0.006142052821815014	0.000940528407227248
904343237099307012	By : Aftermath of HurricaneHarvey shows panorama of good will and charity	data/processed/pro_crisismmd/images/data_image/hurricane_harvey/3_9_2017/904343237099307012_0.jpg	rescue_volunteering_or_donation_effort	not_humanitarian	False	0.4981521461158991	0.24261576868593693	0.4981521461158991	0.01956123397394549	0.18625492043793201	0.03658345161966281	0.25553637742996216	8.746541243453976e-05	0.0033997006248682737	0.0004247149427101249	False	True	0.07490906864404678	0.00023172440705820918	0.1211928054690361	0.00026089351740665734	0.7956667542457581	1.6350131772924215e-05	0.006123688537627459	0.0015987245133146644	True	0.6392331719398499	0.026004403829574585	0.20794229209423065	0.04869097098708153	0.07549291849136353	0.0001111705059884116	0.0024917046539485455	3.3378419175278395e-05
904343320243163137	1st bike since Harvey devastated Houston. Path blocked, water every where, and 1 snake that did not make it.	data/processed/pro_crisismmd/images/data_image/hurricane_harvey/3_9_2017/904343320243163137_0.jpg	infrastructure_and_utility_damage	not_humanitarian	False	0.4691876843571663	0.19548163190484047	0.4691876843571663	0.24076828453689814	0.004043205888592638	0.2737060524523258	0.006612631143070757	0.0037748782779090106	0.0005139729255461134	0.0013932405272498727	False	True	0.25302937626838684	0.016138199716806412	0.0003739586682058871	0.7097886800765991	0.004070891998708248	0.013730445876717567	0.0003024885372724384	0.002565851667895913	True	0.5412404537200928	0.3156449794769287	0.005266288295388222	0.12834517657756805	0.007459877524524927	0.00045635574497282505	0.0005844677216373384	0.0010023701470345259
904343630973992962	Texas governor: Harvey recovery likely to cost billions more than Katrina	data/processed/pro_crisismmd/images/data_image/hurricane_harvey/3_9_2017/904343630973992962_0.jpg	infrastructure_and_utility_damage	not_humanitarian	False	0.5886698514223099	0.42008209973573685	0.5886698514223099	0.03207857720553875	0.16858775168657303	0.031241117976605892	0.15902413427829742	0.015741179708129494	0.004313053505029529	0.00034438200964359567	False	True	0.5865253806114197	0.014482956379652023	0.05825170874595642	0.03217986598610878	0.2425030618906021	0.062415625900030136	0.002460704417899251	0.001180736580863595	True	0.5893846750259399	0.03794378414750099	0.20536643266677856	0.030928201973438263	0.13119782507419586	0.000183030977495946	0.004930503200739622	6.559715257026255e-05
904356959037661184	New UH/Harvey updates. Check your email, Coogs. 5B 1/2	data/processed/pro_crisismmd/images/data_image/hurricane_harvey/3_9_2017/904356959037661184_0.jpg	not_humanitarian	not_humanitarian	True	0.788035687059164	0.6403392896681908	0.788035687059164	0.04570728028193116	0.0059832731349160895	0.0033794468617998064	0.008862754712026799	0.00023824515723447348	9.691582181403646e-05	0.1476963973909733	False	True	0.22517214715480804	0.12384332716464996	0.02312653325498104	0.001201895298436284	0.03497951850295067	0.0009514441480860114	0.00025141899823211133	0.5904736518859863	True	0.9756568670272827	0.019661931321024895	0.000268853094894439	0.0041052973829209805	0.00015716678171884269	5.121602839608386e-07	4.5414763008011505e-05	0.00010397922596894205
904356959037661184	New UH/Harvey updates. Check your email, Coogs. 5B 1/2	data/processed/pro_crisismmd/images/data_image/hurricane_harvey/3_9_2017/904356959037661184_1.jpg	not_humanitarian	not_humanitarian	True	0.8110736161470413	0.653297417673457	0.8110736161470413	0.02064330643042922	0.0011103752040071413	0.0031633418693672866	0.006122356662672246	6.337225990193929e-05	4.746736703964416e-05	0.15777619847358437	False	True	0.31732386350631714	0.023587431758642197	0.0036349415313452482	0.0003374753287062049	0.024017926305532455	0.00025195255875587463	5.362517913454212e-05	0.6307928562164307	True	0.9756568670272827	0.019661931321024895	0.000268853094894439	0.0041052973829209805	0.00015716678171884269	5.121602839608386e-07	4.5414763008011505e-05	0.00010397922596894205
904356959037661184	New UH/Harvey updates. Check your email, Coogs. 5B 1/2	data/processed/pro_crisismmd/images/data_image/hurricane_harvey/3_9_2017/904356959037661184_2.jpg	not_humanitarian	not_humanitarian	True	0.756271455436945	0.6468128532796982	0.756271455436945	0.015601203369442374	0.02174949376785662	0.0031806536862859502	0.09361229782007285	1.1238146399250581e-05	0.00011507370163599262	0.10945860215724679	False	True	0.0981152206659317	0.00341901951469481	0.08619141578674316	0.0004067225963808596	0.3739776909351349	4.341610474511981e-05	0.00032405051751993597	0.4375224709510803	True	0.9756568670272827	0.019661931321024895	0.000268853094894439	0.0041052973829209805	0.00015716678171884269	5.121602839608386e-07	4.5414763008011505e-05	0.00010397922596894205
904357071688278017	We love you! We are praying for you! UnitedWeStand HurricaneHarvey SundayMorning	data/processed/pro_crisismmd/images/data_image/hurricane_harvey/3_9_2017/904357071688278017_0.jpg	not_humanitarian	not_humanitarian	True	0.8585666418075562	0.7955020563676953	0.8585666418075562	0.0032142208074219525	0.057508028112351894	0.0035102691035717726	0.06306458543986082	0.00039645513953701084	0.0035374865401536226	0.010202328412560746	False	True	0.7553350329399109	0.003573998110368848	0.05022868886590004	0.009979801252484322	0.13744395971298218	0.0015785881550982594	0.00506880646571517	0.03679118677973747	True	0.8929771780967712	0.0030942950397729874	0.059934474527835846	0.0013537583872675896	0.0382714606821537	2.4108010165946325e-06	0.00302704656496644	0.0013393756235018373
904357429806120961	RedCross serving meals, water and snacks along with hope in Katy,TX. Harvey	data/processed/pro_crisismmd/images/data_image/hurricane_harvey/3_9_2017/904357429806120961_0.jpg	rescue_volunteering_or_donation_effort	rescue_volunteering_or_donation_effort	True	0.8199727162718773	0.6981639810837805	0.05630567448679358	0.00013856911391485482	0.8199727162718773	4.058828108099988e-05	0.12180873518809676	1.1396327209922674e-05	0.0014158869671518914	0.00030636787914772867	False	True	0.20292064547538757	0.00018569623352959752	0.35606685280799866	6.978926830925047e-05	0.4344901442527771	4.464196172193624e-05	0.0050703915767371655	0.0011518014362081885	True	0.007434017490595579	0.00012286007404327393	0.9746080040931702	3.085461867158301e-05	0.017581598833203316	3.144490392514854e-07	0.0001977187639568001	2.455669346090872e-05
904358058649952256	Bun B on Hurricane Harvey: 'It's Worse Than Everyone... music	data/processed/pro_crisismmd/images/data_image/hurricane_harvey/3_9_2017/904358058649952256_0.jpg	not_humanitarian	not_humanitarian	True	0.2995373234152794	0.026951673324219882	0.2995373234152794	0.09002725034952164	0.2725856500910595	0.041890593245625496	0.24362334981560707	0.014512047870084643	0.018595911795273423	0.019227859564125538	False	True	0.6876499056816101	0.08122227340936661	0.006088842172175646	0.0647023394703865	0.01743839681148529	0.04942893236875534	0.04722973704338074	0.04623952880501747	True	0.17016646265983582	0.09296224266290665	0.3614179193973541	0.034286677837371826	0.31901833415031433	0.0028730863705277443	0.009051303379237652	0.01022396981716156
904362108531466241	1. Baptist church damaged by harvey can't use sanctuary	data/processed/pro_crisismmd/images/data_image/hurricane_harvey/3_9_2017/904362108531466241_0.jpg	infrastructure_and_utility_damage	not_humanitarian	False	0.44851649552583694	0.15135753527283669	0.44851649552583694	0.0185416501481086	0.07808256172575057	0.29715896025300026	0.14562950283288956	0.004678227043768857	0.006077294121496379	0.0013153586478438228	False	True	0.6108855605125427	0.030902231112122536	0.014378041960299015	0.14166684448719025	0.17747190594673157	0.017735660076141357	0.0030417260713875294	0.003918009344488382	True	0.3943934738636017	0.01442145649343729	0.09931740164756775	0.34898966550827026	0.1350153684616089	0.0003257493663113564	0.007089150138199329	0.00044780841562896967
904362164588208132	Sen. Blunt Says Harvey 'Another Reason to Keep the Government Open'	data/processed/pro_crisismmd/images/data_image/hurricane_harvey/3_9_2017/904362164588208132_0.jpg	not_humanitarian	not_humanitarian	True	0.8380319029092789	0.7609366907126969	0.8380319029092789	0.009174706414341927	0.007164211594499648	0.0066456718486733735	0.0551949217915535	0.0005811898677166027	0.006112121234764345	0.077095212196582	False	True	0.5001669526100159	0.006867746822535992	0.006435268558561802	0.0031915728468447924	0.14884038269519806	0.0023150709457695484	0.02401524968445301	0.3081677258014679	True	0.9506535530090332	0.009943692944943905	0.0074071926064789295	0.007797038182616234	0.02397976815700531	3.229508365620859e-06	0.0001444117515347898	7.104099495336413e-05
904366642276306945	Saving Grace: Faith community unites to help Harvey victims via	data/processed/pro_crisismmd/images/data_image/hurricane_harvey/3_9_2017/904366642276306945_0.jpg	rescue_volunteering_or_donation_effort	rescue_volunteering_or_donation_effort	True	0.5654184520244598	0.22090763971209526	0.3445108123123646	0.0006227125086297747	0.5654184520244598	0.00037309227809601	0.08757712505757809	9.05498433212415e-06	0.001321417570579797	0.00016735386998334434	False	True	0.20625756680965424	0.00015163530770223588	0.650362491607666	9.026443149195984e-05	0.14042557775974274	2.9857055778848007e-05	0.0026282905600965023	5.4347845434676856e-05	True	0.3905952274799347	0.0007797382422722876	0.5371037721633911	0.0004673682269640267	0.06996097415685654	2.1209605165495304e-06	0.0008857932407408953	0.00020502254483290017
904375138581446657	HCSO deputies are out in the Blackhorse subdivision still working high water rescues. Harvey	data/processed/pro_crisismmd/images/data_image/hurricane_harvey/3_9_2017/904375138581446657_0.jpg	rescue_volunteering_or_donation_effort	rescue_volunteering_or_donation_effort	True	0.37454273691400886	0.13256918406113982	0.18513250909745693	0.10673583811149001	0.37454273691400886	0.02939144888659939	0.24197355285286903	0.008406620705500245	0.005927424419496674	0.04788989791995846	False	True	0.5921407341957092	0.0026998277753591537	0.02456066571176052	0.003578908508643508	0.3741846978664398	0.0016384469345211983	0.00018591716070659459	0.0010108811547979712	True	0.04946310073137283	0.14141450822353363	0.4912034273147583	0.037995629012584686	0.19790317118167877	0.010662678629159927	0.0078412601724267	0.06351623684167862
904375409441087488	Texans are unstoppable! HoustonStrong TexasStrong Harvey HarveyRecovery SundayMorning Americans A8	data/processed/pro_crisismmd/images/data_image/hurricane_harvey/3_9_2017/904375409441087488_0.jpg	not_humanitarian	not_humanitarian	True	0.9208437651395798	0.8924551689997315	0.9208437651395798	0.010893816826865077	0.02314218576066196	0.007817826815880835	0.028388596139848232	0.002147576242350624	0.0022305338934529573	0.004535658667009557	False	True	0.902405321598053	0.004335200414061546	0.014107278548181057	0.005772546399384737	0.04547787457704544	0.00848457496613264	0.0017382152145728469	0.01767897419631481	True	0.9269899129867554	0.013080022297799587	0.026153821498155594	0.008499586954712868	0.02269216999411583	3.524333442328498e-05	0.0023946401197463274	0.00015455349057447165
904379734745866240	Up to 500,000 cars could be totaled from Hurricane Harvey damage	data/processed/pro_crisismmd/images/data_image/hurricane_harvey/3_9_2017/904379734745866240_0.jpg	vehicle_damage	vehicle_damage	True	0.843764528632164	0.7503500662278384	0.0934144624043256	0.0019205691060051322	0.004217398127366323	0.028996846871450543	0.026216802274575457	0.843764528632164	0.0007769594085402787	0.0006924642757439869	False	True	0.3484829068183899	0.004105438943952322	0.015696940943598747	0.013784796930849552	0.1018715500831604	0.5126804709434509	0.0006740930257365108	0.0027038322295993567	True	0.008391647599637508	0.0011922791600227356	0.0003908838552888483	0.03406753018498421	0.0009985530050471425	0.9541258811950684	0.0008112482028082013	2.2008291125530377e-05
904379734754287616	ETH084 - Hurricane Harvey, JamHam and more with guest Co-Host hamradio	data/processed/pro_crisismmd/images/data_image/hurricane_harvey/3_9_2017/904379734754287616_0.jpg	not_humanitarian	not_humanitarian	True	0.5586100816726685	0.4328593835234642	0.5586100816726685	0.12575069814920425	0.10943086631596088	0.0808387640863657	0.11241516284644604	0.0008763753148741671	0.004269599448889494	0.007808450725860894	False	True	0.5065221190452576	0.07905073463916779	0.06077636033296585	0.08669968694448471	0.24396617710590363	0.0033268462866544724	0.003194835502654314	0.016463281586766243	True	0.5759727358818054	0.14131735265254974	0.12564903497695923	0.07888512313365936	0.06856482475996017	5.9551657614065334e-05	0.004627854097634554	0.004923507105559111
904388987892228096	UIL Eligibility of Students Displaced by HurricaneHarvey PRESS RELEASE:	data/processed/pro_crisismmd/images/data_image/hurricane_harvey/3_9_2017/904388987892228096_0.jpg	other_relevant_information	affected_individuals	False	0.5819924366660416	0.3439214606769383	0.23807097598910332	0.11682632518932223	0.029963674722239375	0.0033108854840975255	0.5819924366660416	7.325228398258332e-05	0.0017058083176380023	0.028056678012944758	False	True	0.47278088331222534	0.3905033469200134	0.007862704806029797	0.0012622930807992816	0.025839226320385933	0.00019443461496848613	0.0008757267496548593	0.10068140178918839	True	0.1598343402147293	0.025600651279091835	0.037330664694309235	0.0039937496185302734	0.7673768401145935	3.285817365394905e-05	0.0019825021736323833	0.0038484367541968822
904389536674791424	TODAY: Holbrook Girl Selling Lemonade To Raise Money For Hurricane Harvey Victims	data/processed/pro_crisismmd/images/data_image/hurricane_harvey/3_9_2017/904389536674791424_0.jpg	rescue_volunteering_or_donation_effort	rescue_volunteering_or_donation_effort	True	0.37359150499105453	0.03436633571982384	0.3392251692712307	0.005963956355117261	0.37359150499105453	0.0034922732738777995	0.19871090725064278	7.221468149509747e-05	0.0010267536563333124	0.0779171846807003	False	True	0.1984536200761795	0.0014271684922277927	0.0817265510559082	0.001992166507989168	0.4406519830226898	0.00017207805649377406	0.0005758675979450345	0.27500057220458984	True	0.38614901900291443	0.007476218976080418	0.47087982296943665	0.003992308862507343	0.11806388199329376	3.8926889828871936e-05	0.001177049009129405	0.012222722172737122
904393064936075264	Watch 'Teaming up for Texas' telethon with Coach Cal and the Cats on from 3:30-6:30 pm	data/processed/pro_crisismmd/images/data_image/hurricane_harvey/3_9_2017/904393064936075264_0.jpg	not_humanitarian	not_humanitarian	True	0.5925606489181519	0.32050594687461853	0.5925606489181519	0.007296771393157542	0.2720547020435333	0.0011038743250537664	0.042152791284024715	3.941827813491727e-05	0.002991846587974578	0.08180000120773911	False	True	0.2607266902923584	0.011068552732467651	0.3009239435195923	0.0035091100726276636	0.1233307495713234	0.00015692310989834368	0.005385232158005238	0.29489874839782715	True	0.703171968460083	0.0060395109467208385	0.26243162155151367	0.0003021290758624673	0.015093471854925156	2.50000880441803e-07	0.0021940513979643583	0.01076708547770977
904397381365628928	Watt and Texans in Houston. Harvey	data/processed/pro_crisismmd/images/data_image/hurricane_harvey/3_9_2017/904397381365628928_1.jpg	not_humanitarian	not_humanitarian	True	0.7272081077098846	0.6444032676517963	0.7272081077098846	0.0828048400580883	0.052927540615200996	0.010108233196660876	0.07531475089490414	0.009380854097344127	0.006380724138580263	0.03587495587999001	False	True	0.5118234157562256	0.06878675520420074	0.03898441791534424	0.01740487478673458	0.17783065140247345	0.03748437017202377	0.0045351264998316765	0.14315037429332733	True	0.799003005027771	0.08747753500938416	0.057575248181819916	0.007676019333302975	0.0411427840590477	1.3015405784244649e-05	0.006995923351496458	0.00011648307554423809
904398116929114112	I'm no expert...but this doesn't appear to be the optimal location harvey	data/processed/pro_crisismmd/images/data_image/hurricane_harvey/3_9_2017/904398116929114112_0.jpg	not_humanitarian	not_humanitarian	True	0.8842371702194214	0.7828751162742265	0.8842371702194214	0.10136205394519493	0.00010283284791512415	0.009055730188265443	0.0014136463123577414	0.00027117453292646587	9.715059059089981e-05	0.0034602549894771073	False	True	0.9449900984764099	0.00375134008936584	0.00018294107576366514	0.030521150678396225	0.005545802880078554	0.0010820109164342284	0.00011676894791889936	0.013809921219944954	True	0.8639861941337585	0.13389895856380463	7.613010529894382e-05	0.0019005900248885155	3.626078978413716e-05	8.957384238783561e-07	9.06111381482333e-05	1.0366245987825096e-05
904401576336478209	A rainy Sunday for much of the Northeast with several areas of low pressure (Harvey's remnants) lifting Northward:	data/processed/pro_crisismmd/images/data_image/hurricane_harvey/3_9_2017/904401576336478209_0.jpg	other_relevant_information	other_relevant_information	True	0.949584111571312	0.9262336706742644	0.02335044089704752	0.949584111571312	0.0016266514830931555	0.020767022419022396	0.004456571175978752	5.555526240641484e-05	0.00011606682892306708	4.356368299340829e-05	False	True	0.027847250923514366	0.9705321192741394	8.023220289032906e-05	0.0010704566957429051	0.0002129235799657181	5.7903780543711036e-05	8.75382247613743e-05	0.00011161703150719404	True	0.02185150422155857	0.9426014423370361	0.0021421245764940977	0.027332544326782227	0.005871120374649763	5.477242302731611e-05	0.00012557636364363134	2.0879233488813043e-05
904402558877302784	Houston NO FLOOD INSURANCE Here are some resources HoustonStrong HurricaneHarvey	data/processed/pro_crisismmd/images/data_image/hurricane_harvey/3_9_2017/904402558877302784_0.jpg	other_relevant_information	not_humanitarian	False	0.9300977140665054	0.9039695733226836	0.9300977140665054	0.020439931889995933	0.009064675366971642	0.012564248056150973	0.02612814074382186	9.381124027640908e-05	0.00020711655997729395	0.0014043757114450273	False	True	0.9503799080848694	0.0017644977197051048	0.003028808394446969	0.0068024820648133755	0.03203970566391945	0.00033418292878195643	0.00011602407175814733	0.005534377880394459	True	0.9233369827270508	0.02666507661342621	0.011076631024479866	0.014484836719930172	0.02415761910378933	1.3687344107893296e-05	0.00023748072271700948	2.770832179521676e-05
904402558877302784	Houston NO FLOOD INSURANCE Here are some resources HoustonStrong HurricaneHarvey	data/processed/pro_crisismmd/images/data_image/hurricane_harvey/3_9_2017/904402558877302784_1.jpg	other_relevant_information	not_humanitarian	False	0.8654507845640182	0.8139212229289114	0.8654507845640182	0.02054980886168778	0.0515295616351068	0.011854631244204938	0.0347885531373322	5.136090248925029e-05	0.000215928830584744	0.015559364750970417	False	True	0.6917921900749207	0.0022040056064724922	0.1728883534669876	0.003964014817029238	0.06668135523796082	0.00016438157763332129	0.0001512731541879475	0.06215433403849602	True	0.9233369827270508	0.02666507661342621	0.011076631024479866	0.014484836719930172	0.02415761910378933	1.3687344107893296e-05	0.00023748072271700948	2.770832179521676e-05
904402558877302784	Houston NO FLOOD INSURANCE Here are some resources HoustonStrong HurricaneHarvey	data/processed/pro_crisismmd/images/data_image/hurricane_harvey/3_9_2017/904402558877302784_2.jpg	other_relevant_information	not_humanitarian	False	0.9069685637950897	0.874613166321069	0.9069685637950897	0.02104524220339954	0.03235539747402072	0.013024675659835339	0.022986748721450567	8.444693730780273e-05	0.00022441134933615103	0.00331051315924924	False	True	0.8578633069992065	0.0041857389733195305	0.09619169682264328	0.008644192479550838	0.01947413757443428	0.000296725716907531	0.00018520322919357568	0.013158927671611309	True	0.9233369827270508	0.02666507661342621	0.011076631024479866	0.014484836719930172	0.02415761910378933	1.3687344107893296e-05	0.00023748072271700948	2.770832179521676e-05
904405775141019649	Waiting in long lines at Carroll academy Watts Harvey Relief.	data/processed/pro_crisismmd/images/data_image/hurricane_harvey/3_9_2017/904405775141019649_1.jpg	affected_individuals	affected_individuals	True	0.5128194093704224	0.13895113114267588	0.10821707639843225	0.0005567621919908561	0.3738682782277465	0.00036576543789124116	0.5128194093704224	1.5193008835012733e-05	0.003436956088989973	0.0007205111724033486	False	True	0.3000175654888153	0.0011621671728789806	0.028349842876195908	0.00016442922060377896	0.6583278179168701	4.3013045797124505e-05	0.009200985543429852	0.0027341616805642843	True	0.04428358003497124	0.00035496053169481456	0.4890410900115967	0.00043287751032039523	0.46431660652160645	5.919663180975476e-06	0.0015156129375100136	4.929433634970337e-05
904410103050366976	View from bridge into orange from bridge city lots of neighborhoods still flooded out SETXNews Harvey	data/processed/pro_crisismmd/images/data_image/hurricane_harvey/3_9_2017/904410103050366976_0.jpg	infrastructure_and_utility_damage	infrastructure_and_utility_damage	True	0.780088797211647	0.6736992262303829	0.04167293501086533	0.10638957098126411	0.0035248477943241596	0.780088797211647	0.05449169222265482	0.012708168243989348	0.00019491283092065714	0.000929099740460515	False	True	0.136460542678833	0.045755788683891296	0.002043202519416809	0.6743214726448059	0.10986233502626419	0.030811550095677376	0.00016470103582832962	0.0005803633248433471	True	0.010077065788209438	0.12660083174705505	0.00401872955262661	0.8153445720672607	0.03603481128811836	0.006673707626760006	0.00020498342928476632	0.0010453452123329043
904414202684637184	This picture doesn't even do this scene justice. I've never seen anything like this. 4 Harvey wewillrebuild	data/processed/pro_crisismmd/images/data_image/hurricane_harvey/3_9_2017/904414202684637184_0.jpg	infrastructure_and_utility_damage	not_humanitarian	False	0.7182369721122086	0.47401444633166534	0.7182369721122086	0.02331449972552946	0.0015458002526429482	0.002774484921246767	0.0071292228531092405	0.24422252578054326	0.002687717860681005	8.877046366251307e-05	False	True	0.011299269273877144	0.0002180802111979574	0.0004598548694048077	0.004915284458547831	0.005234119947999716	0.976884663105011	0.0007977057830430567	0.00019095577590633184	True	0.9538828730583191	0.031013306230306625	0.0019077820470556617	0.002060885075479746	0.007760923821479082	1.8133390540242544e-06	0.003317721886560321	5.4708692914573476e-05
904415020582305792	Life is poetry! TANTRUM TORNADO is now available on Kindle!	data/processed/pro_crisismmd/images/data_image/hurricane_harvey/3_9_2017/904415020582305792_0.jpg	not_humanitarian	not_humanitarian	True	0.800496906042099	0.6963841774268076	0.800496906042099	0.012819441966712475	0.003524323517922312	0.04357628931757063	0.10411272861529142	0.0315901118333386	0.0020017126225866377	0.0018784394378599245	False	True	0.2991867661476135	0.01013102475553751	0.007515517063438892	0.15146252512931824	0.39353811740875244	0.12634184956550598	0.004903858061879873	0.0069203246384859085	True	0.9676002860069275	0.01371558103710413	0.0021939256694167852	0.0076142107136547565	0.007637599017471075	6.199255949468352e-06	0.0010343308094888926	0.00019781103765126318
904417479455162368	ICE must be kept away from schools, hospitals, shelters, jails, etc. (8 of 8) Hurricane Harvey	data/processed/pro_crisismmd/images/data_image/hurricane_harvey/3_9_2017/904417479455162368_0.jpg	not_humanitarian	not_humanitarian	True	0.8269334435462952	0.7498190659971442	0.8269334435462952	0.07711437754915096	0.026381980162113905	0.011462732147265342	0.051529766991734505	1.5802396319486434e-05	0.0020883190518361516	0.004473516113648657	False	True	0.8991531729698181	0.0014009937876835465	0.015387414023280144	2.717570896493271e-05	0.06659084558486938	1.1994126907666214e-05	0.00034454584238119423	0.01708383485674858	True	0.8028602004051208	0.10235217213630676	0.03004683554172516	0.015274584293365479	0.046509407460689545	1.707181945675984e-05	0.0026695767883211374	0.0002700765326153487
904424748888735744	HumanRights please RT for HurricaneHARVEY Evacuees important message from CAJUNNAVY	data/processed/pro_crisismmd/images/data_image/hurricane_harvey/3_9_2017/904424748888735744_0.jpg	other_relevant_information	not_humanitarian	False	0.41144276410341263	0.10796987265348434	0.41144276410341263	0.003163154819048941	0.24062038026750088	0.00017188756828545593	0.3034728914499283	3.2494915771508204e-05	0.00424189160548849	0.03685455850791186	False	True	0.7422863841056824	0.004828786011785269	0.02358650416135788	0.00019883013737853616	0.091766357421875	0.0001273597008548677	0.00019123332458548248	0.13701459765434265	True	0.3011615574359894	0.0026079444214701653	0.3129650056362152	0.00016290671192109585	0.37404173612594604	8.733207437217061e-07	0.00559211103245616	0.003467878792434931
904425464885678080	On top of that, Houston's geology makes it very sensitive to flooding.	data/processed/pro_crisismmd/images/data_image/hurricane_harvey/3_9_2017/904425464885678080_0.jpg	other_relevant_information	not_humanitarian	False	0.8036105781793594	0.645589429885149	0.8036105781793594	0.15802114829421043	0.00037209050424280576	0.03724208695348352	0.0005233569245319813	3.9293275676755e-05	0.00018088949582306668	1.0524483286644681e-05	False	True	0.7907363772392273	0.2041836529970169	9.170164412353188e-05	0.003967681434005499	0.0005842683021910489	0.0001347959041595459	0.00028055807342752814	2.106944339175243e-05	True	0.8079019784927368	0.14263364672660828	0.00046555345761589706	0.048333555459976196	0.0005030531319789588	7.4590661824913695e-06	0.00014766663662157953	7.009496584942099e-06
904425543554215937	Harvey's Point Donegal ..its good to be back Harveyspoint neverdisappoints	data/processed/pro_crisismmd/images/data_image/hurricane_harvey/3_9_2017/904425543554215937_0.jpg	not_humanitarian	not_humanitarian	True	0.8376344442367554	0.7941305811982602	0.8376344442367554	0.03584268083795905	0.007977062112331623	0.03680155472829938	0.04350386303849518	0.003820562629698543	0.010547689598752186	0.023872110527008772	False	True	0.9195934534072876	0.013991175219416618	0.00022902422642800957	0.012121500447392464	0.009562869556248188	0.000178569505806081	0.0005306125385686755	0.04379263520240784	True	0.8103147745132446	0.04312651604413986	0.010559741407632828	0.045028239488601685	0.054817527532577515	0.005034560337662697	0.013886715285480022	0.017231935635209084
904425613418782720	Hurricane Harvey: Alien hunter films 'UFO' emerging fromstorm	data/processed/pro_crisismmd/images/data_image/hurricane_harvey/3_9_2017/904425613418782720_0.jpg	other_relevant_information	other_relevant_information	True	0.5269116014242172	0.2407388649880886	0.2861727364361286	0.5269116014242172	0.053396509611047804	0.02242930023930967	0.04999926686286926	0.0001256571849808097	0.005677762848790735	0.055287159979343414	False	True	0.1952848881483078	0.5910667777061462	0.0014634937979280949	0.008424379862844944	0.060026682913303375	0.00010173270129598677	0.00039099459536373615	0.1432410180568695	True	0.3164686858654022	0.5055265426635742	0.07070751488208771	0.027097607031464577	0.04665679484605789	0.00013363201287575066	0.007440018933266401	0.025969207286834717
904429119865282560	With a $20 million fund in his sights, J.J. Watt delivers relief to Texas' Harvey victims	data/processed/pro_crisismmd/images/data_image/hurricane_harvey/3_9_2017/904429119865282560_0.jpg	rescue_volunteering_or_donation_effort	rescue_volunteering_or_donation_effort	True	0.5280742645263672	0.2350485473871231	0.14475013315677643	0.013873964082449675	0.5280742645263672	0.005167044524569064	0.2930257171392441	0.000779091271397192	0.01254041591892019	0.0017893198819365352	False	True	0.186847984790802	0.002696393057703972	0.553581178188324	0.002650258829817176	0.24674639105796814	0.002530711470171809	0.0024962446186691523	0.002450852422043681	True	0.13071751594543457	0.017599821090698242	0.5195719599723816	0.0060059730894863605	0.30845215916633606	0.00019521787180565298	0.015888473019003868	0.0015688090352341533
904429336505278465	S&C Week 6 for Harvey, Today's focus was Explosive Power BD Istrengthandconditioning Basketball Rugby Athlete	data/processed/pro_crisismmd/images/data_image/hurricane_harvey/3_9_2017/904429336505278465_0.jpg	not_humanitarian	not_humanitarian	True	0.6923379600048065	0.49620144662912935	0.6923379600048065	0.19613651337567717	0.008080383238848299	0.05884327762760222	0.020481053041294217	0.0001707658520899713	0.02242800174281001	0.001522093138191849	False	True	0.8826050162315369	0.007290965411812067	0.024469899013638496	0.006913923658430576	0.05621326342225075	0.0002729712869040668	0.01972048357129097	0.002513488754630089	True	0.6289156079292297	0.2590850293636322	0.002617211313918233	0.07615306228399277	0.00857031624764204	0.00013669737381860614	0.023330507799983025	0.0011916279327124357
904429898944667648	National Weather Service: Sanford, Angier hit by microburst not tornado.	data/processed/pro_crisismmd/images/data_image/hurricane_harvey/3_9_2017/904429898944667648_1.jpg	infrastructure_and_utility_damage	other_relevant_information	False	0.41796205192804337	0.11962833255529404	0.26484499871730804	0.41796205192804337	0.004440471238922328	0.29833371937274933	0.005743975285440683	0.007269248260854511	0.0009310866880696267	0.00047442111281270627	False	True	0.07775568962097168	0.09794244170188904	0.0011335762683302164	0.7809833288192749	0.010298504494130611	0.028526535257697105	0.0016591090243309736	0.0017007602145895362	True	0.32720810174942017	0.5246352553367615	0.0055427695624530315	0.13745051622390747	0.004225798882544041	0.00018348592857364565	0.000688412575982511	6.564141222042963e-05
904429898944667648	National Weather Service: Sanford, Angier hit by microburst not tornado.	data/processed/pro_crisismmd/images/data_image/hurricane_harvey/3_9_2017/904429898944667648_3.jpg	infrastructure_and_utility_damage	other_relevant_information	False	0.40162560250610113	0.05586686637252569	0.34575873613357544	0.40162560250610113	0.0044982758408878	0.23745502531528473	0.005421339767053723	0.003706380619405536	0.0012235571921337396	0.0003110575289611006	False	True	0.40141063928604126	0.0325966440141201	0.0013647946761921048	0.5374685525894165	0.009007962420582771	0.014275064691901207	0.0028289910405874252	0.0010473058791831136	True	0.32720810174942017	0.5246352553367615	0.0055427695624530315	0.13745051622390747	0.004225798882544041	0.00018348592857364565	0.000688412575982511	6.564141222042963e-05
904430061167689729	Shaken by Harvey, Congress May Try Something New: Bipartisanship DLW	data/processed/pro_crisismmd/images/data_image/hurricane_harvey/3_9_2017/904430061167689729_0.jpg	not_humanitarian	not_humanitarian	True	0.7941006124019623	0.6232343093724921	0.7941006124019623	0.004775741486810148	0.01685206007095985	0.0077813255484215915	0.17086630302947015	0.0001153342062707452	0.001336530469416175	0.004172140136915914	False	True	0.21237248182296753	0.006020132452249527	0.061977092176675797	0.026041783392429352	0.6713171005249023	0.00045734571176581085	0.00514515396207571	0.01666891574859619	True	0.9880099892616272	0.004360944498330355	0.0018103827023878694	0.0016945062670856714	0.004049370530992746	1.3303711057233158e-06	6.698930519632995e-05	6.548266355821397e-06
904437063327649793	More Texas dogs displaced by Harvey finding homes in NJ	data/processed/pro_crisismmd/images/data_image/hurricane_harvey/3_9_2017/904437063327649793_0.jpg	not_humanitarian	rescue_volunteering_or_donation_effort	False	0.3556723315268755	0.02037404663860798	0.25320035591721535	0.018625109340064228	0.3556723315268755	0.013000121456570923	0.3352982848882675	0.00010039464086730732	0.002725750731769949	0.02137771248817444	False	True	0.5258183479309082	0.005927204620093107	0.10156530886888504	0.0010022935457527637	0.2890979051589966	5.554033486987464e-05	0.003523433580994606	0.07301005721092224	True	0.16232769191265106	0.022857744246721268	0.4403746724128723	0.016999397426843643	0.35069841146469116	0.00011534607619978487	0.0024598564486950636	0.004166930913925171
904437614094290946	TexasStrong CypressStrong HoUSton Harvey INTEGRITY BEYOND COMPARE | (832) 850-5091	data/processed/pro_crisismmd/images/data_image/hurricane_harvey/3_9_2017/904437614094290946_0.jpg	not_humanitarian	not_humanitarian	True	0.8073733225464821	0.7323302351869643	0.8073733225464821	0.02693943789927289	0.033128263195976615	0.007855175877921283	0.07504308735951781	8.348417759407312e-05	0.011658006318612024	0.03791927207930712	False	True	0.4582633674144745	0.0032166100572794676	0.10428135842084885	0.001287864986807108	0.23928794264793396	0.00010339875007048249	0.04253681004047394	0.15102268755435944	True	0.9237433075904846	0.03484704717993736	0.009410564787685871	0.010044279508292675	0.020294802263379097	7.684598676860332e-05	0.001365071744658053	0.00021813358762301505
904437880285564928	Journalists double as rescuers during Harvey news money, luxury, wealth news	data/processed/pro_crisismmd/images/data_image/hurricane_harvey/3_9_2017/904437880285564928_0.jpg	rescue_volunteering_or_donation_effort	rescue_volunteering_or_donation_effort	True	0.3991002971306443	0.07262135064229369	0.32647894648835063	0.010924423167580244	0.3991002971306443	0.001136387310907594	0.2583288545720279	7.282885934500882e-05	0.0035267656567157246	0.0004314915095164906	False	True	0.013105703517794609	2.8552703952300362e-05	0.04559997096657753	6.471547385444865e-05	0.9403905272483826	0.00028332057991065085	0.00044311038800515234	8.409876318182796e-05	True	0.43093669414520264	0.014556379988789558	0.5169337391853333	0.0014936112565919757	0.030974963679909706	2.664952489794814e-06	0.004554650746285915	0.0005472890916280448
904445042391166976	Babies and Stress: The Facts babies harvey ECE	data/processed/pro_crisismmd/images/data_image/hurricane_harvey/3_9_2017/904445042391166976_0.jpg	not_humanitarian	not_humanitarian	True	0.7758321836590767	0.595485863275826	0.7758321836590767	0.012836898298701271	0.004463945108000189	0.015209613484330475	0.1803463203832507	0.000129138464103562	0.0045748105039820075	0.006607130353586399	False	True	0.3616408407688141	0.001135276979766786	0.0032228592317551374	0.007056793663650751	0.5947666764259338	0.0004974067560397089	0.005478306673467159	0.026201872155070305	True	0.9138959646224976	0.0167374387383461	0.004877640400081873	0.017927220091223717	0.04220620170235634	6.38236679151305e-06	0.004273645114153624	7.55497530917637e-05
904448637454786560	Pizza Hut workers paddle through Harvey floodwaters to deliver free pies	data/processed/pro_crisismmd/images/data_image/hurricane_harvey/3_9_2017/904448637454786560_0.jpg	rescue_volunteering_or_donation_effort	rescue_volunteering_or_donation_effort	True	0.8784572780132294	0.779627482406795	0.018278008530614898	0.0014645233932242263	0.8784572780132294	0.0013529440147976857	0.09882979560643435	0.00015102274664968718	0.00024290382498293184	0.0012236268958076835	False	True	0.06916778534650803	0.00013035601295996457	0.6688438057899475	6.84144179103896e-05	0.259116530418396	7.712937804171816e-05	0.0005229260423220694	0.0020731198601424694	True	0.0013147495919838548	0.0019092458533123136	0.94832843542099	0.001781120547093451	0.04540088400244713	0.00017565386951901019	0.00014956308586988598	0.0009404625743627548
904456946161504257	I donated and it feels good A harvey	data/processed/pro_crisismmd/images/data_image/hurricane_harvey/3_9_2017/904456946161504257_0.jpg	not_humanitarian	not_humanitarian	True	0.9232180714607239	0.8733460679650307	0.9232180714607239	0.0013954554888186976	0.04987200349569321	0.001721213491691742	0.014291163999587297	3.338080958315004e-06	0.0019036432677239645	0.007595169977321348	False	True	0.7788066864013672	0.0036905836313962936	0.15339577198028564	0.00018274635658599436	0.02652892842888832	1.2570871149364393e-05	0.007103034295141697	0.03027965873479843	True	0.9713551998138428	0.0006304127746261656	0.015364080667495728	0.0022340358700603247	0.01021190918982029	2.6048422796520754e-07	0.00017051292525138706	3.367372482898645e-05
904460706745126913	Harvey's unlikely hero: Meteorologist Jeff Linder fakenews propaganda	data/processed/pro_crisismmd/images/data_image/hurricane_harvey/3_9_2017/904460706745126913_0.jpg	not_humanitarian	not_humanitarian	True	0.6586394980549812	0.5336856697686017	0.6586394980549812	0.12495382828637958	0.043829841539263725	0.019810898695141077	0.048369516618549824	0.0012736593889712822	0.008155580260790884	0.09496721997857094	False	True	0.40594860911369324	0.011139227077364922	0.07462604343891144	0.020362088456749916	0.16916000843048096	0.0048477426171302795	0.018275555223226547	0.295640766620636	True	0.7428697943687439	0.16289202868938446	0.03356444090604782	0.019627168774604797	0.008106019347906113	8.229831291828305e-05	0.00478225527331233	0.028076037764549255
904461512164519939	Jilted Lover, Growing Companies, Hurricane Harvey	data/processed/pro_crisismmd/images/data_image/hurricane_harvey/3_9_2017/904461512164519939_0.jpg	not_humanitarian	not_humanitarian	True	0.8786735087633133	0.8135338299962314	0.8786735087633133	0.010636968770995736	0.014022185234352946	0.0032868676353245974	0.006693852599710226	0.020503923825003767	0.0010429894755361602	0.06513967876708193	False	True	0.6256391406059265	0.01088797114789486	0.003915070556104183	0.006551072001457214	0.00873614102602005	0.08200278133153915	0.0020628180354833603	0.2602049708366394	True	0.9630182981491089	0.010553301312029362	0.017391223460435867	0.0021987995132803917	0.006013089790940285	4.304656158637954e-06	0.0007030466222204268	0.00011791474389610812
904461654452252673	Locally, some steady rain yesterday as a result of Harvey's remnants, but nothing too crazy njwx	data/processed/pro_crisismmd/images/data_image/hurricane_harvey/3_9_2017/904461654452252673_0.jpg	other_relevant_information	other_relevant_information	True	0.5024050772190094	0.039949459955096245	0.46245561726391315	0.5024050772190094	0.0005606309860013425	0.03288246761076152	0.0012126246001571417	0.000367740326510102	8.799610259302426e-05	2.792606028378941e-05	False	True	0.09204555302858353	0.8967247605323792	0.0004885342204943299	0.007501016370952129	0.001776445540599525	0.001351629034616053	7.783422915963456e-05	3.429753996897489e-05	True	0.5859256386756897	0.3709651827812195	0.0005846632411703467	0.041342951357364655	0.0010246842866763473	3.977742380811833e-05	9.13833937374875e-05	2.580223372206092e-05
904464126348587009	Houston Rescuers Prove the Lie of 'Toxic Masculinity' by HurricaneHarvey	data/processed/pro_crisismmd/images/data_image/hurricane_harvey/3_9_2017/904464126348587009_0.jpg	rescue_volunteering_or_donation_effort	not_humanitarian	False	0.4980899505317211	0.1764557622373104	0.4980899505317211	0.006253663494135253	0.3216341882944107	0.0012755257484968752	0.15998580399900675	1.9206010165362386e-05	0.009926334489136934	0.0028152698650956154	False	True	0.19843153655529022	0.0001532530295662582	0.29495832324028015	0.0003387599717825651	0.4862855076789856	2.328759183001239e-05	0.017282260581851006	0.0025271140038967133	True	0.5979760885238647	0.008287133648991585	0.3305261433124542	0.0015877810074016452	0.051219236105680466	1.7845482943812385e-05	0.0074743591248989105	0.0029113218188285828
904464166953594881	"PEOPLE I GIVE you the """"WALL"" Harvey , Adam approved:"	data/processed/pro_crisismmd/images/data_image/hurricane_harvey/3_9_2017/904464166953594881_0.jpg	not_humanitarian	not_humanitarian	True	0.7736176550388336	0.6935673411935568	0.7736176550388336	0.0407859047409147	0.017670473316684365	0.060841796919703484	0.08005031384527683	0.00019705679699200118	0.004426485189469531	0.02241029861397692	False	True	0.34068721532821655	0.15570659935474396	0.005900834687054157	0.2368524819612503	0.16902241110801697	0.0007853565621189773	0.0019508349942043424	0.08909429609775543	True	0.9179278016090393	0.0024790065363049507	0.021593686193227768	0.0021715685725212097	0.05039294809103012	9.568752830091398e-07	0.005251701921224594	0.000182299452717416
904464786867367936	Look at All the Incredible Ways the U.S. Military Is Helping Harvey Flood Victims	data/processed/pro_crisismmd/images/data_image/hurricane_harvey/3_9_2017/904464786867367936_0.jpg	rescue_volunteering_or_donation_effort	rescue_volunteering_or_donation_effort	True	0.7671419978141785	0.5717472955584526	0.030846182722598314	0.0023857383930590004	0.7671419978141785	0.0010442267303005792	0.19539470225572586	3.0405673214772833e-06	0.002150278160115704	0.0010338629290345125	False	True	0.033646706491708755	0.0006386161549016833	0.38812440633773804	0.00047927259583957493	0.5685598254203796	1.424841912012198e-06	0.004823638591915369	0.0037260721437633038	True	0.0299126747995615	0.0029681124724447727	0.8934811949729919	0.001232544775120914	0.07100632786750793	3.579142457965645e-06	0.0012591580161824822	0.00013645985745824873
904464817242636290	For the third time, one undocumented Houston family fled a hurricane Harvey	data/processed/pro_crisismmd/images/data_image/hurricane_harvey/3_9_2017/904464817242636290_0.jpg	affected_individuals	affected_individuals	True	0.953940361738205	0.922806188929826	0.009395433939062059	0.0015080949406183208	0.031134172808378935	0.0004691503136200481	0.953940361738205	1.5308769150124135e-06	0.00044978835285292007	0.0031014765354484553	False	True	0.0064901974983513355	2.5713070499477908e-05	0.0488588847219944	2.4801705876598135e-05	0.9433748722076416	1.2852071904490003e-06	0.001162844942882657	6.154765287647024e-05	True	0.010363846085965633	0.002002222230657935	0.025225935503840446	0.0006172665162011981	0.9574621915817261	1.612766823200218e-06	0.00021210282284300774	0.00411478616297245
904464926504349700	The Two Faced Ted Cruz HurricaneHarvey HurricaneSandy elites	data/processed/pro_crisismmd/images/data_image/hurricane_harvey/3_9_2017/904464926504349700_0.jpg	not_humanitarian	not_humanitarian	True	0.7583682537078857	0.6660804422572255	0.7583682537078857	0.047826697111304384	0.05492677353322506	0.008234175707912073	0.09228781145066023	0.00040446085040457547	0.03563443152233958	0.002317443082574755	False	True	0.9110537171363831	0.00016479563782922924	0.01701374351978302	0.0010841995244845748	0.062406402081251144	0.00010158226359635592	0.004574159160256386	0.0036015158984810114	True	0.70747309923172	0.06371399760246277	0.0675644502043724	0.010617501102387905	0.10224828124046326	0.0005054203793406487	0.04598785564303398	0.0018894188106060028
904468124891832321	Hurricanes of the future will make Harvey look small by comparison	data/processed/pro_crisismmd/images/data_image/hurricane_harvey/3_9_2017/904468124891832321_0.jpg	other_relevant_information	not_humanitarian	False	0.6538587771356106	0.33968405425548553	0.6538587771356106	0.31417472288012505	0.0037569613396044588	0.018426620867103338	0.0078028126154094934	0.0016148345418969257	0.0003548485638020793	1.0378741308159078e-05	False	True	0.21512018144130707	0.7407097816467285	0.00011600375728448853	0.03568001836538315	0.0018168101087212563	0.006428718101233244	0.00011844840628327802	1.0093581295222975e-05	True	0.8001049757003784	0.1719963699579239	0.004970613867044449	0.012675488367676735	0.009798146784305573	1.0206688784819562e-05	0.0004336486163083464	1.0473794645804446e-05
904468677906636800	Harvey strikes 'blow' at Houston real estate market	data/processed/pro_crisismmd/images/data_image/hurricane_harvey/3_9_2017/904468677906636800_0.jpg	infrastructure_and_utility_damage	not_humanitarian	False	0.6190088763833046	0.4300970043987036	0.6190088763833046	0.12634602468460798	0.015804764116182923	0.18891187198460102	0.048260211013257504	0.0007972580565365206	0.0006757228984497488	0.00019528135635482613	False	True	0.3199172914028168	0.06019265577197075	0.005512234754860401	0.5474468469619751	0.0627114474773407	0.00312888715416193	0.0006333193741738796	0.0004572691395878792	True	0.7187060713768005	0.14839714765548706	0.019235607236623764	0.06940021365880966	0.04344313219189644	2.004835732805077e-05	0.0006898574065417051	0.00010795209527714178
904468847708827648	FOOD IN HISTORY John Harvey developed the 1st breakfast cereals like toasted corn flakes.	data/processed/pro_crisismmd/images/data_image/hurricane_harvey/3_9_2017/904468847708827648_0.jpg	not_humanitarian	not_humanitarian	True	0.9672240912914276	0.9516220980585786	0.9672240912914276	0.015601993232849054	0.002790317841572687	0.009115030523389578	0.003941761679016054	0.00011675720179482596	0.0009853657538769767	0.0002246449967060471	False	True	0.9887964725494385	0.0007768782670609653	0.0016454419819638133	0.003450983203947544	0.003622550517320633	0.0004616734804585576	0.0006610745913349092	0.0005849573062732816	True	0.9600332975387573	0.020543698221445084	0.0031719431281089783	0.011003046296536922	0.004048165399581194	1.7851089069154114e-06	0.0010934628080576658	0.00010454089351696894
904469110028951552	AlleyTheatre sustains heavy damage from HurricaneHarvey2017.	data/processed/pro_crisismmd/images/data_image/hurricane_harvey/3_9_2017/904469110028951552_1.jpg	infrastructure_and_utility_damage	infrastructure_and_utility_damage	True	0.48069148138165474	0.21361887082457542	0.2670726105570793	0.03019461501389742	0.087853679433465	0.48069148138165474	0.0773103479295969	0.04755942308111116	0.008191589848138392	0.0011262464213359635	False	True	0.2886391580104828	0.03589499369263649	0.04650627076625824	0.19106651842594147	0.22098127007484436	0.18898500502109528	0.023659663274884224	0.0042671323753893375	True	0.2598837614059448	0.028294488787651062	0.10163614898920059	0.5772331357002258	0.029420040547847748	0.0004175624344497919	0.003035565372556448	7.928443665150553e-05
904472503850082305	Waterway Section 4 of Commons of Lakr Houston was hit hard by the Flood Waters of Harvey	data/processed/pro_crisismmd/images/data_image/hurricane_harvey/3_9_2017/904472503850082305_0.jpg	infrastructure_and_utility_damage	infrastructure_and_utility_damage	True	0.3984086290001869	0.029068500734865665	0.15323236491531134	0.36934012826532125	0.006655014993157238	0.3984086290001869	0.06378105143085122	0.005138068692758679	0.0007650390398339368	0.0026796443198691122	False	True	0.5843649506568909	0.02608659490942955	0.0038856773171573877	0.161433607339859	0.20751339197158813	0.006138639524579048	0.00024461044813506305	0.010332557372748852	True	0.009521503001451492	0.48375797271728516	0.0075781275518238544	0.4774003028869629	0.015870271250605583	0.00480454508215189	0.0009385152370668948	0.00012867330224253237
904473410792816641	19 & 20 serving the people and saving the puppies affected by Harvey 6	data/processed/pro_crisismmd/images/data_image/hurricane_harvey/3_9_2017/904473410792816641_0.jpg	rescue_volunteering_or_donation_effort	rescue_volunteering_or_donation_effort	True	0.500210341066122	0.24915674701333046	0.2510535940527916	0.0033626012736931443	0.500210341066122	0.0028074702713638544	0.23281817510724068	0.0007093073581927456	0.008594347396865487	0.00044418879406293854	False	True	0.15936458110809326	0.001982847461476922	0.10624568164348602	0.0023032296448946	0.7074917554855347	0.0027284910902380943	0.01923845149576664	0.0006449198117479682	True	0.28161659836769104	0.0038225192110985518	0.6315318942070007	0.0029755504801869392	0.07459364831447601	3.624611417762935e-05	0.0050463126972317696	0.0003772784548345953
904473410792816641	19 & 20 serving the people and saving the puppies affected by Harvey 6	data/processed/pro_crisismmd/images/data_image/hurricane_harvey/3_9_2017/904473410792816641_1.jpg	rescue_volunteering_or_donation_effort	rescue_volunteering_or_donation_effort	True	0.5458876192569733	0.3246437981724739	0.22124382108449936	0.0038269461365416646	0.5458876192569733	0.00757859623990953	0.20587429776787758	0.0011271603652858175	0.0044531034072861075	0.010008508099417668	False	True	0.040125489234924316	0.003840226912871003	0.28895479440689087	0.0213877335190773	0.5997162461280823	0.004399903118610382	0.0026734755374491215	0.038902197033166885	True	0.28161659836769104	0.0038225192110985518	0.6315318942070007	0.0029755504801869392	0.07459364831447601	3.624611417762935e-05	0.0050463126972317696	0.0003772784548345953
904476428552593408	Loving Melania in her chucks! Converse HurricaneHarvey HoustonFlood	data/processed/pro_crisismmd/images/data_image/hurricane_harvey/3_9_2017/904476428552593408_0.jpg	not_humanitarian	not_humanitarian	True	0.7083874195814133	0.5648753605782986	0.7083874195814133	0.06202532642055303	0.04257321171462536	0.009541192790493369	0.1435120590031147	0.0005100231719552539	0.01885658805258572	0.014594152598874643	False	True	0.7507330179214478	0.005310629028826952	0.045327309519052505	0.007245075888931751	0.1265840232372284	0.0002277980966027826	0.011643036268651485	0.05292915180325508	True	0.6942722201347351	0.08093022555112839	0.04165517911314964	0.010306565091013908	0.14915473759174347	0.0006040981970727444	0.021261105313897133	0.0018158195307478309
904476857109590016	Colorado Feeding Kids Helps Provide 50,000 Meals For Harvey Victims	data/processed/pro_crisismmd/images/data_image/hurricane_harvey/3_9_2017/904476857109590016_0.jpg	rescue_volunteering_or_donation_effort	rescue_volunteering_or_donation_effort	True	0.8433722853660583	0.7426841892302036	0.05264777969568968	0.0009190963664877927	0.8433722853660583	0.00022141852991808264	0.10068809613585472	4.902676010942741e-06	0.0009263032698072493	0.0012200200071674772	False	True	0.023363597691059113	7.438830652972683e-05	0.9086422324180603	1.281790991924936e-05	0.06490971893072128	1.1227672302993597e-06	0.0028470424003899097	0.00014906356227584183	True	0.0624091736972332	0.001200665719807148	0.8216156363487244	0.00029095206991769373	0.1126142218708992	6.162645604490535e-06	0.0002860568929463625	0.0015770054887980223
904484344156311552	Toxic sites damaged by Harvey presenting health and environmental dangers	data/processed/pro_crisismmd/images/data_image/hurricane_harvey/3_9_2017/904484344156311552_0.jpg	infrastructure_and_utility_damage	infrastructure_and_utility_damage	True	0.5334885194897652	0.2902754284441471	0.1045182878151536	0.24321309104561806	0.003934730688342825	0.5334885194897652	0.009972906787879765	0.10108713978843298	0.0028860262245871127	0.0008993082760753168	False	True	0.23365336656570435	0.03872479498386383	0.0013610083842650056	0.2989831864833832	0.019989481195807457	0.40274426341056824	0.001027325401082635	0.0035165920853614807	True	0.061473261564970016	0.31137585639953613	0.004792638123035431	0.6116569638252258	0.006634048651903868	0.000534765247721225	0.003505593165755272	2.688033964659553e-05
904484542647607297	Great info graphic capturing Harvey impact on refinery capacity. oilandgas	data/processed/pro_crisismmd/images/data_image/hurricane_harvey/3_9_2017/904484542647607297_0.jpg	other_relevant_information	other_relevant_information	True	0.5851657595485449	0.24254402704536915	0.34262173250317574	0.5851657595485449	0.002706160128582269	0.03945173276588321	0.01926420908421278	0.0020790741400560364	0.008036438754061237	0.0006749443491571583	False	True	0.8791082501411438	0.06560226529836655	0.0036517458502203226	0.02152869664132595	0.020845603197813034	0.0065840776078403	0.0008098032558336854	0.0018695939797908068	True	0.16379289329051971	0.758353590965271	0.002390964888036251	0.045426078140735626	0.018737077713012695	0.000577406317461282	0.01044531725347042	0.0002767278056126088
904484665821712384	PhotosFromTheField: TXMAR Texas StateGuard after a successful mission in Houston, TX. Harvey	data/processed/pro_crisismmd/images/data_image/hurricane_harvey/3_9_2017/904484665821712384_0.jpg	rescue_volunteering_or_donation_effort	rescue_volunteering_or_donation_effort	True	0.6219308152794838	0.4774180520325899	0.14451276324689388	0.016441476356703788	0.6219308152794838	0.0015851271091378294	0.13468262180685997	0.0032839484338182956	0.07587260729633272	0.0016907014360185713	False	True	0.41386479139328003	0.0031294182408601046	0.3130970895290375	0.0004505869874265045	0.2641245424747467	0.0004458074690774083	0.004321753047406673	0.0005660619353875518	True	0.05472875386476517	0.020878829061985016	0.7248753905296326	0.001963307149708271	0.09153531491756439	0.004229995422065258	0.09972289204597473	0.0020655812695622444
904484911268196352	Navy helicopters ready to help with rescue efforts in Beaumont, Tx in wake of Harvey	data/processed/pro_crisismmd/images/data_image/hurricane_harvey/3_9_2017/904484911268196352_0.jpg	rescue_volunteering_or_donation_effort	rescue_volunteering_or_donation_effort	True	0.578727874904871	0.43570201843976974	0.14302585646510124	0.083438980858773	0.578727874904871	0.007670647464692593	0.10281257331371307	0.003785811713896692	0.0707117049023509	0.0098265670822002	False	True	0.4754938781261444	0.01703614555299282	0.1314345747232437	0.003658495843410492	0.14809076488018036	0.004796772263944149	0.18915174901485443	0.03033764660358429	True	0.03220318257808685	0.10557325929403305	0.7278256416320801	0.009008031338453293	0.08771984279155731	0.0034488248638808727	0.03123169019818306	0.0029895405750721693
904488944389292032	"Evelyn says her neighbor Javier, who doesn't speak English, rescued her from harvey. Javier: ""we are all family"""	data/processed/pro_crisismmd/images/data_image/hurricane_harvey/3_9_2017/904488944389292032_0.jpg	rescue_volunteering_or_donation_effort	not_humanitarian	False	0.6351687572896481	0.31813468411564827	0.6351687572896481	0.0018492343187972438	0.021527067990973592	0.0006783612043363973	0.3170340731739998	3.81498020374238e-06	0.0010461576748639345	0.022692436818033457	False	True	0.07545547187328339	9.362857963424176e-05	0.07336943596601486	0.0010515381582081318	0.8167755007743835	1.4533259673044086e-05	0.0026086100842803717	0.030631285160779953	True	0.8217398524284363	0.0024344362318515778	0.004246278665959835	0.0005539688863791525	0.1504535973072052	2.4222038064181106e-07	0.0005253402050584555	0.020046154037117958
904489738656153604	8IMPORTANT8Please help in anything you can	data/processed/pro_crisismmd/images/data_image/hurricane_harvey/3_9_2017/904489738656153604_0.jpg	not_humanitarian	not_humanitarian	True	0.9043927788734436	0.8518095927429385	0.9043927788734436	0.00020069050333404448	0.052583186130505055	0.0005967526594758965	0.034561269862024346	4.190618328792084e-05	0.0017700319622235838	0.005853471897694362	False	True	0.6277751326560974	0.0005125258467160165	0.20274001359939575	0.0010861830087378621	0.13758638501167297	0.00016755505930632353	0.006734349764883518	0.023397881537675858	True	0.9965986609458923	9.674538887338713e-05	0.0025309103075414896	0.000433609209721908	0.0002195648121414706	2.3224615119943337e-08	0.00011525936133693904	5.335351033863844e-06
904492536273805313	Here is the new GuyHarvey Aruba Long Sleeve Guy's tribute to that enchanting island!	data/processed/pro_crisismmd/images/data_image/hurricane_harvey/3_9_2017/904492536273805313_0.jpg	not_humanitarian	rescue_volunteering_or_donation_effort	False	0.31736721750348806	0.04804606758989394	0.2505316063761711	0.2693211499135941	0.31736721750348806	0.0397531664930284	0.03679849044419825	0.019330527284182608	0.009726453863549978	0.05717133404687047	False	True	0.8773993253707886	0.012839133851230145	0.05619209632277489	0.008140062913298607	0.010288492776453495	0.005684793461114168	0.001320271985605359	0.028135718777775764	True	0.04157570004463196	0.35481515526771545	0.40442559123039246	0.05029086768627167	0.0456351563334465	0.02387910522520542	0.012528514489531517	0.06684987246990204
904492590426460160	The Rescue Entrepreneurs Fielding Thousands of Harvey Distress Calls	data/processed/pro_crisismmd/images/data_image/hurricane_harvey/3_9_2017/904492590426460160_0.jpg	not_humanitarian	rescue_volunteering_or_donation_effort	False	0.6471215784549713	0.5098575856536627	0.13726399280130863	0.07255896006245166	0.6471215784549713	0.004724832600913942	0.10388918220996857	0.00024538956796504863	0.012570335413329303	0.02162578062416287	False	True	0.31382250785827637	0.2800928056240082	0.0698859691619873	0.01426152978092432	0.20009255409240723	0.0009732221369631588	0.03574280068278313	0.08512867242097855	True	0.07841115444898605	0.0033810115419328213	0.8395334482192993	0.0015459335409104824	0.07182139158248901	2.778711632345221e-06	0.004846180323511362	0.00045815002522431314
904492700866629632	"""Childhood is the world of miracle and magic"" Allie and Oliver Harvey Smith. 1/06; 04:20 am"	data/processed/pro_crisismmd/images/data_image/hurricane_harvey/3_9_2017/904492700866629632_0.jpg	not_humanitarian	not_humanitarian	True	0.9376470744609833	0.9123538213316351	0.9376470744609833	0.01990745184593834	0.0020704922499135137	0.004898187777143903	0.02529325312934816	0.00012867128134530503	0.007397348177619278	0.0026575084193609655	False	True	0.9088373780250549	0.0006362596759572625	0.002667119260877371	0.0003173745353706181	0.06363695859909058	0.00031607027631253004	0.016939319670200348	0.0066494811326265335	True	0.9472503066062927	0.026331182569265366	0.001871616579592228	0.006425125524401665	0.012512017972767353	6.620494968956336e-05	0.004216691013425589	0.0013268508482724428
904492700866629632	"""Childhood is the world of miracle and magic"" Allie and Oliver Harvey Smith. 1/06; 04:20 am"	data/processed/pro_crisismmd/images/data_image/hurricane_harvey/3_9_2017/904492700866629632_1.jpg	not_humanitarian	not_humanitarian	True	0.9471119791269302	0.92668135848362	0.9471119791269302	0.02043062064331025	0.0019240874680690467	0.005060395982582122	0.013018676079809666	7.117262794054113e-05	0.006098808138631284	0.006284277362283319	False	True	0.9466969966888428	0.0027289348654448986	0.002081500133499503	0.0009662073571234941	0.014538650400936604	8.607566269347444e-05	0.011745159514248371	0.02115655690431595	True	0.9472503066062927	0.026331182569265366	0.001871616579592228	0.006425125524401665	0.012512017972767353	6.620494968956336e-05	0.004216691013425589	0.0013268508482724428
904492700866629632	"""Childhood is the world of miracle and magic"" Allie and Oliver Harvey Smith. 1/06; 04:20 am"	data/processed/pro_crisismmd/images/data_image/hurricane_harvey/3_9_2017/904492700866629632_2.jpg	not_humanitarian	not_humanitarian	True	0.9564001709222794	0.9365823036496295	0.9564001709222794	0.01981786727264989	0.0015891280345385894	0.004869910470006289	0.011525119422003627	6.675657095911447e-05	0.004390608053654432	0.0013404509518295527	False	True	0.9838497638702393	0.0002779213828034699	0.0007416623993776739	0.00020426530682016164	0.008564423769712448	6.841143476776779e-05	0.004912359174340963	0.0013812512625008821	True	0.9472503066062927	0.026331182569265366	0.001871616579592228	0.006425125524401665	0.012512017972767353	6.620494968956336e-05	0.004216691013425589	0.0013268508482724428
904499065672622080	Harvey HoustonStrong Watch Gulf: 20% chance tropical development next 5 days, would likely move toward TX.	data/processed/pro_crisismmd/images/data_image/hurricane_harvey/4_9_2017/904499065672622080_1.jpg	other_relevant_information	not_humanitarian	False	0.5324428528547287	0.101649209856987	0.5324428528547287	0.4307936429977417	0.01829628584528109	0.003678040753584355	0.01280678273178637	0.0001658607156969083	0.00019927875473513268	0.0016172719770111144	False	True	0.2824782729148865	0.7104625701904297	0.00027592977858148515	0.0027339959051460028	0.0019702622666954994	0.0006348730530589819	0.000138877920107916	0.0013051831629127264	True	0.6157643795013428	0.3375706672668457	0.024303071200847626	0.0039927223697304726	0.016418956220149994	9.523269909550436e-06	0.00021941236627753824	0.001721301581710577
904499126913695744	I think these new MHTs are going to do just fine! Cjnj HurricaneHarvey	data/processed/pro_crisismmd/images/data_image/hurricane_harvey/4_9_2017/904499126913695744_0.jpg	not_humanitarian	not_humanitarian	True	0.8964379727840424	0.8450648766593076	0.8964379727840424	0.004782142263138667	0.03493086207890883	0.0007264944579219446	0.05137309612473473	2.2892209273095432e-05	0.005648870253935456	0.0060776396639994346	False	True	0.6151118874549866	0.0011438449146226048	0.13631394505500793	0.00115240179002285	0.20043061673641205	8.628042269265279e-05	0.021565817296504974	0.024195171892642975	True	0.9902133345603943	0.005994908045977354	0.0011365010868757963	0.0005845253472216427	0.00168725592084229	1.7628047999096452e-06	0.0003432212397456169	3.8462254451587796e-05
904499543466811395	Me watching Harvey pass and Irma bout to mollywop Florida	data/processed/pro_crisismmd/images/data_image/hurricane_harvey/4_9_2017/904499543466811395_0.jpg	not_humanitarian	not_humanitarian	True	0.9122516363859177	0.8585386145859957	0.9122516363859177	0.05371302179992199	0.0024891853681765497	0.006067904469091445	0.011236069723963737	0.00037666189473384293	0.0023302014596993104	0.011535354977240786	False	True	0.8913156986236572	0.02250683307647705	0.0049435761757195	0.01508365012705326	0.013812420889735222	0.001498925848864019	0.007125379517674446	0.04371347278356552	True	0.9192302823066711	0.06411508470773697	0.0016710550989955664	0.0030626559164375067	0.01037728600203991	2.573910023784265e-06	0.0007318087737075984	0.0008093157084658742
904500551370637313	Daughter saw & sent me this. 2 2 2 Harvey Cats	data/processed/pro_crisismmd/images/data_image/hurricane_harvey/4_9_2017/904500551370637313_0.jpg	not_humanitarian	not_humanitarian	True	0.8536249324679375	0.7579812156673142	0.8536249324679375	0.002147200866602361	0.0016535543254576623	0.0041621603013481945	0.03482943936251104	0.0073645376115791805	0.0005744844675064087	0.09564371680062322	False	True	0.43507120013237	0.0022419970482587814	0.0032667750492691994	0.013508637435734272	0.13290147483348846	0.029455026611685753	0.001204103697091341	0.38235074281692505	True	0.99314284324646	0.0021156021393835545	0.00111581408418715	0.001046667923219502	0.0021387608721852303	1.0412782103230711e-06	0.0003646113909780979	7.470812852261588e-05
904504140021293056	Why Flooded-Out Cars Are Likely Total Losses - HurricaneHarvey	data/processed/pro_crisismmd/images/data_image/hurricane_harvey/4_9_2017/904504140021293056_0.jpg	vehicle_damage	vehicle_damage	True	0.7720247060060501	0.5898763341829181	0.18214837182313204	0.006519320595543832	0.0012764271668856964	0.03277723796782084	0.0045702498173341155	0.7720247060060501	0.0004744293328258209	0.00020924859074966662	False	True	0.043839070945978165	0.0019713786896318197	0.0008321216446347535	0.0010032738791778684	0.006541231647133827	0.9448253512382507	0.0001688967167865485	0.0008187561179511249	True	0.22825147211551666	0.008035301230847836	0.0014245290076360106	0.04336855933070183	0.003913255874067545	0.7144244909286499	0.000576273538172245	6.079415015847189e-06
904504586089758725	Way to go, - we loaded up multiple vehicles 4 HurricaneHarvey relief efforts & took them to Dallas!	data/processed/pro_crisismmd/images/data_image/hurricane_harvey/4_9_2017/904504586089758725_0.jpg	rescue_volunteering_or_donation_effort	rescue_volunteering_or_donation_effort	True	0.6502899155020714	0.474569508805871	0.12447909265756607	0.005768405826529488	0.6502899155020714	0.0016256254020845518	0.17572040669620037	0.040477516246028244	0.0010837335576070473	0.0005552116999751888	False	True	0.3858494758605957	0.0004687214968726039	0.21076050400733948	0.00012469611829146743	0.39700159430503845	0.004479326773434877	0.0004836791777051985	0.0008319931221194565	True	0.037355631589889526	0.007534967269748449	0.7967997193336487	0.002125935163348913	0.10196001082658768	0.0524769127368927	0.0012837516842409968	0.0004629512259270996
904507522727510017	She got her stage name from a liquor store on a bottle of Harvey's Bristol Cream Sherry	data/processed/pro_crisismmd/images/data_image/hurricane_harvey/4_9_2017/904507522727510017_0.jpg	not_humanitarian	missing_or_found_people	False	0.37666542641818523	0.032875096425414085	0.34379032999277115	0.10720381664577872	0.01501987618394196	0.04578000260517001	0.030868076719343662	0.0002973960872623138	0.08037508837878704	0.37666542641818523	False	True	0.6071825623512268	0.0014652521349489689	0.016139592975378036	0.009082185104489326	0.08405325561761856	0.00026955496286973357	0.1720176488161087	0.10978996008634567	True	0.25599291920661926	0.1424500048160553	0.014646637253463268	0.05801260843873024	0.01313968375325203	0.00030667646205984056	0.04982756823301315	0.4656239151954651
904507522727510017	She got her stage name from a liquor store on a bottle of Harvey's Bristol Cream Sherry	data/processed/pro_crisismmd/images/data_image/hurricane_harvey/4_9_2017/904507522727510017_1.jpg	not_humanitarian	missing_or_found_people	False	0.3519491124898195	0.04027383215725422	0.3116752803325653	0.1071668368531391	0.015876173740252852	0.04508203233126551	0.018520395271480083	0.00034608569694682956	0.14938408322632313	0.3519491124898195	False	True	0.47872236371040344	0.0013173329643905163	0.019564783200621605	0.006290304008871317	0.034662529826164246	0.00046431340160779655	0.44805362820625305	0.010924704372882843	True	0.25599291920661926	0.1424500048160553	0.014646637253463268	0.05801260843873024	0.01313968375325203	0.00030667646205984056	0.04982756823301315	0.4656239151954651
904507993210982400	the name Harvey is canceled.	data/processed/pro_crisismmd/images/data_image/hurricane_harvey/4_9_2017/904507993210982400_0.jpg	not_humanitarian	not_humanitarian	True	0.952001079916954	0.9369494528509676	0.952001079916954	0.011325744679197669	0.0018179683829657733	0.015051627065986395	0.008691566996276379	9.179840753859025e-05	0.0014329434088722337	0.009587345528416336	False	True	0.9321820139884949	0.0016728872433304787	0.006135610863566399	0.0022598747164011	0.020936105400323868	0.0003033565590158105	0.005186983849853277	0.03132325038313866	True	0.9586074352264404	0.014543363824486732	0.0003787542227655649	0.01931554451584816	0.004610054194927216	2.1279023712850176e-05	0.00018159659521188587	0.002342043910175562
904507993210982400	the name Harvey is canceled.	data/processed/pro_crisismmd/images/data_image/hurricane_harvey/4_9_2017/904507993210982400_1.jpg	not_humanitarian	not_humanitarian	True	0.7535797394812107	0.6480444986373186	0.7535797394812107	0.014918642584234476	0.009189134638290852	0.02094950433820486	0.1055352408438921	0.00020409934995768708	0.009127747169259237	0.08649594977032393	False	True	0.13849665224552155	0.016044478863477707	0.035620275884866714	0.025851383805274963	0.40831080079078674	0.0007525603286921978	0.03596619889140129	0.33895766735076904	True	0.9586074352264404	0.014543363824486732	0.0003787542227655649	0.01931554451584816	0.004610054194927216	2.1279023712850176e-05	0.00018159659521188587	0.002342043910175562
904507993210982400	the name Harvey is canceled.	data/processed/pro_crisismmd/images/data_image/hurricane_harvey/4_9_2017/904507993210982400_2.jpg	not_humanitarian	not_humanitarian	True	0.9008385241031647	0.8243300770409405	0.9008385241031647	0.07650844706222415	0.0005170688236830756	0.015199537214357406	0.004288801399525255	5.319350793797639e-05	0.0002909886861743871	0.002303483139257878	False	True	0.7275317907333374	0.2624036967754364	0.0009320126264356077	0.0028515153098851442	0.003325043013319373	0.00014893696061335504	0.0006191649590618908	0.0021878008265048265	True	0.9586074352264404	0.014543363824486732	0.0003787542227655649	0.01931554451584816	0.004610054194927216	2.1279023712850176e-05	0.00018159659521188587	0.002342043910175562
904508316579225601	Get your daily deals here! hurricaneharveyskincaremakeupavon	data/processed/pro_crisismmd/images/data_image/hurricane_harvey/4_9_2017/904508316579225601_0.jpg	not_humanitarian	not_humanitarian	True	0.9808230102062225	0.9718507469224278	0.9808230102062225	0.008972263283794746	0.0033534158137626946	0.003890029911417514	0.0014347600954351947	0.0005663617867810444	0.00019289708689029794	0.0007672644269405282	False	True	0.9817566871643066	0.0013665644219145179	0.0034324447624385357	0.0030581422615796328	0.00462668901309371	0.002263507805764675	0.0004470546555239707	0.0030488993506878614	True	0.9805117845535278	0.011507496237754822	0.0033270728308707476	0.004167325794696808	0.0003707837895490229	6.464471198341926e-07	0.00010817789734574035	6.7194523580837995e-06
904508316579225601	Get your daily deals here! hurricaneharveyskincaremakeupavon	data/processed/pro_crisismmd/images/data_image/hurricane_harvey/4_9_2017/904508316579225601_1.jpg	not_humanitarian	not_humanitarian	True	0.7973310723900795	0.6586172646493651	0.7973310723900795	0.009456592728383839	0.1387138077407144	0.003333213535370305	0.04716383530467283	5.465741386956324e-05	0.0012874444710178068	0.002659383432728646	False	True	0.2477889358997345	0.003303882200270891	0.5448740124702454	0.0008308767573907971	0.18754298985004425	0.0002166903141187504	0.004825244192034006	0.010617375373840332	True	0.9805117845535278	0.011507496237754822	0.0033270728308707476	0.004167325794696808	0.0003707837895490229	6.464471198341926e-07	0.00010817789734574035	6.7194523580837995e-06
904508316579225601	Get your daily deals here! hurricaneharveyskincaremakeupavon	data/processed/pro_crisismmd/images/data_image/hurricane_harvey/4_9_2017/904508316579225601_2.jpg	not_humanitarian	not_humanitarian	True	0.9785822778940201	0.9693493292434141	0.9785822778940201	0.009232948650605977	0.0036048463662154973	0.004590838216245174	0.002486152618075721	0.0006458097724078016	0.0004891202897852054	0.00036801170699618524	False	True	0.9727937579154968	0.002409305889159441	0.004438166972249746	0.005861375480890274	0.008832259103655815	0.0025812997482717037	0.0016319474671036005	0.0014518884709104896	True	0.9805117845535278	0.011507496237754822	0.0033270728308707476	0.004167325794696808	0.0003707837895490229	6.464471198341926e-07	0.00010817789734574035	6.7194523580837995e-06
904509055460188161	GoCha is back soon D8 SuperMan & Mr. Tornado DD Pragyaj KRPKAB PC:	data/processed/pro_crisismmd/images/data_image/hurricane_harvey/4_9_2017/904509055460188161_0.jpg	not_humanitarian	not_humanitarian	True	0.5695548355579376	0.454889067215845	0.5695548355579376	0.11153586051659659	0.010276633547618985	0.06828839611262083	0.11466576834209263	0.000295426605589455	0.017473269952461123	0.10790985962375998	False	True	0.15441566705703735	0.001051509054377675	0.013012350536882877	0.016148943454027176	0.41296279430389404	0.00014218933938536793	0.03730300813913345	0.364963561296463	True	0.707934558391571	0.14836397767066956	0.009364727884531021	0.08566821366548538	0.015233426354825497	0.0003465056943241507	0.010863357223570347	0.022225292399525642
904516048619282432	That is some epic PR shade. EPA Harvey Pruitt	data/processed/pro_crisismmd/images/data_image/hurricane_harvey/4_9_2017/904516048619282432_0.jpg	not_humanitarian	not_humanitarian	True	0.9563234448432922	0.9248574170633219	0.9563234448432922	0.03146602777997032	0.0005022431250836235	0.0013239922263892367	0.0008394139149459079	0.00016519353387423052	0.0004563317706924863	0.00892336862943921	False	True	0.8388071060180664	0.11596360057592392	0.0014955428196117282	0.00314387702383101	0.002784258220344782	0.0006591728306375444	0.001515021431259811	0.03563140332698822	True	0.9954955577850342	0.0033001701813191175	0.00017114322690758854	0.0007173639605753124	0.0001911324798129499	5.337682864592352e-07	0.00010343521717004478	2.0690396922873333e-05
904516215808380928	I forgot that my bitmoji could save lives! Hurricane Harvey, you're no match for little Kaden	data/processed/pro_crisismmd/images/data_image/hurricane_harvey/4_9_2017/904516215808380928_0.jpg	not_humanitarian	not_humanitarian	True	0.666417732834816	0.4527140913778567	0.666417732834816	0.04823815502459183	0.016271020518615842	0.005932730855420232	0.034747825033264235	5.448226465887274e-05	0.014634434373874683	0.2137036414569593	False	True	0.9932799935340881	0.0018933734390884638	0.0011672703549265862	0.0014443174004554749	0.0015076586278155446	2.829111872415524e-05	0.0003119530447293073	0.00036711161374114454	True	0.5574636459350586	0.06368641555309296	0.02130560390651226	0.0074288686737418175	0.04582788050174713	6.32126466371119e-05	0.01940859481692314	0.28481581807136536
904516911391805440	Residents in Harvey's path return to find devastation at their doorsteps.	data/processed/pro_crisismmd/images/data_image/hurricane_harvey/4_9_2017/904516911391805440_0.jpg	infrastructure_and_utility_damage	affected_individuals	False	0.6779013574123383	0.5225959233939648	0.14448908506892622	0.007211677439045161	0.006729845539666712	0.1553054340183735	0.6779013574123383	0.002025989009894147	0.00301601712271804	0.003320597217680188	False	True	0.5468063354492188	0.02136460319161415	0.006680438760668039	0.14165443181991577	0.2515859603881836	0.008082837797701359	0.010713945142924786	0.013111486099660397	True	0.010383334942162037	0.0024940355215221643	0.006746314465999603	0.15985576808452606	0.8200064897537231	7.039413958409568e-06	0.000450041115982458	5.696759035345167e-05
904517353588744192	Largest Oil Refinery in U.S. Forced to Close as Harvey Floods Texas - OANN	data/processed/pro_crisismmd/images/data_image/hurricane_harvey/4_9_2017/904517353588744192_0.jpg	infrastructure_and_utility_damage	not_humanitarian	False	0.5861166715621948	0.3658127496019006	0.5861166715621948	0.22030392196029425	0.012788685562554747	0.09609473124146461	0.012437840458005667	0.06982033916574437	0.0020113064092583954	0.00042646851943572983	False	True	0.6175299882888794	0.009432222694158554	0.0030383991543203592	0.07243971526622772	0.014422777108848095	0.2786270081996918	0.0040491302497684956	0.00046072358964011073	True	0.5756455659866333	0.2905944883823395	0.01603878103196621	0.10397973656654358	0.011776194907724857	0.00021811615442857146	0.0013320317957550287	0.0004150501627009362
904517403681447936	Chelsea Clinton sets the bar for the DUMBEST comment about Harvey -	data/processed/pro_crisismmd/images/data_image/hurricane_harvey/4_9_2017/904517403681447936_0.jpg	not_humanitarian	not_humanitarian	True	0.785950779914856	0.6825076807290316	0.785950779914856	0.012428571528289467	0.01819632202386856	0.006816679582698271	0.1034430991858244	0.00011466061005194206	0.007082141761202365	0.06596774701029062	False	True	0.783910870552063	0.0027034322265535593	0.005358470603823662	0.0010888584656640887	0.06569560617208481	0.00018264891696162522	0.017952609807252884	0.12310750782489777	True	0.7866307497024536	0.015670284628868103	0.022475605830550194	0.008725953288376331	0.11602559685707092	9.199784108204767e-05	0.003458652412518859	0.04692116007208824
904524705960534016	UPDATE: Floodwater Breaches Houston Temple via	data/processed/pro_crisismmd/images/data_image/hurricane_harvey/4_9_2017/904524705960534016_0.jpg	infrastructure_and_utility_damage	not_humanitarian	False	0.4775865450501442	0.3235805593430996	0.4775865450501442	0.1540059857070446	0.14497416571248323	0.1514680925756693	0.06534754764288664	0.0014072506310185418	0.0038714293914381415	0.0013389874948188663	False	True	0.6698988080024719	0.14187242090702057	0.0073669892735779285	0.06880959123373032	0.10409357398748398	0.0027338461950421333	0.0015893519157543778	0.003635423257946968	True	0.4134824573993683	0.1580505073070526	0.19084322452545166	0.1790209263563156	0.05243220552802086	0.0009650521096773446	0.004632121883332729	0.000573508907109499
904525471123210240	The only way to get into the town I work in. HarveyFloods Harvey2017 Harvey Beaumont Silsbee	data/processed/pro_crisismmd/images/data_image/hurricane_harvey/4_9_2017/904525471123210240_0.jpg	not_humanitarian	not_humanitarian	True	0.5667316392064095	0.38458521757274866	0.5667316392064095	0.033026065677404404	0.03519246680662036	0.06918029394000769	0.1821464216336608	0.10261194718623301	0.0014998750702943653	0.009611275352654047	False	True	0.3362923562526703	0.015543371438980103	0.012468243017792702	0.153089702129364	0.03361639007925987	0.4096994698047638	0.0026802844367921352	0.03661022335290909	True	0.6435447335243225	0.03885363042354584	0.04276720806956291	0.041210491210222244	0.23165643215179443	0.0002494396467227489	0.0011064052814617753	0.0006116260192357004
904525677696876544	HurricaneHarvey Victim Relief - Ways you can help those effected by the storm. Click HERE:	data/processed/pro_crisismmd/images/data_image/hurricane_harvey/4_9_2017/904525677696876544_0.jpg	rescue_volunteering_or_donation_effort	rescue_volunteering_or_donation_effort	True	0.6131959855556488	0.38477878645062447	0.22841719910502434	0.01825622959586326	0.6131959855556488	0.0027215927693760023	0.09654912911355495	0.009618376611896906	0.0016879727481864393	0.02955348353680165	False	True	0.25670599937438965	0.07112584263086319	0.3211163878440857	0.009805490262806416	0.1822032332420349	0.03847141191363335	0.0027155966963618994	0.11785607784986496	True	0.2189875990152359	0.0006330252508632839	0.7105558514595032	0.0003602936048991978	0.0679977610707283	6.981779847592406e-07	0.0013454314321279526	0.00011928543244721368
904528383903621121	Just met with . Congress is ready to act. HurricaneHarvey TexasStrong	data/processed/pro_crisismmd/images/data_image/hurricane_harvey/4_9_2017/904528383903621121_1.jpg	other_relevant_information	not_humanitarian	False	0.8822691291570663	0.8023347915150225	0.8822691291570663	0.07993433764204383	0.01876970933517441	0.0010947411501547322	0.011042163241654634	0.00016154916471577963	0.0055362282728310674	0.0011921606565010734	False	True	0.6688128113746643	0.29404017329216003	0.002819919725880027	0.0018777318764477968	0.009040487930178642	0.0006388910696841776	0.0185993704944849	0.004170696251094341	True	0.9534212350845337	0.00856572575867176	0.024086305871605873	0.0008337442413903773	0.011709388345479965	2.4351963929802878e-06	0.0011818475322797894	0.00019931545830331743
904528601567158273	I'm not saying it's true... I'm not saying it's not... You never know. Houston HurricaneHarvey	data/processed/pro_crisismmd/images/data_image/hurricane_harvey/4_9_2017/904528601567158273_0.jpg	not_humanitarian	not_humanitarian	True	0.7793646715581417	0.6460776879102923	0.7793646715581417	0.1332869836478494	0.0006300991080934182	0.0052361911366460845	0.0017967779422178864	6.289632345612972e-05	0.000486572058434831	0.07913575704333198	False	True	0.13386164605617523	0.5266698598861694	0.000662781938444823	0.01853054016828537	0.00220627267844975	0.0002494588843546808	0.0014636855339631438	0.31635576486587524	True	0.9945323467254639	0.00215935823507607	0.0006192048313096166	0.0008047414594329894	0.0016602796968072653	7.088031566127029e-07	0.00016086756659206003	6.24211024842225e-05
904533241788596224	Local charity organization collects donations for Harvey animals	data/processed/pro_crisismmd/images/data_image/hurricane_harvey/4_9_2017/904533241788596224_0.jpg	rescue_volunteering_or_donation_effort	rescue_volunteering_or_donation_effort	True	0.7726628705859184	0.6082685072906315	0.05977634619921446	0.000510476718773134	0.7726628705859184	0.0004054393575643189	0.1643943632952869	0.0002027508516562193	0.0003169100600644015	0.0017308901515207253	False	True	0.14076991379261017	0.0002116573741659522	0.23953625559806824	0.0005037845112383366	0.6106619238853455	0.0008038539672270417	0.0009566498920321465	0.006555970758199692	True	0.03277849033474922	0.000610083166975528	0.9503717422485352	0.0003726576396729797	0.015638509765267372	2.383146465945174e-06	0.00010366344940848649	0.0001225299492944032
904536937431781376	Stiletto...In Texas it's more than a shoe it's an attitude Harvey TexasStrong	data/processed/pro_crisismmd/images/data_image/hurricane_harvey/4_9_2017/904536937431781376_0.jpg	not_humanitarian	not_humanitarian	True	0.9547081589698792	0.9400562243536115	0.9547081589698792	0.01090667219250463	0.0044296724372543395	0.008039310807362199	0.014651934616267681	0.00020363426153835462	0.006238159665372223	0.0008225139845308149	False	True	0.9261027574539185	0.000913426629267633	0.006732517387717962	0.007910587824881077	0.03719250112771988	0.0007989296573214233	0.017255326732993126	0.003093886421993375	True	0.9642432928085327	0.014237754046916962	0.003662057453766465	0.00808221846818924	0.007138412445783615	5.202462943998398e-06	0.0025657706428319216	6.538983870996162e-05
904541305853820929	Mexico readies relief aid for victims of Harvey	data/processed/pro_crisismmd/images/data_image/hurricane_harvey/4_9_2017/904541305853820929_0.jpg	rescue_volunteering_or_donation_effort	rescue_volunteering_or_donation_effort	True	0.6807343736290932	0.4644597601145506	0.0948743224143982	0.0019218424777136534	0.6807343736290932	0.0022450026954174973	0.21627461351454258	2.4195936020987574e-05	0.0036070774658583105	0.0003185923851560801	False	True	0.014375843107700348	3.176353857270442e-05	0.2678554356098175	6.772312917746603e-05	0.7142388820648193	4.387337321531959e-05	0.0028188535943627357	0.0005676561850123107	True	0.12170714884996414	0.0025518687907606363	0.8183606863021851	0.002970762550830841	0.05028652399778366	1.763679028954357e-05	0.0038698187563568354	0.0002355711185373366
904541469070983168	Rockport motto post hurricaneharvey A5	data/processed/pro_crisismmd/images/data_image/hurricane_harvey/4_9_2017/904541469070983168_0.jpg	not_humanitarian	not_humanitarian	True	0.6899963468313217	0.549716142937541	0.6899963468313217	0.02100331528345123	0.02000538958236575	0.1402802038937807	0.11699674371629953	0.0035407519608270377	0.0019273892103228718	0.006249771686270833	False	True	0.4906441569328308	0.0036545193288475275	0.015775326639413834	0.05444156378507614	0.40797117352485657	0.010465078055858612	0.0029586029704660177	0.014089475385844707	True	0.7564470767974854	0.02678624726831913	0.021415410563349724	0.16889308393001556	0.02000526711344719	0.0012326432624831796	0.0015836512902751565	0.003636537119746208
904545370549694464	Harvey forces National Weather Service to add new color to its rainfall map	data/processed/pro_crisismmd/images/data_image/hurricane_harvey/4_9_2017/904545370549694464_0.png	other_relevant_information	other_relevant_information	True	0.8301356136798859	0.6797364167869091	0.15039919689297676	0.8301356136798859	0.00902658561244607	0.004674955271184444	0.0047648980980739	0.0001411901534993376	0.00028862647741334513	0.0005689165409421548	False	True	0.3254532217979431	0.6498690843582153	0.003870023414492607	0.004487182479351759	0.014559492468833923	0.0005101388669572771	0.0005287059466354549	0.0007221572450362146	True	0.09204785525798798	0.8902244567871094	0.010745439678430557	0.00473754620179534	0.0015000333078205585	1.8207249013357796e-05	0.00020859998767264187	0.0005178363062441349
904549032105791488	LEEPRIDE Red Raiders helping with Hurricane Harvey Disaster Relief!! E8PTS	data/processed/pro_crisismmd/images/data_image/hurricane_harvey/4_9_2017/904549032105791488_0.jpg	rescue_volunteering_or_donation_effort	rescue_volunteering_or_donation_effort	True	0.8384115025401115	0.6955974420998245	0.009280562400817871	0.0014303156895039137	0.8384115025401115	0.00034772243816405535	0.142814060440287	0.00014199983206708566	0.006764988313079812	0.0008088743998087011	False	True	0.010112687014043331	0.0001731919910525903	0.4152661859989166	0.00041956634959205985	0.5440848469734192	0.0005003081751056015	0.026301706209778786	0.0031414825934916735	True	0.009003187529742718	0.0018493569223210216	0.9794599413871765	0.00032377446768805385	0.009057131595909595	2.25637177209137e-05	0.0002527490141801536	3.133833524771035e-05
904549453058715648	Harvey damage could reach $180 billion -	data/processed/pro_crisismmd/images/data_image/hurricane_harvey/4_9_2017/904549453058715648_0.jpg	infrastructure_and_utility_damage	not_humanitarian	False	0.6982226520776749	0.5091077350080013	0.6982226520776749	0.04075866937637329	0.019528638920746744	0.18911491706967354	0.02377842692658305	0.027180048215086572	0.0013447047240333632	7.193485589596094e-05	False	True	0.5973748564720154	0.031872980296611786	0.001053858082741499	0.25182855129241943	0.008526882156729698	0.1082390770316124	0.0008538896800018847	0.0002499296679161489	True	0.731838583946228	0.04372056573629379	0.025686899200081825	0.16821037232875824	0.028862275183200836	0.00016037194291129708	0.0015083097387105227	1.2603251889231615e-05
904552720144580611	Praise to all those helping the elderly in disasters! DB5FB HurricaneHarvey	data/processed/pro_crisismmd/images/data_image/hurricane_harvey/4_9_2017/904552720144580611_0.jpg	rescue_volunteering_or_donation_effort	not_humanitarian	False	0.6441262513399124	0.38918559812009335	0.6441262513399124	0.0005306856473907828	0.25494065321981907	0.0010808669176185504	0.09570302069187164	8.847036570003297e-05	0.0034531932324171066	7.68560794313089e-05	False	True	0.6299996376037598	0.0007353127002716064	0.11638183146715164	0.003919822629541159	0.24334834516048431	0.0003535354044288397	0.005074732471257448	0.000186771503649652	True	0.6488351225852966	0.00046247662976384163	0.3011269271373749	0.00013454834697768092	0.04648791253566742	1.1535279043073388e-07	0.0029126801528036594	4.02176046918612e-05
904561797096763392	Dash fall 1-0 to Seattle Reign FC in first game since Hurricane Harvey Dynamo	data/processed/pro_crisismmd/images/data_image/hurricane_harvey/4_9_2017/904561797096763392_0.jpg	not_humanitarian	not_humanitarian	True	0.43271179497241974	0.16881116526201367	0.43271179497241974	0.26390062971040606	0.15010402351617813	0.04120899527333677	0.07783052325248718	0.0001924296302604489	0.024760198779404163	0.009291419992223382	False	True	0.7285982966423035	0.008495209738612175	0.15962986648082733	0.007999408058822155	0.03310316801071167	0.00025340612046420574	0.05355136841535568	0.008369280025362968	True	0.3340829610824585	0.34903576970100403	0.14692874252796173	0.05227885767817497	0.09273964166641235	0.0001721041335258633	0.01516314223408699	0.009598799981176853
904565120478715904	Church Unlimited in Corpus Christi really stepping up to help after Hurricane Harvey.	data/processed/pro_crisismmd/images/data_image/hurricane_harvey/4_9_2017/904565120478715904_0.jpg	rescue_volunteering_or_donation_effort	rescue_volunteering_or_donation_effort	True	0.6209587305784225	0.4038604814559221	0.1467321366071701	0.009472517645917833	0.6209587305784225	0.0030722575247636996	0.21709824912250042	0.00010656546328391414	0.0012947696523042396	0.0012647595249291044	False	True	0.10507760941982269	0.0008005569688975811	0.791054904460907	0.00038593271165154874	0.10151045769453049	0.00030861955019645393	0.0006574829458259046	0.00020444548863451928	True	0.16061697900295258	0.012363171204924583	0.5642600059509277	0.003967699129134417	0.25562751293182373	3.921410097973421e-05	0.0015071985544636846	0.0016181975370272994
904565472263258112	Idaho company, nonprofits donate pet supplies to Hurricane Harvey relief effort	data/processed/pro_crisismmd/images/data_image/hurricane_harvey/4_9_2017/904565472263258112_0.jpg	rescue_volunteering_or_donation_effort	rescue_volunteering_or_donation_effort	True	0.7026235051453114	0.5736847799271345	0.12893872521817684	0.004381284990813583	0.7026235051453114	0.010107844485901296	0.0992140113376081	0.0482198833989429	0.005961733808362624	0.0005529597292479593	False	True	0.22434605658054352	0.011814716272056103	0.19946636259555817	0.03839898854494095	0.30780965089797974	0.19287677109241486	0.023280948400497437	0.0020064732525497675	True	0.09713628143072128	0.0019034745637327433	0.8703425526618958	0.0006774631328880787	0.029682131484150887	9.208344522448897e-07	0.0001886622776510194	6.845522148068994e-05
904565550248067073	Elitist bitch. Where's the Clinton cash for Harvey? 6 tcot	data/processed/pro_crisismmd/images/data_image/hurricane_harvey/4_9_2017/904565550248067073_0.jpg	not_humanitarian	not_humanitarian	True	0.9334063827991486	0.9062372207408771	0.9334063827991486	0.004284125723643228	0.011636632960289717	0.005328627303242683	0.027169162058271468	0.00034806764642780763	0.004830318735912442	0.01299668283900246	False	True	0.8322866559028625	0.0017022102838382125	0.003976253792643547	0.011210507713258266	0.09582716971635818	0.00137249194085598	0.004784217569977045	0.04884049668908119	True	0.9671129584312439	0.005144764203578234	0.01419009268283844	0.0033680004999041557	0.004283159505575895	6.592881618416868e-06	0.004845685791224241	0.0010487448889762163
904568770982764545	Storm Harvey flood victims face displacedalligators	data/processed/pro_crisismmd/images/data_image/hurricane_harvey/4_9_2017/904568770982764545_0.jpg	affected_individuals	affected_individuals	True	0.42031386494636536	0.03106067329645157	0.3892531916499138	0.007171649122028612	0.15083966217935085	0.020857415584032424	0.42031386494636536	0.0008091138624877203	0.010331937373848632	0.0004231609564158134	False	True	0.2938665747642517	0.0007664323202334344	0.0582926943898201	0.0007682720315642655	0.6411252021789551	0.0030569909140467644	0.0014910978497937322	0.000632764829788357	True	0.42104873061180115	0.00930672138929367	0.18168865144252777	0.027553796768188477	0.34671008586883545	5.9821511968038976e-05	0.013278883881866932	0.00035329299862496555
904569290304737280	"""Animal Lovers Unite"" t-shirts $25 plus shipping supports"	data/processed/pro_crisismmd/images/data_image/hurricane_harvey/4_9_2017/904569290304737280_0.jpg	not_humanitarian	not_humanitarian	True	0.6724380999803543	0.3995114304125309	0.6724380999803543	0.0027433740615379065	0.2729266695678234	0.0038062232051743194	0.03285685693845153	6.2923588757257676e-06	0.0015882342995610088	0.013634197604915244	False	True	0.6648721694946289	0.0002741987118497491	0.2110883742570877	0.0005999064887873828	0.06799478828907013	1.590245301485993e-05	0.0008435192285105586	0.054311081767082214	True	0.6749600768089294	0.003566432511433959	0.293539434671402	0.004874995443969965	0.021144213154911995	3.088994162681047e-06	0.0018364726565778255	7.523621752625331e-05
904572612520660992	Report: Hurricane Harvey has flooded at least five toxic Superfund sites	data/processed/pro_crisismmd/images/data_image/hurricane_harvey/4_9_2017/904572612520660992_0.jpg	infrastructure_and_utility_damage	not_humanitarian	False	0.37091808021068573	0.032348701264709234	0.37091808021068573	0.3385693789459765	0.03462121309712529	0.12141355173662305	0.12423836812376976	0.0009020022116601467	0.0026826732500921935	0.006654671560681891	False	True	0.5026842355728149	0.024337345734238625	0.019906191155314445	0.030474530532956123	0.38977834582328796	0.0013965708203613758	0.0056012095883488655	0.025821475312113762	True	0.3269960284233093	0.4433133900165558	0.03952622041106224	0.15172655880451202	0.03572504222393036	0.000737146008759737	0.0017098278040066361	0.00026573697687126696
904572886404423680	Rio Hondo providing relief for Harvey victims RGV	data/processed/pro_crisismmd/images/data_image/hurricane_harvey/4_9_2017/904572886404423680_0.jpg	rescue_volunteering_or_donation_effort	rescue_volunteering_or_donation_effort	True	0.941440686583519	0.9094389997189865	0.03200168686453253	0.0006778950148600416	0.941440686583519	0.00016596676186964032	0.0249538104981184	3.200390381152829e-06	0.000665268897137139	9.151926315098535e-05	False	True	0.005353631917387247	1.0695291166484822e-05	0.947376549243927	1.6648004020680673e-05	0.04686158522963524	4.895055099041201e-06	0.0003096493019256741	6.634113378822803e-05	True	0.04088437184691429	0.0009002949227578938	0.9394620656967163	0.00021573968115262687	0.01765121892094612	2.635502141856705e-06	0.0007838087622076273	9.991197293857113e-05
904572944864641024	"I just finished this. ""Trump on Hurricane Harvey"". 2017, by D.L. Polonsky. Please re-tweet."	data/processed/pro_crisismmd/images/data_image/hurricane_harvey/4_9_2017/904572944864641024_0.jpg	not_humanitarian	not_humanitarian	True	0.5082064494490623	0.23660986172035336	0.5082064494490623	0.271596587728709	0.02058263309299946	0.009370855201268569	0.14497246220707893	0.00016885232798813377	0.003045994366402738	0.042056172955199145	False	True	0.5561278462409973	0.009968487545847893	0.010079560801386833	0.0007713470840826631	0.2551160454750061	0.0003513451374601573	0.0009315923671238124	0.16665372252464294	True	0.49223265051841736	0.35880595445632935	0.024083657190203667	0.012237357906997204	0.10825793445110321	0.00010802139149745926	0.0037507950328290462	0.0005236564320512116
904576062125989888	, here is info for anyone who needs a child's car seat replacement after Harvey	data/processed/pro_crisismmd/images/data_image/hurricane_harvey/4_9_2017/904576062125989888_0.jpg	other_relevant_information	not_humanitarian	False	0.8871635794639587	0.8558758697472513	0.8871635794639587	0.02156880311667919	0.024392415769398212	0.0035785938816843554	0.03128770971670747	0.008264117066573817	0.002407660736935213	0.02133714922820218	False	True	0.7589507699012756	0.038706984370946884	0.03931008279323578	0.0008196315611712635	0.044490963220596313	0.031764160841703415	0.004744475707411766	0.08121294528245926	True	0.9299011826515198	0.015856076031923294	0.01941986009478569	0.004498247988522053	0.026886625215411186	0.00043076914153061807	0.001628722413443029	0.001378550543449819
904581253629804544	the beach was calling my name, so was steve harvey..	data/processed/pro_crisismmd/images/data_image/hurricane_harvey/4_9_2017/904581253629804544_0.jpg	not_humanitarian	not_humanitarian	True	0.9307462126016617	0.8956952813896351	0.9307462126016617	0.0037624797550961375	0.004200297000352293	0.0070534764672629535	0.017909099435200915	6.842689481345587e-05	0.0012091190728824586	0.035050931212026626	False	True	0.7757490873336792	0.0023893965408205986	0.015185344964265823	0.0020488312002271414	0.06635209918022156	0.00021367499721236527	0.001974937506020069	0.1360866129398346	True	0.9824119210243225	0.0042201741598546505	0.0005386143457144499	0.008721691556274891	0.0017614328535273671	2.0010860680486076e-05	0.0009538462618365884	0.0013723706360906363
904581253629804544	the beach was calling my name, so was steve harvey..	data/processed/pro_crisismmd/images/data_image/hurricane_harvey/4_9_2017/904581253629804544_1.jpg	not_humanitarian	not_humanitarian	True	0.7648170962929726	0.5550363037618808	0.7648170962929726	0.0035924912081100047	0.0010994584299623966	0.007300705648958683	0.009312447247793898	0.001534934969185997	0.002562131005106494	0.20978079253109172	False	True	0.11203262209892273	0.0017094423528760672	0.002781990682706237	0.0030377479270100594	0.03196549043059349	0.00607970729470253	0.00738698523491621	0.835006058216095	True	0.9824119210243225	0.0042201741598546505	0.0005386143457144499	0.008721691556274891	0.0017614328535273671	2.0010860680486076e-05	0.0009538462618365884	0.0013723706360906363
904581253629804544	the beach was calling my name, so was steve harvey..	data/processed/pro_crisismmd/images/data_image/hurricane_harvey/4_9_2017/904581253629804544_2.jpg	not_humanitarian	not_humanitarian	True	0.9305786192417145	0.8839478429290466	0.9305786192417145	0.008475120761431754	0.0005012188412365504	0.008185790851712227	0.004431151173776016	0.00015643553206245997	0.001040918898070231	0.046630776312667876	False	True	0.7750787138938904	0.021239960566163063	0.0003890323278028518	0.006578088738024235	0.012440306134521961	0.0005657095462083817	0.0013021368067711592	0.1824059933423996	True	0.9824119210243225	0.0042201741598546505	0.0005386143457144499	0.008721691556274891	0.0017614328535273671	2.0010860680486076e-05	0.0009538462618365884	0.0013723706360906363
904581253629804544	the beach was calling my name, so was steve harvey..	data/processed/pro_crisismmd/images/data_image/hurricane_harvey/4_9_2017/904581253629804544_3.jpg	not_humanitarian	not_humanitarian	True	0.7609187681227922	0.5591241337242536	0.7609187681227922	0.003227413944841828	0.0016613370389677584	0.0066840502404375	0.02470791628002189	4.488403146751807e-05	0.0009610340639483184	0.20179463439853862	False	True	0.09643930941820145	0.0002491332998033613	0.005029505118727684	0.000571126292925328	0.09354736655950546	0.00011950354382861406	0.0009825974702835083	0.8030614256858826	True	0.9824119210243225	0.0042201741598546505	0.0005386143457144499	0.008721691556274891	0.0017614328535273671	2.0010860680486076e-05	0.0009538462618365884	0.0013723706360906363
904581857936891904	Could Samaritan Drone Aircraft Help Hurricane Harvey Rescuers? Tech	data/processed/pro_crisismmd/images/data_image/hurricane_harvey/4_9_2017/904581857936891904_0.jpg	rescue_volunteering_or_donation_effort	rescue_volunteering_or_donation_effort	True	0.6987831816077232	0.49781789258122444	0.2009652890264988	0.028115055640228093	0.6987831816077232	0.003752893149794545	0.019116701558232307	2.555708965701342e-05	0.0373175828717649	0.011923747471882962	False	True	0.3264150321483612	0.004130170214921236	0.460286945104599	0.0003752818738576025	0.02943355031311512	8.879516099113971e-05	0.13288046419620514	0.04638976603746414	True	0.159148707985878	0.03611001744866371	0.7782819271087646	0.004878763575106859	0.01567775197327137	4.477732545637991e-06	0.005463289096951485	0.00043507461668923497
904583725840818176	shoes Vans Sk8 Hi Reissue Zip Mono Tornado Gray Men's Size 9.5 New In Box Skate Shoe	data/processed/pro_crisismmd/images/data_image/hurricane_harvey/4_9_2017/904583725840818176_0.png	not_humanitarian	not_humanitarian	True	0.6043537631630898	0.34952621068805456	0.6043537631630898	0.06997578172013164	0.04079898470081389	0.2548275524750352	0.013766267540631816	0.001438268125639297	0.013138715672539547	0.0017006776470225304	False	True	0.9421996474266052	0.021477406844496727	0.007049598731100559	0.015738461166620255	0.0014630173100158572	0.004731748253107071	0.0010895804734900594	0.006250543985515833	True	0.4917384684085846	0.0861419066786766	0.052048780024051666	0.33452391624450684	0.017867350950837135	0.00034044141648337245	0.01715509407222271	0.00018405553419142962
904583864672063488	A damp rainy day's supper. Hurricane Harvey is above. Yummy beef stew Thank you Darling	data/processed/pro_crisismmd/images/data_image/hurricane_harvey/4_9_2017/904583864672063488_0.jpg	not_humanitarian	not_humanitarian	True	0.7852669805288315	0.6408596024848521	0.7852669805288315	0.1444073780439794	0.011523241177201271	0.008779027673881501	0.04495437163859606	0.0010367159266024828	0.0020607534097507596	0.0019714687077794224	False	True	0.9124580025672913	0.014973452314734459	0.011392896994948387	0.0029877813067287207	0.04246187582612038	0.004091921728104353	0.005311139859259129	0.006322829052805901	True	0.7428699731826782	0.18755201995372772	0.011566689237952232	0.010709443129599094	0.04578520357608795	1.8313992768526077e-05	0.0009772912599146366	0.000521015259437263
904593743189291008	Hurricane Harvey: Mexican aid to reach Texas International	data/processed/pro_crisismmd/images/data_image/hurricane_harvey/4_9_2017/904593743189291008_0.jpg	rescue_volunteering_or_donation_effort	rescue_volunteering_or_donation_effort	True	0.48457842878997326	0.1765857096761465	0.30799271911382675	0.006584806338651106	0.48457842878997326	0.002990722219692543	0.19582096952944994	0.0003469398989182082	0.0014082016714382917	0.00027720531943487003	False	True	0.24120837450027466	0.0017421337543055415	0.10597103089094162	0.0006697712233290076	0.6476937532424927	0.0013746654149144888	0.0005896820221096277	0.0007506355759687722	True	0.3302541673183441	0.00819903053343296	0.6107808947563171	0.0037643725518137217	0.04519670829176903	4.364726919448003e-06	0.0016810415545478463	0.00011939523392356932
904599666708373504	Facebook is matching donations to Hurricane Harvey recovery socialmedia	data/processed/pro_crisismmd/images/data_image/hurricane_harvey/4_9_2017/904599666708373504_0.jpg	rescue_volunteering_or_donation_effort	not_humanitarian	False	0.5852081924676895	0.2629048991948366	0.5852081924676895	0.01666640129406005	0.3223032932728529	0.007685765449423343	0.05884974077343941	0.008182117246036569	0.0007474948724848218	0.0003570028202375397	False	True	0.5863306522369385	0.05111601948738098	0.09423371404409409	0.02441437356173992	0.2087651640176773	0.03272579610347748	0.0019546954426914454	0.00045958347618579865	True	0.5848340392112732	0.0051831952296197414	0.39832648634910583	0.0021095627453178167	0.008877933025360107	8.909602229323355e-07	0.0003450946824159473	0.00032280926825478673
904601210103181312	Van Buren Duo Helps With Hurricane Harvey Relief	data/processed/pro_crisismmd/images/data_image/hurricane_harvey/4_9_2017/904601210103181312_0.jpg	rescue_volunteering_or_donation_effort	rescue_volunteering_or_donation_effort	True	0.5351650305092335	0.22905826941132545	0.306106761097908	0.0023054515768308192	0.5351650305092335	0.0020712612313218415	0.05605317745357752	0.05127348033374801	0.008065572998020798	0.0389592269602872	False	True	0.4509691596031189	0.004191857296973467	0.05796433985233307	0.0011133202351629734	0.09478717297315598	0.20503181219100952	0.030642163008451462	0.15530017018318176	True	0.2578192949295044	0.0016766496701166034	0.6942319273948669	0.002390574896708131	0.04314184561371803	2.0703047994174995e-05	0.00054004299454391	0.00017891255265567452
904613263970729984	Military Photo of the Day: Real-Life American Heroes Helping After Harvey -	data/processed/pro_crisismmd/images/data_image/hurricane_harvey/4_9_2017/904613263970729984_0.jpg	rescue_volunteering_or_donation_effort	rescue_volunteering_or_donation_effort	True	0.7625435292720795	0.5321042677387595	0.006141942882095464	3.3018699923559325e-05	0.7625435292720795	2.9746587188128615e-05	0.23043926153331995	5.3325858289099415e-06	0.0007595991191919893	4.76491136396362e-05	False	True	0.022925175726413727	2.0413235688465647e-05	0.12173616886138916	1.7005806512315758e-05	0.8547914624214172	3.1297486202674918e-06	0.000479831884149462	2.6841853468795307e-05	True	0.0005475319339893758	3.722052133525722e-05	0.9761459827423096	3.3993514080066234e-05	0.02232186123728752	6.066864898457425e-06	0.0008528548642061651	5.4584867029916495e-05
904616760548216832	MondayBlues? No sorry...they don't exist at Honey + Harvey! 09	data/processed/pro_crisismmd/images/data_image/hurricane_harvey/4_9_2017/904616760548216832_0.png	not_humanitarian	not_humanitarian	True	0.9943948984146118	0.9920230421739689	0.9943948984146118	0.0009273193281842396	0.0004360475213616155	0.0006320480460999534	0.0010511254367884248	4.397469126615761e-06	0.00018230464957014192	0.0023718562406429555	False	True	0.9867706298828125	0.0012839308474212885	0.0005151875084266067	0.0002979629789479077	0.0018581653712317348	9.715817213873379e-06	9.802863496588543e-05	0.009166277013719082	True	0.9969363212585449	0.0008084488217718899	0.0004096675256732851	0.0007434097351506352	0.0007821121253073215	2.624686430863221e-06	0.00021039665443822742	0.00010704931628424674
904620246270705664	Commentary of the week: Gulf Coast Takes A Hit From Harvey oilandgas gulf texas	data/processed/pro_crisismmd/images/data_image/hurricane_harvey/4_9_2017/904620246270705664_0.jpg	not_humanitarian	not_humanitarian	True	0.9367458522319794	0.8984397384338081	0.9367458522319794	0.03830611379817128	0.005034161964431405	0.014722527004778385	0.003947639197576791	0.0005597285385192663	0.0006494324406958185	3.450071017141454e-05	False	True	0.8844823837280273	0.07741481810808182	0.00100009236484766	0.029607314616441727	0.0038714457768946886	0.0021834238432347775	0.0013152300380170345	0.00012516669812612236	True	0.9541670083999634	0.025269879028201103	0.00637885183095932	0.009760931134223938	0.003973037004470825	1.8496770280762576e-05	0.0004274999082554132	4.278714186511934e-06
904623406133501953	HurricaneHarvey Prophesied, one month later FULFILLED. Surely He is a Just Judge	data/processed/pro_crisismmd/images/data_image/hurricane_harvey/4_9_2017/904623406133501953_0.jpg	not_humanitarian	not_humanitarian	True	0.8125902786850929	0.7384832741227001	0.8125902786850929	0.0669356887228787	0.019387754931813106	0.006647514528594911	0.07410700456239283	0.003110419414880994	0.003373322164407	0.013847996859112754	False	True	0.324319988489151	0.21903900802135468	0.07427430152893066	0.02396041341125965	0.2813369631767273	0.012440282851457596	0.012669154442846775	0.05195992812514305	True	0.9753470420837402	0.016234582290053368	0.0010922393994405866	0.0008765482343733311	0.0050303516909480095	4.649360221264942e-07	0.0002747114049270749	0.001144019770435989
904623406133501953	HurricaneHarvey Prophesied, one month later FULFILLED. Surely He is a Just Judge	data/processed/pro_crisismmd/images/data_image/hurricane_harvey/4_9_2017/904623406133501953_1.jpg	not_humanitarian	not_humanitarian	True	0.8509559780359268	0.7901957945432514	0.8509559780359268	0.0152568353805691	0.003646150085842237	0.025343449669890106	0.060760183492675424	0.005156302280667546	0.0029107554291840643	0.03597032875404693	False	True	0.4777827858924866	0.012323594652116299	0.011307882145047188	0.09874415397644043	0.22794967889785767	0.020623814314603806	0.010818887501955032	0.14044925570487976	True	0.9753470420837402	0.016234582290053368	0.0010922393994405866	0.0008765482343733311	0.0050303516909480095	4.649360221264942e-07	0.0002747114049270749	0.001144019770435989
904625738216869889	Weighing The Hazards via	data/processed/pro_crisismmd/images/data_image/hurricane_harvey/4_9_2017/904625738216869889_0.jpg	not_humanitarian	not_humanitarian	True	0.8621574640274048	0.7511267242953181	0.8621574640274048	0.11103073973208666	0.0005434480117401108	0.015998145332559943	0.001369541983876843	0.0032792636535177166	0.0028540237399283797	0.002767339282669923	False	True	0.5971793532371521	0.30700433254241943	0.0006861909059807658	0.05562011897563934	0.0047667305916547775	0.013116180896759033	0.010559520684182644	0.011067591607570648	True	0.950483500957489	0.04570620879530907	0.0004958670469932258	0.00279082078486681	0.00023714578128419816	2.9123910394446284e-07	0.0002855247585102916	5.885077030143293e-07
904626807525265408	Pizza Hut employees use kayaks to deliver free pizza to Harvey victims	data/processed/pro_crisismmd/images/data_image/hurricane_harvey/4_9_2017/904626807525265408_0.jpg	rescue_volunteering_or_donation_effort	rescue_volunteering_or_donation_effort	True	0.8046284839510918	0.6676999195478857	0.04322816035710275	0.004524359246715903	0.8046284839510918	0.004103475221199915	0.1369285644032061	0.00022649377933703363	0.0010119859362021089	0.005348493781639263	False	True	0.1283508539199829	0.0023449547588825226	0.40180912613868713	0.00026150967460125685	0.46458500623703003	0.0002833284088410437	0.0009933236287906766	0.0013718981062993407	True	0.014853929169476032	0.00525082740932703	0.9389016032218933	0.0053841304033994675	0.027709750458598137	0.00020754890283569694	0.001018206705339253	0.006674025673419237
904629008326787072	Joel Osteen defends Lakewood Church over Harvey response USA	data/processed/pro_crisismmd/images/data_image/hurricane_harvey/4_9_2017/904629008326787072_0.jpg	not_humanitarian	affected_individuals	False	0.32468052580952644	0.00390787236392498	0.29097554460167885	0.017372780537698418	0.32077265344560146	0.02450677045271732	0.32468052580952644	0.0002401510510026128	0.0030991692619863898	0.01835237443447113	False	True	0.6858835816383362	0.0010048320982605219	0.016413651406764984	0.0014658250147476792	0.23665307462215424	4.4531250750878826e-05	0.00762851582840085	0.05090595409274101	True	0.1593395322561264	0.022828763350844383	0.4222256541252136	0.0321870855987072	0.3540230095386505	0.00030535765108652413	0.0015893870731815696	0.007501181215047836
904631925020680196	How Harvey Helped Republicans Stop Fighting USPolitics via	data/processed/pro_crisismmd/images/data_image/hurricane_harvey/4_9_2017/904631925020680196_0.jpg	not_humanitarian	not_humanitarian	True	0.9012899249792099	0.8601172622293234	0.9012899249792099	0.018645121715962887	0.022960865404456854	0.011641706922091544	0.04117266274988651	0.00024208580373397126	0.0012283020769245923	0.002819369070493849	False	True	0.8015902042388916	0.0424935445189476	0.009161189198493958	0.027092192322015762	0.10461294651031494	0.0009576113079674542	0.002962288213893771	0.011129996739327908	True	0.9345231652259827	0.010695647448301315	0.027560757473111153	0.006491545122116804	0.02002590149641037	3.577302322810283e-06	0.000650306697934866	4.9159847549162805e-05
904634645567942656	PHOTOS: Saving the pets from Harvey's aftermath.	data/processed/pro_crisismmd/images/data_image/hurricane_harvey/4_9_2017/904634645567942656_0.jpg	rescue_volunteering_or_donation_effort	rescue_volunteering_or_donation_effort	True	0.3805127441883087	0.1303439773619175	0.2501687668263912	0.016271973261609674	0.3805127441883087	0.09307493610685924	0.24041955918073654	0.00029051034653093666	0.017008857859764248	0.002252617836347781	False	True	0.3776470422744751	0.002432619221508503	0.2067182958126068	0.00033233934664167464	0.40877875685691833	0.0002589834330137819	0.002899164566770196	0.000932751630898565	True	0.2076760083436966	0.02088509127497673	0.43844422698020935	0.12398913502693176	0.18429982662200928	0.0003010193177033216	0.021712088957428932	0.0026925732381641865
904634645567942656	PHOTOS: Saving the pets from Harvey's aftermath.	data/processed/pro_crisismmd/images/data_image/hurricane_harvey/4_9_2017/904634645567942656_3.jpg	rescue_volunteering_or_donation_effort	rescue_volunteering_or_donation_effort	True	0.3623836785554886	0.03335393965244293	0.18096918985247612	0.015756033979414497	0.3623836785554886	0.09300723928026855	0.32902973890304565	0.0002378853823756799	0.016556203976506367	0.0020600118186848704	False	True	0.1008487343788147	0.00036886209272779524	0.1342020332813263	6.155204027891159e-05	0.7632194757461548	4.848357639275491e-05	0.0010885490337386727	0.00016232756024692208	True	0.2076760083436966	0.02088509127497673	0.43844422698020935	0.12398913502693176	0.18429982662200928	0.0003010193177033216	0.021712088957428932	0.0026925732381641865
904648502076170240	PhotosFromTheField: Marines saving Harvey survivors from the floods in Texas.	data/processed/pro_crisismmd/images/data_image/hurricane_harvey/4_9_2017/904648502076170240_0.jpg	rescue_volunteering_or_donation_effort	rescue_volunteering_or_donation_effort	True	0.7521400488913059	0.6280887238681316	0.10780172348313499	0.00565201756398892	0.7521400488913059	0.0025915810838341713	0.12405132502317429	0.0006246058976557833	0.004247664124704897	0.0028910428463859716	False	True	0.4295743703842163	0.021563440561294556	0.23038478195667267	0.009639565832912922	0.29053735733032227	0.002461360301822424	0.004343732260167599	0.011495424434542656	True	0.000544174516107887	0.0003482098982203752	0.9260584712028503	0.00024225283414125443	0.06855598092079163	1.2354429600236472e-05	0.004215641412883997	2.2915650333743542e-05
904648502076170240	PhotosFromTheField: Marines saving Harvey survivors from the floods in Texas.	data/processed/pro_crisismmd/images/data_image/hurricane_harvey/4_9_2017/904648502076170240_2.jpg	rescue_volunteering_or_donation_effort	rescue_volunteering_or_donation_effort	True	0.7512738518416882	0.5553070791065693	0.04795654416375328	0.0006487857244792394	0.7512738518416882	0.00037084253563079983	0.19596677273511887	2.6274282618032885e-05	0.003489878145046532	0.0002670620106073329	False	True	0.19019365310668945	0.0015505132032558322	0.2269199937582016	0.000756611640099436	0.5781991481781006	6.803384167142212e-05	0.0013125883415341377	0.000999501091428101	True	0.000544174516107887	0.0003482098982203752	0.9260584712028503	0.00024225283414125443	0.06855598092079163	1.2354429600236472e-05	0.004215641412883997	2.2915650333743542e-05
904648986987962368	Video: Your City in 5 Special Edition El Paso Assists in Hurricane Harvey Recovery	data/processed/pro_crisismmd/images/data_image/hurricane_harvey/4_9_2017/904648986987962368_0.jpg	rescue_volunteering_or_donation_effort	rescue_volunteering_or_donation_effort	True	0.705295592546463	0.5134097784757614	0.07054045051336288	0.012481529382057488	0.705295592546463	0.014317829336505383	0.1918858140707016	0.0008469594977214001	0.0033900472917594016	0.0012418299302225932	False	True	0.14111274480819702	0.005426087882369757	0.5196362137794495	0.0038823827635496855	0.31573668122291565	0.0026766976807266474	0.009386890567839146	0.00214236113242805	True	0.04701635241508484	0.014833343215286732	0.7671820521354675	0.017796311527490616	0.15060219168663025	0.00023704677005298436	0.0013910995330661535	0.0009416528628207743
904650765637230592	varsity players load trucks to help Texas. HurricaneHarvey service HelpTexas celticfootball50	data/processed/pro_crisismmd/images/data_image/hurricane_harvey/4_9_2017/904650765637230592_0.jpg	rescue_volunteering_or_donation_effort	rescue_volunteering_or_donation_effort	True	0.7657259665429592	0.5438566235825419	0.0029573805804830045	0.00015111080756469164	0.7657259665429592	7.662874031666433e-05	0.22186934296041727	0.000397307172534056	0.0020785510423593223	0.006743747217115015	False	True	0.007907452061772346	8.797388727543876e-05	0.12843970954418182	1.1859938240377232e-05	0.8320881128311157	0.0003273499314673245	0.004519641865044832	0.026617955416440964	True	0.001307356753386557	0.00017215644766110927	0.978154718875885	9.821834100876004e-05	0.01846308633685112	0.0004206262528896332	0.0012648541014641523	0.00011901115067303181
904651948409974784	Holy crapola. $0.40 jump since Harvey.	data/processed/pro_crisismmd/images/data_image/hurricane_harvey/4_9_2017/904651948409974784_0.jpg	not_humanitarian	not_humanitarian	True	0.9402639716863632	0.9044314478524029	0.9402639716863632	0.035832523833960295	0.004606676382536534	0.007628911087522283	0.0009987137309508398	0.003981131163527607	0.0014816334005445242	0.005206462759815622	False	True	0.9439814686775208	0.01666284166276455	0.0004295049293432385	0.00123614224139601	0.0009172589634545147	0.015832476317882538	0.0012265224941074848	0.019713759422302246	True	0.939024806022644	0.04222241789102554	0.0059990668669342995	0.009759834036231041	0.0010258653201162815	3.0682778742630035e-05	0.0015666703693568707	0.00037069720565341413
904655607977967616	How Hurricane Harvey's cost stacks up against past disasters	data/processed/pro_crisismmd/images/data_image/hurricane_harvey/4_9_2017/904655607977967616_0.jpg	other_relevant_information	not_humanitarian	False	0.6908704526722431	0.46597538236528635	0.6908704526722431	0.22489507030695677	0.017636744771152735	0.049310689748381265	0.014814784881309606	0.00017139717647296493	0.0017405234430043492	0.0005602928729331325	False	True	0.20336587727069855	0.7914553284645081	0.0005309022963047028	0.0008088795584626496	0.0009554592543281615	0.0005989360506646335	6.917073915246874e-05	0.0022154496982693672	True	0.8533719778060913	0.03604165092110634	0.023338692262768745	0.06547795981168747	0.01943456009030342	2.8884218409075402e-05	0.002297641010954976	8.573931154387537e-06
904655830108200960	13 toxic waste sites pose public threat due to Harvey floodwater, EPA finds	data/processed/pro_crisismmd/images/data_image/hurricane_harvey/4_9_2017/904655830108200960_0.jpg	infrastructure_and_utility_damage	not_humanitarian	False	0.3243293850682676	0.0804948597215116	0.3243293850682676	0.22934414609335363	0.04818819533102214	0.24383452534675598	0.020121056586503983	0.12895178387407213	0.004752325359731913	0.0004785468554473482	False	True	0.024200772866606712	0.012194610200822353	0.0010812757536768913	0.42175814509391785	0.017489491030573845	0.5127436518669128	0.009629596956074238	0.000902476953342557	True	0.42437225580215454	0.3017273247241974	0.0638905018568039	0.18452665209770203	0.020998245105147362	0.0010211612097918987	0.0031265681609511375	0.00033723682281561196
904657829558177792	The secret of my success is a two word answer: Know people. Harvey S. Firestone	data/processed/pro_crisismmd/images/data_image/hurricane_harvey/4_9_2017/904657829558177792_0.jpg	not_humanitarian	not_humanitarian	True	0.9104342311620712	0.8539978292537853	0.9104342311620712	0.002794419473502785	0.002932691597379744	0.01190924149705097	0.008032643963815644	0.00024327485136410587	0.056436401908285916	0.007217120059067383	False	True	0.6709100604057312	0.002608852693811059	0.004232345148921013	0.04113056883215904	0.029189398512244225	0.000972676498349756	0.2227383553981781	0.028217773884534836	True	0.9902756214141846	0.0028562750667333603	0.0024994737468659878	0.002168799052014947	0.0009803924476727843	1.4096903555582685e-07	0.0010024174116551876	0.00021690211724489927
904660568744873985	Joint Statement from the NBA & NBPA re: Hurricane Harvey Relief Efforts:	data/processed/pro_crisismmd/images/data_image/hurricane_harvey/4_9_2017/904660568744873985_0.jpg	rescue_volunteering_or_donation_effort	rescue_volunteering_or_donation_effort	True	0.45699652610346675	0.06667889980599284	0.3903176262974739	0.04672132804989815	0.45699652610346675	0.015957376919686794	0.0867469497025013	5.866694755241042e-05	0.002044715656666085	0.0011568158806767315	False	True	0.884566605091095	0.011918626725673676	0.025042040273547173	0.0048574600368738174	0.06976019591093063	0.00013232736091595143	0.0009875843534246087	0.0027350925374776125	True	0.22556796669960022	0.058322228491306305	0.6009813547134399	0.019657349213957787	0.09240920096635818	3.411347643123008e-05	0.0023970927577465773	0.0006307236617431045
904667830955724800	ByTheNumbers USArmy Soldiers and equipment supporting Hurricane Harvey victims in Texas and Louisiana.	data/processed/pro_crisismmd/images/data_image/hurricane_harvey/4_9_2017/904667830955724800_0.jpg	rescue_volunteering_or_donation_effort	rescue_volunteering_or_donation_effort	True	0.7592017352581024	0.6087829666212201	0.07633066177368164	0.0023158242111094296	0.7592017352581024	0.0010027672542491928	0.1504187686368823	0.0004944834918205743	0.006467276136390865	0.0037684771450585686	False	True	0.1578417420387268	0.0022638977970927954	0.39912545680999756	0.001219008699990809	0.4171549081802368	0.0019292953656986356	0.006209279410541058	0.014256379567086697	True	0.04916030168533325	0.002333133015781641	0.8792271614074707	0.0009306867723353207	0.0615067221224308	1.6212867194553837e-05	0.006553275045007467	0.00027250967104919255
904668541802205184	Trump prepares for second Harvey visit by tweeting about Hillary Clinton	data/processed/pro_crisismmd/images/data_image/hurricane_harvey/4_9_2017/904668541802205184_0.jpg	not_humanitarian	not_humanitarian	True	0.6368979960680008	0.4067649357020855	0.6368979960680008	0.015214887564070523	0.07278084196150303	0.004180566276772879	0.2301330603659153	8.02797239884967e-06	0.004894775804132223	0.035889871418476105	False	True	0.1761755347251892	0.0042519704438745975	0.13128425180912018	0.0005139414570294321	0.6765778660774231	1.4150052265904378e-05	0.004943698178976774	0.0062386654317379	True	0.790472149848938	0.018869193270802498	0.053279705345630646	0.005402774550020695	0.08131812512874603	5.987279109831434e-06	0.004878468345850706	0.04577360674738884
904677129438285824	We've pledged. Will you? Houston Harvey	data/processed/pro_crisismmd/images/data_image/hurricane_harvey/4_9_2017/904677129438285824_0.jpg	not_humanitarian	not_humanitarian	True	0.5737710893154144	0.20459818840026855	0.5737710893154144	0.003067960438784212	0.3691729009151459	0.003823331499006599	0.046514814952388406	0.00016371096580769517	0.0023668272624490783	0.0011193310492672026	False	True	0.7198827266693115	0.0002822249662131071	0.2611405849456787	0.006148833781480789	0.009683487005531788	0.0006136569427326322	0.00028051057597622275	0.0019678808748722076	True	0.5250672101974487	0.003996538929641247	0.40518367290496826	0.0030481640715152025	0.05879192426800728	1.3728973499382846e-05	0.00306226615794003	0.0008364811073988676
904677866838908928	US Army Reserve Chinooks transport donated drinking water HurricaneHarvey	data/processed/pro_crisismmd/images/data_image/hurricane_harvey/4_9_2017/904677866838908928_0.jpg	rescue_volunteering_or_donation_effort	rescue_volunteering_or_donation_effort	True	0.8998484015464783	0.84736118465662	0.036676873452961445	0.0032309994494426064	0.8998484015464783	0.0019431736363912933	0.052487216889858246	0.0001349921637938678	0.005413747931015678	0.0002644904943736037	False	True	0.04537364840507507	0.00045397362555377185	0.8333859443664551	9.499836596660316e-05	0.12001918256282806	1.0363254659750964e-05	0.0005974004161544144	6.44364845356904e-05	True	0.03377794846892357	0.004156674724072218	0.9220025539398193	0.00255923205986619	0.029976561665534973	0.00017653513350524008	0.007019197102636099	0.00033117516431957483
904681142145740800	Harvey in Any Language: Volunteer Translators for Farsi, Arabic, Vietnamese Answer theCall	data/processed/pro_crisismmd/images/data_image/hurricane_harvey/4_9_2017/904681142145740800_0.jpg	rescue_volunteering_or_donation_effort	not_humanitarian	False	0.6762706260196865	0.49659329804126173	0.6762706260196865	0.0016442964115412906	0.1385834999382496	0.0006446085608331487	0.17967732797842473	9.142662495520426e-06	0.0019600391678977758	0.0012105235509807244	False	True	0.02561989240348339	0.0007826240616850555	0.26841288805007935	0.00046720850514248013	0.6979624629020691	3.5877281334251165e-05	0.003890718799084425	0.0028283323626965284	True	0.8931542038917542	0.0019315205281600356	0.09530703723430634	0.0007037419127300382	0.00691561633720994	2.3112288261017966e-07	0.0013164792908355594	0.0006712539470754564
904686036219027461	Virginia charity gathers donations for women impacted by Harvey	data/processed/pro_crisismmd/images/data_image/hurricane_harvey/4_9_2017/904686036219027461_0.jpg	rescue_volunteering_or_donation_effort	rescue_volunteering_or_donation_effort	True	0.7072979062795639	0.5261091329157352	0.10876007191836834	0.00039474464392696973	0.7072979062795639	0.00034520381086622365	0.18118877336382866	6.800072242185706e-06	0.0009279364603571594	0.001078507637430448	False	True	0.09748309850692749	7.2805407398846e-05	0.5502731204032898	5.595530092250556e-05	0.34923291206359863	1.9036888261325657e-05	0.0025432833936065435	0.00031985322129912674	True	0.11251906305551529	0.0005020577227696776	0.7596395015716553	0.000441619980847463	0.12517406046390533	2.721133569139056e-06	0.00038948748260736465	0.0013313924428075552
904693529917652992	16 July 2017 249 Allan Harvey Taunton Huish Yamaha Photo courtesy of	data/processed/pro_crisismmd/images/data_image/hurricane_harvey/4_9_2017/904693529917652992_0.jpg	not_humanitarian	infrastructure_and_utility_damage	False	0.3777144216001034	0.09038454294204712	0.28732987865805626	0.16122050117701292	0.04683980904519558	0.3777144216001034	0.025779446121305227	0.036189683713018894	0.04859086079522967	0.01633537490852177	False	True	0.7174977660179138	0.044915344566106796	0.03635787591338158	0.11197669804096222	0.030496925115585327	0.008905395865440369	0.028421541675925255	0.021428432315587997	True	0.14394058287143707	0.19998888671398163	0.05033378675580025	0.46629366278648376	0.02420695312321186	0.0452844463288784	0.055313967168331146	0.014637689106166363
904697249183215617	Important story via , : Why you should donate $ for Harvey relief, not stuff.	data/processed/pro_crisismmd/images/data_image/hurricane_harvey/4_9_2017/904697249183215617_0.jpg	rescue_volunteering_or_donation_effort	not_humanitarian	False	0.7616683878004551	0.5970258405432105	0.7616683878004551	0.0008184615871869028	0.1646425472572446	0.0005259816389298066	0.06784803420305252	0.0008520686208797201	0.00246176616383309	0.0011827589596578036	False	True	0.19043923914432526	0.0005723544163629413	0.55470871925354	0.001568142557516694	0.2351626455783844	0.0034076294396072626	0.009545911103487015	0.004595325328409672	True	0.952078104019165	0.0009004973107948899	0.0346204899251461	0.00017859466606751084	0.012076497077941895	2.1501463720596803e-07	0.00010038451728178188	4.5236836740514264e-05
904697532483342336	Guild members & LM Otero take to the skies to cover Harvey. weareAP	data/processed/pro_crisismmd/images/data_image/hurricane_harvey/4_9_2017/904697532483342336_0.jpg	not_humanitarian	not_humanitarian	True	0.5181908439844847	0.3362925611436367	0.5181908439844847	0.07554400397930294	0.18189828284084797	0.03692427412170218	0.09215742442756891	6.366586080730485e-05	0.010997381468769163	0.0842241383070359	False	True	0.07670509070158005	0.0033485167659819126	0.5046287178993225	0.0003086158831138164	0.04355436936020851	0.00021014889352954924	0.03457534313201904	0.3366691768169403	True	0.6653527617454529	0.09960916638374329	0.07432147115468979	0.04912949353456497	0.10835844278335571	1.483818323322339e-05	0.003138060914352536	7.5792137067765e-05
904700849531826178	After Harvey, when Irma follows ... definite signs of Browning for south Florida	data/processed/pro_crisismmd/images/data_image/hurricane_harvey/4_9_2017/904700849531826178_0.jpg	other_relevant_information	not_humanitarian	False	0.6172490790486336	0.25630520284175873	0.6172490790486336	0.36094387620687485	0.004716138322692132	0.00943034706870094	0.006546838412759826	6.9661906309193e-05	0.0005704154773411574	0.0004735826441901736	False	True	0.3123445212841034	0.6822648048400879	0.00021795356587972492	0.002623515436425805	0.0012659829808399081	0.00010578132787486538	8.712843555258587e-05	0.0010903198271989822	True	0.7188839316368103	0.25383689999580383	0.0062155332416296005	0.011699290946125984	0.008307123556733131	5.762209912063554e-05	0.0007315111579373479	0.0002680035831872374
904705739733782530	Businesses Underwater After Harvey PhotoEssay	data/processed/pro_crisismmd/images/data_image/hurricane_harvey/4_9_2017/904705739733782530_0.jpg	infrastructure_and_utility_damage	infrastructure_and_utility_damage	True	0.5171163063496351	0.28378279134631157	0.1461925283074379	0.044837021734565496	0.019937218399718404	0.5171163063496351	0.03423475567251444	0.23333351500332355	0.002452365239150822	0.0018962713947985321	False	True	0.1511312574148178	0.020924976095557213	0.009915187023580074	0.1201465055346489	0.037218548357486725	0.651340663433075	0.0025669706519693136	0.006755904760211706	True	0.1445462852716446	0.052807703614234924	0.023277895525097847	0.6494395732879639	0.03324015811085701	0.09399779886007309	0.0024141634348779917	0.0002763936063274741
904705747476471812	Houston: Muslims Offer Food, Water, Shelter To Harvey Victims; Mainstream MediaSilent	data/processed/pro_crisismmd/images/data_image/hurricane_harvey/4_9_2017/904705747476471812_0.jpg	rescue_volunteering_or_donation_effort	rescue_volunteering_or_donation_effort	True	0.4743063412606716	0.13687943294644356	0.18159250495955348	0.0011440350972407032	0.4743063412606716	0.0008957586251199245	0.33742690831422806	0.000343969312552872	0.0022533294977620244	0.0020371343271108344	False	True	0.029091520234942436	0.00016996772319544107	0.20539216697216034	0.002231310121715069	0.749798059463501	0.0013612046604976058	0.005411393474787474	0.006544365547597408	True	0.23242616653442383	0.0014687242219224572	0.563944399356842	0.0004505747929215431	0.19996985793113708	4.89086323796073e-06	0.001200641505420208	0.0005347239202819765
904706051064434688	I have never seen a monument erected to a pessimist. - Paul Harvey quote	data/processed/pro_crisismmd/images/data_image/hurricane_harvey/4_9_2017/904706051064434688_0.jpg	not_humanitarian	not_humanitarian	True	0.3105856887996197	0.02063405723311007	0.3105856887996197	0.18451486772391945	0.0065094720921479166	0.2899516315665096	0.015359918819740415	0.016577038215473294	0.04011531826108694	0.13638608902692795	False	True	0.721209704875946	0.0014432021416723728	0.01827799715101719	0.011665410362184048	0.04148988798260689	0.00547283049672842	0.03397006168961525	0.16647092998027802	True	0.17371101677417755	0.24553875625133514	0.002586630405858159	0.3827137053012848	0.0066499290987849236	0.020278440788388252	0.04216373711824417	0.1263578087091446
904710064451309568	Harvey What to expect after applying for federal assistance.	data/processed/pro_crisismmd/images/data_image/hurricane_harvey/4_9_2017/904710064451309568_0.jpg	other_relevant_information	not_humanitarian	False	0.8724483251571655	0.802369836717844	0.8724483251571655	0.02052645245566964	0.025355448364280164	0.005091807339340448	0.07007848843932152	0.0013088070212745606	0.0006050303527445067	0.004585677990689874	False	True	0.8163864016532898	0.02323870360851288	0.007648357655853033	0.007046105340123177	0.12109299749135971	0.005231897812336683	0.0020349915139377117	0.01732058636844158	True	0.8911356329917908	0.01962236873805523	0.031257811933755875	0.004440374672412872	0.05307365208864212	1.110090920519724e-06	0.00012837663234677166	0.00034070853143930435
904710747745341440	(We definitely lucked out with Harvey) ...this was my mailbox last Sunday around 1am	data/processed/pro_crisismmd/images/data_image/hurricane_harvey/4_9_2017/904710747745341440_0.jpg	not_humanitarian	not_humanitarian	True	0.8471873700618744	0.7808314180001616	0.8471873700618744	0.06635595206171274	0.00028611642483156174	0.013832390308380127	0.011905301595106721	0.00032553095934417797	0.00034601776860654354	0.05976137868128717	False	True	0.7103357911109924	0.02190205082297325	0.00036036066012457013	0.02306240238249302	0.03235006332397461	0.0011922114063054323	0.0009796253871172667	0.20981751382350922	True	0.8928045630455017	0.08117391914129257	0.00026136834640055895	0.010755719617009163	0.005090381018817425	3.663747702375986e-05	0.00013481522910296917	0.009742666967213154
904713943653818368	Harvey: City Asks Residents To Remove Parked Cars From Street For Debris Pickup	data/processed/pro_crisismmd/images/data_image/hurricane_harvey/4_9_2017/904713943653818368_0.jpg	infrastructure_and_utility_damage	vehicle_damage	False	0.28449679887853563	0.0074681860860437155	0.1768265850841999	0.007504825800424442	0.03648729436099529	0.2770286127924919	0.20316300075501204	0.28449679887853563	0.0025687101006042212	0.011924110374820884	False	True	0.2661501467227936	0.0011154975509271026	0.04140734300017357	0.020233631134033203	0.6512783169746399	0.011128692887723446	0.008249913342297077	0.0004364103951957077	True	0.14705206453800201	0.009634601883590221	0.03484727814793587	0.36262694001197815	0.05379122868180275	0.375619500875473	0.0006749756867066026	0.01575334370136261
904724083966955521	"Losses from the hurricane ""Harvey"" estimate at 150-180 billion dollars"	data/processed/pro_crisismmd/images/data_image/hurricane_harvey/4_9_2017/904724083966955521_0.jpg	infrastructure_and_utility_damage	not_humanitarian	False	0.582629956305027	0.3091394826769829	0.582629956305027	0.03504974162206054	0.01371199730783701	0.27349047362804413	0.07064488483592868	0.021146364539163187	0.003087490506004542	0.00023914964913274162	False	True	0.306281179189682	0.014397507533431053	0.025118513032794	0.3403414487838745	0.2244417369365692	0.08408165723085403	0.004499015398323536	0.000838882231619209	True	0.6747462153434753	0.0419338196516037	0.009909825399518013	0.25120681524276733	0.0193792674690485	0.00016793364193290472	0.0026169822085648775	3.9238788303919137e-05
904727847629189122	As Harvey affects New Orleans, stay up to date here:	data/processed/pro_crisismmd/images/data_image/hurricane_harvey/4_9_2017/904727847629189122_0.jpg	other_relevant_information	not_humanitarian	False	0.8829157948493958	0.8178378315642476	0.8829157948493958	0.06507796328514814	0.013421109528280795	0.009232560405507684	0.017700882046483457	0.001162149416813918	0.0004352799223852344	0.010054228825538303	False	True	0.7670229077339172	0.12220568209886551	0.003466483671218157	0.014803375117480755	0.047543007880449295	0.004590448923408985	0.00047869942500256	0.03988945484161377	True	0.9215467572212219	0.046035390347242355	0.016739318147301674	0.007375622168183327	0.0077535067684948444	1.9382914615562186e-05	0.00042080675484612584	0.00010915348684648052
904727888095739904	Hurricane Irma could hit US by this weekend after Harveydevastation	data/processed/pro_crisismmd/images/data_image/hurricane_harvey/4_9_2017/904727888095739904_0.jpg	other_relevant_information	not_humanitarian	False	0.8461355865001678	0.7149842204526067	0.8461355865001678	0.13115136604756117	0.005281801102682948	0.004229775629937649	0.007960350601933897	5.07947452206281e-05	0.0005460265601868741	0.004644273929443443	False	True	0.5554028153419495	0.39773106575012207	0.003230346366763115	0.004766445141285658	0.019071180373430252	0.00018213194562122226	0.001183139975182712	0.018432844430208206	True	0.943046510219574	0.042291466146707535	0.005965619347989559	0.004050885792821646	0.004256740678101778	7.015678420430049e-06	0.00033365542185492814	4.808376252185553e-05
904728345006534656	We had a busy weekend helping with the evacuees of Hurricane Harvey...	data/processed/pro_crisismmd/images/data_image/hurricane_harvey/4_9_2017/904728345006534656_0.jpg	rescue_volunteering_or_donation_effort	rescue_volunteering_or_donation_effort	True	0.4673362895846367	0.16867272974923253	0.29866355983540416	0.0022494135882880073	0.4673362895846367	0.0005425775671028532	0.2296932451426983	6.469630875471921e-06	0.0009573330316925421	0.0005510885457624681	False	True	0.02237127535045147	2.768104604911059e-05	0.592272937297821	2.9669288778677583e-05	0.38322851061820984	1.0081191248900723e-05	0.00043997931061312556	0.001619804883375764	True	0.39076098799705505	0.0029899911023676395	0.42569074034690857	0.0007135469932109118	0.17851482331752777	5.265777417662321e-06	0.0011297842720523477	0.0001948497665580362
904733485138681856	Hey guys just wanted to tell you to help Harvey survivors as much as you can! Spread this tweet!	data/processed/pro_crisismmd/images/data_image/hurricane_harvey/4_9_2017/904733485138681856_0.jpg	rescue_volunteering_or_donation_effort	not_humanitarian	False	0.7691063731908798	0.6241152784787118	0.7691063731908798	0.003856836410705	0.14499109471216798	0.0006263191316975281	0.06402008747681975	0.007008202116395523	0.002523346058296738	0.007867735344916582	False	True	0.9467490315437317	0.00417680386453867	0.003550911322236061	0.000784774252679199	0.010565979406237602	0.028027310967445374	0.00021378025121521205	0.005931466817855835	True	0.7098921537399292	0.0037501805927604437	0.19213782250881195	0.0005735007580369711	0.08183812350034714	1.8324993789065047e-06	0.0032932013273239136	0.008513158187270164
904736960060772352	Harvey's Canada Coupons: Chicken Wrap & Drink For Just $7.49	data/processed/pro_crisismmd/images/data_image/hurricane_harvey/4_9_2017/904736960060772352_0.jpg	not_humanitarian	not_humanitarian	True	0.688714861869812	0.584924457129091	0.688714861869812	0.10379040474072099	0.06957366483402438	0.07947399653494358	0.00779444829095155	0.0033519421122036874	0.03871471303864382	0.008586026029661298	False	True	0.9366423487663269	0.022897446528077126	0.0009408585028722882	0.006557926535606384	0.001641595270484686	0.0058313836343586445	0.0016100466018542647	0.023878568783402443	True	0.6060723662376404	0.1307547241449356	0.09245126694440842	0.10377935320138931	0.009845399297773838	0.0025254616048187017	0.05108293518424034	0.0034885117784142494
904742522358034432	Local church sending relief to Harvey victims	data/processed/pro_crisismmd/images/data_image/hurricane_harvey/4_9_2017/904742522358034432_0.jpg	rescue_volunteering_or_donation_effort	rescue_volunteering_or_donation_effort	True	0.6816813126206398	0.4620565641671419	0.08926746807992458	0.0009070374071598053	0.6816813126206398	0.0005282872734824196	0.2196247484534979	0.00026003067557667237	0.0015481387381441891	0.006183009798405692	False	True	0.029247626662254333	0.0010651557240635157	0.3775210678577423	0.00014809344429522753	0.5673763155937195	0.001028688158839941	0.0013790518278256059	0.022234026342630386	True	0.10927408188581467	0.0008543313015252352	0.783068060874939	0.0006550185498781502	0.10370755940675735	3.8115144889161456e-06	0.0016045010415837169	0.0008326709503307939
904746274834046976	Ohio Task Force 1 demobilized and returning home after Harvey	data/processed/pro_crisismmd/images/data_image/hurricane_harvey/4_9_2017/904746274834046976_0.png	rescue_volunteering_or_donation_effort	rescue_volunteering_or_donation_effort	True	0.4061145484447479	0.04402672126889229	0.17648370377719402	0.014639024622738361	0.4061145484447479	0.01151866524014622	0.36208782717585564	0.0006138619000921608	0.02651551616145298	0.0020268048101570457	False	True	0.04375091940164566	0.0009022224694490433	0.6515980958938599	7.003778591752052e-05	0.19728578627109528	0.002335217548534274	0.09945234656333923	0.004605384077876806	True	0.22072796523571014	0.0192179586738348	0.32428669929504395	0.015334874391555786	0.41702184081077576	4.007668394478969e-05	0.0022032393608242273	0.0011672783875837922
904751001390940160	This is what Hurricane Harvey will mean for trucking:	data/processed/pro_crisismmd/images/data_image/hurricane_harvey/4_9_2017/904751001390940160_0.jpg	other_relevant_information	not_humanitarian	False	0.5915332734584808	0.27190758287906647	0.5915332734584808	0.31962569057941437	0.024264706938993186	0.04505943111144006	0.017367345397360623	0.0009858693665592	0.0005078205649624579	0.0006558610693900846	False	True	0.4479683041572571	0.5255943536758423	0.002299311337992549	0.014041214250028133	0.006482558790594339	0.0005917985108681023	0.0009032959351316094	0.0021192007698118687	True	0.6393882632255554	0.25096946954727173	0.031586505472660065	0.055398836731910706	0.02099560759961605	0.0011172263184562325	0.0003759954415727407	0.0001680811692494899
904751779727810560	Theories coming like a tornado bts bangtanboys serendipity LOVE_YOURSELF__Her is	data/processed/pro_crisismmd/images/data_image/hurricane_harvey/4_9_2017/904751779727810560_0.jpg	not_humanitarian	not_humanitarian	True	0.8507319837808609	0.748653633374488	0.8507319837808609	0.03337298036785796	0.0015281789528671652	0.0022267182648647577	0.004523054230958223	0.0002775148302589514	0.005261291691567749	0.10207835040637292	False	True	0.5750721096992493	0.0033692449796944857	0.001059183618053794	0.0002243103226646781	0.0025440449826419353	0.001090215751901269	0.011257743462920189	0.4053831696510315	True	0.9426186084747314	0.04337422549724579	0.001684510731138289	0.002894187578931451	0.005182723980396986	6.614523044845555e-06	0.0032624744344502687	0.0009767439914867282
904765286930403328	Hurricane Harvey: How to get a FEMA job; how to apply, what jobs are available	data/processed/pro_crisismmd/images/data_image/hurricane_harvey/4_9_2017/904765286930403328_0.jpg	rescue_volunteering_or_donation_effort	rescue_volunteering_or_donation_effort	True	0.48268815129995346	0.17796795326285064	0.3047201980371028	0.05494815411657328	0.48268815129995346	0.004633701761122211	0.14369403012096882	4.302825982449576e-05	0.003824291634373367	0.0054484468419104815	False	True	0.011809040792286396	0.00038405219675041735	0.8638888597488403	0.00010486973769729957	0.10040729492902756	0.00011256675497861579	0.01041002944111824	0.012883352115750313	True	0.4023572504520416	0.07313618808984756	0.35562124848365784	0.006143312435597181	0.1581229418516159	1.9848761439789087e-05	0.0016290456987917423	0.002970145083963871
904768633808846848	Today's USNavy photos of the day highlight Hurricane Harvey relief support. Download:	data/processed/pro_crisismmd/images/data_image/hurricane_harvey/4_9_2017/904768633808846848_0.jpg	rescue_volunteering_or_donation_effort	rescue_volunteering_or_donation_effort	True	0.8772105425596237	0.8229065723717213	0.05430397018790245	0.005540073052543448	0.8772105425596237	0.004421521414769813	0.054260187316685915	5.2103685248994225e-05	0.003936070934287272	0.0002755214507033088	False	True	0.06700142472982407	0.00019749866623897105	0.9117335677146912	4.104373510926962e-05	0.02027483470737934	1.6003388054741663e-06	0.0007369918166659772	1.2960513231519144e-05	True	0.050071485340595245	0.007320931181311607	0.8657028675079346	0.005881680641323328	0.06558863818645477	6.893813406350091e-05	0.0050024306401610374	0.00036304176319390535
904768633808846848	Today's USNavy photos of the day highlight Hurricane Harvey relief support. Download:	data/processed/pro_crisismmd/images/data_image/hurricane_harvey/4_9_2017/904768633808846848_1.jpg	rescue_volunteering_or_donation_effort	rescue_volunteering_or_donation_effort	True	0.8261787444353104	0.7373488415032625	0.08882990293204784	0.006092064548283815	0.8261787444353104	0.004502423842495773	0.06841257214546204	0.00012141690058342647	0.005372584448195994	0.0004903030203422531	False	True	0.20510515570640564	0.0024054646492004395	0.7076063752174377	0.0003646534460131079	0.07688437402248383	0.00027885320014320314	0.006483045872300863	0.0008720867917872965	True	0.050071485340595245	0.007320931181311607	0.8657028675079346	0.005881680641323328	0.06558863818645477	6.893813406350091e-05	0.0050024306401610374	0.00036304176319390535
904768633808846848	Today's USNavy photos of the day highlight Hurricane Harvey relief support. Download:	data/processed/pro_crisismmd/images/data_image/hurricane_harvey/4_9_2017/904768633808846848_3.jpg	rescue_volunteering_or_donation_effort	rescue_volunteering_or_donation_effort	True	0.6700768377631903	0.5254025459289551	0.1446742918342352	0.05831062467768788	0.6700768377631903	0.02570070407819003	0.08751693740487099	0.00021502978597709443	0.008689435897395015	0.004816154338186607	False	True	0.42848271131515503	0.2112797051668167	0.08319874852895737	0.08515777438879013	0.15330183506011963	0.000653304741717875	0.019750451669096947	0.01817549206316471	True	0.050071485340595245	0.007320931181311607	0.8657028675079346	0.005881680641323328	0.06558863818645477	6.893813406350091e-05	0.0050024306401610374	0.00036304176319390535
904768778260672512	"""Now you know the rest of the story."" Paul Harvey (born this day, September 4, 1918)"	data/processed/pro_crisismmd/images/data_image/hurricane_harvey/4_9_2017/904768778260672512_0.jpg	not_humanitarian	not_humanitarian	True	0.9181484878063202	0.8938727481363458	0.9181484878063202	0.0098444958566688	0.017296549005550332	0.004938715836033225	0.018064842966850847	0.0001046419250769759	0.007326506747631356	0.024275739669974428	False	True	0.7332449555397034	0.003250432899221778	0.0670449510216713	0.003985986113548279	0.06829645484685898	0.00040290490142069757	0.026997104287147522	0.09677720814943314	True	0.9797829985618591	0.012042516842484474	0.0007137483335100114	0.005256292410194874	0.00132097234018147	5.220932962402003e-06	0.0007696409011259675	0.00010858351015485823
904773355546578944	Hurry up go to and donate harvey they will double ur donation till sept 6th	data/processed/pro_crisismmd/images/data_image/hurricane_harvey/4_9_2017/904773355546578944_0.jpg	rescue_volunteering_or_donation_effort	not_humanitarian	False	0.8814450800418854	0.7837229305878282	0.8814450800418854	0.005612882203422487	0.09772214945405722	0.000588148295719293	0.008898122701793909	2.079598729665122e-06	0.0005090014674351551	0.005222613690420985	False	True	0.9494920969009399	0.001249232329428196	0.03382960334420204	8.657202852191404e-05	0.005353621207177639	5.614312158286339e-06	0.0012901070294901729	0.0086931511759758	True	0.8587627410888672	0.007067432161420584	0.11901966482400894	0.0007553403847850859	0.010079623199999332	9.013609201247164e-07	0.00024863294675014913	0.004065767861902714
904779114506326016	Much destruction and recovery in Harvey Aftermath requires HoustonStrong	data/processed/pro_crisismmd/images/data_image/hurricane_harvey/4_9_2017/904779114506326016_0.jpg	infrastructure_and_utility_damage	not_humanitarian	False	0.7179714143276215	0.5749735403805971	0.7179714143276215	0.023545989010017365	0.07324100099503994	0.038267187774181366	0.14299787394702435	0.0020153629329797695	0.0018885171448346227	7.262521103257313e-05	False	True	0.5761416554450989	0.002930036513134837	0.011914297938346863	0.03645023703575134	0.36169564723968506	0.007939191535115242	0.0027338487561792135	0.0001951260055648163	True	0.7652480006217957	0.030417973175644875	0.09368323534727097	0.03887283802032471	0.07009861618280411	4.075339893461205e-05	0.0016067399410530925	3.1791612855158746e-05
904779617440940032	Survivors Grapple With Ongoing Trauma After Harvey	data/processed/pro_crisismmd/images/data_image/hurricane_harvey/4_9_2017/904779617440940032_0.jpg	affected_individuals	affected_individuals	True	0.5457340180873871	0.16769349202513695	0.37804052606225014	0.004227399651426822	0.0582961761392653	0.006996686308411881	0.5457340180873871	4.37060847389148e-05	0.006035666592651978	0.0006258131252252497	False	True	0.2102614790201187	0.001030034152790904	0.009652243927121162	0.0007655395893380046	0.7758792638778687	0.00015554364654235542	0.0010445580119267106	0.0012113226111978292	True	0.43396687507629395	0.005293188150972128	0.07451082020998001	0.00907373521476984	0.46901893615722656	6.426897471101256e-06	0.007699369452893734	0.00043064329656772316
904779917904281600	Texas Moves toward post-Harvey Recovery as Evacuation o... - - PostHarvey Us	data/processed/pro_crisismmd/images/data_image/hurricane_harvey/4_9_2017/904779917904281600_0.jpg	rescue_volunteering_or_donation_effort	not_humanitarian	False	0.7634317018091679	0.6467065238393843	0.7634317018091679	0.014464639949437696	0.09915020258631557	0.0035709866424440406	0.11672517796978354	6.4403939177282155e-06	0.0023836936452426016	0.00026724397775979014	False	True	0.173422709107399	0.00014704422210343182	0.37459447979927063	0.0002518346009310335	0.4415224492549896	1.4192775779520161e-05	0.00911292526870966	0.00093436473980546	True	0.9601013660430908	0.019237171858549118	0.007335443515330553	0.00467737065628171	0.008459420874714851	3.8562666304642335e-06	0.00014061643742024899	4.487039041123353e-05
904780104953417728	In this photo, the Rev. Mark Goring surveys damage from HurricaneHarvey at a church community center in Houston.	data/processed/pro_crisismmd/images/data_image/hurricane_harvey/4_9_2017/904780104953417728_0.jpg	infrastructure_and_utility_damage	affected_individuals	False	0.3456723839044571	0.11840013647451997	0.08128060300805373	0.018263444304466248	0.02767375949770212	0.22727224742993712	0.3456723839044571	0.22273305538692512	0.01773407682776451	0.059370414121076465	False	True	0.3239675760269165	0.012230396270751953	0.031901415437459946	0.010252585634589195	0.3966287672519684	0.0006576968589797616	0.017625128850340843	0.20673643052577972	True	0.0003849453350994736	0.020274460315704346	0.02626454085111618	0.2996121346950531	0.32868692278862	0.29675817489624023	0.017770392820239067	0.010248408652842045
904787326014025730	Southwest Airlines went above and beyond on CX during Harvey: - custexp	data/processed/pro_crisismmd/images/data_image/hurricane_harvey/4_9_2017/904787326014025730_0.jpg	not_humanitarian	not_humanitarian	True	0.8088989555835724	0.7437244232278317	0.8088989555835724	0.06517453235574067	0.05451631057076156	0.005548221291974187	0.03425968252122402	0.0017626461612962885	0.0050320468144491315	0.02480755149736069	False	True	0.8034443259239197	0.008142557926476002	0.0095835505053401	0.0054212892428040504	0.059797659516334534	0.006896627135574818	0.009770408272743225	0.09694350510835648	True	0.8107171654701233	0.08418519049882889	0.06949389725923538	0.005590531975030899	0.02574702352285385	5.131916987011209e-05	0.003452592995017767	0.0007622336270287633
904787748598505476	Joel Osteen comes out SWINGING against his critics; lands one KEY defender	data/processed/pro_crisismmd/images/data_image/hurricane_harvey/4_9_2017/904787748598505476_0.jpg	not_humanitarian	not_humanitarian	True	0.7777468264102936	0.6406646613031626	0.7777468264102936	0.0049242481472902	0.04302193317562342	0.01301305613014847	0.137082165107131	2.560890584391018e-05	0.007573073293315247	0.016613086219877005	False	True	0.5108081102371216	0.0027681535575538874	0.04082135111093521	0.0036927000619471073	0.3537083566188812	9.271351882489398e-05	0.026815447956323624	0.06129319965839386	True	0.8667263984680176	0.005642946343868971	0.043755460530519485	0.01611984148621559	0.06487343460321426	3.2407015169155784e-06	0.0011589484056457877	0.0017197150737047195
904791464382791680	It takes no compromise to give people their rights... - Harvey Milk	data/processed/pro_crisismmd/images/data_image/hurricane_harvey/4_9_2017/904791464382791680_0.jpg	not_humanitarian	not_humanitarian	True	0.953982025384903	0.9315087189897895	0.953982025384903	0.0014627728196501266	0.022473306395113468	0.0037842891324544325	0.015606519766151905	3.7020329671122454e-05	0.0024534297408536077	0.00020065299031557515	False	True	0.9740064144134521	0.00014521511911880225	0.009637419134378433	0.0007966338307596743	0.012437989935278893	0.0001454809826100245	0.0027263343799859285	0.00010450778063386679	True	0.9473072290420532	0.0019019587198272347	0.026751935482025146	0.004780174233019352	0.01666269637644291	8.667786914884346e-07	0.0023624615278095007	0.00023270139354281127
904794659767152640	Game wardens rescue a deer drowning in Harvey floods by a boat.	data/processed/pro_crisismmd/images/data_image/hurricane_harvey/4_9_2017/904794659767152640_0.jpg	rescue_volunteering_or_donation_effort	rescue_volunteering_or_donation_effort	True	0.812307596206665	0.6975121604045853	0.012872764666099101	0.023154834983870387	0.812307596206665	0.003330968287627911	0.01094831491354853	0.001525822066469118	0.11479543580207974	0.021064316388219595	False	True	0.04095742106437683	0.0047527095302939415	0.4178429841995239	0.00012220941425766796	0.021296003833413124	0.0023290489334613085	0.44609230756759644	0.06660731881856918	True	0.003511212533339858	0.029288876801729202	0.9437958002090454	0.004400554578751326	0.007499085273593664	0.0012580797774717212	0.004363145213574171	0.0058833155781030655
904794955058601984	Megadeth - Tornado Of Souls. Megadeth Lyric Music	data/processed/pro_crisismmd/images/data_image/hurricane_harvey/4_9_2017/904794955058601984_0.jpg	not_humanitarian	not_humanitarian	True	0.45867864042520523	0.2622635569423437	0.45867864042520523	0.1936065620975569	0.04485884075984359	0.07700390589889139	0.02497358398977667	0.0018581329204607755	0.19641508348286152	0.0026052448665723205	False	True	0.8303714990615845	0.006803956348448992	0.01948036439716816	0.0046803816221654415	0.007555781397968531	0.0027123645413666964	0.12368623167276382	0.004709359258413315	True	0.3347810208797455	0.2558740973472595	0.0533183328807354	0.1011117473244667	0.03077951818704605	0.0015733890468254685	0.22065803408622742	0.0019038734026253223
904796210879442944	Patients on BMS medicines, impacted by HurricaneHarvey, help is available.	data/processed/pro_crisismmd/images/data_image/hurricane_harvey/4_9_2017/904796210879442944_0.jpg	rescue_volunteering_or_donation_effort	not_humanitarian	False	0.6719604134559631	0.4502346068620682	0.6719604134559631	0.004280001332517713	0.22172580659389496	0.0011263796768616885	0.062082871329039335	1.940197188332604e-05	0.005844587227329612	0.03296055718601565	False	True	0.7987339496612549	0.00793610978871584	0.04139718413352966	0.0006393543444573879	0.011383509263396263	7.628930325154215e-05	0.008421745151281357	0.13141189515590668	True	0.6297025680541992	0.0030612985137850046	0.2818353474140167	0.0012887214543297887	0.07898265868425369	4.395280939206714e-07	0.0049855345860123634	0.00014344452938530594
904807213927206912	Houston neighborhoods deep in HarveyRecovery txlege harvey	data/processed/pro_crisismmd/images/data_image/hurricane_harvey/4_9_2017/904807213927206912_1.jpg	infrastructure_and_utility_damage	not_humanitarian	False	0.6516977548599243	0.49830134655348957	0.6516977548599243	0.029117134865373373	0.024276212672702968	0.15339640830643475	0.11293609254062176	0.02572957098163897	0.0005770798816229217	0.002269782237817708	False	True	0.6642998456954956	0.003934705629944801	0.005441525485366583	0.009594541974365711	0.2050517499446869	0.10246365517377853	0.00023662755847908556	0.008977310732007027	True	0.6474970579147339	0.037511277943849564	0.03055444173514843	0.20133036375045776	0.08223087340593338	0.00015154291759245098	0.0006905639893375337	3.393940642126836e-05
904807213927206912	Houston neighborhoods deep in HarveyRecovery txlege harvey	data/processed/pro_crisismmd/images/data_image/hurricane_harvey/4_9_2017/904807213927206912_2.jpg	infrastructure_and_utility_damage	not_humanitarian	False	0.534709457308054	0.3392568212002516	0.534709457308054	0.030248269671574235	0.07168389344587922	0.1530942441895604	0.1954526361078024	0.00013734569802181795	0.005374528540414758	0.009299669992287818	False	True	0.19634665548801422	0.008459244854748249	0.1950722485780716	0.008385885506868362	0.5351179242134094	9.475403930991888e-05	0.01942642219364643	0.037096861749887466	True	0.6474970579147339	0.037511277943849564	0.03055444173514843	0.20133036375045776	0.08223087340593338	0.00015154291759245098	0.0006905639893375337	3.393940642126836e-05
904807895631618049	Ethika Sending $250K of Underwear to Hurricane Harvey Victims -	data/processed/pro_crisismmd/images/data_image/hurricane_harvey/4_9_2017/904807895631618049_0.jpg	rescue_volunteering_or_donation_effort	not_humanitarian	False	0.45367617160081863	0.009347952902317047	0.45367617160081863	0.03332196149858646	0.4443282186985016	0.012922227586386725	0.04536022990942001	0.0003433037345530465	0.008329286705702543	0.0017185721080750227	False	True	0.7295159101486206	0.0015350234461948276	0.19996190071105957	0.0012389504117891192	0.061238572001457214	0.0006335965008474886	0.004581711255013943	0.0012943549081683159	True	0.36172959208488464	0.04391760751605034	0.5257836580276489	0.016816653311252594	0.04006744921207428	0.0002465394791215658	0.009578478522598743	0.0018599778413772583
904812130389549056	Harvey's flooding seen from space	data/processed/pro_crisismmd/images/data_image/hurricane_harvey/4_9_2017/904812130389549056_0.jpg	other_relevant_information	other_relevant_information	True	0.8081395775079727	0.6673132190480828	0.03857642330694944	0.8081395775079727	0.0025612323806853965	0.1408263584598899	0.0057134125381708145	0.003287242667283863	0.0004233220206515398	0.00047246010490198387	False	True	0.13742871582508087	0.8062635064125061	0.0005857018404640257	0.03819793090224266	0.011221937835216522	0.00341576780192554	0.0011303110513836145	0.0017560961423441768	True	0.005625659134238958	0.8087649345397949	0.0032197425607591867	0.17503583431243896	0.0038772374391555786	0.003244400955736637	0.00018765901040751487	4.4581425754586235e-05
904815771930513408	Braves players are out & about in the right now collecting donations for Harvey recovery efforts!	data/processed/pro_crisismmd/images/data_image/hurricane_harvey/4_9_2017/904815771930513408_0.jpg	rescue_volunteering_or_donation_effort	rescue_volunteering_or_donation_effort	True	0.7560040503740311	0.6391292475163937	0.11202034261077642	0.0007141305904951878	0.7560040503740311	0.00015738920774310827	0.1168748028576374	6.920705402535532e-06	0.0007819406382623129	0.013440428549074568	False	True	0.3641152083873749	0.0003121857007499784	0.38494300842285156	0.00017300285981036723	0.19727903604507446	2.190241139032878e-05	0.002022574655711651	0.05113304406404495	True	0.027988720685243607	0.0008481122204102576	0.8796910643577576	0.00015218465705402195	0.09007339179515839	1.9268034066044493e-06	0.0003683959657792002	0.000876223377417773
904815771930513408	Braves players are out & about in the right now collecting donations for Harvey recovery efforts!	data/processed/pro_crisismmd/images/data_image/hurricane_harvey/4_9_2017/904815771930513408_2.jpg	rescue_volunteering_or_donation_effort	rescue_volunteering_or_donation_effort	True	0.7817011550068855	0.642462681978941	0.049853705801069736	0.0006910524898557924	0.7817011550068855	0.00014149190064927097	0.13923847302794456	6.007604554270074e-06	0.0016479113764944486	0.026720201844000258	False	True	0.11544866114854813	0.00021987329819239676	0.4877314269542694	0.00010941363143501803	0.2867337167263031	1.8250007997266948e-05	0.005486457608640194	0.10425213724374771	True	0.027988720685243607	0.0008481122204102576	0.8796910643577576	0.00015218465705402195	0.09007339179515839	1.9268034066044493e-06	0.0003683959657792002	0.000876223377417773
904818897970495488	Good friend of mine found this in his HurricaneHarvey cleanup. E	data/processed/pro_crisismmd/images/data_image/hurricane_harvey/4_9_2017/904818897970495488_0.jpg	not_humanitarian	not_humanitarian	True	0.8773170709609985	0.8219373058745987	0.8773170709609985	0.0026206924812868237	0.013911954360082746	0.005785397486761212	0.030413453583605587	0.0012896806164235386	0.013282003201311454	0.05537976508639986	False	True	0.556780219078064	0.004253000020980835	0.033626146614551544	0.016095949336886406	0.11185981333255768	0.005139028653502464	0.051610689610242844	0.22063516080379486	True	0.9841626882553101	0.0020765899680554867	0.007340556941926479	0.0023485468700528145	0.0032646670006215572	6.564604063896695e-06	0.0005057743983343244	0.0002946331806015223
904822236254806018	She's a tornado with pretty eyes and an invincible heartbeat.	data/processed/pro_crisismmd/images/data_image/hurricane_harvey/4_9_2017/904822236254806018_0.jpg	not_humanitarian	not_humanitarian	True	0.8451275080442429	0.7277404965000187	0.8451275080442429	0.006764289224520326	0.006842803159088362	0.002552508158260025	0.010772753488708986	0.0008835103098654429	0.009669604180089664	0.11738701154422415	False	True	0.40209734439849854	0.009386143647134304	0.026953283697366714	0.00817430391907692	0.04245542362332344	0.0035335933789610863	0.037891943007707596	0.46950799226760864	True	0.992804229259491	0.005890337750315666	0.00013930964632891119	0.0006785762379877269	0.0002118634438375011	1.4928683356174588e-07	0.0002621579042170197	1.3351303095987532e-05
904822253744992256	So many front yards across Houston look like this. HurricaneHarvey	data/processed/pro_crisismmd/images/data_image/hurricane_harvey/4_9_2017/904822253744992256_0.jpg	infrastructure_and_utility_damage	not_humanitarian	False	0.40919768810272217	0.1622811108827591	0.40919768810272217	0.23178191878832877	0.023181129712611437	0.07294298894703388	0.24691657721996307	0.00935467891395092	0.006175174989039078	0.0004498078196775168	False	True	0.2821171283721924	0.0008927742019295692	0.028339840471744537	0.06835170090198517	0.6104869246482849	0.007616537623107433	0.0014918009983375669	0.0007032764842733741	True	0.45155787467956543	0.30874496698379517	0.02146155945956707	0.07447341829538345	0.12572646141052246	0.009934059344232082	0.007736299652606249	0.00036531826481223106
904823150818594816	Thank you, . for loving on ALL children! LoveLoveLove Harvey	data/processed/pro_crisismmd/images/data_image/hurricane_harvey/4_9_2017/904823150818594816_0.jpg	not_humanitarian	not_humanitarian	True	0.7248038332909346	0.5705752088688314	0.7248038332909346	0.0010556779670878313	0.02235807362012565	0.0004478778500924818	0.15422862442210317	5.7463792870748875e-06	0.003711232799105346	0.09338892855885206	False	True	0.07289444655179977	0.00011857898789457977	0.013884340412914753	0.0003995859296992421	0.5320079922676086	1.868467552412767e-05	0.007735261227935553	0.37294110655784607	True	0.9421069622039795	0.0013680442934855819	0.025182651355862617	0.0004639751568902284	0.02830216847360134	1.4336138747239602e-06	0.0023698899894952774	0.0002048692258540541
904825942887059456	Pioneer Woman Ree Drummond Holding Harvey Fundraiser News9	data/processed/pro_crisismmd/images/data_image/hurricane_harvey/4_9_2017/904825942887059456_0.jpg	not_humanitarian	rescue_volunteering_or_donation_effort	False	0.4894602418644354	0.2339735523564741	0.12253222614526749	0.002957449934910983	0.4894602418644354	0.004503409669268876	0.12163071986287832	0.0008117200450215023	0.0026175454913754947	0.2554866895079613	False	True	0.15366344153881073	0.002001877874135971	0.0042663696222007275	0.008971605449914932	0.02558235451579094	0.002734286244958639	0.000430475251050666	0.8023495674133301	True	0.11215515434741974	0.00327597395516932	0.6511915326118469	0.003014011075720191	0.15364684164524078	0.0001708646450424567	0.0033465689048171043	0.073199063539505
904830090386735105	The effects of Harvey...	data/processed/pro_crisismmd/images/data_image/hurricane_harvey/4_9_2017/904830090386735105_0.jpg	infrastructure_and_utility_damage	not_humanitarian	False	0.7451679296791553	0.6018770516384393	0.7451679296791553	0.017184293013997376	0.021762197837233543	0.05776567291468382	0.14329087804071605	0.013145155400707154	0.001634802989428863	4.903451190330088e-05	False	True	0.22856630384922028	0.0020117745734751225	0.04541049152612686	0.13095025718212128	0.538228452205658	0.052408911287784576	0.0022698557004332542	0.00015394031652249396	True	0.917368471622467	0.022241799160838127	0.013879433274269104	0.033370811492204666	0.011645019985735416	5.7236771681346e-05	0.0014231187524273992	1.4065910363569856e-05
904830278379687936	hypervocal: Israel pledges $1M in aid for Houston Jewish community after Harvey	data/processed/pro_crisismmd/images/data_image/hurricane_harvey/4_9_2017/904830278379687936_0.jpg	rescue_volunteering_or_donation_effort	rescue_volunteering_or_donation_effort	True	0.5553442388772964	0.30358731374144554	0.2517569251358509	0.0036686875973828137	0.5553442388772964	0.0010590033998596482	0.1819193046540022	0.003363443615171491	0.0013770808873232454	0.001511299517005682	False	True	0.26434892416000366	0.0035541211254894733	0.2932649254798889	0.00036915074451826513	0.4205387830734253	0.013433901593089104	0.002652309834957123	0.0018379793036729097	True	0.2475595921278	0.0037068764213472605	0.6427040100097656	0.0012889542849734426	0.10237947851419449	6.624289198953193e-06	0.0009520045714452863	0.0014024062547832727
904837965440053248	Harvey may be gone but if you're struggling, reach out. offers 24/7 support	data/processed/pro_crisismmd/images/data_image/hurricane_harvey/4_9_2017/904837965440053248_0.jpg	affected_individuals	not_humanitarian	False	0.4531927555799484	0.06601379066705704	0.4531927555799484	0.0016110226861201227	0.12207476049661636	0.0022985906980466098	0.3871789649128914	8.807071429828284e-05	0.002565233389759669	0.03099054843187332	False	True	0.6515544056892395	0.0010862884810194373	0.039728060364723206	0.006724594160914421	0.2790773808956146	0.00034787977347150445	0.00995438452810049	0.01152699813246727	True	0.38707220554351807	0.0017859340878203511	0.14952366054058075	0.000823256210424006	0.42321282625198364	1.467694573875633e-06	0.00010218301031272858	0.03747839853167534
904841029240610816	Many doubt US emergency agency will help Harvey victims	data/processed/pro_crisismmd/images/data_image/hurricane_harvey/4_9_2017/904841029240610816_0.jpg	rescue_volunteering_or_donation_effort	not_humanitarian	False	0.4414459615945816	0.03843095898628235	0.4414459615945816	0.010417625773698092	0.40301500260829926	0.003213356772903353	0.1308373622596264	0.0006992177573010849	0.008008055156096816	0.0023634330282220617	False	True	0.4057401716709137	0.004143163561820984	0.2991098463535309	0.0022970647551119328	0.2667400538921356	0.0027586419600993395	0.012088063172996044	0.0071230120956897736	True	0.4533478915691376	0.012509113177657127	0.43765005469322205	0.003518787445500493	0.08553646504878998	1.2743023035000078e-05	0.006648052483797073	0.0007769066723994911
904841661984976902	GuruJay Why Steve Harvey Is the 1 Answer Comedian	data/processed/pro_crisismmd/images/data_image/hurricane_harvey/4_9_2017/904841661984976902_0.jpg	not_humanitarian	not_humanitarian	True	0.8748786598443985	0.8318820704589598	0.8748786598443985	0.015103354817256331	0.027200124692171812	0.019071100337896496	0.011888043489307165	0.0001455071360396687	0.008716618991456926	0.04299658938543871	False	True	0.7580295205116272	0.0033304905518889427	0.029047684744000435	0.0025695471558719873	0.023607132956385612	0.0002617028949316591	0.021285003051161766	0.1618688702583313	True	0.9138283729553223	0.019027642905712128	0.02658427134156227	0.024571618065238	0.00798168033361435	0.00010677521640900522	0.004527157638221979	0.003372495761141181
904845308626051072	Why California rescue workers rushed to help Harvey victims halfway across the country	data/processed/pro_crisismmd/images/data_image/hurricane_harvey/4_9_2017/904845308626051072_0.jpg	rescue_volunteering_or_donation_effort	rescue_volunteering_or_donation_effort	True	0.7195269763469696	0.5186720564961433	0.049051960348151624	0.006188802944961935	0.7195269763469696	0.0014140973071334884	0.20085491985082626	0.00023354688732979412	0.0049384841695427895	0.01779126366454875	False	True	0.17439594864845276	0.003116691717877984	0.3183487057685852	0.0007981047383509576	0.4270796477794647	0.0008959530969150364	0.0054822685196995735	0.06988279521465302	True	0.007270630914717913	0.007212840020656586	0.8532530665397644	0.001619428163394332	0.12544667720794678	1.2744817468046676e-05	0.004757222719490528	0.00042741981451399624
904850093215539201	THE FUCK DO U MEAN WATCH I'M OVER HERE HOPING A TORNADO DOESNT KILL ME	data/processed/pro_crisismmd/images/data_image/hurricane_harvey/4_9_2017/904850093215539201_0.jpg	not_humanitarian	not_humanitarian	True	0.7165940478444099	0.4416316244751215	0.7165940478444099	0.27496242336928844	0.00021190737970755436	0.002825231698807329	0.0005131904035806656	5.831193050198635e-05	0.00038450455758720636	0.004450393469596747	False	True	0.19220665097236633	0.7841264009475708	5.424449045676738e-05	0.004581998102366924	0.0009636399918235838	0.0002176857815356925	0.00021093900431878865	0.017638402059674263	True	0.8913898468017578	0.10524109750986099	0.00026446167612448335	0.002239642897620797	0.00036304054083302617	5.187313490750967e-06	0.00044235974201001227	5.439060623757541e-05
904850175058956291	LOL poor guy gets so much crap for not taking Harvey's victims in his church, he only wants to take their money4C	data/processed/pro_crisismmd/images/data_image/hurricane_harvey/4_9_2017/904850175058956291_0.jpg	not_humanitarian	not_humanitarian	True	0.7334765195846558	0.614328115072567	0.7334765195846558	0.006701576261548325	0.11914840451208875	0.00448895448789699	0.11203180137090385	1.7989004049923096e-05	0.017597004043636844	0.00653774623060599	False	True	0.9685465693473816	0.0012752878246828914	0.002417688025161624	0.0003394072118680924	0.009191210381686687	5.2971492550568655e-05	0.0015312739415094256	0.016645686700940132	True	0.6551198363304138	0.008510339073836803	0.15805864334106445	0.005872136913239956	0.14631199836730957	6.32817454970791e-06	0.02295224741101265	0.003168432740494609
904853861378269184	All Tornado, Severe Thunderstorm, and Flash Flood warnings for the month of August:	data/processed/pro_crisismmd/images/data_image/hurricane_harvey/4_9_2017/904853861378269184_0.jpg	other_relevant_information	other_relevant_information	True	0.8682296127080917	0.7964416863396764	0.07178792636841536	0.8682296127080917	0.00028173665532449377	0.05664765904657543	0.002290339063620195	0.00029207394618424587	0.00042735272290883586	4.3329390791768674e-05	False	True	0.2547051012516022	0.7348989248275757	3.0222437999327667e-05	0.006979654543101788	0.001505188294686377	0.0009333296911790967	0.0008610806544311345	8.647250069770962e-05	True	0.010815534740686417	0.9126731753349304	0.0003655747277662158	0.0732036605477333	0.002552055986598134	7.832203118596226e-05	0.0002827767457347363	2.8948354156455025e-05
904853861378269184	All Tornado, Severe Thunderstorm, and Flash Flood warnings for the month of August:	data/processed/pro_crisismmd/images/data_image/hurricane_harvey/4_9_2017/904853861378269184_1.jpg	other_relevant_information	other_relevant_information	True	0.8984645903110504	0.8395199314691126	0.039443782530725	0.8984645903110504	0.00028228434621269116	0.05894465884193778	0.002452536835335195	0.00011773638834711164	0.000268245923507493	2.618774624352227e-05	False	True	0.12532852590084076	0.8558388352394104	3.2413201552117243e-05	0.0161676537245512	0.002153979381546378	0.0002359794598305598	0.000224653456825763	1.7905922504724003e-05	True	0.010815534740686417	0.9126731753349304	0.0003655747277662158	0.0732036605477333	0.002552055986598134	7.832203118596226e-05	0.0002827767457347363	2.8948354156455025e-05
904853861378269184	All Tornado, Severe Thunderstorm, and Flash Flood warnings for the month of August:	data/processed/pro_crisismmd/images/data_image/hurricane_harvey/4_9_2017/904853861378269184_2.jpg	other_relevant_information	other_relevant_information	True	0.8693798184394836	0.7917195707559586	0.04769159760326147	0.8693798184394836	0.0002892845795940957	0.07766024768352509	0.004193898930680007	0.00048223793783108704	0.0002703758545976598	3.257476510043489e-05	False	True	0.15831978619098663	0.7394997477531433	6.041413507773541e-05	0.09103000909090042	0.009119427762925625	0.0016939856577664614	0.00023317318118643016	4.345399793237448e-05	True	0.010815534740686417	0.9126731753349304	0.0003655747277662158	0.0732036605477333	0.002552055986598134	7.832203118596226e-05	0.0002827767457347363	2.8948354156455025e-05
904857819022852096	". took these pics of Uppie and Harvey and said, ""Uppie's wearing Harvey like a scarf."""	data/processed/pro_crisismmd/images/data_image/hurricane_harvey/5_9_2017/904857819022852096_0.jpg	not_humanitarian	not_humanitarian	True	0.7105863243341446	0.5584560946736019	0.7105863243341446	0.15213022966054268	0.009382061543874443	0.008871528538293205	0.06140822870656848	0.0001981153072847519	0.012572366977110505	0.04485119952005334	False	True	0.9748983979225159	0.0013609762536361814	0.001799070741981268	0.0003038886352442205	0.011038778349757195	0.00040897680446505547	0.009680194780230522	0.0005096598761156201	True	0.6224822998046875	0.20238664746284485	0.0119097251445055	0.0117274085059762	0.07819804549217224	0.00012782814155798405	0.0135364243760705	0.05963171273469925
904857819022852096	". took these pics of Uppie and Harvey and said, ""Uppie's wearing Harvey like a scarf."""	data/processed/pro_crisismmd/images/data_image/hurricane_harvey/5_9_2017/904857819022852096_1.jpg	not_humanitarian	not_humanitarian	True	0.704356387257576	0.552168923051795	0.704356387257576	0.152187464205781	0.009719814290292561	0.008990946662379429	0.06523341406136751	0.0002709590371523518	0.014168241759762168	0.04507283031125553	False	True	0.9499786496162415	0.0015899144345894456	0.003150081727653742	0.0007815611315891147	0.026339519768953323	0.0007003517239354551	0.016063693910837173	0.0013961830409243703	True	0.6224822998046875	0.20238664746284485	0.0119097251445055	0.0117274085059762	0.07819804549217224	0.00012782814155798405	0.0135364243760705	0.05963171273469925
904857819022852096	". took these pics of Uppie and Harvey and said, ""Uppie's wearing Harvey like a scarf."""	data/processed/pro_crisismmd/images/data_image/hurricane_harvey/5_9_2017/904857819022852096_2.jpg	not_humanitarian	not_humanitarian	True	0.7034585326910019	0.5511768450960517	0.7034585326910019	0.1522816875949502	0.010173097834922373	0.009279301099013537	0.06628123903647065	0.0002663447849045042	0.013228068361058831	0.0450318090734072	False	True	0.9463872313499451	0.0019668079912662506	0.004963215906172991	0.0019349788781255484	0.030530819669365883	0.0006818947149440646	0.012303000316023827	0.001232098089531064	True	0.6224822998046875	0.20238664746284485	0.0119097251445055	0.0117274085059762	0.07819804549217224	0.00012782814155798405	0.0135364243760705	0.05963171273469925
904864666941362176	"Specter_Quotes "" celebrity quote Harvey Suits"	data/processed/pro_crisismmd/images/data_image/hurricane_harvey/5_9_2017/904864666941362176_0.jpg	not_humanitarian	not_humanitarian	True	0.9463915973901749	0.9178463163552806	0.9463915973901749	0.028545281034894288	0.0019250551777076907	0.01634642161661759	0.0027905256138183177	0.00010092364209413063	0.002877525403164327	0.001022604075842537	False	True	0.9869731068611145	0.001142722088843584	0.0003610716958064586	0.0025576448533684015	0.0032657852862030268	0.00019989931024610996	0.004880542866885662	0.0006192547152750194	True	0.9328644275665283	0.03767946735024452	0.0024463830050081015	0.020942680537700653	0.0026321057230234146	6.793175271013752e-05	0.0022098529152572155	0.0011570538626983762
904865115979137025	uspoli Harvey Wall Reqd by Tandberg auspol	data/processed/pro_crisismmd/images/data_image/hurricane_harvey/5_9_2017/904865115979137025_0.jpg	not_humanitarian	not_humanitarian	True	0.4615078940987587	0.06734543316997588	0.4615078940987587	0.3941624609287828	0.01626531407237053	0.06606231001205742	0.05689950007945299	0.000494112289743498	0.004232903753290884	0.0003755107782126288	False	True	0.8418245911598206	0.001299976371228695	0.030028734356164932	0.013386321254074574	0.11146052926778793	0.0010027741082012653	0.0009439309942536056	5.3107691201148555e-05	True	0.3347356617450714	0.5251166224479675	0.011677507311105728	0.08362097293138504	0.03871249035000801	0.0003245583502575755	0.00532922800630331	0.0004829784738831222
904874425224503297	Updated link: Lost and found for Harvey victims. Please share!	data/processed/pro_crisismmd/images/data_image/hurricane_harvey/5_9_2017/904874425224503297_0.jpg	not_humanitarian	not_humanitarian	True	0.7102354615926743	0.47394278831779957	0.7102354615926743	0.001406311523169279	0.029481081408448517	0.0012979729144717567	0.02063268411438912	1.8595914013985748e-05	0.0006352677155518904	0.2362926732748747	False	True	0.2976287007331848	0.000526492833159864	0.006629884708672762	0.00042345942347310483	0.007574801798909903	6.635690806433558e-05	0.000831912097055465	0.6863184571266174	True	0.8477710485458374	0.0016995844198390841	0.037098146975040436	0.0015894774114713073	0.024985311552882195	2.675582663869136e-06	0.0005697195883840322	0.0862840786576271
904874532489527300	"They battled Harvey. Now Texas ""Dreamers"" face DACA's possible demise."	data/processed/pro_crisismmd/images/data_image/hurricane_harvey/5_9_2017/904874532489527300_0.jpg	not_humanitarian	not_humanitarian	True	0.8582386374473572	0.7759849987924099	0.8582386374473572	0.0030140963499434292	0.08225363865494728	0.002439320582197979	0.045242893509566784	0.0006559509473618164	0.004849002347327769	0.00330641840264434	False	True	0.7346934080123901	0.0019840325694531202	0.218812957406044	0.0014695253921672702	0.018753986805677414	0.0026110822800546885	0.009774778969585896	0.011900268495082855	True	0.8994203805923462	0.003357450943440199	0.03673386573791504	0.0027625856455415487	0.05407252907752991	4.240503130858997e-06	0.00320707680657506	0.00044180170516483486
904885278149619712	The impact of Hurricane Harvey overlaid on NC and SC via	data/processed/pro_crisismmd/images/data_image/hurricane_harvey/5_9_2017/904885278149619712_0.jpg	other_relevant_information	other_relevant_information	True	0.7712260186672211	0.6183032877743244	0.15292273089289665	0.7712260186672211	0.00589700612181332	0.05316305055748671	0.01074987929314375	0.0014587526238756254	0.004168655548710376	0.00041388082263438264	False	True	0.17642593383789062	0.8141056895256042	0.0004305973998270929	0.002120408695191145	0.0038620391860604286	0.0007861232734285295	0.0006761087570339441	0.0015930607914924622	True	0.145088329911232	0.75693279504776	0.007719142362475395	0.07017726451158524	0.013045825995504856	0.0016829624073579907	0.00533283781260252	2.08208330150228e-05
904886058608984064	HELP PEOPLE AFFECTED BY	data/processed/pro_crisismmd/images/data_image/hurricane_harvey/5_9_2017/904886058608984064_0.jpg	rescue_volunteering_or_donation_effort	not_humanitarian	False	0.6738189291208982	0.47341321408748627	0.6738189291208982	0.00020172437143628486	0.20040571503341198	0.0011393730728741502	0.12331412546336651	1.555226792504527e-05	0.0010412611009087414	6.327820278784202e-05	False	True	0.11625181883573532	0.0003366188902873546	0.5498303771018982	9.721269452711567e-05	0.3319927752017975	6.210419815033674e-05	0.0012083975598216057	0.00022066767269279808	True	0.8596746325492859	0.0001567595318192616	0.08393082767724991	0.001486759865656495	0.05375457555055618	3.495784994811402e-08	0.0009855489479377866	1.0815046152856667e-05
904890182180249601	Per Houston Chronicle- comparison of size/scale of Harvey flooding	data/processed/pro_crisismmd/images/data_image/hurricane_harvey/5_9_2017/904890182180249601_0.jpg	other_relevant_information	other_relevant_information	True	0.6958121359348297	0.5095224650576711	0.18628967087715864	0.6958121359348297	0.015872412175667705	0.07287274891859852	0.015776402549818158	0.006160669610835612	0.006728665342961904	0.0004873516591032967	False	True	0.03136032447218895	0.9631268978118896	0.0002204898773925379	0.0013468799879774451	0.0021338528022170067	0.0005095810629427433	0.0002215184213127941	0.001080546760931611	True	0.23793278634548187	0.6067072153091431	0.021089719608426094	0.09671470522880554	0.020323919132351875	0.008044365793466568	0.00889771431684494	0.0002896199584938586
904890182180249601	Per Houston Chronicle- comparison of size/scale of Harvey flooding	data/processed/pro_crisismmd/images/data_image/hurricane_harvey/5_9_2017/904890182180249601_1.jpg	other_relevant_information	other_relevant_information	True	0.6625559478998184	0.4458170421421528	0.21673890575766563	0.6625559478998184	0.015968312582117505	0.07319773704512045	0.016137086087837815	0.006374045187840238	0.0067477162592695095	0.0022802751482231542	False	True	0.15315726399421692	0.8301021456718445	0.0006040915031917393	0.0026468324940651655	0.0035765869542956352	0.0013630833709612489	0.0002977220865432173	0.008252240717411041	True	0.23793278634548187	0.6067072153091431	0.021089719608426094	0.09671470522880554	0.020323919132351875	0.008044365793466568	0.00889771431684494	0.0002896199584938586
904890182180249601	Per Houston Chronicle- comparison of size/scale of Harvey flooding	data/processed/pro_crisismmd/images/data_image/hurricane_harvey/5_9_2017/904890182180249601_2.jpg	other_relevant_information	other_relevant_information	True	0.6801913380622864	0.4794979393482208	0.20069339871406555	0.6801913380622864	0.01588650597841479	0.07368273090105504	0.015891928633209318	0.006226644720300101	0.00675562512333272	0.0006718649383401498	False	True	0.08897523581981659	0.9006437063217163	0.0002768650883808732	0.004586807917803526	0.0025959571357816458	0.000773481500800699	0.00032935754279606044	0.0018185998778790236	True	0.23793278634548187	0.6067072153091431	0.021089719608426094	0.09671470522880554	0.020323919132351875	0.008044365793466568	0.00889771431684494	0.0002896199584938586
904894089350565888	Tips on how you can help flood victims cope after Harvey:	data/processed/pro_crisismmd/images/data_image/hurricane_harvey/5_9_2017/904894089350565888_0.jpg	rescue_volunteering_or_donation_effort	rescue_volunteering_or_donation_effort	True	0.47997353971004486	0.1378980721347034	0.34207546757534146	0.0024685278185643256	0.47997353971004486	0.0010269170379615389	0.14724460989236832	2.8456165750867513e-05	0.011510650707350578	0.015671877335989848	False	True	0.016516895964741707	0.0009059030562639236	0.6894742250442505	0.00015099809388630092	0.18625758588314056	0.00010933890007436275	0.0449310764670372	0.0616539791226387	True	0.4505949914455414	0.002989402739331126	0.4101399779319763	0.0013188900193199515	0.1342402845621109	1.4952543097024318e-06	0.00037050878745503724	0.0003445100737735629
904894551814529024	texasstrong show your support- all proceeds go to the Harvey victims, Harveyrecovery	data/processed/pro_crisismmd/images/data_image/hurricane_harvey/5_9_2017/904894551814529024_0.jpg	rescue_volunteering_or_donation_effort	not_humanitarian	False	0.7736900299787521	0.6059470218606293	0.7736900299787521	0.002173691987991333	0.16774300811812282	0.0020345537341199815	0.04871342657133937	2.5879979489218385e-05	0.0026147108583245426	0.0030047020263737068	False	True	0.9446291327476501	0.00201545562595129	0.026094509288668633	0.003690904239192605	0.011224457994103432	9.223815868608654e-05	0.0017888193251565099	0.01046450063586235	True	0.7167103290557861	0.0022264374420046806	0.21495917439460754	0.0014824368990957737	0.061209749430418015	3.7605864235956687e-06	0.0028900080360472202	0.0005181024898774922
904898284573126657	McCarthy visits Hurricane Harvey survi.. Bakersfield 0	data/processed/pro_crisismmd/images/data_image/hurricane_harvey/5_9_2017/904898284573126657_0.jpg	not_humanitarian	affected_individuals	False	0.49403419345617294	0.19623868726193905	0.13222485035657883	0.04382883897051215	0.2977955061942339	0.003602968528866768	0.49403419345617294	0.00042572131133056246	0.00991530460305512	0.01817262775148265	False	True	0.27432602643966675	0.023530958220362663	0.06443250924348831	0.003984475042670965	0.5515528917312622	0.0014993598451837897	0.010610989294946194	0.07006272673606873	True	0.08485779166221619	0.05059479922056198	0.3755831718444824	0.0034757996909320354	0.4748612940311432	6.784180004615337e-05	0.009683409705758095	0.000875928089953959
904901725512925185	Is Hurricane Irma also heading for Texas?? HurricaneHarvey HurricaneIrma HoustonFloods	data/processed/pro_crisismmd/images/data_image/hurricane_harvey/5_9_2017/904901725512925185_0.jpg	other_relevant_information	not_humanitarian	False	0.6152309477329254	0.2511763349175453	0.6152309477329254	0.3640546128153801	0.006736112140060868	0.005281623161863536	0.004381093778647482	5.2782057764488854e-05	0.0002643592088134028	0.0039984939012356335	False	True	0.33217376470565796	0.6484948992729187	0.0003385249001439661	0.0019937886390835047	0.0010689124464988708	0.00018288959108758718	0.00010334828402847052	0.01564386859536171	True	0.7095833420753479	0.26924118399620056	0.008868641220033169	0.006377568002790213	0.00548515422269702	9.412879990122747e-06	0.0003180295170750469	0.00011670233652694151
904902342738411520	Now on news at 11 -- a labor of love in Sumter this LaborDay to help victims of HurricaneHarvey	data/processed/pro_crisismmd/images/data_image/hurricane_harvey/5_9_2017/904902342738411520_0.jpg	rescue_volunteering_or_donation_effort	rescue_volunteering_or_donation_effort	True	0.4860382676124573	0.20261570811271667	0.2133703997824341	0.009987884264774038	0.4860382676124573	0.001256390363778337	0.2834225594997406	5.715243742088205e-05	0.004416115116328001	0.0014512058405671269	False	True	0.011283972300589085	0.00011808450653916225	0.31312716007232666	7.654321234440431e-05	0.6732309460639954	0.00016447185771539807	0.0009852568618953228	0.0010135933989658952	True	0.28073254227638245	0.013277817517518997	0.5436753034591675	0.0016496727475896478	0.153486430644989	2.1379297322710045e-05	0.005559734534472227	0.001597076654434204
904906257466830848	Whoever appointed this loon needs to lose his or her job.	data/processed/pro_crisismmd/images/data_image/hurricane_harvey/5_9_2017/904906257466830848_0.jpg	not_humanitarian	not_humanitarian	True	0.9338180869817734	0.8897066119825467	0.9338180869817734	0.04411147499922663	0.0011204775655642152	0.00516830146079883	0.004976051452104002	0.00021368555761114294	0.0003304562305856962	0.010261452094709966	False	True	0.7773857116699219	0.16103066504001617	0.002222615061327815	0.003463406814262271	0.014018814079463482	0.0008491110638715327	0.0007224492146633565	0.04030722379684448	True	0.9859622120857239	0.0051384116522967815	0.0007530984003096819	0.005736599676311016	0.0019617972429841757	1.8770555243463605e-06	0.0001997919025598094	0.00024619486066512764
904907562679767040	Harvey TheDogNotTheStorm is filling a huge hole in our hearts.	data/processed/pro_crisismmd/images/data_image/hurricane_harvey/5_9_2017/904907562679767040_0.jpg	not_humanitarian	not_humanitarian	True	0.6963475793600082	0.5849103180662496	0.6963475793600082	0.06174472626298666	0.01802942916401662	0.027020585257560015	0.08291329443454742	0.00015815682945685694	0.0023489560117013752	0.11143726129375864	False	True	0.4649462103843689	0.004142496734857559	0.0016663173446431756	0.010644907131791115	0.07162021100521088	0.0005673827254213393	0.002737088594585657	0.4436754882335663	True	0.7734813690185547	0.0809454694390297	0.023483799770474434	0.032479144632816315	0.0866776555776596	2.1748197468696162e-05	0.0022195784840732813	0.0006911856471560895
904913854416617473	siren tests -everytime i hear them i think TORNADO -scary noises honestly	data/processed/pro_crisismmd/images/data_image/hurricane_harvey/5_9_2017/904913854416617473_0.jpg	not_humanitarian	not_humanitarian	True	0.7638736367225647	0.5456889541819692	0.7638736367225647	0.21818468254059553	0.0012579028552863747	0.009853690746240318	0.0012710913724731654	0.0003039628700207686	0.003855355200357735	0.001399646343998029	False	True	0.9465619325637817	0.03638751432299614	0.0009807385504245758	0.005584055092185736	0.001174744451418519	0.0009368451428599656	0.002987378742545843	0.005386818666011095	True	0.7029775381088257	0.27878373861312866	0.0013502909569069743	0.011276902630925179	0.0013032070128247142	9.300211240770295e-05	0.0041446806862950325	7.058890332700685e-05
904914304473980928	Sumter company plans to help Harvey victims with truckload of needed supplies	data/processed/pro_crisismmd/images/data_image/hurricane_harvey/5_9_2017/904914304473980928_0.jpg	rescue_volunteering_or_donation_effort	rescue_volunteering_or_donation_effort	True	0.6385781578719616	0.39185723662376404	0.10835724556818604	0.001388835644320352	0.6385781578719616	0.0009120621098190895	0.24672092124819756	6.773515997338109e-05	0.0028252413612790406	0.001149825839092955	False	True	0.010721782222390175	0.00010639549873303622	0.22268621623516083	5.349499042495154e-05	0.7636818289756775	0.00012306129792705178	0.0009833769872784615	0.0016439186874777079	True	0.14090240001678467	0.0018163156928494573	0.7772088050842285	0.0011982511496171355	0.07440061867237091	4.929311398882419e-05	0.003439196152612567	0.000985128222964704
904914523773009920	Plattsmouth church helps Kids Against Hunger deliver meals to Hurricane Harvey victims	data/processed/pro_crisismmd/images/data_image/hurricane_harvey/5_9_2017/904914523773009920_0.jpg	rescue_volunteering_or_donation_effort	rescue_volunteering_or_donation_effort	True	0.8075694590806961	0.6334485895931721	0.016428749077022076	0.00015079870900081005	0.8075694590806961	8.977881384453212e-05	0.17412086948752403	3.4415925256325863e-06	0.00020846178813371807	0.001428490606485866	False	True	0.01223401166498661	4.195779183646664e-05	0.7916368246078491	1.3998119356983807e-05	0.19576530158519745	6.4601922531437594e-06	0.00022650501341558993	7.49570899643004e-05	True	0.017826994881033897	0.00018707901472225785	0.8128803372383118	0.00011503904534038156	0.16690605878829956	2.4353926164621953e-06	0.00020244737970642745	0.0018796684453263879
904922399874977799	Duluth-donated supplies distributed inTexas for Hurricane Harvey...	data/processed/pro_crisismmd/images/data_image/hurricane_harvey/5_9_2017/904922399874977799_0.jpg	rescue_volunteering_or_donation_effort	rescue_volunteering_or_donation_effort	True	0.8244082480669022	0.7242886424064636	0.10011960566043854	0.001669811681495048	0.8244082480669022	0.0027431804373918567	0.06812353152781725	6.483726247097366e-05	0.0021050943396403454	0.0007657291389477905	False	True	0.2649323642253876	0.0007009157561697066	0.558115541934967	0.00022340870054904372	0.16619855165481567	0.00019673544738907367	0.007067026104778051	0.002565418602898717	True	0.04518201947212219	0.0019927769899368286	0.9131724834442139	0.0035831043496727943	0.03543185815215111	2.0871200831606984e-05	0.00045111708459444344	0.00016583265096414834
904923905604935680	All profits go for Harvey Relief djkinect djlife thoushaltturnithupith gymgirls gymlife	data/processed/pro_crisismmd/images/data_image/hurricane_harvey/5_9_2017/904923905604935680_0.jpg	not_humanitarian	not_humanitarian	True	0.7348194345831871	0.6088465470493247	0.7348194345831871	0.005047899088822305	0.08534618490375578	0.012729695881716907	0.026226592250168324	0.000794621063505474	0.009062711615115404	0.12597288753386238	False	True	0.4164913594722748	0.006390327587723732	0.002518855966627598	0.029899394139647484	0.024069741368293762	0.0031335833482444286	0.013978352770209312	0.5035183429718018	True	0.8409287929534912	0.00460042292252183	0.11295529454946518	0.007006463129073381	0.02694554254412651	1.4966968592489138e-05	0.007424164563417435	0.00012440238788258284
904925838839169028	Remnants of Harvey Spawn Tornadoes, Floods Across Deep South	data/processed/pro_crisismmd/images/data_image/hurricane_harvey/5_9_2017/904925838839169028_0.jpg	infrastructure_and_utility_damage	not_humanitarian	False	0.6264944523572922	0.405683855060488	0.6264944523572922	0.09495059703476727	0.016738456208258867	0.2208105972968042	0.02649996243417263	0.0011048266605939716	0.003524899249896407	0.009876210895527038	False	True	0.8477138876914978	0.008875099010765553	0.005903875455260277	0.028474679216742516	0.06179916858673096	0.0017283294582739472	0.006176725961267948	0.039328232407569885	True	0.5527546405792236	0.12364242970943451	0.020349983125925064	0.2849225699901581	0.014733560383319855	0.0008969923947006464	0.00264095701277256	5.8870391512755305e-05
904927079640178688	Extreme Hurricane Harvey Video from Aransas County, TX - 8/25/2017	data/processed/pro_crisismmd/images/data_image/hurricane_harvey/5_9_2017/904927079640178688_0.jpg	not_humanitarian	other_relevant_information	False	0.5492610707879066	0.42106410348787904	0.10281968768686056	0.5492610707879066	0.1281969673000276	0.08176688104867935	0.04629142954945564	0.07846805755980313	0.01027662807609886	0.0029192157089710236	False	True	0.2518167197704315	0.29133352637290955	0.006798973307013512	0.09780718386173248	0.058525219559669495	0.2867533564567566	0.0010906611569225788	0.005874349270015955	True	0.05315401032567024	0.635236918926239	0.16866296529769897	0.07642011344432831	0.042213499546051025	0.009039624594151974	0.01333861704915762	0.001934171188622713
904927525993943040	Harvey: babe come over Irma: I can't, South Carolina is dry Harvey: Florida is prone to flooding Irma:	data/processed/pro_crisismmd/images/data_image/hurricane_harvey/5_9_2017/904927525993943040_0.jpg	other_relevant_information	other_relevant_information	True	0.8133049458265305	0.6712750848382711	0.14202986098825932	0.8133049458265305	0.008317883082781918	0.006533462088555098	0.010442264494486153	0.001436381058738334	0.001084474439267069	0.01685072237160057	False	True	0.4804258942604065	0.46013951301574707	0.0008102765423245728	0.004012389574199915	0.007638426031917334	0.0001276454859180376	0.00040294905193150043	0.04644288867712021	True	0.029231183230876923	0.9310267567634583	0.0108204185962677	0.0073738195933401585	0.011376877315342426	0.001872626249678433	0.0013116495683789253	0.006986666936427355
904943410880098305	John Besh delivers hot bowls of gumbo and red beans to Harvey evacuees	data/processed/pro_crisismmd/images/data_image/hurricane_harvey/5_9_2017/904943410880098305_0.jpg	rescue_volunteering_or_donation_effort	rescue_volunteering_or_donation_effort	True	0.7624516263604164	0.5425818525254726	0.015576863010210218	6.94378350090119e-05	0.7624516263604164	3.877277822539327e-05	0.21986977383494377	6.58778180167019e-05	0.000723536704754224	0.0012041075606248342	False	True	0.061725251376628876	0.00012178172619314864	0.48742321133613586	9.930590749718249e-05	0.4435284435749054	0.00026066889404319227	0.0023304265923798084	0.004510937724262476	True	0.0001940668880706653	5.1989871280966327e-05	0.8541277647018433	1.8595068468130194e-05	0.14531688392162323	9.474593412051036e-07	0.0001879067422123626	0.00010183083941228688
904950508653293568	Gamers to raise money for Harvey victims through video game marathon gamers gaming	data/processed/pro_crisismmd/images/data_image/hurricane_harvey/5_9_2017/904950508653293568_0.jpg	not_humanitarian	rescue_volunteering_or_donation_effort	False	0.46611886471509933	0.018824197351932526	0.4472946673631668	0.021431497996672988	0.46611886471509933	0.00842901269061258	0.046807377599179745	3.531222500896547e-05	0.004792115010786802	0.005091211409308016	False	True	0.47006720304489136	0.0038495948538184166	0.4938313364982605	0.000288177136098966	0.02280719205737114	0.00010828844096977264	0.00033554178662598133	0.00871272198855877	True	0.4397038221359253	0.02729213237762451	0.4568813741207123	0.011142624542117119	0.05480743944644928	1.0986819688696414e-05	0.006277639418840408	0.003884041216224432
904954911879823362	Harvey Unwind Evaporates Gasoline, Condensing Crude.	data/processed/pro_crisismmd/images/data_image/hurricane_harvey/5_9_2017/904954911879823362_0.jpg	not_humanitarian	other_relevant_information	False	0.7562698870897293	0.545473862439394	0.2107960246503353	0.7562698870897293	0.0004739818687085062	0.029001737013459206	0.001644017596845515	0.0004895701422356069	0.0011928087624255568	0.00013197171210777014	False	True	0.1535976380109787	0.8282214403152466	0.0007577739888802171	0.01419026032090187	0.0009410471539013088	0.0005961203714832664	0.001241590129211545	0.0004539813380688429	True	0.22986215353012085	0.7322860360145569	0.00037938449531793594	0.03393889591097832	0.0018783410778269172	0.00045405339915305376	0.0011765483068302274	2.4635170120745897e-05
904955677713498116	The GOES-16 imagery of Hurricane Harvey is just astounding.	data/processed/pro_crisismmd/images/data_image/hurricane_harvey/5_9_2017/904955677713498116_0.jpg	other_relevant_information	not_humanitarian	False	0.524282231926918	0.07702739536762238	0.524282231926918	0.44725483655929565	0.011076629496528767	0.009149136603809893	0.0048225068603642285	0.00015585072469548322	0.0014358706102939323	0.0018229170964332297	False	True	0.6038875579833984	0.38265910744667053	0.0008562071598134935	0.0028865071944892406	0.0033671397250145674	0.0005230605602264404	0.00024340819800272584	0.0055769882164895535	True	0.49774712324142456	0.46878674626350403	0.014483436942100525	0.01123667974025011	0.0053076292388141155	3.3447446185164154e-05	0.0018333580810576677	0.0005715600564144552
904955849487126528	Hurricane Harvey's devastation is close to home.	data/processed/pro_crisismmd/images/data_image/hurricane_harvey/5_9_2017/904955849487126528_0.jpg	infrastructure_and_utility_damage	not_humanitarian	False	0.5512905269861221	0.3489934215322137	0.5512905269861221	0.027619433967629448	0.020309142768383026	0.19526230634073727	0.20229710545390844	0.0017606616506782302	0.0009246125409845263	0.0005362028591662238	False	True	0.25270938873291016	0.001586263650096953	0.05532616376876831	0.0007348990766331553	0.6800028085708618	0.00697170989587903	0.0005938903195783496	0.002074844902381301	True	0.6508175730705261	0.036297157406806946	0.008636802434921265	0.260104775428772	0.04306187108159065	2.3645568944630213e-05	0.0010348532814532518	2.332217809453141e-05
904958266454687745	Fresno Sikh community raises massive amount of aid for Hurricane Harvey victims:	data/processed/pro_crisismmd/images/data_image/hurricane_harvey/5_9_2017/904958266454687745_0.jpg	rescue_volunteering_or_donation_effort	rescue_volunteering_or_donation_effort	True	0.6142284739762545	0.2429239023476839	0.00825281417928636	0.0029128470978321275	0.6142284739762545	0.0007891106852184748	0.37130457162857056	1.7330474975096877e-05	0.0006741671822965145	0.0018206995446234941	False	True	0.016741443425416946	3.53167051798664e-05	0.11603278666734695	9.055979171535e-05	0.8621101975440979	9.738388143887278e-06	0.0006791142513975501	0.0043008411303162575	True	0.005423271097242832	0.003872023895382881	0.7802937030792236	0.0010219609830528498	0.20770269632339478	1.9861170585500076e-05	0.000672518159262836	0.0009939856827259064
904962737025024004	Weeklies, Sept. 5, 2017: HurricaneHarvey billdeblasio	data/processed/pro_crisismmd/images/data_image/hurricane_harvey/5_9_2017/904962737025024004_0.jpg	not_humanitarian	not_humanitarian	True	0.8994957506656647	0.8402676047990099	0.8994957506656647	0.005637351714540273	0.022981389774940908	0.002313100063474849	0.05922814586665481	0.009046736382742893	0.0012464209430618212	5.113395832267997e-05	False	True	0.6597954034805298	0.0024982013273984194	0.07146717607975006	0.0010464737424626946	0.2280050665140152	0.036160580813884735	0.0008405846892856061	0.00018648890545591712	True	0.979395866394043	0.006683735176920891	0.00681946100667119	0.002735308837145567	0.002969172317534685	8.7882390289451e-06	0.0013816996943205595	6.015642611600924e-06
904962737025024004	Weeklies, Sept. 5, 2017: HurricaneHarvey billdeblasio	data/processed/pro_crisismmd/images/data_image/hurricane_harvey/5_9_2017/904962737025024004_1.jpg	not_humanitarian	not_humanitarian	True	0.9754420518875122	0.9693225269438699	0.9754420518875122	0.005429704004200175	0.005585168342804536	0.005079961963929236	0.006119524943642318	0.00022245415880206565	0.0020521426922641695	6.903630651322601e-05	False	True	0.9635806083679199	0.0016676104860380292	0.001882290351204574	0.012113921344280243	0.015570582821965218	0.0008634519181214273	0.004063471686094999	0.00025809829821810126	True	0.979395866394043	0.006683735176920891	0.00681946100667119	0.002735308837145567	0.002969172317534685	8.7882390289451e-06	0.0013816996943205595	6.015642611600924e-06
904966999847165956	Tropical Storm Harvey Just Made A SECONDLandfall	data/processed/pro_crisismmd/images/data_image/hurricane_harvey/5_9_2017/904966999847165956_0.jpg	other_relevant_information	not_humanitarian	False	0.7505430281162262	0.5315804071724415	0.7505430281162262	0.2189626209437847	0.008258785353973508	0.006604927941225469	0.011702136136591434	2.7835402988785063e-05	0.0005358785419957712	0.003364763432273321	False	True	0.5565857887268066	0.3902052938938141	0.004713017493486404	0.005540748592466116	0.02863423153758049	0.00010038655454991385	0.0008092248463071883	0.013411330059170723	True	0.8151954412460327	0.1618817299604416	0.009440707974135876	0.00695965439081192	0.006058104336261749	3.6516858017421328e-06	0.0004447631072252989	1.5907889974187128e-05
904968610648657920	4-year-old waves flag for National Guardsmen who helped during HurricaneHarvey >>>	data/processed/pro_crisismmd/images/data_image/hurricane_harvey/5_9_2017/904968610648657920_0.jpg	rescue_volunteering_or_donation_effort	rescue_volunteering_or_donation_effort	True	0.4239457733929157	0.1332796812057495	0.2906660921871662	0.015599233287503012	0.4239457733929157	0.0029023246315773576	0.24729840457439423	0.00045481313827622216	0.003336277288326528	0.015797048341482878	False	True	0.6421177387237549	0.0008057866361923516	0.04011322557926178	0.00151462119538337	0.309075266122818	0.001775982091203332	0.0003901080635841936	0.004207288846373558	True	0.17351554334163666	0.02053038217127323	0.551889955997467	0.0033648924436420202	0.2267061173915863	1.44234873005189e-05	0.004318333696573973	0.019660301506519318
904970123970322432	New York Publishers Offer Help to Hurricane Harvey Victims OutskirtsPress harvey booknews	data/processed/pro_crisismmd/images/data_image/hurricane_harvey/5_9_2017/904970123970322432_0.jpg	rescue_volunteering_or_donation_effort	not_humanitarian	False	0.5748827457427979	0.26991693302989006	0.5748827457427979	0.0019165443372912705	0.3049658127129078	0.0024961479648482054	0.11185437999665737	0.0010718024843754392	0.00209827815706376	0.0007142378508433467	False	True	0.1647760272026062	0.0019046334782615304	0.707869827747345	0.0013249927433207631	0.11082074046134949	0.004271542187780142	0.006269285921007395	0.0027629761025309563	True	0.7115849852561951	0.0019205146236345172	0.1706644743680954	0.0028865330386906862	0.11219892650842667	5.22258324053837e-06	0.0007079422357492149	3.132510028081015e-05
904970921034878977	Polyethylene prices soar as Hurricane Harvey knocks out more than half US ethylene supply	data/processed/pro_crisismmd/images/data_image/hurricane_harvey/5_9_2017/904970921034878977_0.jpg	other_relevant_information	not_humanitarian	False	0.6816273480653763	0.4864027425646782	0.6816273480653763	0.1952246055006981	0.05091590667143464	0.03471733257174492	0.035350204445421696	0.00014705796820635442	0.000958004136919044	0.0010594790282993927	False	True	0.5801964402198792	0.38462698459625244	0.005059974268078804	0.00953979417681694	0.015194356441497803	0.0003289680171292275	0.0009089154773391783	0.004144500009715557	True	0.715437650680542	0.1320904791355133	0.06620121747255325	0.043109845370054245	0.04206882044672966	8.642128523206338e-05	0.0009743670234456658	3.113870116067119e-05
904979192525316096	Hilton among global companies that are donating $1 million or more to Harvey relief efforts	data/processed/pro_crisismmd/images/data_image/hurricane_harvey/5_9_2017/904979192525316096_0.jpg	rescue_volunteering_or_donation_effort	rescue_volunteering_or_donation_effort	True	0.7540949285030365	0.6263049487024546	0.11372722685337067	0.0013659448450198397	0.7540949285030365	0.0014107870301813819	0.12778997980058193	0.0001994775059301901	0.0011423917967476882	0.00026927353246719576	False	True	0.05073992908000946	0.000624225998762995	0.5547834634780884	0.00037674038321711123	0.3887229561805725	0.0007927576662041247	0.003251443849876523	0.000708472216501832	True	0.1347229927778244	0.001613184460438788	0.8205320835113525	0.0017554692458361387	0.04081232100725174	1.717452505545225e-06	0.00043937444570474327	0.00012287397112231702
904995076136370176	We're live! Come join us at The Clinical School William Harvey lecture theatre CSPostdocDay	data/processed/pro_crisismmd/images/data_image/hurricane_harvey/5_9_2017/904995076136370176_0.jpg	not_humanitarian	not_humanitarian	True	0.5404325798153877	0.3536382685415447	0.5404325798153877	0.039670654805377126	0.18679431127384305	0.02164716483093798	0.08105813432484865	0.0003754925237444695	0.10495304875075817	0.025068679242394865	False	True	0.7296333909034729	0.007899546064436436	0.01881873793900013	0.006812666542828083	0.17305207252502441	0.00022228241141419858	0.05683352053165436	0.0067277769558131695	True	0.477365642786026	0.05026102438569069	0.24278616905212402	0.02659199759364128	0.0503934882581234	0.00042656256118789315	0.12099289149045944	0.031182313337922096
904997956486496258	Fossil fuel didnt cause Hurricane Harvey Its saving lives (video)	data/processed/pro_crisismmd/images/data_image/hurricane_harvey/5_9_2017/904997956486496258_0.jpg	other_relevant_information	not_humanitarian	False	0.7135937660932541	0.6193482158705592	0.7135937660932541	0.09424555022269487	0.08393974765203893	0.03933460498228669	0.046717905439436436	0.01589680118195247	0.005535875621717423	0.0007357061513175722	False	True	0.8176047801971436	0.031657446175813675	0.010808966122567654	0.020901018753647804	0.05206901580095291	0.06282980740070343	0.001907013589516282	0.002221862319856882	True	0.6789234280586243	0.11510825157165527	0.10831667482852936	0.04547913372516632	0.04493420198559761	0.0002524657757021487	0.006745496299117804	0.00024032076180446893
904998507609776128	Skeptics, PJ Harvey and Skeptics from Ali	data/processed/pro_crisismmd/images/data_image/hurricane_harvey/5_9_2017/904998507609776128_0.jpg	not_humanitarian	not_humanitarian	True	0.7721339166164398	0.6975746797397733	0.7721339166164398	0.015109720348846167	0.028120572911575437	0.07357219327241182	0.07455923687666655	0.0007631162807228975	0.029411339201033115	0.006329890275083017	False	True	0.7406182289123535	0.0025932721327990294	0.012685676105320454	0.02050172910094261	0.14670710265636444	0.002263864502310753	0.050629738718271255	0.02400033362209797	True	0.7826391458511353	0.019281869754195213	0.03326553851366043	0.0912623479962349	0.050509948283433914	0.0002628668735269457	0.022338539361953735	0.0004397424927446991
904999126428987392	Harvey: Another Storm of the Century Counterpunch	data/processed/pro_crisismmd/images/data_image/hurricane_harvey/5_9_2017/904999126428987392_0.jpg	other_relevant_information	not_humanitarian	False	0.7616826221346855	0.5654148422181606	0.7616826221346855	0.1962677799165249	0.02036969130858779	0.010022213100455701	0.008215552428737283	6.289347379606625e-05	0.001482176419813186	0.0018971272465932998	False	True	0.4387376606464386	0.5259607434272766	0.004213275387883186	0.006284578237682581	0.016049304977059364	0.00020746082009281963	0.001004902645945549	0.007542097941040993	True	0.8693309426307678	0.08637012541294098	0.02575516328215599	0.011268091388046741	0.005604301579296589	1.4704358363815118e-05	0.001641267677769065	1.5470348444068804e-05
905001229998313476	How I Made My First 1000 Dollar on Clickbank entrepreneur seo Harvey SmallBusiness	data/processed/pro_crisismmd/images/data_image/hurricane_harvey/5_9_2017/905001229998313476_0.jpg	not_humanitarian	not_humanitarian	True	0.9487418830394745	0.9277246352285147	0.9487418830394745	0.021017247810959816	0.008824702119454741	0.013376790331676602	0.005360801820643246	0.0009501510635345767	0.0005691325859515928	0.0011593241360969841	False	True	0.95982825756073	0.00172371044754982	0.007736369967460632	0.014489628374576569	0.009648381732404232	0.00375860882923007	0.0009398644906468689	0.001875107060186565	True	0.9450464248657227	0.02744842693209648	0.009187479503452778	0.013005844317376614	0.0039316085167229176	1.39984749694122e-05	0.0004455552843865007	0.0009207298280671239
905001603345862656	HappeningToday: Tracking Irma; Hurricane Harvey relief efforts; Eat Fit BR campaign	data/processed/pro_crisismmd/images/data_image/hurricane_harvey/5_9_2017/905001603345862656_0.jpg	other_relevant_information	rescue_volunteering_or_donation_effort	False	0.44287029787665233	0.15820985421305522	0.2846604436635971	0.21055241581052542	0.44287029787665233	0.012121113715693355	0.04396928288042545	8.138083649100736e-05	0.002044637963990681	0.003700437766383402	False	True	0.2991735637187958	0.6670097708702087	0.0018630379345268011	0.0076112160459160805	0.010663013905286789	0.00020926979777868837	0.0005208136863075197	0.012949422933161259	True	0.2798227369785309	0.05839996412396431	0.5898727178573608	0.013624412938952446	0.05507137253880501	3.875118272844702e-05	0.002552579389885068	0.0006174427107907832
905003296448028672	"LSU: ""Tornado warning, seek shelter immediately"" Me: ""So I don't have to go to class then?"" LSU:"	data/processed/pro_crisismmd/images/data_image/hurricane_harvey/5_9_2017/905003296448028672_0.jpg	not_humanitarian	other_relevant_information	False	0.5372346248477697	0.1816206742078066	0.35561395063996315	0.5372346248477697	0.003977250540629029	0.003556582669261843	0.06493434496223927	0.0007164689059209195	0.011664898367598653	0.022301898861769587	False	True	0.8421626091003418	0.0024726614356040955	0.004801720380783081	0.004714310169219971	0.05293003469705582	0.00277318200096488	0.01017653290182352	0.07996893674135208	True	0.1934310644865036	0.715488612651825	0.0037024272605776787	0.0031706735026091337	0.06893578171730042	3.089787423959933e-05	0.012161020189523697	0.0030795529019087553
905007668015894528	Harvey Nichols creates Japanese pop-up with menswear brand Beams experiential marketing	data/processed/pro_crisismmd/images/data_image/hurricane_harvey/5_9_2017/905007668015894528_0.jpg	not_humanitarian	not_humanitarian	True	0.6924653463065624	0.587407453567721	0.6924653463065624	0.034706732141785324	0.06799798645079136	0.01220084447413683	0.10505789273884147	0.00013538816074287752	0.018392954021692276	0.0690429395326646	False	True	0.19506286084651947	0.007241364102810621	0.06561274826526642	0.03283853456377983	0.4012604057788849	0.0005190637893974781	0.022300206124782562	0.2751648724079132	True	0.8582661747932434	0.04386185482144356	0.06879306584596634	0.005321614444255829	0.0063237217254936695	7.496284524677321e-06	0.017090536653995514	0.0003356285742484033
905010798908645378	Jarrettsville Community Comes Together For Harvey Flood Victims	data/processed/pro_crisismmd/images/data_image/hurricane_harvey/5_9_2017/905010798908645378_0.jpg	rescue_volunteering_or_donation_effort	rescue_volunteering_or_donation_effort	True	0.542198434472084	0.23490013182163239	0.13874696381390095	0.002544604940339923	0.542198434472084	0.006818579320679419	0.30729830265045166	2.1450226768138236e-05	0.001759579114150256	0.0006121187761891633	False	True	0.21972529590129852	0.0013124889228492975	0.34128832817077637	0.00044690462527796626	0.4342614710330963	4.855720544583164e-05	0.0011060056276619434	0.0018109548836946487	True	0.11175418645143509	0.0029553102795034647	0.6091684699058533	0.008942470885813236	0.26497724652290344	1.2414567208907101e-05	0.0019774369429796934	0.00021250674035400152
905017895914229760	Congress returns to a bruising agenda of must-do items and deepening discord Harvey	data/processed/pro_crisismmd/images/data_image/hurricane_harvey/5_9_2017/905017895914229760_0.jpg	not_humanitarian	not_humanitarian	True	0.8693045675754547	0.8140431013889611	0.8693045675754547	0.01923134899698198	0.016276953858323395	0.014734122843947262	0.055261466186493635	0.001369624874797637	0.004664557665819302	0.01915734440763117	False	True	0.5614861249923706	0.04050932079553604	0.05238392576575279	0.05167645215988159	0.19441691040992737	0.005476524122059345	0.017485912889242172	0.07656478881835938	True	0.9719107151031494	0.01213869173079729	0.0042412965558469296	0.0024200130719691515	0.008876318112015724	6.584590437341831e-07	0.0003907725913450122	2.1529604055103846e-05
905019187545874432	Hurricane Harvey Full Radar Loop - Houston, TX KHGX Long Loop	data/processed/pro_crisismmd/images/data_image/hurricane_harvey/5_9_2017/905019187545874432_0.jpg	other_relevant_information	other_relevant_information	True	0.9707600772380829	0.953207868791651	0.017552208446431905	0.9707600772380829	0.0053723928722320125	0.004085048916749656	0.0006436072435462847	0.0004151582470512949	0.00068392562752706	0.00048756744217826054	False	True	0.06367967277765274	0.9251320362091064	0.0009633662994019687	0.008497742004692554	0.0009588876855559647	0.0003853764501400292	9.435998799744993e-05	0.00028854995616711676	True	0.0021763870026916265	0.9859694242477417	0.006842068396508694	0.00261415122076869	0.0005385137628763914	0.00042508551268838346	0.0008804475073702633	0.0005539066041819751
905019517188792320	150 students from 7 colleges assist Chabad with 'Harvey' aid via	data/processed/pro_crisismmd/images/data_image/hurricane_harvey/5_9_2017/905019517188792320_0.jpg	rescue_volunteering_or_donation_effort	rescue_volunteering_or_donation_effort	True	0.7948417812585831	0.6449549533426762	0.053524887189269066	0.0005599812138825655	0.7948417812585831	0.00020389544806675985	0.1498868279159069	3.708231162136144e-06	0.0008276876033050939	0.00015113998597371392	False	True	0.05511164292693138	7.803190965205431e-05	0.6680294871330261	6.518964073620737e-05	0.2759998142719269	9.176102139463183e-06	0.0005439590895548463	0.000162676049512811	True	0.052995968610048294	0.0007206309819594026	0.837112545967102	0.000250130717176944	0.10784916579723358	1.8856075030271313e-06	0.0009222637745551765	0.00014729463146068156
905024501200642048	Power of local broadcasting shined through the dark clouds of HurricaneHarvey TVNews	data/processed/pro_crisismmd/images/data_image/hurricane_harvey/5_9_2017/905024501200642048_0.jpg	not_humanitarian	not_humanitarian	True	0.7942095100879669	0.6886792182922363	0.7942095100879669	0.10553029179573059	0.03126179985702038	0.05275912582874298	0.009530533570796251	0.0006173998797862623	0.0014762670907657593	0.004615056450347765	False	True	0.7566702961921692	0.0352778285741806	0.005858849734067917	0.16325080394744873	0.01607534848153591	0.002462426433339715	0.002300010761246085	0.018104342743754387	True	0.8067225813865662	0.12894777953624725	0.03972944989800453	0.015928566455841064	0.007348928600549698	2.391028601778089e-06	0.0012016858672723174	0.0001186276858788915
905025250286596096	Harvey Norman : International Brands Furniture Fair @ IPC Shopping Centre	data/processed/pro_crisismmd/images/data_image/hurricane_harvey/5_9_2017/905025250286596096_0.jpg	not_humanitarian	not_humanitarian	True	0.8398573100566864	0.7943263053894043	0.8398573100566864	0.03291391162201762	0.031561212381348014	0.045531004667282104	0.02324781008064747	0.001245484767423477	0.022654991480521858	0.0029882508679293096	False	True	0.9092465043067932	0.0031989682465791702	0.011085602454841137	0.04010456055402756	0.021459955722093582	0.004291311372071505	0.007298388984054327	0.0033147090580314398	True	0.8167275786399841	0.04281889274716377	0.03838641569018364	0.04733981937170029	0.023843761533498764	0.00023020923254080117	0.027773858979344368	0.0028794314712285995
905033828095455236	Bumper to bumper traffic in to Beaumont....normally not backed up here in Lumberton Harvey	data/processed/pro_crisismmd/images/data_image/hurricane_harvey/5_9_2017/905033828095455236_0.jpg	not_humanitarian	not_humanitarian	True	0.5801613107323647	0.3307023122906685	0.5801613107323647	0.0416792850010097	0.014184173371177167	0.06985754054039717	0.030916411196812987	0.24945899844169617	0.010084833775181323	0.0036574487676261924	False	True	0.26380524039268494	0.015017734840512276	0.0035542163532227278	0.020984750241041183	0.00967556145042181	0.6695613265037537	0.0031504651997238398	0.014250733889639378	True	0.6856133341789246	0.05056646838784218	0.01772749237716198	0.0861484706401825	0.037996694445610046	0.109424889087677	0.012396289967000484	0.0001263537269551307
905036678913392645	Woman donates 30 litres of breast milk to Texas flood victims	data/processed/pro_crisismmd/images/data_image/hurricane_harvey/5_9_2017/905036678913392645_0.jpg	rescue_volunteering_or_donation_effort	rescue_volunteering_or_donation_effort	True	0.6998695023357868	0.49385737627744675	0.08150463690981269	0.0003432564226386603	0.6998695023357868	0.000480543814774137	0.20601212605834007	0.0004306332320425099	0.008207662336644717	0.00315171288093552	False	True	0.2656632959842682	0.00024166791990865022	0.13317431509494781	0.000750577193684876	0.5614247918128967	0.0017172953812405467	0.030478769913315773	0.006549301091581583	True	0.020118417218327522	0.000377119256881997	0.8887678980827332	0.00039053268847055733	0.08754123747348785	1.7458489764976548e-06	0.0007839598110876977	0.0020191834773868322
905036991644958720	AZ-TF1 has been demobilized from Harvey. We're heading home.	data/processed/pro_crisismmd/images/data_image/hurricane_harvey/5_9_2017/905036991644958720_0.jpg	not_humanitarian	not_humanitarian	True	0.6964661739766598	0.5306685667019337	0.6964661739766598	0.03848306171130389	0.16579760727472603	0.00942488217697246	0.05023930687457323	0.009487120012181549	0.025505520294245798	0.0045962830845383	False	True	0.12637130916118622	0.005979787092655897	0.6394748091697693	0.0004632759082596749	0.07142648100852966	0.03790900483727455	0.10129652172327042	0.017078829929232597	True	0.8864977955818176	0.049317486584186554	0.007905206643044949	0.012412084266543388	0.04317691549658775	1.3158403817215003e-05	0.0002418531512375921	0.000435434136306867
905037874403389441	Steve (Harvey) meets a lady named (Irma)	data/processed/pro_crisismmd/images/data_image/hurricane_harvey/5_9_2017/905037874403389441_0.jpg	not_humanitarian	not_humanitarian	True	0.8033519238233566	0.7161359693855047	0.8033519238233566	0.020142383640632033	0.03774443018482998	0.0036556275299517438	0.0872159544378519	9.906540685733489e-05	0.005620630050543696	0.04216999281197786	False	True	0.9508873224258423	0.01108559686690569	0.00153641146607697	0.0005454627680592239	0.00714140385389328	0.00035659852437675	0.0033597250003367662	0.025087520480155945	True	0.7541734576225281	0.02316131256520748	0.04981376975774765	0.00469234911724925	0.11390747129917145	1.3221034350863192e-05	0.006374265067279339	0.0478641502559185
905042037958955008	Let's make Friday FoodTruck day at mega shelter 7000 Metropolis ATX HurricaneHarvey Who's in?	data/processed/pro_crisismmd/images/data_image/hurricane_harvey/5_9_2017/905042037958955008_0.jpg	not_humanitarian	not_humanitarian	True	0.6843242645263672	0.43655597302131355	0.6843242645263672	0.0023200398427434266	0.24776829150505364	0.0011575139069464058	0.03349316352978349	0.024240413258667104	0.0016375899722333997	0.005058755778009072	False	True	0.8421454429626465	0.0015503382310271263	0.01157254446297884	0.002320940839126706	0.026165151968598366	0.09543808549642563	0.0016995985060930252	0.01910790614783764	True	0.6317172050476074	0.00257660704664886	0.32650020718574524	0.0007697049295529723	0.03593583405017853	0.000507855846080929	0.001616920460946858	0.000375705654732883
905042336727658496	Listening to our friend Rafferty Laredo OTR share resources for Hurricane Harvey	data/processed/pro_crisismmd/images/data_image/hurricane_harvey/5_9_2017/905042336727658496_1.jpg	other_relevant_information	not_humanitarian	False	0.8945629894733429	0.8346980269998312	0.8945629894733429	0.0031115240417420864	0.059864962473511696	0.0003866860715788789	0.027061609085649252	5.234627933958791e-05	0.0024131581412802916	0.012546736921649426	False	True	0.8078697919845581	0.004535607993602753	0.08823522925376892	0.0005177622078917921	0.0417134091258049	0.0002086393506033346	0.00919357594102621	0.04772597551345825	True	0.9234607219696045	0.0026368293911218643	0.05040820688009262	0.0003429940261412412	0.022177675738930702	2.4858891833901e-07	0.00015301887469831854	0.000820324057713151
905048136602853376	From Harvey to Irma, from cotton to orange juice	data/processed/pro_crisismmd/images/data_image/hurricane_harvey/5_9_2017/905048136602853376_0.jpg	not_humanitarian	not_humanitarian	True	0.8524065762758255	0.7223145859315991	0.8524065762758255	0.13009199034422636	0.004936589044518769	0.006081847124733031	0.00376233016140759	0.0007957436150718422	0.0013241810556792188	0.0006007438626056683	False	True	0.4746206998825073	0.4833138585090637	0.003468457143753767	0.019454732537269592	0.008546349592506886	0.0031800679862499237	0.0050561618991196156	0.0023596540559083223	True	0.9783352017402649	0.012351367622613907	0.005425966344773769	0.0016242186538875103	0.0021676570177078247	9.688246791483834e-07	8.01874411990866e-05	1.4440464838116895e-05
905050995046141953	Former Moore resident describes damage to home after Hurricane Harvey	data/processed/pro_crisismmd/images/data_image/hurricane_harvey/5_9_2017/905050995046141953_0.jpg	infrastructure_and_utility_damage	not_humanitarian	False	0.4278058335185051	0.1683611236512661	0.4278058335185051	0.04546895017847419	0.010113392025232315	0.259444709867239	0.23696832731366158	0.008402278635912808	0.006432110560126603	0.005364359109080397	False	True	0.6399636268615723	0.11375150829553604	0.012451652437448502	0.13100935518741608	0.06798912584781647	0.03327957168221474	0.0012819929979741573	0.0002731778076849878	True	0.35708656907081604	0.022708097472786903	0.00933397188782692	0.3022564947605133	0.2932947278022766	0.00010984762047883123	0.008148816414177418	0.007061419542878866
905051421514506241	Meet families receiving Red Cross donations in Harvey's wake	data/processed/pro_crisismmd/images/data_image/hurricane_harvey/5_9_2017/905051421514506241_0.jpg	rescue_volunteering_or_donation_effort	rescue_volunteering_or_donation_effort	True	0.5509966472163796	0.25036120507866144	0.12029881216585636	0.0003538782875693869	0.5509966472163796	0.0003561258163244929	0.3006354421377182	3.922701569791798e-06	0.02595214534085244	0.0014030331949470565	False	True	0.10468816012144089	0.00023654389951843768	0.008467260748147964	0.00012827511818613857	0.8017979264259338	1.4984448171162512e-05	0.08114956319332123	0.003517212811857462	True	0.12550236284732819	0.0003929897502530366	0.7318397760391235	0.0004320760490372777	0.133581280708313	2.3545270266822627e-07	0.0075530060566961765	0.0006983066559769213
905052168721506304	Marylanders stepping up to help Harvey Homeless.	data/processed/pro_crisismmd/images/data_image/hurricane_harvey/5_9_2017/905052168721506304_0.jpg	rescue_volunteering_or_donation_effort	affected_individuals	False	0.5459811314940453	0.21933481842279434	0.12436477094888687	0.0009383802971569821	0.3266463130712509	0.0010985814442392439	0.5459811314940453	6.498345658201288e-05	0.000590382594964467	0.0003154785736114718	False	True	0.17671078443527222	0.0005060034454800189	0.4373112618923187	0.000192687613889575	0.3834597170352936	0.00025474722497165203	0.0009385781595483422	0.0006262924871407449	True	0.10691609978675842	0.0010825059143826365	0.28975799679756165	0.0014005460543558002	0.6001549363136292	1.7288671187998261e-06	0.0004743174067698419	0.00021187393576838076
905055726183124993	13 Toxic Waste Sites Damaged by Harvey, Houston Awash in Chemicals	data/processed/pro_crisismmd/images/data_image/hurricane_harvey/5_9_2017/905055726183124993_0.jpg	infrastructure_and_utility_damage	not_humanitarian	False	0.4356066957116127	0.10746814124286175	0.4356066957116127	0.1857172939926386	0.02832533353648614	0.32813855446875095	0.008458862314000726	0.005512690549949184	0.007346603670157492	0.0008938943828979973	False	True	0.8026387691497803	0.08973295241594315	0.0008754033478908241	0.06894237548112869	0.005207531154155731	0.01721510849893093	0.012209541164338589	0.0031782975420355797	True	0.3132626712322235	0.21771207451820374	0.037475310266017914	0.4145372807979584	0.00954263936728239	0.0016118845669552684	0.00572562450543046	0.0001324266631854698
905060268304211968	Help us Help Harvey! Give whatever you can today at the scramble light!	data/processed/pro_crisismmd/images/data_image/hurricane_harvey/5_9_2017/905060268304211968_0.jpg	rescue_volunteering_or_donation_effort	not_humanitarian	False	0.8747677654027939	0.7868417110294104	0.8747677654027939	0.004206946701742709	0.08792605437338352	0.0006432257650885731	0.011919658747501671	4.023886269521881e-05	0.000302233567708754	0.02019391431895201	False	True	0.8135842084884644	0.010006302036345005	0.05915816128253937	0.0015428949845954776	0.03419709950685501	0.00015937590796966106	0.0008759525371715426	0.08047603815793991	True	0.8951622843742371	0.0022738282568752766	0.09751535207033157	0.00034333602525293827	0.004493845161050558	5.265142704047321e-07	0.00011099391122115776	9.987303928937763e-05
905060300600303616	Military charity Operation Supply Drop calls for help in Texas legion houston harvey	data/processed/pro_crisismmd/images/data_image/hurricane_harvey/5_9_2017/905060300600303616_0.jpg	rescue_volunteering_or_donation_effort	rescue_volunteering_or_donation_effort	True	0.781015008687973	0.6220769891515374	0.1589380195364356	0.0017727765516610816	0.781015008687973	0.0006675300173810683	0.05513617116957903	4.906144221905606e-05	0.0011781177890952677	0.0012433606207196135	False	True	0.5562132596969604	0.004621454048901796	0.2500693202018738	0.001979054417461157	0.17835314571857452	0.00019536515173967928	0.0038572875782847404	0.004711071494966745	True	0.026512939482927322	0.0008232173859141767	0.9579969048500061	0.00023035521735437214	0.014063846319913864	2.9353904551499e-07	0.0002850611926987767	8.745699597056955e-05
905061305970704385	"Be the ""good thing"" Donate on DayOfGiving for HarveyRelief at"	data/processed/pro_crisismmd/images/data_image/hurricane_harvey/5_9_2017/905061305970704385_0.jpg	not_humanitarian	not_humanitarian	True	0.9561071693897247	0.9193626672495157	0.9561071693897247	0.0026400943752378225	0.03674450214020908	0.0011851422941617784	0.0020552966161631048	5.149030442552771e-05	9.232277807313949e-05	0.0011240043480711392	False	True	0.9746672511100769	0.010366149246692657	0.0030470406636595726	0.004637452308088541	0.002345131477341056	0.00020576166571117938	0.0002441402612021193	0.0044870213605463505	True	0.9499204754829407	6.474275141954422e-05	0.047976989299058914	3.43722895195242e-05	0.0019586849957704544	6.651733031048934e-08	4.1716950363479555e-05	2.998677246068837e-06
905063992347021313	. asking Austinites to donate toys for Harvey evacuees	data/processed/pro_crisismmd/images/data_image/hurricane_harvey/5_9_2017/905063992347021313_0.jpg	rescue_volunteering_or_donation_effort	rescue_volunteering_or_donation_effort	True	0.4501923397183418	0.1668057180941105	0.28338662162423134	0.0013905568775953725	0.4501923397183418	0.00025359802748425864	0.25658776983618736	1.4465684444076032e-05	0.004965792351868004	0.003208878595614806	False	True	0.22662805020809174	0.0002675807918421924	0.2512427270412445	0.0001288250059587881	0.5036687850952148	4.3341759010218084e-05	0.01728874258697033	0.0007319330470636487	True	0.3023061454296112	0.0017648822395130992	0.5165088772773743	0.0002951890346594155	0.17422743141651154	4.840326255362015e-06	0.0008581422735005617	0.004034527111798525
905064623199719425	We've lost track of how many houses/families teams have helped. So proud of our church. Harvey	data/processed/pro_crisismmd/images/data_image/hurricane_harvey/5_9_2017/905064623199719425_0.jpg	rescue_volunteering_or_donation_effort	not_humanitarian	False	0.6628380455076694	0.4512580782175064	0.6628380455076694	0.0039034128421917558	0.08466842514462769	0.027848209254443645	0.21157996729016304	6.930867795063023e-05	0.007661117262614425	0.00143147622293327	False	True	0.19556434452533722	0.003879914525896311	0.292590469121933	0.004619862884283066	0.46814051270484924	0.00027066966868005693	0.02957906760275364	0.0053550987504422665	True	0.8185959458351135	0.003911245614290237	0.015361077152192593	0.035590991377830505	0.12605978548526764	2.188347707487992e-06	0.00035513381590135396	0.0001236020470969379
905065648530829312	. . Kerri wearing hat and friend Dawn posing amongst their collection for Harvey victims	data/processed/pro_crisismmd/images/data_image/hurricane_harvey/5_9_2017/905065648530829312_0.jpg	rescue_volunteering_or_donation_effort	affected_individuals	False	0.4322294294834137	0.08440624922513962	0.014467473305558087	8.364536552107893e-05	0.3478231802582741	6.533740634040441e-05	0.4322294294834137	0.08143927916535176	0.06043808188405819	0.06345359682745766	False	True	0.057680875062942505	0.00013216439401730895	0.5580610036849976	9.859153215074912e-05	0.3825644850730896	0.00014402775559574366	0.0009925971971824765	0.00032627879409119487	True	6.300605309661478e-05	6.747235602233559e-05	0.2777439057826996	5.425269773695618e-05	0.44878441095352173	0.1085376963019371	0.0802532434463501	0.08449603617191315
905069023024394240	Libs Blast Trump for Harvey Response.... Silenced When Obama's Photo Surfaces	data/processed/pro_crisismmd/images/data_image/hurricane_harvey/5_9_2017/905069023024394240_0.jpg	not_humanitarian	not_humanitarian	True	0.7812535241246223	0.5952807068824768	0.7812535241246223	0.008047738650930114	0.012456637807190418	0.003414984923438169	0.18597281724214554	7.805524774084915e-06	0.0041829756228253245	0.004663529267418198	False	True	0.3043768107891083	0.0002648051013238728	0.009028196334838867	0.00033396953949704766	0.6559170484542847	1.1965121302637272e-05	0.01324538979679346	0.01682175323367119	True	0.9402124285697937	0.010642049834132195	0.013599451631307602	0.004441990051418543	0.029324740171432495	6.418992597900797e-06	0.001162170898169279	0.0006107879453338683
905074370367950848	StepUpForTexas! Help our kxly radio stations raise money for victims of HurricaneHarvey!	data/processed/pro_crisismmd/images/data_image/hurricane_harvey/5_9_2017/905074370367950848_0.jpg	rescue_volunteering_or_donation_effort	rescue_volunteering_or_donation_effort	True	0.43312572687864304	0.015139449387788773	0.41798627749085426	0.0063564104930264875	0.43312572687864304	0.0027812600310426205	0.12979518063366413	2.7835079436044907e-05	0.004307211376726627	0.005620160256512463	False	True	0.23422662913799286	0.0008697865414433181	0.5021283030509949	0.0017647823551669717	0.2506217062473297	7.504571112804115e-05	0.0039772032760083675	0.0063365367241203785	True	0.47923949360847473	0.00818528514355421	0.41012486815452576	0.00312008592300117	0.0895196720957756	1.2098202205379494e-05	0.004417214076966047	0.005381368100643158
905074474936098817	Social Media becomes a savior in Hurricane Harvey relief: SocialGov HoustonStrong	data/processed/pro_crisismmd/images/data_image/hurricane_harvey/5_9_2017/905074474936098817_0.jpg	other_relevant_information	not_humanitarian	False	0.8001857548952103	0.687274407595396	0.8001857548952103	0.013049611414317042	0.11291134729981422	0.0008307317984872498	0.07193371641915292	0.00010542435709481879	0.0006930900890438352	0.0002903063505073078	False	True	0.5663914084434509	0.048740874975919724	0.1054709330201149	0.002684247912839055	0.2733868956565857	0.0004206817829981446	0.002132876543328166	0.0007720664725638926	True	0.8781172037124634	0.001152523560449481	0.11539148539304733	0.00021289309370331466	0.0047826566733419895	3.3854846037684183e-07	0.00021316127094905823	0.00012971964315511286
905083124169621504	Amid Harvey Flooding, Hospitals Offer 'Islands of Humanity' - WSJ	data/processed/pro_crisismmd/images/data_image/hurricane_harvey/5_9_2017/905083124169621504_0.jpg	rescue_volunteering_or_donation_effort	rescue_volunteering_or_donation_effort	True	0.5543389916419983	0.2708174120634794	0.09596030414104462	0.009105996985454112	0.5543389916419983	0.013043919316260144	0.28352157957851887	0.0003886035442519642	0.0404052073135972	0.0032353854621760547	False	True	0.19134613871574402	0.025753630325198174	0.6757091283798218	0.04712584987282753	0.025448955595493317	0.001464314409531653	0.023172665387392044	0.009979259222745895	True	0.06416502594947815	0.003556785872206092	0.5138822793960571	0.0016832757974043489	0.3695457875728607	3.0033255825401284e-05	0.04614938795566559	0.0009874275419861078
905090831606063104	Football team surprised by former NFL stars after Harvey damages school	data/processed/pro_crisismmd/images/data_image/hurricane_harvey/5_9_2017/905090831606063104_0.jpg	not_humanitarian	not_humanitarian	True	0.4933175593614578	0.2617495059967041	0.4933175593614578	0.03051514271646738	0.07001817604759708	0.10090317227877676	0.23156805336475372	0.0012178540528111625	0.005309249507263303	0.06715076533146203	False	True	0.6346648335456848	0.01602552831172943	0.0038000347558408976	0.01098302099853754	0.08873501420021057	0.004340686369687319	0.0051006958819925785	0.2363501936197281	True	0.44620180130004883	0.035345014184713364	0.09209088981151581	0.1308765560388565	0.27917906641960144	0.00017690994718577713	0.005378767382353544	0.010750955902040005
905096259584884736	Blessings on blessings!! Amazed at the turnout so far for our Harvey relief drive, we'll be out here until 7 p.m.!	data/processed/pro_crisismmd/images/data_image/hurricane_harvey/5_9_2017/905096259584884736_0.jpg	rescue_volunteering_or_donation_effort	rescue_volunteering_or_donation_effort	True	0.6596724018454552	0.488190995529294	0.17148140631616116	0.000884648718056269	0.6596724018454552	0.0017234902989002876	0.16425082460045815	0.0004321716190816005	0.0010090395662700757	0.0005460369065986015	False	True	0.338390976190567	0.0011940824333578348	0.466235488653183	0.005762018263339996	0.1834452599287033	0.0017150029307231307	0.0018916610861197114	0.0013655549846589565	True	0.11584488302469254	0.0007815041462890804	0.7241513729095459	0.000377314310753718	0.1578526794910431	4.561181867757114e-06	0.0007148323929868639	0.0002728642139118165
905096259584884736	Blessings on blessings!! Amazed at the turnout so far for our Harvey relief drive, we'll be out here until 7 p.m.!	data/processed/pro_crisismmd/images/data_image/hurricane_harvey/5_9_2017/905096259584884736_2.jpg	rescue_volunteering_or_donation_effort	rescue_volunteering_or_donation_effort	True	0.6974663138389587	0.48804469406604767	0.09137633163481951	0.0005955342603556346	0.6974663138389587	0.00028787739165636594	0.20942161977291107	4.354451482413424e-05	0.0005750033997173887	0.00023380388847726863	False	True	0.017970677465200424	3.7624602555297315e-05	0.6174111366271973	1.956663436430972e-05	0.364128440618515	0.00016049451369326562	0.00015551641990896314	0.00011662291217362508	True	0.11584488302469254	0.0007815041462890804	0.7241513729095459	0.000377314310753718	0.1578526794910431	4.561181867757114e-06	0.0007148323929868639	0.0002728642139118165
905096939909328897	Approved HurricaneHarvey Nursing	data/processed/pro_crisismmd/images/data_image/hurricane_harvey/5_9_2017/905096939909328897_0.jpg	not_humanitarian	not_humanitarian	True	0.8876427710056305	0.8492876089499077	0.8876427710056305	0.02146170847117901	0.033894456340931356	0.002395041607087478	0.010197363793849945	0.0015437862017932957	0.0045096768299117684	0.03835516205572276	False	True	0.7719295024871826	0.04472101479768753	0.002308571245521307	0.005906042642891407	0.010555502958595753	0.0061728558503091335	0.005033758468925953	0.15337271988391876	True	0.9262138605117798	0.013708606362342834	0.04442308470606804	0.0012247079284861684	0.01007798407226801	7.629856213497987e-07	0.004334982950240374	1.597611299075652e-05
905100984891842560	Dallas charity overwhelmed by Harvey donations	data/processed/pro_crisismmd/images/data_image/hurricane_harvey/5_9_2017/905100984891842560_0.jpg	rescue_volunteering_or_donation_effort	rescue_volunteering_or_donation_effort	True	0.7952124327421188	0.6867319783195853	0.10848045442253351	0.0009217246770276688	0.7952124327421188	0.0006335996886264184	0.09319736808538437	6.384500011336058e-06	0.001236770287505351	0.00031125550594879314	False	True	0.061234328895807266	0.00040639188955537975	0.8303470015525818	5.214615157456137e-05	0.10376433283090591	1.5772919141454622e-05	0.003857930889353156	0.0003221309161745012	True	0.12422916293144226	0.0010935022728517652	0.7835009098052979	0.0008274175343103707	0.08967504650354385	3.2550269679632038e-06	0.000363050086889416	0.00030763036920689046
905105305226248193	Harvey: climate change is not real Irma: Hold my beer	data/processed/pro_crisismmd/images/data_image/hurricane_harvey/5_9_2017/905105305226248193_0.jpg	other_relevant_information	not_humanitarian	False	0.7100260183215141	0.4630780480802059	0.7100260183215141	0.2469479702413082	0.017742583135259338	0.013151273829862475	0.01078926122863777	9.187144860334229e-05	0.0008053478741203435	0.0004457152172108181	False	True	0.46006861329078674	0.534187912940979	0.00048583030002191663	0.002148631028831005	0.0015128079103305936	5.7811666920315474e-05	0.0004671649949159473	0.001071202801540494	True	0.7933451533317566	0.15120132267475128	0.023494834080338478	0.0168188214302063	0.013881412334740162	0.00010322470916435122	0.0009180755005218089	0.0002372193557675928
905110301552594944	[Author: bossip-staff] Chamillionaire Forms Charity To Help Victims Of Hurricane Harvey...	data/processed/pro_crisismmd/images/data_image/hurricane_harvey/5_9_2017/905110301552594944_0.jpg	rescue_volunteering_or_donation_effort	rescue_volunteering_or_donation_effort	True	0.4536125436425209	0.12500641122460365	0.32860613241791725	0.008059091429458931	0.4536125436425209	0.0031945199298206717	0.1985475178807974	0.0006880626060592476	0.0027509136125445366	0.00454124016687274	False	True	0.11886455118656158	0.0012320802779868245	0.3725605905056	0.0014106390299275517	0.4929618835449219	0.0023248326033353806	0.002815369050949812	0.007830096408724785	True	0.39851999282836914	0.010334761813282967	0.4806298613548279	0.0037891468964517117	0.10040939599275589	0.00014247260696720332	0.002729428466409445	0.003444954752922058
905110818819276802	Immigrant Labor in High Demand After HurricaneHarvey	data/processed/pro_crisismmd/images/data_image/hurricane_harvey/5_9_2017/905110818819276802_0.jpg	rescue_volunteering_or_donation_effort	not_humanitarian	False	0.5089630633592606	0.185536727309227	0.5089630633592606	0.006594659120310098	0.1399977821856737	0.009913258720189333	0.32342633605003357	7.627479499205947e-05	0.009348955703899264	0.0016796804120531306	False	True	0.16355305910110474	0.002554415026679635	0.09137541800737381	0.023939788341522217	0.6913938522338867	0.00029385817470028996	0.022518707439303398	0.0043709538877010345	True	0.6240997314453125	0.007941407151520252	0.15620523691177368	0.005237748846411705	0.20077049732208252	3.7470017559826374e-06	0.004959038458764553	0.0007825892535038292
905114243871240192	Siri rescues sick teen from Hurricane Harvey - NewYork Post	data/processed/pro_crisismmd/images/data_image/hurricane_harvey/5_9_2017/905114243871240192_0.jpg	rescue_volunteering_or_donation_effort	rescue_volunteering_or_donation_effort	True	0.607206180691719	0.45149007998406887	0.15571610070765018	0.014410459902137518	0.607206180691719	0.003157132538035512	0.14210756681859493	0.005526230423129164	0.018832293106243014	0.05304404615890235	False	True	0.271244078874588	0.00843401625752449	0.3616834282875061	0.006374652497470379	0.3201533555984497	0.02196791023015976	0.007966834120452404	0.002175669651478529	True	0.11720677465200424	0.016402607783675194	0.68904709815979	0.0020846258848905563	0.08275897055864334	4.56704874522984e-05	0.022454112768173218	0.07000017166137695
905115070170058752	A truckload of food and water heading to Port Arthur for distribution. Just part of ' Harvey response.	data/processed/pro_crisismmd/images/data_image/hurricane_harvey/5_9_2017/905115070170058752_0.jpg	rescue_volunteering_or_donation_effort	rescue_volunteering_or_donation_effort	True	0.7001234069466591	0.5060395561158657	0.09773657913319767	0.0037917676381766796	0.7001234069466591	0.001414731639670208	0.19408385083079338	0.0018627824902068824	0.0003150102238578256	0.0006718176009599119	False	True	0.38687628507614136	0.003090414684265852	0.32901719212532043	0.0025494475848972797	0.2729472219944	0.003932813182473183	0.0005378843634389341	0.0010487777180969715	True	0.0013566771522164345	0.0040255519561469555	0.823825478553772	0.0010364929912611842	0.1677960604429245	0.001172772259451449	0.00024071884399745613	0.0005461642285808921
905119373827985408	Houston SWAT member rescues mom & her 13 mo son HurricaneHarvey	data/processed/pro_crisismmd/images/data_image/hurricane_harvey/5_9_2017/905119373827985408_0.jpg	rescue_volunteering_or_donation_effort	rescue_volunteering_or_donation_effort	True	0.5113017074763775	0.27551073394715786	0.20757513493299484	0.004711145797045901	0.5113017074763775	0.00084663562302012	0.23579097352921963	0.0003761067837331211	0.007102111238054931	0.032296162797138095	False	True	0.21567846834659576	0.001491112750954926	0.15741752088069916	0.0012681318912655115	0.6123026609420776	0.001480636652559042	0.004764403682202101	0.005597054027020931	True	0.20487402379512787	0.005784490145742893	0.6292631030082703	0.0007061368669383228	0.11028707772493362	7.9301607911475e-06	0.007881347090005875	0.04119586572051048
905123257518505984	Denver Bars and Restaurants Hosting More Hurricane Harvey Fundraisers Denver	data/processed/pro_crisismmd/images/data_image/hurricane_harvey/5_9_2017/905123257518505984_0.jpg	rescue_volunteering_or_donation_effort	not_humanitarian	False	0.4330238923430443	0.11802621930837631	0.4330238923430443	0.03626379785418976	0.31499767303466797	0.007195101265097037	0.20654841884970665	2.1815420041093603e-05	0.001454103461583145	0.000495231979584787	False	True	0.32718130946159363	0.0005519183469004929	0.1383988857269287	0.0010370739037171006	0.528197705745697	2.0378889530547895e-05	0.00434957817196846	0.0002631555253174156	True	0.46830475330352783	0.04816775768995285	0.37386393547058105	0.009247777052223682	0.09933198988437653	2.229426354460884e-05	0.0004889452247880399	0.0005725907976739109
905124112334553088	Giving a talk at noon Thursday in the SESE Student Commons (3rd floor, NHB) on Hurricane Harvey.	data/processed/pro_crisismmd/images/data_image/hurricane_harvey/5_9_2017/905124112334553088_0.jpg	other_relevant_information	not_humanitarian	False	0.6476634591817856	0.4564625695347786	0.6476634591817856	0.191200889647007	0.015644206840079278	0.028749255288857967	0.0687087057158351	0.000562878251002985	0.004053547614603303	0.04341706330887973	False	True	0.6347332000732422	0.22980710864067078	0.003625689772889018	0.10352706909179688	0.01370619609951973	0.0019699265249073505	0.0008920812397263944	0.011738724075257778	True	0.6519735455513	0.1783321499824524	0.019650379195809364	0.003823317354544997	0.08704287558794022	9.386215970152989e-05	0.005107369739562273	0.05397650972008705
905124137982582784	Randy White, Harvey Martin, Bob Breunig, Ed Jones	data/processed/pro_crisismmd/images/data_image/hurricane_harvey/5_9_2017/905124137982582784_0.jpg	not_humanitarian	not_humanitarian	True	0.6600623577833176	0.5512837988790125	0.6600623577833176	0.08205690012255218	0.10329489130526781	0.032628977205604315	0.004798699461389333	0.0006555644140462391	0.1087785589043051	0.007724037700427289	False	True	0.5512944459915161	0.00042167160427197814	0.013414282351732254	0.003009101375937462	0.007640866097062826	0.001761041465215385	0.39167824387550354	0.030780360102653503	True	0.6963183283805847	0.10926864296197891	0.13325509428977966	0.0425022691488266	0.003851310582831502	0.0002870720636565238	0.01447866391390562	3.859689968521707e-05
905128208449757184	Please be patient as we process each animal & capture the best possible photos... Harvey	data/processed/pro_crisismmd/images/data_image/hurricane_harvey/5_9_2017/905128208449757184_0.png	not_humanitarian	not_humanitarian	True	0.8346025571227074	0.7003044254597626	0.8346025571227074	0.010196005474426784	0.012091958924429491	0.0022816875571152195	0.004326113848946989	1.0667591695323608e-05	0.002192850413848646	0.1342981316629448	False	True	0.3959724009037018	0.0005340893403626978	0.04406361281871796	0.0002625886700116098	0.01510209497064352	4.081625593244098e-05	0.007255593314766884	0.5367688536643982	True	0.9808126091957092	0.013416644185781479	0.0014347409596666694	0.0029547205194830894	0.0007341201417148113	6.180369496178173e-07	0.0005052694468759	0.00014122432912699878
905133260526714880	97 Turks in Texas care F Turkish-Americans continue helping those who were affected by Harvey F	data/processed/pro_crisismmd/images/data_image/hurricane_harvey/5_9_2017/905133260526714880_1.jpg	rescue_volunteering_or_donation_effort	rescue_volunteering_or_donation_effort	True	0.49592360854148865	0.21726449206471443	0.2786591164767742	0.001553275556943845	0.49592360854148865	0.001556077302666381	0.2176422644406557	5.6196597796542846e-05	0.0037720940890721977	0.0008374305398319848	False	True	0.18308918178081512	0.0004187966405879706	0.2695976495742798	0.0033878448884934187	0.5341103672981262	0.00022101699141785502	0.00623381556943059	0.0029413618613034487	True	0.31051576137542725	0.0019314351957291365	0.5713655948638916	0.0009454881073907018	0.11215289682149887	1.2564665894387872e-06	0.002951520262286067	0.00013612009934149683
905134030970134530	Look at all the donations the SA Food Bank is getting! Coming in from all over to help Those effected by Harvey	data/processed/pro_crisismmd/images/data_image/hurricane_harvey/5_9_2017/905134030970134530_0.jpg	rescue_volunteering_or_donation_effort	rescue_volunteering_or_donation_effort	True	0.7253567278385162	0.5837097987532616	0.11878097150474787	0.011231138538278174	0.7253567278385162	0.0006509551767521771	0.14164692908525467	0.00012409735245455522	0.00043846701737493277	0.0017706850630929694	False	True	0.0411670096218586	0.00042261622729711235	0.8241729736328125	6.634899909840897e-05	0.13275332748889923	0.00025604848633520305	0.0007888916879892349	0.00037286541191861033	True	0.14465229213237762	0.014833979308605194	0.6924179792404175	0.0008458239026367664	0.14461146295070648	8.011364116100594e-05	0.00032165879383683205	0.0022366249468177557
905137970751135744	Thank you TRC FOR BEING CRAZY GIVERS!!! Sending Harvey relief.	data/processed/pro_crisismmd/images/data_image/hurricane_harvey/5_9_2017/905137970751135744_1.jpg	rescue_volunteering_or_donation_effort	rescue_volunteering_or_donation_effort	True	0.5376283153891563	0.19018708169460297	0.3474412336945534	0.0023377103934763	0.5376283153891563	0.0005537186370929703	0.08886327594518661	0.01741534392655808	0.0016243684585788287	0.004136087110964581	False	True	0.3164505660533905	0.0064402674324810505	0.3092869222164154	0.0005039276438765228	0.2768297791481018	0.06965897977352142	0.005054478999227285	0.015775097534060478	True	0.35777145624160767	0.0009701913804747164	0.6137421131134033	0.0005703156348317862	0.026207774877548218	7.986442369656288e-07	0.0004809982783626765	0.00025641696993261576
905148452866273281	Tornado Warning including Martinsburg WV, Inwood WV, Shanghai WV until 3:30 PM EDT	data/processed/pro_crisismmd/images/data_image/hurricane_harvey/5_9_2017/905148452866273281_0.jpg	other_relevant_information	other_relevant_information	True	0.949275478720665	0.9227055225055665	0.017573469784110785	0.949275478720665	0.0008835311250550149	0.0265699562150985	0.0010652652708813548	9.769052394403843e-05	0.0005665626586051076	0.003968088345573051	False	True	0.019381746649742126	0.9616169929504395	2.861701614165213e-05	0.00257169920951128	0.0005460570100694895	0.0002562490408308804	5.0102677050745115e-05	0.015548457391560078	True	0.016970710828900337	0.9451616406440735	0.0011685024946928024	0.03456937521696091	0.0012383346911519766	4.4837684981757775e-05	0.0007387159857898951	0.00010796533024404198
905148566099951619	Harvey flooded 13 of the US's most news usa headline | 0 by	data/processed/pro_crisismmd/images/data_image/hurricane_harvey/5_9_2017/905148566099951619_0.jpg	infrastructure_and_utility_damage	not_humanitarian	False	0.6237479746341705	0.43835094943642616	0.6237479746341705	0.18539702519774437	0.03387998463585973	0.11152988485991955	0.03415117971599102	0.006216700283403043	0.003577996641979553	0.0014992835058365017	False	True	0.5762847661972046	0.07373835146427155	0.015472812578082085	0.2353675812482834	0.07311756908893585	0.023575184866786003	0.0008059256360866129	0.0016377753345295787	True	0.6395690441131592	0.22261658310890198	0.04001570865511894	0.07025065273046494	0.021162383258342743	0.00043053875560872257	0.004502020310610533	0.0014531195629388094
905150048903864322	Steve Harvey is loyal to Bill Cosby: 'When I'm your friend, I'm yourfriend'	data/processed/pro_crisismmd/images/data_image/hurricane_harvey/5_9_2017/905150048903864322_0.jpg	not_humanitarian	not_humanitarian	True	0.6309612989425659	0.37339917570352554	0.6309612989425659	0.007469419699191349	0.02020985074341297	0.0016497334436280653	0.060860540019348264	0.0004420995073814993	0.020844973041675985	0.2575621232390404	False	True	0.06456315517425537	0.00022554800671059638	0.009638141840696335	0.0008627853239886463	0.205232173204422	0.0016364265466108918	0.06812955439090729	0.6497121453285217	True	0.8197606801986694	0.009884043596684933	0.023733753710985184	0.0019120494835078716	0.012736662290990353	4.39904943050351e-05	0.005083445925265551	0.12684544920921326
905153331542335494	My beautiful son Harvey 6C	data/processed/pro_crisismmd/images/data_image/hurricane_harvey/5_9_2017/905153331542335494_0.jpg	not_humanitarian	not_humanitarian	True	0.8961735516786575	0.8134885604304145	0.8961735516786575	0.002887188282329589	0.0003448008974373806	0.0014107377210166305	0.014919708570232615	0.00011734017646602979	0.001461729349102825	0.08268499124824302	False	True	0.6042430400848389	0.0025606860872358084	0.0009352100314572453	0.0023651598021388054	0.055059757083654404	0.0004683143924921751	0.004039550665766001	0.3303283154964447	True	0.9934837222099304	0.0029960223473608494	0.00014799785276409239	0.001092597027309239	0.0015396923990920186	3.487711239813507e-07	0.0006024555768817663	0.0001372164988424629
905157741525729280	Amazon price gouging water during a national emergency Greed Irma Harvey	data/processed/pro_crisismmd/images/data_image/hurricane_harvey/5_9_2017/905157741525729280_0.jpg	not_humanitarian	not_humanitarian	True	0.9640952795743942	0.9549886824097484	0.9640952795743942	0.008429205045104027	0.009106597164645791	0.008511461201123893	0.006555350555572659	0.0007106021795380002	0.00010456017753313063	0.0024868106452231586	False	True	0.9658876657485962	0.0077147455886006355	0.00938046257942915	0.0018779863603413105	0.002099913777783513	0.0028388595674186945	0.00026658482966013253	0.009933694265782833	True	0.9634978175163269	0.008667358197271824	0.009015308693051338	0.010722619481384754	0.00804049614816904	1.1830502444354352e-06	5.055196015746333e-05	4.516105036600493e-06
905160711537655809	MAP: TORNADO Warning update. Visit for more. FOX43 PAWX	data/processed/pro_crisismmd/images/data_image/hurricane_harvey/5_9_2017/905160711537655809_0.jpg	other_relevant_information	other_relevant_information	True	0.9862380921840668	0.9778231955715455	0.008414896612521261	0.9862380921840668	0.00020595644855347928	0.0036798969376832247	0.00046755083167226985	0.00023660352871957002	0.00023089396927389316	0.0005261826736386865	False	True	0.02281550131738186	0.9716305136680603	9.06075511011295e-05	0.002716280519962311	0.0007825432112440467	0.0009141251794062555	9.069348743651062e-05	0.0009598000906407833	True	0.003614695044234395	0.9911072850227356	0.00024440608103759587	0.004001102410256863	0.0003625533718150109	1.0762978490674868e-05	0.00027762746321968734	0.0003816435346379876
905161032879837184	Harvey Flooding Uncovers Secret Stash Of Ammo Hidden By Obama Administration	data/processed/pro_crisismmd/images/data_image/hurricane_harvey/5_9_2017/905161032879837184_0.jpg	not_humanitarian	not_humanitarian	True	0.35379256308078766	0.11405099928379059	0.35379256308078766	0.16454423125833273	0.12302182649727911	0.23974156379699707	0.07341600186191499	0.01678046048618853	0.011673651926685125	0.017029726062901318	False	True	0.38837066292762756	0.02342304214835167	0.003924550022929907	0.47897636890411377	0.014268777333199978	0.05271703004837036	0.03697722777724266	0.0013422933407127857	True	0.3422665297985077	0.21158462762832642	0.1627209186553955	0.1599966287612915	0.09313174337148666	0.004801603965461254	0.003239126643165946	0.02225887030363083
905161596519018497	BREAKING Tornado Warning for Adams and YorkCounties in PA until 4:45 PM EDT	data/processed/pro_crisismmd/images/data_image/hurricane_harvey/5_9_2017/905161596519018497_0.jpg	other_relevant_information	other_relevant_information	True	0.7163606137037277	0.5302157495170832	0.18614486418664455	0.7163606137037277	0.004198918293695897	0.08619446051307023	0.004228078119922429	0.00012723619147436693	0.0007720681460341439	0.001973791338969022	False	True	0.5279240012168884	0.4410784840583801	0.0016926585230976343	0.014594112522900105	0.007037619594484568	0.0003407039912417531	0.0005040375399403274	0.0068283649161458015	True	0.07221848517656326	0.8081213235855103	0.005034338217228651	0.11006124317646027	0.0032915642950683832	5.6080258218571544e-05	0.0008614116813987494	0.0003556001465767622
905161654521913344	Flickr GALLERY captures best moments from Hurricane Harvey response:	data/processed/pro_crisismmd/images/data_image/hurricane_harvey/5_9_2017/905161654521913344_0.jpg	rescue_volunteering_or_donation_effort	not_humanitarian	False	0.4438951835036278	0.03172425925731659	0.4438951835036278	0.017976995441131294	0.4121709242463112	0.00825870712287724	0.055690016597509384	0.00010075930686070933	0.013054446841124445	0.048852958154384396	False	True	0.34205079078674316	0.056830305606126785	0.29775702953338623	0.025688573718070984	0.037139300256967545	0.0003725014685187489	0.045101191848516464	0.1950603425502777	True	0.477843314409256	0.005025892052799463	0.4503088891506195	0.0024487515911459923	0.06187358871102333	1.017858630802948e-05	0.0023721985053271055	0.0001171633557532914
905161654521913344	Flickr GALLERY captures best moments from Hurricane Harvey response:	data/processed/pro_crisismmd/images/data_image/hurricane_harvey/5_9_2017/905161654521913344_1.jpg	rescue_volunteering_or_donation_effort	not_humanitarian	False	0.46852758526802063	0.017952963709831238	0.46852758526802063	0.0044732787646353245	0.4505746215581894	0.0018853661495086271	0.06248438265174627	9.574357454766869e-05	0.008112491632346064	0.0038465179004560923	False	True	0.4405803978443146	0.002815438900142908	0.45137181878089905	0.0001952098245965317	0.0643167644739151	0.0003524385392665863	0.02533337101340294	0.015034581534564495	True	0.477843314409256	0.005025892052799463	0.4503088891506195	0.0024487515911459923	0.06187358871102333	1.017858630802948e-05	0.0023721985053271055	0.0001171633557532914
905161654521913344	Flickr GALLERY captures best moments from Hurricane Harvey response:	data/processed/pro_crisismmd/images/data_image/hurricane_harvey/5_9_2017/905161654521913344_2.jpg	rescue_volunteering_or_donation_effort	rescue_volunteering_or_donation_effort	True	0.5307275578379631	0.13417765125632286	0.39654990658164024	0.004147850821027532	0.5307275578379631	0.0022039758623577654	0.05842633359134197	1.79544754246308e-05	0.007348352635744959	0.0005780435367341852	False	True	0.15266968309879303	0.001513727125711739	0.7719835638999939	0.001469648675993085	0.0480845682322979	4.128214277443476e-05	0.02227681502699852	0.0019606840796768665	True	0.477843314409256	0.005025892052799463	0.4503088891506195	0.0024487515911459923	0.06187358871102333	1.017858630802948e-05	0.0023721985053271055	0.0001171633557532914
905164228327288834	The supplies for HurricaneHarvey relief are filling up our locker rooms! ChantsInTheCommunity	data/processed/pro_crisismmd/images/data_image/hurricane_harvey/5_9_2017/905164228327288834_1.jpg	rescue_volunteering_or_donation_effort	rescue_volunteering_or_donation_effort	True	0.6338393911719322	0.44509217143058777	0.18874721974134445	0.001224736828589812	0.6338393911719322	0.00047282791638281196	0.17366059310734272	0.0003100441593346659	0.001105921110138297	0.000639238060102798	False	True	0.3765038847923279	0.0034782513976097107	0.26945778727531433	0.0008468844462186098	0.3457261621952057	0.0012318335939198732	0.0006421863799914718	0.002112976275384426	True	0.12616166472434998	0.000473565305583179	0.7552999258041382	0.000348142406437546	0.1163054034113884	2.78101447293011e-06	0.0012604993535205722	0.00014799198834225535
905164228327288834	The supplies for HurricaneHarvey relief are filling up our locker rooms! ChantsInTheCommunity	data/processed/pro_crisismmd/images/data_image/hurricane_harvey/5_9_2017/905164228327288834_2.jpg	rescue_volunteering_or_donation_effort	rescue_volunteering_or_donation_effort	True	0.6039114333689213	0.3259555958211422	0.2779558375477791	0.0009041888115461916	0.6039114333689213	0.0005491239862749353	0.11483806930482388	0.00031691138275391495	0.001137876053689979	0.00038655199750792235	False	True	0.7333383560180664	0.0021960593294352293	0.14974595606327057	0.0011520687257871032	0.11043606698513031	0.0012593024875968695	0.0007700061541981995	0.0011022320250049233	True	0.12616166472434998	0.000473565305583179	0.7552999258041382	0.000348142406437546	0.1163054034113884	2.78101447293011e-06	0.0012604993535205722	0.00014799198834225535
905164228327288834	The supplies for HurricaneHarvey relief are filling up our locker rooms! ChantsInTheCommunity	data/processed/pro_crisismmd/images/data_image/hurricane_harvey/5_9_2017/905164228327288834_3.jpg	rescue_volunteering_or_donation_effort	rescue_volunteering_or_donation_effort	True	0.6214564740657806	0.38674166053533554	0.2347148135304451	0.0007928348786663264	0.6214564740657806	0.0005919393879594281	0.1406449619680643	0.0002450225641155157	0.0010770311346277595	0.0004768899962073192	False	True	0.5603742599487305	0.0017506435979157686	0.219926118850708	0.0013233303325250745	0.21366363763809204	0.0009717472130432725	0.0005266264779493213	0.0014635840198025107	True	0.12616166472434998	0.000473565305583179	0.7552999258041382	0.000348142406437546	0.1163054034113884	2.78101447293011e-06	0.0012604993535205722	0.00014799198834225535
905164508561321988	Steve Harvey tells how YouTube has changed the daytime talk show.	data/processed/pro_crisismmd/images/data_image/hurricane_harvey/5_9_2017/905164508561321988_0.jpg	not_humanitarian	not_humanitarian	True	0.8745332360267639	0.8263979894691147	0.8745332360267639	0.039313578279688954	0.014686107635498047	0.011218907253351063	0.01075102889444679	7.608181476825848e-05	0.0012857978435931727	0.048135246557649225	False	True	0.779481828212738	0.008521386422216892	0.001574452966451645	0.0009042236488312483	0.02302020974457264	0.00014084605209063739	0.0004939064965583384	0.1858631819486618	True	0.9062170386314392	0.04957764223217964	0.019056659191846848	0.014657135121524334	0.0066613019444048405	5.449373566079885e-05	0.0015497616259381175	0.002225934760645032
905169468971778048	Could be polling-over-holidays-weirdness could be random noise, could be Harvey	data/processed/pro_crisismmd/images/data_image/hurricane_harvey/5_9_2017/905169468971778048_0.jpg	not_humanitarian	not_humanitarian	True	0.9580450505018234	0.9347154928836972	0.9580450505018234	0.023329557618126273	0.0008323768288391875	0.004096501797903329	0.011894969422428403	0.00039495683166279605	0.0009857188770183711	0.0004209091894153971	False	True	0.8650678396224976	0.06964269280433655	0.0031187497079372406	0.008121144026517868	0.046979375183582306	0.0015787940938025713	0.0038429531268775463	0.0016483943909406662	True	0.9890374541282654	0.007891845889389515	7.025253580650315e-05	0.0027549543883651495	0.00020016750204376876	3.444109495376324e-07	3.330746039864607e-05	1.1747455573640764e-05
905169671179165696	. Aviation Electronics 1st Class Michael Buchholz talks about rescuing people from Harvey floodwaters	data/processed/pro_crisismmd/images/data_image/hurricane_harvey/5_9_2017/905169671179165696_0.jpg	rescue_volunteering_or_donation_effort	rescue_volunteering_or_donation_effort	True	0.3196198960649781	0.017608061607461423	0.30201183445751667	0.07451633457094431	0.3196198960649781	0.01745682582259178	0.17083574086427689	0.0008672503608977422	0.01836555148474872	0.09632655046880245	False	True	0.8448246717453003	0.009746599942445755	0.003082670969888568	0.005422994494438171	0.029573962092399597	0.0018600380280986428	0.011533218435943127	0.09395582973957062	True	0.12107422202825546	0.09610624611377716	0.42513230443000793	0.02146810293197632	0.21792300045490265	0.000536321138497442	0.020642995834350586	0.09711679071187973
905176055660630017	the cutest. can't help but imagine this being Donna on the phone with Harvey	data/processed/pro_crisismmd/images/data_image/hurricane_harvey/5_9_2017/905176055660630017_0.jpg	not_humanitarian	not_humanitarian	True	0.8390760347247124	0.758018851513043	0.8390760347247124	0.004104292660485953	0.0005136527397553436	0.003228443834814243	0.06898326921509579	4.070626215835205e-05	0.0029964664790895768	0.08105718321166933	False	True	0.373778373003006	0.009745334275066853	0.00045061923447065055	0.011315744370222092	0.2710399627685547	0.00016257526294793934	0.01094847172498703	0.3225589990615845	True	0.9941752552986145	0.0022239454556256533	0.0005346639081835747	0.0005326769896782935	0.0016310380306094885	8.326189515628357e-08	0.00034579806379042566	0.0005565779283642769
905176055660630017	the cutest. can't help but imagine this being Donna on the phone with Harvey	data/processed/pro_crisismmd/images/data_image/hurricane_harvey/5_9_2017/905176055660630017_1.jpg	not_humanitarian	not_humanitarian	True	0.8353383243083954	0.7561133282724768	0.8353383243083954	0.004695970506872982	0.0005200033774599433	0.003342647964018397	0.07053346681641415	3.924636672891779e-05	0.0063053792182472534	0.0792249960359186	False	True	0.35882753133773804	0.012112045660614967	0.00047602178528904915	0.011772560887038708	0.2772407531738281	0.00015673568123020232	0.024184122681617737	0.31523025035858154	True	0.9941752552986145	0.0022239454556256533	0.0005346639081835747	0.0005326769896782935	0.0016310380306094885	8.326189515628357e-08	0.00034579806379042566	0.0005565779283642769
905176055660630017	the cutest. can't help but imagine this being Donna on the phone with Harvey	data/processed/pro_crisismmd/images/data_image/hurricane_harvey/5_9_2017/905176055660630017_2.jpg	not_humanitarian	not_humanitarian	True	0.8505391255021095	0.7812312717433088	0.8505391255021095	0.005559367535170168	0.0005111911523272283	0.0039252018759725615	0.06930785375880077	4.9453061880200266e-05	0.004119832890864927	0.06598801887594163	False	True	0.4196307361125946	0.015565633773803711	0.0004407728847581893	0.014102776534855366	0.27233830094337463	0.00019756246183533221	0.015441937372088432	0.2622823417186737	True	0.9941752552986145	0.0022239454556256533	0.0005346639081835747	0.0005326769896782935	0.0016310380306094885	8.326189515628357e-08	0.00034579806379042566	0.0005565779283642769
905181227292004352	Harvey fact: More than 3,100 Red Cross disaster workers are on the ground in Texas.	data/processed/pro_crisismmd/images/data_image/hurricane_harvey/5_9_2017/905181227292004352_0.jpg	rescue_volunteering_or_donation_effort	rescue_volunteering_or_donation_effort	True	0.6759856641292572	0.522294731810689	0.15369093231856823	0.005380231857998297	0.6759856641292572	0.0007897351970314048	0.13916880544275045	9.386346107476129e-06	0.020687677730165888	0.004287629169994034	False	True	0.34704160690307617	0.000290526426397264	0.2356966733932495	0.00020379325724206865	0.3997595012187958	2.78399747912772e-05	0.00039750643190927804	0.01658254861831665	True	0.08924070745706558	0.007076800335198641	0.8227486610412598	0.0009850491769611835	0.05230524018406868	3.2351365462091053e-06	0.02745106816291809	0.00018932268721982837
905185678757126144	First pic is a overlay of Irma the second was of Harvey. That a big ass hurricane.	data/processed/pro_crisismmd/images/data_image/hurricane_harvey/5_9_2017/905185678757126144_0.jpg	other_relevant_information	not_humanitarian	False	0.5475680083036423	0.10926100611686707	0.5475680083036423	0.4383070021867752	0.0011631144734565169	0.006878580723423511	0.0037196568737272173	4.201534284220543e-05	0.0007899516422185116	0.0015316822032218624	False	True	0.35200613737106323	0.6367483139038086	0.0001318987924605608	0.002789099933579564	0.0018426879541948438	0.00013575491902884096	0.00028550930437631905	0.006060592830181122	True	0.612755298614502	0.3721598982810974	0.0015068530337885022	0.008241740986704826	0.0043453131802380085	1.076881744666025e-05	0.000958099088165909	2.2045327568775974e-05
905185678757126144	First pic is a overlay of Irma the second was of Harvey. That a big ass hurricane.	data/processed/pro_crisismmd/images/data_image/hurricane_harvey/5_9_2017/905185678757126144_1.jpg	other_relevant_information	not_humanitarian	False	0.6013922393321991	0.21872715651988983	0.6013922393321991	0.38266508281230927	0.0014463797851931304	0.007394174230284989	0.0045566142071038485	7.309800457733218e-05	0.0008206799902836792	0.0016517585540896107	False	True	0.5673030614852905	0.4141806364059448	0.0012649600394070148	0.0048514739610254765	0.005190517287701368	0.00026008556596934795	0.0004084226966369897	0.006540898233652115	True	0.612755298614502	0.3721598982810974	0.0015068530337885022	0.008241740986704826	0.0043453131802380085	1.076881744666025e-05	0.000958099088165909	2.2045327568775974e-05
905188857179545600	Back to Back to Back. Harvey Irma Jose	data/processed/pro_crisismmd/images/data_image/hurricane_harvey/5_9_2017/905188857179545600_1.jpg	other_relevant_information	not_humanitarian	False	0.9601877927780151	0.9370316290296614	0.9601877927780151	0.02315616374835372	0.001421478227712214	0.007598989934194833	0.003152157471049577	0.0001434959724520013	0.0005780261490144767	0.0037619390564032074	False	True	0.9198473691940308	0.05731894448399544	0.00043314043432474136	0.0014716882724314928	0.004068541340529919	0.0005380396614782512	0.0013471178244799376	0.014975202269852161	True	0.9736346006393433	0.01176857016980648	0.0017509241588413715	0.00964142382144928	0.0028466961812227964	1.1981409443251323e-05	0.0003216622571926564	2.4184651920222677e-05
905189440926167040	Harvey Aid, Tax Reform Lead Busy Congressional To-Do List | NBC News	data/processed/pro_crisismmd/images/data_image/hurricane_harvey/5_9_2017/905189440926167040_0.jpg	not_humanitarian	not_humanitarian	True	0.6790159717202187	0.564669799990952	0.6790159717202187	0.011119949107524008	0.07771099731326103	0.007069301325827837	0.11434617172926664	0.00020182043067507038	0.005033410125179216	0.10550244034675416	False	True	0.19816485047340393	0.0018562625627964735	0.01722893863916397	0.004095878452062607	0.3401355743408203	0.0007659858674742281	0.016806447878479958	0.4209460914134979	True	0.8392996788024902	0.014207844622433186	0.09787168353796005	0.00806044228374958	0.03908303752541542	1.376528507535113e-05	0.0011090642074123025	0.00035455665783956647
905195604892057600	Harvey victims turn into volunteers	data/processed/pro_crisismmd/images/data_image/hurricane_harvey/5_9_2017/905195604892057600_0.jpg	rescue_volunteering_or_donation_effort	rescue_volunteering_or_donation_effort	True	0.8697018176317215	0.7895568385720253	0.04485472710803151	0.0009716650492919143	0.8697018176317215	0.0003847981533908751	0.0801449790596962	0.0001263420583299535	0.002412191257462837	0.0014034549985808553	False	True	0.017501818016171455	0.003262081416323781	0.7223488092422485	0.0011834459146484733	0.24199646711349487	0.0005049970932304859	0.007852771319448948	0.005349637009203434	True	0.05397236347198486	0.00020819292694795877	0.9188194870948792	0.0001185822329716757	0.026194483041763306	1.2371336310934566e-07	0.0005986645701341331	8.806099503999576e-05
905199804497702915	Irma throws shade on Harvey.Both are important!	data/processed/pro_crisismmd/images/data_image/hurricane_harvey/5_9_2017/905199804497702915_0.jpg	other_relevant_information	not_humanitarian	False	0.8290024921298027	0.681241795886308	0.8290024921298027	0.14776069624349475	0.004072699055541307	0.0059782128082588315	0.008005738258361816	9.332453566912591e-05	0.0005225533313932829	0.004564291600445358	False	True	0.4040575921535492	0.5579543113708496	0.0014695532154291868	0.006023420952260494	0.01105008739978075	0.0003649344725999981	0.0008572122314944863	0.018222857266664505	True	0.9706507921218872	0.011029491201043129	0.00494041433557868	0.005963143426924944	0.006990955211222172	2.787890025501838e-06	0.0004110003646928817	1.1436378372309264e-05
905200074191458304	lookin good for our first day back at work. Harvey won't keep THE PANTHERS down!! WAO	data/processed/pro_crisismmd/images/data_image/hurricane_harvey/5_9_2017/905200074191458304_0.jpg	not_humanitarian	not_humanitarian	True	0.8706779181957245	0.8213043041760102	0.8706779181957245	0.01831382163800299	0.020644753036322072	0.00394133769441396	0.049373614019714296	0.00043245033589300874	0.026412975857965648	0.010203128709690645	False	True	0.5701765418052673	0.013912004418671131	0.07898121327161789	0.008644092828035355	0.18378011882305145	0.0016931730788201094	0.10457902401685715	0.03823377937078476	True	0.9708450436592102	0.019781094044446945	0.0011992662912234664	0.002373752649873495	0.004571445751935244	1.22094215839752e-05	0.0003576264716684818	0.0008595784893259406
905200278294626309	Harvey Cancels Houston Wedding; Louisiana City Donates 1 - U.S. News & World Report	data/processed/pro_crisismmd/images/data_image/hurricane_harvey/5_9_2017/905200278294626309_0.jpg	not_humanitarian	not_humanitarian	True	0.5652396529912949	0.36426803190261126	0.5652396529912949	0.03467270778492093	0.2009716210886836	0.03259402769617736	0.08732020016759634	0.013656496351700298	0.010736670548794791	0.05480859329691157	False	True	0.4802311062812805	0.07360327988862991	0.011858683079481125	0.08962982147932053	0.035213034600019455	0.05460381135344505	0.03975983336567879	0.21510039269924164	True	0.5935758352279663	0.021695850417017937	0.2640092670917511	0.013582096435129642	0.10468925535678864	7.391351118712919e-06	0.0010622829431667924	0.0013779934961348772
