id	text	image_path	y_true	y_pred	correct	confidence	margin	score_0	score_1	image_text_similarity	_text_was_empty	_image_encoded	score_image_0	score_image_1	_text_encoded	score_text_0	score_text_1
cv9kwi	my fathers first trip to school	data/processed/pro_fakeddit/images/cv9kwi.jpg	0	1	False	0.8383525162935257	0.6767050735652447	0.16164744272828102	0.8383525162935257	0.024304529651999474	False	True	0.100194051861763	0.8998059034347534	True	0.3460076153278351	0.6539923548698425
46j162	snake head found in farmington womans can of green beans	data/processed/pro_fakeddit/images/46j162.jpg	1	1	True	0.729190930724144	0.458381824195385	0.270809106528759	0.729190930724144	0.18794578313827515	False	True	0.20674511790275574	0.7932549118995667	True	0.4630010724067688	0.536998987197876
bjkefw	do not vaccinate antivaccination cartoon from united states	data/processed/pro_fakeddit/images/bjkefw.jpg	0	0	True	0.5029473826289177	0.005894795060157776	0.5029473826289177	0.4970525875687599	0.1911207139492035	False	True	0.480478435754776	0.5195215344429016	True	0.5703542232513428	0.42964574694633484
c6edq0q	subtle but never fails to amuse me	data/processed/pro_fakeddit/images/c6edq0q.jpg	0	1	False	0.5107432827353477	0.021486535668373108	0.48925674706697464	0.5107432827353477	0.09277071058750153	False	True	0.5428228378295898	0.45717719197273254	True	0.32855847477912903	0.6714415550231934
7yas5i	this stapler that looks excited to staple	data/processed/pro_fakeddit/images/7yas5i.jpg	0	1	False	0.6303387880325317	0.2606775760650635	0.36966121196746826	0.6303387880325317	0.1435190886259079	False	True	0.3548879623413086	0.6451120376586914	True	0.41398096084594727	0.5860190391540527
56dvty	caught this guy staring at me in my wood shop	data/processed/pro_fakeddit/images/56dvty.jpg	0	0	True	0.5037674903869629	0.0075349584221839905	0.5037674903869629	0.4962325319647789	0.05605209991335869	False	True	0.525606632232666	0.47439339756965637	True	0.4382500648498535	0.5617499351501465
3mbnug	man steals lottery ticket dispenser is arrested trying to cash in at same store	data/processed/pro_fakeddit/images/3mbnug.jpg	1	1	True	0.5099092870950699	0.01981855183839798	0.4900907352566719	0.5099092870950699	0.05968111753463745	False	True	0.4975328743457794	0.502467155456543	True	0.46776431798934937	0.5322356820106506
cur2q86	gaahhhh please stop yelling at me	data/processed/pro_fakeddit/images/cur2q86.jpg	0	1	False	0.6991319209337234	0.3982638642191887	0.30086805671453476	0.6991319209337234	0.041194260120391846	False	True	0.2782803475856781	0.7217196226119995	True	0.36863118410110474	0.6313688158988953
4lpidn	large fish jumping for a bait fish held by a girl	data/processed/pro_fakeddit/images/4lpidn.jpg	1	1	True	0.7347106635570526	0.46942130476236343	0.2652893587946892	0.7347106635570526	0.20993977785110474	False	True	0.16686543822288513	0.8331345915794373	True	0.5605611205101013	0.4394388794898987
77cavp	protesters arrested at nuns chapel in pipeline construction zone	data/processed/pro_fakeddit/images/77cavp.jpg	1	1	True	0.6472269743680954	0.2944539338350296	0.3527730405330658	0.6472269743680954	0.15776246786117554	False	True	0.3100983202457428	0.6899017095565796	True	0.4807972013950348	0.5192027688026428
6muyes	family comforted by thought that mans death will prevent others from climbing war memorial to pretend to fuck horse	data/processed/pro_fakeddit/images/6muyes.jpg	0	0	True	0.56373031437397	0.12746062874794006	0.56373031437397	0.43626968562602997	0.18846118450164795	False	True	0.6073746085166931	0.3926253914833069	True	0.4327974319458008	0.5672025680541992
14s6ft	norwegian pilot draws penis with flightpath over sweden	data/processed/pro_fakeddit/images/14s6ft.jpg	1	1	True	0.7328107804059982	0.46562156453728676	0.26718921586871147	0.7328107804059982	0.20156623423099518	False	True	0.19612820446491241	0.8038718104362488	True	0.48037225008010864	0.5196276903152466
19izgm	moms strip to finance school bus for children	data/processed/pro_fakeddit/images/19izgm.jpg	1	1	True	0.5795467495918274	0.15909349918365479	0.4204532504081726	0.5795467495918274	-0.0008079949766397476	False	True	0.41293883323669434	0.5870611667633057	True	0.4429965019226074	0.5570034980773926
8r1lce	little girl with an evil grin	data/processed/pro_fakeddit/images/8r1lce.jpg	1	1	True	0.6591837704181671	0.3183675706386566	0.3408161997795105	0.6591837704181671	0.055115003138780594	False	True	0.3032461702823639	0.6967537999153137	True	0.4535262882709503	0.5464736819267273
bdt9wz	us legalizes samesex marriage th	data/processed/pro_fakeddit/images/bdt9wz.jpg	0	1	False	0.7157412618398666	0.43148253858089447	0.28425872325897217	0.7157412618398666	0.021461009979248047	False	True	0.21676865220069885	0.7832313179969788	True	0.4867289364337921	0.5132710933685303
32e5s9	unenthused tree couldnt care less	data/processed/pro_fakeddit/images/32e5s9.jpg	0	1	False	0.7204611748456955	0.4409223534166813	0.2795388214290142	0.7204611748456955	0.13087400794029236	False	True	0.2375728338956833	0.7624271512031555	True	0.40543678402900696	0.5945632457733154
bc20dw	this traffic sign said to drive like mom is watching	data/processed/pro_fakeddit/images/bc20dw.jpg	1	1	True	0.6311792284250259	0.2623584419488907	0.36882078647613525	0.6311792284250259	0.1288037896156311	False	True	0.35482966899871826	0.6451703310012817	True	0.41079413890838623	0.5892059206962585
27v8sl	man continues road trip with girlfriends body after she dies	data/processed/pro_fakeddit/images/27v8sl.jpg	1	1	True	0.6300249993801117	0.2600500285625458	0.3699749708175659	0.6300249993801117	0.15683993697166443	False	True	0.36573073267936707	0.6342692375183105	True	0.3827076852321625	0.6172922849655151
73wq77	the atomic bomb little boy just above the town of hiroshima	data/processed/pro_fakeddit/images/73wq77.jpg	0	1	False	0.7292993664741516	0.4585987515747547	0.2707006148993969	0.7292993664741516	-0.0024984870105981827	False	True	0.22120361030101776	0.778796374797821	True	0.4191916286945343	0.5808083415031433
bbkbuq	jussie smolette is attacked by white supremacists of african descent	data/processed/pro_fakeddit/images/bbkbuq.jpg	0	1	False	0.6390926390886307	0.27818532288074493	0.36090731620788574	0.6390926390886307	0.09397543966770172	False	True	0.31568795442581177	0.6843119859695435	True	0.49656540155410767	0.5034345984458923
2o4ui9	military mom surprises son before the holidays	data/processed/pro_fakeddit/images/2o4ui9.jpg	1	1	True	0.7786037772893906	0.5572075359523296	0.22139624133706093	0.7786037772893906	0.1725037693977356	False	True	0.15920962393283844	0.8407903909683228	True	0.4079560935497284	0.592043936252594
d6gf0j	water leaking under paint on the brink of bursting	data/processed/pro_fakeddit/images/d6gf0j.jpg	1	1	True	0.6468003988265991	0.29360081255435944	0.3531995862722397	0.6468003988265991	0.1498117297887802	False	True	0.30584630370140076	0.6941536664962769	True	0.49525943398475647	0.5047405958175659
7v0lpf	zigg with his alien face marking	data/processed/pro_fakeddit/images/7v0lpf.jpg	0	1	False	0.7199860364198685	0.43997206911444664	0.28001396730542183	0.7199860364198685	0.06705155223608017	False	True	0.21276219189167023	0.787237823009491	True	0.48176929354667664	0.518230676651001
37kshv	according to science youve probably been pooping wrong your whole life	data/processed/pro_fakeddit/images/37kshv.jpg	1	0	False	0.5425061509013176	0.0850122943520546	0.5425061509013176	0.457493856549263	0.1693316102027893	False	True	0.5805687308311462	0.41943126916885376	True	0.42831841111183167	0.5716816186904907
5kdy6v	heres how much the death star would have cost	data/processed/pro_fakeddit/images/5kdy6v.jpg	0	0	True	0.6274194568395615	0.2548389136791229	0.6274194568395615	0.37258054316043854	0.1468728929758072	False	True	0.6894122362136841	0.3105877637863159	True	0.4414411187171936	0.5585588812828064
ar4tfb	elon musk standing next to man with pontytail	data/processed/pro_fakeddit/images/ar4tfb.jpg	0	1	False	0.5657311156392097	0.1314622238278389	0.43426889181137085	0.5657311156392097	0.08996257930994034	False	True	0.37546873092651367	0.6245312690734863	True	0.6106693744659424	0.38933065533638
bru6jm	i got gumballs in this package	data/processed/pro_fakeddit/images/bru6jm.jpg	1	1	True	0.6193795204162598	0.23875898867845535	0.3806205317378044	0.6193795204162598	0.1399310827255249	False	True	0.3892748951911926	0.6107251644134521	True	0.35465744137763977	0.6453425884246826
c8rx6y	this poor lizard that died and dried out whilst trapped in my suitcase	data/processed/pro_fakeddit/images/c8rx6y.jpg	1	1	True	0.7860860228538513	0.5721720196306705	0.21391400322318077	0.7860860228538513	0.17120075225830078	False	True	0.1451793760061264	0.8548206686973572	True	0.42011788487434387	0.5798820853233337
c228o3	my pencil bent from the heat	data/processed/pro_fakeddit/images/c228o3.jpg	1	1	True	0.6275677382946014	0.25513551384210587	0.3724322244524956	0.6275677382946014	0.14686629176139832	False	True	0.354595422744751	0.6454045176506042	True	0.42594262957572937	0.574057400226593
3gi68h	us stocks moved sharply higher and kept testing new intraday highs monday buoyed by remarks from one federal reserve official	data/processed/pro_fakeddit/images/3gi68h.jpg	1	1	True	0.6053837090730667	0.21076740324497223	0.3946163058280945	0.6053837090730667	0.10132457315921783	False	True	0.3665999174118042	0.6334000825881958	True	0.47866547107696533	0.5213345885276794
cllzd4	visited the last blockbuster in the world today	data/processed/pro_fakeddit/images/cllzd4.jpg	1	1	True	0.6919731199741364	0.3839462772011757	0.30802684277296066	0.6919731199741364	0.1399764120578766	False	True	0.2756321132183075	0.7243678569793701	True	0.40521103143692017	0.5947889089584351
8h6xzj	the of civilization in bosnia ottoman caricature about austrian annexation of bosniaherzegovina	data/processed/pro_fakeddit/images/8h6xzj.jpg	0	1	False	0.6996090561151505	0.3992181159555912	0.30039094015955925	0.6996090561151505	0.19464989006519318	False	True	0.2461271733045578	0.753872811794281	True	0.4631822407245636	0.5368177890777588
cab8b3	this picture of tana mongooses mugshot	data/processed/pro_fakeddit/images/cab8b3.jpg	1	1	True	0.5989599078893661	0.1979197934269905	0.40104011446237564	0.5989599078893661	0.049391165375709534	False	True	0.39891764521598816	0.6010823845863342	True	0.4074075222015381	0.5925924777984619
bc3zca	irans introduction of new and repressive sex laws following the islamic revolution	data/processed/pro_fakeddit/images/bc3zca.jpg	0	1	False	0.5108063071966171	0.021612629294395447	0.4891936779022217	0.5108063071966171	0.03534482419490814	False	True	0.5016098022460938	0.49839019775390625	True	0.45194530487060547	0.5480546355247498
bib66v	the underside of this snail on my kitchen window	data/processed/pro_fakeddit/images/bib66v.jpg	1	1	True	0.740116611123085	0.48023325577378273	0.2598833553493023	0.740116611123085	0.17945997416973114	False	True	0.18254901468753815	0.8174509406089783	True	0.4918863773345947	0.5081136226654053
cg9s187	shot heard round the world	data/processed/pro_fakeddit/images/cg9s187.jpg	0	1	False	0.7516644895076752	0.5033289901912212	0.24833549931645393	0.7516644895076752	0.10629874467849731	False	True	0.21000854671001434	0.7899914383888245	True	0.3633163571357727	0.6366836428642273
9dy5gr	nixon and brezhnev sign the prevention of nuclear war agreement	data/processed/pro_fakeddit/images/9dy5gr.jpg	0	0	True	0.5062443539500237	0.012488722801208496	0.5062443539500237	0.49375563114881516	0.037483491003513336	False	True	0.5166152119636536	0.48338475823402405	True	0.4751317799091339	0.5248682498931885
7y6d4g	frustrated freight drivers queue in calais after the united kingdom leaves the eu customs union	data/processed/pro_fakeddit/images/7y6d4g.jpg	0	1	False	0.7495733499526978	0.4991466887295246	0.25042666122317314	0.7495733499526978	0.07308730483055115	False	True	0.13845951855182648	0.8615404963493347	True	0.5863280892372131	0.41367191076278687
4pb5eq	swedish footballer sent off for farting during match	data/processed/pro_fakeddit/images/4pb5eq.jpg	1	0	False	0.5008724331855774	0.0017448663711547852	0.5008724331855774	0.4991275668144226	0.12566497921943665	False	True	0.5112869739532471	0.48871302604675293	True	0.46962881088256836	0.5303711891174316
ch0kd7	millenial mystics the world burns request	data/processed/pro_fakeddit/images/ch0kd7.jpg	0	1	False	0.7007531374692917	0.401506245136261	0.2992468923330307	0.7007531374692917	0.23574715852737427	False	True	0.2641744315624237	0.7358255982398987	True	0.4044642746448517	0.5955357551574707
ccfau9p	the true avatar the last bearbender	data/processed/pro_fakeddit/images/ccfau9p.jpg	0	1	False	0.6099346727132797	0.21986934542655945	0.3900653272867203	0.6099346727132797	0.1653314083814621	False	True	0.381020724773407	0.618979275226593	True	0.41719913482666016	0.5828008651733398
3zgfqy	guy rolling under barb wire	data/processed/pro_fakeddit/images/3zgfqy.jpg	1	1	True	0.7832626104354858	0.5665252394974232	0.21673737093806267	0.7832626104354858	0.1500876545906067	False	True	0.13106174767017365	0.8689382076263428	True	0.47376424074172974	0.526235818862915
cjrhs4	this rest area restroom has a smaller toilet inside the handicap stall	data/processed/pro_fakeddit/images/cjrhs4.jpg	1	1	True	0.589479386806488	0.1789587438106537	0.41052064299583435	0.589479386806488	0.1747927963733673	False	True	0.38633063435554504	0.6136693954467773	True	0.48309066891670227	0.5169093608856201
9eq12n	unholy cosmos love yesterday	data/processed/pro_fakeddit/images/9eq12n.jpg	0	1	False	0.7383130341768265	0.47662607580423355	0.2616869583725929	0.7383130341768265	0.2511598765850067	False	True	0.2192440927028656	0.780755877494812	True	0.3890155553817749	0.6109845042228699
1h26t9	winnipeg teens get taylor swift tix from kind stranger	data/processed/pro_fakeddit/images/1h26t9.jpg	1	1	True	0.7452692836523056	0.4905385971069336	0.254730686545372	0.7452692836523056	0.13519513607025146	False	True	0.18303123116493225	0.8169687390327454	True	0.4698290526866913	0.5301709175109863
6b9aof	drugs you dont agree with alex jones	data/processed/pro_fakeddit/images/6b9aof.jpg	0	1	False	0.7236019968986511	0.44720396026968956	0.27639803662896156	0.7236019968986511	0.04154963791370392	False	True	0.19011317193508148	0.8098868727684021	True	0.5352526307106018	0.4647473692893982
dek0p8	google took their d pictures in the middle of the demolition of this multilevel parking lot leaving just the remaning piece on the maps	data/processed/pro_fakeddit/images/dek0p8.jpg	1	1	True	0.6627393364906311	0.3254787027835846	0.3372606337070465	0.6627393364906311	0.15136341750621796	False	True	0.290576308965683	0.7094236612319946	True	0.4773136079311371	0.5226863622665405
bfrfvv	dropped a tack and it stuck in the floor	data/processed/pro_fakeddit/images/bfrfvv.jpg	1	1	True	0.7304514646530151	0.46090297028422356	0.2695484943687916	0.7304514646530151	0.21370628476142883	False	True	0.23206855356693268	0.7679314017295837	True	0.3819883167743683	0.6180116534233093
caro65	this olive leaf that ended up in my can of black olives	data/processed/pro_fakeddit/images/caro65.jpg	1	1	True	0.5019995719194412	0.003999099135398865	0.49800047278404236	0.5019995719194412	0.1691625565290451	False	True	0.5179938077926636	0.4820062518119812	True	0.4380204677581787	0.5619795322418213
59po64	defense secretary ash carter has ordered a stop to reclaiming reenlistment bonuses	data/processed/pro_fakeddit/images/59po64.jpg	1	0	False	0.550541028380394	0.10108209401369095	0.550541028380394	0.44945893436670303	0.1672036051750183	False	True	0.5593307018280029	0.4406692683696747	True	0.5241720080375671	0.4758279323577881
dinuvni	girl and guy with unusually long arms	data/processed/pro_fakeddit/images/dinuvni.jpg	0	1	False	0.6837631314992905	0.36752621084451675	0.3162369206547737	0.6837631314992905	0.061847131699323654	False	True	0.26309674978256226	0.7369033098220825	True	0.4756574332714081	0.5243425965309143
171ja3	a traumatizing experience	data/processed/pro_fakeddit/images/171ja3.jpg	1	1	True	0.6673285365104675	0.33465705066919327	0.33267148584127426	0.6673285365104675	0.07155852019786835	False	True	0.3283020555973053	0.6716979742050171	True	0.34577977657318115	0.6542202234268188
6gndy1	scientists have discovered sharks that live in a volcano	data/processed/pro_fakeddit/images/6gndy1.jpg	0	1	False	0.6866594552993774	0.3733189105987549	0.31334054470062256	0.6866594552993774	0.17122626304626465	False	True	0.2661879062652588	0.7338120937347412	True	0.45479846000671387	0.5452015399932861
btlh06	these conjoined durians	data/processed/pro_fakeddit/images/btlh06.jpg	1	1	True	0.6868284940719604	0.3736569881439209	0.31317150592803955	0.6868284940719604	0.2081344574689865	False	True	0.2701508402824402	0.7298491597175598	True	0.44223350286483765	0.5577664971351624
1nds3t	tenth doctor and martha run from an explosion	data/processed/pro_fakeddit/images/1nds3t.jpg	1	1	True	0.694605253636837	0.3892105035483837	0.3053947500884533	0.694605253636837	0.23697969317436218	False	True	0.23433341085910797	0.7656666040420532	True	0.5185787677764893	0.48142120242118835
bi4jii	los angeles th the photo was taken at approximately pm	data/processed/pro_fakeddit/images/bi4jii.jpg	0	1	False	0.7744674384593964	0.5489348769187927	0.22553256154060364	0.7744674384593964	0.016969025135040283	False	True	0.18264979124069214	0.8173502087593079	True	0.35418087244033813	0.6458191275596619
5l0itu	donauturm things which are alike x	data/processed/pro_fakeddit/images/5l0itu.jpg	0	1	False	0.8222030848264694	0.6444061063230038	0.17779697850346565	0.8222030848264694	0.17465227842330933	False	True	0.09702767431735992	0.902972400188446	True	0.42010489106178284	0.5798951387405396
8egtar	fourth of listen im hearing voices	data/processed/pro_fakeddit/images/8egtar.jpg	0	1	False	0.6944965273141861	0.3889930918812752	0.3055034354329109	0.6944965273141861	0.2389308363199234	False	True	0.28312551975250244	0.7168744206428528	True	0.37263718247413635	0.627362847328186
1i5d59	arnold schwarzenegger grimacing	data/processed/pro_fakeddit/images/1i5d59.jpg	1	0	False	0.5121491029858589	0.02429819107055664	0.5121491029858589	0.4878509119153023	0.19287258386611938	False	True	0.49754050374031067	0.5024595260620117	True	0.5559749007225037	0.44402506947517395
62b4c9	that time huma was asked to plan hillarys funeral	data/processed/pro_fakeddit/images/62b4c9.jpg	1	1	True	0.6378733962774277	0.27574683725833893	0.36212655901908875	0.6378733962774277	0.11301890015602112	False	True	0.33938080072402954	0.6606191396713257	True	0.43036383390426636	0.5696361660957336
bgzw1l	this tree growing out of a tree stump	data/processed/pro_fakeddit/images/bgzw1l.jpg	1	1	True	0.6353798657655716	0.2707597687840462	0.3646200969815254	0.6353798657655716	0.16399680078029633	False	True	0.3352339267730713	0.6647660136222839	True	0.4527786076068878	0.5472214221954346
bterh9	this monitor in a food court show you all the public transportation and rideshare options you have in one location	data/processed/pro_fakeddit/images/bterh9.jpg	1	1	True	0.5365473851561546	0.07309478521347046	0.4634525999426842	0.5365473851561546	0.1377345323562622	False	True	0.44484618306159973	0.5551537871360779	True	0.5192718505859375	0.4807281792163849
c4v1iyt	no one thought of this okay	data/processed/pro_fakeddit/images/c4v1iyt.jpg	0	1	False	0.5694996118545532	0.13899923115968704	0.4305003806948662	0.5694996118545532	0.05789396911859512	False	True	0.46336787939071655	0.5366321206092834	True	0.33189788460731506	0.6681020855903625
3luh1z	came into work to see the real life scoobydoo	data/processed/pro_fakeddit/images/3luh1z.jpg	0	0	True	0.5850215628743172	0.17004316300153732	0.5850215628743172	0.41497839987277985	-0.1038440391421318	False	True	0.64169842004776	0.3583015203475952	True	0.41499099135398865	0.5850090384483337
c2y4n9	you can do the can can dance easy now as un deux trois everybody ooh la la do the can can	data/processed/pro_fakeddit/images/c2y4n9.jpg	0	1	False	0.6886722892522812	0.377344585955143	0.3113277032971382	0.6886722892522812	0.08129259943962097	False	True	0.28705158829689026	0.7129483819007874	True	0.3841560482978821	0.6158440113067627
coyq8c	this unusual cork on a german caprisun	data/processed/pro_fakeddit/images/coyq8c.jpg	1	1	True	0.5601437538862228	0.12028748542070389	0.43985626846551895	0.5601437538862228	0.24716834723949432	False	True	0.4339796006679535	0.5660204291343689	True	0.45748627185821533	0.5425137281417847
67qwvt	the garbage is delighted to see me	data/processed/pro_fakeddit/images/67qwvt.jpg	0	1	False	0.6383742392063141	0.27674849331378937	0.3616257458925247	0.6383742392063141	0.15733656287193298	False	True	0.3741852939128876	0.62581467628479	True	0.32394710183143616	0.6760529279708862
660swy	trump to overhaul visa program for highskilled workers	data/processed/pro_fakeddit/images/660swy.jpg	1	0	False	0.610565073788166	0.2211301550269127	0.610565073788166	0.38943491876125336	0.1451241672039032	False	True	0.6581137180328369	0.3418862819671631	True	0.46791914105415344	0.5320808291435242
9g27bc	this little guy and other squirrels hijacked our tour at michigan state university	data/processed/pro_fakeddit/images/9g27bc.jpg	1	1	True	0.7270494699478149	0.45409896969795227	0.27295050024986267	0.7270494699478149	0.17968520522117615	False	True	0.21877464652061462	0.781225323677063	True	0.4354780614376068	0.5645219087600708
b2smax	north american water spill	data/processed/pro_fakeddit/images/b2smax.jpg	1	1	True	0.6705535650253296	0.3411071449518204	0.3294464200735092	0.6705535650253296	0.15678532421588898	False	True	0.30260035395622253	0.6973996162414551	True	0.40998461842536926	0.5900154113769531
14akpa	dick cheneys heart to get its own memoir	data/processed/pro_fakeddit/images/14akpa.jpg	1	1	True	0.6077597737312317	0.21551955491304398	0.3922402188181877	0.6077597737312317	0.09306396543979645	False	True	0.39621028304100037	0.6037896871566772	True	0.38033002614974976	0.619670033454895
7vz4np	the koreans who cheer for other countries its just sports its okay to support other countries and other athletes says founder of strong group dedicated to cheering nonlocal teams	data/processed/pro_fakeddit/images/7vz4np.jpg	1	1	True	0.7483307868242264	0.49666156619787216	0.2516692206263542	0.7483307868242264	0.1278897076845169	False	True	0.19930678606033325	0.8006932139396667	True	0.4087565243244171	0.5912435054779053
71o25c	fraud section fraud section	data/processed/pro_fakeddit/images/71o25c.jpg	0	1	False	0.640181839466095	0.28036367148160934	0.3598181679844856	0.640181839466095	0.16383129358291626	False	True	0.31391024589538574	0.6860897541046143	True	0.4975419342517853	0.5024580955505371
blhqd2	my orange has extra small orange slices in it	data/processed/pro_fakeddit/images/blhqd2.jpg	1	1	True	0.6623865813016891	0.3247731775045395	0.33761340379714966	0.6623865813016891	0.14908508956432343	False	True	0.29818132519721985	0.7018186450004578	True	0.4559096395969391	0.5440903902053833
buj9c5	backwardsforwards i dont get it myself	data/processed/pro_fakeddit/images/buj9c5.jpg	0	1	False	0.5794596523046494	0.1589193046092987	0.42054034769535065	0.5794596523046494	0.029085520654916763	False	True	0.431948721408844	0.568051278591156	True	0.3863152265548706	0.6136847734451294
297ilh	for birthday yearold boy saves dogs from kill shelters	data/processed/pro_fakeddit/images/297ilh.jpg	1	1	True	0.7517154365777969	0.5034308433532715	0.24828459322452545	0.7517154365777969	0.16302797198295593	False	True	0.20738020539283752	0.7926198244094849	True	0.37099775671958923	0.6290022730827332
78owsb	the president of israel dabbing	data/processed/pro_fakeddit/images/78owsb.jpg	1	1	True	0.7197617292404175	0.43952347338199615	0.2802382558584213	0.7197617292404175	0.20261573791503906	False	True	0.21327218413352966	0.786727786064148	True	0.4811364710330963	0.5188635587692261
3yc4xi	hair stylists spend all day giving free haircuts to homeless people for christmas see video	data/processed/pro_fakeddit/images/3yc4xi.jpg	1	1	True	0.5751176625490189	0.15023532509803772	0.42488233745098114	0.5751176625490189	0.13482090830802917	False	True	0.4131261110305786	0.5868738889694214	True	0.4601510167121887	0.5398489832878113
b5qmk7	algeria army urges removal of president abdelaziz bouteflika	data/processed/pro_fakeddit/images/b5qmk7.jpg	1	0	False	0.5482528060674667	0.09650563448667526	0.5482528060674667	0.4517471715807915	0.03651862591505051	False	True	0.562606692314148	0.43739327788352966	True	0.5051911473274231	0.4948088526725769
1clnza	nipple tattooing sweeps uk as women strive for perfect boobs	data/processed/pro_fakeddit/images/1clnza.jpg	1	1	True	0.6922502964735031	0.3845005929470062	0.3077497035264969	0.6922502964735031	0.07389576733112335	False	True	0.2757260203361511	0.7242739796638489	True	0.4038207530975342	0.5961792469024658
53trsa	black cat sitting on a rail	data/processed/pro_fakeddit/images/53trsa.jpg	1	1	True	0.6970744803547859	0.39414891973137856	0.30292556062340736	0.6970744803547859	0.15624168515205383	False	True	0.22640274465084076	0.7735973000526428	True	0.5324940085411072	0.4675060212612152
c3l0qa	this cat that came up to me while i was eating had two eye colors	data/processed/pro_fakeddit/images/c3l0qa.jpg	1	1	True	0.6495148539543152	0.29902971535921097	0.3504851385951042	0.6495148539543152	0.2047218382358551	False	True	0.3195973336696625	0.6804026365280151	True	0.44314855337142944	0.5568515062332153
d7vhf2	the roots of this tree form a vague image of che guevara	data/processed/pro_fakeddit/images/d7vhf2.jpg	1	1	True	0.6517588794231415	0.30351775139570236	0.3482411280274391	0.6517588794231415	0.1057971715927124	False	True	0.32425859570503235	0.67574143409729	True	0.4201887249946594	0.5798112154006958
1kg266	joffrey baratheon jack gleeson holding up a funny caricaturefrom rpics	data/processed/pro_fakeddit/images/1kg266.jpg	1	1	True	0.6215716227889061	0.2431432604789734	0.3784283623099327	0.6215716227889061	0.25014227628707886	False	True	0.32059773802757263	0.679402232170105	True	0.5519202351570129	0.44807979464530945
2ftwyk	heroic bus passenger saves a man from a burning car man turns out to be his friends brother	data/processed/pro_fakeddit/images/2ftwyk.jpg	1	1	True	0.7519100308418274	0.5038200616836548	0.2480899691581726	0.7519100308418274	0.1196526512503624	False	True	0.20469146966934204	0.795308530330658	True	0.3782854676246643	0.6217145323753357
d71fsu	defense minister vo nguyen giap celebrates after winning the first pick of the vietnam draft	data/processed/pro_fakeddit/images/d71fsu.jpg	0	1	False	0.5589304268360138	0.11786085367202759	0.4410695731639862	0.5589304268360138	0.20175230503082275	False	True	0.42082202434539795	0.579177975654602	True	0.501812219619751	0.498187780380249
c9z1ef	my cola bottles are two different colors	data/processed/pro_fakeddit/images/c9z1ef.jpg	1	1	True	0.5542427748441696	0.10848552733659744	0.4457572475075722	0.5542427748441696	0.1642182171344757	False	True	0.4631921947002411	0.5368078351020813	True	0.39345240592956543	0.6065475940704346
5hn8i1	whats the point of revolving doors	data/processed/pro_fakeddit/images/5hn8i1.jpg	0	1	False	0.7139799743890762	0.42795995622873306	0.28602001816034317	0.7139799743890762	0.16528424620628357	False	True	0.253665953874588	0.7463340163230896	True	0.38308221101760864	0.6169178485870361
bs1dar	new bill would require agents to actually have probable cause to search electronic devices at the border this bill would serve as a pretty basic protection for people traveling in and out of the country	data/processed/pro_fakeddit/images/bs1dar.jpg	1	1	True	0.6660775393247604	0.33215510845184326	0.3339224308729172	0.6660775393247604	0.10921607911586761	False	True	0.2857069671154022	0.7142930030822754	True	0.47856882214546204	0.5214311480522156
26an1o	an osprey with a brown trout	data/processed/pro_fakeddit/images/26an1o.jpg	1	1	True	0.660862147808075	0.3217242732644081	0.33913787454366684	0.660862147808075	0.17906275391578674	False	True	0.30094417929649353	0.6990558505058289	True	0.45371896028518677	0.5462810397148132
88bcnh	theresa and the british parliament executing brexit circa	data/processed/pro_fakeddit/images/88bcnh.jpg	0	1	False	0.7429238110780716	0.4858476482331753	0.2570761628448963	0.7429238110780716	0.08024277538061142	False	True	0.20192109048366547	0.7980788946151733	True	0.42254137992858887	0.5774585604667664
c6g3il	this pool charges by height	data/processed/pro_fakeddit/images/c6g3il.jpg	1	0	False	0.5966493934392929	0.193298801779747	0.5966493934392929	0.4033505916595459	0.10982181876897812	False	True	0.6664535403251648	0.3335464596748352	True	0.38723695278167725	0.612762987613678
1l26hk	two squirrels going at it	data/processed/pro_fakeddit/images/1l26hk.jpg	1	1	True	0.7930675446987152	0.5861351042985916	0.2069324404001236	0.7930675446987152	0.17753294110298157	False	True	0.1377677023410797	0.8622322678565979	True	0.41442665457725525	0.5855733752250671
bvh06x	the john candy joke that still makes steve martin cry	data/processed/pro_fakeddit/images/bvh06x.jpg	0	0	True	0.5057966187596321	0.011593207716941833	0.5057966187596321	0.4942034110426903	-0.09428148716688156	False	True	0.5224484801292419	0.47755154967308044	True	0.4558410346508026	0.5441589951515198
74fyax	corpsepaint condom machine is kvlt af	data/processed/pro_fakeddit/images/74fyax.jpg	0	1	False	0.5067868530750275	0.013573721051216125	0.49321313202381134	0.5067868530750275	0.09420561790466309	False	True	0.5115081071853638	0.48849189281463623	True	0.43832820653915405	0.5616717338562012
cmqfm6	yearold starts el paso challenge for the community to do good deeds for each lives lost	data/processed/pro_fakeddit/images/cmqfm6.jpg	1	1	True	0.5994009524583817	0.1988018974661827	0.40059905499219894	0.5994009524583817	0.13473239541053772	False	True	0.39430391788482666	0.6056960821151733	True	0.4194844663143158	0.5805155634880066
5yiyn7	americans now drink more bottled water than soda	data/processed/pro_fakeddit/images/5yiyn7.jpg	1	1	True	0.6263432651758194	0.2526865154504776	0.3736567497253418	0.6263432651758194	0.0913308709859848	False	True	0.3527224361896515	0.6472775936126709	True	0.4364596903324127	0.5635402798652649
b7twys	reeses owns the color orange	data/processed/pro_fakeddit/images/b7twys.jpg	1	0	False	0.6521329283714294	0.3042658343911171	0.6521329283714294	0.34786709398031235	0.19535896182060242	False	True	0.7165224552154541	0.2834775745868683	True	0.45896434783935547	0.5410356521606445
1fi890	a hare taking a relaxing bath in the sink	data/processed/pro_fakeddit/images/1fi890.jpg	1	1	True	0.777581587433815	0.5551631823182106	0.2224184051156044	0.777581587433815	0.21873551607131958	False	True	0.13743644952774048	0.8625635504722595	True	0.47736427187919617	0.5226356983184814
6i736j	republican datamining firm exposed personal information for virtually every american voter	data/processed/pro_fakeddit/images/6i736j.jpg	1	1	True	0.5126339495182037	0.02526792138814926	0.4873660281300545	0.5126339495182037	0.1274866759777069	False	True	0.4830189645290375	0.5169810056686401	True	0.5004072189331055	0.49959278106689453
9h82yb	accusers schoolmate i recall hearing of alleged kavanaugh incident	data/processed/pro_fakeddit/images/9h82yb.jpg	1	1	True	0.5794250518083572	0.15885011106729507	0.42057494074106216	0.5794250518083572	0.11535947769880295	False	True	0.4065646529197693	0.5934353470802307	True	0.4626058042049408	0.5373941659927368
cofcfcm	and on that day america was born	data/processed/pro_fakeddit/images/cofcfcm.jpg	0	1	False	0.6083834022283554	0.21676678210496902	0.3916166201233864	0.6083834022283554	0.12549681961536407	False	True	0.41199013590812683	0.5880098938941956	True	0.33049607276916504	0.669503927230835
59xjcl	senator ted cruz feeding ice cream to his wife heidi with a tiny spoon	data/processed/pro_fakeddit/images/59xjcl.jpg	1	1	True	0.7153659090399742	0.43073179200291634	0.2846341170370579	0.7153659090399742	0.19858118891716003	False	True	0.19982580840587616	0.8001742362976074	True	0.539059042930603	0.4609409272670746
c5pjrrs	bale hey bale your shoot was hours ago go home	data/processed/pro_fakeddit/images/c5pjrrs.jpg	0	1	False	0.6920685321092606	0.3841370567679405	0.30793147534132004	0.6920685321092606	0.053563788533210754	False	True	0.2920610308647156	0.7079389691352844	True	0.3555428087711334	0.644457221031189
d02c0fr	this robot doing the girl	data/processed/pro_fakeddit/images/d02c0fr.jpg	0	1	False	0.5184083059430122	0.03681664168834686	0.4815916642546654	0.5184083059430122	0.14625868201255798	False	True	0.5184128284454346	0.48158714175224304	True	0.3711281716823578	0.6288717985153198
9ab3m5	tyson v holyfield the bite fight	data/processed/pro_fakeddit/images/9ab3m5.jpg	0	1	False	0.7554994821548462	0.5109989568591118	0.2445005252957344	0.7554994821548462	-0.04049620032310486	False	True	0.1614282727241516	0.8385717272758484	True	0.4937172830104828	0.5062827467918396
ck7dgg	your old bra clasps can save injured turtles	data/processed/pro_fakeddit/images/ck7dgg.jpg	1	1	True	0.6918147504329681	0.3836295008659363	0.30818524956703186	0.6918147504329681	0.18400022387504578	False	True	0.27534639835357666	0.7246536016464233	True	0.40670180320739746	0.5932981967926025
3bgcum	this image of taylor swift at a concert	data/processed/pro_fakeddit/images/3bgcum.jpg	1	1	True	0.787967249751091	0.5759344957768917	0.2120327539741993	0.787967249751091	0.1598208248615265	False	True	0.13614057004451752	0.8638594150543213	True	0.43970930576324463	0.5602907538414001
4i9b9l	russian bailiffs arrest debtors cat	data/processed/pro_fakeddit/images/4i9b9l.jpg	1	1	True	0.6745720356702805	0.3491440713405609	0.32542796432971954	0.6745720356702805	0.11144797503948212	False	True	0.27633756399154663	0.7236624360084534	True	0.4726991653442383	0.5273008346557617
7kizk0	xwing fighter crash lands on the uss long island during flight testing	data/processed/pro_fakeddit/images/7kizk0.jpg	0	1	False	0.764994703233242	0.5299894325435162	0.23500527068972588	0.764994703233242	0.2674300968647003	False	True	0.14215953648090363	0.8578404188156128	True	0.5135424733161926	0.48645755648612976
17wnqk	a small dog intimidating a larger one	data/processed/pro_fakeddit/images/17wnqk.jpg	1	1	True	0.6461815610527992	0.29236313700675964	0.3538184240460396	0.6461815610527992	0.16075941920280457	False	True	0.29626956582069397	0.7037304043769836	True	0.5264649987220764	0.47353503108024597
asndxy	the rights of the people women are people a poster that listed various us states that gave women a right to vote before and after the ratification of the th amendment	data/processed/pro_fakeddit/images/asndxy.jpg	0	1	False	0.7522565722465515	0.5045132078230381	0.2477433644235134	0.7522565722465515	0.19990524649620056	False	True	0.17292480170726776	0.8270751237869263	True	0.47219905257225037	0.5278009176254272
bnpw3r	my brothers hair is starting to grey but only on one side	data/processed/pro_fakeddit/images/bnpw3r.jpg	1	1	True	0.6451936215162277	0.29038723558187485	0.3548063859343529	0.6451936215162277	0.18118147552013397	False	True	0.3394259512424469	0.6605740785598755	True	0.4009476900100708	0.5990522503852844
d96uwg	some pieces of fools gold that i have been collecting	data/processed/pro_fakeddit/images/d96uwg.jpg	1	1	True	0.6914907991886139	0.382981613278389	0.3085091859102249	0.6914907991886139	0.18608343601226807	False	True	0.264003723859787	0.7359962463378906	True	0.4420255720615387	0.5579744577407837
cltrhlc	not every customer is happy	data/processed/pro_fakeddit/images/cltrhlc.jpg	0	1	False	0.618253082036972	0.2365061566233635	0.38174692541360855	0.618253082036972	0.08560238778591156	False	True	0.3784646987915039	0.6215353012084961	True	0.3915936052799225	0.6084064245223999
7vhacs	the philadelphia super bowl riots expose a racist double standard	data/processed/pro_fakeddit/images/7vhacs.jpg	1	1	True	0.6220697611570358	0.24413951486349106	0.37793024629354477	0.6220697611570358	0.13996458053588867	False	True	0.34080970287323	0.65919029712677	True	0.48929187655448914	0.5107081532478333
bwdulf	part of the bernie sanders is tanking in the polls after a dna test revealed that hes king	data/processed/pro_fakeddit/images/bwdulf.jpg	0	1	False	0.5458867251873016	0.09177346527576447	0.45411325991153717	0.5458867251873016	0.14929229021072388	False	True	0.44337892532348633	0.5566210746765137	True	0.4863162636756897	0.5136836767196655
2dkfxg	japan sends hello kitty into space	data/processed/pro_fakeddit/images/2dkfxg.jpg	1	1	True	0.799754798412323	0.5995095800608397	0.20024521835148335	0.799754798412323	0.21534554660320282	False	True	0.1162782534956932	0.8837217688560486	True	0.45214611291885376	0.5478538870811462
corb31	this compartment in this old radiator for heating stuff	data/processed/pro_fakeddit/images/corb31.jpg	1	1	True	0.6437591761350632	0.28751835972070694	0.35624081641435623	0.6437591761350632	0.17599359154701233	False	True	0.3343491554260254	0.6656508445739746	True	0.42191579937934875	0.5780841708183289
d1x4ww	temperature gradients in an upright empty water bottle that was against the wall at work evaporation on one side condensation on the other	data/processed/pro_fakeddit/images/d1x4ww.jpg	1	0	False	0.6309903115034103	0.26198064535856247	0.6309903115034103	0.36900966614484787	0.17074094712734222	False	True	0.6515040397644043	0.3484959304332733	True	0.5694491267204285	0.43055087327957153
9j4ovo	i got a fortune cookie with two fortunes stuck together inside	data/processed/pro_fakeddit/images/9j4ovo.jpg	1	1	True	0.6264899969100952	0.2529800236225128	0.3735099732875824	0.6264899969100952	0.1675611436367035	False	True	0.3691284954547882	0.6308714747428894	True	0.38665440678596497	0.6133455634117126
7s47f1	saw this in twitter had to share	data/processed/pro_fakeddit/images/7s47f1.jpg	0	1	False	0.5505113005638123	0.10102255642414093	0.4494887441396713	0.5505113005638123	0.09202279150485992	False	True	0.4866117238998413	0.5133883357048035	True	0.3381198048591614	0.6618801951408386
8hrm1w	taylor swift reputation tour az foster kids treated to private show	data/processed/pro_fakeddit/images/8hrm1w.jpg	1	1	True	0.7154765725135803	0.43095314502716064	0.2845234274864197	0.7154765725135803	0.14880265295505524	False	True	0.22131437063217163	0.7786856293678284	True	0.4741505980491638	0.5258494019508362
cz8m8u	this fallen tree branch thats planted roots	data/processed/pro_fakeddit/images/cz8m8u.jpg	1	1	True	0.7259498089551926	0.4518996365368366	0.27405017241835594	0.7259498089551926	0.09929363429546356	False	True	0.2171471267938614	0.782852828502655	True	0.4447593092918396	0.5552407503128052
6v7v36	silverstrand beach were all going to die	data/processed/pro_fakeddit/images/6v7v36.jpg	0	1	False	0.711087629199028	0.4221752807497978	0.2889123484492302	0.711087629199028	0.21416184306144714	False	True	0.2550572454929352	0.7449427247047424	True	0.39047765731811523	0.6095223426818848
3xych9	new high resolution photos of earths moon	data/processed/pro_fakeddit/images/3xych9.jpg	0	1	False	0.5625568926334381	0.125113807618618	0.4374430850148201	0.5625568926334381	-0.005561034195125103	False	True	0.461294025182724	0.5387059450149536	True	0.3658902645111084	0.6341097354888916
230fsc	it is illegal and a punishable crime to give or take dowry lets make our society dowryfree rangpur dinajpur rural organisation rangpur no datedowry outlawed x	data/processed/pro_fakeddit/images/230fsc.jpg	0	1	False	0.742427296936512	0.4848545789718628	0.2575727179646492	0.742427296936512	0.15744905173778534	False	True	0.16403308510780334	0.835966944694519	True	0.5381916165351868	0.46180835366249084
bs71y1	everybody feels free here baltimores nightclub for disabled adults fosters love friendship and inclusion	data/processed/pro_fakeddit/images/bs71y1.jpg	1	1	True	0.7336161285638809	0.46723226830363274	0.2663838602602482	0.7336161285638809	0.12306620180606842	False	True	0.21002452075481415	0.7899754643440247	True	0.4354618787765503	0.5645381212234497
14o7as	westminster council cracks down on rare and mediumrare burgers	data/processed/pro_fakeddit/images/14o7as.jpg	1	1	True	0.5540805459022522	0.10816105455160141	0.4459194913506508	0.5540805459022522	0.12102103233337402	False	True	0.43957820534706116	0.5604218244552612	True	0.4649433493614197	0.5350567102432251
9ii2jj	washington redskin shooting the ball over the uprights	data/processed/pro_fakeddit/images/9ii2jj.jpg	1	1	True	0.6057125627994537	0.21142514795064926	0.3942874148488045	0.6057125627994537	0.19360439479351044	False	True	0.3718796670436859	0.6281203031539917	True	0.46151065826416016	0.5384893417358398
7l6x1c	i cheated on my phone a few years ago before it was meant to be present when the guilty one is punished	data/processed/pro_fakeddit/images/7l6x1c.jpg	0	1	False	0.7444267123937607	0.48885347694158554	0.25557323545217514	0.7444267123937607	0.030174478888511658	False	True	0.20812594890594482	0.7918739914894104	True	0.3979150950908661	0.6020848751068115
cuasoqo	for fucks sake mom rick identifies as a trex and you dont hear his mother bitching about it	data/processed/pro_fakeddit/images/cuasoqo.jpg	0	1	False	0.5158374458551407	0.03167489916086197	0.4841625466942787	0.5158374458551407	0.06359260529279709	False	True	0.5103666186332703	0.48963338136672974	True	0.4055503308773041	0.5944496393203735
73kj8l	oj simpson freed on parole ap citing nevada prison official	data/processed/pro_fakeddit/images/73kj8l.jpg	1	1	True	0.7596850097179413	0.5193699970841408	0.2403150126338005	0.7596850097179413	0.0733078122138977	False	True	0.14930424094200134	0.850695788860321	True	0.513347327709198	0.486652672290802
56sgee	sky island one of my whims	data/processed/pro_fakeddit/images/56sgee.jpg	0	1	False	0.6913091987371445	0.38261839747428894	0.30869080126285553	0.6913091987371445	0.15212158858776093	False	True	0.28209537267684937	0.7179046273231506	True	0.388477087020874	0.611522912979126
8xw82z	this cat wearing a birthday hat	data/processed/pro_fakeddit/images/8xw82z.jpg	1	1	True	0.760864794254303	0.521729614585638	0.23913517966866493	0.760864794254303	0.18581783771514893	False	True	0.18753106892108917	0.8124688863754272	True	0.3939475119113922	0.6060525178909302
d7qrel	unmalnaebe books how does one make those letters stand out	data/processed/pro_fakeddit/images/d7qrel.jpg	0	0	True	0.5854722931981087	0.17094463855028152	0.5854722931981087	0.41452765464782715	0.041426315903663635	False	True	0.6549410223960876	0.3450589179992676	True	0.37706610560417175	0.6229338645935059
3fx6rj	oh god i cant do this again	data/processed/pro_fakeddit/images/3fx6rj.jpg	0	1	False	0.6450793743133545	0.2901587262749672	0.3549206480383873	0.6450793743133545	0.03944459930062294	False	True	0.34968236088752747	0.6503176689147949	True	0.3706355094909668	0.6293644905090332
9jwxyr	seen at am we still dont know what the other clock is	data/processed/pro_fakeddit/images/9jwxyr.jpg	1	1	True	0.6852706968784332	0.3705413490533829	0.31472934782505035	0.6852706968784332	0.10869882255792618	False	True	0.29689669609069824	0.7031033635139465	True	0.3682273030281067	0.6317726969718933
d7thzmj	china face read all about it	data/processed/pro_fakeddit/images/d7thzmj.jpg	0	0	True	0.6284280121326447	0.2568560540676117	0.6284280121326447	0.37157195806503296	0.10698628425598145	False	True	0.6920363903045654	0.3079635500907898	True	0.4376028776168823	0.5623971819877625
atlgmz	starburst some how knew i prefer pink	data/processed/pro_fakeddit/images/atlgmz.jpg	1	1	True	0.6670049577951431	0.33400995284318924	0.3329950049519539	0.6670049577951431	0.2237960696220398	False	True	0.31412121653556824	0.6858787536621094	True	0.38961637020111084	0.6103835701942444
d7e2ga	one red tomato on a yellow tomato plant	data/processed/pro_fakeddit/images/d7e2ga.jpg	1	1	True	0.6423754245042801	0.284750834107399	0.3576245903968811	0.6423754245042801	0.13243858516216278	False	True	0.2787606120109558	0.7212393879890442	True	0.594216525554657	0.4057835340499878
bpwfcv	found the rotting supplies from a fallout shelter in the woods	data/processed/pro_fakeddit/images/bpwfcv.jpg	1	1	True	0.7856913059949875	0.5713825672864914	0.2143087387084961	0.7856913059949875	0.18017499148845673	False	True	0.15994620323181152	0.8400538563728333	True	0.3773963451385498	0.6226036548614502
c590vc	this hr format analog clock	data/processed/pro_fakeddit/images/c590vc.jpg	1	1	True	0.6750042736530304	0.3500085547566414	0.324995718896389	0.6750042736530304	0.15852829813957214	False	True	0.30711686611175537	0.6928831338882446	True	0.3786322772502899	0.6213676929473877
9gy0g9	chewbacca over the moon after receiving his gold disk certification for over sales of his smash hit looking for love in alderaan places circa a long time ago in a galaxy far far away	data/processed/pro_fakeddit/images/9gy0g9.jpg	0	1	False	0.7819786965847015	0.5639574211090803	0.21802127547562122	0.7819786965847015	0.09880233556032181	False	True	0.12164600938558578	0.8783539533615112	True	0.5071470737457275	0.49285292625427246
dgv643	nashville boom is great but its not equitable business leaders say this region is emerging as the next innovation hub liu said the question now for nashville is can this region demonstrate that inclusive innovation is possible	data/processed/pro_fakeddit/images/dgv643.jpg	1	1	True	0.7368744909763336	0.47374897450208664	0.263125516474247	0.7368744909763336	0.15612998604774475	False	True	0.18499314785003662	0.8150068521499634	True	0.49752262234687805	0.5024774074554443
b1xlz3	salt stain on boot looks like mushroom cloud	data/processed/pro_fakeddit/images/b1xlz3.jpg	1	0	False	0.5572769194841385	0.11455382406711578	0.5572769194841385	0.4427230954170227	0.1878780573606491	False	True	0.579395055770874	0.420604944229126	True	0.4909225106239319	0.5090775489807129
critus	my cat is facing the camera and his eyes are wide open but you cant see them in the picture	data/processed/pro_fakeddit/images/critus.jpg	1	1	True	0.762569472193718	0.525138933211565	0.23743053898215294	0.762569472193718	0.11968163400888443	False	True	0.1801701933145523	0.8198298215866089	True	0.40921157598495483	0.5907884240150452
bumaet	this atm requires cards to be inserted horizontally to help prevent skimmer attacks	data/processed/pro_fakeddit/images/bumaet.jpg	1	1	True	0.5404523089528084	0.08090456575155258	0.4595477432012558	0.5404523089528084	0.20005959272384644	False	True	0.4415300488471985	0.5584700107574463	True	0.5136008262634277	0.48639920353889465
7oae4s	pat smear of the germspreforming live on stage with the washington grunge group nirvana	data/processed/pro_fakeddit/images/7oae4s.jpg	0	1	False	0.7062748596072197	0.41254972666502	0.2937251329421997	0.7062748596072197	0.02577412687242031	False	True	0.21469157934188843	0.7853084206581116	True	0.5308257937431335	0.46917417645454407
6oppz4	joe biden kissing a little girls head	data/processed/pro_fakeddit/images/6oppz4.jpg	1	1	True	0.6656580492854118	0.33131611347198486	0.33434193581342697	0.6656580492854118	0.20279933512210846	False	True	0.2610072195529938	0.7389927506446838	True	0.5543460845947266	0.4456539452075958
7ytt37	british pilot smiles before going off on his final flight	data/processed/pro_fakeddit/images/7ytt37.jpg	0	1	False	0.7352731078863144	0.4705462232232094	0.264726884663105	0.7352731078863144	0.1077534556388855	False	True	0.2147618532180786	0.7852381467819214	True	0.4146219789981842	0.5853779911994934
61lfuj	warning while bush spends billions playing cowboy million americans have no health insurance one american dies of aids every eight minutes act up us	data/processed/pro_fakeddit/images/61lfuj.jpg	0	0	True	0.5988321006298065	0.19766415655612946	0.5988321006298065	0.40116794407367706	0.25919458270072937	False	True	0.6433446407318115	0.35665541887283325	True	0.4652944803237915	0.5347055196762085
49h3vi	til of the poppy in george r r tolkien described his first big break in the netherlands injured nearly people and injuring more	data/processed/pro_fakeddit/images/49h3vi.jpg	0	1	False	0.7007954716682434	0.401590958237648	0.2992045134305954	0.7007954716682434	0.003311403561383486	False	True	0.2609040439128876	0.73909592628479	True	0.41410592198371887	0.5858941078186035
bjl9zd	cross section of egg that broke through shell during boiling	data/processed/pro_fakeddit/images/bjl9zd.jpg	1	1	True	0.5401887446641922	0.080377496778965	0.4598112478852272	0.5401887446641922	0.18977078795433044	False	True	0.4485010504722595	0.5514989495277405	True	0.49374184012413025	0.5062581300735474
ddqmivi	i dont want no fop gahdammit	data/processed/pro_fakeddit/images/ddqmivi.jpg	0	1	False	0.5307062864303589	0.06141257286071777	0.4692937135696411	0.5307062864303589	0.056716956198215485	False	True	0.4865218997001648	0.5134781002998352	True	0.41760915517807007	0.5823908448219299
1kn9ah	my friend found a sad pickle	data/processed/pro_fakeddit/images/1kn9ah.jpg	0	1	False	0.668867364525795	0.33773472905158997	0.331132635474205	0.668867364525795	0.22617697715759277	False	True	0.30486947298049927	0.6951305270195007	True	0.40992212295532227	0.5900778770446777
1kn3d1	seattle seahawks and make a wish do something absolutely incredible for yo with rare heart condition	data/processed/pro_fakeddit/images/1kn3d1.jpg	1	1	True	0.7209919393062592	0.4419838972389698	0.27900804206728935	0.7209919393062592	0.1653129756450653	False	True	0.21980701386928558	0.7801929712295532	True	0.45661112666130066	0.543388843536377
5s1ipk	trump blasts socalled federal judges block of travel ban	data/processed/pro_fakeddit/images/5s1ipk.jpg	1	1	True	0.5954881757497787	0.19097638130187988	0.40451179444789886	0.5954881757497787	0.126961812376976	False	True	0.3834554851055145	0.6165444850921631	True	0.4676807224750519	0.5323192477226257
868ro2	padtampon dispenser looks like a metallic groot	data/processed/pro_fakeddit/images/868ro2.jpg	0	1	False	0.5780272632837296	0.1560545563697815	0.42197270691394806	0.5780272632837296	0.1512117087841034	False	True	0.41167178750038147	0.5883281826972961	True	0.4528754651546478	0.5471245050430298
d7a3wfc	an old picture has been retrieved	data/processed/pro_fakeddit/images/d7a3wfc.jpg	0	1	False	0.7159020155668259	0.43180401623249054	0.2840979993343353	0.7159020155668259	0.0793137177824974	False	True	0.25601643323898315	0.7439835667610168	True	0.36834269762039185	0.6316573619842529
cfwtgda	mary how do you control this fucking thing	data/processed/pro_fakeddit/images/cfwtgda.jpg	0	1	False	0.6058835536241531	0.21176709979772568	0.39411645382642746	0.6058835536241531	0.0436912477016449	False	True	0.4024590849876404	0.5975409150123596	True	0.3690885603427887	0.6309114694595337
7ooady	robert downey jr pretending to hold up the avengers logo	data/processed/pro_fakeddit/images/7ooady.jpg	1	1	True	0.6987468376755714	0.3974936902523041	0.30125314742326736	0.6987468376755714	0.23520413041114807	False	True	0.21447667479515076	0.7855232954025269	True	0.5615825653076172	0.4384174644947052
dchfeco	beware that which lurks in the dark	data/processed/pro_fakeddit/images/dchfeco.jpg	0	1	False	0.6968819051980972	0.39376384019851685	0.3031180649995804	0.6968819051980972	0.080136239528656	False	True	0.27447137236595154	0.7255285978317261	True	0.3890581429004669	0.6109418272972107
75srzq	rare picture of adolf hitler without his mustache	data/processed/pro_fakeddit/images/75srzq.jpg	0	1	False	0.5729173868894577	0.14583482593297958	0.4270825609564781	0.5729173868894577	0.06752466410398483	False	True	0.4286327362060547	0.5713672041893005	True	0.4224320352077484	0.5775679349899292
105aix	obama meets jayz and beyonce	data/processed/pro_fakeddit/images/105aix.jpg	1	1	True	0.726822629570961	0.4536452665925026	0.2731773629784584	0.726822629570961	0.23235177993774414	False	True	0.21154212951660156	0.7884578704833984	True	0.45808306336402893	0.5419169068336487
9k5p2b	this chicken nugget dispenser at my campground	data/processed/pro_fakeddit/images/9k5p2b.jpg	1	0	False	0.5978366062045097	0.19567319750785828	0.5978366062045097	0.40216340869665146	0.18895716965198517	False	True	0.6450391411781311	0.3549608886241913	True	0.45622900128364563	0.543770968914032
atbh3x	panorama of crucible lake	data/processed/pro_fakeddit/images/atbh3x.jpg	1	1	True	0.8010939359664917	0.6021878756582737	0.198906060308218	0.8010939359664917	0.15307077765464783	False	True	0.12136657536029816	0.878633439540863	True	0.43152451515197754	0.5684754252433777
1un0ad	my sons ninja puddle kick	data/processed/pro_fakeddit/images/1un0ad.jpg	1	1	True	0.7578853219747543	0.5157705806195736	0.24211474135518074	0.7578853219747543	0.1812712401151657	False	True	0.18452860414981842	0.8154714703559875	True	0.4148731529712677	0.5851268768310547
4h805l	abandoned sloth found a new friend	data/processed/pro_fakeddit/images/4h805l.jpg	1	1	True	0.7337077409029007	0.467415489256382	0.2662922516465187	0.7337077409029007	0.19065693020820618	False	True	0.22945207357406616	0.7705479264259338	True	0.37681278586387634	0.6231871843338013
8gqzbs	when this high schooler asked emma stone to be his date to prom she said yes but then got so trashed in the limo on the way there that she didnt even make it into the dance	data/processed/pro_fakeddit/images/8gqzbs.jpg	0	1	False	0.601955771446228	0.20391153544187546	0.39804423600435257	0.601955771446228	0.1156337708234787	False	True	0.3676204979419708	0.6323795318603516	True	0.4893154501914978	0.5106844902038574
2857zc	awww the poor things terrified	data/processed/pro_fakeddit/images/2857zc.jpg	0	1	False	0.7114313393831253	0.4228626638650894	0.2885686755180359	0.7114313393831253	0.04538843780755997	False	True	0.2709886133670807	0.7290114164352417	True	0.3413088619709015	0.6586911082267761
4qwlrw	an early publicity photo taken around the time of the casting of harry hermione and ron for the first harry potter movie	data/processed/pro_fakeddit/images/4qwlrw.jpg	1	1	True	0.757856972515583	0.5157139487564564	0.24214302375912666	0.757856972515583	0.18791034817695618	False	True	0.154405876994133	0.8455941081047058	True	0.5053544640541077	0.4946455657482147
6xspe9	someone broke into his home ignored the electronics and stole legos worth	data/processed/pro_fakeddit/images/6xspe9.jpg	1	0	False	0.5032929703593254	0.006585970520973206	0.5032929703593254	0.4967069998383522	0.13924309611320496	False	True	0.52878338098526	0.4712165892124176	True	0.4268217384815216	0.573178231716156
2wvyxn	campaign leading white house contenders already violating finance laws report	data/processed/pro_fakeddit/images/2wvyxn.jpg	1	1	True	0.569413810968399	0.1388276368379593	0.43058617413043976	0.569413810968399	0.05151338875293732	False	True	0.4117272198200226	0.588272750377655	True	0.4871630370616913	0.5128369927406311
cgwqlm	my town released hundreds of goats to eat the grass on a hill	data/processed/pro_fakeddit/images/cgwqlm.jpg	1	1	True	0.7399246543645859	0.4798492603003979	0.260075394064188	0.7399246543645859	0.19972065091133118	False	True	0.21847082674503326	0.7815292477607727	True	0.3848890960216522	0.6151108741760254
c76al6	this water bottle has a spot for your name	data/processed/pro_fakeddit/images/c76al6.jpg	1	0	False	0.5734360665082932	0.1468721553683281	0.5734360665082932	0.42656391113996506	0.14703918993473053	False	True	0.6314713358879089	0.3685286343097687	True	0.3993302583694458	0.6006697416305542
3eywnc	katie hopkins proposes euthanasia vans as uk has far too many old people	data/processed/pro_fakeddit/images/3eywnc.jpg	1	1	True	0.5768734663724899	0.15374695509672165	0.4231265112757683	0.5768734663724899	0.17536364495754242	False	True	0.4094294607639313	0.5905705094337463	True	0.4642176628112793	0.5357823371887207
49emmg	of top officials at northern powerhouse department work in london	data/processed/pro_fakeddit/images/49emmg.jpg	1	1	True	0.66628697514534	0.3325739875435829	0.33371298760175705	0.66628697514534	0.14709702134132385	False	True	0.3154072165489197	0.6845927238464355	True	0.38863030076026917	0.6113697290420532
avdoxi	samsung health icon looks like a duck looking right your left i posted in confusing perspective but no one could see it there	data/processed/pro_fakeddit/images/avdoxi.jpg	0	0	True	0.5438357070088387	0.0876714214682579	0.5438357070088387	0.45616428554058075	0.18323954939842224	False	True	0.5654285550117493	0.43457144498825073	True	0.4790571630001068	0.5209428071975708
16nb1y	john rocker writes in column that holocaust would have never taken place if jewish people had guns ny daily news	data/processed/pro_fakeddit/images/16nb1y.jpg	1	1	True	0.7014559507369995	0.4029119089245796	0.2985440418124199	0.7014559507369995	0.08760138601064682	False	True	0.2358822226524353	0.7641177773475647	True	0.48652949929237366	0.513470470905304
6td0i1	nazis ecstatic trump refused to condemn white supremacist violence	data/processed/pro_fakeddit/images/6td0i1.jpg	1	0	False	0.5508183315396309	0.10163669288158417	0.5508183315396309	0.4491816386580467	0.10446217656135559	False	True	0.5841497778892517	0.4158501923084259	True	0.45082399249076843	0.5491759777069092
50ey8s	professor hunger strikes against denial of tenure	data/processed/pro_fakeddit/images/50ey8s.jpg	1	1	True	0.7099622339010239	0.4199245385825634	0.29003769531846046	0.7099622339010239	0.10402849316596985	False	True	0.2383468598127365	0.7616530656814575	True	0.4451102018356323	0.5548897385597229
2oqtmo	asteroid strike warnings build towards campaigners big day of rock	data/processed/pro_fakeddit/images/2oqtmo.jpg	1	1	True	0.6148933619260788	0.229786716401577	0.3851066455245018	0.6148933619260788	0.1936153918504715	False	True	0.37094366550445557	0.6290563344955444	True	0.4275955855846405	0.5724044442176819
1ouamz	troops on trucks with an explosion in the background	data/processed/pro_fakeddit/images/1ouamz.jpg	1	1	True	0.8024488240480423	0.6048976648598909	0.19755115918815136	0.8024488240480423	0.17014260590076447	False	True	0.08225236088037491	0.9177476167678833	True	0.5434475541114807	0.4565524458885193
4o1aqr	tn state rep to give away ars at fundraiser	data/processed/pro_fakeddit/images/4o1aqr.jpg	1	1	True	0.6081551760435104	0.2163103148341179	0.39184486120939255	0.6081551760435104	0.1217762902379036	False	True	0.37574249505996704	0.6242575645446777	True	0.44015195965766907	0.5598480105400085
46lrdo	planned avalanche buries russian town no warning to residents	data/processed/pro_fakeddit/images/46lrdo.jpg	1	1	True	0.7602688074111938	0.5205375552177429	0.23973125219345093	0.7602688074111938	0.15787892043590546	False	True	0.16203802824020386	0.8379620313644409	True	0.47281092405319214	0.5271891355514526
2jxazs	saw this spooky guy in my ice cream cone	data/processed/pro_fakeddit/images/2jxazs.jpg	0	1	False	0.6368479877710342	0.2736959755420685	0.36315201222896576	0.6368479877710342	0.2031092643737793	False	True	0.33906614780426025	0.6609338521957397	True	0.4354096055030823	0.5645903944969177
5r5ggc	this new air selfie thing is quadrupleshocked	data/processed/pro_fakeddit/images/5r5ggc.jpg	0	1	False	0.7055379003286362	0.41107576340436935	0.2944621369242668	0.7055379003286362	0.22336071729660034	False	True	0.2555442750453949	0.7444557547569275	True	0.41121572256088257	0.5887843370437622
c6xua9h	its actually camouflage	data/processed/pro_fakeddit/images/c6xua9h.jpg	0	0	True	0.5080094859004021	0.016019009053707123	0.5080094859004021	0.49199047684669495	0.0632684975862503	False	True	0.5609568953514099	0.4390430450439453	True	0.34916725754737854	0.6508327722549438
cllapo	this cloud looks like a buff rooster with a mace	data/processed/pro_fakeddit/images/cllapo.jpg	1	0	False	0.5584673285484314	0.11693461239337921	0.5584673285484314	0.4415327161550522	0.18349343538284302	False	True	0.6060832738876343	0.3939167857170105	True	0.41561949253082275	0.5843805074691772
6s9p5s	authorities florida man lawyers pants catch on fire to bed while husband was sleeping in strangers garage	data/processed/pro_fakeddit/images/6s9p5s.jpg	0	1	False	0.5897732079029083	0.17954637110233307	0.41022683680057526	0.5897732079029083	0.01735403761267662	False	True	0.3888911008834839	0.6111089587211609	True	0.47423404455184937	0.5257659554481506
dhbmvr	this mini kart track right next to the real one	data/processed/pro_fakeddit/images/dhbmvr.jpg	1	1	True	0.6750150471925735	0.3500300794839859	0.32498496770858765	0.6750150471925735	0.13800397515296936	False	True	0.30707424879074097	0.692925751209259	True	0.3787171244621277	0.6212829351425171
8zg6y9	this snake is all wrapped up	data/processed/pro_fakeddit/images/8zg6y9.jpg	0	1	False	0.6805292665958405	0.3610585108399391	0.31947075575590134	0.6805292665958405	-0.006628954317420721	False	True	0.2957663834095001	0.7042336463928223	True	0.390583872795105	0.609416127204895
25ahrg	too bugged out to thug out	data/processed/pro_fakeddit/images/25ahrg.jpg	0	1	False	0.701248288154602	0.4024965837597847	0.29875170439481735	0.701248288154602	0.052101001143455505	False	True	0.27509549260139465	0.724904477596283	True	0.36972033977508545	0.6302797198295593
c26rhw	a former ohio teacher is facing sex charges involving more than female firstgraders john austin hopkins was indicted monday	data/processed/pro_fakeddit/images/c26rhw.jpg	1	1	True	0.5823318213224411	0.16466368734836578	0.4176681339740753	0.5823318213224411	0.15465380251407623	False	True	0.38448548316955566	0.6155144572257996	True	0.5172160863876343	0.4827839136123657
ck5cow	a collection of water on my patio table looks like fry from futurama about to be eaten by a fish	data/processed/pro_fakeddit/images/ck5cow.jpg	1	1	True	0.5610189959406853	0.12203796207904816	0.4389810338616371	0.5610189959406853	0.07878973335027695	False	True	0.4070097506046295	0.5929902791976929	True	0.5348948836326599	0.4651051461696625
2e2gf2	man fakes own death to avoid upcoming wedding	data/processed/pro_fakeddit/images/2e2gf2.jpg	1	1	True	0.5552617609500885	0.11052357405424118	0.4447381868958473	0.5552617609500885	0.10902591049671173	False	True	0.44786256551742554	0.5521373748779297	True	0.43536505103111267	0.5646349191665649
51u4bm	different colors chance and change	data/processed/pro_fakeddit/images/51u4bm.jpg	0	1	False	0.6319094449281693	0.2638188600540161	0.36809058487415314	0.6319094449281693	0.128964364528656	False	True	0.36571237444877625	0.6342876553535461	True	0.3752252161502838	0.6247748136520386
1ck66j	tin of biscuits goes missing from police station and officers report it as a crime	data/processed/pro_fakeddit/images/1ck66j.jpg	1	1	True	0.6076519936323166	0.215303935110569	0.3923480585217476	0.6076519936323166	0.10380861163139343	False	True	0.37399059534072876	0.626009464263916	True	0.4474204480648041	0.5525795817375183
ceaau6	the way the stem ripped from my peach	data/processed/pro_fakeddit/images/ceaau6.jpg	1	1	True	0.6444298028945923	0.28885963559150696	0.3555701673030853	0.6444298028945923	0.13303714990615845	False	True	0.33491161465644836	0.6650883555412292	True	0.4175458252429962	0.5824541449546814
4tv5u8	angrily charging into battle	data/processed/pro_fakeddit/images/4tv5u8.jpg	0	1	False	0.7654211968183517	0.5308424085378647	0.23457878828048706	0.7654211968183517	0.10706924647092819	False	True	0.1952318251132965	0.8047681450843811	True	0.3526196777820587	0.6473803520202637
bhdxlg	my fortune cookie had three fortunes in it	data/processed/pro_fakeddit/images/bhdxlg.jpg	1	1	True	0.5494737029075623	0.09894737601280212	0.45052632689476013	0.5494737029075623	0.1859598606824875	False	True	0.4718991219997406	0.5281009078025818	True	0.3864079415798187	0.6135920882225037
dlpvzu	what i do with my spare time in construction class	data/processed/pro_fakeddit/images/dlpvzu.jpg	1	1	True	0.6455028802156448	0.29100579768419266	0.3544970825314522	0.6455028802156448	0.1282791793346405	False	True	0.34658122062683105	0.6534187197685242	True	0.37824466824531555	0.6217553615570068
44e6r9	newspaper dropped by the raf on the channel islands during the german occupation uk	data/processed/pro_fakeddit/images/44e6r9.jpg	0	1	False	0.6782134771347046	0.35642697662115097	0.3217865005135536	0.6782134771347046	0.18477317690849304	False	True	0.25271347165107727	0.7472864985466003	True	0.5290055871009827	0.47099441289901733
cezsh5	a half and half tree i came across at the hat creek observatory	data/processed/pro_fakeddit/images/cezsh5.jpg	1	1	True	0.5783833935856819	0.15676674991846085	0.42161664366722107	0.5783833935856819	0.1931076943874359	False	True	0.37965530157089233	0.6203447580337524	True	0.5475006699562073	0.45249930024147034
dij6elx	sirsiri swearsirnot a single drop	data/processed/pro_fakeddit/images/dij6elx.jpg	0	1	False	0.5823854506015778	0.1647709235548973	0.41761452704668045	0.5823854506015778	0.02848859876394272	False	True	0.4183988869190216	0.581601083278656	True	0.415261447429657	0.584738552570343
4wb43d	city of fairfax mayor arrested in methforsex bust police say	data/processed/pro_fakeddit/images/4wb43d.jpg	1	1	True	0.5757054314017296	0.15141087770462036	0.4242945536971092	0.5757054314017296	0.14623114466667175	False	True	0.38855186104774475	0.6114481091499329	True	0.5315226316452026	0.46847739815711975
d9xzl0	spider making their web in front of my security camera this morning	data/processed/pro_fakeddit/images/d9xzl0.jpg	1	1	True	0.6625629514455795	0.32512587308883667	0.33743707835674286	0.6625629514455795	0.14808768033981323	False	True	0.31125450134277344	0.6887455582618713	True	0.4159848093986511	0.5840151309967041
8fzxb9	find out what jason biggs mark zuckerberg and bernie sanders have to say	data/processed/pro_fakeddit/images/8fzxb9.jpg	0	0	True	0.53335802257061	0.06671604514122009	0.53335802257061	0.46664197742938995	0.22744354605674744	False	True	0.5537348389625549	0.44626516103744507	True	0.4722275733947754	0.5277724266052246
2jjvm7	ellen degeneres is very generous donation to help nfl players daughter fight cancer	data/processed/pro_fakeddit/images/2jjvm7.jpg	1	1	True	0.6212406158447266	0.24248123914003372	0.37875937670469284	0.6212406158447266	0.1910090148448944	False	True	0.34883421659469604	0.651165783405304	True	0.4685348570346832	0.5314651131629944
8embki	plantation owner destitute after the seizure of his holdings	data/processed/pro_fakeddit/images/8embki.jpg	0	1	False	0.6061966419219971	0.21239329874515533	0.39380334317684174	0.6061966419219971	0.09047006815671921	False	True	0.3815176784992218	0.6184822916984558	True	0.43066033720970154	0.5693396925926208
bck098	west virginia poverty gets worse under trump economy not better	data/processed/pro_fakeddit/images/bck098.jpg	1	1	True	0.6832477748394012	0.3664955049753189	0.31675226986408234	0.6832477748394012	0.15413258969783783	False	True	0.26957792043685913	0.7304221391677856	True	0.45827531814575195	0.541724681854248
7tk3n3	my puppy mimi at my sweet boy resting in the morning	data/processed/pro_fakeddit/images/7tk3n3.jpg	0	1	False	0.832149475812912	0.6642989963293076	0.16785047948360443	0.832149475812912	-0.004208916798233986	False	True	0.10097640752792358	0.8990235328674316	True	0.368472695350647	0.631527304649353
69fjf0	when you realize everyone is going to make the most of the democrat party is that a girl in a microwave	data/processed/pro_fakeddit/images/69fjf0.jpg	0	1	False	0.6791433691978455	0.3582867234945297	0.32085664570331573	0.6791433691978455	0.006558065302670002	False	True	0.28737762570381165	0.7126224040985107	True	0.421293705701828	0.5787062644958496
8xp1ss	watching all girls garage when suddenly	data/processed/pro_fakeddit/images/8xp1ss.jpg	0	1	False	0.6498838812112808	0.2997678220272064	0.3501160591840744	0.6498838812112808	0.18032804131507874	False	True	0.34241217374801636	0.6575877666473389	True	0.37322771549224854	0.6267722249031067
1xgh9z	the only people harassing the gays of sochi are the foreign journalists	data/processed/pro_fakeddit/images/1xgh9z.jpg	1	1	True	0.6234864443540573	0.24697284400463104	0.37651360034942627	0.6234864443540573	0.15809226036071777	False	True	0.34835219383239746	0.6516478657722473	True	0.4609978199005127	0.5390021800994873
coygman	they see me rollin they hatin	data/processed/pro_fakeddit/images/coygman.jpg	0	1	False	0.5735545307397842	0.14710907638072968	0.42644545435905457	0.5735545307397842	0.08779164403676987	False	True	0.44818589091300964	0.551814079284668	True	0.36122414469718933	0.6387758851051331
cd80q4n	amazing who you see when going for a walk in the hills	data/processed/pro_fakeddit/images/cd80q4n.jpg	0	1	False	0.6484894305467606	0.2969789057970047	0.35151052474975586	0.6484894305467606	0.09294456988573074	False	True	0.3682132959365845	0.6317866444587708	True	0.30140221118927	0.69859778881073
5atqir	manor park ive got a screwdriver and a few minutes	data/processed/pro_fakeddit/images/5atqir.jpg	0	1	False	0.6808922290802002	0.3617844805121422	0.319107748568058	0.6808922290802002	0.24144819378852844	False	True	0.2770739495754242	0.7229260206222534	True	0.4452091455459595	0.5547908544540405
1ogbqh	russia responds to antimigrant riots by arresting migrants	data/processed/pro_fakeddit/images/1ogbqh.jpg	1	1	True	0.7393481135368347	0.47869621217250824	0.2606519013643265	0.7393481135368347	0.11084553599357605	False	True	0.19498875737190247	0.8050112724304199	True	0.4576413333415985	0.5423586368560791
cc2049	i still have my egg baby from grammar school im	data/processed/pro_fakeddit/images/cc2049.jpg	1	1	True	0.6570776849985123	0.31415538489818573	0.34292230010032654	0.6570776849985123	0.17106382548809052	False	True	0.3499296307563782	0.6500703692436218	True	0.32190030813217163	0.6780996322631836
4398cn	pitbull wearing sunglasses with a drum machine from the s	data/processed/pro_fakeddit/images/4398cn.jpg	1	1	True	0.7271664291620255	0.454332809895277	0.27283361926674843	0.7271664291620255	0.19958463311195374	False	True	0.20207883417606354	0.7979212403297424	True	0.4850979745388031	0.5149019956588745
c7q397q	did you say banana proof vest	data/processed/pro_fakeddit/images/c7q397q.jpg	0	1	False	0.5942102074623108	0.18842044472694397	0.4057897627353668	0.5942102074623108	0.17370101809501648	False	True	0.41604992747306824	0.5839500427246094	True	0.3750092685222626	0.624990701675415
df2iiir	cat observing the planet	data/processed/pro_fakeddit/images/df2iiir.jpg	0	1	False	0.5085418745875359	0.017083771526813507	0.49145810306072235	0.5085418745875359	0.14718309044837952	False	True	0.5196400880813599	0.48035988211631775	True	0.4069121479988098	0.5930878520011902
dg51hq	these deceivingly large bins in porto portugal	data/processed/pro_fakeddit/images/dg51hq.jpg	1	1	True	0.6472260802984238	0.2944521829485893	0.35277389734983444	0.6472260802984238	0.16120198369026184	False	True	0.3018139898777008	0.6981859803199768	True	0.5056536197662354	0.49434638023376465
cz4vrs	this ladder near my school	data/processed/pro_fakeddit/images/cz4vrs.jpg	1	1	True	0.6356893479824066	0.27137866616249084	0.36431068181991577	0.6356893479824066	0.20373857021331787	False	True	0.3405541479587555	0.6594458818435669	True	0.4355802834033966	0.5644197463989258
bvo9w5	this soap we have reminds me a lot of the time stone from avengers	data/processed/pro_fakeddit/images/bvo9w5.jpg	1	1	True	0.6393513530492783	0.2787027209997177	0.36064863204956055	0.6393513530492783	0.20695848762989044	False	True	0.33959466218948364	0.6604053378105164	True	0.42381054162979126	0.576189398765564
dkdb1c	inside of a frozen pumpkin	data/processed/pro_fakeddit/images/dkdb1c.jpg	1	1	True	0.6955909729003906	0.39118198305368423	0.3044089898467064	0.6955909729003906	0.15473990142345428	False	True	0.25484147667884827	0.7451584935188293	True	0.45311152935028076	0.5468884110450745
25c4ek	the first time i jumped out of an airplane	data/processed/pro_fakeddit/images/25c4ek.jpg	1	1	True	0.7979039251804352	0.595807820558548	0.2020961046218872	0.7979039251804352	0.18108296394348145	False	True	0.14963814616203308	0.8503618836402893	True	0.3594699800014496	0.6405300498008728
4ozt8b	woman pointing out track cyclists massive legs	data/processed/pro_fakeddit/images/4ozt8b.jpg	1	1	True	0.6859720125794411	0.37194405496120453	0.31402795761823654	0.6859720125794411	0.2110895961523056	False	True	0.23762378096580505	0.7623761892318726	True	0.543240487575531	0.4567594826221466
cmawyw	aroma burner is frustrated	data/processed/pro_fakeddit/images/cmawyw.jpg	0	1	False	0.5043784379959106	0.008756868541240692	0.49562156945466995	0.5043784379959106	0.17491497099399567	False	True	0.5149067640304565	0.48509323596954346	True	0.4377659857273102	0.5622340440750122
4ldy6q	south african firefighters to be deployed to fight wildfires in alberta canada	data/processed/pro_fakeddit/images/4ldy6q.jpg	1	1	True	0.7725088745355606	0.5450177676975727	0.2274911068379879	0.7725088745355606	0.13080844283103943	False	True	0.15238715708255768	0.8476127982139587	True	0.45280295610427856	0.5471971035003662
b6rl3u	this warning on my external dvd drive	data/processed/pro_fakeddit/images/b6rl3u.jpg	1	1	True	0.712496429681778	0.4249928258359432	0.28750360384583473	0.712496429681778	0.09249816834926605	False	True	0.23226235806941986	0.7677376866340637	True	0.45322734117507935	0.5467726588249207
dd424g	pilot flew over ancient monte alba ruins in mexico for passenger could see it some ruins date back to ac	data/processed/pro_fakeddit/images/dd424g.jpg	1	1	True	0.7456444650888443	0.4912889674305916	0.2543554976582527	0.7456444650888443	0.1329723596572876	False	True	0.20103594660758972	0.7989640235900879	True	0.4143141508102417	0.5856857895851135
c82ydk	the lines on my lined paper are printed in the wrong direction	data/processed/pro_fakeddit/images/c82ydk.jpg	1	1	True	0.5237950831651688	0.04759019613265991	0.47620488703250885	0.5237950831651688	0.17962732911109924	False	True	0.47852715849876404	0.5214728116989136	True	0.4692380726337433	0.5307618975639343
6jpojp	australian footballer being feinted	data/processed/pro_fakeddit/images/6jpojp.jpg	1	1	True	0.7916547060012817	0.5833094604313374	0.20834524556994438	0.7916547060012817	0.13579624891281128	False	True	0.11872552335262299	0.881274402141571	True	0.47720441222190857	0.5227956175804138
7z77mb	a man preparing to hit the ball	data/processed/pro_fakeddit/images/7z77mb.jpg	1	1	True	0.6922508031129837	0.3845016062259674	0.3077491968870163	0.6922508031129837	0.1415589153766632	False	True	0.250139057636261	0.749860942363739	True	0.4805796146392822	0.5194203853607178
dccegf	shonen knife concert at hardees	data/processed/pro_fakeddit/images/dccegf.jpg	1	1	True	0.688572995364666	0.37714600563049316	0.3114269897341728	0.688572995364666	0.2135298103094101	False	True	0.24479451775550842	0.7552054524421692	True	0.511324405670166	0.48867562413215637
8dhwhx	photo of an alleged satanic ritual circa	data/processed/pro_fakeddit/images/8dhwhx.jpg	0	1	False	0.684070810675621	0.3681415989995003	0.31592921167612076	0.684070810675621	0.027408309280872345	False	True	0.26740238070487976	0.7325976490974426	True	0.46150970458984375	0.5384902954101562
10tba7	we are the happiest hooks	data/processed/pro_fakeddit/images/10tba7.jpg	0	1	False	0.7593846768140793	0.5187693163752556	0.2406153604388237	0.7593846768140793	0.1299867182970047	False	True	0.21265199780464172	0.7873480319976807	True	0.32450544834136963	0.6754946112632751
cjcjb6m	trying out for the olympic diving team	data/processed/pro_fakeddit/images/cjcjb6m.jpg	0	1	False	0.5640469640493393	0.1280939280986786	0.4359530359506607	0.5640469640493393	0.14076974987983704	False	True	0.46102839708328247	0.5389716029167175	True	0.3607269525527954	0.6392730474472046
b5ilmr	antman penetrating thanos	data/processed/pro_fakeddit/images/b5ilmr.jpg	0	1	False	0.6070145666599274	0.21402915567159653	0.39298541098833084	0.6070145666599274	0.07120291888713837	False	True	0.3749457895755768	0.6250541806221008	True	0.447104275226593	0.552895724773407
bjalxc	this urinal has a dick in it	data/processed/pro_fakeddit/images/bjalxc.jpg	1	1	True	0.6206808984279633	0.2413618117570877	0.37931908667087555	0.6206808984279633	0.16450992226600647	False	True	0.3720822036266327	0.6279177665710449	True	0.4010297358036041	0.5989702939987183
cmcyj0	isabella of france invading englandcolorized	data/processed/pro_fakeddit/images/cmcyj0.jpg	0	1	False	0.7865197956562042	0.5730396173894405	0.2134801782667637	0.7865197956562042	0.026327557861804962	False	True	0.14853139221668243	0.851468563079834	True	0.40832653641700745	0.5916734933853149
5qlqu8	i consider myself one of the sides	data/processed/pro_fakeddit/images/5qlqu8.jpg	0	1	False	0.6858280152082443	0.37165600061416626	0.31417201459407806	0.6858280152082443	0.0813668966293335	False	True	0.30335187911987305	0.6966481804847717	True	0.3466324210166931	0.6533675193786621
9emad7	this chip looks like a shoe	data/processed/pro_fakeddit/images/9emad7.jpg	0	1	False	0.6162034720182419	0.23240693658590317	0.3837965354323387	0.6162034720182419	0.23799994587898254	False	True	0.37761688232421875	0.6223831176757812	True	0.4023354947566986	0.5976645350456238
11xasn	mitt romney gives the crowd a thumbs up after the debate	data/processed/pro_fakeddit/images/11xasn.jpg	1	1	True	0.5683761909604073	0.13675236701965332	0.43162382394075394	0.5683761909604073	0.1931547224521637	False	True	0.3931902348995209	0.6068097949028015	True	0.5469245910644531	0.4530753791332245
bqiajy	a peace sign shaped hole in a tree that i found while hiking	data/processed/pro_fakeddit/images/bqiajy.jpg	1	1	True	0.7435805648565292	0.48716117441654205	0.2564193904399872	0.7435805648565292	0.15096968412399292	False	True	0.17229121923446655	0.8277087211608887	True	0.5088039040565491	0.4911960959434509
ccczkx	this box came with a plastic tool for cutting the tape	data/processed/pro_fakeddit/images/ccczkx.jpg	1	0	False	0.5424372851848602	0.08487454801797867	0.5424372851848602	0.45756273716688156	0.13515469431877136	False	True	0.5565377473831177	0.4434622824192047	True	0.5001358985900879	0.4998641014099121
d663gr	saw a pirate ship sailing in the harbour today reflection is because i was on a bus	data/processed/pro_fakeddit/images/d663gr.jpg	1	1	True	0.7522434741258621	0.5044869594275951	0.24775651469826698	0.7522434741258621	0.18449527025222778	False	True	0.18603859841823578	0.813961386680603	True	0.4329102635383606	0.5670897364616394
1ifigy	my brothers navy pictureoh boy	data/processed/pro_fakeddit/images/1ifigy.jpg	1	1	True	0.8251022100448608	0.650204423815012	0.17489778622984886	0.8251022100448608	0.15528981387615204	False	True	0.13168184459209442	0.8683181405067444	True	0.3045456111431122	0.6954544186592102
bklbgq	a gnomeelf that my little sister drew for me today	data/processed/pro_fakeddit/images/bklbgq.jpg	1	1	True	0.5984751880168915	0.19695036858320236	0.4015248194336891	0.5984751880168915	0.1935615986585617	False	True	0.3829408884048462	0.6170591115951538	True	0.4572766125202179	0.5427234172821045
q9lci	clockwise heh from top sad angry and unsure	data/processed/pro_fakeddit/images/q9lci.jpg	0	1	False	0.7583468109369278	0.5166936367750168	0.241653174161911	0.7583468109369278	0.15075436234474182	False	True	0.18306875228881836	0.8169312477111816	True	0.41740643978118896	0.5825935006141663
bl9olk	i thought there was a person buried to the neck	data/processed/pro_fakeddit/images/bl9olk.jpg	0	1	False	0.8119778037071228	0.6239556111395359	0.1880221925675869	0.8119778037071228	0.06807681918144226	False	True	0.13339008390903473	0.8666099309921265	True	0.3519185185432434	0.6480814218521118
1j9qjh	at least six times this week customers at tim hortons restaurants have paid for their own cups of coffee and cups of brew for the next or more people in line	data/processed/pro_fakeddit/images/1j9qjh.jpg	1	1	True	0.5246626436710358	0.049325332045555115	0.47533731162548065	0.5246626436710358	0.12008674442768097	False	True	0.46122103929519653	0.5387789011001587	True	0.517686128616333	0.482313871383667
c7zod5	storm over saint louis kinda looks like missouri	data/processed/pro_fakeddit/images/c7zod5.jpg	1	1	True	0.6527311056852341	0.30546219646930695	0.3472689092159271	0.6527311056852341	0.15612614154815674	False	True	0.33173510432243347	0.6682649254798889	True	0.3938703238964081	0.6061296463012695
cejkv1i	mouse leaping over grass	data/processed/pro_fakeddit/images/cejkv1i.jpg	0	1	False	0.7509138286113739	0.5018276907503605	0.2490861378610134	0.7509138286113739	0.2030060589313507	False	True	0.16717363893985748	0.8328263163566589	True	0.4948236346244812	0.5051763653755188
2m15hx	genome reveals how cats evolved to tolerate humans	data/processed/pro_fakeddit/images/2m15hx.jpg	1	1	True	0.5614130049943924	0.12282602488994598	0.4385869801044464	0.5614130049943924	0.11666858941316605	False	True	0.4499434530735016	0.550056517124176	True	0.4045175611972809	0.5954824686050415
dcqi76	this menu has an option to order a beer for the kitchen staff	data/processed/pro_fakeddit/images/dcqi76.jpg	1	1	True	0.7447078675031662	0.4894157536327839	0.2552921138703823	0.7447078675031662	0.1332467794418335	False	True	0.19464437663555145	0.8053556084632874	True	0.4372353255748749	0.5627646446228027
bz26fm	dae remember the glory days of the s fuck that	data/processed/pro_fakeddit/images/bz26fm.jpg	0	1	False	0.8278723359107971	0.6557446718215942	0.17212766408920288	0.8278723359107971	0.04773181304335594	False	True	0.11015236377716064	0.8898476362228394	True	0.3580535650253296	0.6419464349746704
179rnu	nhl player marian hossa celeberates goal	data/processed/pro_fakeddit/images/179rnu.jpg	1	1	True	0.8152590095996857	0.6305180303752422	0.18474097922444344	0.8152590095996857	0.17588375508785248	False	True	0.08023963868618011	0.9197603464126587	True	0.4982450008392334	0.5017549991607666
4ckph7	jack dempseys endorsement of fdrs reelection	data/processed/pro_fakeddit/images/4ckph7.jpg	0	1	False	0.6584595590829849	0.31691915541887283	0.3415404036641121	0.6584595590829849	0.15761850774288177	False	True	0.30405598878860474	0.6959439516067505	True	0.45399364829063416	0.5460063815116882
1evsbv	my big brother a wounded iraq veteran and his family were just given a mortgagefree home estimated at	data/processed/pro_fakeddit/images/1evsbv.jpg	1	1	True	0.6588233560323715	0.31764671951532364	0.3411766365170479	0.6588233560323715	0.07744574546813965	False	True	0.31617438793182373	0.6838256120681763	True	0.41618338227272034	0.5838165879249573
dex5as	this swarm of bees around my car this morning	data/processed/pro_fakeddit/images/dex5as.jpg	1	1	True	0.7554217875003815	0.5108435116708279	0.2445782758295536	0.7554217875003815	0.1639302521944046	False	True	0.16608072817325592	0.83391934633255	True	0.48007091879844666	0.5199291110038757
7syh68	i think my new work test phone is cute	data/processed/pro_fakeddit/images/7syh68.jpg	0	1	False	0.5422118306159973	0.08442363888025284	0.4577881917357445	0.5422118306159973	0.11997196078300476	False	True	0.4898500144481659	0.5101500153541565	True	0.3616027235984802	0.6383972764015198
5hznyi	if you worked as hard and fast as a jap wed smash tokio a lot quicker usa	data/processed/pro_fakeddit/images/5hznyi.jpg	0	0	True	0.5199836492538452	0.03996725380420685	0.5199836492538452	0.48001639544963837	0.2710632383823395	False	True	0.5483249425888062	0.4516751170158386	True	0.4349597692489624	0.5650402307510376
1cnr7i	riker near a greenscreen	data/processed/pro_fakeddit/images/1cnr7i.jpg	1	1	True	0.7451777905225754	0.49035558477044106	0.2548222057521343	0.7451777905225754	0.163768470287323	False	True	0.17517565190792084	0.824824333190918	True	0.4937618672847748	0.5062381625175476
8yszef	this camera being tired of being a camera	data/processed/pro_fakeddit/images/8yszef.jpg	0	1	False	0.7256040871143341	0.45120813325047493	0.2743959538638592	0.7256040871143341	0.12167888879776001	False	True	0.23567859828472137	0.7643214464187622	True	0.3905480206012726	0.6094520092010498
clo6v43	she hath cometh to slay the beast	data/processed/pro_fakeddit/images/clo6v43.jpg	0	1	False	0.6613406240940094	0.3226812183856964	0.338659405708313	0.6613406240940094	0.13569438457489014	False	True	0.32255640625953674	0.6774436235427856	True	0.3869684040546417	0.6130316257476807
d87gr8	my curtain after few years in the sun same fabric and once same color	data/processed/pro_fakeddit/images/d87gr8.jpg	1	1	True	0.6508902609348297	0.30178050696849823	0.3491097539663315	0.6508902609348297	0.10026134550571442	False	True	0.30750319361686707	0.6924968361854553	True	0.47392943501472473	0.5260705351829529
8nww1z	rapper offset buys a good samaritan a car for coming to his aid after a car accident	data/processed/pro_fakeddit/images/8nww1z.jpg	1	1	True	0.6713178157806396	0.3426356241106987	0.32868219166994095	0.6713178157806396	0.15736079216003418	False	True	0.2742946147918701	0.7257053852081299	True	0.49184492230415344	0.508155107498169
9jqafh	a distraught man surrounded by worried people	data/processed/pro_fakeddit/images/9jqafh.jpg	1	1	True	0.573488749563694	0.14697744697332382	0.4265113025903702	0.573488749563694	0.10122884064912796	False	True	0.38210904598236084	0.6178910136222839	True	0.5597180724143982	0.4402819573879242
7kb0wt	george washington with his wig on	data/processed/pro_fakeddit/images/7kb0wt.jpg	0	0	True	0.5270432308316231	0.05408643186092377	0.5270432308316231	0.4729567989706993	0.1503123939037323	False	True	0.5685723423957825	0.4314276874065399	True	0.4024558961391449	0.5975441336631775
ash26u	menu at local restaurant has this guide for how you want your meat cooked	data/processed/pro_fakeddit/images/ash26u.jpg	1	0	False	0.515931598842144	0.03186320513486862	0.515931598842144	0.4840683937072754	0.20373091101646423	False	True	0.5429553389549255	0.45704466104507446	True	0.43486037850379944	0.5651395916938782
4pj0v7	us militarys satellitelaunching xs space plane will eventually be able to take close pictures of something moving	data/processed/pro_fakeddit/images/4pj0v7.jpg	0	1	False	0.6211490854620934	0.2422981783747673	0.37885090708732605	0.6211490854620934	0.011945893988013268	False	True	0.3339692950248718	0.6660307049751282	True	0.5134957432746887	0.4865042269229889
c20jct	the trebek effect the benefits of well wishes	data/processed/pro_fakeddit/images/c20jct.jpg	1	1	True	0.6067395359277725	0.21347911655902863	0.3932604193687439	0.6067395359277725	0.12645792961120605	False	True	0.3762049674987793	0.6237949728965759	True	0.4444267749786377	0.5555732250213623
3andu5	new surfboard day firewire sweet potato wood laminate deck	data/processed/pro_fakeddit/images/3andu5.jpg	0	1	False	0.5482705682516098	0.09654109925031662	0.4517294690012932	0.5482705682516098	-0.01887926086783409	False	True	0.4519495964050293	0.5480504631996155	True	0.45106908679008484	0.5489308834075928
8parze	sean hannity tells mueller investigation witnesses to destroy evidence	data/processed/pro_fakeddit/images/8parze.jpg	1	0	False	0.5576706826686859	0.11534134298563004	0.5576706826686859	0.4423293396830559	0.19537368416786194	False	True	0.573843777179718	0.42615625262260437	True	0.5091513991355896	0.4908486008644104
doyvgk9	help me obi wan kenobi youre my only hope	data/processed/pro_fakeddit/images/doyvgk9.jpg	0	1	False	0.5636337846517563	0.1272675171494484	0.4363662675023079	0.5636337846517563	0.14716103672981262	False	True	0.4494665265083313	0.5505335330963135	True	0.39706549048423767	0.6029345393180847
cylx54	old lucozade bottle i found on top of cage	data/processed/pro_fakeddit/images/cylx54.jpg	1	0	False	0.5278293639421463	0.0556587278842926	0.5278293639421463	0.4721706360578537	0.22537687420845032	False	True	0.5546758770942688	0.4453241229057312	True	0.4472898244857788	0.5527101755142212
d1s0m8e	the lord of the rings trilogy had a lot of fx	data/processed/pro_fakeddit/images/d1s0m8e.jpg	0	1	False	0.7702925652265549	0.5405850782990456	0.2297074869275093	0.7702925652265549	0.11963067948818207	False	True	0.16523975133895874	0.834760308265686	True	0.423110693693161	0.5768893361091614
dv4vywb	everything the light touches will one day be yours	data/processed/pro_fakeddit/images/dv4vywb.jpg	0	1	False	0.5821595042943954	0.16431903839111328	0.41784046590328217	0.5821595042943954	0.057200055569410324	False	True	0.4501030147075653	0.5498969554901123	True	0.32105281949043274	0.6789471507072449
34i2vp	ovechkins funny looking wax figure	data/processed/pro_fakeddit/images/34i2vp.jpg	1	1	True	0.7719978392124176	0.5439956337213516	0.22800220549106598	0.7719978392124176	0.1505528837442398	False	True	0.1643264889717102	0.8356735706329346	True	0.4190293550491333	0.5809706449508667
czqi90	this tree that grew around the fence	data/processed/pro_fakeddit/images/czqi90.jpg	1	1	True	0.5063945576548576	0.012789107859134674	0.49360544979572296	0.5063945576548576	0.19409509003162384	False	True	0.5292398929595947	0.47076013684272766	True	0.38670212030410767	0.6132978200912476
3nxb06	wait gg are the people the behind the latest study claiming gg are the video author as an embittered rival when that is slightly better than google blackjack and hookers optional	data/processed/pro_fakeddit/images/3nxb06.jpg	0	1	False	0.7522881031036377	0.5045762062072754	0.2477118968963623	0.7522881031036377	0.030378052964806557	False	True	0.1693507432937622	0.8306492567062378	True	0.4827953577041626	0.5172046422958374
cpfggs	two new ebola treatments prove highly effective in congo epidemic	data/processed/pro_fakeddit/images/cpfggs.jpg	1	1	True	0.7002545893192291	0.40050922706723213	0.299745362251997	0.7002545893192291	0.17117640376091003	False	True	0.2490822821855545	0.7509176731109619	True	0.45173460245132446	0.5482653379440308
374fjw	three pipes form a face yelling out for joy	data/processed/pro_fakeddit/images/374fjw.jpg	0	1	False	0.634358249604702	0.2687165066599846	0.3656417429447174	0.634358249604702	0.1484391689300537	False	True	0.3045516610145569	0.6954483389854431	True	0.548911988735199	0.45108798146247864
4w9v04	german arm wrestling champion	data/processed/pro_fakeddit/images/4w9v04.jpg	1	1	True	0.8062899261713028	0.6125798430293798	0.19371008314192295	0.8062899261713028	0.1940799355506897	False	True	0.12193366140127182	0.87806636095047	True	0.40903934836387634	0.5909606218338013
cdkerz	id feel like this too if my face got stapled hundreds of times a day	data/processed/pro_fakeddit/images/cdkerz.jpg	1	1	True	0.524089552462101	0.04817907512187958	0.4759104773402214	0.524089552462101	0.07940351963043213	False	True	0.5105589628219604	0.48944106698036194	True	0.3719650208950043	0.6280350089073181
4uuy0v	now he understands the game socialist political cartoon	data/processed/pro_fakeddit/images/4uuy0v.jpg	0	1	False	0.5872498452663422	0.17449966073036194	0.4127501845359802	0.5872498452663422	0.22260873019695282	False	True	0.3985668122768402	0.6014332175254822	True	0.45530030131340027	0.5446997284889221
cghliv	this fox on the roof outside my bedroom window	data/processed/pro_fakeddit/images/cghliv.jpg	1	1	True	0.6987456232309341	0.39749128744006157	0.3012543357908726	0.6987456232309341	0.19198128581047058	False	True	0.24444349110126495	0.7555564641952515	True	0.47168686985969543	0.5283131003379822
53ve7m	rules dont allow her teammates to help a calf who collapsed in the shower	data/processed/pro_fakeddit/images/53ve7m.jpg	0	1	False	0.6782779097557068	0.35655586421489716	0.32172204554080963	0.6782779097557068	-0.0012634927406907082	False	True	0.29769599437713623	0.702303946018219	True	0.39380019903182983	0.6061998009681702
b9z9vh	author having a blast here some news from zimbabwe about petty trademark fights	data/processed/pro_fakeddit/images/b9z9vh.jpg	1	0	False	0.5085780173540115	0.01715601235628128	0.5085780173540115	0.49142200499773026	0.13283894956111908	False	True	0.5309450626373291	0.4690549671649933	True	0.44147688150405884	0.5585231184959412
8q1h3c	this goofy fella loves his job	data/processed/pro_fakeddit/images/8q1h3c.jpg	0	1	False	0.6755142211914062	0.3510284870862961	0.32448573410511017	0.6755142211914062	0.04719555750489235	False	True	0.32735973596572876	0.6726402044296265	True	0.3158637285232544	0.6841362714767456
3he464	lac des cheserys massif des aiguilles rouges france	data/processed/pro_fakeddit/images/3he464.jpg	1	1	True	0.6769631057977676	0.35392622649669647	0.32303687930107117	0.6769631057977676	0.15345734357833862	False	True	0.2694303095340729	0.7305696606636047	True	0.48385658860206604	0.5161434412002563
5nt7bc	life expectancy for people with hiv continues to improve to where it is nearly as equal to anyone who is hivnegative	data/processed/pro_fakeddit/images/5nt7bc.jpg	1	1	True	0.5562534481287003	0.11250688135623932	0.44374656677246094	0.5562534481287003	0.12394385039806366	False	True	0.4353589713573456	0.5646410584449768	True	0.468909353017807	0.5310906171798706
8twozl	album cover for pink floyds delicate sound of thunder	data/processed/pro_fakeddit/images/8twozl.jpg	1	0	False	0.5651930421590805	0.1303860992193222	0.5651930421590805	0.4348069429397583	0.154327854514122	False	True	0.5641540288925171	0.4358459413051605	True	0.5683100819587708	0.43168994784355164
ddtw8j	teachers pool cash together to replace bike stolen from student	data/processed/pro_fakeddit/images/ddtw8j.jpg	1	1	True	0.6310501247644424	0.2621002793312073	0.36894984543323517	0.6310501247644424	0.18787410855293274	False	True	0.3393615484237671	0.6606383919715881	True	0.4577147364616394	0.5422853231430054
dcyyqi	my friends bass looks like it was made from bowling alley	data/processed/pro_fakeddit/images/dcyyqi.jpg	1	1	True	0.7380162924528122	0.4760326258838177	0.2619836665689945	0.7380162924528122	0.17862872779369354	False	True	0.20566706359386444	0.7943328619003296	True	0.43093347549438477	0.56906658411026
3mymv3	woman has benefits stopped because taxman believes she is having an affair with the post office	data/processed/pro_fakeddit/images/3mymv3.jpg	1	1	True	0.504183791577816	0.008367560803890228	0.4958162307739258	0.504183791577816	0.15135227143764496	False	True	0.5056955814361572	0.49430444836616516	True	0.46617817878723145	0.5338218212127686
41fl0n	sure let me give you some hot water	data/processed/pro_fakeddit/images/41fl0n.jpg	0	1	False	0.5620196461677551	0.12403924763202667	0.43798039853572845	0.5620196461677551	0.07208603620529175	False	True	0.4674191474914551	0.5325809121131897	True	0.3496641516685486	0.6503358483314514
byns43	immigrants have died in ice custody during the trump administration	data/processed/pro_fakeddit/images/byns43.jpg	1	1	True	0.7003693580627441	0.4007386825978756	0.29963067546486855	0.7003693580627441	0.06971471011638641	False	True	0.2457621544599533	0.7542378902435303	True	0.46123623847961426	0.5387637615203857
xi25j	so this was going on at my desk all day	data/processed/pro_fakeddit/images/xi25j.jpg	1	1	True	0.5375830978155136	0.07516621053218842	0.4624168872833252	0.5375830978155136	0.13452701270580292	False	True	0.4993443489074707	0.5006556510925293	True	0.35163450241088867	0.6483654379844666
sch2x	an antipornography film was banned due to pornographic content	data/processed/pro_fakeddit/images/sch2x.jpg	1	0	False	0.6606124043464661	0.32122476398944855	0.6606124043464661	0.3393876403570175	0.07272567600011826	False	True	0.7079386115074158	0.292061448097229	True	0.5186337828636169	0.48136621713638306
1v0s1b	banks say no to marijuana money legal or not	data/processed/pro_fakeddit/images/1v0s1b.jpg	1	1	True	0.5268872231245041	0.053774431347846985	0.4731127917766571	0.5268872231245041	0.11930855363607407	False	True	0.4756317436695099	0.5243682861328125	True	0.46555593609809875	0.5344440340995789
ca6dor	in my house we use two toilet paper rolls at a time one is over and the other is under	data/processed/pro_fakeddit/images/ca6dor.jpg	1	1	True	0.6342748552560806	0.26854970306158066	0.36572515219449997	0.6342748552560806	0.17521187663078308	False	True	0.3405192494392395	0.6594807505607605	True	0.44134286046028137	0.558657169342041
d55x80q	nearfarwheeeeeeever you arrrrreee	data/processed/pro_fakeddit/images/d55x80q.jpg	0	1	False	0.5261612683534622	0.05232253670692444	0.4738387316465378	0.5261612683534622	0.08604001253843307	False	True	0.5175492167472839	0.48245078325271606	True	0.3427072763442993	0.6572927236557007
12c9kq	a group of people shaking their heads rapidly	data/processed/pro_fakeddit/images/12c9kq.jpg	1	1	True	0.7610176205635071	0.5220352299511433	0.23898239061236382	0.7610176205635071	0.12413638830184937	False	True	0.16049565374851227	0.8395043611526489	True	0.47444260120391846	0.5255573987960815
cd87b3	son of granger smith saves two lives with organ donations	data/processed/pro_fakeddit/images/cd87b3.jpg	1	1	True	0.7766804248094559	0.5533608309924603	0.22331959381699562	0.7766804248094559	0.23042947053909302	False	True	0.1569824367761612	0.843017578125	True	0.4223310649394989	0.5776689648628235
ctori4	this penguin my sister made with paint droppings	data/processed/pro_fakeddit/images/ctori4.jpg	1	1	True	0.6017317473888397	0.20346347987651825	0.39826826751232147	0.6017317473888397	0.13350218534469604	False	True	0.3830375671386719	0.6169624328613281	True	0.44396036863327026	0.5560396909713745
cdzomtw	technically low quality images	data/processed/pro_fakeddit/images/cdzomtw.jpg	0	1	False	0.7656910419464111	0.5313820689916611	0.23430897295475006	0.7656910419464111	0.07675021141767502	False	True	0.19211730360984802	0.8078827261924744	True	0.3608839809894562	0.6391159892082214
7kaj6o	international year of peace we want peace and call for a comprehensive and just settlement of the iraqiran war poster by rafa nasiry for the national council for peace and solidarity iraq	data/processed/pro_fakeddit/images/7kaj6o.jpg	0	1	False	0.5726895555853844	0.14537914097309113	0.42731041461229324	0.5726895555853844	0.22155851125717163	False	True	0.38110843300819397	0.6188915371894836	True	0.5659163594245911	0.43408361077308655
7t252d	this fallen post looks like a discarded cigarette	data/processed/pro_fakeddit/images/7t252d.jpg	0	1	False	0.5933877527713776	0.18677551299333572	0.40661223977804184	0.5933877527713776	0.23088136315345764	False	True	0.39354705810546875	0.6064529418945312	True	0.4458077847957611	0.5541921854019165
6jexhn	meet the globetrotting hairdresser who helps homeless people look sharp	data/processed/pro_fakeddit/images/6jexhn.jpg	1	1	True	0.7447986453771591	0.48959723860025406	0.25520140677690506	0.7447986453771591	0.21039791405200958	False	True	0.1843079924583435	0.8156920671463013	True	0.4678816497325897	0.5321183800697327
c3zeak	high school dorks unhappy accident	data/processed/pro_fakeddit/images/c3zeak.jpg	0	1	False	0.7317145317792892	0.4634291008114815	0.26828543096780777	0.7317145317792892	0.21087221801280975	False	True	0.2236802875995636	0.776319682598114	True	0.4021008610725403	0.5978990793228149
5oiuav	rogue one becomes fastest film to reach over mentions of hope	data/processed/pro_fakeddit/images/5oiuav.jpg	0	1	False	0.6147937029600143	0.2295873984694481	0.38520630449056625	0.6147937029600143	0.1901741623878479	False	True	0.3601318597793579	0.6398681402206421	True	0.4604296386241913	0.5395703911781311
18qme5	illegal immigrants found working at villawood immigration detention centre	data/processed/pro_fakeddit/images/18qme5.jpg	1	1	True	0.6116809472441673	0.22336193174123764	0.3883190155029297	0.6116809472441673	0.1474938988685608	False	True	0.3476244807243347	0.6523754596710205	True	0.5104026198387146	0.4895974099636078
1u4dk2	pa police cop peppersprayed girlfriends son	data/processed/pro_fakeddit/images/1u4dk2.jpg	1	1	True	0.5888217836618423	0.1776435598731041	0.41117822378873825	0.5888217836618423	0.06601694971323013	False	True	0.406313419342041	0.593686580657959	True	0.42577263712882996	0.5742273926734924
auyula	this letter of citizenship burgherbrief from	data/processed/pro_fakeddit/images/auyula.jpg	1	1	True	0.813771590590477	0.6275432109832764	0.18622837960720062	0.813771590590477	0.10718895494937897	False	True	0.11681506037712097	0.8831849098205566	True	0.3944683372974396	0.605531632900238
btsl7p	this giant bumblebee flew into our work truck on the highway and hit my coworker	data/processed/pro_fakeddit/images/btsl7p.jpg	1	1	True	0.7721206396818161	0.5442412421107292	0.22787939757108688	0.7721206396818161	0.19633720815181732	False	True	0.16671410202980042	0.833285927772522	True	0.4113752841949463	0.5886247754096985
3b7hw5	world war ii vet finally takes high school sweetheart to prom	data/processed/pro_fakeddit/images/3b7hw5.jpg	1	1	True	0.8291447907686234	0.6582896057516336	0.1708551850169897	0.8291447907686234	0.13412408530712128	False	True	0.10022956877946854	0.8997703790664673	True	0.3827320337295532	0.6172680258750916
ruhuh	tough guide to baghdad iraqi artist satirizes the occupation	data/processed/pro_fakeddit/images/ruhuh.jpg	0	1	False	0.5910314470529556	0.18206291645765305	0.4089685305953026	0.5910314470529556	0.13487181067466736	False	True	0.3798156678676605	0.6201843023300171	True	0.49642711877822876	0.5035728812217712
9c1674	a little puppy trying to squeeze out of its cage	data/processed/pro_fakeddit/images/9c1674.jpg	1	1	True	0.6450445652008057	0.2900891751050949	0.35495539009571075	0.6450445652008057	0.15794019401073456	False	True	0.2942543625831604	0.7057455778121948	True	0.5370584726333618	0.4629415273666382
clleos	the head on this horse fly	data/processed/pro_fakeddit/images/clleos.jpg	1	1	True	0.7554447799921036	0.5108895599842072	0.24455522000789642	0.7554447799921036	0.1271098554134369	False	True	0.18498164415359497	0.815018355846405	True	0.4232759475708008	0.5767240524291992
616z4b	the foster father who cares when terminally ill kids have no one	data/processed/pro_fakeddit/images/616z4b.jpg	1	1	True	0.6976962387561798	0.3953924849629402	0.3023037537932396	0.6976962387561798	0.16465678811073303	False	True	0.2768329381942749	0.7231670618057251	True	0.37871620059013367	0.621283769607544
5b35v6	meet the yearold boy who spends his time making teddy bears for sick children	data/processed/pro_fakeddit/images/5b35v6.jpg	1	1	True	0.651501789689064	0.30300353467464447	0.34849825501441956	0.651501789689064	0.20236600935459137	False	True	0.34071803092956543	0.6592820286750793	True	0.37183892726898193	0.6281610727310181
bdkle1	israeli scientists unveil worlds first dprinted heart with human tissue	data/processed/pro_fakeddit/images/bdkle1.jpg	1	1	True	0.5194665342569351	0.03893306851387024	0.4805334657430649	0.5194665342569351	0.13592255115509033	False	True	0.49168187379837036	0.5083181262016296	True	0.44708824157714844	0.5529117584228516
141bbl	five hospitalised and two charged in gympie after neighbourhood brawl over ownership of a cat	data/processed/pro_fakeddit/images/141bbl.jpg	1	0	False	0.5171495676040649	0.03429911285638809	0.5171495676040649	0.48285045474767685	0.03397395834326744	False	True	0.5336853861808777	0.4663146436214447	True	0.4675421118736267	0.5324578881263733
1f4lyn	this fella doesnt like the idea hes being watched by the gigapixel camera in dubai	data/processed/pro_fakeddit/images/1f4lyn.jpg	0	1	False	0.5300751030445099	0.060150228440761566	0.4699248746037483	0.5300751030445099	0.1387406587600708	False	True	0.47231027483940125	0.5276896953582764	True	0.46276867389678955	0.5372313261032104
ddibz7	first bonfire of the year and i was given an upvote by the fire	data/processed/pro_fakeddit/images/ddibz7.jpg	1	1	True	0.7811091989278793	0.5622183829545975	0.21889081597328186	0.7811091989278793	0.1109093725681305	False	True	0.1720649003982544	0.8279350996017456	True	0.35936856269836426	0.6406314969062805
7y7qn9	this skeptical styrofoam container	data/processed/pro_fakeddit/images/7y7qn9.jpg	0	1	False	0.6064677685499191	0.21293553709983826	0.39353223145008087	0.6064677685499191	0.15957240760326385	False	True	0.3804399371147156	0.6195600628852844	True	0.43280911445617676	0.5671908855438232
4aiefs	the head of englands most famous private school says spoiled children need to fail	data/processed/pro_fakeddit/images/4aiefs.jpg	1	1	True	0.7174882739782333	0.4349765405058861	0.28251173347234726	0.7174882739782333	0.129087433218956	False	True	0.2313380241394043	0.7686619758605957	True	0.43603286147117615	0.5639671683311462
cjwxtj	the shadow this streetlight throws looks digitalised	data/processed/pro_fakeddit/images/cjwxtj.jpg	1	1	True	0.7177638858556747	0.4355277828872204	0.28223610296845436	0.7177638858556747	0.15389232337474823	False	True	0.22455190122127533	0.7754480838775635	True	0.45528870820999146	0.5447112917900085
ctdup0	monk sculpture in a church i visited	data/processed/pro_fakeddit/images/ctdup0.jpg	1	1	True	0.5296090692281723	0.05921810865402222	0.4703909605741501	0.5296090692281723	0.13926486670970917	False	True	0.47598138451576233	0.5240186452865601	True	0.45361968874931335	0.546380341053009
cnrn9k	all the different types of baby shells i found on a beach in norfolk	data/processed/pro_fakeddit/images/cnrn9k.jpg	1	1	True	0.7489932477474213	0.4979865364730358	0.25100671127438545	0.7489932477474213	0.2037995606660843	False	True	0.19560368359088898	0.8043962717056274	True	0.4172157943248749	0.5827841758728027
bxxn6k	my book came misprinted with a weird chunk in the middle	data/processed/pro_fakeddit/images/bxxn6k.jpg	1	0	False	0.505937822163105	0.011875629425048828	0.505937822163105	0.4940621927380562	0.19251269102096558	False	True	0.5338512659072876	0.4661487638950348	True	0.42219749093055725	0.5778024792671204
eglrkp5	a year later their footage was found	data/processed/pro_fakeddit/images/eglrkp5.jpg	0	1	False	0.5685455799102783	0.13709115236997604	0.4314544275403023	0.5685455799102783	0.0852249264717102	False	True	0.44849351048469543	0.551506519317627	True	0.3803371787071228	0.6196627616882324
2l6dl0	my dogs butt looks like some kind of bird	data/processed/pro_fakeddit/images/2l6dl0.jpg	0	1	False	0.6347747147083282	0.2695493772625923	0.36522533744573593	0.6347747147083282	0.15824919939041138	False	True	0.3353140950202942	0.6646859645843506	True	0.45495906472206116	0.5450409650802612
b99yth	an yearold janitor comes to work expecting to clean instead nearly students sing him happy birthday the washington post	data/processed/pro_fakeddit/images/b99yth.jpg	1	1	True	0.7273337543010712	0.45466746017336845	0.2726662941277027	0.7273337543010712	0.09266394376754761	False	True	0.22255276143550873	0.7774472832679749	True	0.42300689220428467	0.5769931674003601
93gr1q	flee unresthit nicaragua to seek asylum in costa rica	data/processed/pro_fakeddit/images/93gr1q.jpg	1	1	True	0.6673830598592758	0.33476607501506805	0.33261698484420776	0.6673830598592758	0.15944653749465942	False	True	0.2899107336997986	0.7100893259048462	True	0.4607357382774353	0.5392642617225647
cr6i0u	my chickfila has a basket to put your unused sauces in if you dont use them	data/processed/pro_fakeddit/images/cr6i0u.jpg	1	1	True	0.623353511095047	0.24670706689357758	0.3766464442014694	0.623353511095047	0.1397167295217514	False	True	0.3545103073120117	0.6454896330833435	True	0.44305485486984253	0.5569451451301575
27mpcr	djokovic during the roland garros final	data/processed/pro_fakeddit/images/27mpcr.jpg	1	1	True	0.7082063555717468	0.41641267761588097	0.29179367795586586	0.7082063555717468	0.1781822144985199	False	True	0.23132853209972382	0.7686715126037598	True	0.473189115524292	0.526810884475708
3h34th	brit draws gun on paper and tries to rob bank	data/processed/pro_fakeddit/images/3h34th.jpg	1	1	True	0.6139257252216339	0.22785145789384842	0.3860742673277855	0.6139257252216339	0.032138027250766754	False	True	0.38339710235595703	0.616602897644043	True	0.3941057622432709	0.6058942079544067
czlqrw	i just found this cicada wrapped in web feet underground	data/processed/pro_fakeddit/images/czlqrw.jpg	1	1	True	0.7442439943552017	0.48848798125982285	0.2557560130953789	0.7442439943552017	0.14800570905208588	False	True	0.2133629322052002	0.7866370677947998	True	0.3829352557659149	0.6170647740364075
64oeog	why more highly educated people are less into conspiracy theories	data/processed/pro_fakeddit/images/64oeog.jpg	0	0	True	0.7883783355355263	0.5767566300928593	0.7883783355355263	0.211621705442667	0.2085641473531723	False	True	0.8929648399353027	0.10703520476818085	True	0.4746188223361969	0.5253812074661255
71o825	us monitored manafort after he left trump campaign	data/processed/pro_fakeddit/images/71o825.jpg	1	1	True	0.5811134427785873	0.16222690045833588	0.41888654232025146	0.5811134427785873	0.18315155804157257	False	True	0.3928157389163971	0.6071842312812805	True	0.4970989525318146	0.5029010772705078
32rw7y	this onehanded keyboard	data/processed/pro_fakeddit/images/32rw7y.jpg	1	1	True	0.5911358892917633	0.1822718158364296	0.4088640734553337	0.5911358892917633	0.16787131130695343	False	True	0.4077405035495758	0.5922594666481018	True	0.4122347831726074	0.5877651572227478
dhnsulp	i took my masters degree in cowbell	data/processed/pro_fakeddit/images/dhnsulp.jpg	0	1	False	0.5453781932592392	0.0907563790678978	0.4546218141913414	0.5453781932592392	0.16165593266487122	False	True	0.4813014566898346	0.5186985731124878	True	0.3745828866958618	0.6254170536994934
cmwu3q	insect apocalypse in us driven by x increase in toxic pesticides	data/processed/pro_fakeddit/images/cmwu3q.jpg	1	1	True	0.5371364206075668	0.07427281886339188	0.46286360174417496	0.5371364206075668	0.117122583091259	False	True	0.464387983083725	0.5356120467185974	True	0.4582904577255249	0.5417095422744751
4rozpv	north korean space program to land rover on earth	data/processed/pro_fakeddit/images/4rozpv.jpg	0	1	False	0.5896471589803696	0.17929430305957794	0.4103528559207916	0.5896471589803696	0.17931437492370605	False	True	0.39966222643852234	0.6003378033638	True	0.4424247443675995	0.5575752258300781
6kcche	yearold boy invents a genius device to stop children dying in hot cars	data/processed/pro_fakeddit/images/6kcche.jpg	0	0	True	0.5612135529518127	0.12242712825536728	0.5612135529518127	0.43878642469644547	0.22171925008296967	False	True	0.6014893054962158	0.3985106647014618	True	0.4403862953186035	0.5596137046813965
28ku7z	citizen in hot air balloon helps officers find fleeing suspect end pursuit	data/processed/pro_fakeddit/images/28ku7z.jpg	1	1	True	0.62586410343647	0.25172821432352066	0.37413588911294937	0.62586410343647	0.11518420279026031	False	True	0.3564812242984772	0.6435187458992004	True	0.42709988355636597	0.5729001760482788
bdti7r	george lucas planning payback with massive affordable housing project on his marin county land	data/processed/pro_fakeddit/images/bdti7r.jpg	1	1	True	0.6913011372089386	0.3826022408902645	0.3086988963186741	0.6913011372089386	0.15279927849769592	False	True	0.24677293002605438	0.7532271146774292	True	0.4944767951965332	0.5055232048034668
3jk96v	day care workers accused of running fight club among children	data/processed/pro_fakeddit/images/3jk96v.jpg	1	1	True	0.7586488574743271	0.517297700047493	0.2413511574268341	0.7586488574743271	0.15634644031524658	False	True	0.16854706406593323	0.8314529657363892	True	0.45976343750953674	0.5402365326881409
3bo4w2	manchester art gallery oc	data/processed/pro_fakeddit/images/3bo4w2.jpg	1	1	True	0.6557395309209824	0.31147902458906174	0.3442605063319206	0.6557395309209824	0.12652060389518738	False	True	0.32529863715171814	0.6747013926506042	True	0.4011461138725281	0.5988539457321167
ck2hcc	vodka a dangerous love beware ussr	data/processed/pro_fakeddit/images/ck2hcc.jpg	0	1	False	0.7476386725902557	0.49527736008167267	0.25236131250858307	0.7476386725902557	0.21527811884880066	False	True	0.1914275884628296	0.8085724115371704	True	0.4351624846458435	0.5648374557495117
dcyq38	this extremely tall bathroom door	data/processed/pro_fakeddit/images/dcyq38.jpg	1	1	True	0.7123639583587646	0.4247278906404972	0.28763606771826744	0.7123639583587646	0.13302567601203918	False	True	0.2360588163137436	0.76394122838974	True	0.442367821931839	0.5576321482658386
bdq0jh	dead after severe weather rips through the south east coast	data/processed/pro_fakeddit/images/bdq0jh.jpg	1	1	True	0.8206794261932373	0.6413588058203459	0.17932062037289143	0.8206794261932373	0.11515423655509949	False	True	0.11394708603620529	0.8860529661178589	True	0.37544122338294983	0.6245588064193726
57alug	henry waxman isnt done fighting with drug companies	data/processed/pro_fakeddit/images/57alug.jpg	1	1	True	0.5900659412145615	0.18013186007738113	0.40993408113718033	0.5900659412145615	0.10895645618438721	False	True	0.39073076844215393	0.6092692613601685	True	0.4675440192222595	0.5324559807777405
2ggvks	youll never guess how this star athlete responds to being called a nerd	data/processed/pro_fakeddit/images/2ggvks.jpg	1	1	True	0.6190326809883118	0.23806539177894592	0.38096728920936584	0.6190326809883118	0.08102767914533615	False	True	0.37343165278434753	0.6265683174133301	True	0.4035741984844208	0.5964257717132568
8vvqsg	charity makes sure homeless kids get the birthday party they deserve	data/processed/pro_fakeddit/images/8vvqsg.jpg	1	1	True	0.6133922338485718	0.22678450495004654	0.38660772889852524	0.6133922338485718	0.11640168726444244	False	True	0.38000258803367615	0.6199973821640015	True	0.4064231514930725	0.5935767889022827
cmfof4f	this isnt the franchise i was looking for	data/processed/pro_fakeddit/images/cmfof4f.jpg	0	0	True	0.5506122335791588	0.10122443735599518	0.5506122335791588	0.4493877962231636	0.0751718282699585	False	True	0.6113237738609314	0.388676255941391	True	0.36847761273384094	0.6315224170684814
arb3bc	this clothing store is undergoing construction so they dressed their mannequins appropriately	data/processed/pro_fakeddit/images/arb3bc.jpg	1	1	True	0.644820362329483	0.28964074701070786	0.3551796153187752	0.644820362329483	0.18284305930137634	False	True	0.32712522149086	0.6728747487068176	True	0.43934279680252075	0.5606572031974792
dc6wx9	only bunch of red fruits on a bush	data/processed/pro_fakeddit/images/dc6wx9.jpg	1	1	True	0.6302330195903778	0.2604660391807556	0.3697669804096222	0.6302330195903778	0.0761752501130104	False	True	0.3452337384223938	0.6547662615776062	True	0.4433667063713074	0.5566332936286926
11rt54	judge clears two people of murder for which theyve spent years in jail but makes them wait days to be released so they can receive ankle bracelets	data/processed/pro_fakeddit/images/11rt54.jpg	1	1	True	0.6920972615480423	0.3841945081949234	0.3079027533531189	0.6920972615480423	0.11257652938365936	False	True	0.26560860872268677	0.7343913912773132	True	0.4347851872444153	0.5652148723602295
8tlyya	daft punk without helmets at the fifa world cup in russia	data/processed/pro_fakeddit/images/8tlyya.jpg	0	1	False	0.6696742847561836	0.3393486216664314	0.3303256630897522	0.6696742847561836	0.1578420102596283	False	True	0.2696409821510315	0.7303589582443237	True	0.5123797059059143	0.4876202642917633
chh25u1	so long and thanks for the kitties	data/processed/pro_fakeddit/images/chh25u1.jpg	0	1	False	0.6255332976579666	0.25106658786535263	0.374466709792614	0.6255332976579666	0.1038270816206932	False	True	0.3765747547149658	0.6234252452850342	True	0.36814257502555847	0.6318574547767639
1gogmy	nba finals lebron james to start game with headband on	data/processed/pro_fakeddit/images/1gogmy.jpg	1	1	True	0.5627546906471252	0.12550938874483109	0.43724530190229416	0.5627546906471252	-0.015234696678817272	False	True	0.428352952003479	0.571647047996521	True	0.4639223515987396	0.536077618598938
blw60y	ezra millers makeup at the meta	data/processed/pro_fakeddit/images/blw60y.jpg	0	1	False	0.5633192211389542	0.1266384795308113	0.43668074160814285	0.5633192211389542	0.13622283935546875	False	True	0.4467245042324066	0.553275465965271	True	0.40654945373535156	0.5934504866600037
3gymh7	teenager in a fishing boat removes rubbish stuck on whales head whale shows its appreciation	data/processed/pro_fakeddit/images/3gymh7.jpg	1	1	True	0.708338238298893	0.41667643561959267	0.2916618026793003	0.708338238298893	0.18183714151382446	False	True	0.22142498195171356	0.77857506275177	True	0.5023722648620605	0.49762776494026184
dpmuhrc	chrimbus time is almost here	data/processed/pro_fakeddit/images/dpmuhrc.jpg	0	1	False	0.6128559559583664	0.2257119044661522	0.3871440514922142	0.6128559559583664	0.08151822537183762	False	True	0.3919581174850464	0.6080418825149536	True	0.37270185351371765	0.6272981762886047
9dzjyi	this wood fire heated hot tub being pulled by an rv	data/processed/pro_fakeddit/images/9dzjyi.jpg	1	1	True	0.7560551911592484	0.5121103636920452	0.24394482746720314	0.7560551911592484	0.19968710839748383	False	True	0.16832585632801056	0.8316741585731506	True	0.4708017408847809	0.5291982889175415
2h9e55	fox news contributor stephen hayes is on the terrorist watch list	data/processed/pro_fakeddit/images/2h9e55.jpg	1	1	True	0.5827681571245193	0.1655362918972969	0.41723186522722244	0.5827681571245193	0.14914913475513458	False	True	0.38888272643089294	0.6111173033714294	True	0.5022792816162109	0.49772071838378906
8z61g2	dang i spilled my pork rinds all over the grass	data/processed/pro_fakeddit/images/8z61g2.jpg	0	1	False	0.5237730443477631	0.047546081244945526	0.47622696310281754	0.5237730443477631	0.11882270127534866	False	True	0.5087178349494934	0.4912821650505066	True	0.3787543475627899	0.6212456822395325
6feuw6	jumping spider trying to appear intimidating	data/processed/pro_fakeddit/images/6feuw6.jpg	1	1	True	0.6804596930742264	0.36091939359903336	0.319540299475193	0.6804596930742264	0.13258686661720276	False	True	0.2869432866573334	0.7130566835403442	True	0.417331337928772	0.5826687216758728
26zjoq	researchers find association between porn viewing and less grey matter in the brain	data/processed/pro_fakeddit/images/26zjoq.jpg	1	1	True	0.6311732083559036	0.26234640926122665	0.36882679909467697	0.6311732083559036	0.12407001852989197	False	True	0.34366023540496826	0.6563397645950317	True	0.4443264901638031	0.5556735396385193
axq3b6	dog gets mad during meeting	data/processed/pro_fakeddit/images/axq3b6.jpg	1	1	True	0.7441937625408173	0.4883875362575054	0.25580622628331184	0.7441937625408173	0.18592321872711182	False	True	0.19608174264431	0.8039182424545288	True	0.4349796772003174	0.5650203227996826
ctnfbd	in a bag of very old clementines only one rotted away	data/processed/pro_fakeddit/images/ctnfbd.jpg	1	0	False	0.5635288208723068	0.12705764174461365	0.5635288208723068	0.4364711791276932	0.20008864998817444	False	True	0.6080907583236694	0.39190924167633057	True	0.429843008518219	0.570156991481781
ccv4df	this orchid that looks like it has a small clown covering its ears in the middle	data/processed/pro_fakeddit/images/ccv4df.jpg	1	1	True	0.6294475570321083	0.2588950842618942	0.3705524727702141	0.6294475570321083	0.16595816612243652	False	True	0.3233548700809479	0.6766451597213745	True	0.5121452808380127	0.4878547489643097
1cvawd	birds beak looks like another birds face	data/processed/pro_fakeddit/images/1cvawd.jpg	0	1	False	0.7416677474975586	0.4833354912698269	0.2583322562277317	0.7416677474975586	0.07643671333789825	False	True	0.194325253367424	0.8056747317314148	True	0.4503532648086548	0.54964679479599
78xol9	its simply bursting with creative wonder says reviewer of new game where mario sometimes dresses as chef	data/processed/pro_fakeddit/images/78xol9.jpg	0	1	False	0.7299743443727493	0.45994867384433746	0.27002567052841187	0.7299743443727493	0.2017504721879959	False	True	0.21647751331329346	0.7835224866867065	True	0.4306701421737671	0.5693299174308777
25eeez	custom controller lets disabled man dig into minecraft using his eyebrows	data/processed/pro_fakeddit/images/25eeez.jpg	1	1	True	0.5830633193254471	0.16612668335437775	0.41693663597106934	0.5830633193254471	0.12131193280220032	False	True	0.3898143768310547	0.6101855635643005	True	0.4983034133911133	0.5016965866088867
1islyu	jumping dog with a derpish face	data/processed/pro_fakeddit/images/1islyu.jpg	1	1	True	0.7189920991659164	0.4379842281341553	0.28100787103176117	0.7189920991659164	0.1243385374546051	False	True	0.21226581931114197	0.7877341508865356	True	0.4872340261936188	0.5127659440040588
bw46oc	this pepper looks like a clown face	data/processed/pro_fakeddit/images/bw46oc.jpg	1	1	True	0.583649754524231	0.16729950904846191	0.41635024547576904	0.583649754524231	0.17859986424446106	False	True	0.40084028244018555	0.5991597175598145	True	0.46288013458251953	0.5371198654174805
d1oa9c	the color fading on my poetry magnets which i left out a month ago vs those i didnt	data/processed/pro_fakeddit/images/d1oa9c.jpg	1	1	True	0.7340084761381149	0.46801698580384254	0.2659914903342724	0.7340084761381149	0.20214664936065674	False	True	0.18734587728977203	0.8126540780067444	True	0.5019283294677734	0.49807167053222656
925w0x	first ever atk crashes in to loot lake during a test drive colourized	data/processed/pro_fakeddit/images/925w0x.jpg	0	1	False	0.7566522359848022	0.5133044607937336	0.24334777519106865	0.7566522359848022	0.1211727187037468	False	True	0.19111396372318268	0.8088860511779785	True	0.40004920959472656	0.5999507904052734
chd4k9k	were not getting any younger so lets do the damn thang	data/processed/pro_fakeddit/images/chd4k9k.jpg	0	1	False	0.7577857375144958	0.515571478754282	0.24221425876021385	0.7577857375144958	0.04609094187617302	False	True	0.21461056172847748	0.7853894233703613	True	0.325025349855423	0.6749746799468994
1gv01q	a cat looking majestically into the middle distance	data/processed/pro_fakeddit/images/1gv01q.jpg	1	1	True	0.7053257673978806	0.4106515198945999	0.29467424750328064	0.7053257673978806	0.13321715593338013	False	True	0.25136619806289673	0.7486338019371033	True	0.4245983958244324	0.5754016637802124
5q0lzv	i didnt realize until now that my water bottle is a transformer	data/processed/pro_fakeddit/images/5q0lzv.jpg	0	1	False	0.6567613631486893	0.31352268159389496	0.3432386815547943	0.6567613631486893	0.13259448111057281	False	True	0.32213646173477173	0.677863597869873	True	0.40654534101486206	0.5934546589851379
3lwihh	the truth about student loans	data/processed/pro_fakeddit/images/3lwihh.jpg	0	1	False	0.6598580777645111	0.3197161704301834	0.3401419073343277	0.6598580777645111	0.142255038022995	False	True	0.30738338828086853	0.6926165819168091	True	0.4384174644947052	0.5615825653076172
e1g2kg8	my first attempt at psbattling	data/processed/pro_fakeddit/images/e1g2kg8.jpg	0	1	False	0.5017690286040306	0.0035380423069000244	0.4982309862971306	0.5017690286040306	0.09774221479892731	False	True	0.5428228378295898	0.45717719197273254	True	0.3644554316997528	0.6355445384979248
6vfz6l	somewhere over the valley this is our stop	data/processed/pro_fakeddit/images/6vfz6l.jpg	0	1	False	0.6381580531597137	0.2763160765171051	0.36184197664260864	0.6381580531597137	0.19896401464939117	False	True	0.371580570936203	0.6284194588661194	True	0.33262619376182556	0.6673738360404968
375he7	cancer charities are accused of fraud	data/processed/pro_fakeddit/images/375he7.jpg	1	1	True	0.7171512022614479	0.4343024119734764	0.2828487902879715	0.7171512022614479	0.0824359878897667	False	True	0.20016437768936157	0.7998356223106384	True	0.5309020280838013	0.46909794211387634
dbh1qa	the christmas genocide of swaize land	data/processed/pro_fakeddit/images/dbh1qa.jpg	0	1	False	0.7029074132442474	0.4058148190379143	0.29709259420633316	0.7029074132442474	0.10941702127456665	False	True	0.24596494436264038	0.7540350556373596	True	0.4504755437374115	0.5495244860649109
5501dq	operation science vs magic	data/processed/pro_fakeddit/images/5501dq.jpg	1	0	False	0.501035563647747	0.0020711347460746765	0.501035563647747	0.49896442890167236	0.14486302435398102	False	True	0.5328213572502136	0.4671786427497864	True	0.4056781828403473	0.5943217873573303
h8kim	this face stared at me while i worked out	data/processed/pro_fakeddit/images/h8kim.jpg	0	1	False	0.5588774085044861	0.11775481700897217	0.4411225914955139	0.5588774085044861	0.10878153145313263	False	True	0.4570671319961548	0.5429328680038452	True	0.3932889699935913	0.6067110300064087
d7rnb0	smaller versions of upholstered car seats at a hardware store	data/processed/pro_fakeddit/images/d7rnb0.jpg	1	1	True	0.5422462224960327	0.08449246734380722	0.4577537551522255	0.5422462224960327	0.1799316108226776	False	True	0.4433257281780243	0.5566742420196533	True	0.5010378360748291	0.4989621639251709
7c64og	life expectancy on the rise in africa	data/processed/pro_fakeddit/images/7c64og.jpg	1	1	True	0.7692163437604904	0.5384326763451099	0.23078366741538048	0.7692163437604904	0.12760886549949646	False	True	0.15827025473117828	0.8417297601699829	True	0.44832390546798706	0.5516760945320129
3po6jx	barbecue round at the folks took a turn for the worst	data/processed/pro_fakeddit/images/3po6jx.jpg	0	1	False	0.6069371998310089	0.21387438476085663	0.3930628150701523	0.6069371998310089	0.11794080585241318	False	True	0.394955039024353	0.605044960975647	True	0.38738614320755005	0.6126139163970947
9hkiey	new prescription drug warning labels in canada	data/processed/pro_fakeddit/images/9hkiey.jpg	1	0	False	0.5097399652004242	0.01947995275259018	0.5097399652004242	0.490260012447834	0.16463473439216614	False	True	0.5064090490341187	0.49359092116355896	True	0.5197327136993408	0.4802672863006592
68f2wt	reddit alien is holding a christian monk in his right hand from redditgifts	data/processed/pro_fakeddit/images/68f2wt.jpg	0	0	True	0.581989973783493	0.16397996246814728	0.581989973783493	0.41801001131534576	0.16252365708351135	False	True	0.5882096886634827	0.41179028153419495	True	0.5633308291435242	0.4366692006587982
ayx7t2	had a packet stuck in the seal of my ramen opened the ramen up and discovered another packet awesome for	data/processed/pro_fakeddit/images/ayx7t2.jpg	1	1	True	0.5007762834429741	0.0015525370836257935	0.4992237463593483	0.5007762834429741	0.1913246214389801	False	True	0.5181238055229187	0.4818762242794037	True	0.4425235688686371	0.5574764609336853
6tq6e8	til that knowing he was the media is the democrats replacement for the actions in charlottesville as repulsive traitors to their cronies	data/processed/pro_fakeddit/images/6tq6e8.jpg	0	1	False	0.7400849908590317	0.48016998171806335	0.2599150091409683	0.7400849908590317	0.08861520141363144	False	True	0.1926289200782776	0.8073710799217224	True	0.4617732763290405	0.5382267236709595
difafu	this plaque in tombstone arizona commemorating nothing	data/processed/pro_fakeddit/images/difafu.jpg	1	1	True	0.7313792556524277	0.46275851130485535	0.2686207443475723	0.7313792556524277	0.1417439877986908	False	True	0.19434839487075806	0.8056516051292419	True	0.49143779277801514	0.5085622072219849
2d8cef	steven seagal looks menacingly at an unsually smiley vladimir putin	data/processed/pro_fakeddit/images/2d8cef.jpg	1	1	True	0.6875051632523537	0.37501030787825584	0.3124948553740978	0.6875051632523537	0.2393374741077423	False	True	0.21899576485157013	0.7810042500495911	True	0.5929921269416809	0.4070079028606415
cyoqzdh	something something oscar pistorius	data/processed/pro_fakeddit/images/cyoqzdh.jpg	0	1	False	0.6765613257884979	0.35312263667583466	0.32343868911266327	0.6765613257884979	0.1133740171790123	False	True	0.2939485013484955	0.7060515284538269	True	0.4119092524051666	0.588090717792511
6zkf0j	blinks mark hoppus releases solo track to raise money for dogs impacted by hurricane harvey	data/processed/pro_fakeddit/images/6zkf0j.jpg	1	1	True	0.653552807867527	0.3071056008338928	0.3464472070336342	0.653552807867527	0.14346183836460114	False	True	0.2943524420261383	0.7056475877761841	True	0.5027315020561218	0.4972684681415558
5z6sc2	kid in cardboard knights armor	data/processed/pro_fakeddit/images/5z6sc2.jpg	1	1	True	0.6379922330379486	0.275984451174736	0.3620077818632126	0.6379922330379486	0.20289094746112823	False	True	0.3258950412273407	0.6741049885749817	True	0.47034600377082825	0.5296539664268494
8e372q	the population modern day hysteria	data/processed/pro_fakeddit/images/8e372q.jpg	0	1	False	0.7524567544460297	0.5049135312438011	0.24754322320222855	0.7524567544460297	0.2539336085319519	False	True	0.199000746011734	0.8009992241859436	True	0.39317065477371216	0.6068293452262878
68laeg	deep in a song for wedding	data/processed/pro_fakeddit/images/68laeg.jpg	0	1	False	0.8309884816408157	0.6619769372045994	0.16901154443621635	0.8309884816408157	0.047783270478248596	False	True	0.10957451164722443	0.8904255032539368	True	0.34732264280319214	0.6526774168014526
cd1oqu5	dancer doing a beard splash in the pool	data/processed/pro_fakeddit/images/cd1oqu5.jpg	0	0	True	0.5456662625074387	0.09133250266313553	0.5456662625074387	0.45433375984430313	0.08066098392009735	False	True	0.5568044185638428	0.4431956112384796	True	0.5122517943382263	0.4877482056617737
6m1pj9	spiderman homecoming who is the postcredit character	data/processed/pro_fakeddit/images/6m1pj9.jpg	0	1	False	0.670486181974411	0.340972401201725	0.329513780772686	0.670486181974411	0.1673828363418579	False	True	0.29680490493774414	0.7031950354576111	True	0.4276404082775116	0.5723596215248108
cmsyfuv	die hard because obesity	data/processed/pro_fakeddit/images/cmsyfuv.jpg	0	1	False	0.5658004581928253	0.13160092383623123	0.4341995343565941	0.5658004581928253	0.09060095250606537	False	True	0.4383028745651245	0.5616971254348755	True	0.4218895137310028	0.5781104564666748
2fmqky	man stabbed during dispute over meatball in fallston	data/processed/pro_fakeddit/images/2fmqky.jpg	1	1	True	0.5172756463289261	0.03455127775669098	0.4827243685722351	0.5172756463289261	0.02831212244927883	False	True	0.48674848675727844	0.513251543045044	True	0.4706520140171051	0.5293479561805725
catkmz	this bottle of vo from in a relatives actively usef shower	data/processed/pro_fakeddit/images/catkmz.jpg	1	0	False	0.5762635469436646	0.1525270938873291	0.5762635469436646	0.42373645305633545	0.13102002441883087	False	True	0.6278672218322754	0.3721327781677246	True	0.42145252227783203	0.578547477722168
dlsdrsu	we never left the shoneys	data/processed/pro_fakeddit/images/dlsdrsu.jpg	0	1	False	0.6442177295684814	0.2884354814887047	0.35578224807977676	0.6442177295684814	0.03696325421333313	False	True	0.35676851868629456	0.6432314515113831	True	0.3528234362602234	0.6471765637397766
3jlh0u	my display cable has seen me doing stuff	data/processed/pro_fakeddit/images/3jlh0u.jpg	0	1	False	0.5688594281673431	0.13771889358758926	0.4311405345797539	0.5688594281673431	0.17572924494743347	False	True	0.4514452815055847	0.5485546588897705	True	0.37022629380226135	0.629773736000061
6ajjsy	wwii veteran united with lost love letter from his late wife	data/processed/pro_fakeddit/images/6ajjsy.jpg	1	1	True	0.6517840027809143	0.30356796830892563	0.3482160344719887	0.6517840027809143	0.1944325566291809	False	True	0.33743464946746826	0.6625654101371765	True	0.3805601894855499	0.6194397807121277
9ji786	the assassination of james a garfield th	data/processed/pro_fakeddit/images/9ji786.jpg	0	0	True	0.5225481167435646	0.04509621858596802	0.5225481167435646	0.4774518981575966	0.033030129969120026	False	True	0.5453039407730103	0.45469608902931213	True	0.45428064465522766	0.54571932554245
3gh13l	attacked by bear russian man shoots brother	data/processed/pro_fakeddit/images/3gh13l.jpg	1	1	True	0.6795667409896851	0.35913344472646713	0.3204332962632179	0.6795667409896851	0.13385891914367676	False	True	0.2874077260494232	0.7125923037528992	True	0.41951000690460205	0.5804900527000427
6ii03t	young girl from honduras gets second chance at hearing	data/processed/pro_fakeddit/images/6ii03t.jpg	1	1	True	0.7177948653697968	0.4355897381901741	0.28220512717962265	0.7177948653697968	0.18043872714042664	False	True	0.2386740744113922	0.7613258957862854	True	0.41279828548431396	0.5872017741203308
ar7xey	my chinese textbook knows politics	data/processed/pro_fakeddit/images/ar7xey.jpg	1	1	True	0.6775074005126953	0.35501475632190704	0.32249264419078827	0.6775074005126953	0.1591995358467102	False	True	0.2609713673591614	0.7390286922454834	True	0.507056474685669	0.49294352531433105
1dkqly	body found in chimney at derby firm of solicitors	data/processed/pro_fakeddit/images/1dkqly.jpg	1	1	True	0.6336031258106232	0.2672062963247299	0.36639682948589325	0.6336031258106232	0.17625442147254944	False	True	0.345198392868042	0.6548015475273132	True	0.429992139339447	0.570007860660553
7moogx	this guy riding a donkey in mexico	data/processed/pro_fakeddit/images/7moogx.jpg	1	1	True	0.7344097346067429	0.4688194915652275	0.26559024304151535	0.7344097346067429	0.1717212200164795	False	True	0.21829256415367126	0.7817074060440063	True	0.4074832797050476	0.5925167202949524
24d295	us should send astronauts to space station by trampoline russian official	data/processed/pro_fakeddit/images/24d295.jpg	1	1	True	0.7904039174318314	0.5808078534901142	0.20959606394171715	0.7904039174318314	0.13359028100967407	False	True	0.12677346169948578	0.873226523399353	True	0.45806387066841125	0.5419360995292664
db1kn4	me shying away from responsibilities be like	data/processed/pro_fakeddit/images/db1kn4.jpg	1	0	False	0.5056596547365189	0.011319287121295929	0.5056596547365189	0.49434036761522293	0.0417124480009079	False	True	0.5540699362754822	0.4459300935268402	True	0.3604288101196289	0.6395711898803711
4sd64b	steve wozniak playing polo on a segway	data/processed/pro_fakeddit/images/4sd64b.jpg	1	1	True	0.643712691962719	0.28742537647485733	0.35628731548786163	0.643712691962719	0.2104279100894928	False	True	0.30461448431015015	0.6953855156898499	True	0.5113058090209961	0.4886942207813263
ix2yc	vegetable box raises eyebrow with concerned expression	data/processed/pro_fakeddit/images/ix2yc.jpg	0	1	False	0.544827051460743	0.0896541103720665	0.45517294108867645	0.544827051460743	0.20454499125480652	False	True	0.4399879574775696	0.5600120425224304	True	0.5007278919219971	0.49927207827568054
cqiwks	this gun that kills flies with a blast of table salt	data/processed/pro_fakeddit/images/cqiwks.jpg	1	0	False	0.5519918203353882	0.10398362576961517	0.5519918203353882	0.448008194565773	0.20681428909301758	False	True	0.5864307880401611	0.41356921195983887	True	0.44867491722106934	0.5513251423835754
3capk4	twa flight center at the jfk international airport	data/processed/pro_fakeddit/images/3capk4.jpg	1	1	True	0.7011749744415283	0.40234992653131485	0.29882504791021347	0.7011749744415283	0.19248032569885254	False	True	0.2336614429950714	0.766338586807251	True	0.49431586265563965	0.5056841373443604
b5w9is	atom bomb red self titled	data/processed/pro_fakeddit/images/b5w9is.jpg	0	1	False	0.7277489006519318	0.455497857183218	0.27225104346871376	0.7277489006519318	0.18002331256866455	False	True	0.21392576396465302	0.786074161529541	True	0.447226881980896	0.552773118019104
cgev1ew	emergency mustache team go	data/processed/pro_fakeddit/images/cgev1ew.jpg	0	1	False	0.5621040910482407	0.12420817464590073	0.43789591640233994	0.5621040910482407	0.09498089551925659	False	True	0.44693052768707275	0.5530694723129272	True	0.4107920825481415	0.5892079472541809
5b95c5	old abandoned train car beneath waldorf astoria in ny	data/processed/pro_fakeddit/images/5b95c5.jpg	1	1	True	0.7184098809957504	0.43681972846388817	0.28159015253186226	0.7184098809957504	0.19652512669563293	False	True	0.21157555282115936	0.7884244918823242	True	0.49163395166397095	0.508366048336029
6aex4c	firearm charge dropped after toronto officer says he meant to fire gun	data/processed/pro_fakeddit/images/6aex4c.jpg	1	1	True	0.6414594501256943	0.28291890025138855	0.3585405498743057	0.6414594501256943	0.1661076843738556	False	True	0.3189156651496887	0.6810843348503113	True	0.47741520404815674	0.5225847959518433
67rben	white house is said to draft plan for us break from nafta	data/processed/pro_fakeddit/images/67rben.jpg	1	1	True	0.507314994931221	0.014629989862442017	0.492685005068779	0.507314994931221	0.07518447935581207	False	True	0.5023822784423828	0.4976177215576172	True	0.46359318494796753	0.5364068150520325
db1z1f7	kanye repping the supreme helmet	data/processed/pro_fakeddit/images/db1z1f7.jpg	0	1	False	0.6671658158302307	0.33433158695697784	0.33283422887325287	0.6671658158302307	0.21345920860767365	False	True	0.2821846008300781	0.7178154587745667	True	0.4847831130027771	0.5152168869972229
3k12vt	new map lets you wander hiroshima from a cats perspective	data/processed/pro_fakeddit/images/3k12vt.jpg	1	1	True	0.7735842764377594	0.547168530523777	0.2264157459139824	0.7735842764377594	0.15871939063072205	False	True	0.16615483164787292	0.8338451981544495	True	0.4071984887123108	0.5928015112876892
57rrpg	scrumptious chocolate torte	data/processed/pro_fakeddit/images/57rrpg.jpg	0	1	False	0.7449279427528381	0.4898558594286442	0.25507208332419395	0.7449279427528381	0.014865132048726082	False	True	0.21312053501605988	0.7868794798851013	True	0.3809267282485962	0.6190733313560486
b157fj	this spider with a skull on its butt	data/processed/pro_fakeddit/images/b157fj.jpg	1	1	True	0.5963501632213593	0.1927003711462021	0.40364979207515717	0.5963501632213593	0.17013555765151978	False	True	0.3825639486312866	0.6174359917640686	True	0.4669073224067688	0.5330926775932312
c8igjtd	in times of stress mccain likes to imagine himself back in a more pleasant period of his life back when he held a job that gave him a sense of dignity	data/processed/pro_fakeddit/images/c8igjtd.jpg	0	1	False	0.7718643844127655	0.5437287539243698	0.2281356304883957	0.7718643844127655	0.07847161591053009	False	True	0.1714628040790558	0.8285372257232666	True	0.3981541097164154	0.6018458604812622
10u4hu	michele bachmann makes surprise visit to synagogue congregants storm out and donate to her opponent	data/processed/pro_fakeddit/images/10u4hu.jpg	1	0	False	0.5856895744800568	0.17137915641069412	0.5856895744800568	0.41431041806936264	-0.032156966626644135	False	True	0.60406094789505	0.39593905210494995	True	0.5305754542350769	0.4694245159626007
4vheho	exconvicts are raising thousands of dollars for a football team in north texas	data/processed/pro_fakeddit/images/4vheho.jpg	1	1	True	0.7656797170639038	0.5313594676554203	0.2343202494084835	0.7656797170639038	0.11998613178730011	False	True	0.14650698006153107	0.8534929752349854	True	0.4977600574493408	0.5022399425506592
chep2r	the trash can at a restaurant near me is named tom	data/processed/pro_fakeddit/images/chep2r.jpg	1	1	True	0.5145675763487816	0.029135175049304962	0.4854324012994766	0.5145675763487816	0.22836366295814514	False	True	0.5140748620033264	0.4859251081943512	True	0.39950501918792725	0.6004949808120728
bzu5o2	post about etching into ones soul followed by post about etchasketch	data/processed/pro_fakeddit/images/bzu5o2.jpg	1	0	False	0.6234613209962845	0.24692267924547195	0.6234613209962845	0.37653864175081253	0.12550319731235504	False	True	0.705463707447052	0.2945362627506256	True	0.37745416164398193	0.6225457787513733
e2vz7xl	nothing gonna stop us now	data/processed/pro_fakeddit/images/e2vz7xl.jpg	0	1	False	0.575260192155838	0.15052036941051483	0.4247398227453232	0.575260192155838	0.035220060497522354	False	True	0.4542277157306671	0.5457723140716553	True	0.3362761437892914	0.6637238264083862
1ml9t6	pirate party crashes spy drone in front of german chancellor angela merkel	data/processed/pro_fakeddit/images/1ml9t6.jpg	1	1	True	0.6086138263344765	0.21722761541604996	0.3913862109184265	0.6086138263344765	0.14752662181854248	False	True	0.3550698757171631	0.6449301838874817	True	0.5003352165222168	0.4996647536754608
eufto5a	in the reflection of the mirror	data/processed/pro_fakeddit/images/eufto5a.jpg	0	1	False	0.613712266087532	0.2274245247244835	0.38628774136304855	0.613712266087532	0.09385065734386444	False	True	0.39626961946487427	0.6037303805351257	True	0.3563421070575714	0.643657922744751
2uo9o2	tian tao squat jerking kg	data/processed/pro_fakeddit/images/2uo9o2.jpg	1	1	True	0.769292026758194	0.5385841056704521	0.23070792108774185	0.769292026758194	0.17153947055339813	False	True	0.16502594947814941	0.8349739909172058	True	0.42775383591651917	0.5722461342811584
9jh2wf	my wife and i had the exact same hand in cribbage but she scored an extra point because she had the jack of clubs	data/processed/pro_fakeddit/images/9jh2wf.jpg	1	1	True	0.6747825443744659	0.3495650961995125	0.32521744817495346	0.6747825443744659	0.08951960504055023	False	True	0.29031312465667725	0.7096868753433228	True	0.4299304187297821	0.5700695514678955
7x2vx2	study finds cats only meow when they want to alert owner of neighbors murder they witnessed through window	data/processed/pro_fakeddit/images/7x2vx2.jpg	0	1	False	0.7051461488008499	0.4102923050522804	0.2948538437485695	0.7051461488008499	0.12983185052871704	False	True	0.2542629539966583	0.7457370162010193	True	0.416626513004303	0.5833735466003418
1xwl7l	japanese figure skater yuzuru hanyu	data/processed/pro_fakeddit/images/1xwl7l.jpg	1	1	True	0.6749150454998016	0.3498300760984421	0.32508496940135956	0.6749150454998016	0.1238102987408638	False	True	0.2822520434856415	0.7177479863166809	True	0.4535837471485138	0.5464162230491638
946bq1	refugees offered housing on an aged care property to help build rental history community responds with empathy and inclusion	data/processed/pro_fakeddit/images/946bq1.jpg	1	1	True	0.6592780351638794	0.3185561001300812	0.3407219350337982	0.6592780351638794	0.206172913312912	False	True	0.3137034475803375	0.6862965226173401	True	0.4217773973941803	0.5782225728034973
2wxjhy	living in the past some countries are still using the metric system	data/processed/pro_fakeddit/images/2wxjhy.jpg	0	1	False	0.6440690010786057	0.2881380096077919	0.35593099147081375	0.6440690010786057	0.07812914252281189	False	True	0.33290547132492065	0.6670945286750793	True	0.42500755190849304	0.5749924182891846
ckwbon	i had some leftover firecrackers from the th of and found this multifused lad in the box	data/processed/pro_fakeddit/images/ckwbon.jpg	1	1	True	0.7559828460216522	0.5119656771421432	0.24401716887950897	0.7559828460216522	0.13845603168010712	False	True	0.19355836510658264	0.8064416646957397	True	0.39539358019828796	0.6046063899993896
7lixhc	us ambassador to netherlands describes own words as fake news	data/processed/pro_fakeddit/images/7lixhc.jpg	1	1	True	0.5446968898177147	0.08939376473426819	0.4553031250834465	0.5446968898177147	0.1515585482120514	False	True	0.4245070517063141	0.5754929780960083	True	0.5476913452148438	0.45230862498283386
ck6eap8	because i dont know how to do better	data/processed/pro_fakeddit/images/ck6eap8.jpg	0	1	False	0.5541365593671799	0.10827311873435974	0.44586344063282013	0.5541365593671799	0.02222958579659462	False	True	0.4689221978187561	0.5310778021812439	True	0.3766871690750122	0.6233128309249878
d4pkoj	my hotel room has a bathtub inside the shower	data/processed/pro_fakeddit/images/d4pkoj.jpg	1	1	True	0.7617945075035095	0.5235890075564384	0.23820549994707108	0.7617945075035095	0.14333868026733398	False	True	0.17763888835906982	0.8223611116409302	True	0.41990533471107483	0.5800946950912476
bqj6pm	sprinter dutee chand is indias first sportsperson to open up about her samesex relationship	data/processed/pro_fakeddit/images/bqj6pm.jpg	1	1	True	0.7238098457455635	0.4476196952164173	0.2761901505291462	0.7238098457455635	0.15875127911567688	False	True	0.19682709872722626	0.8031728863716125	True	0.514279305934906	0.4857207238674164
c7oq4rs	roll up one more big d o double g	data/processed/pro_fakeddit/images/c7oq4rs.jpg	0	1	False	0.6636510789394379	0.32730214297771454	0.3363489359617233	0.6636510789394379	0.07488302141427994	False	True	0.3201276361942291	0.6798723936080933	True	0.38501283526420593	0.6149871349334717
69qs94	woman eats ps life savings to spite cheating husband	data/processed/pro_fakeddit/images/69qs94.jpg	1	1	True	0.5291346460580826	0.05826927721500397	0.4708653688430786	0.5291346460580826	0.0508565828204155	False	True	0.47407904267311096	0.5259209871292114	True	0.46122434735298157	0.538775622844696
8b71mj	assassins creed ii this is all i want to kill dot net	data/processed/pro_fakeddit/images/8b71mj.jpg	0	1	False	0.6686574816703796	0.3373149409890175	0.33134254068136215	0.6686574816703796	-0.0178438238799572	False	True	0.30368903279304504	0.6963109970092773	True	0.4143030643463135	0.5856969356536865
bkptme	just got two coins in change from a vending machine	data/processed/pro_fakeddit/images/bkptme.jpg	1	1	True	0.6450260728597641	0.2900521755218506	0.3549738973379135	0.6450260728597641	0.16501887142658234	False	True	0.35342469811439514	0.6465752720832825	True	0.35962149500846863	0.640378475189209
39iq79	police use twitter to locate parents of wandering yearold boy	data/processed/pro_fakeddit/images/39iq79.jpg	1	1	True	0.6286537200212479	0.2573074400424957	0.37134627997875214	0.6286537200212479	0.18931211531162262	False	True	0.3501743674278259	0.6498256325721741	True	0.43486201763153076	0.5651379823684692
bnkv8a	taylor swifts next music video have her singing upside down in central park	data/processed/pro_fakeddit/images/bnkv8a.jpg	0	1	False	0.6593930423259735	0.3187860995531082	0.3406069427728653	0.6593930423259735	0.13345053791999817	False	True	0.30967041850090027	0.6903295516967773	True	0.4334165155887604	0.566583514213562
6dcu6k	a chinese company is offering free training for us coal miners to become wind farmers	data/processed/pro_fakeddit/images/6dcu6k.jpg	1	1	True	0.5681991279125214	0.13639825582504272	0.43180087208747864	0.5681991279125214	0.12055011093616486	False	True	0.41645777225494385	0.5835422277450562	True	0.477830171585083	0.522169828414917
brcxh6	temple in indiaayodhya holds iftaar dinner for people fasting in month of ramadan	data/processed/pro_fakeddit/images/brcxh6.jpg	1	1	True	0.6503351926803589	0.3006703555583954	0.3496648371219635	0.6503351926803589	0.16300782561302185	False	True	0.3018305003643036	0.6981695294380188	True	0.49316784739494324	0.5068321824073792
5z4eja	jack russell loses the run of himself while competing in crufts	data/processed/pro_fakeddit/images/5z4eja.jpg	1	1	True	0.7755496948957443	0.5510993897914886	0.22445030510425568	0.7755496948957443	0.22740767896175385	False	True	0.1561586856842041	0.8438413143157959	True	0.4293251633644104	0.5706748366355896
4vb3jk	a seagull at montsaintmichel france oc	data/processed/pro_fakeddit/images/4vb3jk.jpg	1	1	True	0.7242748588323593	0.4485497437417507	0.2757251150906086	0.7242748588323593	0.18580514192581177	False	True	0.20658953487873077	0.7934104204177856	True	0.48313185572624207	0.5168681740760803
cdnmhj	this door handle in a gas station restroom	data/processed/pro_fakeddit/images/cdnmhj.jpg	1	1	True	0.583758607506752	0.1675172671675682	0.4162413403391838	0.583758607506752	0.09933604300022125	False	True	0.407959520816803	0.5920404195785522	True	0.4410867989063263	0.5589131712913513
3gbzxe	abandoned victorian conservatory france	data/processed/pro_fakeddit/images/3gbzxe.jpg	1	1	True	0.6753842979669571	0.3507685959339142	0.3246157020330429	0.6753842979669571	0.2056000530719757	False	True	0.2718515992164612	0.7281484007835388	True	0.4829080104827881	0.5170919895172119
c5jce9i	hes also great at hulahooping	data/processed/pro_fakeddit/images/c5jce9i.jpg	0	1	False	0.5882100462913513	0.17642006278038025	0.41178998351097107	0.5882100462913513	0.16378375887870789	False	True	0.4276796281337738	0.5723204016685486	True	0.36412104964256287	0.6358789801597595
cts54rg	my references are out of control everyone knows that	data/processed/pro_fakeddit/images/cts54rg.jpg	0	1	False	0.6211113333702087	0.24222268164157867	0.37888865172863007	0.6211113333702087	0.05329227074980736	False	True	0.3958309590816498	0.6041690111160278	True	0.3280617296695709	0.6719383001327515
bjd51k	my dad found a window surrounded by and filled with insulation behind one of the walls of his garage	data/processed/pro_fakeddit/images/bjd51k.jpg	1	1	True	0.5858940631151199	0.17178811877965927	0.41410594433546066	0.5858940631151199	0.19178715348243713	False	True	0.413369357585907	0.586630642414093	True	0.4163157045841217	0.5836843252182007
1y7eak	frightened figure skater	data/processed/pro_fakeddit/images/1y7eak.jpg	1	1	True	0.7090202569961548	0.418040506541729	0.2909797504544258	0.7090202569961548	0.14298632740974426	False	True	0.22594857215881348	0.7740514278411865	True	0.4860732853412628	0.5139267444610596
60pyul	trump warns republican lawmakers to get behind healthcare bill	data/processed/pro_fakeddit/images/60pyul.jpg	1	1	True	0.5383865088224411	0.0767730325460434	0.4616134762763977	0.5383865088224411	0.11235740780830383	False	True	0.46443232893943787	0.5355676412582397	True	0.4531569182872772	0.5468431115150452
7orshg	duck gets d printed prosthetic leg thanks to th grade students	data/processed/pro_fakeddit/images/7orshg.jpg	1	1	True	0.752236545085907	0.5044730827212334	0.24776346236467361	0.752236545085907	0.13852529227733612	False	True	0.1994590163230896	0.8005409836769104	True	0.39267680048942566	0.6073232293128967
76utmd	so this was an ad on youtube	data/processed/pro_fakeddit/images/76utmd.jpg	0	0	True	0.6997930258512497	0.3995860852301121	0.6997930258512497	0.3002069406211376	0.145084410905838	False	True	0.78816819190979	0.21183176338672638	True	0.43466752767562866	0.5653324723243713
at3o3g	my jackets zipper is an axe	data/processed/pro_fakeddit/images/at3o3g.jpg	1	1	True	0.6385764926671982	0.27715297788381577	0.3614235147833824	0.6385764926671982	0.18725033104419708	False	True	0.36335739493370056	0.6366426348686218	True	0.355621874332428	0.6443780660629272
cb7m5j	the sand in this frame settled in a satisfying way	data/processed/pro_fakeddit/images/cb7m5j.jpg	1	1	True	0.6740610748529434	0.34812216460704803	0.3259389102458954	0.6740610748529434	0.1748235821723938	False	True	0.30715158581733704	0.6928483843803406	True	0.38230088353157043	0.617699146270752
c60yn7	the age of bs and age of ss notations from a few years back at the movie theater	data/processed/pro_fakeddit/images/c60yn7.jpg	1	1	True	0.7233081161975861	0.4466162174940109	0.27669189870357513	0.7233081161975861	0.16699928045272827	False	True	0.2382916510105133	0.7617083787918091	True	0.3918926417827606	0.608107328414917
3y5t9r	what working on the fridge at a silver mine	data/processed/pro_fakeddit/images/3y5t9r.jpg	0	0	True	0.500071220099926	0.00014243274927139282	0.500071220099926	0.4999287873506546	0.03818891942501068	False	True	0.5388538241386414	0.46114617586135864	True	0.3837234079837799	0.6162766218185425
6a4nrb	california evidence from hundreds of rape survivors bodies sat in a fresno police freezer for years	data/processed/pro_fakeddit/images/6a4nrb.jpg	1	1	True	0.7694413810968399	0.5388827286660671	0.23055865243077278	0.7694413810968399	0.11531620472669601	False	True	0.1549394577741623	0.8450605869293213	True	0.45741623640060425	0.5425837635993958
84i5lo	upeeps makes the lowest tier shitpost on rfakehistoryporn circa	data/processed/pro_fakeddit/images/84i5lo.jpg	0	1	False	0.6153299957513809	0.23065993189811707	0.38467006385326385	0.6153299957513809	0.07734352350234985	False	True	0.3564392328262329	0.6435608267784119	True	0.4693625569343567	0.5306375026702881
awagug	the rearview mirror reflection of a rescued brown pelican in the back of my work truck	data/processed/pro_fakeddit/images/awagug.jpg	1	1	True	0.7082130610942841	0.4164261110126972	0.29178695008158684	0.7082130610942841	0.20345501601696014	False	True	0.21260841190814972	0.7873916029930115	True	0.5293225646018982	0.4706774353981018
al4fly	jesus going after pontius pilate after he came back from the dead ad	data/processed/pro_fakeddit/images/al4fly.jpg	0	1	False	0.8071214258670807	0.6142428647726774	0.19287856109440327	0.8071214258670807	0.08741016685962677	False	True	0.11913364380598068	0.8808663487434387	True	0.414113312959671	0.5858866572380066
2rxkdu	government offices likely to use floor cleaning liquid made of cow urine	data/processed/pro_fakeddit/images/2rxkdu.jpg	1	1	True	0.7712744772434235	0.5425489023327827	0.22872557491064072	0.7712744772434235	0.09560295939445496	False	True	0.15107721090316772	0.848922848701477	True	0.4616706669330597	0.5383293628692627
80zy5s	rare photo of president truman ordering the bombing of hiroshima	data/processed/pro_fakeddit/images/80zy5s.jpg	0	1	False	0.7390078604221344	0.4780157506465912	0.2609921097755432	0.7390078604221344	0.10186842083930969	False	True	0.21850451827049255	0.7814954519271851	True	0.3884548842906952	0.6115450859069824
7onnt2	britain now generates twice as much electricity from wind energy as coal	data/processed/pro_fakeddit/images/7onnt2.jpg	1	1	True	0.6712892949581146	0.34257855266332626	0.32871074229478836	0.6712892949581146	0.11929236352443695	False	True	0.2945660352706909	0.7054340243339539	True	0.4311448633670807	0.5688551068305969
5yu83o	my dads siblings and parents before they got married theyre here and still king of cool	data/processed/pro_fakeddit/images/5yu83o.jpg	0	1	False	0.8561423867940903	0.7122847530990839	0.14385763369500637	0.8561423867940903	0.023496901616454124	False	True	0.08036903291940689	0.9196310043334961	True	0.3343234360218048	0.6656765341758728
9ihyoz	vandergrift woman honored by food bank for helping veterans	data/processed/pro_fakeddit/images/9ihyoz.jpg	1	1	True	0.7517107278108597	0.5034214705228806	0.24828925728797913	0.7517107278108597	0.11430789530277252	False	True	0.1898212730884552	0.8101786971092224	True	0.4236932098865509	0.5763068199157715
bnc63k	gas product spills in houston ship channel after collision involving foot oil tanker and barges	data/processed/pro_fakeddit/images/bnc63k.jpg	1	1	True	0.5719012022018433	0.14380239695310593	0.42809880524873734	0.5719012022018433	0.17381779849529266	False	True	0.4102783203125	0.5897216796875	True	0.48156026005744934	0.518439769744873
b774vx	this classic compilation of childrens cartoons is not suitable for children	data/processed/pro_fakeddit/images/b774vx.jpg	1	0	False	0.5838654115796089	0.16773079335689545	0.5838654115796089	0.41613461822271347	0.12401328980922699	False	True	0.6423382759094238	0.35766175389289856	True	0.4084468185901642	0.5915532112121582
cj44ep	i dont even know where else to post this sort of sentiment	data/processed/pro_fakeddit/images/cj44ep.jpg	0	1	False	0.6870725601911545	0.37414512783288956	0.3129274323582649	0.6870725601911545	0.09015175700187683	False	True	0.3112332224845886	0.6887667775154114	True	0.3180100619792938	0.6819899082183838
dh9zmf	a trash can at a burger king	data/processed/pro_fakeddit/images/dh9zmf.jpg	1	0	False	0.5274332016706467	0.05486637353897095	0.5274332016706467	0.4725668281316757	0.18957561254501343	False	True	0.5358665585517883	0.46413347125053406	True	0.5021331310272217	0.4978668987751007
5vc0ts	uk sends stress balls to us scientists worried about donald trump	data/processed/pro_fakeddit/images/5vc0ts.jpg	1	1	True	0.6219423860311508	0.2438848316669464	0.3780575543642044	0.6219423860311508	0.1825501024723053	False	True	0.33660805225372314	0.6633918881416321	True	0.5024060606956482	0.49759387969970703
ccazmav	now with a little more skin soon we can make a theme park we cant wait it will be good	data/processed/pro_fakeddit/images/ccazmav.jpg	0	1	False	0.5284193009138107	0.05683863162994385	0.4715806692838669	0.5284193009138107	0.07534737139940262	False	True	0.5149276852607727	0.4850722551345825	True	0.3415396213531494	0.6584604382514954
9hsw3n	write george rr martin gives fans a sneak peek of his progress on his longawaited novel the winds of winter	data/processed/pro_fakeddit/images/9hsw3n.jpg	0	1	False	0.6954469829797745	0.39089396595954895	0.3045530170202255	0.6954469829797745	0.034788310527801514	False	True	0.25590384006500244	0.7440961599349976	True	0.4505005478858948	0.5494994521141052
2vxncx	more than k raised for heroic dog hurt in ohio house fire	data/processed/pro_fakeddit/images/2vxncx.jpg	1	1	True	0.7573577016592026	0.5147154107689857	0.24264229089021683	0.7573577016592026	0.1479956954717636	False	True	0.18083462119102478	0.8191653490066528	True	0.42806529998779297	0.5719347596168518
58f7ht	they said what find out what donald glover joe biden and alice walton have to say	data/processed/pro_fakeddit/images/58f7ht.jpg	0	1	False	0.7216989248991013	0.4433978423476219	0.27830108255147934	0.7216989248991013	0.09504099190235138	False	True	0.21921145915985107	0.7807885408401489	True	0.45556995272636414	0.5444300770759583
co16w5f	now i wanna buy a dress like that	data/processed/pro_fakeddit/images/co16w5f.jpg	0	1	False	0.6343398839235306	0.26867976784706116	0.3656601160764694	0.6343398839235306	0.11287964880466461	False	True	0.379207968711853	0.620792031288147	True	0.3250165581703186	0.6749834418296814
c46mfc7	i know this isnt radviceanimals but when i saw this i just had to	data/processed/pro_fakeddit/images/c46mfc7.jpg	0	1	False	0.5857193320989609	0.17143866419792175	0.4142806679010391	0.5857193320989609	0.12931035459041595	False	True	0.4223945736885071	0.5776054263114929	True	0.38993895053863525	0.6100610494613647
9k2d0s	my brother brought home eggnog today	data/processed/pro_fakeddit/images/9k2d0s.jpg	1	1	True	0.5616708248853683	0.12334166467189789	0.43832916021347046	0.5616708248853683	0.1786070466041565	False	True	0.4633398950099945	0.5366600751876831	True	0.3632969558238983	0.6367030739784241
1h21lq	antifemalesuffrage french womens rights poster s	data/processed/pro_fakeddit/images/1h21lq.jpg	0	1	False	0.5452771633863449	0.09055429697036743	0.4547228664159775	0.5452771633863449	0.22066757082939148	False	True	0.44894009828567505	0.5510599613189697	True	0.47207117080688477	0.5279287695884705
cezs0zg	fennecs world tour will melt your face off	data/processed/pro_fakeddit/images/cezs0zg.jpg	0	1	False	0.5332891345024109	0.06657826900482178	0.4667108654975891	0.5332891345024109	0.2003973126411438	False	True	0.49445033073425293	0.5055496692657471	True	0.38349246978759766	0.6165075302124023
61iz9z	trump administration grants pipeline permits without all his promised conditions	data/processed/pro_fakeddit/images/61iz9z.jpg	1	1	True	0.6250358670949936	0.2500716969370842	0.3749641701579094	0.6250358670949936	0.14153975248336792	False	True	0.34658923745155334	0.653410792350769	True	0.46008896827697754	0.5399110913276672
66p9kr	tesla recalls k cars over parking brake gear	data/processed/pro_fakeddit/images/66p9kr.jpg	1	1	True	0.5115819126367569	0.023163817822933197	0.4884180948138237	0.5115819126367569	0.1482665240764618	False	True	0.49471041560173035	0.505289614200592	True	0.46954113245010376	0.5304588079452515
c4b4ha6	when you see it youll shit bricks	data/processed/pro_fakeddit/images/c4b4ha6.jpg	0	1	False	0.7680980265140533	0.5361961051821709	0.23190192133188248	0.7680980265140533	0.09152154624462128	False	True	0.1729205846786499	0.8270793557167053	True	0.4088459312915802	0.5911540389060974
7eyee9	woman posing on the beach	data/processed/pro_fakeddit/images/7eyee9.jpg	1	1	True	0.6874385178089142	0.374877005815506	0.3125615119934082	0.6874385178089142	0.09510833024978638	False	True	0.27503862977027893	0.7249614000320435	True	0.425130158662796	0.5748698711395264
7zpzd6	liberalism the right way uk liberal party poster	data/processed/pro_fakeddit/images/7zpzd6.jpg	0	1	False	0.6642478033900261	0.3284955993294716	0.3357522040605545	0.6642478033900261	0.1990000605583191	False	True	0.2645854353904724	0.7354145646095276	True	0.5492525100708008	0.4507475197315216
at2ava	the way the snow in the field melted in a line	data/processed/pro_fakeddit/images/at2ava.jpg	1	1	True	0.7908866107463837	0.5817732438445091	0.20911336690187454	0.7908866107463837	0.1070803850889206	False	True	0.14153221249580383	0.8584677577018738	True	0.41185683012008667	0.5881431698799133
cvzupc	there was wood stacked while my dad was painting the house and he just left it it been years now kind of cool	data/processed/pro_fakeddit/images/cvzupc.jpg	1	1	True	0.6571923047304153	0.3143845796585083	0.34280772507190704	0.6571923047304153	0.16285505890846252	False	True	0.3435363471508026	0.6564636826515198	True	0.34062185883522034	0.659378170967102
ca0g7pm	stunning simply stunning	data/processed/pro_fakeddit/images/ca0g7pm.jpg	0	1	False	0.7333573997020721	0.4667148068547249	0.26664259284734726	0.7333573997020721	0.018267352133989334	False	True	0.2598210573196411	0.7401789426803589	True	0.2871071994304657	0.7128927707672119
bve8bh	the underside of the console lid in my car has labeled holders for lip balm pens and cards	data/processed/pro_fakeddit/images/bve8bh.jpg	1	1	True	0.662862554192543	0.32572510093450546	0.33713745325803757	0.662862554192543	0.19958826899528503	False	True	0.29023218154907227	0.7097678184509277	True	0.47785326838493347	0.5221467614173889
aur7nn	this tangle of cables look like a treble clef	data/processed/pro_fakeddit/images/aur7nn.jpg	1	1	True	0.550786554813385	0.10157309472560883	0.4492134600877762	0.550786554813385	0.20588266849517822	False	True	0.44220998883247375	0.5577900409698486	True	0.47022387385368347	0.5297760963439941
b5on6m	man wheels suitcase with ar down street throws it at cop	data/processed/pro_fakeddit/images/b5on6m.jpg	1	1	True	0.6304728090763092	0.2609456107020378	0.3695271983742714	0.6304728090763092	0.1660849004983902	False	True	0.35950225591659546	0.6404977440834045	True	0.3996020257472992	0.6003980040550232
cqxx6bo	every lotr fan thoughs right now	data/processed/pro_fakeddit/images/cqxx6bo.jpg	0	1	False	0.5317219495773315	0.06344389915466309	0.46827805042266846	0.5317219495773315	0.09755069017410278	False	True	0.49292516708374023	0.5070748329162598	True	0.3943367004394531	0.6056632995605469
42nhg4	waffle house taking reservations for candlelit valentines day dinner in alabama	data/processed/pro_fakeddit/images/42nhg4.jpg	1	1	True	0.6836793124675751	0.36735858768224716	0.3163207247853279	0.6836793124675751	0.1584400236606598	False	True	0.27144914865493774	0.728550910949707	True	0.4509354531764984	0.5490645170211792
3e9qai	hundreds renovate older mans home after teenagers make rude comment	data/processed/pro_fakeddit/images/3e9qai.jpg	1	1	True	0.6410345137119293	0.28206900507211685	0.35896550863981247	0.6410345137119293	0.1253804862499237	False	True	0.328431636095047	0.6715683937072754	True	0.4505671262741089	0.5494328737258911
dd7csb	santa claus reelection to north pole city council	data/processed/pro_fakeddit/images/dd7csb.jpg	1	1	True	0.557345449924469	0.1146908849477768	0.4426545649766922	0.557345449924469	0.19205094873905182	False	True	0.44377556443214417	0.5562244653701782	True	0.4392915666103363	0.5607084035873413
blzfud	this stain on a cubicle at my job kinda looks like snoo	data/processed/pro_fakeddit/images/blzfud.jpg	1	1	True	0.5797231644392014	0.15944631397724152	0.42027685046195984	0.5797231644392014	0.17725016176700592	False	True	0.4030587375164032	0.5969412922859192	True	0.47193118929862976	0.5280687808990479
23gsf0	me and some people over at mildly interesting arent sure if this looks like an excited dog gorilla or what	data/processed/pro_fakeddit/images/23gsf0.jpg	0	1	False	0.5187468007206917	0.03749363124370575	0.48125316947698593	0.5187468007206917	0.06816782802343369	False	True	0.5001578330993652	0.4998421370983124	True	0.424539178609848	0.5754607915878296
4njcm8	official map finds zikatransmitting mosquitoes in much of us	data/processed/pro_fakeddit/images/4njcm8.jpg	1	1	True	0.6685129851102829	0.3370259702205658	0.3314870148897171	0.6685129851102829	0.15581703186035156	False	True	0.3071523904800415	0.6928476095199585	True	0.4044908881187439	0.5955091118812561
bqcrji	how travelling australia in a van showed me meaningful work	data/processed/pro_fakeddit/images/bqcrji.jpg	1	1	True	0.729052871465683	0.45810574665665627	0.2709471248090267	0.729052871465683	0.10463583469390869	False	True	0.22909210622310638	0.7709078788757324	True	0.3965121805667877	0.6034878492355347
9jtpdk	picture of imperial japanese armed forces occupying ryuko island by kobayashi kiyochika	data/processed/pro_fakeddit/images/9jtpdk.jpg	0	1	False	0.7005381360650063	0.4010762795805931	0.29946185648441315	0.7005381360650063	0.20355713367462158	False	True	0.22220247983932495	0.777797520160675	True	0.5312399864196777	0.4687599837779999
cr0qwb	ceiling light at this restaurant looks like jupiter	data/processed/pro_fakeddit/images/cr0qwb.jpg	1	1	True	0.6596108227968216	0.31922169774770737	0.3403891250491142	0.6596108227968216	0.19678233563899994	False	True	0.29966026544570923	0.700339674949646	True	0.4625757038593292	0.5374242663383484
xwmoe	free vibrator giveaway event cockblocked by new york police	data/processed/pro_fakeddit/images/xwmoe.jpg	1	1	True	0.7836674302816391	0.5673348419368267	0.2163325883448124	0.7836674302816391	0.09312840551137924	False	True	0.13145901262760162	0.8685410022735596	True	0.4709533154964447	0.5290467143058777
8aytej	rubber plantation workers during the rule of king leopold ii belgian congo	data/processed/pro_fakeddit/images/8aytej.jpg	0	1	False	0.7611317783594131	0.5222635492682457	0.23886822909116745	0.7611317783594131	-0.061221204698085785	False	True	0.15357360243797302	0.8464264273643494	True	0.49475210905075073	0.5052478313446045
cmnc781	she touches herself everyday	data/processed/pro_fakeddit/images/cmnc781.jpg	0	1	False	0.6490888148546219	0.29817763715982437	0.3509111776947975	0.6490888148546219	0.08345883339643478	False	True	0.3601379990577698	0.6398620009422302	True	0.32323071360588074	0.6767692565917969
11f95k	this bear is in constant fear	data/processed/pro_fakeddit/images/11f95k.jpg	0	1	False	0.5408265590667725	0.08165310323238373	0.45917345583438873	0.5408265590667725	0.05439040809869766	False	True	0.47299250960350037	0.527007520198822	True	0.41771629452705383	0.5822836756706238
cnv7px	maximilien robespierre once the french citizens started to feel safe in their own country circa	data/processed/pro_fakeddit/images/cnv7px.jpg	0	0	True	0.5249069929122925	0.04981403052806854	0.5249069929122925	0.47509296238422394	0.06263207644224167	False	True	0.5739108920097351	0.4260890483856201	True	0.3778952956199646	0.6221047043800354
7uhm86	my toothbrush holder looks like its having a ball of a time brushing its teeth	data/processed/pro_fakeddit/images/7uhm86.jpg	0	1	False	0.5820470154285431	0.16409402340650558	0.4179529920220375	0.5820470154285431	0.20675906538963318	False	True	0.41651201248168945	0.5834879875183105	True	0.42227593064308167	0.5777240991592407
c7g0niq	what i was expecting to see	data/processed/pro_fakeddit/images/c7g0niq.jpg	0	1	False	0.6790000796318054	0.35800012946128845	0.32099995017051697	0.6790000796318054	0.10328201949596405	False	True	0.307206392288208	0.6927936673164368	True	0.36238062381744385	0.6376193165779114
4xzd9c	japanese pole vaulters olympic dream crushed by his own penis	data/processed/pro_fakeddit/images/4xzd9c.jpg	1	1	True	0.8024982064962387	0.6049963999539614	0.19750180654227734	0.8024982064962387	0.22266681492328644	False	True	0.11596149951219559	0.884038507938385	True	0.4421227276325226	0.5578773021697998
cibmgh	salt and pepper shakers at my hotel	data/processed/pro_fakeddit/images/cibmgh.jpg	1	1	True	0.5920703411102295	0.18414070457220078	0.4079296365380287	0.5920703411102295	0.23982299864292145	False	True	0.3947121202945709	0.6052878499031067	True	0.4475821852684021	0.5524178147315979
cr8wy4	this stalagmite on an ice cube	data/processed/pro_fakeddit/images/cr8wy4.jpg	1	1	True	0.6156894415616989	0.23137888312339783	0.3843105584383011	0.6156894415616989	0.12117073684930801	False	True	0.37283629179000854	0.6271637082099915	True	0.4187333583831787	0.5812666416168213
9ioc9t	a poorly disguised german spy attempts to gather information from an english national ca	data/processed/pro_fakeddit/images/9ioc9t.jpg	0	1	False	0.6689283847808838	0.3378567546606064	0.3310716301202774	0.6689283847808838	0.007464624010026455	False	True	0.2830914556980133	0.7169085741043091	True	0.4750121533870697	0.5249878168106079
b7hx41	the vegetables false advertising	data/processed/pro_fakeddit/images/b7hx41.jpg	0	0	True	0.7985263392329216	0.5970526486635208	0.7985263392329216	0.2014736905694008	0.20806103944778442	False	True	0.903178870677948	0.09682115912437439	True	0.4845687448978424	0.51543128490448
c37rol	this huge storm behind us contrasting with blue sky upfront	data/processed/pro_fakeddit/images/c37rol.jpg	1	1	True	0.7452962100505829	0.4905924052000046	0.2547038048505783	0.7452962100505829	0.0689956545829773	False	True	0.212194561958313	0.787805438041687	True	0.38223153352737427	0.6177685260772705
bn1f4u	did that ted bundy hacksaw moment really happen	data/processed/pro_fakeddit/images/bn1f4u.jpg	0	0	True	0.6466545164585114	0.2933090329170227	0.6466545164585114	0.35334548354148865	0.13004955649375916	False	True	0.7146873474121094	0.2853126525878906	True	0.4425560235977173	0.5574439764022827
rgigz	running out of beer at a girls birthday party resulted in gunfire one dead seven others hurt	data/processed/pro_fakeddit/images/rgigz.jpg	1	1	True	0.5847271829843521	0.16945437341928482	0.4152728095650673	0.5847271829843521	0.0764397457242012	False	True	0.4210221469402313	0.5789778232574463	True	0.3980247974395752	0.6019752621650696
9bun0x	my watering handle flipped out of the tomato plant and began watering the serrano	data/processed/pro_fakeddit/images/9bun0x.jpg	1	1	True	0.5180568695068359	0.03611370176076889	0.48194316774606705	0.5180568695068359	0.1694544106721878	False	True	0.46647343039512634	0.533526599407196	True	0.5283523797988892	0.4716476798057556
ccst35	jbl provides an usb which can be plugged in both orientations	data/processed/pro_fakeddit/images/ccst35.jpg	1	1	True	0.6150778532028198	0.23015571385622025	0.3849221393465996	0.6150778532028198	0.09898437559604645	False	True	0.36585018038749695	0.6341497898101807	True	0.44213801622390747	0.5578620433807373
bru2zu	the way this textbook is printed made me think my vision was blurry	data/processed/pro_fakeddit/images/bru2zu.jpg	1	0	False	0.5419861003756523	0.08397216349840164	0.5419861003756523	0.45801393687725067	0.14123877882957458	False	True	0.5712659358978271	0.4287341237068176	True	0.4541465938091278	0.5458533763885498
1ca6kk	people wont stop sending severed goat heads to wrigley field	data/processed/pro_fakeddit/images/1ca6kk.jpg	1	1	True	0.6409742087125778	0.28194840252399445	0.3590258061885834	0.6409742087125778	0.12073203921318054	False	True	0.3223263919353485	0.6776736378669739	True	0.46912404894828796	0.5308759212493896
5guxyv	check out these creative ways to give money as a gift	data/processed/pro_fakeddit/images/5guxyv.jpg	0	1	False	0.7183704823255539	0.4367409385740757	0.2816295437514782	0.7183704823255539	0.021825140342116356	False	True	0.2277068942785263	0.7722931504249573	True	0.44339749217033386	0.5566024780273438
2ltbdc	in good news i think this will help a lot	data/processed/pro_fakeddit/images/2ltbdc.jpg	1	1	True	0.7197845280170441	0.4395691081881523	0.28021541982889175	0.7197845280170441	0.031998880207538605	False	True	0.2663848400115967	0.7336151003837585	True	0.321707159280777	0.6782928109169006
6afgbb	is conflict syrian opposition take town of tabqa and dam	data/processed/pro_fakeddit/images/6afgbb.jpg	1	1	True	0.6624786406755447	0.3249572366476059	0.33752140402793884	0.6624786406755447	0.13438694179058075	False	True	0.2899397611618042	0.7100602984428406	True	0.4802663326263428	0.5197336673736572
5k2a9z	theres a massive metal dragon hiding inside earths outer core	data/processed/pro_fakeddit/images/5k2a9z.jpg	0	1	False	0.6365211755037308	0.27304237335920334	0.36347880214452744	0.6365211755037308	0.14005543291568756	False	True	0.3416348397731781	0.6583651304244995	True	0.42901068925857544	0.5709893107414246
cjmsqac	gman sitting on a creepy chair at the bottom of a body of water	data/processed/pro_fakeddit/images/cjmsqac.jpg	0	1	False	0.650341585278511	0.3006832078099251	0.34965837746858597	0.650341585278511	0.1508738398551941	False	True	0.29112961888313293	0.7088703513145447	True	0.5252446532249451	0.47475528717041016
c3kn1k	humanities last straight survivor is infected with gay	data/processed/pro_fakeddit/images/c3kn1k.jpg	0	1	False	0.6974233388900757	0.3948466256260872	0.3025767132639885	0.6974233388900757	0.04307566583156586	False	True	0.2712079882621765	0.7287920713424683	True	0.39668288826942444	0.603317141532898
4er7cz	buzz lightyear wins battle over driving licence	data/processed/pro_fakeddit/images/4er7cz.jpg	1	1	True	0.5355712026357651	0.07114244252443314	0.46442876011133194	0.5355712026357651	0.19817645847797394	False	True	0.4623125195503235	0.5376874208450317	True	0.4707774817943573	0.5292225480079651
31vdjm	saudis refuse swedish zoos monkeys in diplomatic spat	data/processed/pro_fakeddit/images/31vdjm.jpg	1	1	True	0.6058201938867569	0.2116403952240944	0.3941797986626625	0.6058201938867569	0.15945036709308624	False	True	0.3658878207206726	0.6341121792793274	True	0.4790557324886322	0.5209442377090454
37bch9	chinese officials sent on prison tours as a warning against corruption	data/processed/pro_fakeddit/images/37bch9.jpg	1	1	True	0.502880685031414	0.005761407315731049	0.497119277715683	0.502880685031414	0.14394646883010864	False	True	0.49519503116607666	0.5048049092292786	True	0.502892017364502	0.49710801243782043
831jiu	the cats alone in the tower	data/processed/pro_fakeddit/images/831jiu.jpg	0	1	False	0.6130272299051285	0.22605443000793457	0.3869727998971939	0.6130272299051285	0.2023906707763672	False	True	0.38284221291542053	0.6171578168869019	True	0.39936456084251404	0.6006354689598083
3frf2f	two in custody after meth lab found inside cedar rapids taco bell	data/processed/pro_fakeddit/images/3frf2f.jpg	1	1	True	0.6128212064504623	0.2256423979997635	0.38717880845069885	0.6128212064504623	0.12319329380989075	False	True	0.3358680009841919	0.6641319990158081	True	0.5411112308502197	0.45888882875442505
bk3kxn	construction workers and local business employees team up to rescue ducklings and reunite them with their mother	data/processed/pro_fakeddit/images/bk3kxn.jpg	1	1	True	0.7770362049341202	0.554072443395853	0.22296376153826714	0.7770362049341202	0.16478312015533447	False	True	0.14932240545749664	0.8506775498390198	True	0.4438878297805786	0.5561121702194214
11lk0b	guantanamo prisoner holds unflattering opinion of lebron james	data/processed/pro_fakeddit/images/11lk0b.jpg	1	1	True	0.6589216738939285	0.31784332543611526	0.34107834845781326	0.6589216738939285	0.15433791279792786	False	True	0.29178091883659363	0.7082191109657288	True	0.48897063732147217	0.5110293626785278
5zeeyi	hitler attempting suicide	data/processed/pro_fakeddit/images/5zeeyi.jpg	0	1	False	0.707688108086586	0.415376216173172	0.292311891913414	0.707688108086586	0.0537424199283123	False	True	0.23128479719161987	0.7687152028083801	True	0.4753931760787964	0.5246068239212036
bndvpq	this cat that rolled in glitter	data/processed/pro_fakeddit/images/bndvpq.jpg	1	1	True	0.7691990584135056	0.5383981317281723	0.23080092668533325	0.7691990584135056	0.1692293882369995	False	True	0.17170366644859314	0.8282963037490845	True	0.4080927073955536	0.5919073224067688
2mp2b9	religious extremism main cause of terrorism according to report	data/processed/pro_fakeddit/images/2mp2b9.jpg	1	1	True	0.6354306638240814	0.27086131274700165	0.3645693510770798	0.6354306638240814	0.11862696707248688	False	True	0.32778093218803406	0.6722190976142883	True	0.4749346077442169	0.5250653624534607
3jy56q	this school is switching to genderneutral bathrooms for all students not a single parent has complained about the change	data/processed/pro_fakeddit/images/3jy56q.jpg	1	1	True	0.5868586599826813	0.17371735721826553	0.41314130276441574	0.5868586599826813	0.1457292139530182	False	True	0.399750292301178	0.6002496480941772	True	0.45331433415412903	0.5466856956481934
dy5lj7i	the fall of legenwaitforitdary dogs	data/processed/pro_fakeddit/images/dy5lj7i.jpg	0	1	False	0.6217457801103592	0.2434915527701378	0.3782542273402214	0.6217457801103592	0.12771140038967133	False	True	0.3679930567741394	0.6320069432258606	True	0.4090377390384674	0.590962290763855
6s3rb8	this gecko with a cherry on its head	data/processed/pro_fakeddit/images/6s3rb8.jpg	1	1	True	0.7973519563674927	0.5947038922458887	0.20264806412160397	0.7973519563674927	0.24025212228298187	False	True	0.11976871639490128	0.8802313208580017	True	0.45128610730171204	0.5487138628959656
10j5ee	cnn and msnbc pundit arrested for vandalizing antimuslim ad in ny subway system	data/processed/pro_fakeddit/images/10j5ee.jpg	1	0	False	0.5380774587392807	0.07615493983030319	0.5380774587392807	0.4619225189089775	0.15216094255447388	False	True	0.5305564403533936	0.46944352984428406	True	0.5606405138969421	0.43935948610305786
c49mbj9	the force is strong with this one	data/processed/pro_fakeddit/images/c49mbj9.jpg	0	1	False	0.63350909948349	0.26701822876930237	0.3664908707141876	0.63350909948349	0.12322306632995605	False	True	0.37120094895362854	0.6287990212440491	True	0.35236063599586487	0.6476393342018127
cw23s66	if only bradleys arm was longer	data/processed/pro_fakeddit/images/cw23s66.jpg	0	1	False	0.766534760594368	0.5330695025622845	0.2334652580320835	0.766534760594368	0.04224039614200592	False	True	0.19622807204723358	0.80377197265625	True	0.3451768159866333	0.6548231244087219
2spyks	pope doing sign language	data/processed/pro_fakeddit/images/2spyks.jpg	1	1	True	0.7075209319591522	0.41504187509417534	0.2924790568649769	0.7075209319591522	0.16529031097888947	False	True	0.22861026227474213	0.7713897228240967	True	0.48408544063568115	0.5159145593643188
cntkzk	pretreating tshirts for printing and the chemicals leaked to the other side in a smiley face	data/processed/pro_fakeddit/images/cntkzk.jpg	1	0	False	0.6373307704925537	0.2746615409851074	0.6373307704925537	0.3626692295074463	0.1974327564239502	False	True	0.682570219039917	0.317429780960083	True	0.5016124248504639	0.49838757514953613
8oav6q	your granny said sternly dont go anywhere without god but the bright light of science has proven there is no god antireligious poster ca	data/processed/pro_fakeddit/images/8oav6q.jpg	0	1	False	0.7155316770076752	0.43106335029006004	0.2844683267176151	0.7155316770076752	0.10727228969335556	False	True	0.22865651547908783	0.771343469619751	True	0.451903760433197	0.5480962991714478
8mlgfb	daniel ricciardo in the monacos swimming pool	data/processed/pro_fakeddit/images/8mlgfb.jpg	1	1	True	0.7237789705395699	0.4475579671561718	0.27622100338339806	0.7237789705395699	0.1619492769241333	False	True	0.18539752066135406	0.8146024346351624	True	0.54869145154953	0.45130857825279236
crewcqr	capture me like one of your orlesian qunari	data/processed/pro_fakeddit/images/crewcqr.jpg	0	1	False	0.6257509142160416	0.25150179117918015	0.3742491230368614	0.6257509142160416	0.163286030292511	False	True	0.37331968545913696	0.6266803741455078	True	0.3770374357700348	0.6229625344276428
211mtg	texas town pays ted nugent k to stay away from th of concert	data/processed/pro_fakeddit/images/211mtg.jpg	1	1	True	0.6546561568975449	0.3093123212456703	0.34534383565187454	0.6546561568975449	0.08944118022918701	False	True	0.3030964732170105	0.6969035267829895	True	0.4720859229564667	0.5279140472412109
b2ldfz	this gift card expires in a millennium	data/processed/pro_fakeddit/images/b2ldfz.jpg	1	1	True	0.6488992869853973	0.29779860377311707	0.3511006832122803	0.6488992869853973	0.10947978496551514	False	True	0.32889747619628906	0.6711024641990662	True	0.4177103042602539	0.5822897553443909
16g0hs	men armed with ar rifles walk through portland to educate citizens	data/processed/pro_fakeddit/images/16g0hs.jpg	1	1	True	0.7074424773454666	0.414884977042675	0.2925575003027916	0.7074424773454666	0.2308761477470398	False	True	0.2337082326412201	0.7662917375564575	True	0.4691053032875061	0.5308946967124939
6oqx0c	dog with hotdog in his mouth	data/processed/pro_fakeddit/images/6oqx0c.jpg	1	1	True	0.6470531821250916	0.2941063866019249	0.35294679552316666	0.6470531821250916	0.16853927075862885	False	True	0.30009016394615173	0.6999098062515259	True	0.5115166902542114	0.4884833097457886
3euu1d	shia labeouf with his mom	data/processed/pro_fakeddit/images/3euu1d.jpg	1	1	True	0.7427816540002823	0.48556334525346756	0.25721830874681473	0.7427816540002823	0.16272269189357758	False	True	0.1797216832637787	0.8202782869338989	True	0.48970818519592285	0.5102917551994324
53b6sc	jane goodall trump debates like a chimp in a dominance ritual	data/processed/pro_fakeddit/images/53b6sc.jpg	1	1	True	0.7794012874364853	0.55880256742239	0.2205987200140953	0.7794012874364853	0.16184388101100922	False	True	0.13983193039894104	0.8601680994033813	True	0.4628990888595581	0.5371008515357971
b4mvd6	i made ethan from quintessential british p coins	data/processed/pro_fakeddit/images/b4mvd6.jpg	1	1	True	0.6568488031625748	0.31369758397340775	0.343151219189167	0.6568488031625748	0.17560730874538422	False	True	0.32037946581840515	0.6796205639839172	True	0.41146647930145264	0.5885335206985474
6wvmk2	aaron rodgers sweet new stache	data/processed/pro_fakeddit/images/6wvmk2.jpg	1	1	True	0.6894992738962173	0.3789985179901123	0.31050075590610504	0.6894992738962173	0.18473303318023682	False	True	0.2589620053768158	0.7410380244255066	True	0.4651170074939728	0.5348830223083496
24nmi6	dea orders more marijuana production	data/processed/pro_fakeddit/images/24nmi6.jpg	1	1	True	0.6020155847072601	0.20403116196393967	0.39798442274332047	0.6020155847072601	0.15657450258731842	False	True	0.37840503454208374	0.6215949654579163	True	0.45672258734703064	0.5432774424552917
d5jv7n	unite the right rally is held	data/processed/pro_fakeddit/images/d5jv7n.jpg	0	1	False	0.7685379534959793	0.5370759032666683	0.231462050229311	0.7685379534959793	0.08264189213514328	False	True	0.15722276270389557	0.8427772521972656	True	0.45417991280555725	0.5458200573921204
c5z6ols	i have one of thes on my coffee table	data/processed/pro_fakeddit/images/c5z6ols.jpg	0	1	False	0.5727223753929138	0.14544478058815002	0.4272775948047638	0.5727223753929138	0.08029049634933472	False	True	0.45476606488227844	0.5452339053153992	True	0.34481218457221985	0.6551877856254578
awe6j1	this microfilm recorder my predecessor left behind at my current job	data/processed/pro_fakeddit/images/awe6j1.jpg	1	1	True	0.6603706479072571	0.32074127346277237	0.3396293744444847	0.6603706479072571	0.10334319621324539	False	True	0.3228926360607147	0.6771073937416077	True	0.3898395895957947	0.6101604104042053
5vytu2	i really can say in this country people dont realize how bad it is in this country but in this country and all over the world pres trump	data/processed/pro_fakeddit/images/5vytu2.jpg	1	0	False	0.5788058564066887	0.1576116979122162	0.5788058564066887	0.4211941584944725	0.028884919360280037	False	True	0.643782377243042	0.3562176525592804	True	0.3838762938976288	0.6161236763000488
bc2sp2	white porgy and bess cast asked to say they identify as africanamerican	data/processed/pro_fakeddit/images/bc2sp2.jpg	1	1	True	0.6479029804468155	0.295805960893631	0.3520970195531845	0.6479029804468155	0.1053437739610672	False	True	0.31237655878067017	0.6876234412193298	True	0.47125840187072754	0.5287415981292725
99dlh0	maine woman who loves cops gets arrested for her rd birthday	data/processed/pro_fakeddit/images/99dlh0.jpg	1	1	True	0.7436431050300598	0.487286239862442	0.2563568651676178	0.7436431050300598	0.1071181520819664	False	True	0.19264063239097595	0.8073593378067017	True	0.44750556349754333	0.5524944067001343
b69mw5	rare footage of a jewish man crying for mercy right before his execution by the german ss officer otto dietrich	data/processed/pro_fakeddit/images/b69mw5.jpg	0	1	False	0.7087852358818054	0.4175705052912235	0.2912147305905819	0.7087852358818054	0.20602905750274658	False	True	0.24707581102848053	0.7529241442680359	True	0.423631489276886	0.576368510723114
1hr7n2	trumans soldiers by veniamin briskin korean war painting	data/processed/pro_fakeddit/images/1hr7n2.jpg	0	1	False	0.6744982749223709	0.3489965721964836	0.3255017027258873	0.6744982749223709	0.11219404637813568	False	True	0.29399123787879944	0.7060087323188782	True	0.4200330972671509	0.5799669027328491
6w11x2	planet fitness offering new lightsoff hour so no one can watch you work out	data/processed/pro_fakeddit/images/6w11x2.jpg	0	1	False	0.7138009667396545	0.4276019558310509	0.28619901090860367	0.7138009667396545	0.16615751385688782	False	True	0.23004648089408875	0.7699534893035889	True	0.45465660095214844	0.5453433990478516
6icnca	today not the day for blame say rightwing hatemongers	data/processed/pro_fakeddit/images/6icnca.jpg	0	1	False	0.6107216775417328	0.22144336253404617	0.3892783150076866	0.6107216775417328	0.07628139853477478	False	True	0.3789505064487457	0.6210494637489319	True	0.4202617406845093	0.5797383189201355
40ph6w	man in norway sliding down street reading book and drinking coffee	data/processed/pro_fakeddit/images/40ph6w.jpg	1	1	True	0.7641533017158508	0.5283066220581532	0.23584667965769768	0.7641533017158508	0.18499664962291718	False	True	0.15301261842250824	0.8469873666763306	True	0.484348863363266	0.5156511068344116
d02gtm	manchester hotel charges australian ps for a beer	data/processed/pro_fakeddit/images/d02gtm.jpg	1	1	True	0.5263025164604187	0.052605025470256805	0.4736974909901619	0.5263025164604187	0.14196637272834778	False	True	0.4693266749382019	0.5306733250617981	True	0.48680993914604187	0.5131900906562805
c7to9oa	that old weather guy from moonrise kingdom	data/processed/pro_fakeddit/images/c7to9oa.jpg	0	1	False	0.6715957820415497	0.34319154918193817	0.3284042328596115	0.6715957820415497	0.14491266012191772	False	True	0.2905004322528839	0.7094995975494385	True	0.4421156346797943	0.5578843355178833
d5gruj	my oreo was put on the wrong way	data/processed/pro_fakeddit/images/d5gruj.jpg	1	0	False	0.5634743124246597	0.12694866955280304	0.5634743124246597	0.4365256428718567	0.1756853461265564	False	True	0.6053372621536255	0.39466267824172974	True	0.43788546323776245	0.5621145367622375
bdsn00	this photo of a japanese boat looks like japanese kanji	data/processed/pro_fakeddit/images/bdsn00.jpg	1	1	True	0.5922778397798538	0.18455566465854645	0.4077221751213074	0.5922778397798538	0.1267055720090866	False	True	0.3930905759334564	0.606909453868866	True	0.45161697268486023	0.5483829975128174
1slz3a	a levitating spatulawielding friend	data/processed/pro_fakeddit/images/1slz3a.jpg	1	1	True	0.6512238830327988	0.30244773626327515	0.3487761467695236	0.6512238830327988	0.21178597211837769	False	True	0.3302939832210541	0.6697060465812683	True	0.40422263741493225	0.5957773923873901
9guzlf	this knot that i found in my headphone cable	data/processed/pro_fakeddit/images/9guzlf.jpg	1	1	True	0.6303044557571411	0.26060889661312103	0.3696955591440201	0.6303044557571411	0.18546226620674133	False	True	0.35358819365501404	0.6464118361473083	True	0.4180176556110382	0.5819823145866394
cjoncr3	top of her class actually	data/processed/pro_fakeddit/images/cjoncr3.jpg	0	1	False	0.6630616933107376	0.3261234238743782	0.3369382694363594	0.6630616933107376	0.05951758474111557	False	True	0.34455668926239014	0.6554432511329651	True	0.3140830099582672	0.6859170198440552
c9bo81a	i have no plans to die today	data/processed/pro_fakeddit/images/c9bo81a.jpg	0	1	False	0.686040848493576	0.3720816522836685	0.31395919620990753	0.686040848493576	0.0491616316139698	False	True	0.304548442363739	0.6954516172409058	True	0.3421914577484131	0.6578085422515869
cw82kp	found this in front of the capitol building in dc	data/processed/pro_fakeddit/images/cw82kp.jpg	1	1	True	0.6478352397680283	0.2956704795360565	0.35216476023197174	0.6478352397680283	0.06884586811065674	False	True	0.34025800228118896	0.659741997718811	True	0.38788503408432007	0.6121149659156799
3ducw6	jeb bush hails uber in san francisco doesnt win drivers vote	data/processed/pro_fakeddit/images/3ducw6.jpg	1	1	True	0.5761995688080788	0.15239914506673813	0.42380042374134064	0.5761995688080788	0.16906897723674774	False	True	0.3917853832244873	0.6082146167755127	True	0.5198455452919006	0.480154424905777
60kjje	new orleans residents aimlessly float across the floodwaters brought on by hurricane katrina c	data/processed/pro_fakeddit/images/60kjje.jpg	0	1	False	0.770139217376709	0.540278434753418	0.22986078262329102	0.770139217376709	0.09589620679616928	False	True	0.13391637802124023	0.8660836219787598	True	0.5176939964294434	0.48230600357055664
cd2mjg	winston churchill reenters the government	data/processed/pro_fakeddit/images/cd2mjg.jpg	0	1	False	0.6065375506877899	0.21307508647441864	0.3934624642133713	0.6065375506877899	0.20031778514385223	False	True	0.3750282824039459	0.6249717473983765	True	0.44876500964164734	0.5512349605560303
c0hql7	found this on the calder fwy melbourne australia hr am	data/processed/pro_fakeddit/images/c0hql7.jpg	1	1	True	0.7257310599088669	0.4514620862901211	0.2742689736187458	0.7257310599088669	0.15566474199295044	False	True	0.22949878871440887	0.7705012559890747	True	0.4085795283317566	0.5914204716682434
ce6npko	kim jongun crossing the delaware	data/processed/pro_fakeddit/images/ce6npko.jpg	0	1	False	0.6297663748264313	0.25953274965286255	0.3702336251735687	0.6297663748264313	0.24159376323223114	False	True	0.3296862840652466	0.6703137159347534	True	0.49187564849853516	0.5081243515014648
cq8vihk	the fabulous dolphin feeder	data/processed/pro_fakeddit/images/cq8vihk.jpg	0	1	False	0.7283623665571213	0.45672470331192017	0.2716376632452011	0.7283623665571213	0.13257765769958496	False	True	0.226803719997406	0.7731963396072388	True	0.4061394929885864	0.5938604474067688
7uvs8q	this speedminton speeder	data/processed/pro_fakeddit/images/7uvs8q.jpg	0	1	False	0.6621411144733429	0.3242822363972664	0.3378588780760765	0.6621411144733429	0.14809301495552063	False	True	0.31207817792892456	0.6879218220710754	True	0.41520097851753235	0.5847989916801453
b6e9x8	went to open an angry birds fruit snacks they were in the shapes of emojis and gummy bears	data/processed/pro_fakeddit/images/b6e9x8.jpg	1	1	True	0.6250709891319275	0.25014201551675797	0.3749289736151695	0.6250709891319275	0.24376201629638672	False	True	0.35059309005737305	0.6494068503379822	True	0.44793662428855896	0.5520634055137634
5hn79v	robber locks keys in car asks police for help	data/processed/pro_fakeddit/images/5hn79v.jpg	1	1	True	0.5660610198974609	0.1321219876408577	0.43393903225660324	0.5660610198974609	0.015672018751502037	False	True	0.43172013759613037	0.5682799220085144	True	0.44059571623802185	0.5594043135643005
ce7gtk	this rock and stick looks like the head and tongue of a snake	data/processed/pro_fakeddit/images/ce7gtk.jpg	1	1	True	0.7216203659772873	0.44324077293276787	0.2783795930445194	0.7216203659772873	0.11039108783006668	False	True	0.23227103054523468	0.7677289247512817	True	0.41670528054237366	0.583294689655304
cjg1vh	this payphone tucked into a corner in a grocery store yes it still works	data/processed/pro_fakeddit/images/cjg1vh.jpg	1	0	False	0.53129942715168	0.06259887665510178	0.53129942715168	0.4687005504965782	0.1626446694135666	False	True	0.5655447840690613	0.43445518612861633	True	0.42856335639953613	0.5714366436004639
ces56a8	i felt like watching the hobbit again	data/processed/pro_fakeddit/images/ces56a8.jpg	0	1	False	0.683692455291748	0.3673849180340767	0.31630753725767136	0.683692455291748	0.16171711683273315	False	True	0.30224865674972534	0.6977513432502747	True	0.3584841787815094	0.6415157914161682
d17c24	they filled my cup perfectly	data/processed/pro_fakeddit/images/d17c24.jpg	1	0	False	0.5269634500145912	0.05392692983150482	0.5269634500145912	0.4730365201830864	0.09811951220035553	False	True	0.5954139828681946	0.40458598732948303	True	0.32161185145378113	0.6783881187438965
52d9k7	aboriginal man wanted to do something nice after overhearing racist comments in a fremantle cafe	data/processed/pro_fakeddit/images/52d9k7.jpg	1	1	True	0.7917039394378662	0.5834078565239906	0.20829608291387558	0.7917039394378662	0.15359267592430115	False	True	0.11290004849433899	0.8870999813079834	True	0.49448418617248535	0.5055158138275146
6i8xou	little girl running from a splash park	data/processed/pro_fakeddit/images/6i8xou.jpg	1	1	True	0.7081471607089043	0.4162943363189697	0.29185282438993454	0.7081471607089043	0.21411624550819397	False	True	0.2171834409236908	0.7828165292739868	True	0.5158609747886658	0.4841390550136566
bwbw7n	the handle on my bag that looks like a surprised monster figure	data/processed/pro_fakeddit/images/bwbw7n.jpg	1	1	True	0.6227650046348572	0.24552998691797256	0.3772350177168846	0.6227650046348572	0.171320840716362	False	True	0.3350546061992645	0.6649454236030579	True	0.5037762522697449	0.4962237477302551
57sdcb	rockstar just got everyone talking with one simple image	data/processed/pro_fakeddit/images/57sdcb.jpg	0	0	True	0.5053524374961853	0.010704897344112396	0.5053524374961853	0.4946475401520729	0.1703723520040512	False	True	0.5470857620239258	0.45291420817375183	True	0.38015246391296387	0.6198475360870361
35lgng	woman survives off own breast milk	data/processed/pro_fakeddit/images/35lgng.jpg	1	1	True	0.5442023873329163	0.08840479701757431	0.45579759031534195	0.5442023873329163	0.04877602308988571	False	True	0.46772822737693787	0.5322717428207397	True	0.4200056791305542	0.5799943208694458
8wjko7	the british government during negotiations for a better brexit deal	data/processed/pro_fakeddit/images/8wjko7.jpg	0	1	False	0.6204605549573898	0.24092108011245728	0.37953947484493256	0.6204605549573898	0.048351921141147614	False	True	0.35890716314315796	0.6410928964614868	True	0.44143640995025635	0.5585635304450989
curep3	this bullseye barbecue sauce label that missed the mark	data/processed/pro_fakeddit/images/curep3.jpg	1	0	False	0.6121518015861511	0.22430364787578583	0.6121518015861511	0.3878481537103653	0.19790929555892944	False	True	0.6537805795669556	0.34621936082839966	True	0.4872654676437378	0.5127345323562622
3vt391	police burglary suspect identified by name on shirt	data/processed/pro_fakeddit/images/3vt391.jpg	1	1	True	0.5687250941991806	0.1374501883983612	0.4312749058008194	0.5687250941991806	0.07517948001623154	False	True	0.4246917963027954	0.5753082036972046	True	0.45102423429489136	0.5489757657051086
ci4ynxb	murder loves killers too	data/processed/pro_fakeddit/images/ci4ynxb.jpg	0	0	True	0.503765806555748	0.007531590759754181	0.503765806555748	0.4962342157959938	0.07278608530759811	False	True	0.5428228378295898	0.45717719197273254	True	0.3865947127342224	0.6134052872657776
1f2ooa	tank shot repost from rpics	data/processed/pro_fakeddit/images/1f2ooa.jpg	1	1	True	0.8547700941562653	0.7095401715487242	0.14522992260754108	0.8547700941562653	0.15229162573814392	False	True	0.08693953603506088	0.9130604863166809	True	0.3201010823249817	0.6798989176750183
d7a61o	this teardrop shaped button i found	data/processed/pro_fakeddit/images/d7a61o.jpg	1	0	False	0.5669960156083107	0.1339920163154602	0.5669960156083107	0.4330039992928505	0.07954475283622742	False	True	0.6147671937942505	0.3852328360080719	True	0.42368248105049133	0.5763174891471863
9ec7eq	ill be eating the meatennium falcon	data/processed/pro_fakeddit/images/9ec7eq.jpg	1	1	True	0.5927426069974899	0.18548519164323807	0.40725741535425186	0.5927426069974899	0.030521418899297714	False	True	0.41138312220573425	0.5886169075965881	True	0.3948802947998047	0.6051197052001953
c8iz044	who let wario get the smash ball	data/processed/pro_fakeddit/images/c8iz044.jpg	0	1	False	0.7116502225399017	0.42330045253038406	0.28834977000951767	0.7116502225399017	0.1540824919939041	False	True	0.24047034978866577	0.7595296502113342	True	0.43198803067207336	0.5680119395256042
ccvujvv	i dont really know what ive done here	data/processed/pro_fakeddit/images/ccvujvv.jpg	0	1	False	0.7054784297943115	0.41095686703920364	0.2945215627551079	0.7054784297943115	0.03201644495129585	False	True	0.27733248472213745	0.7226675152778625	True	0.34608879685401917	0.6539111733436584
15g6h1	i got a gleeful thermos for christmas	data/processed/pro_fakeddit/images/15g6h1.jpg	0	1	False	0.5522051900625229	0.10441035032272339	0.4477948397397995	0.5522051900625229	0.14077213406562805	False	True	0.47842034697532654	0.5215796828269958	True	0.3559183180332184	0.644081711769104
c56m2lu	its hard to bluff when youre playing against yourself	data/processed/pro_fakeddit/images/c56m2lu.jpg	0	1	False	0.6249159127473831	0.24983187019824982	0.3750840425491333	0.6249159127473831	0.11348994821310043	False	True	0.37822872400283813	0.6217712163925171	True	0.3656499981880188	0.6343500018119812
ci3zxha	everything the light touches is our kingdom	data/processed/pro_fakeddit/images/ci3zxha.jpg	0	1	False	0.7148386090993881	0.4296772703528404	0.2851613387465477	0.7148386090993881	0.08827909827232361	False	True	0.27044934034347534	0.7295506000518799	True	0.32929733395576477	0.6707026362419128
cffi8p	a picture from the broadway premiere of cats	data/processed/pro_fakeddit/images/cffi8p.jpg	0	1	False	0.7818543463945389	0.5637087300419807	0.21814561635255814	0.7818543463945389	0.04406849294900894	False	True	0.13604134321212769	0.8639585971832275	True	0.4644584357738495	0.5355415940284729
3u3ey4	party to celebrate end of probation in n ft myers ends in arrest	data/processed/pro_fakeddit/images/3u3ey4.jpg	1	1	True	0.615292027592659	0.2305840253829956	0.3847080022096634	0.615292027592659	0.12494205683469772	False	True	0.3660314381122589	0.6339685916900635	True	0.44073769450187683	0.5592623353004456
7c2uqn	legendary runner usain bolt about to set his m world record on th in berlin germany	data/processed/pro_fakeddit/images/7c2uqn.jpg	0	1	False	0.5460231304168701	0.09204625338315964	0.4539768770337105	0.5460231304168701	0.07597346603870392	False	True	0.4634881019592285	0.5365118980407715	True	0.42544320225715637	0.574556827545166
9hbfz9	the president changing the legal drinking age to	data/processed/pro_fakeddit/images/9hbfz9.jpg	0	1	False	0.7625461369752884	0.5250923372805119	0.23745379969477654	0.7625461369752884	0.029916394501924515	False	True	0.1728840321302414	0.8271158933639526	True	0.43116310238838196	0.5688368678092957
8et034	the music has gotten worse dire consequences	data/processed/pro_fakeddit/images/8et034.jpg	0	1	False	0.5558108240365982	0.11162165552377701	0.4441891685128212	0.5558108240365982	0.17574024200439453	False	True	0.460114061832428	0.539885938167572	True	0.39641448855400085	0.6035854816436768
cm6brs	this giant air freshener in an alleyway	data/processed/pro_fakeddit/images/cm6brs.jpg	1	1	True	0.5862488150596619	0.17249760031700134	0.4137512147426605	0.5862488150596619	0.22214806079864502	False	True	0.3948347270488739	0.6051653027534485	True	0.4705006778240204	0.529499351978302
dbhq4j	this wasp that landed on my windshield	data/processed/pro_fakeddit/images/dbhq4j.jpg	1	1	True	0.7185119837522507	0.43702396377921104	0.2814880199730396	0.7185119837522507	0.20715735852718353	False	True	0.2300233393907547	0.7699766755104065	True	0.4358820617198944	0.5641179084777832
73uic4	picture of german soldiers hearing the news of the fuhrers death	data/processed/pro_fakeddit/images/73uic4.jpg	0	1	False	0.7142921984195709	0.428584448993206	0.2857077494263649	0.7142921984195709	0.10036381334066391	False	True	0.2177180051803589	0.7822819352149963	True	0.48967698216438293	0.5103229880332947
16cz2a	saw him at the bottom of my final cup of eggnog for the year i know the feeling bro	data/processed/pro_fakeddit/images/16cz2a.jpg	0	1	False	0.6230322271585464	0.2460644692182541	0.37696775794029236	0.6230322271585464	0.19971482455730438	False	True	0.381619393825531	0.618380606174469	True	0.3630128502845764	0.6369870901107788
c6wpb5i	yes im showing myself out	data/processed/pro_fakeddit/images/c6wpb5i.jpg	0	1	False	0.6868592947721481	0.3737185671925545	0.31314072757959366	0.6868592947721481	0.042711179703474045	False	True	0.31116291880607605	0.6888371109962463	True	0.3190741539001465	0.6809258460998535
aufe0y	the scene in washington dc this afternoon	data/processed/pro_fakeddit/images/aufe0y.jpg	1	1	True	0.7102154493331909	0.42043088003993034	0.2897845692932606	0.7102154493331909	0.13912361860275269	False	True	0.24152852594852448	0.7584714889526367	True	0.43455269932746887	0.5654473304748535
7nty7n	im a baby boomer im banning rick morty enthusiasts that he needs the be on the man who oversaw the distribution of iqs	data/processed/pro_fakeddit/images/7nty7n.jpg	0	1	False	0.8150151073932648	0.6300302464514971	0.1849848609417677	0.8150151073932648	-0.002761904150247574	False	True	0.09404445439577103	0.9059554934501648	True	0.4578060805797577	0.5421939492225647
9bjofb	tijuanas plastic bag ban good for san diego environmentalists say	data/processed/pro_fakeddit/images/9bjofb.jpg	1	1	True	0.7422116100788116	0.4844232089817524	0.25778840109705925	0.7422116100788116	0.10002574324607849	False	True	0.185906782746315	0.8140932321548462	True	0.473433256149292	0.526566743850708
926yx3	amazing how davinci captured that subtle smile circa	data/processed/pro_fakeddit/images/926yx3.jpg	0	1	False	0.5855489820241928	0.1710980013012886	0.4144509807229042	0.5855489820241928	0.1526300013065338	False	True	0.4385456442832947	0.5614542961120605	True	0.3421669900417328	0.6578330397605896
2phxlo	scientist creates toys for immobile children allowing them to play and feel normal	data/processed/pro_fakeddit/images/2phxlo.jpg	1	1	True	0.5579776763916016	0.1159554049372673	0.44202227145433426	0.5579776763916016	0.04535531625151634	False	True	0.44705474376678467	0.5529451966285706	True	0.42692485451698303	0.5730751156806946
3insja	dog getting caught digging a hole	data/processed/pro_fakeddit/images/3insja.jpg	1	1	True	0.7395594045519829	0.47911880537867546	0.2604405991733074	0.7395594045519829	0.17893868684768677	False	True	0.1781587153673172	0.821841299533844	True	0.5072862505912781	0.49271371960639954
3gjfr1	ukrainian armed forces to employ raccoons	data/processed/pro_fakeddit/images/3gjfr1.jpg	1	1	True	0.6378782093524933	0.27575642615556717	0.3621217831969261	0.6378782093524933	0.1453520655632019	False	True	0.33564531803131104	0.664354681968689	True	0.44155117869377136	0.5584487915039062
139f8a	uuuuuuggghh srsly srsly guise	data/processed/pro_fakeddit/images/139f8a.jpg	0	1	False	0.6045268923044205	0.20905376970767975	0.3954731225967407	0.6045268923044205	0.042153581976890564	False	True	0.3934437334537506	0.6065562963485718	True	0.40156129002571106	0.5984386801719666
dhqyyq	found this in a local goodwill	data/processed/pro_fakeddit/images/dhqyyq.jpg	1	1	True	0.5638933628797531	0.1277867555618286	0.4361066073179245	0.5638933628797531	0.12240134179592133	False	True	0.45199277997016907	0.5480071902275085	True	0.3884480893611908	0.6115518808364868
3o1j0k	year old attempting to play baseball	data/processed/pro_fakeddit/images/3o1j0k.jpg	1	1	True	0.7689475119113922	0.5378950163722038	0.23105249553918839	0.7689475119113922	0.12678039073944092	False	True	0.17340368032455444	0.8265963196754456	True	0.4039989411830902	0.5960010886192322
1kaymj	hooters restaurants in san diego wont serve bob filner	data/processed/pro_fakeddit/images/1kaymj.jpg	1	1	True	0.6505451425909996	0.3010902553796768	0.3494548872113228	0.6505451425909996	0.1435854136943817	False	True	0.2752961814403534	0.724703848361969	True	0.571931004524231	0.42806902527809143
c59yl6	a crab that got hit by an explosion	data/processed/pro_fakeddit/images/c59yl6.jpg	0	1	False	0.7130667567253113	0.426133468747139	0.2869332879781723	0.7130667567253113	0.04224265366792679	False	True	0.2261407971382141	0.7738592624664307	True	0.4693107604980469	0.5306892395019531
bvm2pz	nevada governor signs bill to restore voting rights to convicted felons	data/processed/pro_fakeddit/images/bvm2pz.jpg	1	1	True	0.6519063711166382	0.3038127198815346	0.3480936512351036	0.6519063711166382	0.13776594400405884	False	True	0.289116233587265	0.7108837962150574	True	0.5250259041786194	0.4749740958213806
b4geqy	glasses for soccer they are convertible too	data/processed/pro_fakeddit/images/b4geqy.jpg	1	1	True	0.6070918291807175	0.21418360620737076	0.3929082229733467	0.6070918291807175	0.10998543351888657	False	True	0.38806575536727905	0.6119343042373657	True	0.4074356257915497	0.5925644040107727
1m41sc	indianapolis public safety center declared unsafe	data/processed/pro_fakeddit/images/1m41sc.jpg	1	1	True	0.5854942798614502	0.1709885373711586	0.4145057424902916	0.5854942798614502	0.109873466193676	False	True	0.39176222681999207	0.6082378029823303	True	0.4827362895011902	0.5172637104988098
d3jig8v	a place left by civilisation	data/processed/pro_fakeddit/images/d3jig8v.jpg	0	1	False	0.7129015773534775	0.42580317705869675	0.28709840029478073	0.7129015773534775	0.13876886665821075	False	True	0.25898101925849915	0.7410189509391785	True	0.3714505434036255	0.6285494565963745
1qtwn4	leafs waffle man vows to strike again	data/processed/pro_fakeddit/images/1qtwn4.jpg	1	1	True	0.572518065571785	0.14503614604473114	0.42748191952705383	0.572518065571785	0.02284184843301773	False	True	0.41875120997428894	0.5812487602233887	True	0.4536740481853485	0.5463259816169739
bc6fe5	this case of snapple with an empty bottle	data/processed/pro_fakeddit/images/bc6fe5.jpg	1	0	False	0.6219267919659615	0.24385356903076172	0.6219267919659615	0.37807322293519974	0.19047030806541443	False	True	0.6876566410064697	0.31234338879585266	True	0.42473724484443665	0.575262725353241
5qfzgn	ireland votes to be worlds first country to fully divest from fossil fuels	data/processed/pro_fakeddit/images/5qfzgn.jpg	1	1	True	0.697294071316719	0.3945881389081478	0.30270593240857124	0.697294071316719	0.07665470242500305	False	True	0.23937834799289703	0.7606216669082642	True	0.49268868565559387	0.5073112845420837
bg70qm	bugs bunny takes elmer fudd to task	data/processed/pro_fakeddit/images/bg70qm.jpg	0	1	False	0.7604529112577438	0.5209057740867138	0.23954713717103004	0.7604529112577438	0.0728813037276268	False	True	0.16301025450229645	0.8369898200035095	True	0.46915778517723083	0.5308421850204468
1b6k64	russian exposed friend to radiation to render him immortal	data/processed/pro_fakeddit/images/1b6k64.jpg	1	1	True	0.5362463295459747	0.07249262928962708	0.46375370025634766	0.5362463295459747	0.10903750360012054	False	True	0.4836769998073578	0.5163230299949646	True	0.40398380160331726	0.5960162281990051
3abvvc	jesus writing the constitution	data/processed/pro_fakeddit/images/3abvvc.jpg	1	1	True	0.7207781076431274	0.4415562227368355	0.27922188490629196	0.7207781076431274	0.19756022095680237	False	True	0.2238737940788269	0.7761262059211731	True	0.44526615738868713	0.5547338128089905
c7nrbvy	i ran out of ideas halfway through	data/processed/pro_fakeddit/images/c7nrbvy.jpg	0	1	False	0.6015664488077164	0.20313289761543274	0.39843355119228363	0.6015664488077164	0.06180426850914955	False	True	0.4068610668182373	0.5931389331817627	True	0.3731510043144226	0.6268489956855774
3x0xb7	mans kidney donation saves seven lives in one day	data/processed/pro_fakeddit/images/3x0xb7.jpg	1	1	True	0.7921865880489349	0.5843732059001923	0.20781338214874268	0.7921865880489349	0.07055014371871948	False	True	0.13842174410820007	0.8615782260894775	True	0.4159882962703705	0.5840116739273071
bxwme5	my first underwater picture with phone looks like nirvana cover	data/processed/pro_fakeddit/images/bxwme5.jpg	1	1	True	0.7166102826595306	0.43322060257196426	0.2833896800875664	0.7166102826595306	0.1649051457643509	False	True	0.2390187382698059	0.7609812021255493	True	0.4165025055408478	0.5834975242614746
2hwffh	my classmates sitting on a bench	data/processed/pro_fakeddit/images/2hwffh.jpg	1	1	True	0.8207395821809769	0.641479142010212	0.17926044017076492	0.8207395821809769	0.1611262857913971	False	True	0.11399301886558533	0.8860070109367371	True	0.3750627040863037	0.6249372959136963
bg83tp	my orange juice has a hebrew on the label for passover	data/processed/pro_fakeddit/images/bg83tp.jpg	1	0	False	0.5337316319346428	0.06746327131986618	0.5337316319346428	0.4662683606147766	0.24993108212947845	False	True	0.560509204864502	0.43949079513549805	True	0.4533989131450653	0.5466010570526123
arp78r	a strange place to advertise mickey mouse	data/processed/pro_fakeddit/images/arp78r.jpg	1	0	False	0.5718795284628868	0.14375906437635422	0.5718795284628868	0.4281204640865326	0.12054015696048737	False	True	0.6003531217575073	0.3996468782424927	True	0.48645874857902527	0.5135412216186523
6hut9e	while it is seen below with canada poking up over the black sand beaches heres some black sand beach lies on the river einion ceredigion wales oc x	data/processed/pro_fakeddit/images/6hut9e.jpg	0	1	False	0.7639914900064468	0.5279829613864422	0.23600852862000465	0.7639914900064468	-0.06367838382720947	False	True	0.16715388000011444	0.8328461647033691	True	0.4425724744796753	0.5574274659156799
90h4uh	vladimir putin releases album pronouncing russias innocence in meddling with the election	data/processed/pro_fakeddit/images/90h4uh.jpg	0	1	False	0.6555353403091431	0.31107068806886673	0.34446465224027634	0.6555353403091431	-0.02243495173752308	False	True	0.29681307077407837	0.7031869292259216	True	0.48741939663887024	0.5125805735588074
1nfmx9	man attempts to pay water bill with crack cocaine	data/processed/pro_fakeddit/images/1nfmx9.jpg	1	1	True	0.5499330312013626	0.0998661071062088	0.4500669240951538	0.5499330312013626	0.1150633916258812	False	True	0.44603538513183594	0.5539645552635193	True	0.4621615409851074	0.5378384590148926
2q95cz	my year old italian friend flying his kite	data/processed/pro_fakeddit/images/2q95cz.jpg	1	1	True	0.643756628036499	0.28751325607299805	0.356243371963501	0.643756628036499	0.13761413097381592	False	True	0.35040509700775146	0.6495949029922485	True	0.3737581968307495	0.6262418031692505
dcpkm6d	how drunk are you right now	data/processed/pro_fakeddit/images/dcpkm6d.jpg	0	1	False	0.5110265985131264	0.022053182125091553	0.4889734163880348	0.5110265985131264	0.14842654764652252	False	True	0.5327261686325073	0.46727386116981506	True	0.3577151596546173	0.6422848105430603
bun0ja	civenna italy above lake como	data/processed/pro_fakeddit/images/bun0ja.jpg	1	1	True	0.637393057346344	0.2747861072421074	0.3626069501042366	0.637393057346344	0.14218029379844666	False	True	0.33591246604919434	0.6640875339508057	True	0.4426904022693634	0.557309627532959
8wpm9o	african slave disguises self as local wildlife in attempts of escaping plantation	data/processed/pro_fakeddit/images/8wpm9o.jpg	0	1	False	0.7282983213663101	0.45659666880965233	0.2717016525566578	0.7282983213663101	0.07857653498649597	False	True	0.20605014264583588	0.7939498424530029	True	0.46865618228912354	0.5313437581062317
8khqfq	while out for a jog she discovered a baby buried alive twenty years later they reunite	data/processed/pro_fakeddit/images/8khqfq.jpg	1	1	True	0.761306494474411	0.5226129852235317	0.2386935092508793	0.761306494474411	0.11598911136388779	False	True	0.1930346041917801	0.8069654107093811	True	0.3756702244281769	0.6243297457695007
ccjev19	i have no idea what im doing	data/processed/pro_fakeddit/images/ccjev19.jpg	0	1	False	0.6491722017526627	0.2983444258570671	0.35082777589559555	0.6491722017526627	0.047435462474823	False	True	0.33482876420021057	0.665171205997467	True	0.3988248109817505	0.6011751890182495
6mtwfr	hugh hefner surrounded by bunnies late s	data/processed/pro_fakeddit/images/6mtwfr.jpg	0	1	False	0.6575547307729721	0.315109483897686	0.3424452468752861	0.6575547307729721	0.16846498847007751	False	True	0.2916122376918793	0.7083877325057983	True	0.4949442744255066	0.5050557255744934
bz6vdx	this erbert and gerberts has the time in cairo the local time and the time on venus	data/processed/pro_fakeddit/images/bz6vdx.jpg	1	1	True	0.6897441744804382	0.37948833405971527	0.31025584042072296	0.6897441744804382	0.2821253538131714	False	True	0.2607341706752777	0.7392658591270447	True	0.4588208496570587	0.5411791205406189
blgl7r	jewish peasant pleads to hitler to supply more food to his synagogue	data/processed/pro_fakeddit/images/blgl7r.jpg	0	1	False	0.6125826239585876	0.2251652255654335	0.38741739839315414	0.6125826239585876	0.10057412087917328	False	True	0.3550918996334076	0.6449081301689148	True	0.4843938946723938	0.5156061053276062
b57j2l	american b bomber dropping fat man over nagasaki	data/processed/pro_fakeddit/images/b57j2l.jpg	0	1	False	0.7356056421995163	0.4712113030254841	0.2643943391740322	0.7356056421995163	0.05966244637966156	False	True	0.1902385801076889	0.8097614049911499	True	0.48686161637306213	0.5131383538246155
4zi9d0	steven seagal with watermelons	data/processed/pro_fakeddit/images/4zi9d0.jpg	1	1	True	0.6704035401344299	0.34080706536769867	0.32959647476673126	0.6704035401344299	0.2421940416097641	False	True	0.2737139165401459	0.7262861132621765	True	0.4972441494464874	0.5027558207511902
b3su2p	interview with sam the sharpdressed greeter at hawthorne freddies im not crying youre crying	data/processed/pro_fakeddit/images/b3su2p.jpg	1	1	True	0.5242681801319122	0.04853633791208267	0.47573184221982956	0.5242681801319122	0.13386906683444977	False	True	0.47147229313850403	0.5285277366638184	True	0.48851048946380615	0.5114895105361938
1d7nh7	stray dog who saved british soldiers by sniffing out bombs finds home i know this isnt recent so sorry if its a repost	data/processed/pro_fakeddit/images/1d7nh7.jpg	1	1	True	0.7120901942253113	0.42418037354946136	0.2879098206758499	0.7120901942253113	-0.06723758578300476	False	True	0.2531925141811371	0.7468075156211853	True	0.3920617401599884	0.6079382300376892
cjd3ky	virginia governor announces plan to make early childhood education accessible to atrisk preschoolers crosspost rvirginia	data/processed/pro_fakeddit/images/cjd3ky.jpg	1	1	True	0.6438918262720108	0.2877836748957634	0.3561081513762474	0.6438918262720108	0.15809611976146698	False	True	0.31423959136009216	0.6857603788375854	True	0.48171383142471313	0.5182861685752869
aydhsy	dentist saves yearold girl by finding tumor during routine cleaning	data/processed/pro_fakeddit/images/aydhsy.jpg	1	1	True	0.8152827769517899	0.6305655036121607	0.18471727333962917	0.8152827769517899	0.15003105998039246	False	True	0.1117224171757698	0.8882776498794556	True	0.4037018418312073	0.5962981581687927
1tszn0	sleepy scooter speakers	data/processed/pro_fakeddit/images/1tszn0.jpg	0	1	False	0.6542341858148575	0.30846837162971497	0.3457658141851425	0.6542341858148575	0.1875748187303543	False	True	0.32616138458251953	0.6738386154174805	True	0.4045791029930115	0.5954208970069885
cllqi8	at a supermarket in lusaka	data/processed/pro_fakeddit/images/cllqi8.jpg	1	1	True	0.6892466098070145	0.37849320471286774	0.31075340509414673	0.6892466098070145	0.040572378784418106	False	True	0.25534746050834656	0.7446525692939758	True	0.47697123885154724	0.5230287313461304
1g56fn	xrays reveal lost aria in yrold opera considered one of the greatest composers of his time cherubini in an act of defiance to his critics blacked out the closing lines to make the piece shorter for centuries the piece has been played in its incomplete form	data/processed/pro_fakeddit/images/1g56fn.jpg	1	1	True	0.658171609044075	0.31634319573640823	0.3418284133076668	0.658171609044075	0.11420544981956482	False	True	0.3068462312221527	0.6931537985801697	True	0.446774959564209	0.553225040435791
5gkhwh	first shot from tim burtons thomas the tank engine	data/processed/pro_fakeddit/images/5gkhwh.jpg	0	1	False	0.8032353967428207	0.6064707897603512	0.19676460698246956	0.8032353967428207	0.05365941673517227	False	True	0.13414959609508514	0.8658503890037537	True	0.3846096396446228	0.615390419960022
6eb5tf	minnie she my trap queen watch her hit the bando	data/processed/pro_fakeddit/images/6eb5tf.jpg	0	1	False	0.7212012857198715	0.44240257889032364	0.2787987068295479	0.7212012857198715	0.1015712171792984	False	True	0.24257951974868774	0.7574204802513123	True	0.3874562680721283	0.6125437021255493
2jjm8t	a football coach is making a difference for kids with special needs by giving them a chance to take part in a team sport	data/processed/pro_fakeddit/images/2jjm8t.jpg	1	1	True	0.736366331577301	0.47273266315460205	0.263633668422699	0.736366331577301	0.15041492879390717	False	True	0.200822651386261	0.799177348613739	True	0.45206671953201294	0.5479332804679871
6w9u84	trump asked sessions about closing case against arpaio an ally since birtherism	data/processed/pro_fakeddit/images/6w9u84.jpg	1	1	True	0.6553623974323273	0.31072475761175156	0.3446376398205757	0.6553623974323273	0.1397637128829956	False	True	0.3020266890525818	0.697973370552063	True	0.4724704921245575	0.5275294780731201
48v1nb	union of white students forms at cornell aims to advance their race	data/processed/pro_fakeddit/images/48v1nb.jpg	1	1	True	0.5855777859687805	0.17115560173988342	0.4144221842288971	0.5855777859687805	0.19971880316734314	False	True	0.39655187726020813	0.6034480929374695	True	0.468033105134964	0.5319668650627136
cla1zt	zoom in on the guys backpack complete with cat	data/processed/pro_fakeddit/images/cla1zt.jpg	1	1	True	0.7996721267700195	0.5993442386388779	0.20032788813114166	0.7996721267700195	0.07431110739707947	False	True	0.15747591853141785	0.8425241112709045	True	0.3288837969303131	0.6711161732673645
b6ksb9	fda proposes rule to notify women with dense breasts of higher cancer risk and imprecise mammograms	data/processed/pro_fakeddit/images/b6ksb9.jpg	1	1	True	0.6971987336874008	0.39439744502305984	0.302801288664341	0.6971987336874008	0.1382363736629486	False	True	0.23951295018196106	0.7604870796203613	True	0.4926663041114807	0.5073336958885193
1famyh	soldier launches unmanned drone into the air	data/processed/pro_fakeddit/images/1famyh.jpg	1	1	True	0.7665120214223862	0.53302401304245	0.23348800837993622	0.7665120214223862	0.17927026748657227	False	True	0.15647462010383606	0.8435254096984863	True	0.4645281732082367	0.5354718565940857
28xm90	my sawhorse was really happy and excited this morning	data/processed/pro_fakeddit/images/28xm90.jpg	0	1	False	0.6968470811843872	0.393694169819355	0.3031529113650322	0.6968470811843872	0.14766287803649902	False	True	0.29226475954055786	0.7077352404594421	True	0.3358173668384552	0.6641826033592224
ditom3	these badlyrendered clouds at dawn	data/processed/pro_fakeddit/images/ditom3.jpg	1	1	True	0.8158846795558929	0.6317693870514631	0.18411529250442982	0.8158846795558929	0.07625623047351837	False	True	0.11204972118139267	0.8879502415657043	True	0.40031200647354126	0.5996879935264587
98m4ru	dog trying to catch a stone	data/processed/pro_fakeddit/images/98m4ru.jpg	1	1	True	0.8099322468042374	0.6198645271360874	0.19006771966814995	0.8099322468042374	0.1288512647151947	False	True	0.11815793812274933	0.8818420171737671	True	0.4057970643043518	0.5942029356956482
4or97k	the view from omar mateens florida mosque	data/processed/pro_fakeddit/images/4or97k.jpg	1	1	True	0.749016135931015	0.4980323053896427	0.2509838305413723	0.749016135931015	0.1190037876367569	False	True	0.19719113409519196	0.8028088212013245	True	0.41236191987991333	0.5876380801200867
5nrcx9	this guy was staring at me my entire commute	data/processed/pro_fakeddit/images/5nrcx9.jpg	0	1	False	0.5682292431592941	0.13645848631858826	0.43177075684070587	0.5682292431592941	0.0760408341884613	False	True	0.4436846971511841	0.5563153028488159	True	0.39602893590927124	0.6039710640907288
cbutsuf	i promised gandalf i would keep you safe and safe is where ill keep you	data/processed/pro_fakeddit/images/cbutsuf.jpg	0	1	False	0.6879934370517731	0.37598684430122375	0.3120065927505493	0.6879934370517731	0.12426398694515228	False	True	0.2921275198459625	0.7078725099563599	True	0.3716438114643097	0.6283562183380127
1dndu6	a girl holding an umbrella	data/processed/pro_fakeddit/images/1dndu6.jpg	1	1	True	0.7624400407075882	0.5248800478875637	0.2375599928200245	0.7624400407075882	0.08023615181446075	False	True	0.17133764922618866	0.8286623954772949	True	0.436227023601532	0.563772976398468
2ir31y	police pepper spray wake county teen inside his home after hes mistaken for burglar	data/processed/pro_fakeddit/images/2ir31y.jpg	1	1	True	0.6172347664833069	0.23446951061487198	0.3827652558684349	0.6172347664833069	0.15689244866371155	False	True	0.35317501425743103	0.6468250155448914	True	0.47153598070144653	0.5284640192985535
3nypgp	rupert murdoch longs for real black president	data/processed/pro_fakeddit/images/3nypgp.jpg	1	1	True	0.5696413069963455	0.13928258419036865	0.43035872280597687	0.5696413069963455	0.17344266176223755	False	True	0.4160425364971161	0.5839574933052063	True	0.4733072817325592	0.5266927480697632
1x5i8i	the dashboard of doc browns delorean	data/processed/pro_fakeddit/images/1x5i8i.jpg	0	1	False	0.6377246379852295	0.2754492834210396	0.3622753545641899	0.6377246379852295	0.08815164119005203	False	True	0.31940823793411255	0.6805917620658875	True	0.490876704454422	0.5091232657432556
1wf0y7	i went to innout burger and found it to be overrated	data/processed/pro_fakeddit/images/1wf0y7.jpg	1	1	True	0.5340098738670349	0.06801973283290863	0.4659901410341263	0.5340098738670349	0.15180087089538574	False	True	0.46177518367767334	0.5382248163223267	True	0.4786350131034851	0.5213650465011597
1fu7gd	every time i reach for him when coming up from the basement i hear him go noooo not the pulling on my dose again	data/processed/pro_fakeddit/images/1fu7gd.jpg	0	1	False	0.6728926002979279	0.3457852452993393	0.32710735499858856	0.6728926002979279	0.06127799302339554	False	True	0.3219413161277771	0.6780586242675781	True	0.34260547161102295	0.657394528388977
9gzjnn	these fursuit things i found at walmart	data/processed/pro_fakeddit/images/9gzjnn.jpg	1	1	True	0.5613535791635513	0.12270717322826385	0.4386464059352875	0.5613535791635513	0.19037362933158875	False	True	0.42956629395484924	0.5704336762428284	True	0.4658867418766022	0.5341132879257202
4de49a	ive been thinking of buying shoes sizes online	data/processed/pro_fakeddit/images/4de49a.jpg	0	1	False	0.5988928824663162	0.19778579473495483	0.4011070877313614	0.5988928824663162	0.07624253630638123	False	True	0.40230587124824524	0.5976940989494324	True	0.39751073718070984	0.6024892330169678
8bez0d	firstever hotel space expected to welcome tourists by	data/processed/pro_fakeddit/images/8bez0d.jpg	1	1	True	0.611203595995903	0.22240719944238663	0.3887963965535164	0.611203595995903	0.053218621760606766	False	True	0.3747900128364563	0.6252099871635437	True	0.43081554770469666	0.569184422492981
4hownt	closeup footage of a newly discovered deep sea fish	data/processed/pro_fakeddit/images/4hownt.jpg	0	1	False	0.5929711312055588	0.18594228476285934	0.40702884644269943	0.5929711312055588	0.096040740609169	False	True	0.3826655447483063	0.6173344254493713	True	0.4801187515258789	0.5198812484741211
c12lif	this store is selling back to school vest	data/processed/pro_fakeddit/images/c12lif.jpg	1	1	True	0.5423342734575272	0.08466856926679611	0.45766570419073105	0.5423342734575272	0.17890197038650513	False	True	0.4750256836414337	0.5249742865562439	True	0.40558576583862305	0.594414234161377
2a83hw	this man missing the birth of his son to attend world cup semifinals	data/processed/pro_fakeddit/images/2a83hw.jpg	1	1	True	0.6265188753604889	0.2530377730727196	0.3734811022877693	0.6265188753604889	0.17210283875465393	False	True	0.3617372214794159	0.6382627487182617	True	0.4087127447128296	0.5912872552871704
4cyrg3	prostitutes no thanks were from chan modern meme against prostitution happy fools day	data/processed/pro_fakeddit/images/4cyrg3.jpg	0	1	False	0.7597879469394684	0.5195759274065495	0.24021201953291893	0.7597879469394684	0.18327853083610535	False	True	0.17100365459918976	0.8289963006973267	True	0.44783711433410645	0.5521628856658936
ckt908	chris pratt invites a riot while jimi hendrix and nick kroll look on circa	data/processed/pro_fakeddit/images/ckt908.jpg	0	1	False	0.7684120312333107	0.536824069917202	0.2315879613161087	0.7684120312333107	0.08354432880878448	False	True	0.13969433307647705	0.860305666923523	True	0.5072688460350037	0.49273112416267395
bfjupy	this sign on a ukraine elevator pointing overweight folks toward the nearby stairs	data/processed/pro_fakeddit/images/bfjupy.jpg	1	1	True	0.7037592679262161	0.40751856565475464	0.2962407022714615	0.7037592679262161	0.24282081425189972	False	True	0.23691323399543762	0.76308673620224	True	0.4742231070995331	0.5257768630981445
czqnma	i noticed a few bees swarming on the front corner of my house one hour later	data/processed/pro_fakeddit/images/czqnma.jpg	1	1	True	0.5921549052000046	0.18430981040000916	0.4078450947999954	0.5921549052000046	0.17232169210910797	False	True	0.4104922413825989	0.5895077586174011	True	0.39990365505218506	0.6000963449478149
1btgtg	a shoop da whoop caterpillar crawling on a twig	data/processed/pro_fakeddit/images/1btgtg.jpg	1	1	True	0.6129700541496277	0.22594012320041656	0.3870299309492111	0.6129700541496277	0.16663514077663422	False	True	0.34264111518859863	0.6573588848114014	True	0.5201963782310486	0.47980356216430664
d04t5lt	have you ever wondered if there was more to life other than being really really ridiculously good looking	data/processed/pro_fakeddit/images/d04t5lt.jpg	0	0	True	0.5622143670916557	0.12442874163389206	0.5622143670916557	0.43778562545776367	0.08748187124729156	False	True	0.6341327428817749	0.3658672571182251	True	0.3464592397212982	0.6535407304763794
cjlpl28	who could stay mad at that face	data/processed/pro_fakeddit/images/cjlpl28.jpg	0	1	False	0.6869876086711884	0.3739752098917961	0.31301239877939224	0.6869876086711884	0.09561523795127869	False	True	0.2993577718734741	0.7006422281265259	True	0.3539762794971466	0.6460237503051758
bya2p7	us and russia trade blame over near collision in east asian waters	data/processed/pro_fakeddit/images/bya2p7.jpg	1	1	True	0.7195851057767868	0.4391701743006706	0.2804149314761162	0.7195851057767868	0.1385040283203125	False	True	0.21901696920394897	0.7809830904006958	True	0.4646088182926178	0.5353911519050598
atx4ce	the way ice formed on my car this morning	data/processed/pro_fakeddit/images/atx4ce.jpg	1	1	True	0.7342232912778854	0.46844660863280296	0.2657766826450825	0.7342232912778854	0.18564473092556	False	True	0.2075878232717514	0.7924121618270874	True	0.4403432607650757	0.5596566796302795
c6lgof3	always on hand just in case	data/processed/pro_fakeddit/images/c6lgof3.jpg	0	1	False	0.6031653881072998	0.206330806016922	0.3968345820903778	0.6031653881072998	0.001871064305305481	False	True	0.418538361787796	0.5814616084098816	True	0.33172324299812317	0.6682767271995544
7v03cq	socjus gamerghazi vs jontron	data/processed/pro_fakeddit/images/7v03cq.jpg	0	1	False	0.5875946283340454	0.17518921196460724	0.41240541636943817	0.5875946283340454	0.07772599160671234	False	True	0.3804154396057129	0.6195846199989319	True	0.508375346660614	0.491624653339386
7kpe6m	henry ford constructs the first ford model t	data/processed/pro_fakeddit/images/7kpe6m.jpg	0	1	False	0.7585893422365189	0.5171786434948444	0.24141069874167442	0.7585893422365189	-0.0010423017665743828	False	True	0.17201368510723114	0.8279863595962524	True	0.4496017396450043	0.5503982901573181
20zukp	my eggs looked like a monkey	data/processed/pro_fakeddit/images/20zukp.jpg	0	1	False	0.5880883932113647	0.1761767938733101	0.41191159933805466	0.5880883932113647	0.17655304074287415	False	True	0.40697360038757324	0.5930263996124268	True	0.4267255961894989	0.5732743740081787
2wc9cm	russian search engine yandex sics antitrust agency on google for being too integrated with android	data/processed/pro_fakeddit/images/2wc9cm.jpg	1	0	False	0.5809323489665985	0.16186469048261642	0.5809323489665985	0.4190676584839821	0.13569898903369904	False	True	0.6027103066444397	0.3972896933555603	True	0.515598475933075	0.48440155386924744
b229fh	this warning on my face mask package	data/processed/pro_fakeddit/images/b229fh.jpg	1	0	False	0.6432843208312988	0.28656861931085587	0.6432843208312988	0.35671570152044296	0.10114721953868866	False	True	0.687035858631134	0.31296417117118835	True	0.5120297074317932	0.4879702925682068
2bzyjg	what did i do tell me what i did	data/processed/pro_fakeddit/images/2bzyjg.jpg	0	1	False	0.5359792858362198	0.07195855677127838	0.4640207290649414	0.5359792858362198	0.03170575946569443	False	True	0.49216192960739136	0.5078380703926086	True	0.37959712743759155	0.6204029321670532
6w70a2	jessica finally found the source of the noisy bitches on the job and gets right to the yard	data/processed/pro_fakeddit/images/6w70a2.jpg	0	1	False	0.5139634162187576	0.027926839888095856	0.4860365763306618	0.5139634162187576	0.05357871949672699	False	True	0.5254819989204407	0.4745180010795593	True	0.3677003085613251	0.6322996616363525
2u3pmn	it took me the better part of two weeks but i finally finished my macrame purse	data/processed/pro_fakeddit/images/2u3pmn.jpg	0	0	True	0.5591611936688423	0.11832237243652344	0.5591611936688423	0.4408388212323189	-0.027541663497686386	False	True	0.5941287875175476	0.4058712422847748	True	0.45425841212272644	0.5457415580749512
c9ulsbs	thats not a pussycarthis is a pussycar	data/processed/pro_fakeddit/images/c9ulsbs.jpg	0	1	False	0.6169155836105347	0.23383118212223053	0.38308440148830414	0.6169155836105347	0.02635260671377182	False	True	0.37168189883232117	0.6283180713653564	True	0.41729190945625305	0.5827081203460693
d2h02a	coworker pointed out everyday this week is a palindrome with the th being a pattern	data/processed/pro_fakeddit/images/d2h02a.jpg	1	1	True	0.7205875664949417	0.441175140440464	0.2794124260544777	0.7205875664949417	0.11093051731586456	False	True	0.2218359410762787	0.7781640291213989	True	0.4521418809890747	0.5478581786155701
bcpsum	dogs cant eat chocolate revealed to be some shit cats made up	data/processed/pro_fakeddit/images/bcpsum.jpg	0	0	True	0.596185952425003	0.1923719272017479	0.596185952425003	0.40381402522325516	0.17960628867149353	False	True	0.6372922658920288	0.3627077043056488	True	0.4728670120239258	0.5271329879760742
2ppbrl	meijer retail grocery store pays the bill for customers	data/processed/pro_fakeddit/images/2ppbrl.jpg	1	1	True	0.5457832366228104	0.09156642854213715	0.4542168080806732	0.5457832366228104	0.033358633518218994	False	True	0.4406653046607971	0.5593347549438477	True	0.4948713183403015	0.5051286816596985
azzzrf	the rainbow colours on this cats whiskers	data/processed/pro_fakeddit/images/azzzrf.jpg	1	1	True	0.5598375797271729	0.1196751594543457	0.44016242027282715	0.5598375797271729	0.19474896788597107	False	True	0.4405425786972046	0.5594574213027954	True	0.4390219449996948	0.5609780550003052
b8yyty	i cut through a patch of grass on the way to work every morning they finally mowed it and now the path i walked is the only bit still alive	data/processed/pro_fakeddit/images/b8yyty.jpg	1	1	True	0.6674179136753082	0.33483582735061646	0.3325820863246918	0.6674179136753082	0.1022830531001091	False	True	0.32178646326065063	0.6782135367393494	True	0.3649689555168152	0.6350310444831848
42yrnt	cristiano ronaldo gives alessandra ambrosio a lift	data/processed/pro_fakeddit/images/42yrnt.jpg	1	1	True	0.7354563921689987	0.47091279178857803	0.2645436003804207	0.7354563921689987	0.19859331846237183	False	True	0.19567272067070007	0.8043272495269775	True	0.4711562395095825	0.5288438200950623
8khc6z	larry martin what is pain	data/processed/pro_fakeddit/images/8khc6z.jpg	0	1	False	0.7303070724010468	0.4606141373515129	0.26969293504953384	0.7303070724010468	0.18919512629508972	False	True	0.22188666462898254	0.7781133651733398	True	0.41311174631118774	0.5868881940841675
c7zpw06	they say curiosity killed the cat and it did	data/processed/pro_fakeddit/images/c7zpw06.jpg	0	1	False	0.6415064036846161	0.28301283717155457	0.3584935665130615	0.6415064036846161	0.11463925242424011	False	True	0.36074498295783997	0.6392549872398376	True	0.3517393171787262	0.6482606530189514
5ug84s	michael moore cease all congressional business until trumps potentially traitorous actions probed	data/processed/pro_fakeddit/images/5ug84s.jpg	1	1	True	0.5990108028054237	0.19802159070968628	0.40098921209573746	0.5990108028054237	0.1551147997379303	False	True	0.36035361886024475	0.6396464109420776	True	0.5228959918022156	0.47710397839546204
bth9im	in the city im staying at at the moment they have sunbrellas at street crossings so people can avoid the sun	data/processed/pro_fakeddit/images/bth9im.jpg	1	1	True	0.8109126091003418	0.6218251883983612	0.1890874207019806	0.8109126091003418	0.144516259431839	False	True	0.12261059880256653	0.8773894309997559	True	0.3885178864002228	0.6114821434020996
emtorz6	sumba u have forgetten mee	data/processed/pro_fakeddit/images/emtorz6.jpg	0	1	False	0.6708876341581345	0.3417752608656883	0.32911237329244614	0.6708876341581345	0.024706177413463593	False	True	0.31718146800994873	0.6828185319900513	True	0.36490508913993835	0.635094940662384
5buqcw	soldiers tethered to a lift chopper	data/processed/pro_fakeddit/images/5buqcw.jpg	1	1	True	0.7515837550163269	0.5031674765050411	0.24841627851128578	0.7515837550163269	0.16118161380290985	False	True	0.18512950837612152	0.8148705363273621	True	0.43827658891677856	0.5617234110832214
cxl1lr	these screws in my dorm bathroom that you can only tighten	data/processed/pro_fakeddit/images/cxl1lr.jpg	1	1	True	0.6412082612514496	0.28241658210754395	0.35879167914390564	0.6412082612514496	0.13975968956947327	False	True	0.33464908599853516	0.6653508543968201	True	0.4312194585800171	0.5687804818153381
c2v10m	how a pair of white new balance sneakers wears down over time	data/processed/pro_fakeddit/images/c2v10m.jpg	1	0	False	0.5116146132349968	0.023229219019412994	0.5116146132349968	0.4883853942155838	0.150779590010643	False	True	0.5438339114189148	0.4561660885810852	True	0.4149567186832428	0.5850433111190796
d15m67f	if theres any doubt i do a leavebehind with the hat i go back to her place to pick it update number three	data/processed/pro_fakeddit/images/d15m67f.jpg	0	1	False	0.7069870680570602	0.4139741510152817	0.29301291704177856	0.7069870680570602	0.10242635011672974	False	True	0.26137015223503113	0.7386298179626465	True	0.3879412114620209	0.6120588183403015
9ino0t	nsfw some pages from a japanese book we found at a yard sale	data/processed/pro_fakeddit/images/9ino0t.jpg	1	1	True	0.6553398668766022	0.31067970395088196	0.3446601629257202	0.6553398668766022	0.20242968201637268	False	True	0.31066417694091797	0.6893358826637268	True	0.44664812088012695	0.5533518195152283
1zvsvs	pakistan onion heroin smuggling plot uncovered	data/processed/pro_fakeddit/images/1zvsvs.jpg	1	1	True	0.5017016679048538	0.0034033432602882385	0.4982983246445656	0.5017016679048538	0.16580334305763245	False	True	0.5012698173522949	0.4987301826477051	True	0.48938384652137756	0.5106161236763
cd74xi3	the most terrifying edition of battletoads to date	data/processed/pro_fakeddit/images/cd74xi3.jpg	0	1	False	0.5561472773551941	0.11229453980922699	0.4438527375459671	0.5561472773551941	0.21209821105003357	False	True	0.43423986434936523	0.5657601356506348	True	0.4726913571357727	0.5273087024688721
3if33g	freshly shucked malpeque bay oysters	data/processed/pro_fakeddit/images/3if33g.jpg	0	1	False	0.7789160758256912	0.5578321553766727	0.22108392044901848	0.7789160758256912	-0.060841526836156845	False	True	0.14315353333950043	0.8568464517593384	True	0.45487508177757263	0.5451249480247498
cli4bx8	left keys in left side pocket	data/processed/pro_fakeddit/images/cli4bx8.jpg	0	1	False	0.5691445022821426	0.13828901201486588	0.43085549026727676	0.5691445022821426	0.021087761968374252	False	True	0.4191591143608093	0.5808408856391907	True	0.4659446179866791	0.5340553522109985
7xh833	white house now just holding continuous goingaway party for departing staffers	data/processed/pro_fakeddit/images/7xh833.jpg	0	1	False	0.6598092168569565	0.3196184113621712	0.3401908054947853	0.6598092168569565	0.12991344928741455	False	True	0.30531612038612366	0.6946839094161987	True	0.44481486082077026	0.5551851391792297
d8c4et	these lights looks like a baloons	data/processed/pro_fakeddit/images/d8c4et.jpg	1	1	True	0.6258552372455597	0.2517104819417	0.3741447553038597	0.6258552372455597	0.1554272174835205	False	True	0.3784014582633972	0.6215985417366028	True	0.3613746464252472	0.6386253237724304
9gqi4d	my cookie only had one chocolate chip	data/processed/pro_fakeddit/images/9gqi4d.jpg	1	1	True	0.5094173699617386	0.018834732472896576	0.490582637488842	0.5094173699617386	0.15460532903671265	False	True	0.529299259185791	0.470700740814209	True	0.374432772397995	0.6255672574043274
cc6kr2	still shot from an area guards gopro footage during the st day of the siege of a notice the heavy usage of experimental technology such as perks video game hud and a pack a punch machine yet the base is heavily damaged and the soldier is out of ammo	data/processed/pro_fakeddit/images/cc6kr2.jpg	0	1	False	0.6595750898122787	0.3191501721739769	0.34042491763830185	0.6595750898122787	0.117034912109375	False	True	0.2998710870742798	0.7001289129257202	True	0.46208640933036804	0.5379136204719543
bucdjx	this nonfunctional birdcamera outside a theatre	data/processed/pro_fakeddit/images/bucdjx.jpg	1	1	True	0.664159819483757	0.32831963151693344	0.3358401879668236	0.664159819483757	0.15721875429153442	False	True	0.30715057253837585	0.6928494572639465	True	0.42190903425216675	0.5780909061431885
20uhaf	new dinosaur called the chicken from hell	data/processed/pro_fakeddit/images/20uhaf.jpg	1	1	True	0.6844789981842041	0.368957944214344	0.3155210539698601	0.6844789981842041	0.15478122234344482	False	True	0.2817057967185974	0.7182942628860474	True	0.41696682572364807	0.5830332040786743
dhjipgi	ladies and gentlemen of the jury hes a liar	data/processed/pro_fakeddit/images/dhjipgi.jpg	0	0	True	0.5077094882726669	0.015418991446495056	0.5077094882726669	0.4922904968261719	0.13562113046646118	False	True	0.5424197316169739	0.4575802683830261	True	0.4035787582397461	0.5964211821556091
1s5yad	the tea wanted to say hello this morning	data/processed/pro_fakeddit/images/1s5yad.jpg	0	1	False	0.538089856505394	0.07617972046136856	0.4619101360440254	0.538089856505394	0.11071039736270905	False	True	0.5078802704811096	0.4921197295188904	True	0.3239997327327728	0.6760002374649048
c5lwad9	shes not in first but at least shes having fun	data/processed/pro_fakeddit/images/c5lwad9.jpg	0	1	False	0.7674276679754257	0.5348553545773029	0.2325723133981228	0.7674276679754257	0.005039680749177933	False	True	0.20331425964832306	0.7966856956481934	True	0.320346474647522	0.6796535849571228
boptpt	the tree that we just cut down has a little tree shaped scar in it	data/processed/pro_fakeddit/images/boptpt.jpg	1	1	True	0.6980191618204117	0.3960383012890816	0.3019808605313301	0.6980191618204117	0.19169583916664124	False	True	0.2679968774318695	0.7320031523704529	True	0.4039328098297119	0.5960671901702881
d0gwn0	triangle shirtwaist factory	data/processed/pro_fakeddit/images/d0gwn0.jpg	0	1	False	0.7537584006786346	0.5075168535113335	0.24624154716730118	0.7537584006786346	0.020991019904613495	False	True	0.17215430736541748	0.8278456330299377	True	0.46850326657295227	0.5314967036247253
19dgqa	crazy lady in curlers that got to see the endeavour from rwtf	data/processed/pro_fakeddit/images/19dgqa.jpg	1	1	True	0.7040205895900726	0.408041138201952	0.29597945138812065	0.7040205895900726	0.25283023715019226	False	True	0.2374458760023117	0.7625541687011719	True	0.4715801775455475	0.5284198522567749
choe5d	a fake horsedrawn carriage in the ocean	data/processed/pro_fakeddit/images/choe5d.jpg	1	1	True	0.7445661276578903	0.48913222178816795	0.25543390586972237	0.7445661276578903	0.21538996696472168	False	True	0.15654562413692474	0.8434544205665588	True	0.5520987510681152	0.44790124893188477
divnav	adolf hitler discovers that steiners offensive did not even start berlin	data/processed/pro_fakeddit/images/divnav.jpg	0	1	False	0.7686839550733566	0.537367906421423	0.23131604865193367	0.7686839550733566	0.032514430582523346	False	True	0.16213320195674896	0.8378667831420898	True	0.4388645887374878	0.561135470867157
7ksxx4	last known video of the kauai oo filmed by david boynton	data/processed/pro_fakeddit/images/7ksxx4.jpg	0	1	False	0.6724404692649841	0.34488097578287125	0.3275594934821129	0.6724404692649841	0.0414506271481514	False	True	0.28524282574653625	0.7147571444511414	True	0.4545094966888428	0.5454904437065125
1zz6jw	hurray for peron primary school book	data/processed/pro_fakeddit/images/1zz6jw.jpg	0	1	False	0.7187065333127975	0.4374130330979824	0.28129350021481514	0.7187065333127975	0.1766636073589325	False	True	0.24044595658779144	0.7595540881156921	True	0.40383613109588623	0.5961638689041138
arud4u	mueller wins roger stone gag order moves to sentence manafort	data/processed/pro_fakeddit/images/arud4u.jpg	1	1	True	0.5318351835012436	0.06367038190364838	0.4681648015975952	0.5318351835012436	0.07810738682746887	False	True	0.4499056935310364	0.5500943064689636	True	0.5229421257972717	0.4770578145980835
ax0f6k	this palm tree that has cacti growing out of it	data/processed/pro_fakeddit/images/ax0f6k.jpg	1	1	True	0.5389910489320755	0.077982097864151	0.4610089510679245	0.5389910489320755	0.2137104570865631	False	True	0.45109766721725464	0.5489023327827454	True	0.4907428026199341	0.5092571973800659
cw0qa9	a public art found in smithfield meat market	data/processed/pro_fakeddit/images/cw0qa9.jpg	1	1	True	0.5522606074810028	0.10452118515968323	0.4477394223213196	0.5522606074810028	0.1437193602323532	False	True	0.44743624329566956	0.5525637865066528	True	0.44864895939826965	0.5513510704040527
7fwus7	man found minutes after hanging himself	data/processed/pro_fakeddit/images/7fwus7.jpg	0	1	False	0.721450999379158	0.4429020583629608	0.2785489410161972	0.721450999379158	0.030797120183706284	False	True	0.2334681749343872	0.766531765460968	True	0.4137912392616272	0.586208701133728
bzux5b	the way this cone is cut looks like its going through the ground	data/processed/pro_fakeddit/images/bzux5b.jpg	0	1	False	0.7170265316963196	0.43405309692025185	0.28297343477606773	0.7170265316963196	0.17039063572883606	False	True	0.24250926077365875	0.7574906945228577	True	0.4043659567832947	0.5956340432167053
6b9igu	us air force fa raptor stealth fighter jets over the western pacific ocean	data/processed/pro_fakeddit/images/6b9igu.jpg	1	1	True	0.7033186927437782	0.4066373445093632	0.29668134823441505	0.7033186927437782	0.18834061920642853	False	True	0.2263346165418625	0.7736654281616211	True	0.5077215433120728	0.49227848649024963
caaukt1	imaaaaginaaaaationnnnnnnnn imaaaginaaaaaationnn	data/processed/pro_fakeddit/images/caaukt1.jpg	0	1	False	0.6419908553361893	0.28398168832063675	0.3580091670155525	0.6419908553361893	0.04948708787560463	False	True	0.3562924563884735	0.6437075734138489	True	0.36315929889678955	0.6368407011032104
1s8sqp	all their boxes are horrified	data/processed/pro_fakeddit/images/1s8sqp.jpg	0	1	False	0.5740176141262054	0.14803525060415268	0.42598236352205276	0.5740176141262054	0.1475963294506073	False	True	0.4306298792362213	0.5693700909614563	True	0.4120398163795471	0.5879601836204529
3nggvv	this vx module but apparently i cant tell if the writers for the unimorph disk scanner	data/processed/pro_fakeddit/images/3nggvv.jpg	0	1	False	0.6846638917922974	0.3693278208374977	0.31533607095479965	0.6846638917922974	0.045929618179798126	False	True	0.2787318229675293	0.7212681174278259	True	0.4251488149166107	0.5748512148857117
7qupop	these satellite dish mounts are happy	data/processed/pro_fakeddit/images/7qupop.jpg	0	1	False	0.6146878898143768	0.22937580198049545	0.3853120878338814	0.6146878898143768	0.17557935416698456	False	True	0.3780793845653534	0.6219205856323242	True	0.40701019763946533	0.5929898023605347
1yjyeq	this arctic fox repost from rpics	data/processed/pro_fakeddit/images/1yjyeq.jpg	1	1	True	0.727464109659195	0.4549282118678093	0.27253589779138565	0.727464109659195	0.1337904930114746	False	True	0.2389533519744873	0.7610466480255127	True	0.3732835352420807	0.6267164945602417
90knl1	this suspicious charging cable	data/processed/pro_fakeddit/images/90knl1.jpg	0	1	False	0.6114352643489838	0.22287050634622574	0.388564758002758	0.6114352643489838	0.15604981780052185	False	True	0.38423028588294983	0.6157697439193726	True	0.4015681743621826	0.5984318256378174
5mdpkv	rhinoceros a successful conservation story in india the hindu	data/processed/pro_fakeddit/images/5mdpkv.jpg	1	1	True	0.6747617870569229	0.3495235964655876	0.3252381905913353	0.6747617870569229	0.17671486735343933	False	True	0.2919279634952545	0.7080720067024231	True	0.42516887187957764	0.5748311281204224
9bltgk	how a fallen succulent leaf begins to grow its own roots	data/processed/pro_fakeddit/images/9bltgk.jpg	1	1	True	0.6350054740905762	0.27001094818115234	0.36499452590942383	0.6350054740905762	0.21319136023521423	False	True	0.33632850646972656	0.6636714935302734	True	0.4509925842285156	0.5490074157714844
1xh62w	the bear and the wolf repost from usimpsonsfanher post on pics subreddit	data/processed/pro_fakeddit/images/1xh62w.jpg	1	1	True	0.827609658241272	0.6552193108946085	0.17239034734666348	0.827609658241272	0.11106660962104797	False	True	0.09491551667451859	0.905084490776062	True	0.40481483936309814	0.5951851606369019
c90psbi	and a touch of indian father	data/processed/pro_fakeddit/images/c90psbi.jpg	0	1	False	0.5387347191572189	0.07746942341327667	0.46126529574394226	0.5387347191572189	0.043396078050136566	False	True	0.4978494644165039	0.5021505355834961	True	0.3515127897262573	0.6484872698783875
awwclv	my hotel has the fire exit signs on the ground too	data/processed/pro_fakeddit/images/awwclv.jpg	1	1	True	0.6319254338741302	0.2638508528470993	0.36807458102703094	0.6319254338741302	0.16981293261051178	False	True	0.3606143891811371	0.6393856406211853	True	0.3904551565647125	0.6095448136329651
3q3bs0	man carjacks marked police suv leads a chase and both suspectofficer jump feet down from bay bridge in san francisco	data/processed/pro_fakeddit/images/3q3bs0.jpg	1	1	True	0.6880868971347809	0.37617377191782	0.3119131252169609	0.6880868971347809	0.15648621320724487	False	True	0.25036880373954773	0.7496312260627747	True	0.49654608964920044	0.5034539103507996
cpkmtf	my bush cant decide which color blossoms it wants to carry so lets try rose purple and white	data/processed/pro_fakeddit/images/cpkmtf.jpg	1	1	True	0.6632349789142609	0.3264699727296829	0.33676500618457794	0.6632349789142609	0.16111716628074646	False	True	0.3255188763141632	0.6744810938835144	True	0.37050339579582214	0.6294966340065002
d564la	this vending machine that sells books on the underground in berlin	data/processed/pro_fakeddit/images/d564la.jpg	1	1	True	0.5506909936666489	0.10138197243213654	0.44930902123451233	0.5506909936666489	0.2628079652786255	False	True	0.4513508379459381	0.5486491918563843	True	0.443183571100235	0.5568163990974426
2q1w08	marilyn monroes film studio wanted to prove that she would look good in a potato sack dress	data/processed/pro_fakeddit/images/2q1w08.jpg	1	1	True	0.7216818481683731	0.4433636888861656	0.2783181592822075	0.7216818481683731	0.1931241750717163	False	True	0.22766447067260742	0.7723355293273926	True	0.4302792251110077	0.5697208046913147
4s7uik	an instructor teaches a young woman stretching exercises on a london rooftop	data/processed/pro_fakeddit/images/4s7uik.jpg	1	1	True	0.8007576316595078	0.6015152912586927	0.199242340400815	0.8007576316595078	0.1427871286869049	False	True	0.07580765336751938	0.9241923093795776	True	0.5695464015007019	0.4304535984992981
85m658	family playing with the first generation of ipads	data/processed/pro_fakeddit/images/85m658.jpg	0	1	False	0.7100992351770401	0.4201984629034996	0.2899007722735405	0.7100992351770401	0.1809346079826355	False	True	0.23723959922790527	0.7627604007720947	True	0.44788429141044617	0.5521157383918762
cdw4g43	his dream was to become a professional ballet dancer and today it came true	data/processed/pro_fakeddit/images/cdw4g43.jpg	0	1	False	0.6285236179828644	0.25704720616340637	0.371476411819458	0.6285236179828644	0.12948298454284668	False	True	0.3836764991283417	0.6163235306739807	True	0.334876149892807	0.6651238799095154
cosov1	this guy happily showing off his hairy chest	data/processed/pro_fakeddit/images/cosov1.jpg	1	1	True	0.8067553490400314	0.6135106645524502	0.19324468448758125	0.8067553490400314	0.12729784846305847	False	True	0.1408611387014389	0.8591389060020447	True	0.3503953218460083	0.6496046781539917
148sgj	conservapedia emc is a liberal conspiracy	data/processed/pro_fakeddit/images/148sgj.jpg	1	1	True	0.6397109180688858	0.2794218510389328	0.360289067029953	0.6397109180688858	0.07375486195087433	False	True	0.32345959544181824	0.6765403747558594	True	0.4707774817943573	0.5292225480079651
chza61	death to capital or death under capital by v deni	data/processed/pro_fakeddit/images/chza61.jpg	0	1	False	0.6157000362873077	0.23140006512403488	0.38429997116327286	0.6157000362873077	0.15228936076164246	False	True	0.3633631467819214	0.6366368532180786	True	0.44711044430732727	0.5528895854949951
2w44im	david axelrod obama thought yes we can was corny	data/processed/pro_fakeddit/images/2w44im.jpg	1	1	True	0.6163475513458252	0.23269511759281158	0.3836524337530136	0.6163475513458252	0.10940034687519073	False	True	0.3604591488838196	0.6395408511161804	True	0.4532322883605957	0.5467676520347595
b4s7n7	my so has a pencil made from a branch that looks like momo she got it before the meme	data/processed/pro_fakeddit/images/b4s7n7.jpg	1	1	True	0.7624519318342209	0.5249038673937321	0.23754806444048882	0.7624519318342209	0.1500360369682312	False	True	0.1904909759759903	0.8095090389251709	True	0.3787193298339844	0.6212806105613708
1ps7da	sniper finds no joy in his job	data/processed/pro_fakeddit/images/1ps7da.jpg	1	1	True	0.7698733657598495	0.53974674269557	0.23012662306427956	0.7698733657598495	0.09914849698543549	False	True	0.17647330462932587	0.8235266804695129	True	0.3910865783691406	0.6089134216308594
8rrfjs	rare footage of a million patriot interceptor used to shoot down a drone	data/processed/pro_fakeddit/images/8rrfjs.jpg	0	1	False	0.7430916428565979	0.4861832708120346	0.2569083720445633	0.7430916428565979	0.12488751113414764	False	True	0.19651567935943604	0.803484320640564	True	0.43808645009994507	0.5619136095046997
1sn912	charlottetown superstore resells meat found in thiefs pants	data/processed/pro_fakeddit/images/1sn912.jpg	1	1	True	0.648524284362793	0.29704856127500534	0.35147572308778763	0.648524284362793	0.04421880096197128	False	True	0.3042382597923279	0.6957617402076721	True	0.49318811297416687	0.5068119168281555
cqfn1d	my friends lighter almost perfectly matches my hat	data/processed/pro_fakeddit/images/cqfn1d.jpg	1	1	True	0.5056276097893715	0.01125519722700119	0.4943724125623703	0.5056276097893715	0.25145694613456726	False	True	0.5317000150680542	0.4683000147342682	True	0.3823896050453186	0.6176103949546814
67zku1	further evidence that i could eat a dick	data/processed/pro_fakeddit/images/67zku1.jpg	0	1	False	0.6165883243083954	0.23317667096853256	0.3834116533398628	0.6165883243083954	0.03341993689537048	False	True	0.37971165776252747	0.6202883124351501	True	0.3945116400718689	0.6054883599281311
de6yxq	had a bb removed from my arm after ish years heres the xray and post op culprit	data/processed/pro_fakeddit/images/de6yxq.jpg	1	1	True	0.7625932991504669	0.5251866094768047	0.23740668967366219	0.7625932991504669	0.17922371625900269	False	True	0.17385880649089813	0.8261411786079407	True	0.42805033922195435	0.5719496607780457
91z58w	actual photo of albert einstein lecturing on the theory of relativity	data/processed/pro_fakeddit/images/91z58w.jpg	0	1	False	0.6945859789848328	0.38917191326618195	0.3054140657186508	0.6945859789848328	0.0600329264998436	False	True	0.26720571517944336	0.7327943444252014	True	0.4200391173362732	0.5799608826637268
21i5ic	discarded and depressed	data/processed/pro_fakeddit/images/21i5ic.jpg	0	1	False	0.6867159754037857	0.3734320029616356	0.3132839724421501	0.6867159754037857	0.0708954930305481	False	True	0.29821884632110596	0.7017810940742493	True	0.3584793508052826	0.641520619392395
ch4xge	compete for preshedule completion of fiveyear plan compete in order not to let years of revolution down by astarchevsky ukranian ssr	data/processed/pro_fakeddit/images/ch4xge.jpg	0	1	False	0.6472550630569458	0.2945100963115692	0.3527449667453766	0.6472550630569458	0.12190255522727966	False	True	0.32869860529899597	0.6713014245033264	True	0.42488405108451843	0.575115978717804
1pa73p	k pigeon tests positive for cocaine	data/processed/pro_fakeddit/images/1pa73p.jpg	1	1	True	0.5680899024009705	0.13617978245019913	0.43191011995077133	0.5680899024009705	0.16045185923576355	False	True	0.43439194560050964	0.5656080842018127	True	0.4244646430015564	0.5755353569984436
cnboxq	we took apart a pay to play pool table in our office today	data/processed/pro_fakeddit/images/cnboxq.jpg	1	1	True	0.7279306650161743	0.45586127042770386	0.27206939458847046	0.7279306650161743	0.12992191314697266	False	True	0.22148418426513672	0.7785158753395081	True	0.4238250255584717	0.5761750340461731
5ebcok	wwii fighter pilot flies one last mission	data/processed/pro_fakeddit/images/5ebcok.jpg	1	1	True	0.780737966299057	0.5614759400486946	0.2192620262503624	0.780737966299057	0.1495666205883026	False	True	0.1679477095603943	0.8320522904396057	True	0.3732049763202667	0.6267949938774109
2yj52d	texas nearly out of execution drug	data/processed/pro_fakeddit/images/2yj52d.jpg	1	1	True	0.5552197247743607	0.11043944954872131	0.44478027522563934	0.5552197247743607	0.16200394928455353	False	True	0.4539605379104614	0.5460394620895386	True	0.4172394871711731	0.5827605128288269
9edrj7	the way the ground effects hides the rear tire making it look like the car is missing it	data/processed/pro_fakeddit/images/9edrj7.jpg	1	1	True	0.7063277214765549	0.4126554876565933	0.29367223381996155	0.7063277214765549	0.07578352093696594	False	True	0.261386513710022	0.7386134266853333	True	0.3905293941497803	0.6094706058502197
6sy3f1	cutting a guitar string in the plastic in a very satisfying way	data/processed/pro_fakeddit/images/6sy3f1.jpg	0	1	False	0.5659939795732498	0.13198792934417725	0.43400605022907257	0.5659939795732498	-0.007288362830877304	False	True	0.4335654675960541	0.5664345622062683	True	0.43532779812812805	0.5646722316741943
b52iak	this butterfly shaped strawberry	data/processed/pro_fakeddit/images/b52iak.jpg	1	1	True	0.5631972998380661	0.12639456987380981	0.4368027299642563	0.5631972998380661	0.23844069242477417	False	True	0.4275054931640625	0.5724945664405823	True	0.46469444036483765	0.5353055000305176
c5mwdkv	woah thats like a really good point	data/processed/pro_fakeddit/images/c5mwdkv.jpg	0	1	False	0.6502431482076645	0.3004862889647484	0.3497568592429161	0.6502431482076645	0.03654343634843826	False	True	0.3458738327026367	0.6541261672973633	True	0.3614059388637543	0.6385940909385681
c71uoiv	making tennis even better	data/processed/pro_fakeddit/images/c71uoiv.jpg	0	1	False	0.7133537381887436	0.4267074763774872	0.2866462618112564	0.7133537381887436	0.09774833917617798	False	True	0.26003313064575195	0.739966869354248	True	0.3664856553077698	0.6335143446922302
9iklj6	this sandwich shop used to be a dairy queen	data/processed/pro_fakeddit/images/9iklj6.jpg	1	1	True	0.6621735543012619	0.324347086250782	0.3378264680504799	0.6621735543012619	0.1436765193939209	False	True	0.32272544503211975	0.6772745847702026	True	0.3831295371055603	0.6168704628944397
dfro2l3	chicken nuggets im hating it	data/processed/pro_fakeddit/images/dfro2l3.jpg	0	0	True	0.6501682996749878	0.3003365993499756	0.6501682996749878	0.3498317003250122	0.1799236387014389	False	True	0.7379810810089111	0.26201891899108887	True	0.3867299556732178	0.6132700443267822
cmx97fb	great shot man hey whats going on with that van in the back	data/processed/pro_fakeddit/images/cmx97fb.jpg	0	1	False	0.7164529860019684	0.43290599435567856	0.2835469916462898	0.7164529860019684	0.0657573789358139	False	True	0.27697327733039856	0.723026692867279	True	0.3032681345939636	0.6967318654060364
dx22a6l	how is that even possible	data/processed/pro_fakeddit/images/dx22a6l.jpg	0	1	False	0.6547618508338928	0.30952369421720505	0.3452381566166878	0.6547618508338928	0.04707690700888634	False	True	0.34389710426330566	0.6561028957366943	True	0.3492613136768341	0.6507387161254883
47pd4z	student cant attend school because hes africanamerican	data/processed/pro_fakeddit/images/47pd4z.jpg	1	1	True	0.6471659541130066	0.2943319007754326	0.352834053337574	0.6471659541130066	0.13036438822746277	False	True	0.3354605436325073	0.6645394563674927	True	0.40495458245277405	0.5950454473495483
191ead	latin american idol winner busted smuggling lbs of heroin stuffed into high heels	data/processed/pro_fakeddit/images/191ead.jpg	1	1	True	0.6920323967933655	0.38406483083963394	0.30796756595373154	0.6920323967933655	0.18834617733955383	False	True	0.25350892543792725	0.746491014957428	True	0.4713434875011444	0.528656542301178
b5b9u0	russia withdraws from wwi after the russian revolution	data/processed/pro_fakeddit/images/b5b9u0.jpg	0	0	True	0.7199927344918251	0.4399854876101017	0.7199927344918251	0.2800072468817234	0.045865729451179504	False	True	0.808620810508728	0.19137917459011078	True	0.45410850644111633	0.5458914637565613
2lbvc7	golfer lining up his shot	data/processed/pro_fakeddit/images/2lbvc7.jpg	1	1	True	0.6786500513553619	0.3573000729084015	0.32134997844696045	0.6786500513553619	0.15817740559577942	False	True	0.2700965106487274	0.729903519153595	True	0.47511038184165955	0.5248896479606628
3sqoxa	firefighters rescued cat and dog stuck in tree	data/processed/pro_fakeddit/images/3sqoxa.jpg	1	1	True	0.7228750437498093	0.4457501173019409	0.27712492644786835	0.7228750437498093	0.18212224543094635	False	True	0.21390780806541443	0.7860921621322632	True	0.4667762815952301	0.5332236886024475
58nohk	alpen between milano and zurich	data/processed/pro_fakeddit/images/58nohk.jpg	1	1	True	0.801344484090805	0.6026889607310295	0.19865552335977554	0.801344484090805	0.16129082441329956	False	True	0.1317947506904602	0.8682052493095398	True	0.39923784136772156	0.6007621884346008
5w3bkk	this dog wrapped in a towel with tongue out	data/processed/pro_fakeddit/images/5w3bkk.jpg	1	1	True	0.6832126975059509	0.36642538011074066	0.31678731739521027	0.6832126975059509	0.19466274976730347	False	True	0.26630398631095886	0.7336960434913635	True	0.4682373106479645	0.5317626595497131
57qa8c	little kids rock nonprofit reaches k kids through pop rap music	data/processed/pro_fakeddit/images/57qa8c.jpg	1	1	True	0.7698630392551422	0.5397260524332523	0.23013698682188988	0.7698630392551422	0.13655370473861694	False	True	0.16323040425777435	0.8367696404457092	True	0.43085673451423645	0.5691432356834412
cyvdeit	i dont pick up any life readings	data/processed/pro_fakeddit/images/cyvdeit.jpg	0	1	False	0.6695633977651596	0.33912674337625504	0.33043665438890457	0.6695633977651596	0.043887652456760406	False	True	0.33263784646987915	0.6673622131347656	True	0.32383307814598083	0.6761669516563416
cfzeck6	catching the first pitch	data/processed/pro_fakeddit/images/cfzeck6.jpg	0	1	False	0.6353916078805923	0.2707832232117653	0.36460838466882706	0.6353916078805923	0.11795178800821304	False	True	0.3662680387496948	0.6337319612503052	True	0.35962942242622375	0.6403705477714539
9ijkdc	just a little feather i found	data/processed/pro_fakeddit/images/9ijkdc.jpg	1	1	True	0.8350927829742432	0.6701855137944221	0.16490726917982101	0.8350927829742432	0.16845476627349854	False	True	0.11165589094161987	0.8883441686630249	True	0.32466140389442444	0.675338625907898
by2m1i	instead of a stick family its a sewing machine	data/processed/pro_fakeddit/images/by2m1i.jpg	1	1	True	0.5135625526309013	0.02712509036064148	0.48643746227025986	0.5135625526309013	0.08091044425964355	False	True	0.5239413380622864	0.476058691740036	True	0.3739258348941803	0.6260741353034973
d039fl	this unconventional bike seat	data/processed/pro_fakeddit/images/d039fl.jpg	1	1	True	0.5979728996753693	0.19594577699899673	0.40202712267637253	0.5979728996753693	0.15293732285499573	False	True	0.39760008454322815	0.6023999452590942	True	0.41530823707580566	0.5846917629241943
b35xp3	sequential bills glued together like a notepad	data/processed/pro_fakeddit/images/b35xp3.jpg	1	1	True	0.6573104113340378	0.3146207928657532	0.3426896184682846	0.6573104113340378	0.16528266668319702	False	True	0.303518682718277	0.6964813470840454	True	0.4602024257183075	0.5397976040840149
1gs1t1	grooms party cliche jumping	data/processed/pro_fakeddit/images/1gs1t1.jpg	1	1	True	0.8115393668413162	0.6230787187814713	0.18846064805984497	0.8115393668413162	0.1776011884212494	False	True	0.10793021321296692	0.8920698165893555	True	0.4300519526004791	0.5699480175971985
bbl8g1	i found these chips called boo chips shaped like little ghosts	data/processed/pro_fakeddit/images/bbl8g1.jpg	1	0	False	0.6554315611720085	0.3108631297945976	0.6554315611720085	0.3445684313774109	0.21031686663627625	False	True	0.7236015796661377	0.2763984203338623	True	0.45092150568962097	0.5490784645080566
c4agsx	the usa and uk authorise drone strikes on libya to topple colonel gaddafi circa	data/processed/pro_fakeddit/images/c4agsx.jpg	0	1	False	0.5331684947013855	0.06633699685335159	0.4668314978480339	0.5331684947013855	0.09231345355510712	False	True	0.4647708535194397	0.5352291464805603	True	0.47301343083381653	0.5269865393638611
80f6vk	see the unbelievable transformation after dementia patients are given baby dolls	data/processed/pro_fakeddit/images/80f6vk.jpg	1	1	True	0.8138538599014282	0.6277077235281467	0.18614613637328148	0.8138538599014282	0.1624521017074585	False	True	0.12076662480831146	0.8792333602905273	True	0.38228467106819153	0.6177153587341309
9h83g8	surprised to find an x and a heart in my butter	data/processed/pro_fakeddit/images/9h83g8.jpg	1	0	False	0.5154140591621399	0.030828110873699188	0.5154140591621399	0.4845859482884407	0.22221873700618744	False	True	0.5539747476577759	0.4460252821445465	True	0.39973199367523193	0.6002679467201233
cqe4tu	this rock that looks like its insides are coming out	data/processed/pro_fakeddit/images/cqe4tu.jpg	1	1	True	0.7185084968805313	0.4370169900357723	0.281491506844759	0.7185084968805313	0.14589834213256836	False	True	0.23036284744739532	0.7696371674537659	True	0.43487748503685	0.5651224851608276
21m3cu	first look at quicksilver in avengers	data/processed/pro_fakeddit/images/21m3cu.jpg	1	1	True	0.7817244827747345	0.5634489245712757	0.21827555820345879	0.7817244827747345	0.06876868009567261	False	True	0.14811180531978607	0.8518882393836975	True	0.42876681685447693	0.5712332129478455
1v886f	the pope is selling his harleydavidson	data/processed/pro_fakeddit/images/1v886f.jpg	1	1	True	0.6805430799722672	0.3610861599445343	0.31945692002773285	0.6805430799722672	0.2014499008655548	False	True	0.2710863947868347	0.7289136052131653	True	0.46456849575042725	0.5354315042495728
1zjlwi	years in environment of constant fear somehow fails to rehabilitate prisoner	data/processed/pro_fakeddit/images/1zjlwi.jpg	0	1	False	0.5949972867965698	0.18999454379081726	0.40500274300575256	0.5949972867965698	0.14275860786437988	False	True	0.41366496682167053	0.5863350629806519	True	0.37901607155799866	0.6209839582443237
bgq8is	india to observe us sanctions on iranian oil	data/processed/pro_fakeddit/images/bgq8is.jpg	1	1	True	0.6379677355289459	0.27593549340963364	0.3620322421193123	0.6379677355289459	0.13974961638450623	False	True	0.3178938329219818	0.6821061372756958	True	0.4944474697113037	0.5055525302886963
d3bqtvb	the reason there wasnt any room for jack	data/processed/pro_fakeddit/images/d3bqtvb.jpg	0	1	False	0.6895337104797363	0.37906745821237564	0.3104662522673607	0.6895337104797363	0.1174933984875679	False	True	0.2942379415035248	0.7057620286941528	True	0.3591511845588684	0.6408487558364868
33qxgj	spiderman should be a snapchatting edm fan according to terrible pitch	data/processed/pro_fakeddit/images/33qxgj.jpg	1	1	True	0.665460392832756	0.3309207558631897	0.33453963696956635	0.665460392832756	0.15145868062973022	False	True	0.28357288241386414	0.7164271473884583	True	0.487439900636673	0.5125601291656494
66b2zi	an athletes meteoric fall from grace very nsfl	data/processed/pro_fakeddit/images/66b2zi.jpg	0	1	False	0.514949806034565	0.02989964187145233	0.48505016416311264	0.514949806034565	0.10661384463310242	False	True	0.5230016112327576	0.47699835896492004	True	0.37119582295417786	0.6288041472434998
5outr1	mark twain holding a pistol	data/processed/pro_fakeddit/images/5outr1.jpg	1	1	True	0.7740116864442825	0.5480233281850815	0.22598835825920105	0.7740116864442825	0.23818665742874146	False	True	0.14859378337860107	0.8514062762260437	True	0.458172082901001	0.541827917098999
94zeeo	nick young of all people says oncourt nba fashion is getting too out of hand	data/processed/pro_fakeddit/images/94zeeo.jpg	1	1	True	0.7302000224590302	0.4604000151157379	0.26980000734329224	0.7302000224590302	0.13600553572177887	False	True	0.19765928387641907	0.8023407459259033	True	0.48622217774391174	0.5137778520584106
cq85ah6	dont even mention it bruh bruh	data/processed/pro_fakeddit/images/cq85ah6.jpg	0	1	False	0.6799558401107788	0.35991164296865463	0.3200441971421242	0.6799558401107788	0.04013489559292793	False	True	0.2951132655143738	0.704886794090271	True	0.39483699202537537	0.6051629781723022
crpyny	a bug i found in midmichigan anybody know what kind	data/processed/pro_fakeddit/images/crpyny.jpg	1	1	True	0.7507054656744003	0.501410935074091	0.24929453060030937	0.7507054656744003	0.11059937626123428	False	True	0.1870381087064743	0.8129618763923645	True	0.4360637962818146	0.5639362335205078
5h9712	christmas tree farmer returns wedding band lost years ago	data/processed/pro_fakeddit/images/5h9712.jpg	1	1	True	0.7486389726400375	0.4972779303789139	0.25136104226112366	0.7486389726400375	0.1595890372991562	False	True	0.2039734423160553	0.7960265874862671	True	0.39352384209632874	0.6064761281013489
cqur6l	collierville priest would not allow black woman to clean church blames his dog	data/processed/pro_fakeddit/images/cqur6l.jpg	1	1	True	0.5578001886606216	0.1156003475189209	0.44219984114170074	0.5578001886606216	0.18896204233169556	False	True	0.42533621191978455	0.5746638178825378	True	0.49279072880744934	0.507209300994873
54rjzv	how artisan jewelry is saving womens lives in rwanda	data/processed/pro_fakeddit/images/54rjzv.jpg	1	1	True	0.6721666604280472	0.34433333575725555	0.3278333246707916	0.6721666604280472	0.17306619882583618	False	True	0.2931075990200043	0.7068923711776733	True	0.4320105016231537	0.5679895281791687
7vh6p7	this mop just tried to sell me some weed	data/processed/pro_fakeddit/images/7vh6p7.jpg	0	1	False	0.5705394893884659	0.14107897877693176	0.4294605106115341	0.5705394893884659	0.16615945100784302	False	True	0.44142937660217285	0.5585706233978271	True	0.3935539126396179	0.6064460873603821
csycv6	was adjusting my watch strap and found astonished hitler	data/processed/pro_fakeddit/images/csycv6.jpg	1	1	True	0.6010109037160873	0.2020217850804329	0.39898911863565445	0.6010109037160873	0.06385177373886108	False	True	0.3848694860935211	0.6151305437088013	True	0.44134801626205444	0.5586519837379456
33x6n2	ive been saving up some good ones for my cake day mostly from my mediocre job where i set up dentures	data/processed/pro_fakeddit/images/33x6n2.jpg	0	1	False	0.6477248072624207	0.2954495996236801	0.35227520763874054	0.6477248072624207	0.024529270827770233	False	True	0.3482694625854492	0.6517305374145508	True	0.3642924427986145	0.6357076168060303
90hk6w	footage of sole survivor of amazon tribe emerges	data/processed/pro_fakeddit/images/90hk6w.jpg	1	1	True	0.6534662842750549	0.30693256109952927	0.34653372317552567	0.6534662842750549	0.20713379979133606	False	True	0.3282570540904999	0.6717429757118225	True	0.401363730430603	0.5986362099647522
5ihr93	evangeline parish sheriff asks whether he is legally required to enforce the law	data/processed/pro_fakeddit/images/5ihr93.jpg	1	1	True	0.6482825428247452	0.29656507819890976	0.3517174646258354	0.6482825428247452	0.11127287149429321	False	True	0.3140014410018921	0.6859985589981079	True	0.4648655354976654	0.535134494304657
7756px	the fatal seatbelt mistake passengers are making	data/processed/pro_fakeddit/images/7756px.jpg	0	0	True	0.5833003371953964	0.16660065203905106	0.5833003371953964	0.41669968515634537	0.18988323211669922	False	True	0.6331391930580139	0.36686083674430847	True	0.43378376960754395	0.566216230392456
cayrghv	what it should have been i suppose	data/processed/pro_fakeddit/images/cayrghv.jpg	0	1	False	0.704161986708641	0.4083239659667015	0.29583802074193954	0.704161986708641	0.07724629342556	False	True	0.27232038974761963	0.7276796102523804	True	0.3663909137248993	0.6336091160774231
1c4xjv	mtv star farrah abrahams porn video a new low of lows experts say	data/processed/pro_fakeddit/images/1c4xjv.jpg	1	1	True	0.567495085299015	0.13499020040035248	0.43250488489866257	0.567495085299015	0.11751606315374374	False	True	0.3969745934009552	0.6030253767967224	True	0.5390957593917847	0.46090421080589294
1pbf9m	year old girl ran mile in the dark to summon help for her dad	data/processed/pro_fakeddit/images/1pbf9m.jpg	1	1	True	0.5413205921649933	0.08264119178056717	0.4586794003844261	0.5413205921649933	0.05427555739879608	False	True	0.4862860441207886	0.5137139558792114	True	0.37585946917533875	0.6241405010223389
cscnml	a leaf fell through a hole in another leaf	data/processed/pro_fakeddit/images/cscnml.jpg	1	1	True	0.6276736557483673	0.25534728914499283	0.3723263666033745	0.6276736557483673	0.14097566902637482	False	True	0.3337877690792084	0.666212260723114	True	0.4879421591758728	0.5120578408241272
b6aatz	shadow of a shirt on staircase bannister looks like a dog hiding behind the curtain	data/processed/pro_fakeddit/images/b6aatz.jpg	1	1	True	0.5867227017879486	0.17344540357589722	0.4132772982120514	0.5867227017879486	0.16081403195858002	False	True	0.35477834939956665	0.6452216506004333	True	0.5887741446495056	0.4112258553504944
b5s1u9	nevada governor steve sisolak joins us climate alliance	data/processed/pro_fakeddit/images/b5s1u9.jpg	1	1	True	0.5459347888827324	0.09186960756778717	0.4540651813149452	0.5459347888827324	0.037523526698350906	False	True	0.43481960892677307	0.5651803612709045	True	0.5118018984794617	0.48819807171821594
c5tx4e	this patch of rainbow in the sky on a mostly sunny day	data/processed/pro_fakeddit/images/c5tx4e.jpg	1	1	True	0.7768168151378632	0.5536336489021778	0.22318316623568535	0.7768168151378632	0.1774817258119583	False	True	0.17298100888729095	0.8270189762115479	True	0.37378963828086853	0.6262103319168091
6bvppt	saintjeandeluz pyreneesatlantiques france	data/processed/pro_fakeddit/images/6bvppt.jpg	1	1	True	0.764222115278244	0.5284442715346813	0.2357778437435627	0.764222115278244	0.11463034152984619	False	True	0.1825130134820938	0.8174869418144226	True	0.39557233452796936	0.6044276356697083
1xm70a	east ukraine gypsum mine	data/processed/pro_fakeddit/images/1xm70a.jpg	1	1	True	0.7424526512622833	0.48490532860159874	0.2575473226606846	0.7424526512622833	0.16239780187606812	False	True	0.20040298998355865	0.7995969653129578	True	0.4289803206920624	0.57101970911026
bfrk93	the way the stick of incense burnt	data/processed/pro_fakeddit/images/bfrk93.jpg	1	1	True	0.572252944111824	0.14450586587190628	0.42774707823991776	0.572252944111824	0.15506571531295776	False	True	0.44899269938468933	0.5510073304176331	True	0.364010214805603	0.635989785194397
bct8vq	these trees in philadelphia that grew around their cages like its no big deal	data/processed/pro_fakeddit/images/bct8vq.jpg	1	1	True	0.5880104750394821	0.17602092027664185	0.41198955476284027	0.5880104750394821	0.16434992849826813	False	True	0.4071204662322998	0.592879593372345	True	0.42659682035446167	0.5734031200408936
5563wh	oxera ive been very good to broadway	data/processed/pro_fakeddit/images/5563wh.jpg	0	1	False	0.7880830466747284	0.5761660821735859	0.2119169645011425	0.7880830466747284	0.32076820731163025	False	True	0.15200187265872955	0.8479981422424316	True	0.39166224002838135	0.6083377599716187
7xfbz7	shaun white finding out he won gold in the olympics	data/processed/pro_fakeddit/images/7xfbz7.jpg	1	1	True	0.7220972031354904	0.4441944286227226	0.2779027745127678	0.7220972031354904	0.17668592929840088	False	True	0.21325603127479553	0.7867439389228821	True	0.47184300422668457	0.5281569957733154
c86n5pw	i like them better than the camels	data/processed/pro_fakeddit/images/c86n5pw.jpg	0	1	False	0.6639799177646637	0.3279598578810692	0.3360200598835945	0.6639799177646637	0.06411153078079224	False	True	0.33419737219810486	0.6658025979995728	True	0.3414881229400635	0.6585118770599365
b4113j	the way this bowling alley tells you what lanes are open	data/processed/pro_fakeddit/images/b4113j.jpg	1	1	True	0.6557711362838745	0.3115422800183296	0.3442288562655449	0.6557711362838745	0.17888794839382172	False	True	0.3260895013809204	0.6739104986190796	True	0.39864692091941833	0.6013530492782593
6i9o8z	this bombshell was dropped on ellen and fans were shocked	data/processed/pro_fakeddit/images/6i9o8z.jpg	0	1	False	0.6086191385984421	0.21723827719688416	0.3913808614015579	0.6086191385984421	0.15064993500709534	False	True	0.38043028116226196	0.619569718837738	True	0.4242326021194458	0.5757673978805542
cb9zmr	ualuis saving these two kittens	data/processed/pro_fakeddit/images/cb9zmr.jpg	1	1	True	0.7226887196302414	0.4453774578869343	0.2773112617433071	0.7226887196302414	0.05570288375020027	False	True	0.237449511885643	0.7625504732131958	True	0.39689651131629944	0.6031034588813782
2e578p	vote fire hydrant for mayor	data/processed/pro_fakeddit/images/2e578p.jpg	1	1	True	0.526274248957634	0.05254849046468735	0.4737257584929466	0.526274248957634	0.13348355889320374	False	True	0.4737461507320404	0.526253879070282	True	0.4736645817756653	0.5263353586196899
cah2qd	this cafe makes animals out of rice for their kids meal curry plates giraffes are my absolute favorite loved this	data/processed/pro_fakeddit/images/cah2qd.jpg	1	1	True	0.7608179897069931	0.521636001765728	0.2391819879412651	0.7608179897069931	0.22630475461483002	False	True	0.18777748942375183	0.8122224807739258	True	0.39339548349380493	0.6066045165061951
3zcpl2	poster for the upcoming trey parkermatt stone short film on canada	data/processed/pro_fakeddit/images/3zcpl2.jpg	0	1	False	0.7010061889886856	0.40201233699917793	0.2989938519895077	0.7010061889886856	-0.033461760729551315	False	True	0.24011431634426117	0.7598857283592224	True	0.4756324589252472	0.5243675708770752
278cg7	bounce house injuries become an epidemic	data/processed/pro_fakeddit/images/278cg7.jpg	1	1	True	0.5989726185798645	0.1979452148079872	0.4010274037718773	0.5989726185798645	0.1355416476726532	False	True	0.3892660439014435	0.6107339859008789	True	0.4363114833831787	0.5636885166168213
b6ecug	they keys to the bathrooms at work are kitchen utensils so they dont get stolen or lost	data/processed/pro_fakeddit/images/b6ecug.jpg	1	1	True	0.5425585955381393	0.08511717617511749	0.45744141936302185	0.5425585955381393	0.22434209287166595	False	True	0.4832545220851898	0.5167455077171326	True	0.38000211119651794	0.6199978590011597
bn7wmm	this pack of waffle cones wrapped in bubble wrap	data/processed/pro_fakeddit/images/bn7wmm.jpg	1	0	False	0.5477650389075279	0.09553006291389465	0.5477650389075279	0.45223497599363327	0.20504963397979736	False	True	0.5679675340652466	0.4320324957370758	True	0.48715755343437195	0.5128424167633057
br022s	chef gary usher offered a homeless man work but now what when top chef gary usher left his manchester restaurant last week after a shift he didnt know he was about to have a conversation that would change someones life	data/processed/pro_fakeddit/images/br022s.jpg	1	1	True	0.6135529577732086	0.22710595279932022	0.3864470049738884	0.6135529577732086	0.12647764384746552	False	True	0.3599918484687805	0.6400080919265747	True	0.46581247448921204	0.5341875553131104
9ges63	the all white candy corn i got today	data/processed/pro_fakeddit/images/9ges63.jpg	1	1	True	0.6360519528388977	0.2721038833260536	0.3639480695128441	0.6360519528388977	0.19487708806991577	False	True	0.35929742455482483	0.6407026052474976	True	0.37790000438690186	0.6220999956130981
ck2r6t0	the physical impossibility of death in the mind of someone living	data/processed/pro_fakeddit/images/ck2r6t0.jpg	0	1	False	0.6739397943019867	0.3478796258568764	0.3260601684451103	0.6739397943019867	0.13964331150054932	False	True	0.2916126549243927	0.7083873152732849	True	0.4294027090072632	0.570597231388092
b7phc7	my local grocery store has a shopping cart escalator	data/processed/pro_fakeddit/images/b7phc7.jpg	1	0	False	0.5861915424466133	0.17238303273916245	0.5861915424466133	0.41380850970745087	0.208238422870636	False	True	0.6243993639945984	0.3756006956100464	True	0.4715680778026581	0.5284319519996643
ddtgub	this small sidetable has a map of the city and location of the hotel	data/processed/pro_fakeddit/images/ddtgub.jpg	1	1	True	0.644849956035614	0.2896999195218086	0.3551500365138054	0.644849956035614	0.23763920366764069	False	True	0.3285325765609741	0.6714674234390259	True	0.4350024163722992	0.5649975538253784
614tnh	sweet pawlitics joe biden the human meets joe biden the puppy	data/processed/pro_fakeddit/images/614tnh.jpg	1	1	True	0.564318835735321	0.12863771617412567	0.4356811195611954	0.564318835735321	0.1767309010028839	False	True	0.4274783730506897	0.5725215673446655	True	0.4602893590927124	0.5397106409072876
av83mp	walmart has mirrors in the checkout lanes to look at the bottom of your cart	data/processed/pro_fakeddit/images/av83mp.jpg	1	1	True	0.5118093490600586	0.023618698120117188	0.4881906509399414	0.5118093490600586	0.14489775896072388	False	True	0.48375606536865234	0.5162439346313477	True	0.5014944076538086	0.4985055923461914
b77ykn	cbs employees credit union manager charged with embezzling million	data/processed/pro_fakeddit/images/b77ykn.jpg	1	0	False	0.5765961036086082	0.1531921923160553	0.5765961036086082	0.42340391129255295	0.13239268958568573	False	True	0.606506884098053	0.3934931457042694	True	0.48686376214027405	0.5131362080574036
f16p4th	httpsiimgurcomvlqoowwjpg	data/processed/pro_fakeddit/images/f16p4th.jpg	0	1	False	0.7863315492868423	0.5726631060242653	0.21366844326257706	0.7863315492868423	0.09386318922042847	False	True	0.17360252141952515	0.8263974785804749	True	0.3338662087917328	0.6661337614059448
auabo0	you have to look through the mirror to read this sign	data/processed/pro_fakeddit/images/auabo0.jpg	1	1	True	0.5545138120651245	0.10902766138315201	0.4454861506819725	0.5545138120651245	0.14775718748569489	False	True	0.46533337235450745	0.5346665978431702	True	0.3859444856643677	0.6140554547309875
bchbz8	a blue mirror at a starbucks by my school	data/processed/pro_fakeddit/images/bchbz8.jpg	1	1	True	0.6830889582633972	0.36617791652679443	0.3169110417366028	0.6830889582633972	0.2199297547340393	False	True	0.2605862021446228	0.7394137978553772	True	0.4858855605125427	0.5141144394874573
8zht53	thomas the tank engine is that you	data/processed/pro_fakeddit/images/8zht53.jpg	0	1	False	0.5755667686462402	0.15113352239131927	0.42443324625492096	0.5755667686462402	0.03930450230836868	False	True	0.44045233726501465	0.5595476627349854	True	0.3763759732246399	0.6236240863800049
bifedn	hurricane in florida snapped all these pine trees	data/processed/pro_fakeddit/images/bifedn.jpg	1	1	True	0.7353593409061432	0.4707186743617058	0.2646406665444374	0.7353593409061432	0.1934005469083786	False	True	0.22205185890197754	0.7779481410980225	True	0.392407089471817	0.6075929403305054
d4tbl9v	a woman not so thrilled to meet donald trump	data/processed/pro_fakeddit/images/d4tbl9v.jpg	0	0	True	0.5056855231523514	0.011371023952960968	0.5056855231523514	0.4943144991993904	0.18584990501403809	False	True	0.5277588963508606	0.4722411334514618	True	0.43946540355682373	0.5605345964431763
2j8ukx	yearold girl in sheboygan wi who has been missing since monday afternoon has been found safe	data/processed/pro_fakeddit/images/2j8ukx.jpg	1	1	True	0.7522962242364883	0.5045924782752991	0.24770374596118927	0.7522962242364883	0.12523095309734344	False	True	0.1749294102191925	0.8250705599784851	True	0.46602675318717957	0.533973217010498
3yjal6	participant in the annual boxing day raft race in matlock england	data/processed/pro_fakeddit/images/3yjal6.jpg	1	1	True	0.6618893668055534	0.32377874106168747	0.33811062574386597	0.6618893668055534	0.1735876500606537	False	True	0.2739892601966858	0.7260107398033142	True	0.5304747223854065	0.4695252478122711
3eso48	two charged with dui in same car	data/processed/pro_fakeddit/images/3eso48.jpg	1	1	True	0.6345594227313995	0.2691188380122185	0.36544058471918106	0.6345594227313995	0.11565487831830978	False	True	0.334816038608551	0.665183961391449	True	0.45731422305107117	0.5426858067512512
6bnlva	the yearold brit who stopped the global cyberattack is donating his reward to charity	data/processed/pro_fakeddit/images/6bnlva.jpg	1	0	False	0.682266965508461	0.3645339757204056	0.682266965508461	0.3177329897880554	0.10550715029239655	False	True	0.7565140724182129	0.24348586797714233	True	0.4595256447792053	0.5404743552207947
b36ip9	santa rosa man displays naked mannequins after neighbor complains about high fence	data/processed/pro_fakeddit/images/b36ip9.jpg	1	1	True	0.5755105018615723	0.15102094411849976	0.4244895577430725	0.5755105018615723	0.26540401577949524	False	True	0.39404726028442383	0.605952799320221	True	0.5158164501190186	0.4841836094856262
wvx40	a child plays between two cartoon military statues	data/processed/pro_fakeddit/images/wvx40.jpg	1	1	True	0.6465897783637047	0.29317958652973175	0.35341019183397293	0.6465897783637047	0.17107269167900085	False	True	0.28425535559654236	0.7157446146011353	True	0.5608747005462646	0.43912526965141296
b0p7zn	guess this belongs here robber returns money after checking womans bank balance	data/processed/pro_fakeddit/images/b0p7zn.jpg	1	1	True	0.7308043539524078	0.4616086967289448	0.26919565722346306	0.7308043539524078	0.19131651520729065	False	True	0.2152685672044754	0.7847314476966858	True	0.430976927280426	0.569023072719574
9fmnx5	social distortion selftitled	data/processed/pro_fakeddit/images/9fmnx5.jpg	0	0	True	0.5409395396709442	0.08187905699014664	0.5409395396709442	0.4590604826807976	0.14194679260253906	False	True	0.5461186766624451	0.4538813531398773	True	0.5254021286964417	0.47459787130355835
c6ro36	soap on my sunroof at the carwash	data/processed/pro_fakeddit/images/c6ro36.jpg	1	1	True	0.6495349854230881	0.29906992614269257	0.3504650592803955	0.6495349854230881	0.0880538672208786	False	True	0.32224828004837036	0.6777517795562744	True	0.43511539697647095	0.564884603023529
1drpht	caught friend yawning while superman posing at nature trail	data/processed/pro_fakeddit/images/1drpht.jpg	1	1	True	0.7343332469463348	0.4686664864420891	0.26566676050424576	0.7343332469463348	0.1521286964416504	False	True	0.20946431159973145	0.7905356884002686	True	0.4342741072177887	0.5657259225845337
ddsb0z	the raised shape and the image of mjolnir on my copy of norse mythology are slightly misaligned	data/processed/pro_fakeddit/images/ddsb0z.jpg	1	1	True	0.7061113566160202	0.4122226908802986	0.2938886657357216	0.7061113566160202	0.21181699633598328	False	True	0.20168712735176086	0.7983129024505615	True	0.5704932808876038	0.42950671911239624
8h6h77	black ice cream cone with sprinkles	data/processed/pro_fakeddit/images/8h6h77.jpg	0	1	False	0.6277172118425369	0.25543443113565445	0.3722827807068825	0.6277172118425369	0.027519045397639275	False	True	0.33598989248275757	0.6640101075172424	True	0.4811614453792572	0.5188385248184204
cndt6s	the way that the bubbles avoided where my hand was holding the mug	data/processed/pro_fakeddit/images/cndt6s.jpg	1	1	True	0.6501890122890472	0.30037806183099747	0.3498109504580498	0.6501890122890472	0.12213489413261414	False	True	0.3296738564968109	0.6703261137008667	True	0.41022223234176636	0.5897777080535889
68k859	apparently disneys giant turkey legs arent actually turkey	data/processed/pro_fakeddit/images/68k859.jpg	0	1	False	0.5194121152162552	0.03882419317960739	0.4805879220366478	0.5194121152162552	0.21156370639801025	False	True	0.4924675226211548	0.50753253698349	True	0.44494912028312683	0.5550508499145508
19hzae	im sure youll find something with this	data/processed/pro_fakeddit/images/19hzae.jpg	1	1	True	0.7676414400339127	0.5352828316390514	0.23235860839486122	0.7676414400339127	0.03526216000318527	False	True	0.19502513110637665	0.8049749135971069	True	0.34435904026031494	0.6556410193443298
4gppdq	a bison after being struck by lightning	data/processed/pro_fakeddit/images/4gppdq.jpg	1	1	True	0.7665751725435257	0.5331503823399544	0.23342479020357132	0.7665751725435257	0.2015235722064972	False	True	0.16002577543258667	0.8399741649627686	True	0.45362183451652527	0.5463781952857971
6l8ivu	lifes a beach by jesus christie	data/processed/pro_fakeddit/images/6l8ivu.jpg	0	1	False	0.693153128027916	0.3863062560558319	0.30684687197208405	0.693153128027916	0.22440266609191895	False	True	0.2746638059616089	0.7253361940383911	True	0.4033960700035095	0.5966039299964905
2c9jfi	mary river turtle with moss on its back	data/processed/pro_fakeddit/images/2c9jfi.jpg	1	1	True	0.6298364847898483	0.25967296957969666	0.3701635152101517	0.6298364847898483	0.2415620982646942	False	True	0.32906633615493774	0.6709336638450623	True	0.49345505237579346	0.5065449476242065
cy8ao4	caesar and cleopatra agree to reclaim her throne circa bc	data/processed/pro_fakeddit/images/cy8ao4.jpg	0	1	False	0.6778616160154343	0.3557232469320297	0.32213836908340454	0.6778616160154343	0.18657821416854858	False	True	0.2901194393634796	0.709880530834198	True	0.4181951582431793	0.5818048715591431
64358r	man accidentally shoots himself at nra headquarters police	data/processed/pro_fakeddit/images/64358r.jpg	1	1	True	0.6861834675073624	0.37236691266298294	0.3138165548443794	0.6861834675073624	0.1757475882768631	False	True	0.2660016715526581	0.7339983582496643	True	0.45726120471954346	0.5427387952804565
4mnzlv	referendum on the united kingdoms membership of the european union edited parody of an actual referendum voting slip antibrexit	data/processed/pro_fakeddit/images/4mnzlv.jpg	0	0	True	0.5392192155122757	0.078438401222229	0.5392192155122757	0.4607808142900467	0.2591802477836609	False	True	0.5276992321014404	0.47230079770088196	True	0.5737791657447815	0.4262208640575409
axvxee	this crab in the seafood section of the supermarket is holding a seashell in its claw	data/processed/pro_fakeddit/images/axvxee.jpg	1	0	False	0.505264975130558	0.010529957711696625	0.505264975130558	0.4947350174188614	0.15451353788375854	False	True	0.49517980217933655	0.5048201680183411	True	0.5355204939842224	0.46447956562042236
4br3l1	president obama doing the tango	data/processed/pro_fakeddit/images/4br3l1.jpg	1	1	True	0.7112564295530319	0.42251281440258026	0.28874361515045166	0.7112564295530319	0.21165326237678528	False	True	0.23194164037704468	0.7680584192276001	True	0.4591495394706726	0.5408504605293274
8zlpq5	police post mugshot of lost dog bail paid in cookies	data/processed/pro_fakeddit/images/8zlpq5.jpg	1	1	True	0.7242895215749741	0.4485790468752384	0.27571047469973564	0.7242895215749741	0.14422011375427246	False	True	0.20751725137233734	0.7924827337265015	True	0.48029014468193054	0.5197098851203918
3jp1od	obese man dies attempting to put on his socks	data/processed/pro_fakeddit/images/3jp1od.jpg	0	1	False	0.5575687140226364	0.11513743549585342	0.442431278526783	0.5575687140226364	0.1560077965259552	False	True	0.44987690448760986	0.5501230955123901	True	0.42009440064430237	0.5799055695533752
6iouao	despite many obstacles the world is getting better	data/processed/pro_fakeddit/images/6iouao.jpg	1	1	True	0.5278255641460419	0.05565112084150314	0.4721744433045387	0.5278255641460419	0.14331965148448944	False	True	0.5045188665390015	0.49548113346099854	True	0.3751411736011505	0.6248588562011719
3psxmz	relay runner finishes a race	data/processed/pro_fakeddit/images/3psxmz.jpg	1	1	True	0.8568165749311447	0.7136331312358379	0.14318344369530678	0.8568165749311447	0.165601447224617	False	True	0.05383504927158356	0.9461649656295776	True	0.41122862696647644	0.588771402835846
b3jbbl	the outgrown left behind	data/processed/pro_fakeddit/images/b3jbbl.jpg	0	1	False	0.8180815279483795	0.6361630391329527	0.18191848881542683	0.8180815279483795	0.23763391375541687	False	True	0.11796768754720688	0.8820323348045349	True	0.37377089262008667	0.6262291073799133
43zh1k	goldman sachs says it be forced to fundamentally question how capitalism is working	data/processed/pro_fakeddit/images/43zh1k.jpg	1	1	True	0.6450999677181244	0.2901999354362488	0.3549000322818756	0.6450999677181244	0.060030318796634674	False	True	0.30706918239593506	0.6929308176040649	True	0.49839258193969727	0.5016074180603027
3krs4r	female wrester as the joker	data/processed/pro_fakeddit/images/3krs4r.jpg	1	1	True	0.7033453732728958	0.4066907428205013	0.2966546304523945	0.7033453732728958	0.176265686750412	False	True	0.24181164801120758	0.7581883668899536	True	0.4611835777759552	0.5388163924217224
2p6pdp	teenager at the fucking elvis concert	data/processed/pro_fakeddit/images/2p6pdp.jpg	1	1	True	0.8181381821632385	0.6362764034420252	0.18186177872121334	0.8181381821632385	0.13394775986671448	False	True	0.10380060225725174	0.8961993455886841	True	0.41604530811309814	0.5839546918869019
8dn2os	rage against the machine dont let them take your mind	data/processed/pro_fakeddit/images/8dn2os.jpg	0	1	False	0.6263386309146881	0.2526772692799568	0.3736613616347313	0.6263386309146881	0.14337779581546783	False	True	0.3466963768005371	0.6533036231994629	True	0.45455631613731384	0.5454436540603638
dmv20uc	that image explains alot	data/processed/pro_fakeddit/images/dmv20uc.jpg	0	1	False	0.5345514342188835	0.06910289078950882	0.4654485434293747	0.5345514342188835	0.09675906598567963	False	True	0.506608784198761	0.4933911859989166	True	0.3419678211212158	0.6580321788787842
av0l71	this pub transformed itself into the drunken clam in family guy	data/processed/pro_fakeddit/images/av0l71.jpg	1	1	True	0.7451036721467972	0.49020734801888466	0.2548963241279125	0.7451036721467972	0.14159135520458221	False	True	0.19246746599674225	0.807532548904419	True	0.44218289852142334	0.5578170418739319
8qtcd5	redemption this senior class really came together to plan the senior prank after dropping the ball on the fundraiser for a classmates surgery	data/processed/pro_fakeddit/images/8qtcd5.jpg	0	1	False	0.647921234369278	0.2958424836397171	0.35207875072956085	0.647921234369278	0.03804749250411987	False	True	0.3045530617237091	0.6954469084739685	True	0.4946558177471161	0.5053442120552063
5zq097	was an awful time for many people	data/processed/pro_fakeddit/images/5zq097.jpg	0	1	False	0.7306695580482483	0.46133914589881897	0.2693304121494293	0.7306695580482483	0.08012817800045013	False	True	0.2549889385700226	0.745011031627655	True	0.31235483288764954	0.6876451373100281
c0dj6d	pickup truck with a bed made from fenceposts	data/processed/pro_fakeddit/images/c0dj6d.jpg	1	1	True	0.5673863738775253	0.13477271795272827	0.43261365592479706	0.5673863738775253	0.1897197663784027	False	True	0.4162397086620331	0.5837603211402893	True	0.481735497713089	0.5182645320892334
5nucmi	this rather alarmed microphone	data/processed/pro_fakeddit/images/5nucmi.jpg	1	1	True	0.6469063609838486	0.29381269961595535	0.3530936613678932	0.6469063609838486	0.15369069576263428	False	True	0.34192362427711487	0.6580764055252075	True	0.38660377264022827	0.6133962273597717
2smca9	blood covered turban from recent shootings	data/processed/pro_fakeddit/images/2smca9.jpg	0	1	False	0.6680141240358353	0.3360282704234123	0.33198585361242294	0.6680141240358353	0.03550007939338684	False	True	0.2843921482563019	0.7156078219413757	True	0.47476696968078613	0.5252330303192139
b6utdi	bipartisan nuclear bill extends federal ppas to years to push advanced reactors the bill seeks to establish a pathway to enable privatepublic partnerships to construct advanced nuclear demonstration reactors over the next two decades sen joe manchin dwva	data/processed/pro_fakeddit/images/b6utdi.jpg	1	1	True	0.6041429787874222	0.20828595757484436	0.3958570212125778	0.6041429787874222	0.07657808065414429	False	True	0.34878331422805786	0.6512166857719421	True	0.5370781421661377	0.4629218578338623
5gtykw	calgary man caught on video riding scooter to work in snowstorm gifted new wheels	data/processed/pro_fakeddit/images/5gtykw.jpg	1	0	False	0.5409733727574348	0.08194676041603088	0.5409733727574348	0.45902661234140396	-0.024106677621603012	False	True	0.5552840232849121	0.4447159469127655	True	0.49804142117500305	0.5019586086273193
c794gby	opening the door to narnia	data/processed/pro_fakeddit/images/c794gby.jpg	0	1	False	0.5863284468650818	0.17265693843364716	0.41367150843143463	0.5863284468650818	0.15095221996307373	False	True	0.4200611710548401	0.5799387693405151	True	0.39450252056121826	0.6054974794387817
3gydfa	an aerial view of one of icelands river deltas	data/processed/pro_fakeddit/images/3gydfa.jpg	1	1	True	0.730555459856987	0.4611109085381031	0.2694445513188839	0.730555459856987	0.13375231623649597	False	True	0.18956269323825836	0.8104373216629028	True	0.5090901255607605	0.4909098744392395
ckymyy	this girlfriend side order	data/processed/pro_fakeddit/images/ckymyy.jpg	1	1	True	0.5482700914144516	0.0965401902794838	0.4517299011349678	0.5482700914144516	0.2036294937133789	False	True	0.4798316955566406	0.5201683044433594	True	0.36742451786994934	0.6325754523277283
d0rv6i	us general contemplating dropping the second nuclear bomb in japan	data/processed/pro_fakeddit/images/d0rv6i.jpg	0	1	False	0.6782337129116058	0.3564673885703087	0.32176632434129715	0.6782337129116058	0.05495983362197876	False	True	0.29266124963760376	0.707338809967041	True	0.4090815484523773	0.5909184217453003
245e6d	might be an awkward situation to be in	data/processed/pro_fakeddit/images/245e6d.jpg	1	1	True	0.7589646279811859	0.5179292410612106	0.24103538691997528	0.7589646279811859	0.05452371761202812	False	True	0.19870418310165405	0.801295816898346	True	0.36802899837493896	0.6319710612297058
33huje	abandoned prison barbershop	data/processed/pro_fakeddit/images/33huje.jpg	1	1	True	0.7755697071552277	0.5511393807828426	0.22443032637238503	0.7755697071552277	0.20116975903511047	False	True	0.15568123757839203	0.8443188071250916	True	0.430677592754364	0.569322407245636
bx5kc4	these oldschool kings queens and jacks from a vintage playing card deck	data/processed/pro_fakeddit/images/bx5kc4.jpg	1	1	True	0.5635237246751785	0.12704743444919586	0.43647629022598267	0.5635237246751785	0.1701621562242508	False	True	0.43805310130119324	0.5619469285011292	True	0.43174585700035095	0.5682541131973267
c0yccu	drying new tupperware laziness or awesomeness	data/processed/pro_fakeddit/images/c0yccu.jpg	1	1	True	0.7257690280675888	0.4515380673110485	0.2742309607565403	0.7257690280675888	0.1660839319229126	False	True	0.20951436460018158	0.7904856204986572	True	0.46838074922561646	0.5316192507743835
71gvvy	after nurses arrest utah lawmakers will draft a bill that clarifies when police can draw someones blood	data/processed/pro_fakeddit/images/71gvvy.jpg	1	1	True	0.81500543653965	0.6300109103322029	0.18499452620744705	0.81500543653965	0.1416047215461731	False	True	0.09283038973808289	0.9071695804595947	True	0.46148693561553955	0.5385130047798157
6z1fdb	long live the dictatorship of the proletariat china	data/processed/pro_fakeddit/images/6z1fdb.jpg	0	1	False	0.6030333489179611	0.20606667548418045	0.39696667343378067	0.6030333489179611	0.16993889212608337	False	True	0.38473132252693176	0.6152687072753906	True	0.4336727261543274	0.5663272738456726
buovyn	paint splashes on bathroom stall that look like sperm	data/processed/pro_fakeddit/images/buovyn.jpg	1	1	True	0.6484385505318642	0.29687707126140594	0.3515614792704582	0.6484385505318642	0.22517234086990356	False	True	0.297834187746048	0.7021658420562744	True	0.512743353843689	0.4872566759586334
1rxk4w	this photo of tom daley olympic diver looking swimmingly	data/processed/pro_fakeddit/images/1rxk4w.jpg	1	1	True	0.7557845115661621	0.5115690045058727	0.24421550706028938	0.7557845115661621	0.17794010043144226	False	True	0.18480975925922394	0.8151902556419373	True	0.4224327504634857	0.5775672793388367
6ph6pr	kitten rescued from trash bag after tossed from car onto wauchula road	data/processed/pro_fakeddit/images/6ph6pr.jpg	1	1	True	0.7181127667427063	0.4362255223095417	0.2818872444331646	0.7181127667427063	0.14757925271987915	False	True	0.23068983852863312	0.7693101763725281	True	0.43547946214675903	0.564520537853241
6zzjml	trump to host schumer and pelosi for dinner to discuss daca health care after flurry of meetings	data/processed/pro_fakeddit/images/6zzjml.jpg	1	1	True	0.67301245033741	0.34602490812540054	0.32698754221200943	0.67301245033741	0.16564178466796875	False	True	0.2757174074649811	0.7242825627326965	True	0.4807979464530945	0.5192021131515503
1wosm2	the inside of a breaking wave	data/processed/pro_fakeddit/images/1wosm2.jpg	0	1	False	0.7535105645656586	0.5070211514830589	0.24648941308259964	0.7535105645656586	0.040208835154771805	False	True	0.18762466311454773	0.8123753070831299	True	0.42308366298675537	0.5769163370132446
d0ioqh	using a banana for archery practice	data/processed/pro_fakeddit/images/d0ioqh.jpg	0	1	False	0.660816490650177	0.3216329738497734	0.3391835168004036	0.660816490650177	0.04118356108665466	False	True	0.3016494810581207	0.6983505487442017	True	0.4517856240272522	0.548214316368103
4hmjt3	this woman jumping in the sea during the st andrews dip	data/processed/pro_fakeddit/images/4hmjt3.jpg	1	1	True	0.7693857178092003	0.5387714505195618	0.23061426728963852	0.7693857178092003	0.11273600906133652	False	True	0.1322765052318573	0.8677234649658203	True	0.5256275534629822	0.4743724763393402
5x9cdo	my new apartment still needs furnishing	data/processed/pro_fakeddit/images/5x9cdo.jpg	0	1	False	0.7353976964950562	0.4707953743636608	0.26460232213139534	0.7353976964950562	0.024113904684782028	False	True	0.24229420721530914	0.757705807685852	True	0.33152666687965393	0.6684733629226685
at42ti	unseen footage of erwin rommel a few days before the first battle of elalamein	data/processed/pro_fakeddit/images/at42ti.jpg	0	1	False	0.7498359978199005	0.49967198446393013	0.2501640133559704	0.7498359978199005	0.11819586902856827	False	True	0.19276274740695953	0.8072372674942017	True	0.42236781120300293	0.5776321887969971
b35gev	picture of a american soldier before being blown up by a vietcong land mine vietnam	data/processed/pro_fakeddit/images/b35gev.jpg	0	1	False	0.6071444153785706	0.2142888307571411	0.39285558462142944	0.6071444153785706	-0.003703332506120205	False	True	0.3778717517852783	0.6221282482147217	True	0.4378070831298828	0.5621929168701172
b1nlad	scary or scared fireplace	data/processed/pro_fakeddit/images/b1nlad.jpg	0	1	False	0.7229039967060089	0.4458080045878887	0.2770959921181202	0.7229039967060089	0.08324015885591507	False	True	0.21103356778621674	0.7889664173126221	True	0.47528326511383057	0.5247167348861694
96crs3	new mother with her newborn babies	data/processed/pro_fakeddit/images/96crs3.jpg	0	1	False	0.6202010810375214	0.24040213227272034	0.379798948764801	0.6202010810375214	0.057075656950473785	False	True	0.3675781786441803	0.6324218511581421	True	0.4164612591266632	0.5835387706756592
95mvmx	new york congressman arrested on insider trading charges	data/processed/pro_fakeddit/images/95mvmx.jpg	1	1	True	0.5454971566796303	0.09099426120519638	0.4545028954744339	0.5454971566796303	0.08258229494094849	False	True	0.4380747079849243	0.5619253516197205	True	0.5037874579429626	0.49621257185935974
8kv9e0	a fishnet worker in vietnam	data/processed/pro_fakeddit/images/8kv9e0.jpg	1	1	True	0.5669548586010933	0.133909709751606	0.4330451488494873	0.5669548586010933	0.215444415807724	False	True	0.40564876794815063	0.5943512320518494	True	0.5152342915534973	0.4847657382488251
5wimzz	blake griffin claims basketball seems much rounder lately	data/processed/pro_fakeddit/images/5wimzz.jpg	0	1	False	0.6581183671951294	0.316236712038517	0.3418816551566124	0.6581183671951294	0.1974354386329651	False	True	0.3049796521663666	0.6950203776359558	True	0.45258766412734985	0.5474123358726501
cypbc00	goddammit you beat me to it	data/processed/pro_fakeddit/images/cypbc00.jpg	0	1	False	0.5409434735774994	0.08188694715499878	0.4590565264225006	0.5409434735774994	0.04600793123245239	False	True	0.4910604953765869	0.5089395046234131	True	0.3630446195602417	0.6369553804397583
8wy0uu	the subways is flooded with water after the storm	data/processed/pro_fakeddit/images/8wy0uu.jpg	0	0	True	0.5531188920140266	0.10623779892921448	0.5531188920140266	0.44688109308481216	0.007632064633071423	False	True	0.5961799025535583	0.40382006764411926	True	0.4239358603954315	0.5760641694068909
7gj02x	grandmother believes in helping kids however you can help kids she is one of the countless grandparents whose soft spot for children translates into annual gifts to the portland press herald toy fund	data/processed/pro_fakeddit/images/7gj02x.jpg	1	1	True	0.627652496099472	0.2553049921989441	0.37234750390052795	0.627652496099472	0.18390434980392456	False	True	0.3586938977241516	0.6413061022758484	True	0.413308322429657	0.586691677570343
czo64h8	when the memes are too dank	data/processed/pro_fakeddit/images/czo64h8.jpg	0	1	False	0.5255959704518318	0.05119192600250244	0.4744040444493294	0.5255959704518318	0.06005559116601944	False	True	0.5040151476860046	0.49598488211631775	True	0.3855707347393036	0.614429235458374
18hj7z	rays relief pitcher peralta suffers sandwichrelated injury	data/processed/pro_fakeddit/images/18hj7z.jpg	1	1	True	0.7324763983488083	0.4649527668952942	0.2675236314535141	0.7324763983488083	0.16103622317314148	False	True	0.21534818410873413	0.7846518754959106	True	0.424049973487854	0.5759499669075012
czfg0w9	its pointing upwards alright	data/processed/pro_fakeddit/images/czfg0w9.jpg	0	1	False	0.698093444108963	0.39618687331676483	0.3019065707921982	0.698093444108963	0.06495904177427292	False	True	0.2927684485912323	0.7072315812110901	True	0.3293209373950958	0.6706790328025818
drhov0g	a dog or two spirits looking at each other	data/processed/pro_fakeddit/images/drhov0g.jpg	0	0	True	0.5241579338908195	0.048315852880477905	0.5241579338908195	0.47584208101034164	0.07514026761054993	False	True	0.5428228378295898	0.45717719197273254	True	0.46816322207450867	0.531836748123169
4sq1a7	indiana animal shelter enlists help of pokemon go players to walk dogs	data/processed/pro_fakeddit/images/4sq1a7.jpg	1	1	True	0.6316056698560715	0.26321130245923996	0.3683943673968315	0.6316056698560715	0.1631883829832077	False	True	0.34381622076034546	0.6561838388442993	True	0.4421288073062897	0.5578711628913879
c9i5qg	moms bluetooth mouse died for the first time found these relics sitting in there	data/processed/pro_fakeddit/images/c9i5qg.jpg	1	1	True	0.6570748537778854	0.31414973735809326	0.3429251164197922	0.6570748537778854	0.1683480143547058	False	True	0.3243534564971924	0.6756464838981628	True	0.39864009618759155	0.6013599634170532
cvphmw	this package of lifesavers	data/processed/pro_fakeddit/images/cvphmw.jpg	1	1	True	0.5462371110916138	0.09247423708438873	0.45376287400722504	0.5462371110916138	0.171380877494812	False	True	0.4831773340702057	0.5168226361274719	True	0.3655194938182831	0.6344805359840393
bha7io	i had to move the mats in the school gym today for a meeting you can see what the floor is supposed to look like underneath	data/processed/pro_fakeddit/images/bha7io.jpg	1	1	True	0.6439912915229797	0.28798261284828186	0.3560086786746979	0.6439912915229797	0.13424494862556458	False	True	0.3351092040538788	0.6648907661437988	True	0.41870710253715515	0.5812928676605225
azzffe	mums make porn theyd be happy for their kids to watch	data/processed/pro_fakeddit/images/azzffe.jpg	1	1	True	0.7540191262960434	0.5080382190644741	0.2459809072315693	0.7540191262960434	0.07317099720239639	False	True	0.18672220408916473	0.8132778406143188	True	0.42375701665878296	0.576242983341217
ban4u6	this cloud cut in two with a straight line	data/processed/pro_fakeddit/images/ban4u6.jpg	1	1	True	0.7430446594953537	0.4860892780125141	0.2569553814828396	0.7430446594953537	0.1554846465587616	False	True	0.19746063649654388	0.8025394082069397	True	0.4354396164417267	0.5645604133605957
4rap24	more us babies with zikarelated birth defects reported by health agency	data/processed/pro_fakeddit/images/4rap24.jpg	1	1	True	0.7278289943933487	0.4556580148637295	0.2721709795296192	0.7278289943933487	0.07147317379713058	False	True	0.21259306371212006	0.7874069213867188	True	0.4509047269821167	0.5490952134132385
70ctu9	despite court order dhs release names of just maralago guests	data/processed/pro_fakeddit/images/70ctu9.jpg	1	1	True	0.5621808469295502	0.12436173111200333	0.43781911581754684	0.5621808469295502	0.1270400583744049	False	True	0.4250289797782898	0.5749709606170654	True	0.476189523935318	0.5238105058670044
cljxk3	saw this cloud casting a big shadow on the ground	data/processed/pro_fakeddit/images/cljxk3.jpg	1	1	True	0.7464614361524582	0.49292290583252907	0.2535385303199291	0.7464614361524582	0.12707927823066711	False	True	0.20108021795749664	0.7989197373390198	True	0.41091346740722656	0.5890865325927734
8llfkz	little white ridinghood	data/processed/pro_fakeddit/images/8llfkz.jpg	0	1	False	0.7614719271659851	0.5229438208043575	0.23852810636162758	0.7614719271659851	0.06755414605140686	False	True	0.19805584847927094	0.8019441962242126	True	0.3599448800086975	0.6400551199913025
8kl3jh	royal wedding watch prince harry and meghan markle just drove away from windsor castle with a dozen festive commoners tied to the back of their car	data/processed/pro_fakeddit/images/8kl3jh.jpg	0	1	False	0.6485665291547775	0.29713303595781326	0.35143349319696426	0.6485665291547775	0.11266361176967621	False	True	0.31903353333473206	0.6809664964675903	True	0.4486333727836609	0.5513666272163391
1ee6zy	moscow an olympic record after a revolution betrayed poster from the paris anarchist federation anticommunist human rights	data/processed/pro_fakeddit/images/1ee6zy.jpg	0	1	False	0.5744592547416687	0.14891847223043442	0.4255407825112343	0.5744592547416687	0.27657178044319153	False	True	0.38309887051582336	0.616901159286499	True	0.552866518497467	0.44713354110717773
9avs93	a squirrel holding out its arms	data/processed/pro_fakeddit/images/9avs93.jpg	1	1	True	0.6066113710403442	0.21322271972894669	0.39338865131139755	0.6066113710403442	0.2019573152065277	False	True	0.35811713337898254	0.6418828964233398	True	0.4992032051086426	0.5007967948913574
5653s3	the pool has sweet dreams	data/processed/pro_fakeddit/images/5653s3.jpg	0	1	False	0.7076787799596786	0.4153575673699379	0.29232121258974075	0.7076787799596786	0.13602280616760254	False	True	0.2785326838493347	0.7214673161506653	True	0.33368679881095886	0.6663131713867188
385u2d	antman in a hole on the ground	data/processed/pro_fakeddit/images/385u2d.jpg	1	1	True	0.7218597382307053	0.4437194839119911	0.27814025431871414	0.7218597382307053	0.20053452253341675	False	True	0.21618908643722534	0.7838109135627747	True	0.46399375796318054	0.5360062122344971
22frw2	this toilet has seen so much shit it has a yard stare	data/processed/pro_fakeddit/images/22frw2.jpg	0	1	False	0.6554105132818222	0.3108210489153862	0.344589464366436	0.6554105132818222	0.05529611557722092	False	True	0.3200359046459198	0.6799640655517578	True	0.4182501435279846	0.5817498564720154
bhu09k	a yearold man shared an emotional reaction to putting on a bandage in his skin tone for the first time	data/processed/pro_fakeddit/images/bhu09k.jpg	1	1	True	0.6103715300559998	0.22074303030967712	0.38962849974632263	0.6103715300559998	0.15346075594425201	False	True	0.3802904784679413	0.6197095513343811	True	0.4176425635814667	0.5823574662208557
6qyu2p	this rat getting prepped for surgery	data/processed/pro_fakeddit/images/6qyu2p.jpg	1	1	True	0.7905182987451553	0.5810366682708263	0.209481630474329	0.7905182987451553	0.15416303277015686	False	True	0.15094368159770966	0.8490562438964844	True	0.385095477104187	0.6149044632911682
884fbe	local man glad hes not a local woman	data/processed/pro_fakeddit/images/884fbe.jpg	0	1	False	0.7222124338150024	0.4444248452782631	0.27778758853673935	0.7222124338150024	0.07402997463941574	False	True	0.2549969255924225	0.7450031042098999	True	0.34615957736968994	0.6538404226303101
bkopzz	one of the lobsters at my local grocery store is blue	data/processed/pro_fakeddit/images/bkopzz.jpg	1	1	True	0.5670616626739502	0.1341233104467392	0.432938352227211	0.5670616626739502	0.21488140523433685	False	True	0.42434605956077576	0.5756539702415466	True	0.4587152302265167	0.5412847399711609
avj4mc	martin scorsese visits the set of return of the jedi	data/processed/pro_fakeddit/images/avj4mc.jpg	0	0	True	0.5091353356838226	0.018270671367645264	0.5091353356838226	0.49086466431617737	0.06563028693199158	False	True	0.5268339514732361	0.4731660485267639	True	0.4560394883155823	0.5439605116844177
2c6omy	i was at a wedding and my uncle snapped this picture if me letting go of a paper lantern	data/processed/pro_fakeddit/images/2c6omy.jpg	1	1	True	0.8489662557840347	0.6979324854910374	0.15103377029299736	0.8489662557840347	0.1728249490261078	False	True	0.08637042343616486	0.9136295914649963	True	0.3450238108634949	0.6549762487411499
7cn65z	woman caught a baby shark	data/processed/pro_fakeddit/images/7cn65z.jpg	1	1	True	0.713898628950119	0.42779723182320595	0.28610139712691307	0.713898628950119	0.17546269297599792	False	True	0.21917687356472015	0.7808231711387634	True	0.4868749678134918	0.5131250023841858
29c1xm	about to cough up a hairball	data/processed/pro_fakeddit/images/29c1xm.jpg	1	1	True	0.7082496583461761	0.4164993390440941	0.29175031930208206	0.7082496583461761	0.10658806562423706	False	True	0.2612585723400116	0.738741397857666	True	0.38322556018829346	0.6167744398117065
ewr14oo	hang on friend ill save you	data/processed/pro_fakeddit/images/ewr14oo.jpg	0	1	False	0.6265998780727386	0.2531997784972191	0.37340009957551956	0.6265998780727386	0.1037059873342514	False	True	0.3838280141353607	0.6161719560623169	True	0.3421163558959961	0.6578836441040039
2lw5z4	this bull is being sent to the slaughterhouse because hes gay	data/processed/pro_fakeddit/images/2lw5z4.jpg	1	1	True	0.5398336797952652	0.07966738939285278	0.4601662904024124	0.5398336797952652	-0.016674518585205078	False	True	0.4835507571697235	0.5164492130279541	True	0.3900128901004791	0.6099870800971985
3amock	fossil fuel memes oil spills are a beach	data/processed/pro_fakeddit/images/3amock.jpg	0	1	False	0.5924445539712906	0.18488910794258118	0.4075554460287094	0.5924445539712906	0.14151722192764282	False	True	0.39533454179763794	0.6046654582023621	True	0.44421815872192383	0.5557818412780762
bdhhf4	this ice melting on my back step	data/processed/pro_fakeddit/images/bdhhf4.jpg	1	1	True	0.6830291897058487	0.3660583645105362	0.3169708251953125	0.6830291897058487	0.1630590856075287	False	True	0.29994478821754456	0.7000552415847778	True	0.36804893612861633	0.6319510340690613
c0zf4u	the expiration date is only in s and s	data/processed/pro_fakeddit/images/c0zf4u.jpg	1	0	False	0.5542210265994072	0.10844200104475021	0.5542210265994072	0.445779025554657	0.14942912757396698	False	True	0.602357029914856	0.3976430296897888	True	0.4098130166530609	0.5901870131492615
