id	text	image_path	y_true	y_pred	correct	confidence	margin	score_0	score_1	score_2	score_3	score_4	score_5	_text_was_empty	_image_encoded	score_image_0	score_image_1	score_image_2	score_image_3	score_image_4	score_image_5	_text_encoded	score_text_0	score_text_1	score_text_2	score_text_3	score_text_4	score_text_5
cv9kwi	my fathers first trip to school	data/processed/pro_fakeddit/images/cv9kwi.jpg	2	0	False	0.6821972131729126	0.5343824103474617	0.6821972131729126	0.030215758830308914	0.1478148028254509	0.028565737418830395	0.00901937270828057	0.10218708519823849	False	True	0.48633676767349243	0.056015495210886	0.19842085242271423	0.039615459740161896	0.01774251088500023	0.20186887681484222	True	0.8780576586723328	0.004416022449731827	0.09720875322818756	0.017516015097498894	0.00029623453156091273	0.00250529358163476
46j162	snake head found in farmington womans can of green beans	data/processed/pro_fakeddit/images/46j162.jpg	0	0	True	0.6874009072780609	0.5455939844250679	0.6874009072780609	0.013449682155624032	0.141806922852993	0.08126343158073723	0.04725846601650119	0.02882050210610032	False	True	0.722479522228241	0.004867606330662966	0.16533172130584717	0.005510168615728617	0.0925128385424614	0.009298068471252918	True	0.6523222923278809	0.0220317579805851	0.11828212440013885	0.15701669454574585	0.0020040934905409813	0.04834293574094772
bjkefw	do not vaccinate antivaccination cartoon from united states	data/processed/pro_fakeddit/images/bjkefw.jpg	5	1	False	0.9179348945617676	0.8644497906789184	0.008936318510677665	0.9179348945617676	0.011043847305700183	0.006015842081978917	0.0025840122616500594	0.053485103882849216	False	True	0.016431469470262527	0.862149178981781	0.021663185209035873	0.003070319537073374	0.005144819617271423	0.09154107421636581	True	0.0014411675510928035	0.9737206101417542	0.0004245094023644924	0.00896136462688446	2.3204906028695405e-05	0.015429133549332619
c6edq0q	subtle but never fails to amuse me	data/processed/pro_fakeddit/images/c6edq0q.jpg	4	0	False	0.43974801152944565	0.09700723737478256	0.43974801152944565	0.07131747237872332	0.3427407741546631	0.06771613820455968	0.016880543650586333	0.061597040155902505	False	True	0.16634945571422577	0.1387520432472229	0.4112659990787506	0.13042457401752472	0.033731188625097275	0.11947675794363022	True	0.7131465673446655	0.0038829015102237463	0.27421554923057556	0.005007702391594648	2.989867607539054e-05	0.0037173223681747913
7yas5i	this stapler that looks excited to staple	data/processed/pro_fakeddit/images/7yas5i.jpg	2	2	True	0.5018781423568726	0.28583163768053055	0.216046504676342	0.15857113990932703	0.5018781423568726	0.07930195145308971	0.03305494366213679	0.011147298850119114	False	True	0.24592743813991547	0.011758090928196907	0.6415819525718689	0.03221825882792473	0.056825537234544754	0.011688705533742905	True	0.18616557121276855	0.30538418889045715	0.3621743321418762	0.1263856440782547	0.009284350089728832	0.010605892166495323
56dvty	caught this guy staring at me in my wood shop	data/processed/pro_fakeddit/images/56dvty.jpg	2	2	True	0.7717095911502838	0.5996559858322144	0.17205360531806946	0.011308565954095684	0.7717095911502838	0.01818829122930765	0.013232513563707471	0.013507456984370947	False	True	0.12544842064380646	0.00043901472236029804	0.8128759264945984	0.025090256705880165	0.021524908021092415	0.014621485024690628	True	0.21865878999233246	0.02217811718583107	0.7305432558059692	0.011286325752735138	0.004940119106322527	0.012393428944051266
3mbnug	man steals lottery ticket dispenser is arrested trying to cash in at same store	data/processed/pro_fakeddit/images/3mbnug.jpg	0	1	False	0.5695041343569756	0.3340857932344079	0.23541834112256765	0.5695041343569756	0.0528416708111763	0.11974517442286015	0.001088328252080828	0.02140236902050674	False	True	0.004725022241473198	0.9738513231277466	0.009845905005931854	0.0058217234909534454	0.000785122043453157	0.004970957990735769	True	0.4661116600036621	0.16515694558620453	0.09583743661642075	0.23366862535476685	0.001391534460708499	0.03783378005027771
cur2q86	gaahhhh please stop yelling at me	data/processed/pro_fakeddit/images/cur2q86.jpg	4	0	False	0.4332219362258911	0.1072104275226593	0.4332219362258911	0.023928084410727024	0.3260115087032318	0.0134691521525383	0.19456888827335206	0.008800412993878126	False	True	0.307745099067688	0.01782647706568241	0.2790876626968384	0.004689961671829224	0.38911569118499756	0.0015350589528679848	True	0.5586987733840942	0.030029691755771637	0.37293535470962524	0.022248342633247375	2.2085361706558615e-05	0.016065767034888268
4lpidn	large fish jumping for a bait fish held by a girl	data/processed/pro_fakeddit/images/4lpidn.jpg	0	4	False	0.4193783216178417	0.11434073187410831	0.3050375897437334	0.1107880542986095	0.14669949980452657	0.002504141186363995	0.4193783216178417	0.015592426643706858	False	True	0.6023562550544739	0.01080405618995428	0.28506556153297424	0.001969536067917943	0.09589876979589462	0.0039058674592524767	True	0.007718924432992935	0.2107720524072647	0.008333438076078892	0.003038746304810047	0.7428578734397888	0.02727898582816124
77cavp	protesters arrested at nuns chapel in pipeline construction zone	data/processed/pro_fakeddit/images/77cavp.jpg	0	0	True	0.48001278936862946	0.28428531251847744	0.48001278936862946	0.10661748051643372	0.1704724282026291	0.19572747685015202	0.0016044024232542142	0.045565471053123474	False	True	0.5215498208999634	0.10404806584119797	0.2849850058555603	0.04179688170552254	0.00291425921022892	0.04470602050423622	True	0.43847575783729553	0.10918689519166946	0.055959850549697876	0.3496580719947815	0.00029454563627950847	0.04642492160201073
6muyes	family comforted by thought that mans death will prevent others from climbing war memorial to pretend to fuck horse	data/processed/pro_fakeddit/images/6muyes.jpg	1	0	False	0.42980143055319786	0.18695801869034767	0.42980143055319786	0.04237674456089735	0.2428434118628502	0.04662373661994934	0.23272340605035424	0.0056312603410333395	False	True	0.10554175823926926	0.017392871901392937	0.3826468586921692	0.027226507663726807	0.4643394649028778	0.0028526154346764088	True	0.7540611028671265	0.06736061722040176	0.10303996503353119	0.06602096557617188	0.001107347197830677	0.00840990524739027
14s6ft	norwegian pilot draws penis with flightpath over sweden	data/processed/pro_fakeddit/images/14s6ft.jpg	0	0	True	0.2782367691397667	0.03821174055337906	0.2782367691397667	0.18515116022899747	0.24002502858638763	0.09456843882799149	0.0053463042713701725	0.19667226821184158	False	True	0.42337703704833984	0.005687654949724674	0.28003960847854614	0.11712440103292465	0.004752711858600378	0.16901852190494537	True	0.13309650123119354	0.36461466550827026	0.20001044869422913	0.07201247662305832	0.005939896684139967	0.2243260145187378
19izgm	moms strip to finance school bus for children	data/processed/pro_fakeddit/images/19izgm.jpg	0	2	False	0.2948792204260826	0.04679632559418678	0.24808289483189583	0.05964465858414769	0.2948792204260826	0.1876715049147606	0.15041840801131912	0.059303298592567444	False	True	0.09344980865716934	0.011157476343214512	0.4214184284210205	0.09379838407039642	0.3001537024974823	0.0800221636891365	True	0.4027159810066223	0.10813184082508087	0.16834001243114471	0.28154462575912476	0.0006831135251559317	0.03858443349599838
8r1lce	little girl with an evil grin	data/processed/pro_fakeddit/images/8r1lce.jpg	0	2	False	0.34991806745529175	0.07900653779506683	0.2709115296602249	0.13776371750282124	0.34991806745529175	0.01985350507311523	0.21374784223735332	0.0078053700271993876	False	True	0.1827819049358368	0.001102882088162005	0.39450517296791077	0.0045246160589158535	0.4100726246833801	0.007012769114226103	True	0.35904115438461304	0.27442455291748047	0.30533096194267273	0.035182394087314606	0.017423059791326523	0.008597970940172672
bdt9wz	us legalizes samesex marriage th	data/processed/pro_fakeddit/images/bdt9wz.jpg	2	0	False	0.35834356397390366	0.12530935555696487	0.35834356397390366	0.17076737061142921	0.23303420841693878	0.13157436018809676	0.01654792691988405	0.08973257360048592	False	True	0.5104195475578308	0.05027998238801956	0.3962536156177521	0.0044134510681033134	0.032835088670253754	0.0057982527650892735	True	0.2062675803899765	0.29125475883483887	0.06981480121612549	0.2587352693080902	0.00026076516951434314	0.17366689443588257
32e5s9	unenthused tree couldnt care less	data/processed/pro_fakeddit/images/32e5s9.jpg	2	0	False	0.621006652712822	0.34745100885629654	0.621006652712822	0.0029512409528251737	0.2735556438565254	0.010848837904632092	0.08511170139536262	0.006525972974486649	False	True	0.42510947585105896	0.0008269252139143646	0.3875526785850525	0.01428908295929432	0.169163316488266	0.003058606991544366	True	0.816903829574585	0.005075556691735983	0.15955860912799835	0.007408592849969864	0.00106008630245924	0.009993338957428932
bc20dw	this traffic sign said to drive like mom is watching	data/processed/pro_fakeddit/images/bc20dw.jpg	0	0	True	0.5848009884357452	0.25332750380039215	0.5848009884357452	0.05028050974942744	0.3314734846353531	0.014591103419661522	0.004363678104709834	0.014490156900137663	False	True	0.6889879703521729	0.0039491173811256886	0.2648898661136627	0.013840955682098866	0.008041308261454105	0.020290730521082878	True	0.4806140065193176	0.09661190211772919	0.39805710315704346	0.015341251157224178	0.0006860479479655623	0.008689583279192448
27v8sl	man continues road trip with girlfriends body after she dies	data/processed/pro_fakeddit/images/27v8sl.jpg	0	0	True	0.5798040181398392	0.32618048787117004	0.5798040181398392	0.09073817607713863	0.25362353026866913	0.05805928539484739	0.0003490658418741077	0.017425899859517813	False	True	0.25702038407325745	0.1806880235671997	0.42266327142715454	0.10631809383630753	0.0004109773726668209	0.03289923816919327	True	0.9025876522064209	0.000788328587077558	0.08458378911018372	0.00980047695338726	0.00028715431108139455	0.0019525615498423576
73wq77	the atomic bomb little boy just above the town of hiroshima	data/processed/pro_fakeddit/images/73wq77.jpg	2	0	False	0.45781801640987396	0.22126389667391777	0.45781801640987396	0.05026706517674029	0.21638771891593933	0.02058589190710336	0.2365541197359562	0.018387174524832517	False	True	0.26020702719688416	0.002570700366050005	0.27787578105926514	0.0033712296281009912	0.4547695815563202	0.0012057205894961953	True	0.6554290056228638	0.09796342998743057	0.15489965677261353	0.03780055418610573	0.018338657915592194	0.03556862846016884
bbkbuq	jussie smolette is attacked by white supremacists of african descent	data/processed/pro_fakeddit/images/bbkbuq.jpg	2	1	False	0.35567452758550644	0.10234427452087402	0.2533302530646324	0.35567452758550644	0.24655748857185245	0.08141633868217468	0.036191935068927705	0.02682954433839768	False	True	0.34482449293136597	0.06562964618206024	0.4794161915779114	0.034548789262771606	0.07187914103269577	0.0037017909344285727	True	0.16183601319789886	0.6457194089889526	0.013698785565793514	0.12828388810157776	0.0005047291051596403	0.04995729774236679
2o4ui9	military mom surprises son before the holidays	data/processed/pro_fakeddit/images/2o4ui9.jpg	0	0	True	0.7806446552276611	0.6129836086183786	0.7806446552276611	0.016763037187047303	0.1676610466092825	0.020145267248153687	0.003916192232281901	0.010869778925552964	False	True	0.659069299697876	0.0024204517249017954	0.2893853187561035	0.026232857257127762	0.007359948009252548	0.015532170422375202	True	0.9022200107574463	0.03110562264919281	0.04593677446246147	0.014057677239179611	0.00047243645531125367	0.006207387428730726
d6gf0j	water leaking under paint on the brink of bursting	data/processed/pro_fakeddit/images/d6gf0j.jpg	0	0	True	0.49943608045578003	0.17925798892974854	0.49943608045578003	0.016046147560700774	0.3201780915260315	0.03740548249334097	0.020762501750141382	0.1061716703698039	False	True	0.7525811195373535	0.002999087329953909	0.18095704913139343	0.01042126677930355	0.03887806832790375	0.014163395389914513	True	0.24629104137420654	0.02909320779144764	0.45939913392066956	0.06438969820737839	0.002646935172379017	0.1981799453496933
7v0lpf	zigg with his alien face marking	data/processed/pro_fakeddit/images/7v0lpf.jpg	2	0	False	0.3913596644997597	0.057749904692173004	0.3913596644997597	0.03171064134221524	0.33360975980758667	0.09760513040237129	0.1273566447198391	0.018358182162046432	False	True	0.6338904500007629	0.0028381606098264456	0.26620081067085266	0.004911867436021566	0.07978297024965286	0.01237582042813301	True	0.1488288789987564	0.060583122074604034	0.4010187089443207	0.190298393368721	0.17493031919002533	0.024340543895959854
37kshv	according to science youve probably been pooping wrong your whole life	data/processed/pro_fakeddit/images/37kshv.jpg	0	0	True	0.41586506366729736	0.026087641716003418	0.41586506366729736	0.38977742195129395	0.08113059774041176	0.03838623967021704	0.0011327919055474922	0.07370786368846893	False	True	0.1351873278617859	0.6145651936531067	0.07778094708919525	0.06063314154744148	0.0019679039251059294	0.10986544191837311	True	0.6965427994728088	0.1649896502494812	0.08448024839162827	0.016139337792992592	0.00029767988598905504	0.03755028545856476
5kdy6v	heres how much the death star would have cost	data/processed/pro_fakeddit/images/5kdy6v.jpg	5	1	False	0.3338923119008541	0.011865762993693352	0.32202654890716076	0.3338923119008541	0.07207252830266953	0.12233608774840832	0.0008462674741167575	0.14882627129554749	False	True	0.015720363706350327	0.5934385061264038	0.054731592535972595	0.19192150235176086	0.0005667451187036932	0.1436212956905365	True	0.6283327341079712	0.07434611767530441	0.08941346406936646	0.05275067314505577	0.0011257898295298219	0.15403124690055847
ar4tfb	elon musk standing next to man with pontytail	data/processed/pro_fakeddit/images/ar4tfb.jpg	2	1	False	0.3890235610306263	0.09326033852994442	0.19906666036695242	0.3890235610306263	0.2957632225006819	0.016973926918581128	0.02969933277927339	0.06947332993149757	False	True	0.37348708510398865	0.03228507190942764	0.5539503693580627	0.005199471954256296	0.0027570980601012707	0.03232093155384064	True	0.02464623562991619	0.745762050151825	0.03757607564330101	0.02874838188290596	0.05664156749844551	0.10662572830915451
bru6jm	i got gumballs in this package	data/processed/pro_fakeddit/images/bru6jm.jpg	0	0	True	0.6796961724758148	0.3880493491888046	0.6796961724758148	0.003800347723881714	0.2916468232870102	0.006549683981575072	0.007312206827918999	0.010994801414199173	False	True	0.6143890023231506	0.00033639659523032606	0.3650730848312378	0.002386912005022168	0.014178942888975143	0.0036356656346470118	True	0.745003342628479	0.007264298852533102	0.2182205617427826	0.010712455958127975	0.00044547076686285436	0.018353937193751335
c8rx6y	this poor lizard that died and dried out whilst trapped in my suitcase	data/processed/pro_fakeddit/images/c8rx6y.jpg	0	0	True	0.6972677707672119	0.45443643629550934	0.6972677707672119	0.011977136950008571	0.24283133447170258	0.012046493706293404	0.026822729385457933	0.00905455311294645	False	True	0.6031074523925781	0.0008240675088018179	0.3373463749885559	0.0033034479711204767	0.052075937390327454	0.003342687850818038	True	0.7914280891418457	0.023130206391215324	0.14831629395484924	0.02078953944146633	0.0015695213805884123	0.014766418375074863
c228o3	my pencil bent from the heat	data/processed/pro_fakeddit/images/c228o3.jpg	0	0	True	0.4400085508823395	0.007326990365982056	0.4400085508823395	0.008249218109995127	0.4326815605163574	0.04719093791209161	0.009245921391993761	0.06262378767132759	False	True	0.6470202803611755	0.003044501878321171	0.31234997510910034	0.005676634144037962	0.016064565628767014	0.01584402471780777	True	0.23299682140350342	0.013453934341669083	0.5530131459236145	0.08870524168014526	0.0024272771552205086	0.10940355062484741
3gi68h	us stocks moved sharply higher and kept testing new intraday highs monday buoyed by remarks from one federal reserve official	data/processed/pro_fakeddit/images/3gi68h.jpg	0	5	False	0.25350579619407654	0.034616049379110336	0.188242569565773	0.2188897468149662	0.12524033151566982	0.21181631088256836	0.0023052065080264583	0.25350579619407654	False	True	0.24615396559238434	0.11725515872240067	0.21635310351848602	0.2772470712661743	0.004174843430519104	0.13881582021713257	True	0.13033117353916168	0.32052433490753174	0.03412755951285362	0.1463855504989624	0.00043556958553381264	0.3681957721710205
cllzd4	visited the last blockbuster in the world today	data/processed/pro_fakeddit/images/cllzd4.jpg	0	0	True	0.6625496745109558	0.5329761728644371	0.6625496745109558	0.04944051429629326	0.1295735016465187	0.0893898718059063	0.03456225246191025	0.03448415547609329	False	True	0.49380218982696533	0.03789036348462105	0.20453161001205444	0.16155605018138885	0.06691674143075943	0.0353030227124691	True	0.8312971591949463	0.06099066510796547	0.05461539328098297	0.017223693430423737	0.0022077634930610657	0.033665288239717484
8h6xzj	the of civilization in bosnia ottoman caricature about austrian annexation of bosniaherzegovina	data/processed/pro_fakeddit/images/8h6xzj.jpg	5	1	False	0.6336581110954285	0.45477970769570675	0.08056788425892591	0.6336581110954285	0.17887840339972172	0.05794380232691765	0.0117300537895062	0.03722169355023652	False	True	0.1575755476951599	0.27466756105422974	0.35746482014656067	0.11382801830768585	0.02331385761499405	0.07315012812614441	True	0.0035602208226919174	0.9926486611366272	0.0002919866528827697	0.0020595863461494446	0.00014624996401835233	0.0012932589743286371
cab8b3	this picture of tana mongooses mugshot	data/processed/pro_fakeddit/images/cab8b3.jpg	0	2	False	0.5594021677970886	0.30390001088380814	0.2555021569132805	0.013686774531379342	0.5594021677970886	0.07693755347281694	0.09004988535889424	0.004421465913765132	False	True	0.19812853634357452	0.021314214915037155	0.5692711472511292	0.029653185978531837	0.1791520118713379	0.0024809229653328657	True	0.31287577748298645	0.006059334147721529	0.5495331883430481	0.12422192096710205	0.000947758846450597	0.006362008862197399
bc3zca	irans introduction of new and repressive sex laws following the islamic revolution	data/processed/pro_fakeddit/images/bc3zca.jpg	2	1	False	0.3212009407579899	0.07652330584824085	0.16348911821842194	0.3212009407579899	0.24467763490974903	0.05871697515249252	0.0005303793368511833	0.21138495206832886	False	True	0.14644403755664825	0.07182580977678299	0.46429699659347534	0.038431912660598755	0.0010039067128673196	0.27799737453460693	True	0.18053419888019562	0.5705760717391968	0.02505827322602272	0.07900203764438629	5.6851960835047066e-05	0.14477252960205078
bib66v	the underside of this snail on my kitchen window	data/processed/pro_fakeddit/images/bib66v.jpg	0	5	False	0.35890208452474326	0.006722512538544834	0.3521795719861984	0.04228498191514518	0.18731219321489334	0.01364946406101808	0.04567168094217777	0.35890208452474326	False	True	0.616116464138031	0.00031824709731154144	0.29797565937042236	0.0015424665762111545	0.08169984817504883	0.0023472660686820745	True	0.08824267983436584	0.08425171673297882	0.07664872705936432	0.025756461545825005	0.009643513709306717	0.7154569029808044
cg9s187	shot heard round the world	data/processed/pro_fakeddit/images/cg9s187.jpg	4	0	False	0.521774098277092	0.28177121095359325	0.521774098277092	0.24000288732349873	0.10332806408405304	0.03369507472962141	0.08998780527326744	0.01121208700351417	False	True	0.28055325150489807	0.44024431705474854	0.08675523847341537	0.010454041883349419	0.17949089407920837	0.0025022695772349834	True	0.7629949450492859	0.03976145759224892	0.1199008896946907	0.0569361075758934	0.00048471646732650697	0.019921904429793358
9dy5gr	nixon and brezhnev sign the prevention of nuclear war agreement	data/processed/pro_fakeddit/images/9dy5gr.jpg	2	1	False	0.6099079251289368	0.4338467940688133	0.06616757065057755	0.6099079251289368	0.015764500480145216	0.11412425339221954	0.017974635637074243	0.17606113106012344	False	True	0.05162447690963745	0.650546133518219	0.02591545134782791	0.06667953729629517	0.03578774631023407	0.169446662068367	True	0.08071066439151764	0.5692697167396545	0.005613549612462521	0.16156896948814392	0.00016152496391441673	0.18267560005187988
7y6d4g	frustrated freight drivers queue in calais after the united kingdom leaves the eu customs union	data/processed/pro_fakeddit/images/7y6d4g.jpg	2	1	False	0.47434497252106667	0.0907499214517884	0.38359505106927827	0.47434497252106667	0.04095441121899057	0.01643665716983378	0.056395035368041135	0.028273804811760783	False	True	0.7666954398155212	0.009590394794940948	0.08157216757535934	0.02528352104127407	0.11276751011610031	0.004090914037078619	True	0.0004946623230352998	0.9390995502471924	0.0003366548626217991	0.007589793298393488	2.2560619981959462e-05	0.05245669558644295
4pb5eq	swedish footballer sent off for farting during match	data/processed/pro_fakeddit/images/4pb5eq.jpg	0	0	True	0.41448917984962463	0.20436392165720463	0.41448917984962463	0.21012525819242	0.12126301601529121	0.1312442049384117	0.0028579646022990346	0.12002036720514297	False	True	0.5103683471679688	0.015320640057325363	0.1487502008676529	0.12309077382087708	0.004886749666184187	0.19758325815200806	True	0.3186100125312805	0.40492987632751465	0.09377583116292953	0.13939763605594635	0.0008291795384138823	0.04245747625827789
ch0kd7	millenial mystics the world burns request	data/processed/pro_fakeddit/images/ch0kd7.jpg	1	0	False	0.6527772545814514	0.5348665826022625	0.6527772545814514	0.09913923870772123	0.11791067197918892	0.03853680519387126	0.037579953350359574	0.05405602790415287	False	True	0.5449077486991882	0.17032818496227264	0.1665935516357422	0.005604683421552181	0.07461203634738922	0.03795377537608147	True	0.7606467604637146	0.027950292453169823	0.06922779232263565	0.07146892696619034	0.0005478703533299267	0.07015828043222427
ccfau9p	the true avatar the last bearbender	data/processed/pro_fakeddit/images/ccfau9p.jpg	4	4	True	0.4779658192419447	0.04788785666460171	0.430077962577343	0.018339322472456843	0.06037094397470355	0.00986716416082345	0.4779658192419447	0.003378790832357481	False	True	0.029575452208518982	0.0010862901108339429	0.015073700807988644	0.00010713347001001239	0.9540333151817322	0.00012409413466230035	True	0.830580472946167	0.03559235483407974	0.10566818714141846	0.019627194851636887	0.0018983233021572232	0.006633487530052662
3zgfqy	guy rolling under barb wire	data/processed/pro_fakeddit/images/3zgfqy.jpg	0	0	True	0.5252062603831291	0.2738559618592262	0.5252062603831291	0.16390695190057158	0.2513502985239029	0.02586635178886354	0.00993423629552126	0.023735877010039985	False	True	0.8136557936668396	0.0059749288484454155	0.1605592668056488	0.0058792452327907085	0.01189626194536686	0.00203444785438478	True	0.23675672709941864	0.32183897495269775	0.342141330242157	0.04585345834493637	0.00797221064567566	0.04543730616569519
cjrhs4	this rest area restroom has a smaller toilet inside the handicap stall	data/processed/pro_fakeddit/images/cjrhs4.jpg	0	1	False	0.2696988210082054	0.016295377165079117	0.2534034438431263	0.2696988210082054	0.16908563673496246	0.04343732073903084	0.0744077698327601	0.18996703065931797	False	True	0.4379320740699768	0.12841175496578217	0.21489115059375763	0.02910807728767395	0.14252978563308716	0.04712723568081856	True	0.06887481361627579	0.41098588705062866	0.1232801228761673	0.057766564190387726	0.006285754032433033	0.3328068256378174
9eq12n	unholy cosmos love yesterday	data/processed/pro_fakeddit/images/9eq12n.jpg	1	0	False	0.6733079552650452	0.48588430136442184	0.6733079552650452	0.041854908457025886	0.18742365390062332	0.0051480496767908335	0.08830871805548668	0.003956612665206194	False	True	0.4460156559944153	0.0775337740778923	0.29664331674575806	0.0011970759369432926	0.17553524672985077	0.003074830863624811	True	0.900600254535675	0.006176042836159468	0.07820399105548859	0.009099023416638374	0.0010821893811225891	0.004838394466787577
1h26t9	winnipeg teens get taylor swift tix from kind stranger	data/processed/pro_fakeddit/images/1h26t9.jpg	0	0	True	0.5196108222007751	0.263421893119812	0.5196108222007751	0.05446699826279655	0.25618892908096313	0.12333903415128589	0.015324991079978645	0.031069253105670214	False	True	0.5265927314758301	0.0011296906741335988	0.42673054337501526	0.009372278116643429	0.028198158368468285	0.007976573891937733	True	0.5126289129257202	0.1078043058514595	0.08564731478691101	0.23730579018592834	0.002451823791489005	0.054161932319402695
6b9aof	drugs you dont agree with alex jones	data/processed/pro_fakeddit/images/6b9aof.jpg	3	1	False	0.3444173038005829	0.021744519472122192	0.3226727843284607	0.3444173038005829	0.019843353424221277	0.06502718850970268	0.005125161394971656	0.24291419656947255	False	True	0.5550453066825867	0.3741146922111511	0.027549613267183304	0.018843241035938263	0.010183456353843212	0.014263682998716831	True	0.09030026197433472	0.31471991539001465	0.01213709358125925	0.1112111359834671	6.686643610009924e-05	0.47156471014022827
dek0p8	google took their d pictures in the middle of the demolition of this multilevel parking lot leaving just the remaning piece on the maps	data/processed/pro_fakeddit/images/dek0p8.jpg	0	2	False	0.42094627022743225	0.13901592791080475	0.2819303423166275	0.042267860437277704	0.42094627022743225	0.03478108951821923	0.17348723113536835	0.04658720642328262	False	True	0.4129681885242462	0.001356142689473927	0.28298425674438477	0.05499047785997391	0.24181438982486725	0.0058865025639534	True	0.1508924961090088	0.08317957818508148	0.5589082837104797	0.014571701176464558	0.10516007244586945	0.08728791028261185
bfrfvv	dropped a tack and it stuck in the floor	data/processed/pro_fakeddit/images/bfrfvv.jpg	0	0	True	0.6754009425640106	0.5126408115029335	0.6754009425640106	0.006814747815951705	0.16276013106107712	0.010116046061739326	0.13801600685110316	0.0068921411875635386	False	True	0.4621817469596863	0.005413117352873087	0.24864567816257477	0.0037782839499413967	0.27492138743400574	0.005059852730482817	True	0.888620138168335	0.008216378279030323	0.07687458395957947	0.016453808173537254	0.0011106262682005763	0.00872442964464426
caro65	this olive leaf that ended up in my can of black olives	data/processed/pro_fakeddit/images/caro65.jpg	0	2	False	0.4482946991920471	0.044485270977020264	0.40380942821502686	0.004293147707358003	0.4482946991920471	0.052018094807863235	0.0233964835642837	0.06818817555904388	False	True	0.3939340114593506	0.004377029836177826	0.4626973271369934	0.016893543303012848	0.045617442578077316	0.07648071646690369	True	0.4136848449707031	0.004209265578538179	0.43389207124710083	0.08714264631271362	0.0011755245504900813	0.05989563465118408
59po64	defense secretary ash carter has ordered a stop to reclaiming reenlistment bonuses	data/processed/pro_fakeddit/images/59po64.jpg	0	5	False	0.3358621150255203	0.009862489998340607	0.07248787209391594	0.15407326444983482	0.1092901760712266	0.3259996250271797	0.0022869402018841356	0.3358621150255203	False	True	0.08230336010456085	0.0306105837225914	0.1997435837984085	0.5491191148757935	0.004303673282265663	0.1339196264743805	True	0.06267238408327103	0.27753594517707825	0.018836768344044685	0.10288013517856598	0.00027020712150260806	0.5378046035766602
dinuvni	girl and guy with unusually long arms	data/processed/pro_fakeddit/images/dinuvni.jpg	4	0	False	0.36330875009298325	0.017831094563007355	0.36330875009298325	0.07700598874362186	0.3454776555299759	0.00659768027253449	0.1886928640305996	0.018917072447948158	False	True	0.543355405330658	0.0018921472365036607	0.3462807536125183	0.0025123455561697483	0.10465287417173386	0.0013064441736787558	True	0.18326209485530853	0.15211983025074005	0.34467455744743347	0.010683014988899231	0.27273285388946533	0.03652770072221756
171ja3	a traumatizing experience	data/processed/pro_fakeddit/images/171ja3.jpg	0	0	True	0.6316773593425751	0.3851202577352524	0.6316773593425751	0.038142467848956585	0.2465571016073227	0.037104660645127296	0.0011970367086178157	0.045321371871978045	False	True	0.4109712243080139	0.07168411463499069	0.3949931561946869	0.03753073513507843	0.002350198570638895	0.08247062563896179	True	0.8523834943771362	0.004600821062922478	0.0981210470199585	0.03667858615517616	4.387484659673646e-05	0.008172118104994297
6gndy1	scientists have discovered sharks that live in a volcano	data/processed/pro_fakeddit/images/6gndy1.jpg	5	0	False	0.48735445737838745	0.24782642722129822	0.48735445737838745	0.015966200968250632	0.23952803015708923	0.09354936145246029	0.07760231295833364	0.08599958755075932	False	True	0.4313587546348572	0.005759054329246283	0.36502891778945923	0.01705354079604149	0.15440326929092407	0.02639639750123024	True	0.5433501601219177	0.026173347607254982	0.11402714252471924	0.1700451821088791	0.0008013566257432103	0.1456027776002884
btlh06	these conjoined durians	data/processed/pro_fakeddit/images/btlh06.jpg	0	2	False	0.542534127831459	0.21909748017787933	0.3234366476535797	0.041624915902502835	0.542534127831459	0.0404651400167495	0.009016444790177047	0.04292270401492715	False	True	0.2619776129722595	0.003090376267209649	0.7048453688621521	0.006802255753427744	0.014327827841043472	0.008956518955528736	True	0.3848956823348999	0.08015945553779602	0.380222886800766	0.07412802428007126	0.003705061739310622	0.07688888907432556
1nds3t	tenth doctor and martha run from an explosion	data/processed/pro_fakeddit/images/1nds3t.jpg	0	4	False	0.46478020772337914	0.0013330366928130388	0.029216168448328972	0.4634471710305661	0.026346000842750072	0.002670088841114193	0.46478020772337914	0.013540317537263036	False	True	0.03972505033016205	0.004549240227788687	0.04159446805715561	0.0015943009639158845	0.9106332659721375	0.0019035828299820423	True	0.018707286566495895	0.9223451018333435	0.011097533628344536	0.003745876718312502	0.01892714947462082	0.02517705224454403
bi4jii	los angeles th the photo was taken at approximately pm	data/processed/pro_fakeddit/images/bi4jii.jpg	2	0	False	0.7191202640533447	0.566239520907402	0.7191202640533447	0.0030377669900190085	0.1528807431459427	0.010467859217897058	0.10849978943588212	0.005993575439788401	False	True	0.6720914244651794	0.005228161346167326	0.09188173711299896	0.004691094625741243	0.21680577099323273	0.009301797486841679	True	0.76614910364151	0.0008473726338706911	0.2138797491788864	0.01624462381005287	0.0001938078785315156	0.0026853533927351236
5l0itu	donauturm things which are alike x	data/processed/pro_fakeddit/images/5l0itu.jpg	1	2	False	0.3865208625793457	0.017261594533920288	0.3692592680454254	0.03707118873717263	0.3865208625793457	0.03195596637669951	0.0930996872484684	0.08209304662887007	False	True	0.3914743661880493	0.0012974474811926484	0.4250536859035492	0.0028132267761975527	0.1770564764738083	0.0023047656286507845	True	0.3470441699028015	0.07284492999315262	0.3479880392551422	0.06109870597720146	0.00914289802312851	0.16188132762908936
8egtar	fourth of listen im hearing voices	data/processed/pro_fakeddit/images/8egtar.jpg	1	0	False	0.37152495235204697	0.07324757426977158	0.37152495235204697	0.03448056196793914	0.2982773780822754	0.10055855964310467	0.17629248893354088	0.01886608451604843	False	True	0.22447745501995087	0.06476310640573502	0.33857640624046326	0.005645057652145624	0.3522309958934784	0.014306964352726936	True	0.5185724496841431	0.004198017530143261	0.2579783499240875	0.19547206163406372	0.0003539819736033678	0.023425204679369926
1i5d59	arnold schwarzenegger grimacing	data/processed/pro_fakeddit/images/1i5d59.jpg	0	2	False	0.4448177367448807	0.2227439060807228	0.2196173071861267	0.22207383066415787	0.4448177367448807	0.06906388327479362	0.0077225371496751904	0.0367047069594264	False	True	0.34991416335105896	0.1152687817811966	0.42363929748535156	0.0727979764342308	0.013613122515380383	0.02476663328707218	True	0.08932045102119446	0.32887887954711914	0.4659961760044098	0.06532979011535645	0.0018319517839699984	0.048642780631780624
62b4c9	that time huma was asked to plan hillarys funeral	data/processed/pro_fakeddit/images/62b4c9.jpg	0	0	True	0.45549048483371735	0.083187997341156	0.45549048483371735	0.042568622156977654	0.37230248749256134	0.05885222740471363	0.009813777035560634	0.060972413048148155	False	True	0.27844831347465515	0.032222434878349304	0.5862419605255127	0.030827339738607407	0.019601309671998024	0.052658673375844955	True	0.6325326561927795	0.052914809435606	0.15836301445960999	0.08687711507081985	2.6244399123243056e-05	0.06928615272045135
bgzw1l	this tree growing out of a tree stump	data/processed/pro_fakeddit/images/bgzw1l.jpg	0	0	True	0.4617201238870621	0.11414120346307755	0.4617201238870621	0.008456979820039123	0.12821650318801403	0.011967514641582966	0.3475789204239845	0.04205991351045668	False	True	0.5619176030158997	0.0010412725387141109	0.20929273962974548	0.005996128544211388	0.21808169782161713	0.0036704842932522297	True	0.3615226447582245	0.015872687101364136	0.04714026674628258	0.017938900738954544	0.47707614302635193	0.08044934272766113
bterh9	this monitor in a food court show you all the public transportation and rideshare options you have in one location	data/processed/pro_fakeddit/images/bterh9.jpg	0	0	True	0.40412265807390213	0.19372621551156044	0.40412265807390213	0.15142182586714625	0.09088228642940521	0.2103964425623417	0.023335463367402554	0.11984132044017315	False	True	0.7089981436729431	0.010056397877633572	0.1078294888138771	0.0801338329911232	0.04513244703412056	0.047849636524915695	True	0.09924717247486115	0.29278725385665894	0.07393508404493332	0.3406590521335602	0.0015384797006845474	0.1918330043554306
c4v1iyt	no one thought of this okay	data/processed/pro_fakeddit/images/c4v1iyt.jpg	4	0	False	0.4921334311366081	0.15756868248354294	0.4921334311366081	0.009187690797261894	0.15209590643644333	0.006867719581350684	0.3345647486530652	0.005150581244379282	False	True	0.1700659841299057	0.01628601737320423	0.13980096578598022	0.0028597968630492687	0.66908860206604	0.0018986565992236137	True	0.8142008781433105	0.0020893642213195562	0.16439084708690643	0.0108756422996521	4.089524009032175e-05	0.00840250588953495
3luh1z	came into work to see the real life scoobydoo	data/processed/pro_fakeddit/images/3luh1z.jpg	3	0	False	0.45999041199684143	0.2703856780426577	0.45999041199684143	0.011393660213798285	0.1574627161026001	0.18960473395418376	0.0021933972893748432	0.1793551321607083	False	True	0.08494448661804199	0.01867278851568699	0.16653193533420563	0.37766700983047485	0.0003933425177820027	0.3517904281616211	True	0.8350363373756409	0.00411453191190958	0.14839349687099457	0.001542458077892661	0.003993452060967684	0.006919836159795523
c2y4n9	you can do the can can dance easy now as un deux trois everybody ooh la la do the can can	data/processed/pro_fakeddit/images/c2y4n9.jpg	2	0	False	0.54007987678051	0.3332461677491665	0.54007987678051	0.20683370903134346	0.17977265268564224	0.020752697251737118	0.027433317562099546	0.025127758737653494	False	True	0.6921204924583435	0.04152575880289078	0.15711194276809692	0.018269287422299385	0.05302712693810463	0.03794538229703903	True	0.3880392611026764	0.37214165925979614	0.20243336260318756	0.02323610708117485	0.0018395081860944629	0.012310135178267956
coyq8c	this unusual cork on a german caprisun	data/processed/pro_fakeddit/images/coyq8c.jpg	0	2	False	0.4441416412591934	0.10929638147354126	0.33484525978565216	0.04350474989041686	0.4441416412591934	0.053626853972673416	0.053770733531564474	0.07011079229414463	False	True	0.21565109491348267	0.014311562292277813	0.5890366435050964	0.04354139417409897	0.09799261391162872	0.03946668282151222	True	0.45403942465782166	0.07269793748855591	0.2992466390132904	0.06371231377124786	0.009548853151500225	0.10075490176677704
67qwvt	the garbage is delighted to see me	data/processed/pro_fakeddit/images/67qwvt.jpg	2	0	False	0.7297563254833221	0.5380372926592827	0.7297563254833221	0.0025656591169536114	0.19171903282403946	0.04608370293863118	0.028212145742145367	0.0016630685422569513	False	True	0.7494014501571655	0.002775573870167136	0.18311601877212524	0.006364850793033838	0.056217171251773834	0.002124857623130083	True	0.7101112008094788	0.0023557443637400866	0.20032204687595367	0.08580255508422852	0.0002071202325168997	0.0012012794613838196
660swy	trump to overhaul visa program for highskilled workers	data/processed/pro_fakeddit/images/660swy.jpg	0	5	False	0.25684622675180435	0.03180898725986481	0.18193139880895615	0.11744453385472298	0.21165981888771057	0.22503723949193954	0.007080784278514329	0.25684622675180435	False	True	0.1731826215982437	0.1711968183517456	0.3140532076358795	0.07805438339710236	0.013960562646389008	0.24955235421657562	True	0.19068017601966858	0.06369224935770035	0.10926643013954163	0.37202009558677673	0.00020100591063965112	0.2641400992870331
9g27bc	this little guy and other squirrels hijacked our tour at michigan state university	data/processed/pro_fakeddit/images/9g27bc.jpg	0	2	False	0.5115707963705063	0.17924442887306213	0.33232636749744415	0.041065258847083896	0.5115707963705063	0.05333005706779659	0.024590293935034424	0.03711725736502558	False	True	0.4443066120147705	0.0011142230359837413	0.4964025318622589	0.00747182359918952	0.048388268798589706	0.0023166306782513857	True	0.2203461229801178	0.08101629465818405	0.5267390608787537	0.09918829053640366	0.0007923190714791417	0.07191788405179977
b2smax	north american water spill	data/processed/pro_fakeddit/images/b2smax.jpg	0	0	True	0.711670458316803	0.5683584250509739	0.711670458316803	0.026911433320492506	0.1433120332658291	0.0379959587007761	0.05473583529237658	0.02537432685494423	False	True	0.6300439834594727	0.008646498434245586	0.21293947100639343	0.011711794883012772	0.10714501142501831	0.029513278976082802	True	0.7932969331741333	0.045176368206739426	0.07368459552526474	0.06428012251853943	0.002326659159734845	0.021235374733805656
14akpa	dick cheneys heart to get its own memoir	data/processed/pro_fakeddit/images/14akpa.jpg	0	0	True	0.47670169174671173	0.17786607146263123	0.47670169174671173	0.042192911729216576	0.2988356202840805	0.08162827417254448	0.025204695339198224	0.07543678767979145	False	True	0.3455789387226105	0.026614941656589508	0.32564446330070496	0.1262502372264862	0.05018607899546623	0.12572529911994934	True	0.607824444770813	0.05777088180184364	0.27202677726745605	0.03700631111860275	0.0002233116829302162	0.02514827623963356
7vz4np	the koreans who cheer for other countries its just sports its okay to support other countries and other athletes says founder of strong group dedicated to cheering nonlocal teams	data/processed/pro_fakeddit/images/7vz4np.jpg	0	2	False	0.33061210066080093	0.028812237083911896	0.30179986357688904	0.18926091771572828	0.33061210066080093	0.11589150130748749	0.00952371249513817	0.05291185970418155	False	True	0.43552857637405396	0.02362344227731228	0.4527381658554077	0.06244274973869324	0.01897941529750824	0.006687553133815527	True	0.16807115077972412	0.3548983931541443	0.20848603546619415	0.16934025287628174	6.800969276810065e-05	0.09913616627454758
71o25c	fraud section fraud section	data/processed/pro_fakeddit/images/71o25c.jpg	1	3	False	0.4725607936270535	0.10304907476529479	0.3695117188617587	0.008594888029620051	0.11904356209561229	0.4725607936270535	0.012836049486395495	0.017452937550842762	False	True	0.7171351909637451	0.009656902402639389	0.2265564352273941	0.009447217918932438	0.025663381442427635	0.01154080405831337	True	0.0218882467597723	0.007532873656600714	0.011530688963830471	0.9356743693351746	8.717530363355763e-06	0.023365071043372154
blhqd2	my orange has extra small orange slices in it	data/processed/pro_fakeddit/images/blhqd2.jpg	0	2	False	0.5775475800037384	0.26444608718156815	0.31310149282217026	0.004035876831039786	0.5775475800037384	0.011842419509775937	0.015905625361483544	0.0775670325383544	False	True	0.22327210009098053	0.001959450077265501	0.7394182682037354	0.0026422610972076654	0.030275983735919	0.0024319421499967575	True	0.40293088555336	0.006112303584814072	0.41567689180374146	0.021042577922344208	0.0015352669870480895	0.15270212292671204
buj9c5	backwardsforwards i dont get it myself	data/processed/pro_fakeddit/images/buj9c5.jpg	2	2	True	0.4836547523736954	0.03864184021949768	0.4450129121541977	0.012910306686535478	0.4836547523736954	0.011604069964960217	0.03900567347227479	0.007812290685251355	False	True	0.3627184331417084	0.005846638698130846	0.5309826731681824	0.015695450827479362	0.07792389392852783	0.006832910235971212	True	0.527307391166687	0.01997397467494011	0.4363268315792084	0.0075126891024410725	8.745301602175459e-05	0.008791671134531498
297ilh	for birthday yearold boy saves dogs from kill shelters	data/processed/pro_fakeddit/images/297ilh.jpg	0	0	True	0.49852560460567474	0.18591941893100739	0.49852560460567474	0.07180234789848328	0.31260618567466736	0.06622586771845818	0.0056380502646788955	0.04520193487405777	False	True	0.2984456717967987	0.10226688534021378	0.46241146326065063	0.05934765934944153	0.009804992936551571	0.06772339344024658	True	0.6986055374145508	0.04133781045675278	0.16280090808868408	0.07310407608747482	0.00147110759280622	0.022680476307868958
78owsb	the president of israel dabbing	data/processed/pro_fakeddit/images/78owsb.jpg	0	1	False	0.4158744402229786	0.11571728810667992	0.3001571521162987	0.4158744402229786	0.17367510497570038	0.013095978181809187	0.06578005512710661	0.031417288817465305	False	True	0.43858081102371216	0.09590504318475723	0.31131789088249207	0.01174974162131548	0.1300906091928482	0.0123558659106493	True	0.1617334932088852	0.7358438372612	0.03603231906890869	0.014442214742302895	0.0014695010613650084	0.05047871172428131
3yc4xi	hair stylists spend all day giving free haircuts to homeless people for christmas see video	data/processed/pro_fakeddit/images/3yc4xi.jpg	0	0	True	0.4788855314254761	0.2276996560394764	0.4788855314254761	0.07201525568962097	0.2511858753859997	0.13843015767633915	0.029758563468931243	0.02972458954900503	False	True	0.3896821141242981	0.04514259099960327	0.44649842381477356	0.04972167685627937	0.058815136551856995	0.010140014812350273	True	0.568088948726654	0.09888792037963867	0.0558733269572258	0.22713863849639893	0.000701990386005491	0.04930916428565979
b5qmk7	algeria army urges removal of president abdelaziz bouteflika	data/processed/pro_fakeddit/images/b5qmk7.jpg	0	1	False	0.3971947357058525	0.155039731413126	0.12365488894283772	0.3971947357058525	0.03575321566313505	0.24215500429272652	0.010951243923045695	0.1902909055352211	False	True	0.05694413557648659	0.5754637718200684	0.023057987913489342	0.1130141094326973	0.003449163632467389	0.22807085514068604	True	0.19036564230918884	0.21892569959163666	0.04844844341278076	0.37129589915275574	0.018453324213624	0.15251095592975616
1clnza	nipple tattooing sweeps uk as women strive for perfect boobs	data/processed/pro_fakeddit/images/1clnza.jpg	0	0	True	0.5861088186502457	0.31223955750465393	0.5861088186502457	0.011837338330224156	0.27386926114559174	0.10440553352236748	0.010552217601798475	0.013226855546236038	False	True	0.4511835277080536	0.007561978418380022	0.3642856478691101	0.14545303583145142	0.018370414152741432	0.013145355507731438	True	0.7210341095924377	0.01611269824206829	0.18345287442207336	0.06335803121328354	0.0027340210508555174	0.013308355584740639
53trsa	black cat sitting on a rail	data/processed/pro_fakeddit/images/53trsa.jpg	0	2	False	0.42728663235902786	0.1571104759350419	0.15631637908518314	0.05732991453260183	0.42728663235902786	0.04676599148660898	0.04212487302720547	0.27017615642398596	False	True	0.2649655044078827	0.0030558686703443527	0.6720459461212158	0.008091429248452187	0.048332929611206055	0.00350823812186718	True	0.0476672537624836	0.11160396039485931	0.1825273185968399	0.08544055372476578	0.03591681644320488	0.5368440747261047
c3l0qa	this cat that came up to me while i was eating had two eye colors	data/processed/pro_fakeddit/images/c3l0qa.jpg	0	2	False	0.6004511564970016	0.26143550872802734	0.3390156477689743	0.0034751298662740737	0.6004511564970016	0.01006130501627922	0.03466515429317951	0.012331574456766248	False	True	0.1108752191066742	0.000760075228754431	0.8477704524993896	0.004102099686861038	0.034138571470975876	0.0023535718210041523	True	0.5671560764312744	0.006190184503793716	0.35313186049461365	0.016020510345697403	0.03519173711538315	0.022309577092528343
d7vhf2	the roots of this tree form a vague image of che guevara	data/processed/pro_fakeddit/images/d7vhf2.jpg	0	2	False	0.386478915810585	0.02048930525779724	0.3659896105527878	0.006277149535890203	0.386478915810585	0.03737922850996256	0.1923919569235295	0.011483167996630073	False	True	0.2938002347946167	0.00019673815404530615	0.3139323592185974	0.010326826944947243	0.378422349691391	0.0033214925788342953	True	0.43817898631095886	0.0123575609177351	0.45902547240257263	0.06443163007497787	0.00636156415566802	0.01964484341442585
1kg266	joffrey baratheon jack gleeson holding up a funny caricaturefrom rpics	data/processed/pro_fakeddit/images/1kg266.jpg	0	1	False	0.49461559019982815	0.11826758971437812	0.06142791151069105	0.49461559019982815	0.37634800048545003	0.03233661537524313	0.0062262366991490126	0.02904565818607807	False	True	0.11852966994047165	0.05357290431857109	0.7390075922012329	0.06140067055821419	0.0074805039912462234	0.020008694380521774	True	0.004326153080910444	0.9356582760810852	0.013688408769667149	0.003272560192272067	0.004971969407051802	0.03808262199163437
2ftwyk	heroic bus passenger saves a man from a burning car man turns out to be his friends brother	data/processed/pro_fakeddit/images/2ftwyk.jpg	0	0	True	0.802763044834137	0.7132338210940361	0.802763044834137	0.027925025671720505	0.08952922374010086	0.06752302497625351	0.0032579259968770202	0.009001750964671373	False	True	0.8464897871017456	0.02475045621395111	0.08927451819181442	0.023174218833446503	0.006408429704606533	0.009902500547468662	True	0.7590363025665283	0.0310995951294899	0.0897839292883873	0.11187183111906052	0.0001074222891475074	0.008101001381874084
d71fsu	defense minister vo nguyen giap celebrates after winning the first pick of the vietnam draft	data/processed/pro_fakeddit/images/d71fsu.jpg	2	1	False	0.5816759914159775	0.39635562151670456	0.18532036989927292	0.5816759914159775	0.08142433373723179	0.07928624376654625	0.023518705274909735	0.048774365335702896	False	True	0.3612011671066284	0.2743804156780243	0.1608869582414627	0.10532836616039276	0.044899147003889084	0.05330395698547363	True	0.00943957269191742	0.8889715671539307	0.0019617092330008745	0.05324412137269974	0.0021382635459303856	0.04424477368593216
c9z1ef	my cola bottles are two different colors	data/processed/pro_fakeddit/images/c9z1ef.jpg	0	0	True	0.5431671887636185	0.23380926251411438	0.5431671887636185	0.002031909127254039	0.3093579262495041	0.058330181054770947	0.07208152412204072	0.015031283255666494	False	True	0.46829769015312195	0.0016643850831314921	0.35030120611190796	0.030147535726428032	0.14235424995422363	0.007234939374029636	True	0.618036687374115	0.002399433171376586	0.2684146463871002	0.08651282638311386	0.0018087982898578048	0.022827627137303352
5hn8i1	whats the point of revolving doors	data/processed/pro_fakeddit/images/5hn8i1.jpg	5	0	False	0.5964164733886719	0.4590469392715022	0.5964164733886719	0.014996752142906189	0.10735902190208435	0.0866389311850071	0.13736953411716968	0.057219293899834156	False	True	0.5459610819816589	0.011193370446562767	0.0877159833908081	0.072087861597538	0.27442386746406555	0.008617864921689034	True	0.6468718647956848	0.01880013383924961	0.1270020604133606	0.1011900007724762	0.00031520077027380466	0.10582072287797928
bs1dar	new bill would require agents to actually have probable cause to search electronic devices at the border this bill would serve as a pretty basic protection for people traveling in and out of the country	data/processed/pro_fakeddit/images/bs1dar.jpg	0	0	True	0.39564985036849976	0.15721190767362714	0.39564985036849976	0.036662138532847166	0.11957811564207077	0.2019239105284214	0.007748018768324982	0.23843794269487262	False	True	0.6673327088356018	0.009190871380269527	0.2049073576927185	0.09074101597070694	0.015310210175812244	0.012517823837697506	True	0.1239669919013977	0.0641334056854248	0.034248873591423035	0.31310680508613586	0.00018582736083772033	0.46435806155204773
26an1o	an osprey with a brown trout	data/processed/pro_fakeddit/images/26an1o.jpg	0	2	False	0.3212783746421337	0.06363484635949135	0.25764352828264236	0.09407071862369776	0.3212783746421337	0.15566566167399287	0.11972904019057751	0.05161266168579459	False	True	0.23099161684513092	0.018516825512051582	0.5480808615684509	0.009976825676858425	0.17880743741989136	0.013626406900584698	True	0.2842954397201538	0.16962461173534393	0.0944758877158165	0.3013544976711273	0.06065064296126366	0.08959891647100449
88bcnh	theresa and the british parliament executing brexit circa	data/processed/pro_fakeddit/images/88bcnh.jpg	2	0	False	0.7098115086555481	0.5068127801641822	0.7098115086555481	0.2029987284913659	0.06168828718364239	0.011836974415928125	0.006243332696612924	0.007421198708470911	False	True	0.8734747767448425	0.026824774220585823	0.08506282418966293	0.0019646799191832542	0.01134240161627531	0.0013305776519700885	True	0.5461482405662537	0.379172682762146	0.03831375017762184	0.021709268912672997	0.0011442637769505382	0.013511819764971733
c6g3il	this pool charges by height	data/processed/pro_fakeddit/images/c6g3il.jpg	0	0	True	0.576718807220459	0.32068101316690445	0.576718807220459	0.0066426118137314916	0.25603779405355453	0.08282262831926346	0.0033307941630482674	0.0744473934173584	False	True	0.5405582189559937	0.003847653279080987	0.28774917125701904	0.08505954593420029	0.004679256584495306	0.07810618728399277	True	0.6128793954849243	0.009437570348381996	0.22432641685009003	0.08058571070432663	0.0019823317416012287	0.07078859955072403
1l26hk	two squirrels going at it	data/processed/pro_fakeddit/images/1l26hk.jpg	0	0	True	0.6172873079776764	0.45344656705856323	0.6172873079776764	0.052892789244651794	0.16384074091911316	0.032988480845233425	0.12040647730464116	0.012584261712618172	False	True	0.6053434014320374	0.017658017575740814	0.13583536446094513	0.0005849815788678825	0.2389429211616516	0.0016353337559849024	True	0.6292312145233154	0.08812756091356277	0.1918461173772812	0.06539198011159897	0.0018700334476307034	0.023533189669251442
bvh06x	the john candy joke that still makes steve martin cry	data/processed/pro_fakeddit/images/bvh06x.jpg	5	1	False	0.4541703057475388	0.21520415972918272	0.08687270991504192	0.4541703057475388	0.23896614601835608	0.06171403918415308	0.14217809244473756	0.01609870418906212	False	True	0.11854362487792969	0.01175562385469675	0.4651113450527191	0.10493172705173492	0.2843290865421295	0.01532864198088646	True	0.05520179495215416	0.8965849876403809	0.012820946983993053	0.018496351316571236	2.7098347345599905e-05	0.016868766397237778
74fyax	corpsepaint condom machine is kvlt af	data/processed/pro_fakeddit/images/74fyax.jpg	2	0	False	0.3828451558947563	0.004646554589271545	0.3828451558947563	0.06519957911223173	0.37819860130548477	0.03287473041564226	0.1001562544843182	0.04072571778669953	False	True	0.23142574727535248	0.015202252194285393	0.5098200440406799	0.030861327424645424	0.1993236541748047	0.01336700189858675	True	0.5342645645141602	0.11519690603017807	0.2465771585702896	0.0348881334066391	0.000988854793831706	0.06808443367481232
cmqfm6	yearold starts el paso challenge for the community to do good deeds for each lives lost	data/processed/pro_fakeddit/images/cmqfm6.jpg	0	0	True	0.5434381812810898	0.20798944681882858	0.5434381812810898	0.024974269326776266	0.3354487344622612	0.05691426992416382	0.010023120237747207	0.02920148568227887	False	True	0.32400164008140564	0.005623786710202694	0.5546116232872009	0.08483363687992096	0.019845763221383095	0.01108360756188631	True	0.7628747224807739	0.04432475194334984	0.11628584563732147	0.028994902968406677	0.00020047725411131978	0.04731936380267143
5yiyn7	americans now drink more bottled water than soda	data/processed/pro_fakeddit/images/5yiyn7.jpg	0	0	True	0.510026752948761	0.3620002791285515	0.510026752948761	0.04995960812084377	0.08246741816401482	0.128864461556077	0.08065520956006367	0.1480264738202095	False	True	0.6471333503723145	0.007424311246722937	0.10427751392126083	0.03491387143731117	0.16101020574569702	0.04524071514606476	True	0.3729201555252075	0.0924949049949646	0.0606573224067688	0.22281505167484283	0.0003002133744303137	0.25081223249435425
b7twys	reeses owns the color orange	data/processed/pro_fakeddit/images/b7twys.jpg	0	2	False	0.41289612650871277	0.035516202449798584	0.3773799240589142	0.00540492644358892	0.41289612650871277	0.04054980259388685	0.0004731471562990919	0.1632961817085743	False	True	0.4523421823978424	0.00033547464408911765	0.29049432277679443	0.05095794051885605	0.0006600468186661601	0.2052101492881775	True	0.30241766571998596	0.010474378243088722	0.5352979302406311	0.030141664668917656	0.00028624749393202364	0.1213822141289711
1fi890	a hare taking a relaxing bath in the sink	data/processed/pro_fakeddit/images/1fi890.jpg	0	0	True	0.3189638778567314	0.0012032235972583294	0.3189638778567314	0.3177606542594731	0.1659381128847599	0.043813343334477395	0.13557246048003435	0.017951549612917006	False	True	0.47627392411231995	0.010492459870874882	0.2648478150367737	0.0010685980087146163	0.24470719695091248	0.002610056893900037	True	0.16165383160114288	0.6250288486480713	0.06702841073274612	0.08655808866024017	0.026437724009156227	0.033293042331933975
6i736j	republican datamining firm exposed personal information for virtually every american voter	data/processed/pro_fakeddit/images/6i736j.jpg	0	3	False	0.3070718701928854	0.05845043621957302	0.19823982939124107	0.05814187787473202	0.15126074478030205	0.3070718701928854	0.036664234214185853	0.24862143397331238	False	True	0.32192280888557434	0.06120360270142555	0.2709675431251526	0.04585547372698784	0.07330192625522614	0.22674867510795593	True	0.0745568498969078	0.05508015304803848	0.03155394643545151	0.568288266658783	2.6542173145571724e-05	0.2704941928386688
9h82yb	accusers schoolmate i recall hearing of alleged kavanaugh incident	data/processed/pro_fakeddit/images/9h82yb.jpg	0	0	True	0.47402240335941315	0.19877395778894424	0.47402240335941315	0.0464472770690918	0.11833442002534866	0.2752484455704689	0.018311111591174267	0.06763634271919727	False	True	0.5471124649047852	0.03903186693787575	0.1588781177997589	0.19836653769016266	0.03658217191696167	0.020028825849294662	True	0.40093234181404114	0.053862687200307846	0.07779072225093842	0.35213035345077515	4.005126538686454e-05	0.11524385958909988
cofcfcm	and on that day america was born	data/processed/pro_fakeddit/images/cofcfcm.jpg	4	0	False	0.4915475435554981	0.08391390919859987	0.4915475435554981	0.02586392406374216	0.05804318655282259	0.007832326780771837	0.40763363435689826	0.009079359966563061	False	True	0.12195555120706558	0.03170974552631378	0.030201779678463936	0.00039962463779374957	0.8151413798332214	0.0005918620736338198	True	0.8611395359039307	0.02001810260117054	0.08588459342718124	0.015265028923749924	0.00012588888057507575	0.017566857859492302
59xjcl	senator ted cruz feeding ice cream to his wife heidi with a tiny spoon	data/processed/pro_fakeddit/images/59xjcl.jpg	0	0	True	0.3761289119720459	0.002678714692592621	0.3761289119720459	0.3734501972794533	0.11356701608747244	0.01943674497306347	0.004469661507755518	0.11294741649180651	False	True	0.6756782531738281	0.0804423838853836	0.19962917268276215	0.018127409741282463	0.005326623097062111	0.020796144381165504	True	0.07657957077026367	0.666458010673523	0.02750485949218273	0.020746080204844475	0.003612699918448925	0.2050986886024475
c5pjrrs	bale hey bale your shoot was hours ago go home	data/processed/pro_fakeddit/images/c5pjrrs.jpg	4	4	True	0.46672915044473484	0.026561831415165216	0.4401673190295696	0.0058574148279149085	0.08213850297033787	0.0023913417826406658	0.46672915044473484	0.0027163321792613715	False	True	0.03560241311788559	0.00026268098736181855	0.031767282634973526	0.0002515622181817889	0.9318879246711731	0.00022818747675046325	True	0.8447322249412537	0.011452148668467999	0.1325097233057022	0.004531121347099543	0.0015703762182965875	0.00520447688177228
d02c0fr	this robot doing the girl	data/processed/pro_fakeddit/images/d02c0fr.jpg	4	4	True	0.4401109368773177	0.16167631198186427	0.26707617938518524	0.006797012640163302	0.27843462489545345	0.006668288086075336	0.4401109368773177	0.0009129056270467117	False	True	0.07109200954437256	0.005358151625841856	0.044558387249708176	0.0016621655086055398	0.877049446105957	0.00027976432465948164	True	0.4630603492259979	0.008235873654484749	0.5123108625411987	0.011674410663545132	0.003172427648678422	0.0015460469294339418
9ab3m5	tyson v holyfield the bite fight	data/processed/pro_fakeddit/images/9ab3m5.jpg	2	2	True	0.31434325501322746	0.029056590050458908	0.28528666496276855	0.06966416642535478	0.31434325501322746	0.14345148380380124	0.044384348671883345	0.14287010277621448	False	True	0.32572418451309204	0.003264310071244836	0.578098475933075	0.0029574965592473745	0.08482708036899567	0.005128481891006231	True	0.24484914541244507	0.13606402277946472	0.050588034093379974	0.2839454710483551	0.003941616974771023	0.28061172366142273
ck7dgg	your old bra clasps can save injured turtles	data/processed/pro_fakeddit/images/ck7dgg.jpg	0	0	True	0.5255772769451141	0.1532263606786728	0.5255772769451141	0.015634556533768773	0.37235091626644135	0.030724226031452417	0.010187824183958583	0.04552524350583553	False	True	0.5245327353477478	0.0075775631703436375	0.4134235382080078	0.011542686261236668	0.019993562251329422	0.022929970175027847	True	0.5266218185424805	0.02369154989719391	0.3312782943248749	0.04990576580166817	0.00038208611658774316	0.06812051683664322
3bgcum	this image of taylor swift at a concert	data/processed/pro_fakeddit/images/3bgcum.jpg	0	0	True	0.6787569522857666	0.42276766151189804	0.6787569522857666	0.0073325789999216795	0.25598929077386856	0.020960788242518902	0.0250031124742236	0.011957273352891207	False	True	0.6722443699836731	0.010640786960721016	0.2467394918203354	0.01153508760035038	0.04934657737612724	0.009493699297308922	True	0.6852695345878601	0.004024371039122343	0.26523908972740173	0.030386488884687424	0.0006596475723199546	0.014420847408473492
4i9b9l	russian bailiffs arrest debtors cat	data/processed/pro_fakeddit/images/4i9b9l.jpg	0	2	False	0.4371748473495245	0.10163312219083309	0.3355417251586914	0.10336817114148289	0.4371748473495245	0.10332520585507154	0.0076383477135095745	0.012951679062098265	False	True	0.13575679063796997	0.003401951165869832	0.8274704813957214	0.009319191798567772	0.014724425040185452	0.009327122010290623	True	0.5353266596794128	0.20333439111709595	0.04687921330332756	0.19733121991157532	0.0005522703868336976	0.016576236113905907
7kizk0	xwing fighter crash lands on the uss long island during flight testing	data/processed/pro_fakeddit/images/7kizk0.jpg	2	0	False	0.32723917812108994	0.007333346642553806	0.32723917812108994	0.31990583147853613	0.2036468842998147	0.03257533011492342	0.0378225352615118	0.07881027879193425	False	True	0.5391045212745667	0.010528651997447014	0.3763595521450043	0.001101811183616519	0.06425753980875015	0.008647971786558628	True	0.11537383496761322	0.6292830109596252	0.03093421645462513	0.06404884904623032	0.011387530714273453	0.14897258579730988
17wnqk	a small dog intimidating a larger one	data/processed/pro_fakeddit/images/17wnqk.jpg	0	2	False	0.3313267268240452	0.04197126440703869	0.16877972334623337	0.2893554624170065	0.3313267268240452	0.013588265050202608	0.1179683469235897	0.0789814805611968	False	True	0.19162555038928986	0.04617602750658989	0.5426307320594788	0.007855604402720928	0.1851736158132553	0.026538444682955742	True	0.14593389630317688	0.5325348973274231	0.1200227215886116	0.019320925697684288	0.0507630780339241	0.13142451643943787
asndxy	the rights of the people women are people a poster that listed various us states that gave women a right to vote before and after the ratification of the th amendment	data/processed/pro_fakeddit/images/asndxy.jpg	5	5	True	0.3505442142486572	0.09280551224946976	0.23099969699978828	0.25773870199918747	0.039804098196327686	0.11783294007182121	0.00308035418856889	0.3505442142486572	False	True	0.37218037247657776	0.09756158292293549	0.061360910534858704	0.017358504235744476	0.004618384409695864	0.446920245885849	True	0.08981902152299881	0.41791582107543945	0.01824728585779667	0.21830737590789795	0.0015423239674419165	0.25416818261146545
bnpw3r	my brothers hair is starting to grey but only on one side	data/processed/pro_fakeddit/images/bnpw3r.jpg	0	2	False	0.5899857133626938	0.2649710550904274	0.3250146582722664	0.0012189864355605096	0.5899857133626938	0.06620902754366398	0.005945907287241425	0.011625715997070074	False	True	0.1674850732088089	0.0008208643994294107	0.7231565117835999	0.08888383209705353	0.011667665094137192	0.007986029610037804	True	0.4825442433357239	0.0016171084716916084	0.4568149149417877	0.04353422299027443	0.00022414948034565896	0.015265402384102345
d96uwg	some pieces of fools gold that i have been collecting	data/processed/pro_fakeddit/images/d96uwg.jpg	0	0	True	0.7453330755233765	0.6346806772053242	0.7453330755233765	0.03838345280382782	0.11065239831805229	0.03345407219603658	0.016614620806649327	0.055562411434948444	False	True	0.795519232749939	0.0007562164682894945	0.1473296880722046	0.006209042854607105	0.031081030145287514	0.0191048551350832	True	0.695146918296814	0.07601068913936615	0.0739751085639	0.06069910153746605	0.002148211468011141	0.09201996773481369
cltrhlc	not every customer is happy	data/processed/pro_fakeddit/images/cltrhlc.jpg	4	4	True	0.3870457463162893	0.017960441877221456	0.36908530443906784	0.007556176511570811	0.1821245588362217	0.044917166233062744	0.3870457463162893	0.009271088521927595	False	True	0.10500280559062958	0.00972991157323122	0.0996946468949318	0.005715824663639069	0.7740195393562317	0.005837337113916874	True	0.6331678032875061	0.005382441449910402	0.2645544707775116	0.08411850780248642	7.19532763469033e-05	0.012704839929938316
7vhacs	the philadelphia super bowl riots expose a racist double standard	data/processed/pro_fakeddit/images/7vhacs.jpg	0	0	True	0.5033206641674042	0.14546160586178303	0.5033206641674042	0.35785905830562115	0.05925347376614809	0.03397034481167793	0.01091602943597536	0.034680455923080444	False	True	0.8318552374839783	0.016106214374303818	0.10048362612724304	0.012244224548339844	0.021786179393529892	0.017524462193250656	True	0.17478609085083008	0.6996119022369385	0.01802332140505314	0.05569646507501602	4.58794784208294e-05	0.05183644965291023
bwdulf	part of the bernie sanders is tanking in the polls after a dna test revealed that hes king	data/processed/pro_fakeddit/images/bwdulf.jpg	1	1	True	0.4662862718105316	0.27077452279627323	0.15920018032193184	0.4662862718105316	0.19551174901425838	0.05368276545777917	0.0010578793608146952	0.12426112964749336	False	True	0.24583932757377625	0.1853806972503662	0.3613014817237854	0.09470812231302261	0.0020666909404098988	0.11070368438959122	True	0.07256103307008743	0.747191846370697	0.02972201630473137	0.012657408602535725	4.9067781219491735e-05	0.1378185749053955
2dkfxg	japan sends hello kitty into space	data/processed/pro_fakeddit/images/2dkfxg.jpg	0	2	False	0.41581349819898605	0.06487230211496353	0.3509411960840225	0.052828186424449086	0.41581349819898605	0.07094975397922099	0.05198700906476006	0.057480360846966505	False	True	0.2777681052684784	0.003711181227117777	0.6013705730438232	0.006548028904944658	0.10299379378557205	0.007608330808579922	True	0.42411428689956665	0.1019451916217804	0.23025642335414886	0.13535147905349731	0.0009802243439480662	0.10735239088535309
corb31	this compartment in this old radiator for heating stuff	data/processed/pro_fakeddit/images/corb31.jpg	0	2	False	0.5568998456001282	0.26298952102661133	0.29391032457351685	0.01378322928212583	0.5568998456001282	0.020913573913276196	0.09723909571766853	0.01725390926003456	False	True	0.2952731251716614	0.002276874613016844	0.5466117858886719	0.00627206452190876	0.14352689683437347	0.006039245054125786	True	0.2925475239753723	0.025289583951234818	0.5671879053115845	0.03555508330464363	0.05095129460096359	0.028468573465943336
d1x4ww	temperature gradients in an upright empty water bottle that was against the wall at work evaporation on one side condensation on the other	data/processed/pro_fakeddit/images/d1x4ww.jpg	0	5	False	0.25485894456505775	0.031559791415929794	0.22279046289622784	0.011381638119928539	0.22329915314912796	0.09404265321791172	0.19362714141607285	0.25485894456505775	False	True	0.3883856236934662	0.000775268068537116	0.3459017872810364	0.049073342233896255	0.15043489634990692	0.06542909890413284	True	0.05719530209898949	0.02198800817131996	0.10069651901721954	0.13901196420192719	0.23681938648223877	0.44428879022598267
9j4ovo	i got a fortune cookie with two fortunes stuck together inside	data/processed/pro_fakeddit/images/9j4ovo.jpg	0	0	True	0.5698953121900558	0.19158540666103363	0.5698953121900558	0.009384519187733531	0.3783099055290222	0.02327867317944765	0.0002108570042764768	0.018920716363936663	False	True	0.34666892886161804	0.011994270607829094	0.589227020740509	0.023433104157447815	0.0001660391571931541	0.028510646894574165	True	0.7931216955184937	0.006774767767637968	0.1673927903175354	0.023124242201447487	0.0002556748513597995	0.00933078583329916
7s47f1	saw this in twitter had to share	data/processed/pro_fakeddit/images/7s47f1.jpg	2	0	False	0.7518723905086517	0.5363449342548847	0.7518723905086517	0.0034049583482556045	0.215527456253767	0.006296030362136662	0.0013597205579571892	0.021539377514272928	False	True	0.5970543622970581	0.006182185374200344	0.3528524935245514	0.008738722652196884	0.002686724066734314	0.032485514879226685	True	0.9066904187202454	0.0006277313223108649	0.07820241898298264	0.00385333807207644	3.271704918006435e-05	0.010593240149319172
8hrm1w	taylor swift reputation tour az foster kids treated to private show	data/processed/pro_fakeddit/images/8hrm1w.jpg	0	0	True	0.5500002652406693	0.3743534255772829	0.5500002652406693	0.03920057276263833	0.14107852522283792	0.17564683966338634	0.009880211495328695	0.08419358730316162	False	True	0.6249802112579346	0.010423813946545124	0.2622813284397125	0.04842951521277428	0.01902029849588871	0.034864842891693115	True	0.47502031922340393	0.06797733157873154	0.019875722005963326	0.3028641641139984	0.0007401244947686791	0.13352233171463013
cz8m8u	this fallen tree branch thats planted roots	data/processed/pro_fakeddit/images/cz8m8u.jpg	0	0	True	0.4273170232772827	0.1186608299612999	0.4273170232772827	0.004150544365984388	0.3086561933159828	0.024715917417779565	0.2095257118344307	0.025634643621742725	False	True	0.49936434626579285	0.0001499784702900797	0.16356335580348969	0.004811007995158434	0.3233092427253723	0.008802102878689766	True	0.3552697002887726	0.008151110261678696	0.45374903082847595	0.044620826840400696	0.09574218094348907	0.042467184364795685
6v7v36	silverstrand beach were all going to die	data/processed/pro_fakeddit/images/6v7v36.jpg	1	0	False	0.4822353422641754	0.23309846594929695	0.4822353422641754	0.017489524092525244	0.24913687631487846	0.01484050159342587	0.21080186354811303	0.025495847687125206	False	True	0.15722453594207764	0.008762718178331852	0.3976520001888275	0.0072194901295006275	0.4210834503173828	0.008057825267314911	True	0.8072461485862732	0.026216330006718636	0.10062175244092941	0.022461513057351112	0.0005202767788432539	0.0429338701069355
3xych9	new high resolution photos of earths moon	data/processed/pro_fakeddit/images/3xych9.jpg	2	2	True	0.49683888256549835	0.08063206076622009	0.41620682179927826	0.0037841201992705464	0.49683888256549835	0.033810533583164215	0.017241060617379844	0.03211857285350561	False	True	0.250783234834671	0.004361806903034449	0.6236041188240051	0.04930718243122101	0.03091968409717083	0.041023969650268555	True	0.5816304087638855	0.0032064334955066442	0.3700736463069916	0.018313884735107422	0.0035624371375888586	0.023213176056742668
230fsc	it is illegal and a punishable crime to give or take dowry lets make our society dowryfree rangpur dinajpur rural organisation rangpur no datedowry outlawed x	data/processed/pro_fakeddit/images/230fsc.jpg	5	1	False	0.5455364435911179	0.3877717601135373	0.11670362786389887	0.5455364435911179	0.15776468347758055	0.06040652049705386	0.007902170791567187	0.11168654263019562	False	True	0.22577504813671112	0.36546948552131653	0.3055470287799835	0.010060734115540981	0.015766214579343796	0.07738150656223297	True	0.007632207591086626	0.7256034016609192	0.009982338175177574	0.11075230687856674	3.8127003790577874e-05	0.14599157869815826
bs71y1	everybody feels free here baltimores nightclub for disabled adults fosters love friendship and inclusion	data/processed/pro_fakeddit/images/bs71y1.jpg	0	0	True	0.7619149386882782	0.656819986179471	0.7619149386882782	0.06955087289679796	0.10509495250880718	0.021493081701919436	0.034157822374254465	0.007788266695570201	False	True	0.7717363238334656	0.0022784194443374872	0.15386652946472168	0.003797584678977728	0.06637278944253922	0.0019483299693092704	True	0.7520935535430908	0.13682332634925842	0.056323375552892685	0.039188578724861145	0.0019428553059697151	0.013628203421831131
14o7as	westminster council cracks down on rare and mediumrare burgers	data/processed/pro_fakeddit/images/14o7as.jpg	0	0	True	0.3401917517185211	0.07838747650384903	0.3401917517185211	0.05322531843557954	0.2583151273429394	0.07920403964817524	0.007259505393449217	0.2618042752146721	False	True	0.39380621910095215	0.012833726592361927	0.45720720291137695	0.03854135051369667	0.013837608508765697	0.08377392590045929	True	0.2865772843360901	0.09361691027879715	0.0594230517745018	0.11986672878265381	0.0006814022781327367	0.4398346245288849
9ii2jj	washington redskin shooting the ball over the uprights	data/processed/pro_fakeddit/images/9ii2jj.jpg	0	0	True	0.4184119701385498	0.15338724106550217	0.4184119701385498	0.11353839188814163	0.26502472907304764	0.008836849126964808	0.1482174954144284	0.04597047343850136	False	True	0.39869600534439087	0.025880247354507446	0.21654389798641205	0.013557776808738708	0.29335853457450867	0.051963500678539276	True	0.43812793493270874	0.20119653642177582	0.3135055601596832	0.0041159214451909065	0.003076456254348159	0.03997744619846344
7l6x1c	i cheated on my phone a few years ago before it was meant to be present when the guilty one is punished	data/processed/pro_fakeddit/images/7l6x1c.jpg	3	0	False	0.7302411794662476	0.5872305817902088	0.7302411794662476	0.011821547523140907	0.14301059767603874	0.04412977257743478	0.043689458860171726	0.027107517642434686	False	True	0.7085546255111694	0.009550916031002998	0.18975462019443512	0.003755156882107258	0.08727068454027176	0.0011140097631141543	True	0.7519277334213257	0.014092179015278816	0.09626657515764236	0.0845043882727623	0.00010823318007169291	0.05310102552175522
cuasoqo	for fucks sake mom rick identifies as a trex and you dont hear his mother bitching about it	data/processed/pro_fakeddit/images/cuasoqo.jpg	4	4	True	0.49649268061330076	0.23774175210564863	0.1668944873381406	0.25875092850765213	0.05411490926053375	0.010366341271947022	0.49649268061330076	0.013380592135945335	False	True	0.0023361281491816044	0.0014398357598111033	0.0034917991142719984	3.192794611095451e-05	0.9926683902740479	3.182777436450124e-05	True	0.3314528465270996	0.5160620212554932	0.1047380194067955	0.02070075459778309	0.0003169709525536746	0.02672935649752617
73kj8l	oj simpson freed on parole ap citing nevada prison official	data/processed/pro_fakeddit/images/73kj8l.jpg	0	0	True	0.4047509804368019	0.08483093976974487	0.4047509804368019	0.048665708396583796	0.09182201512157917	0.31992004066705704	0.00421463034581393	0.13062667148187757	False	True	0.7104143500328064	0.005717617459595203	0.16940119862556458	0.1033758670091629	0.008257290348410606	0.0028337696567177773	True	0.09908761084079742	0.09161379933357239	0.014242831617593765	0.5364642143249512	0.00017197034321725368	0.25841957330703735
56sgee	sky island one of my whims	data/processed/pro_fakeddit/images/56sgee.jpg	1	0	False	0.6005152761936188	0.3391127213835716	0.6005152761936188	0.010639172745868564	0.26140255481004715	0.039902278454974294	0.07564018294215202	0.011900478275492787	False	True	0.4708571434020996	0.01479202788323164	0.3687378764152527	0.003910715226083994	0.13511115312576294	0.006591020617634058	True	0.7301734089851379	0.0064863176085054874	0.1540672332048416	0.0758938416838646	0.016169212758541107	0.017209935933351517
8xw82z	this cat wearing a birthday hat	data/processed/pro_fakeddit/images/8xw82z.jpg	0	2	False	0.5432705879211426	0.11091965436935425	0.43235093355178833	0.005692098056897521	0.5432705879211426	0.006761631346307695	0.0036524037132039666	0.008272350882180035	False	True	0.3113816976547241	0.005813726224005222	0.6688859462738037	0.003550079418346286	0.006741866935044527	0.0036266224924474955	True	0.5533201694488525	0.00557046988978982	0.41765522956848145	0.009973183274269104	0.0005629404913634062	0.012918079271912575
d7qrel	unmalnaebe books how does one make those letters stand out	data/processed/pro_fakeddit/images/d7qrel.jpg	3	2	False	0.5890812426805496	0.4312056005001068	0.1578756421804428	0.007104127202183008	0.5890812426805496	0.09250320866703987	0.00015817509301996324	0.1532775484956801	False	True	0.16760572791099548	0.00795136857777834	0.43099406361579895	0.09799318015575409	0.00027296869666315615	0.29518264532089233	True	0.14814555644989014	0.006256885826587677	0.7471684217453003	0.08701323717832565	4.338148937677033e-05	0.011372451670467854
3fx6rj	oh god i cant do this again	data/processed/pro_fakeddit/images/3fx6rj.jpg	2	0	False	0.5823399871587753	0.2528352364897728	0.5823399871587753	0.0053104686085134745	0.32950475066900253	0.03017822466790676	0.04758322660200065	0.005083407741039991	False	True	0.3914107382297516	0.0045766220428049564	0.44961434602737427	0.050677891820669174	0.09498970955610275	0.008730693720281124	True	0.7732692360877991	0.0060443151742219925	0.2093951553106308	0.009678557515144348	0.00017674364789854735	0.0014361217617988586
9jwxyr	seen at am we still dont know what the other clock is	data/processed/pro_fakeddit/images/9jwxyr.jpg	0	0	True	0.6023364365100861	0.3979466110467911	0.6023364365100861	0.015855139587074518	0.20438982546329498	0.06608514650724828	0.08422891481313854	0.027104528388008475	False	True	0.43645036220550537	0.03105112351477146	0.19048964977264404	0.1275644451379776	0.16780218482017517	0.0466422475874424	True	0.7682225108146667	0.0006591556593775749	0.21829000115394592	0.004605847876518965	0.0006556448061019182	0.0075668091885745525
d7thzmj	china face read all about it	data/processed/pro_fakeddit/images/d7thzmj.jpg	4	1	False	0.5580419525504112	0.3689546436071396	0.18908730894327164	0.5580419525504112	0.16688305418938398	0.0695321299135685	0.0008663354055897798	0.015589296584948897	False	True	0.01602555811405182	0.9421066641807556	0.027074730023741722	0.006554760038852692	0.001617448520846665	0.0066209412179887295	True	0.36214905977249146	0.17397724092006683	0.30669137835502625	0.1325094997882843	0.00011522229033289477	0.024557651951909065
atlgmz	starburst some how knew i prefer pink	data/processed/pro_fakeddit/images/atlgmz.jpg	0	0	True	0.5806659758090973	0.26054391264915466	0.5806659758090973	0.004092094139195979	0.3201220631599426	0.03369458595989272	0.021378577133873478	0.04004671238362789	False	True	0.6546066999435425	0.0027679039631038904	0.2669588029384613	0.0018813427304849029	0.04250028729438782	0.03128495067358017	True	0.5067252516746521	0.005416284315288067	0.37328532338142395	0.06550782918930054	0.0002568669733591378	0.04880847409367561
d7e2ga	one red tomato on a yellow tomato plant	data/processed/pro_fakeddit/images/d7e2ga.jpg	0	2	False	0.48988519608974457	0.28771465859608725	0.14358685538172722	0.20217053749365732	0.48988519608974457	0.06266663270071149	0.02283555269241333	0.07885526982136071	False	True	0.2684798538684845	0.0009373159846290946	0.6748211979866028	0.014949903823435307	0.03433986380696297	0.006471904460340738	True	0.01869385689496994	0.40340375900268555	0.30494919419288635	0.11038336157798767	0.011331241577863693	0.15123863518238068
bpwfcv	found the rotting supplies from a fallout shelter in the woods	data/processed/pro_fakeddit/images/bpwfcv.jpg	0	0	True	0.813090443611145	0.6661142325028777	0.813090443611145	0.007163714617490768	0.1469762111082673	0.018341863062232733	0.00326729282096494	0.011160475667566061	False	True	0.6739122271537781	0.003293817862868309	0.27495643496513367	0.027664121240377426	0.006069482769817114	0.014103870838880539	True	0.952268660068512	0.011033611372113228	0.018995987251400948	0.00901960488408804	0.0004651028721127659	0.008217080496251583
c590vc	this hr format analog clock	data/processed/pro_fakeddit/images/c590vc.jpg	0	0	True	0.5642038285732269	0.18761907517910004	0.5642038285732269	0.0013644874343299307	0.3765847533941269	0.008971407311037183	0.021089079789817333	0.02778644993668422	False	True	0.5972530841827393	0.00259168678894639	0.31083014607429504	0.006969902198761702	0.028322752565145493	0.054032474756240845	True	0.5311545729637146	0.00013728807971347123	0.44233936071395874	0.010972912423312664	0.013855407014489174	0.0015404251171275973
9gy0g9	chewbacca over the moon after receiving his gold disk certification for over sales of his smash hit looking for love in alderaan places circa a long time ago in a galaxy far far away	data/processed/pro_fakeddit/images/9gy0g9.jpg	2	1	False	0.47154061729088426	0.13850788539275527	0.333032731898129	0.47154061729088426	0.172482636757195	0.009952257387340069	0.008002267553820275	0.004989546214346774	False	True	0.64688640832901	0.002989565022289753	0.3324485123157501	0.0017272979021072388	0.015612807124853134	0.00033540456206537783	True	0.019179055467247963	0.9400916695594788	0.01251676119863987	0.0181772168725729	0.0003917279827874154	0.00964368786662817
dgv643	nashville boom is great but its not equitable business leaders say this region is emerging as the next innovation hub liu said the question now for nashville is can this region demonstrate that inclusive innovation is possible	data/processed/pro_fakeddit/images/dgv643.jpg	0	5	False	0.2289855326525867	0.04431268526241183	0.17894618026912212	0.1303061901126057	0.18467284739017487	0.10959533601999283	0.1674938986543566	0.2289855326525867	False	True	0.3038194477558136	0.0047383722849190235	0.28326839208602905	0.0646061897277832	0.33395734429359436	0.00961026456207037	True	0.05407291278243065	0.25587400794029236	0.08607730269432068	0.15458448231220245	0.0010304530151188374	0.448360800743103
b1xlz3	salt stain on boot looks like mushroom cloud	data/processed/pro_fakeddit/images/b1xlz3.jpg	0	2	False	0.6799927353858948	0.4719153940677643	0.2080773413181305	0.009874928538920358	0.6799927353858948	0.042316533625125885	0.022291747387498617	0.03744665905833244	False	True	0.2053615152835846	0.0006029285141266882	0.7244418859481812	0.03699002042412758	0.011466353200376034	0.02113724872469902	True	0.2107931673526764	0.019146928563714027	0.6355435848236084	0.04764304682612419	0.0331171415746212	0.053756069391965866
critus	my cat is facing the camera and his eyes are wide open but you cant see them in the picture	data/processed/pro_fakeddit/images/critus.jpg	0	0	True	0.5002459585666656	0.016324535012245178	0.5002459585666656	0.0023610701609868556	0.48392142355442047	0.003921737894415855	0.005369271384552121	0.004180547141004354	False	True	0.38347750902175903	0.004129400011152029	0.5926526784896851	0.0049980320036411285	0.008200443349778652	0.006541930139064789	True	0.6170144081115723	0.0005927403108216822	0.3751901686191559	0.0028454437851905823	0.00253809941932559	0.0018191641429439187
bumaet	this atm requires cards to be inserted horizontally to help prevent skimmer attacks	data/processed/pro_fakeddit/images/bumaet.jpg	0	3	False	0.35083527211099863	0.02414452377706766	0.19373419508337975	0.011776421684771776	0.32669074833393097	0.35083527211099863	0.030656048984383233	0.08630731515586376	False	True	0.3427523076534271	0.0056950366124510765	0.5256936550140381	0.023874299600720406	0.060966551303863525	0.04101818427443504	True	0.04471608251333237	0.017857806757092476	0.12768784165382385	0.6777962446212769	0.0003455466649029404	0.13159644603729248
7oae4s	pat smear of the germspreforming live on stage with the washington grunge group nirvana	data/processed/pro_fakeddit/images/7oae4s.jpg	2	1	False	0.4796047839336097	0.24266947872092715	0.22232256084680557	0.4796047839336097	0.039729709387756884	0.015276480466127396	0.23693530521268258	0.006131178291980177	False	True	0.42495137453079224	0.004653519950807095	0.07660114765167236	0.01917850598692894	0.4736368656158447	0.0009784848662093282	True	0.01969374716281891	0.9545560479164124	0.002858271123841405	0.011374454945325851	0.00023374480952043086	0.011283871717751026
6oppz4	joe biden kissing a little girls head	data/processed/pro_fakeddit/images/6oppz4.jpg	0	1	False	0.4166028071194887	0.13881813921034336	0.16498234309256077	0.4166028071194887	0.27778466790914536	0.009708842495456338	0.04001576825976372	0.0909055545926094	False	True	0.30180710554122925	0.05608752742409706	0.5283429622650146	0.004432699177414179	0.06923837959766388	0.040091291069984436	True	0.028157580643892288	0.7771180868148804	0.027226373553276062	0.014984985813498497	0.010793156921863556	0.14171981811523438
7ytt37	british pilot smiles before going off on his final flight	data/processed/pro_fakeddit/images/7ytt37.jpg	2	0	False	0.439746618270874	0.10819363594055176	0.439746618270874	0.1507507860660553	0.33155298233032227	0.011897353455424309	0.059697752352803946	0.006354504264891148	False	True	0.5306529998779297	0.03234356641769409	0.298299103975296	0.015770843252539635	0.11867193132638931	0.00426148995757103	True	0.34884023666381836	0.2691580057144165	0.3648068606853485	0.008023863658308983	0.0007235733792185783	0.008447518572211266
61lfuj	warning while bush spends billions playing cowboy million americans have no health insurance one american dies of aids every eight minutes act up us	data/processed/pro_fakeddit/images/61lfuj.jpg	5	1	False	0.6189163625240326	0.33251599967479706	0.02242808509618044	0.6189163625240326	0.06448744592489675	0.005459127016365528	0.002308667242687079	0.28640036284923553	False	True	0.04058326035737991	0.5324178338050842	0.12813489139080048	0.00846825074404478	0.004594181664288044	0.2858016788959503	True	0.004272909834980965	0.705414891242981	0.0008400004589930177	0.0024500032886862755	2.3152821086114272e-05	0.28699904680252075
49h3vi	til of the poppy in george r r tolkien described his first big break in the netherlands injured nearly people and injuring more	data/processed/pro_fakeddit/images/49h3vi.jpg	3	0	False	0.6923038363456726	0.5881802067160606	0.6923038363456726	0.09564260765910149	0.10412362962961197	0.02210123185068369	0.04516522987978533	0.0406634546816349	False	True	0.6979764699935913	0.059075452387332916	0.12200906127691269	0.004968969151377678	0.08990714699029922	0.026062939316034317	True	0.6866312026977539	0.13220976293087006	0.08623819798231125	0.0392334945499897	0.00042331276927143335	0.05526397004723549
bjl9zd	cross section of egg that broke through shell during boiling	data/processed/pro_fakeddit/images/bjl9zd.jpg	0	2	False	0.3912474364042282	0.10757113248109818	0.28367630392313004	0.03236035164445639	0.3912474364042282	0.022272731293924153	0.04901996627449989	0.2214231751859188	False	True	0.343570351600647	0.009327327832579613	0.5172714591026306	0.002063358435407281	0.08811541646718979	0.039652012288570404	True	0.2237822562456131	0.05539337545633316	0.2652234137058258	0.042482104152441025	0.009924516081809998	0.4031943380832672
ddqmivi	i dont want no fop gahdammit	data/processed/pro_fakeddit/images/ddqmivi.jpg	4	4	True	0.4317513148926082	0.1227087679944816	0.3090425468981266	0.027600936591625214	0.18723289109766483	0.02236580033786595	0.4317513148926082	0.022006510174833238	False	True	0.05333680659532547	0.030707193538546562	0.050113607197999954	0.001970423851162195	0.8633816838264465	0.0004902153741568327	True	0.5647482872009277	0.024494679644703865	0.3243521749973297	0.0427611768245697	0.00012094595876988024	0.043522804975509644
1kn9ah	my friend found a sad pickle	data/processed/pro_fakeddit/images/1kn9ah.jpg	2	2	True	0.501139298081398	0.026868537068367004	0.474270761013031	0.004652409348636866	0.501139298081398	0.00626215455122292	0.012647861440200359	0.0010275211825501174	False	True	0.3096959590911865	0.003477409016340971	0.6604648232460022	0.0019353772513568401	0.023760013282299042	0.0006663946551270783	True	0.6388455629348755	0.00582740968093276	0.3418137729167938	0.010588931851089	0.0015357095981016755	0.0013886477099731565
1kn3d1	seattle seahawks and make a wish do something absolutely incredible for yo with rare heart condition	data/processed/pro_fakeddit/images/1kn3d1.jpg	0	2	False	0.4659600257873535	0.08826152980327606	0.37769849598407745	0.053557940758764744	0.4659600257873535	0.02880179462954402	0.033608521218411624	0.040373275987803936	False	True	0.17570385336875916	0.017327526584267616	0.7082169055938721	0.010902798734605312	0.06689482927322388	0.020954234525561333	True	0.5796931385993958	0.08978835493326187	0.22370314598083496	0.04670079052448273	0.0003222131635993719	0.05979231745004654
5s1ipk	trump blasts socalled federal judges block of travel ban	data/processed/pro_fakeddit/images/5s1ipk.jpg	0	5	False	0.2943609245121479	0.023678775876760483	0.2706821486353874	0.13663139566779137	0.19826824963092804	0.09928240813314915	0.0007749122887616977	0.2943609245121479	False	True	0.3221658170223236	0.18054740130901337	0.30940455198287964	0.06184214726090431	0.0014463888946920633	0.12459368258714676	True	0.21919848024845123	0.09271539002656937	0.08713194727897644	0.13672266900539398	0.00010343568283133209	0.46412816643714905
868ro2	padtampon dispenser looks like a metallic groot	data/processed/pro_fakeddit/images/868ro2.jpg	2	4	False	0.34686366375535727	0.09439437743276358	0.23821687698364258	0.08818615728523582	0.2524692863225937	0.05181514797732234	0.34686366375535727	0.022448830772191286	False	True	0.16190800070762634	0.0030942808371037245	0.1443825364112854	0.014012857340276241	0.6741889715194702	0.0024133147671818733	True	0.3145257532596588	0.17327803373336792	0.360556036233902	0.08961743861436844	0.019538355991244316	0.0424843467772007
d7a3wfc	an old picture has been retrieved	data/processed/pro_fakeddit/images/d7a3wfc.jpg	4	2	False	0.48659803718328476	0.10632333904504776	0.380274698138237	0.0003395318785806012	0.48659803718328476	0.006328678340651095	0.1261546761088539	0.0003043869510293007	False	True	0.4949761927127838	0.0006664733518846333	0.24851207435131073	0.0034915378782898188	0.2519998252391815	0.0003539015888236463	True	0.2655732035636902	1.2590405276569072e-05	0.7246840000152588	0.009165818803012371	0.00030952697852626443	0.00025487231323495507
cfwtgda	mary how do you control this fucking thing	data/processed/pro_fakeddit/images/cfwtgda.jpg	4	4	True	0.4666275376948761	0.1189030757668661	0.34772446192801	0.006566866999492049	0.15782813262194395	0.014093567937379703	0.4666275376948761	0.00715945461706724	False	True	0.04020743444561958	0.004330620635300875	0.0216399934142828	0.0008191137458197773	0.9328599572181702	0.0001428646210115403	True	0.6552414894104004	0.008803113363683224	0.2940162718296051	0.02736802212893963	0.00039511817158199847	0.01417604461312294
7ooady	robert downey jr pretending to hold up the avengers logo	data/processed/pro_fakeddit/images/7ooady.jpg	0	2	False	0.45198993384838104	0.3038962525315583	0.13670303858816624	0.14809368131682277	0.45198993384838104	0.045787299051880836	0.1169671923853457	0.10045879613608122	False	True	0.246396005153656	0.012678316794335842	0.44980549812316895	0.048326924443244934	0.22594226896762848	0.016850879415869713	True	0.027010072022676468	0.2835090458393097	0.45417436957359314	0.04324767366051674	0.007992115803062916	0.18406671285629272
dchfeco	beware that which lurks in the dark	data/processed/pro_fakeddit/images/dchfeco.jpg	4	0	False	0.5995017290115356	0.3797671049833298	0.5995017290115356	0.008333643432706594	0.21973462402820587	0.1001731026917696	0.04917049100913573	0.02308639558032155	False	True	0.5901833176612854	0.002956954762339592	0.2618675231933594	0.03822045400738716	0.09792743623256683	0.00884420145303011	True	0.6088201403617859	0.013710332103073597	0.17760172486305237	0.16212575137615204	0.00041354578570462763	0.03732858970761299
75srzq	rare picture of adolf hitler without his mustache	data/processed/pro_fakeddit/images/75srzq.jpg	2	0	False	0.4924670159816742	0.15716497600078583	0.4924670159816742	0.0725280218757689	0.33530203998088837	0.024995046202093363	0.0673846579156816	0.007323147263377905	False	True	0.2902294993400574	0.13411881029605865	0.3971554934978485	0.03749966621398926	0.1310286968946457	0.009967733174562454	True	0.694704532623291	0.010937233455479145	0.2734485864639282	0.012490426190197468	0.0037406189367175102	0.0046785613521933556
105aix	obama meets jayz and beyonce	data/processed/pro_fakeddit/images/105aix.jpg	0	0	True	0.42057542502880096	0.16279650013893843	0.42057542502880096	0.25777892488986254	0.16677349619567394	0.04817699547857046	0.02516036987071857	0.08153477404266596	False	True	0.5811264514923096	0.016667241230607033	0.2990697920322418	0.02999725751578808	0.049570728093385696	0.02356852777302265	True	0.26002439856529236	0.49889060854911804	0.034477200359106064	0.06635673344135284	0.0007500116480514407	0.13950102031230927
9k5p2b	this chicken nugget dispenser at my campground	data/processed/pro_fakeddit/images/9k5p2b.jpg	0	0	True	0.3139491677284241	0.048124849796295166	0.3139491677284241	0.10006411047652364	0.24777745828032494	0.03559967176988721	0.2658243179321289	0.036785274278372526	False	True	0.1954556107521057	0.01062189880758524	0.4034818410873413	0.010853421874344349	0.3750019669532776	0.004585213027894497	True	0.43244272470474243	0.18950632214546204	0.09207307547330856	0.06034592166543007	0.15664666891098022	0.06898533552885056
atbh3x	panorama of crucible lake	data/processed/pro_fakeddit/images/atbh3x.jpg	0	4	False	0.408938966691494	0.12046342343091965	0.28847554326057434	0.0048549091006862	0.08441422134637833	0.15446833465830423	0.408938966691494	0.058848029671935365	False	True	0.17340010404586792	9.67075175140053e-05	0.07159565389156342	0.0006426710751838982	0.7535153031349182	0.0007495707250200212	True	0.40355098247528076	0.009613110683858395	0.09723278880119324	0.30829399824142456	0.06436263024806976	0.11694648861885071
1un0ad	my sons ninja puddle kick	data/processed/pro_fakeddit/images/1un0ad.jpg	0	0	True	0.4907478541135788	0.31574156880378723	0.4907478541135788	0.1388578093610704	0.17500628530979156	0.023598835774464533	0.0816931170411408	0.09009613795205951	False	True	0.5388774275779724	0.006778712384402752	0.2883269786834717	0.000577712373342365	0.15829071402549744	0.007148503325879574	True	0.4426182806491852	0.27093690633773804	0.06168559193611145	0.0466199591755867	0.005095520056784153	0.17304377257823944
4h805l	abandoned sloth found a new friend	data/processed/pro_fakeddit/images/4h805l.jpg	0	0	True	0.5798051953315735	0.31137625500559807	0.5798051953315735	0.050580551847815514	0.2684289403259754	0.03825816698372364	0.05933942936826497	0.0035877209156751633	False	True	0.4302603006362915	0.004656936973333359	0.4281241297721863	0.019672252237796783	0.11485689133405685	0.002429438754916191	True	0.7293500900268555	0.09650416672229767	0.10873375087976456	0.0568440817296505	0.003821967402473092	0.0047460030764341354
8gqzbs	when this high schooler asked emma stone to be his date to prom she said yes but then got so trashed in the limo on the way there that she didnt even make it into the dance	data/processed/pro_fakeddit/images/8gqzbs.jpg	1	0	False	0.4709482640028	0.21589720051269978	0.4709482640028	0.04346438171342015	0.18281321972608566	0.03093304019421339	0.2550510634901002	0.016790065565146506	False	True	0.2023962438106537	0.010792710818350315	0.23945601284503937	0.03535427153110504	0.5088483691215515	0.003152405144646764	True	0.7395002841949463	0.07613605260848999	0.12617042660713196	0.02651180885732174	0.0012537578586488962	0.030427725985646248
2857zc	awww the poor things terrified	data/processed/pro_fakeddit/images/2857zc.jpg	2	0	False	0.7269209623336792	0.49976324290037155	0.7269209623336792	0.009437886532396078	0.22715771943330765	0.012779965531080961	0.011889944504218874	0.011813548859208822	False	True	0.7807636260986328	0.0022311704233288765	0.1778864711523056	0.010794943198561668	0.023717040196061134	0.004606760106980801	True	0.6730782985687256	0.01664460264146328	0.2764289677143097	0.014764987863600254	6.284881237661466e-05	0.019020337611436844
4qwlrw	an early publicity photo taken around the time of the casting of harry hermione and ron for the first harry potter movie	data/processed/pro_fakeddit/images/4qwlrw.jpg	0	4	False	0.41641462966799736	0.12725386954843998	0.149503655731678	0.2891607601195574	0.1167253889143467	0.009154370403848588	0.41641462966799736	0.019041239196667448	False	True	0.1537970006465912	0.0009788312017917633	0.09950774163007736	0.0021280187647789717	0.7429230213165283	0.0006654093158431351	True	0.14521031081676483	0.577342689037323	0.13394303619861603	0.016180722042918205	0.0899062380194664	0.03741706907749176
6xspe9	someone broke into his home ignored the electronics and stole legos worth	data/processed/pro_fakeddit/images/6xspe9.jpg	0	0	True	0.4670781120657921	0.2240259432946914	0.4670781120657921	0.02845451980829239	0.15495143830776215	0.050055790692567825	0.2430521687711007	0.05640795547515154	False	True	0.19975773990154266	0.04552508890628815	0.1395152360200882	0.039561595767736435	0.48598361015319824	0.08965665847063065	True	0.7343984842300415	0.01138395071029663	0.1703876405954361	0.060549985617399216	0.00012072738900315017	0.023159252479672432
2wvyxn	campaign leading white house contenders already violating finance laws report	data/processed/pro_fakeddit/images/2wvyxn.jpg	0	3	False	0.5257210582494736	0.30783480405807495	0.0392735255882144	0.21788625419139862	0.0437905415892601	0.5257210582494736	0.0005039142615714809	0.1728246733546257	False	True	0.01968730427324772	0.13230830430984497	0.0426311232149601	0.6906815767288208	0.000977320596575737	0.11371433734893799	True	0.058859746903181076	0.30346420407295227	0.044949959963560104	0.36076053977012634	3.0507926567224786e-05	0.23193500936031342
cgwqlm	my town released hundreds of goats to eat the grass on a hill	data/processed/pro_fakeddit/images/cgwqlm.jpg	0	0	True	0.7450744211673737	0.6260248087346554	0.7450744211673737	0.014397535036550835	0.11904961243271828	0.020329507533460855	0.08858315128600225	0.012565791956149042	False	True	0.6443243622779846	0.000915410986635834	0.1752244532108307	0.001836896874010563	0.17537155747413635	0.0023273404221981764	True	0.8458244800567627	0.027879659086465836	0.06287477165460587	0.03882211819291115	0.0017947450978681445	0.022804243490099907
c76al6	this water bottle has a spot for your name	data/processed/pro_fakeddit/images/c76al6.jpg	0	0	True	0.5104689747095108	0.16976764798164368	0.5104689747095108	0.002284970658365637	0.3407013267278671	0.10740792565047741	0.02518780343234539	0.013948908977909014	False	True	0.5566653609275818	0.0007731964578852057	0.3651125431060791	0.030591290444135666	0.019936129450798035	0.026921438053250313	True	0.4642725884914398	0.0037967448588460684	0.31629011034965515	0.18422456085681915	0.030439477413892746	0.0009763799025677145
3eywnc	katie hopkins proposes euthanasia vans as uk has far too many old people	data/processed/pro_fakeddit/images/3eywnc.jpg	0	0	True	0.23478203266859055	0.013030949980020523	0.23478203266859055	0.22175108268857002	0.2104659778997302	0.12966984882950783	0.0032694359979359433	0.2000616416335106	False	True	0.2874974310398102	0.07033873349428177	0.4020652770996094	0.1556439846754074	0.006089542526751757	0.07836510241031647	True	0.1820666342973709	0.3731634318828583	0.018866678699851036	0.10369571298360825	0.00044932946912012994	0.3217581808567047
49emmg	of top officials at northern powerhouse department work in london	data/processed/pro_fakeddit/images/49emmg.jpg	0	0	True	0.49251388013362885	0.1676715835928917	0.49251388013362885	0.013191001024097204	0.32484229654073715	0.09402559092268348	0.04419374102144502	0.03123347833752632	False	True	0.34660372138023376	0.012983312830328941	0.49174973368644714	0.011954846791923046	0.08774905651807785	0.04895936697721481	True	0.6384240388870239	0.013398689217865467	0.15793485939502716	0.1760963350534439	0.0006384255248121917	0.01350758969783783
avdoxi	samsung health icon looks like a duck looking right your left i posted in confusing perspective but no one could see it there	data/processed/pro_fakeddit/images/avdoxi.jpg	2	2	True	0.7550607025623322	0.6523292381316423	0.10273146443068981	0.009127500001341105	0.7550607025623322	0.05901083140634	0.040659855119884014	0.03340958338230848	False	True	0.06151334568858147	0.004365438595414162	0.7258159518241882	0.1117376983165741	0.06852257996797562	0.02804490737617016	True	0.14394958317279816	0.013889561407268047	0.7843054533004761	0.006283964496105909	0.012797130271792412	0.03877425938844681
16nb1y	john rocker writes in column that holocaust would have never taken place if jewish people had guns ny daily news	data/processed/pro_fakeddit/images/16nb1y.jpg	0	2	False	0.3299513030797243	0.01821112260222435	0.1972147896885872	0.31174018047749996	0.3299513030797243	0.0679615531116724	0.005764130444731563	0.0873680766671896	False	True	0.2449493259191513	0.01932470127940178	0.6199638247489929	0.0839763879776001	0.011132561601698399	0.02065318450331688	True	0.14948025345802307	0.6041556596755981	0.039938781410455704	0.051946718245744705	0.00039569928776472807	0.15408296883106232
6td0i1	nazis ecstatic trump refused to condemn white supremacist violence	data/processed/pro_fakeddit/images/6td0i1.jpg	0	0	True	0.3867262527346611	0.11204827576875687	0.3867262527346611	0.27467797696590424	0.10328005068004131	0.0886940211057663	0.06501300747731875	0.08160871500149369	False	True	0.21064935624599457	0.3964058756828308	0.17859040200710297	0.07208647578954697	0.12998589873313904	0.012282048352062702	True	0.5628031492233276	0.15295007824897766	0.02796969935297966	0.10530156642198563	4.0116221498465165e-05	0.15093538165092468
50ey8s	professor hunger strikes against denial of tenure	data/processed/pro_fakeddit/images/50ey8s.jpg	0	3	False	0.490191712975502	0.24911222234368324	0.24107949063181877	0.030221438268199563	0.2018839018419385	0.490191712975502	0.005070759038062533	0.031552706845104694	False	True	0.35985493659973145	0.005349763203412294	0.37721356749534607	0.20763978362083435	0.010120331309735775	0.03982161730527878	True	0.1223040446639061	0.05509311333298683	0.026554236188530922	0.7727436423301697	2.1186766389291734e-05	0.02328379638493061
2oqtmo	asteroid strike warnings build towards campaigners big day of rock	data/processed/pro_fakeddit/images/2oqtmo.jpg	0	0	True	0.43155132234096527	0.049016304314136505	0.43155132234096527	0.07404390163719654	0.06053927168250084	0.04402724280953407	0.007303272286662832	0.38253501802682877	False	True	0.27714207768440247	0.03894750401377678	0.07413287460803986	0.0054419636726379395	0.014430051669478416	0.5899055600166321	True	0.5859605669975281	0.1091402992606163	0.04694566875696182	0.0826125219464302	0.00017649290384724736	0.17516447603702545
1ouamz	troops on trucks with an explosion in the background	data/processed/pro_fakeddit/images/1ouamz.jpg	0	0	True	0.4075862029567361	0.10253455035854131	0.4075862029567361	0.3050516525981948	0.030475026462227106	0.028161315363831818	0.14216575771570206	0.08656009309925139	False	True	0.7990320920944214	0.003135677194222808	0.05613596737384796	0.0010981971863657236	0.13556671142578125	0.005031407345086336	True	0.01614031381905079	0.6069676280021667	0.004814085550606251	0.05522443354129791	0.14876480400562286	0.16808877885341644
4o1aqr	tn state rep to give away ars at fundraiser	data/processed/pro_fakeddit/images/4o1aqr.jpg	0	3	False	0.34561531245708466	0.08565356954932213	0.2544645890593529	0.06623019557446241	0.2599617429077625	0.34561531245708466	0.006799759328714572	0.06692841276526451	False	True	0.11267323791980743	0.016962839290499687	0.44430941343307495	0.37648189067840576	0.013295593671500683	0.036277055740356445	True	0.3962559401988983	0.11549755185842514	0.0756140723824501	0.31474873423576355	0.00030392498592846096	0.09757976979017258
46lrdo	planned avalanche buries russian town no warning to residents	data/processed/pro_fakeddit/images/46lrdo.jpg	0	0	True	0.3553580492734909	0.17892338577075861	0.3553580492734909	0.02936544467229396	0.15596489049494267	0.1532441850285977	0.1764346635027323	0.12963277217932045	False	True	0.36637768149375916	0.0019792469684034586	0.26777806878089905	0.007709716912358999	0.35247403383255005	0.0036812745966017246	True	0.34433841705322266	0.056751642376184464	0.04415171220898628	0.2987786531448364	0.0003952931729145348	0.2555842697620392
2jxazs	saw this spooky guy in my ice cream cone	data/processed/pro_fakeddit/images/2jxazs.jpg	2	2	True	0.5202463269233704	0.09734933078289032	0.42289699614048004	0.021873202174901962	0.5202463269233704	0.005911448737606406	0.022155070211738348	0.006916988408192992	False	True	0.44327273964881897	0.0035938285291194916	0.5419754981994629	0.002290917094796896	0.007211609743535519	0.001655495259910822	True	0.4025212526321411	0.04015257582068443	0.49851715564727783	0.009531980380415916	0.03709853067994118	0.012178481556475163
5r5ggc	this new air selfie thing is quadrupleshocked	data/processed/pro_fakeddit/images/5r5ggc.jpg	2	2	True	0.46496284008026123	0.09384629130363464	0.3711165487766266	0.010293081169947982	0.46496284008026123	0.024427602533251047	0.09801942575722933	0.031180569902062416	False	True	0.24961277842521667	0.0068604410625994205	0.48922544717788696	0.010130704380571842	0.19157704710960388	0.05259362980723381	True	0.4926203191280365	0.013725721277296543	0.4407002329826355	0.03872450068593025	0.0044618044048547745	0.009767509996891022
c6xua9h	its actually camouflage	data/processed/pro_fakeddit/images/c6xua9h.jpg	4	0	False	0.4634701609611511	0.15212546288967133	0.4634701609611511	0.017165668541565537	0.3113446980714798	0.05503283813595772	0.1423195527459029	0.01066703349351883	False	True	0.16887187957763672	0.032129622995853424	0.4259917438030243	0.07369414716959	0.28404703736305237	0.015265551395714283	True	0.7580684423446655	0.002201714087277651	0.1966976523399353	0.03637152910232544	0.0005920681287534535	0.006068515591323376
cllapo	this cloud looks like a buff rooster with a mace	data/processed/pro_fakeddit/images/cllapo.jpg	0	4	False	0.4717545509338379	0.1455140858888626	0.3262404650449753	0.017472928680945188	0.16641393303871155	0.008699868631083518	0.4717545509338379	0.009418251109309494	False	True	0.03676256537437439	0.001570452586747706	0.044120967388153076	0.00044339674059301615	0.9160330295562744	0.0010696633253246546	True	0.6157183647155762	0.03337540477514267	0.28870689868927	0.01695634052157402	0.027476072311401367	0.017766838893294334
6s9p5s	authorities florida man lawyers pants catch on fire to bed while husband was sleeping in strangers garage	data/processed/pro_fakeddit/images/6s9p5s.jpg	3	0	False	0.3449075296521187	0.004266791045665741	0.3449075296521187	0.0734354741871357	0.19790134578943253	0.34064073860645294	0.0016205056454055011	0.04149441234767437	False	True	0.2197631150484085	0.08859769254922867	0.211561918258667	0.4289175868034363	0.0022725285962224007	0.048887159675359726	True	0.47005194425582886	0.058273255825042725	0.18424077332019806	0.2523638904094696	0.0009684826945886016	0.034101665019989014
dhbmvr	this mini kart track right next to the real one	data/processed/pro_fakeddit/images/dhbmvr.jpg	0	0	True	0.7270023226737976	0.511125460267067	0.7270023226737976	0.003504248335957527	0.21587686240673065	0.014941189205273986	0.01863440894521773	0.0200409620301798	False	True	0.7539092302322388	0.004713071975857019	0.1989322155714035	0.0072607914917171	0.032536327838897705	0.002648396650329232	True	0.7000954151153564	0.002295424696058035	0.2328215092420578	0.02262158691883087	0.004732490051537752	0.037433527410030365
8zg6y9	this snake is all wrapped up	data/processed/pro_fakeddit/images/8zg6y9.jpg	2	0	False	0.6994895040988922	0.48929251730442047	0.6994895040988922	0.011895670788362622	0.21019698679447174	0.05096664931625128	0.00925069348886609	0.018200435675680637	False	True	0.7648046612739563	0.01673559658229351	0.16227883100509644	0.01725768856704235	0.010674865916371346	0.02824828401207924	True	0.6341743469238281	0.007055744994431734	0.25811514258384705	0.0846756100654602	0.007826521061360836	0.008152587339282036
25ahrg	too bugged out to thug out	data/processed/pro_fakeddit/images/25ahrg.jpg	2	0	False	0.4939274340867996	0.27956102415919304	0.4939274340867996	0.00793752825120464	0.21436640992760658	0.09662994649261236	0.1824510148871923	0.0046876968699507415	False	True	0.31617996096611023	0.0008689212845638394	0.30839356780052185	0.008329508826136589	0.3646087348461151	0.0016193630872294307	True	0.671674907207489	0.01500613521784544	0.12033925205469131	0.18493038415908813	0.0002932949282694608	0.007756030652672052
c26rhw	a former ohio teacher is facing sex charges involving more than female firstgraders john austin hopkins was indicted monday	data/processed/pro_fakeddit/images/c26rhw.jpg	0	3	False	0.6387454867362976	0.5120800510048866	0.12666543573141098	0.08726722095161676	0.05046393349766731	0.6387454867362976	0.0021429493208415806	0.09471499174833298	False	True	0.10864691436290741	0.016253339126706123	0.03976009786128998	0.7475640773773193	0.0015282531967386603	0.08624731004238129	True	0.14468395709991455	0.1582811027765274	0.06116776913404465	0.5299268960952759	0.002757645444944501	0.10318267345428467
ck5cow	a collection of water on my patio table looks like fry from futurama about to be eaten by a fish	data/processed/pro_fakeddit/images/ck5cow.jpg	0	0	True	0.3374451547861099	0.03423355316044763	0.3374451547861099	0.3032116016256623	0.16699182614684105	0.009232252137735486	0.07264350727200508	0.11047570314258337	False	True	0.5952155590057373	0.0015090148663148284	0.25630584359169006	0.012552700936794281	0.12445308268070221	0.0099638681858778	True	0.07967475056648254	0.6049141883850098	0.07767780870199203	0.005911803338676691	0.020833931863307953	0.21098753809928894
2e2gf2	man fakes own death to avoid upcoming wedding	data/processed/pro_fakeddit/images/2e2gf2.jpg	0	0	True	0.5243143141269684	0.12458918616175652	0.5243143141269684	0.0056633357889950275	0.39972512796521187	0.040818778332322836	0.023307784031203482	0.006170676555484533	False	True	0.19498944282531738	0.00234121922403574	0.7385083436965942	0.009257855825126171	0.046480692923069	0.008422423154115677	True	0.8536391854286194	0.008985452353954315	0.0609419122338295	0.0723797008395195	0.00013487513933796436	0.00391892995685339
51u4bm	different colors chance and change	data/processed/pro_fakeddit/images/51u4bm.jpg	1	2	False	0.4086812734603882	0.13213376537896693	0.19532935693860054	0.005321229269611649	0.4086812734603882	0.059548783814534545	0.27654750808142126	0.05457186125568114	False	True	0.040327288210392	0.0003331581538077444	0.40414589643478394	0.0037994752638041973	0.5507407784461975	0.0006533746491186321	True	0.3503314256668091	0.010309300385415554	0.41321665048599243	0.11529809236526489	0.0023542377166450024	0.10849034786224365
1ck66j	tin of biscuits goes missing from police station and officers report it as a crime	data/processed/pro_fakeddit/images/1ck66j.jpg	0	0	True	0.5952283143997192	0.3057897314429283	0.5952283143997192	0.0039715575985610485	0.2894385829567909	0.051493264734745026	0.012356792052742094	0.04751149192452431	False	True	0.4135470390319824	0.0021656095050275326	0.4564688205718994	0.03483522683382034	0.02363259345293045	0.0693507045507431	True	0.776909589767456	0.0057775056920945644	0.12240834534168243	0.06815130263566971	0.0010809906525537372	0.02567227929830551
ceaau6	the way the stem ripped from my peach	data/processed/pro_fakeddit/images/ceaau6.jpg	0	2	False	0.6117919385433197	0.29257766902446747	0.31921426951885223	0.006838988803792745	0.6117919385433197	0.015222033951431513	0.006578273954801261	0.04035448469221592	False	True	0.10372355580329895	0.0014243625337257981	0.8599718809127808	0.009700705297291279	0.010811025276780128	0.014368440955877304	True	0.5347049832344055	0.012253615073859692	0.36361199617385864	0.020743362605571747	0.0023455226328223944	0.06634052842855453
4tv5u8	angrily charging into battle	data/processed/pro_fakeddit/images/4tv5u8.jpg	2	0	False	0.592451199889183	0.3364277258515358	0.592451199889183	0.034945894964039326	0.25602347403764725	0.028402320109307766	0.0739168314030394	0.014260306488722563	False	True	0.4735638201236725	0.023122956976294518	0.3114154040813446	0.024067679420113564	0.14734385907649994	0.0204862542450428	True	0.7113385796546936	0.046768832951784134	0.2006315439939499	0.03273696079850197	0.0004898037295788527	0.008034358732402325
bhdxlg	my fortune cookie had three fortunes in it	data/processed/pro_fakeddit/images/bhdxlg.jpg	0	0	True	0.6593081653118134	0.36746959388256073	0.6593081653118134	0.006387100787833333	0.2918385714292526	0.013871851842850447	0.0035187384382879827	0.025075570680201054	False	True	0.5382777452468872	0.006321585271507502	0.409030556678772	0.00886229146271944	0.006969864945858717	0.030537940561771393	True	0.7803385853767395	0.006452616304159164	0.17464658617973328	0.018881412222981453	6.761193071724847e-05	0.019613200798630714
dlpvzu	what i do with my spare time in construction class	data/processed/pro_fakeddit/images/dlpvzu.jpg	0	0	True	0.5298301726579666	0.25863865693099797	0.5298301726579666	0.005027806153520942	0.18051591515541077	0.006033268291503191	0.27119151572696865	0.007401326787658036	False	True	0.22516211867332458	0.003994297701865435	0.21294087171554565	0.00814274325966835	0.5385079979896545	0.011252009309828281	True	0.8344982266426086	0.006061314605176449	0.14809095859527588	0.003923793323338032	0.003875033464282751	0.00355064426548779
44e6r9	newspaper dropped by the raf on the channel islands during the german occupation uk	data/processed/pro_fakeddit/images/44e6r9.jpg	5	1	False	0.9312097430229187	0.9042251445353031	0.020629328675568104	0.9312097430229187	0.009969186212401837	0.026984598487615585	0.0014568348806278664	0.009750364813953638	False	True	0.03819762542843819	0.8772409558296204	0.019523730501532555	0.04772058129310608	0.0028907209634780884	0.014426490291953087	True	0.003061031922698021	0.985178530216217	0.0004146419232711196	0.0062486156821250916	2.294879777764436e-05	0.005074239335954189
cezsh5	a half and half tree i came across at the hat creek observatory	data/processed/pro_fakeddit/images/cezsh5.jpg	0	4	False	0.4795934818685055	0.14357929211109877	0.07652677036821842	0.015717912083346164	0.07220743224024773	0.0199402010475751	0.4795934818685055	0.3360141897574067	False	True	0.05398660525679588	0.00012185720697743818	0.08831897377967834	0.0006090548704378307	0.8546974062919617	0.002266066148877144	True	0.09906693547964096	0.03131396695971489	0.05609589070081711	0.03927134722471237	0.10448955744504929	0.6697623133659363
dij6elx	sirsiri swearsirnot a single drop	data/processed/pro_fakeddit/images/dij6elx.jpg	4	4	True	0.3642983084428124	0.06748662347672507	0.29681168496608734	0.03475221432745457	0.25340045616030693	0.027559432899579406	0.3642983084428124	0.023177945258794352	False	True	0.1627051830291748	0.05521091818809509	0.04808386415243149	0.005066822748631239	0.7280474901199341	0.0008857868961058557	True	0.4309181869029999	0.014293510466814041	0.4587170481681824	0.05005204305052757	0.0005491267656907439	0.04547010362148285
4wb43d	city of fairfax mayor arrested in methforsex bust police say	data/processed/pro_fakeddit/images/4wb43d.jpg	0	3	False	0.3477739989757538	0.11503863893449306	0.15636132284998894	0.2154185874387622	0.23273536004126072	0.3477739989757538	0.009368734623421915	0.03834203211590648	False	True	0.11922150105237961	0.02683170698583126	0.4220304489135742	0.4034750163555145	0.018404899165034294	0.010036475025117397	True	0.19350114464759827	0.4040054678916931	0.04344027116894722	0.29207298159599304	0.0003325700818095356	0.06664758920669556
d9xzl0	spider making their web in front of my security camera this morning	data/processed/pro_fakeddit/images/d9xzl0.jpg	0	0	True	0.647952139377594	0.46150629222393036	0.647952139377594	0.002163958619348705	0.18644584715366364	0.00938444398343563	0.13344882859382778	0.02060475025791675	False	True	0.517151951789856	0.0006073566619306803	0.20544201135635376	0.00838949903845787	0.26459547877311707	0.0038136320654302835	True	0.778752326965332	0.0037205605767667294	0.1674496829509735	0.010379388928413391	0.0023021784145385027	0.037395868450403214
8fzxb9	find out what jason biggs mark zuckerberg and bernie sanders have to say	data/processed/pro_fakeddit/images/8fzxb9.jpg	1	1	True	0.6227668821811676	0.48234274704009295	0.04862060211598873	0.6227668821811676	0.14042413514107466	0.03374455124139786	0.01656958629791916	0.13787423819303513	False	True	0.04277745634317398	0.510479211807251	0.26082974672317505	0.04779161140322685	0.033117763698101044	0.105004221200943	True	0.05446374788880348	0.7350545525550842	0.020018523558974266	0.019697491079568863	2.1408897737273946e-05	0.17074425518512726
2jjvm7	ellen degeneres is very generous donation to help nfl players daughter fight cancer	data/processed/pro_fakeddit/images/2jjvm7.jpg	0	2	False	0.28981080651283264	0.019748449325561523	0.197165384888649	0.10194779932498932	0.28981080651283264	0.2700623571872711	0.011720511800376698	0.12929313257336617	False	True	0.12254789471626282	0.09248370677232742	0.43503302335739136	0.2585289478302002	0.022810105234384537	0.06859631091356277	True	0.27178287506103516	0.11141189187765121	0.14458858966827393	0.28159576654434204	0.00063091836636886	0.18998995423316956
8embki	plantation owner destitute after the seizure of his holdings	data/processed/pro_fakeddit/images/8embki.jpg	2	4	False	0.263588006288046	0.037614179687807336	0.21810616552829742	0.13950687204487622	0.1492987833917141	0.22597382660023868	0.263588006288046	0.0035263509198557585	False	True	0.20768865942955017	0.006818166468292475	0.2553294003009796	0.003179871942847967	0.5268685817718506	0.0001153023331426084	True	0.22852367162704468	0.27219557762145996	0.04326816648244858	0.4487677812576294	0.00030743080424144864	0.006937399506568909
bck098	west virginia poverty gets worse under trump economy not better	data/processed/pro_fakeddit/images/bck098.jpg	0	4	False	0.31246736252796836	0.027249489474343136	0.1568710058927536	0.11005036381538957	0.10914095491170883	0.02625242294743657	0.31246736252796836	0.2852178730536252	False	True	0.1811535358428955	0.0022318779956549406	0.17972853779792786	0.007967722602188587	0.6247005462646484	0.004217846784740686	True	0.1325884759426117	0.2178688496351242	0.03855337202548981	0.044537123292684555	0.00023417879128828645	0.5662178993225098
7tk3n3	my puppy mimi at my sweet boy resting in the morning	data/processed/pro_fakeddit/images/7tk3n3.jpg	3	0	False	0.6752078235149384	0.42282600700855255	0.6752078235149384	0.011075960006564856	0.2523818165063858	0.04617206193506718	0.001466669848014135	0.013695762492716312	False	True	0.730674147605896	0.015610146336257458	0.1764114797115326	0.05518845468759537	0.00013826486247126013	0.021977629512548447	True	0.6197414994239807	0.006541773676872253	0.328352153301239	0.037155669182538986	0.0027950748335570097	0.005413895472884178
69fjf0	when you realize everyone is going to make the most of the democrat party is that a girl in a microwave	data/processed/pro_fakeddit/images/69fjf0.jpg	3	0	False	0.38520878553390503	0.07271031598793343	0.38520878553390503	0.15350098419003189	0.06654846668243408	0.026726278010755777	0.3124984695459716	0.05551694717723876	False	True	0.34794294834136963	0.001182784792035818	0.020853832364082336	0.00358490739017725	0.6243383288383484	0.0020971449557691813	True	0.42247462272644043	0.30581918358802795	0.11224310100078583	0.049867648631334305	0.0006586102535948157	0.10893674939870834
8xp1ss	watching all girls garage when suddenly	data/processed/pro_fakeddit/images/8xp1ss.jpg	2	0	False	0.5675717741250992	0.24111851304769516	0.5675717741250992	0.008159925928339362	0.326453261077404	0.005275167524814606	0.07919954663520912	0.013340307399630547	False	True	0.3027794063091278	0.010894586332142353	0.5121777057647705	0.005211217328906059	0.15826930105686188	0.010667698457837105	True	0.8323641419410706	0.005425265524536371	0.14072881639003754	0.005339117720723152	0.00012979221355635673	0.01601291634142399
1xgh9z	the only people harassing the gays of sochi are the foreign journalists	data/processed/pro_fakeddit/images/1xgh9z.jpg	0	1	False	0.4249366819858551	0.17482822388410568	0.16811559908092022	0.4249366819858551	0.09565459378063679	0.2501084581017494	0.0010865719505090965	0.060098133981227875	False	True	0.04639732465147972	0.5805108547210693	0.13820093870162964	0.1436036378145218	0.002142916200682521	0.08914443850517273	True	0.2898338735103607	0.26936250925064087	0.053108248859643936	0.35661327838897705	3.0227700335672125e-05	0.03105182945728302
coygman	they see me rollin they hatin	data/processed/pro_fakeddit/images/coygman.jpg	4	2	False	0.4297388046979904	0.12580312229692936	0.30393568240106106	0.055712603498250246	0.4297388046979904	0.03315492160618305	0.17276880648569204	0.004689200082793832	False	True	0.06019778177142143	0.011906103231012821	0.5252580046653748	0.05588642135262489	0.3451744019985199	0.0015772744081914425	True	0.5476735830307007	0.09951910376548767	0.3342196047306061	0.010423421859741211	0.0003632109728641808	0.007801125757396221
cd80q4n	amazing who you see when going for a walk in the hills	data/processed/pro_fakeddit/images/cd80q4n.jpg	4	4	True	0.4865881137229735	0.09353911016660277	0.39304900355637074	0.0013567399291787297	0.1165441325865686	0.002000662287173327	0.4865881137229735	0.00046133758951327763	False	True	0.01608366146683693	0.0017404446844011545	0.009223456494510174	8.709919347893447e-05	0.9727698564529419	9.540793689666316e-05	True	0.7700143456459045	0.0009730351739563048	0.22386480867862701	0.00391422538086772	0.0004063709930051118	0.0008272672421298921
5atqir	manor park ive got a screwdriver and a few minutes	data/processed/pro_fakeddit/images/5atqir.jpg	1	0	False	0.4895172417163849	0.14575748145580292	0.4895172417163849	0.019862225279211998	0.34375976026058197	0.031786320731043816	0.10715918359346688	0.007915257883723825	False	True	0.29164373874664307	0.018314020708203316	0.45430052280426025	0.022680629044771194	0.21221601963043213	0.0008450326276943088	True	0.6873907446861267	0.02141042985022068	0.2332189977169037	0.04089201241731644	0.002102347556501627	0.014985483139753342
1ogbqh	russia responds to antimigrant riots by arresting migrants	data/processed/pro_fakeddit/images/1ogbqh.jpg	0	0	True	0.6368660479784012	0.5258339184802026	0.6368660479784012	0.06663724686950445	0.04814602807164192	0.11103212949819863	0.05545971494575497	0.0818588052643463	False	True	0.7972450852394104	0.022031059488654137	0.06184753403067589	0.007102938834577799	0.11050041019916534	0.0012729743029922247	True	0.47648701071739197	0.11124343425035477	0.034444522112607956	0.21496132016181946	0.000419019692344591	0.16244463622570038
cc2049	i still have my egg baby from grammar school im	data/processed/pro_fakeddit/images/cc2049.jpg	0	0	True	0.7529712617397308	0.6087101511657238	0.7529712617397308	0.0028806827031075954	0.14426111057400703	0.004816166823729873	0.09434455489827087	0.0007262835570145398	False	True	0.6253269910812378	0.004457083996385336	0.17693887650966644	0.0041660163551568985	0.18858429789543152	0.0005267400410957634	True	0.8806155323982239	0.001304281409829855	0.11158334463834763	0.005466317292302847	0.00010481190111022443	0.0009258270729333162
4398cn	pitbull wearing sunglasses with a drum machine from the s	data/processed/pro_fakeddit/images/4398cn.jpg	0	2	False	0.4776822477579117	0.1752670556306839	0.3024151921272278	0.08333036070689559	0.4776822477579117	0.0721052112057805	0.03237190190702677	0.032095134258270264	False	True	0.3350757956504822	0.013233344070613384	0.5933435559272766	0.02600228227674961	0.025955433025956154	0.006389591842889786	True	0.2697545886039734	0.1534273773431778	0.36202093958854675	0.1182081401348114	0.03878837078809738	0.05780067667365074
c7q397q	did you say banana proof vest	data/processed/pro_fakeddit/images/c7q397q.jpg	4	0	False	0.4444749802350998	0.07992554822703823	0.4444749802350998	0.024301511235535145	0.10550838708877563	0.03946593205910176	0.36454943200806156	0.02169974977732636	False	True	0.20789781212806702	0.029404575005173683	0.03281612694263458	0.0005076935049146414	0.7285698652267456	0.0008039342355914414	True	0.6810521483421326	0.019198447465896606	0.1782006472349167	0.07842417061328888	0.0005289987893775105	0.04259556531906128
df2iiir	cat observing the planet	data/processed/pro_fakeddit/images/df2iiir.jpg	4	4	True	0.49551969254389405	0.22390403971076012	0.27161565283313394	0.021244655203190632	0.12269108928740025	0.019336820987518877	0.49551969254389405	0.06959214717062423	False	True	0.007304188795387745	0.0003871672379318625	0.01291363313794136	0.0001427520764991641	0.9790943264961243	0.00015795051876921207	True	0.5359271168708801	0.0421021431684494	0.23246854543685913	0.03853088989853859	0.011945058591663837	0.13902634382247925
dg51hq	these deceivingly large bins in porto portugal	data/processed/pro_fakeddit/images/dg51hq.jpg	0	0	True	0.45536018535494804	0.22777611622586846	0.45536018535494804	0.043022645404562354	0.09798114001750946	0.14182344265282154	0.034228559117764235	0.22758406912907958	False	True	0.8068090081214905	0.006470273714512587	0.09653665870428085	0.019714269787073135	0.058572158217430115	0.011897782795131207	True	0.10391136258840561	0.07957501709461212	0.09942562133073807	0.26393261551856995	0.009884960018098354	0.44327035546302795
cz4vrs	this ladder near my school	data/processed/pro_fakeddit/images/cz4vrs.jpg	0	0	True	0.3350658565759659	0.057368114590644836	0.3350658565759659	0.09573302045464516	0.27769774198532104	0.08479358442127705	0.13849889673292637	0.06821082765236497	False	True	0.26769593358039856	0.014933429658412933	0.4316985309123993	0.03712854161858559	0.23786310851573944	0.010680382139980793	True	0.4024357795715332	0.17653261125087738	0.1236969530582428	0.1324586272239685	0.039134684950113297	0.12574127316474915
bvo9w5	this soap we have reminds me a lot of the time stone from avengers	data/processed/pro_fakeddit/images/bvo9w5.jpg	0	0	True	0.8146809041500092	0.6843964047729969	0.8146809041500092	0.003941222319554072	0.13028449937701225	0.012904491857625544	0.02524682995863259	0.012941956054419279	False	True	0.8692553639411926	0.00022305733000393957	0.07559553533792496	0.002400902332738042	0.0495581328868866	0.0029669078066945076	True	0.7601064443588257	0.007659387309104204	0.18497346341609955	0.023408081382513046	0.0009355270303785801	0.02291700430214405
dkdb1c	inside of a frozen pumpkin	data/processed/pro_fakeddit/images/dkdb1c.jpg	0	0	True	0.5901198387145996	0.2569005489349365	0.5901198387145996	0.0046004122123122215	0.3332192897796631	0.023858789820224047	0.04120574099943042	0.0069959210231900215	False	True	0.43918758630752563	0.0015549012459814548	0.47903695702552795	0.008090809918940067	0.067997507750988	0.004132247529923916	True	0.7410520911216736	0.007645923178642988	0.18740162253379822	0.039626769721508026	0.01441397424787283	0.009859594516456127
25c4ek	the first time i jumped out of an airplane	data/processed/pro_fakeddit/images/25c4ek.jpg	0	0	True	0.5419700741767883	0.1174505203962326	0.5419700741767883	0.002084602019749582	0.4245195537805557	0.0251686570700258	0.002009429550525965	0.00424774136627093	False	True	0.398715615272522	0.002741571282967925	0.5882000923156738	0.004675000440329313	0.00393407279625535	0.0017337106401100755	True	0.6852245330810547	0.0014276327565312386	0.2608390152454376	0.04566231369972229	8.478630479658023e-05	0.006761772092431784
4ozt8b	woman pointing out track cyclists massive legs	data/processed/pro_fakeddit/images/4ozt8b.jpg	0	2	False	0.25124894827604294	0.04254890978336334	0.20482441037893295	0.2087000384926796	0.25124894827604294	0.00818004016764462	0.1360834053484723	0.19096315139904618	False	True	0.3379926085472107	0.01455618441104889	0.3590303361415863	0.0067899697460234165	0.2686649560928345	0.01296601165086031	True	0.07165621221065521	0.4028438925743103	0.14346756041049957	0.009570110589265823	0.0035018546041101217	0.36896029114723206
cmawyw	aroma burner is frustrated	data/processed/pro_fakeddit/images/cmawyw.jpg	2	2	True	0.40649934113025665	0.05688996613025665	0.349609375	0.07482866256032139	0.40649934113025665	0.10620860336348414	0.04801246023271233	0.014841511379927397	False	True	0.47515109181404114	0.003547490807250142	0.4094964861869812	0.0069689517840743065	0.09372515231370926	0.011110787279903889	True	0.22406765818595886	0.14610983431339264	0.4035021960735321	0.20544825494289398	0.002299768151715398	0.018572235479950905
4ldy6q	south african firefighters to be deployed to fight wildfires in alberta canada	data/processed/pro_fakeddit/images/4ldy6q.jpg	0	0	True	0.5589065849781036	0.3471415415406227	0.5589065849781036	0.01713170565199107	0.21176504343748093	0.13385922834277153	0.01957029360346496	0.058767177164554596	False	True	0.6329302191734314	0.003168293973430991	0.2506924867630005	0.05700740963220596	0.03629961982369423	0.0199020653963089	True	0.4848829507827759	0.031095117330551147	0.17283760011196136	0.2107110470533371	0.002840967383235693	0.09763228893280029
b6rl3u	this warning on my external dvd drive	data/processed/pro_fakeddit/images/b6rl3u.jpg	0	0	True	0.503079280257225	0.2597109191119671	0.503079280257225	0.0035435734316706657	0.24336836114525795	0.18507710844278336	0.001235504139913246	0.06369616836309433	False	True	0.6243695020675659	0.0028146752156317234	0.11000258475542068	0.17090244591236115	0.0016826437786221504	0.09022809565067291	True	0.38178905844688416	0.004272471647709608	0.3767341375350952	0.19925177097320557	0.0007883645012043417	0.03716424107551575
dd424g	pilot flew over ancient monte alba ruins in mexico for passenger could see it some ruins date back to ac	data/processed/pro_fakeddit/images/dd424g.jpg	0	0	True	0.6312279403209686	0.376225508749485	0.6312279403209686	0.05188561411341652	0.2550024315714836	0.01262091938406229	0.026733403065009043	0.0225296663120389	False	True	0.5024352073669434	0.0005118361441418529	0.428326815366745	0.00804171897470951	0.052670400589704514	0.008013958111405373	True	0.7600206732749939	0.10325939208269119	0.08167804777622223	0.01720011979341507	0.0007964055403135717	0.037045374512672424
c82ydk	the lines on my lined paper are printed in the wrong direction	data/processed/pro_fakeddit/images/c82ydk.jpg	0	2	False	0.501671090722084	0.1988445669412613	0.30282652378082275	0.007751361466944218	0.501671090722084	0.09714536555111408	0.029715151678828988	0.060890497639775276	False	True	0.42886486649513245	0.00935242511332035	0.3616025745868683	0.054481375962495804	0.059242840856313705	0.08645591884851456	True	0.17678818106651306	0.006150297820568085	0.6417396068572998	0.13980935513973236	0.000187462501344271	0.035325076431035995
6jpojp	australian footballer being feinted	data/processed/pro_fakeddit/images/6jpojp.jpg	0	1	False	0.3766980347863864	0.04411615707795136	0.33258187770843506	0.3766980347863864	0.2267585415393114	0.012239165022037923	0.04652970778988674	0.005192643613554537	False	True	0.497322678565979	0.0005529876216314733	0.4069455564022064	0.001954545034095645	0.09155458956956863	0.0016696027014404535	True	0.1678410768508911	0.7528430819511414	0.0465715266764164	0.0225237850099802	0.0015048260102048516	0.008715684525668621
7z77mb	a man preparing to hit the ball	data/processed/pro_fakeddit/images/7z77mb.jpg	0	2	False	0.5407983660697937	0.23661299049854279	0.3041853755712509	0.06263249833136797	0.5407983660697937	0.04261563066393137	0.03909100778400898	0.010677073267288506	False	True	0.3571491241455078	0.01775534637272358	0.5480536222457886	0.012817168608307838	0.06233048066496849	0.0018941725138574839	True	0.251221626996994	0.10750965029001236	0.5335431098937988	0.0724140927195549	0.01585153490304947	0.019459974020719528
dccegf	shonen knife concert at hardees	data/processed/pro_fakeddit/images/dccegf.jpg	0	0	True	0.3874829411506653	0.04809251427650452	0.3874829411506653	0.33939042687416077	0.20875062514096498	0.020426040049642324	0.02774029248394072	0.01620970107614994	False	True	0.5264912843704224	0.02790743112564087	0.38692519068717957	0.007663602940738201	0.04791400954127312	0.00309847854077816	True	0.2484745979309082	0.6508734226226807	0.030576059594750404	0.03318847715854645	0.007566575426608324	0.02932092361152172
8dhwhx	photo of an alleged satanic ritual circa	data/processed/pro_fakeddit/images/8dhwhx.jpg	2	0	False	0.7298372387886047	0.6434408295608591	0.7298372387886047	0.08639640922774561	0.0790894441306591	0.015398567542433739	0.07136402756441385	0.017914257012307644	False	True	0.528068482875824	0.17199717462062836	0.09845677763223648	0.025664398446679115	0.14098629355430603	0.03482680767774582	True	0.9316059947013855	0.0007956438348628581	0.059722110629081726	0.005132736638188362	0.0017417615745216608	0.0010017063468694687
10tba7	we are the happiest hooks	data/processed/pro_fakeddit/images/10tba7.jpg	2	0	False	0.5255428552627563	0.21158850193023682	0.5255428552627563	0.0032369768305215985	0.31395435333251953	0.03744656348135322	0.11240715488384012	0.007412101607769728	False	True	0.3955675959587097	0.0007548581925220788	0.3706708550453186	0.0009916822891682386	0.22451341152191162	0.00750160776078701	True	0.655518114566803	0.005719095468521118	0.25723785161972046	0.07390144467353821	0.00030089824576862156	0.007322595454752445
cjcjb6m	trying out for the olympic diving team	data/processed/pro_fakeddit/images/cjcjb6m.jpg	4	0	False	0.4301188513636589	0.1766745239874581	0.4301188513636589	0.01983272796496749	0.23131702840328217	0.057576702907681465	0.2534443273762008	0.0077103793155401945	False	True	0.19336436688899994	0.008314336650073528	0.2601178288459778	0.024176020175218582	0.5064506530761719	0.00757685536518693	True	0.6668733358383179	0.03135111927986145	0.20251622796058655	0.09097738564014435	0.00043800167622976005	0.00784390326589346
b5ilmr	antman penetrating thanos	data/processed/pro_fakeddit/images/b5ilmr.jpg	2	0	False	0.7094935476779938	0.5002513378858566	0.7094935476779938	0.04129388742148876	0.20924220979213715	0.015389826148748398	0.011229220894165337	0.013351279660128057	False	True	0.7215746641159058	0.013358402997255325	0.2375929355621338	0.006369896233081818	0.019029732793569565	0.0020743112545460463	True	0.6974124312400818	0.0692293718457222	0.1808914840221405	0.024409756064414978	0.0034287089947611094	0.024628248065710068
bjalxc	this urinal has a dick in it	data/processed/pro_fakeddit/images/bjalxc.jpg	0	0	True	0.5917926728725433	0.2830445319414139	0.5917926728725433	0.01898515922948718	0.30874814093112946	0.0574146828148514	0.011841929343063384	0.011217429535463452	False	True	0.6375243663787842	0.007928687147796154	0.32256317138671875	0.004190419334918261	0.022447019815444946	0.005346360150724649	True	0.5460609793663025	0.030041631311178207	0.29493311047554016	0.11063894629478455	0.0012368388706818223	0.017088498920202255
cmcyj0	isabella of france invading englandcolorized	data/processed/pro_fakeddit/images/cmcyj0.jpg	2	0	False	0.772834062576294	0.6387429910246283	0.772834062576294	0.017990697640925646	0.06987564451992512	0.0019968860142398626	0.13409107155166566	0.003211609902791679	False	True	0.6803770065307617	0.011160026304423809	0.03973013535141945	0.003218891331925988	0.2623872458934784	0.003126647789031267	True	0.8652911186218262	0.024821368977427483	0.10002115368843079	0.0007748806965537369	0.005794897209852934	0.0032965720165520906
5qlqu8	i consider myself one of the sides	data/processed/pro_fakeddit/images/5qlqu8.jpg	3	0	False	0.5522475391626358	0.2522445895301644	0.5522475391626358	0.3000029496324714	0.11929410696029663	0.008017052081413567	0.0034204623516416177	0.017017809441313148	False	True	0.27062109112739563	0.5992007255554199	0.0798843652009964	0.012740813195705414	0.006402464117854834	0.031150508671998978	True	0.833873987197876	0.0008051737095229328	0.15870384871959686	0.0032932909671217203	0.00043846058542840183	0.0028851102106273174
9emad7	this chip looks like a shoe	data/processed/pro_fakeddit/images/9emad7.jpg	2	0	False	0.4789625108242035	0.018635302782058716	0.4789625108242035	0.0038964181439951062	0.4603272080421448	0.02350662089884281	0.024119494017213583	0.0091877575032413	False	True	0.36878502368927	0.00597310671582818	0.5790145397186279	0.005000617355108261	0.03463834896683693	0.006588337942957878	True	0.589139997959137	0.0018197295721620321	0.3416398763656616	0.04201262444257736	0.013600639067590237	0.011787177063524723
11xasn	mitt romney gives the crowd a thumbs up after the debate	data/processed/pro_fakeddit/images/11xasn.jpg	0	1	False	0.5758188888430595	0.36489891819655895	0.2109199706465006	0.5758188888430595	0.13912408266332932	0.01861637318506837	0.004620184583473019	0.05090058036148548	False	True	0.4194967746734619	0.22610823810100555	0.2776705324649811	0.03353077173233032	0.008754192851483822	0.03443941846489906	True	0.002343166619539261	0.9255295395851135	0.0005776328616775572	0.0037019746378064156	0.00048617631546221673	0.0673617422580719
bqiajy	a peace sign shaped hole in a tree that i found while hiking	data/processed/pro_fakeddit/images/bqiajy.jpg	0	0	True	0.34213845431804657	0.1277608945965767	0.34213845431804657	0.01579256031254772	0.21437755972146988	0.07250997715163976	0.20496187452226877	0.1502195791399572	False	True	0.4467740058898926	0.00013275540550239384	0.15869836509227753	0.0030505715403705835	0.39075347781181335	0.0005908103776164353	True	0.23750290274620056	0.03145236521959305	0.27005675435066223	0.14196938276290894	0.01917027123272419	0.299848347902298
ccczkx	this box came with a plastic tool for cutting the tape	data/processed/pro_fakeddit/images/ccczkx.jpg	0	2	False	0.4486970528960228	0.08647995442152023	0.36221709847450256	0.010684712324291468	0.4486970528960228	0.07926308363676071	0.0245824814774096	0.07455558143556118	False	True	0.5769889950752258	0.011888828128576279	0.24546901881694794	0.08946637809276581	0.04078232869505882	0.035404469817876816	True	0.1474452018737793	0.009480596520006657	0.6519250869750977	0.06905978918075562	0.00838263425976038	0.11370669305324554
d663gr	saw a pirate ship sailing in the harbour today reflection is because i was on a bus	data/processed/pro_fakeddit/images/d663gr.jpg	0	2	False	0.4204053580760956	0.05193350464105606	0.3684718534350395	0.027171643312613014	0.4204053580760956	0.010907709365710616	0.1310249175876379	0.042018479434773326	False	True	0.20552979409694672	0.00023209275968838483	0.5527290105819702	0.005667276214808226	0.23373684287071228	0.002104972954839468	True	0.5314139127731323	0.05411119386553764	0.28808170557022095	0.016148142516613007	0.028312992304563522	0.08193198591470718
1ifigy	my brothers navy pictureoh boy	data/processed/pro_fakeddit/images/1ifigy.jpg	0	0	True	0.7723328173160553	0.5762398913502693	0.7723328173160553	0.004331786738475785	0.19609292596578598	0.006912066368386149	0.01909590166178532	0.0012344849164946936	False	True	0.7127209305763245	0.008220345713198185	0.22840622067451477	0.01059883926063776	0.0377606526017189	0.0022928945254534483	True	0.8319447040557861	0.00044322776375338435	0.1637796312570572	0.0032252934761345387	0.0004311507218517363	0.00017607530753593892
bklbgq	a gnomeelf that my little sister drew for me today	data/processed/pro_fakeddit/images/bklbgq.jpg	0	0	True	0.3484252542257309	0.12584155797958374	0.3484252542257309	0.1557936742901802	0.22258369624614716	0.07966657727956772	0.16461313841864467	0.028917682357132435	False	True	0.22578215599060059	0.17976853251457214	0.22082993388175964	0.03699861466884613	0.3143230080604553	0.022297756746411324	True	0.4710683524608612	0.13181881606578827	0.22433745861053467	0.1223345398902893	0.014903268776834011	0.035537607967853546
q9lci	clockwise heh from top sad angry and unsure	data/processed/pro_fakeddit/images/q9lci.jpg	2	2	True	0.5289050191640854	0.2135138213634491	0.3153911978006363	0.02013499289751053	0.5289050191640854	0.03454615315422416	0.019404838560149074	0.08161774463951588	False	True	0.4036731719970703	0.02072068862617016	0.49231114983558655	0.009554154239594936	0.035581979900598526	0.03815882280468941	True	0.22710922360420227	0.0195492971688509	0.5654988884925842	0.05953815206885338	0.003227697219699621	0.12507666647434235
bl9olk	i thought there was a person buried to the neck	data/processed/pro_fakeddit/images/bl9olk.jpg	2	0	False	0.7020981907844543	0.4496423229575157	0.7020981907844543	0.0008817750167509075	0.25245586782693863	0.009302174672484398	0.03456321718113031	0.0006986995285842568	False	True	0.5767053961753845	0.00010447057866258547	0.3528608977794647	0.0010871849954128265	0.06881453841924667	0.0004274047096259892	True	0.8274909853935242	0.0016590794548392296	0.15205083787441254	0.01751716434955597	0.0003118959430139512	0.0009699943475425243
1j9qjh	at least six times this week customers at tim hortons restaurants have paid for their own cups of coffee and cups of brew for the next or more people in line	data/processed/pro_fakeddit/images/1j9qjh.jpg	0	2	False	0.2902158387005329	0.06310542672872543	0.22711041197180748	0.22171268798410892	0.2902158387005329	0.07096246583387256	0.004126448679016903	0.1858721226453781	False	True	0.35488054156303406	0.01728617027401924	0.4808865487575531	0.01269939448684454	0.00800146721303463	0.12624581158161163	True	0.0993402823805809	0.4261392056941986	0.09954512864351273	0.12922553718090057	0.00025143014499917626	0.2454984337091446
c7zod5	storm over saint louis kinda looks like missouri	data/processed/pro_fakeddit/images/c7zod5.jpg	0	0	True	0.3854220062494278	0.09348702430725098	0.3854220062494278	0.03180615557357669	0.24866051226854324	0.038283838890492916	0.003892461594659835	0.2919349819421768	False	True	0.25916340947151184	0.01199356373399496	0.25563499331474304	0.04869977384805679	0.006534894462674856	0.41797325015068054	True	0.5116806030273438	0.05161874741315842	0.24168603122234344	0.02786790393292904	0.001250028726644814	0.1658967137336731
cejkv1i	mouse leaping over grass	data/processed/pro_fakeddit/images/cejkv1i.jpg	4	4	True	0.31006745621562004	0.06373974308371544	0.2463277131319046	0.08714956883341074	0.11716299876570702	0.10820244520436972	0.31006745621562004	0.13108982774429023	False	True	0.27672871947288513	0.02795039303600788	0.1428968757390976	0.0017151141073554754	0.5467014908790588	0.0040073818527162075	True	0.21592670679092407	0.1463487446308136	0.09142912179231644	0.21468977630138397	0.07343342155218124	0.25817227363586426
2m15hx	genome reveals how cats evolved to tolerate humans	data/processed/pro_fakeddit/images/2m15hx.jpg	0	2	False	0.42881909012794495	0.05582568794488907	0.3729934021830559	0.09026097506284714	0.42881909012794495	0.0345438402146101	0.007186570321209729	0.06619611568748951	False	True	0.21858344972133636	0.09543395787477493	0.5866177678108215	0.05402400344610214	0.01178351417183876	0.03355732187628746	True	0.5274033546447754	0.08508799225091934	0.27102041244506836	0.015063676983118057	0.002589626470580697	0.09883490949869156
dcqi76	this menu has an option to order a beer for the kitchen staff	data/processed/pro_fakeddit/images/dcqi76.jpg	0	3	False	0.4531666189432144	0.19186120480298996	0.25242387503385544	0.018451516516506672	0.26130541414022446	0.4531666189432144	0.0016900757200346561	0.01296250568702817	False	True	0.26315540075302124	0.017203833907842636	0.3745467960834503	0.32366105914115906	0.0033368589356541634	0.01809602417051792	True	0.24169234931468964	0.019699199125170708	0.1480640321969986	0.5826721787452698	4.329250441514887e-05	0.007828987203538418
bz26fm	dae remember the glory days of the s fuck that	data/processed/pro_fakeddit/images/bz26fm.jpg	3	0	False	0.6653964221477509	0.37481608241796494	0.6653964221477509	0.004721391043858603	0.2905803397297859	0.011811105301603675	0.021769557904917747	0.005721111665479839	False	True	0.5070357918739319	0.0008829525322653353	0.44260987639427185	0.004866819363087416	0.04345524683594704	0.0011492667254060507	True	0.8237570524215698	0.00855982955545187	0.1385508030653	0.018755391240119934	8.386897388845682e-05	0.010292956605553627
179rnu	nhl player marian hossa celeberates goal	data/processed/pro_fakeddit/images/179rnu.jpg	0	2	False	0.2899650316685438	0.038031242322176695	0.24520371109247208	0.2519337893463671	0.2899650316685438	0.05116892699152231	0.00549768001656048	0.15623088739812374	False	True	0.4106278419494629	0.0049440981820225716	0.5461127758026123	0.01739867962896824	0.010095063596963882	0.01082153245806694	True	0.07977958023548126	0.49892348051071167	0.03381728753447533	0.08493917435407639	0.0009002964361570776	0.30164024233818054
4ckph7	jack dempseys endorsement of fdrs reelection	data/processed/pro_fakeddit/images/4ckph7.jpg	5	2	False	0.4071854129433632	0.027804071083664894	0.11833896487951279	0.030061752535402775	0.4071854129433632	0.3793813418596983	0.00048654665351932636	0.06454593129456043	False	True	0.16684859991073608	0.03238183632493019	0.7429335117340088	0.03680887445807457	0.0009639175841584802	0.02006320282816887	True	0.06982932984828949	0.02774166874587536	0.07143731415271759	0.721953809261322	9.175722880172543e-06	0.109028659760952
1evsbv	my big brother a wounded iraq veteran and his family were just given a mortgagefree home estimated at	data/processed/pro_fakeddit/images/1evsbv.jpg	0	0	True	0.36889717914164066	0.08694801479578018	0.36889717914164066	0.18136239983141422	0.08916502445936203	0.2819491643458605	0.0007167419535107911	0.07790951430797577	False	True	0.031453926116228104	0.3156413435935974	0.043191030621528625	0.5102981328964233	0.0008848804282024503	0.09853073209524155	True	0.7063404321670532	0.04708345606923103	0.13513901829719543	0.05360019579529762	0.0005486034788191319	0.05728829652070999
dex5as	this swarm of bees around my car this morning	data/processed/pro_fakeddit/images/dex5as.jpg	0	0	True	0.5642690509557724	0.41659205383621156	0.5642690509557724	0.08144680660916492	0.0498126745223999	0.014516944997012615	0.14227751642465591	0.14767699711956084	False	True	0.7720487713813782	0.000985627411864698	0.051233597099781036	0.002520836889743805	0.167379230260849	0.005831882823258638	True	0.3564893305301666	0.16190798580646515	0.04839175194501877	0.026513053104281425	0.11717580258846283	0.28952211141586304
7syh68	i think my new work test phone is cute	data/processed/pro_fakeddit/images/7syh68.jpg	2	2	True	0.4956192523241043	0.057431794703006744	0.43818745762109756	0.0031896401633275673	0.4956192523241043	0.020711614284664392	0.032551002339459956	0.009741025511175394	False	True	0.12771619856357574	0.000432231550803408	0.7888461351394653	0.009709128178656101	0.06200525537133217	0.011291145347058773	True	0.7486587166786194	0.0059470487758517265	0.2023923695087433	0.031714100390672684	0.003096749307587743	0.008190905675292015
5hznyi	if you worked as hard and fast as a jap wed smash tokio a lot quicker usa	data/processed/pro_fakeddit/images/5hznyi.jpg	5	0	False	0.38981880992650986	0.06258048862218857	0.38981880992650986	0.3272383213043213	0.13502992317080498	0.0518196988850832	0.04942154639866203	0.0466716680675745	False	True	0.23354677855968475	0.47386249899864197	0.14567825198173523	0.03672817721962929	0.09717340022325516	0.013010811060667038	True	0.546090841293335	0.1806141436100006	0.12438159435987473	0.06691122055053711	0.001669692574068904	0.08033252507448196
1cnr7i	riker near a greenscreen	data/processed/pro_fakeddit/images/1cnr7i.jpg	0	2	False	0.3649493604898453	0.07333239912986755	0.2916169613599777	0.12046607583761215	0.3649493604898453	0.039248897694051266	0.1567804366350174	0.026938200695440173	False	True	0.40201157331466675	0.08823445439338684	0.3019968867301941	0.025185024365782738	0.17707251012325287	0.005499464925378561	True	0.1812223494052887	0.15269769728183746	0.42790183424949646	0.053312771022319794	0.13648836314678192	0.048376936465501785
8yszef	this camera being tired of being a camera	data/processed/pro_fakeddit/images/8yszef.jpg	2	0	False	0.48166605830192566	0.008382633328437805	0.48166605830192566	0.005392827559262514	0.47328342497348785	0.0159138553426601	0.01731029525399208	0.006433593633119017	False	True	0.32228755950927734	0.001975494436919689	0.6192032694816589	0.030816059559583664	0.014668796211481094	0.011048885993659496	True	0.641044557094574	0.008810160681605339	0.3273635804653168	0.0010116511257365346	0.019951794296503067	0.0018183012725785375
clo6v43	she hath cometh to slay the beast	data/processed/pro_fakeddit/images/clo6v43.jpg	4	4	True	0.4831259939237498	0.11337235750397667	0.3697536364197731	0.010824118769960478	0.10824450757354498	0.02144565767957829	0.4831259939237498	0.006606066745007411	False	True	0.016836658120155334	0.0009341445402242243	0.016961736604571342	0.0006035260739736259	0.9644959568977356	0.00016803789185360074	True	0.7226706147193909	0.02071409299969673	0.19952727854251862	0.04228778928518295	0.0017560309497639537	0.01304409559816122
d87gr8	my curtain after few years in the sun same fabric and once same color	data/processed/pro_fakeddit/images/d87gr8.jpg	0	0	True	0.4244513511657715	0.10459962487220764	0.4244513511657715	0.002002904948312789	0.31985172629356384	0.17528589442372322	0.003391188627574593	0.07501694466918707	False	True	0.6218013167381287	0.0012166342930868268	0.2870967388153076	0.06689176708459854	0.005698926281183958	0.01729467324912548	True	0.2271013855934143	0.0027891756035387516	0.35260671377182007	0.2836800217628479	0.0010834509739652276	0.13273921608924866
8nww1z	rapper offset buys a good samaritan a car for coming to his aid after a car accident	data/processed/pro_fakeddit/images/8nww1z.jpg	0	0	True	0.47832606732845306	0.22491738200187683	0.47832606732845306	0.0814992617815733	0.0752410120330751	0.25340868532657623	0.0015791709283803357	0.10994575941003859	False	True	0.6585036516189575	0.004715871065855026	0.1398477703332901	0.1868457794189453	0.0031180649530142546	0.006968781817704439	True	0.2981484830379486	0.15828265249729156	0.010634253732860088	0.31997159123420715	4.027690374641679e-05	0.21292273700237274
9jqafh	a distraught man surrounded by worried people	data/processed/pro_fakeddit/images/9jqafh.jpg	0	1	False	0.4902844615280628	0.2497489620000124	0.24053549952805042	0.4902844615280628	0.09926542500033975	0.07646027766168118	0.05433622561395168	0.03911808878183365	False	True	0.4494241178035736	0.09081313759088516	0.18572863936424255	0.14312809705734253	0.06750422716140747	0.06340177357196808	True	0.03164688125252724	0.8897557854652405	0.01280221063643694	0.009792458266019821	0.041168224066495895	0.014834403991699219
7kb0wt	george washington with his wig on	data/processed/pro_fakeddit/images/7kb0wt.jpg	2	0	False	0.42108333855867386	0.12745267897844315	0.42108333855867386	0.12251891940832138	0.2936306595802307	0.07902440801262856	0.07210516388295218	0.01163757685571909	False	True	0.24464590847492218	0.2208278626203537	0.2518984079360962	0.12062369287014008	0.14365679025650024	0.01834735833108425	True	0.5975207686424255	0.024209976196289062	0.33536291122436523	0.037425123155117035	0.0005535375094041228	0.004927795380353928
ash26u	menu at local restaurant has this guide for how you want your meat cooked	data/processed/pro_fakeddit/images/ash26u.jpg	0	0	True	0.4138880521059036	0.0791962519288063	0.4138880521059036	0.10393280908465385	0.3346918001770973	0.03542844206094742	0.00040683238330530003	0.11165207251906395	False	True	0.3237821161746979	0.054154954850673676	0.5134463906288147	0.03983786702156067	0.00066754111321643	0.0681111142039299	True	0.5039939880371094	0.15371066331863403	0.15593720972537994	0.031019017100334167	0.0001461236533941701	0.155193030834198
4pj0v7	us militarys satellitelaunching xs space plane will eventually be able to take close pictures of something moving	data/processed/pro_fakeddit/images/4pj0v7.jpg	3	1	False	0.26430198052548803	0.002019946841755882	0.07293670997023582	0.26430198052548803	0.14352154731750488	0.011641254182904959	0.26228203368373215	0.24531647190451622	False	True	0.10330763459205627	0.000894953787792474	0.23880532383918762	0.01272891741245985	0.5194453597068787	0.12481784075498581	True	0.042565785348415375	0.5277090072631836	0.048237770795822144	0.010553590953350067	0.005118707660585642	0.36581510305404663
c20jct	the trebek effect the benefits of well wishes	data/processed/pro_fakeddit/images/c20jct.jpg	0	2	False	0.3064904883503914	0.07530123740434647	0.190019890666008	0.11805498600006104	0.3064904883503914	0.23118925094604492	0.005617942028038669	0.14862741716206074	False	True	0.23281791806221008	0.07855270802974701	0.4380599558353424	0.20333287119865417	0.011017278768122196	0.03621930256485939	True	0.1472218632698059	0.15755726397037506	0.17492102086544037	0.25904563069343567	0.00021860528795514256	0.2610355317592621
3andu5	new surfboard day firewire sweet potato wood laminate deck	data/processed/pro_fakeddit/images/3andu5.jpg	2	0	False	0.575224906206131	0.3315573949366808	0.575224906206131	0.04536459781229496	0.2436675112694502	0.04955882206559181	0.039151353761553764	0.047032833099365234	False	True	0.36273038387298584	0.06810972839593887	0.4420640468597412	0.016137585043907166	0.05750613287091255	0.05345219373703003	True	0.7877194285392761	0.022619467228651047	0.045270975679159164	0.08298005908727646	0.020796574652194977	0.04061347246170044
8parze	sean hannity tells mueller investigation witnesses to destroy evidence	data/processed/pro_fakeddit/images/8parze.jpg	0	1	False	0.3736843466758728	0.026037588715553284	0.034047906287014484	0.3736843466758728	0.026468635303899646	0.21700038015842438	0.0011519686945575813	0.3476467579603195	False	True	0.02942652814090252	0.5105718970298767	0.04633414000272751	0.24807441234588623	0.0022910682018846273	0.16330191493034363	True	0.03866928443312645	0.2367967963218689	0.006603130605071783	0.18592634797096252	1.2869187230535317e-05	0.5319916009902954
doyvgk9	help me obi wan kenobi youre my only hope	data/processed/pro_fakeddit/images/doyvgk9.jpg	4	4	True	0.48069025539734866	0.05899408050754573	0.42169617488980293	0.005389961908804253	0.08596134604886174	0.004313122226449195	0.48069025539734866	0.001949108176631853	False	True	0.026182569563388824	0.0005046148435212672	0.01200688723474741	0.00014105388254392892	0.9610751271247864	8.971447823569179e-05	True	0.817209780216217	0.010275308974087238	0.15991580486297607	0.008485190570354462	0.00030538366991095245	0.003808501875028014
cylx54	old lucozade bottle i found on top of cage	data/processed/pro_fakeddit/images/cylx54.jpg	0	0	True	0.4737779200077057	0.1382986381649971	0.4737779200077057	0.008444515406154096	0.3354792818427086	0.10121691599488258	0.05238837678916752	0.028692984953522682	False	True	0.5763810873031616	0.003112531965598464	0.23391135036945343	0.06567984074354172	0.09887951612472534	0.02203560248017311	True	0.37117475271224976	0.013776498846709728	0.43704721331596375	0.13675399124622345	0.005897237453609705	0.03535036742687225
d1s0m8e	the lord of the rings trilogy had a lot of fx	data/processed/pro_fakeddit/images/d1s0m8e.jpg	4	0	False	0.6578445285558701	0.43556298315525055	0.6578445285558701	0.017286668065935373	0.2222815454006195	0.025215817615389824	0.06468797149136662	0.012683426379226148	False	True	0.43415358662605286	0.007543965242803097	0.39783450961112976	0.03379494324326515	0.12513524293899536	0.0015377092640846968	True	0.8815354704856873	0.02702937088906765	0.04672858119010925	0.016636691987514496	0.004240700043737888	0.0238291434943676
dv4vywb	everything the light touches will one day be yours	data/processed/pro_fakeddit/images/dv4vywb.jpg	4	4	True	0.4942333687795326	0.05634541774634272	0.4378879510331899	0.0005404631374403834	0.05618092184886336	0.010241417618090054	0.4942333687795326	0.0009159480086964322	False	True	0.005812136922031641	0.0003434235113672912	0.006351987831294537	6.799853144912049e-05	0.9873926043510437	3.189453491359018e-05	True	0.8699637651443481	0.0007375027635134757	0.10600985586643219	0.020414836704730988	0.0010741332080215216	0.0018000014824792743
34i2vp	ovechkins funny looking wax figure	data/processed/pro_fakeddit/images/34i2vp.jpg	0	0	True	0.49198488891124725	0.0933687649667263	0.49198488891124725	0.06623799772933125	0.39861612394452095	0.022301248274743557	0.01662670588120818	0.004233066341839731	False	True	0.2689972221851349	0.01194742415100336	0.6736636161804199	0.0252977404743433	0.014199166558682919	0.005894886329770088	True	0.7149725556373596	0.12052857130765915	0.12356863170862198	0.019304756075143814	0.019054245203733444	0.0025712463539093733
czqi90	this tree that grew around the fence	data/processed/pro_fakeddit/images/czqi90.jpg	0	0	True	0.5081564038991928	0.12774421274662018	0.5081564038991928	0.0019638114026747644	0.38041219115257263	0.052458761259913445	0.04030076158232987	0.016708103008568287	False	True	0.3577960431575775	0.0019999993965029716	0.5219448208808899	0.03400197997689247	0.07551651448011398	0.008740721270442009	True	0.6585167646408081	0.0019276234088465571	0.23887956142425537	0.07091554254293442	0.005085008684545755	0.024675484746694565
3nxb06	wait gg are the people the behind the latest study claiming gg are the video author as an embittered rival when that is slightly better than google blackjack and hookers optional	data/processed/pro_fakeddit/images/3nxb06.jpg	3	0	False	0.39064356684684753	0.0991615392267704	0.39064356684684753	0.04084070643875748	0.18120876513421535	0.29148202762007713	0.0033029050136974547	0.09252200718037784	False	True	0.6410031914710999	0.001249638618901372	0.30942100286483765	0.0360066220164299	0.006518038455396891	0.005801477935165167	True	0.14028394222259521	0.08043177425861359	0.05299652740359306	0.5469574332237244	8.777157199801877e-05	0.17924253642559052
cpfggs	two new ebola treatments prove highly effective in congo epidemic	data/processed/pro_fakeddit/images/cpfggs.jpg	0	0	True	0.4272475913167	0.1095795389264822	0.4272475913167	0.06160135194659233	0.0994837274774909	0.07929872209206223	0.014700558749609627	0.3176680523902178	False	True	0.7169923782348633	0.012337818741798401	0.17694061994552612	0.014975388534367085	0.02930207923054695	0.049451712518930435	True	0.13750280439853668	0.11086488515138626	0.02202683500945568	0.14362205564975739	9.903826867230237e-05	0.5858843922615051
374fjw	three pipes form a face yelling out for joy	data/processed/pro_fakeddit/images/374fjw.jpg	2	1	False	0.44493463169783354	0.13768638856709003	0.1445236448198557	0.44493463169783354	0.3072482431307435	0.021659980062395334	0.07104706019163132	0.010586457792669535	False	True	0.27867811918258667	0.019973089918494225	0.588799774646759	0.02826920710504055	0.07956396043300629	0.004715881310403347	True	0.01036917045712471	0.8698961734771729	0.025696711614727974	0.015050753019750118	0.06253015995025635	0.016457034274935722
4w9v04	german arm wrestling champion	data/processed/pro_fakeddit/images/4w9v04.jpg	0	0	True	0.5221665799617767	0.2727444898337126	0.5221665799617767	0.051679291762411594	0.24942209012806416	0.15827566850930452	0.0031618546054232866	0.015294509939849377	False	True	0.5223601460456848	0.0025778505951166153	0.44106772541999817	0.02239415980875492	0.00549422949552536	0.006105884909629822	True	0.5219730138778687	0.10078073292970657	0.05777645483613014	0.2941571772098541	0.000829479715321213	0.02448313497006893
cdkerz	id feel like this too if my face got stapled hundreds of times a day	data/processed/pro_fakeddit/images/cdkerz.jpg	0	0	True	0.5940935760736465	0.3133532367646694	0.5940935760736465	0.014301566407084465	0.2807403393089771	0.03391955397091806	0.057994883667561226	0.018950033001601696	False	True	0.31510457396507263	0.01984342560172081	0.4609791934490204	0.0621233806014061	0.11584257334470749	0.026106834411621094	True	0.8730825781822205	0.00875970721244812	0.10050148516893387	0.005715727340430021	0.00014719399041496217	0.011793231591582298
4uuy0v	now he understands the game socialist political cartoon	data/processed/pro_fakeddit/images/4uuy0v.jpg	5	1	False	0.9290148913860321	0.8909360305406153	0.010500317672267556	0.9290148913860321	0.017662364785792306	0.003924480406567454	0.0008191957658709725	0.038078860845416784	False	True	0.016972292214632034	0.8732963800430298	0.03457589074969292	0.006388142704963684	0.0016302576987072825	0.06713715195655823	True	0.004028343129903078	0.9847334027290344	0.0007488388218916953	0.0014608181081712246	8.13383303466253e-06	0.009020569734275341
cghliv	this fox on the roof outside my bedroom window	data/processed/pro_fakeddit/images/cghliv.jpg	0	2	False	0.49761131405830383	0.2825512960553169	0.2150600180029869	0.020571119501255453	0.49761131405830383	0.08357722964137793	0.03243264043703675	0.1507476340048015	False	True	0.2699618339538574	0.0026596735697239637	0.6525725722312927	0.015810979530215263	0.051229577511548996	0.0077653368934988976	True	0.1601582020521164	0.03848256543278694	0.34265005588531494	0.1513434797525406	0.01363570336252451	0.2937299311161041
53ve7m	rules dont allow her teammates to help a calf who collapsed in the shower	data/processed/pro_fakeddit/images/53ve7m.jpg	3	0	False	0.6961145401000977	0.5190719962120056	0.6961145401000977	0.03415364306420088	0.17704254388809204	0.009849773137830198	0.0631999315082794	0.01963955955579877	False	True	0.6859844326972961	0.024795012548565865	0.1493527740240097	0.002411092398688197	0.12613628804683685	0.011320405639708042	True	0.7062446475028992	0.04351227357983589	0.20473231375217438	0.0172884538769722	0.00026357496972195804	0.027958713471889496
b9z9vh	author having a blast here some news from zimbabwe about petty trademark fights	data/processed/pro_fakeddit/images/b9z9vh.jpg	0	3	False	0.405528899282217	0.10917696077376604	0.1317899115383625	0.04925500229001045	0.296351938508451	0.405528899282217	0.07778055120547833	0.03929373621940613	False	True	0.17376968264579773	0.017490215599536896	0.5658127665519714	0.05197369307279587	0.1555572748184204	0.03539636731147766	True	0.08981014043092728	0.08101978898048401	0.026891110464930534	0.7590841054916382	3.8275925362540875e-06	0.043191105127334595
8q1h3c	this goofy fella loves his job	data/processed/pro_fakeddit/images/8q1h3c.jpg	2	0	False	0.4603869989514351	0.042247459292411804	0.4603869989514351	0.050846482161432505	0.4181395396590233	0.04932540748268366	0.015912744725937955	0.005388829507865012	False	True	0.20777203142642975	0.0018914612010121346	0.6686615943908691	0.08041699975728989	0.03167632967233658	0.009581605903804302	True	0.7130019664764404	0.09980150312185287	0.16761748492717743	0.01823381520807743	0.0001491597795393318	0.0011960531119257212
3he464	lac des cheserys massif des aiguilles rouges france	data/processed/pro_fakeddit/images/3he464.jpg	0	4	False	0.2878602482378483	0.06098045036196709	0.2268797978758812	0.06712592668191064	0.10002369619905949	0.16724703460931778	0.2878602482378483	0.15086327539756894	False	True	0.32813945412635803	0.00040947450906969607	0.14798587560653687	0.018699541687965393	0.5004960894584656	0.0042695412412285805	True	0.12562014162540436	0.1338423788547516	0.05206151679158211	0.31579452753067017	0.07522440701723099	0.2974570095539093
5nt7bc	life expectancy for people with hiv continues to improve to where it is nearly as equal to anyone who is hivnegative	data/processed/pro_fakeddit/images/5nt7bc.jpg	0	5	False	0.4327297955751419	0.16149428859353065	0.27123550698161125	0.09771160269156098	0.1418678779155016	0.034095775336027145	0.022359475289704278	0.4327297955751419	False	True	0.4469525218009949	0.011427273042500019	0.2514647841453552	0.03978867828845978	0.043776772916316986	0.20659002661705017	True	0.09551849216222763	0.18399593234062195	0.032270971685647964	0.028402872383594513	0.0009421776630915701	0.6588695645332336
8twozl	album cover for pink floyds delicate sound of thunder	data/processed/pro_fakeddit/images/8twozl.jpg	0	4	False	0.571555607020855	0.2267087495420128	0.030003350228071213	0.34484685747884214	0.018660771660506725	0.0032410171115770936	0.571555607020855	0.03169236777466722	False	True	0.028112635016441345	0.005513336043804884	0.03257023170590401	0.0011740562040358782	0.931847333908081	0.0007823645719327033	True	0.03189406543970108	0.6841803789138794	0.004751311615109444	0.005307978019118309	0.21126388013362885	0.06260237097740173
ddtw8j	teachers pool cash together to replace bike stolen from student	data/processed/pro_fakeddit/images/ddtw8j.jpg	0	0	True	0.3897998481988907	0.09690406732261181	0.3897998481988907	0.01189451850950718	0.2751365788280964	0.2928957808762789	0.010114228542079218	0.02015908737666905	False	True	0.49321287870407104	0.017038585618138313	0.4282166659832001	0.033817026764154434	0.01997249200940132	0.007742407266050577	True	0.2863868176937103	0.006750451400876045	0.1220564916729927	0.5519745349884033	0.00025596507475711405	0.03257576748728752
dcyyqi	my friends bass looks like it was made from bowling alley	data/processed/pro_fakeddit/images/dcyyqi.jpg	0	0	True	0.6886991262435913	0.49031589180231094	0.6886991262435913	0.004514839267358184	0.19838323444128036	0.007233607582747936	0.07576676993630826	0.025402457278687507	False	True	0.7028874158859253	0.004731783643364906	0.14189694821834564	0.0011221878230571747	0.14748898148536682	0.0018726304406300187	True	0.6745108366012573	0.004297894891351461	0.2548695206642151	0.013345027342438698	0.004044558387249708	0.048932284116744995
3mymv3	woman has benefits stopped because taxman believes she is having an affair with the post office	data/processed/pro_fakeddit/images/3mymv3.jpg	0	0	True	0.36230284720659256	0.08322791010141373	0.36230284720659256	0.07665886916220188	0.18711725622415543	0.27907493710517883	0.044168388994876295	0.050677672028541565	False	True	0.1626439243555069	0.04560624435544014	0.25405165553092957	0.39866599440574646	0.08794338256120682	0.05108874663710594	True	0.5619617700576782	0.10771149396896362	0.12018285691738129	0.1594838798046112	0.00039339542854577303	0.05026659741997719
41fl0n	sure let me give you some hot water	data/processed/pro_fakeddit/images/41fl0n.jpg	2	2	True	0.49589161574840546	0.0493135005235672	0.44657811522483826	0.004786837089341134	0.49589161574840546	0.021423405967652798	0.025873684375255834	0.005446298746392131	False	True	0.2078266143798828	0.0009470427175983787	0.708554208278656	0.024937326088547707	0.0515563040971756	0.006178486626595259	True	0.6853296160697937	0.008626631461083889	0.2832290232181549	0.01790948584675789	0.00019106465333607048	0.004714110866189003
byns43	immigrants have died in ice custody during the trump administration	data/processed/pro_fakeddit/images/byns43.jpg	0	0	True	0.5545749664306641	0.3350326754152775	0.5545749664306641	0.015040474478155375	0.21954229101538658	0.16340669803321362	0.005904819554416463	0.04153071437031031	False	True	0.5413235425949097	0.006925838999450207	0.373762845993042	0.0611451230943203	0.011615256778895855	0.005227329209446907	True	0.5678263902664185	0.023155109956860542	0.06532173603773117	0.26566827297210693	0.0001943823299370706	0.0778340995311737
xi25j	so this was going on at my desk all day	data/processed/pro_fakeddit/images/xi25j.jpg	0	0	True	0.47287214174866676	0.19294182500743773	0.47287214174866676	0.027958613936789334	0.20064232498407364	0.00960917817428708	0.27993031674122903	0.008987383916974068	False	True	0.07664120942354202	0.05339881777763367	0.2943403720855713	0.00844905711710453	0.5596988797187805	0.007471620105206966	True	0.8691030740737915	0.0025184100959450006	0.10694427788257599	0.010769299231469631	0.00016175376367755234	0.010503147728741169
sch2x	an antipornography film was banned due to pornographic content	data/processed/pro_fakeddit/images/sch2x.jpg	0	3	False	0.4753706008195877	0.2654857337474823	0.12704750150442123	0.04283875599503517	0.2098848670721054	0.4753706008195877	0.005142862217326183	0.13971543963998556	False	True	0.07427237927913666	0.05861727520823479	0.33418092131614685	0.2667854130268097	0.010143115185201168	0.25600093603134155	True	0.1798226237297058	0.027060236781835556	0.08558881282806396	0.6839557886123657	0.00014260924945119768	0.02342994324862957
1v0s1b	banks say no to marijuana money legal or not	data/processed/pro_fakeddit/images/1v0s1b.jpg	0	0	True	0.4259639382362366	0.19636128935962915	0.4259639382362366	0.13605308905243874	0.10445225983858109	0.22960264887660742	0.027859988433192484	0.07606812566518784	False	True	0.6901029348373413	0.04588130861520767	0.13853991031646729	0.028603671118617058	0.05547389015555382	0.041398316621780396	True	0.16182494163513184	0.2262248694896698	0.07036460936069489	0.4306016266345978	0.0002460867108311504	0.11073793470859528
ca6dor	in my house we use two toilet paper rolls at a time one is over and the other is under	data/processed/pro_fakeddit/images/ca6dor.jpg	0	0	True	0.5169115513563156	0.2943780869245529	0.5169115513563156	0.07952919416129589	0.2225334644317627	0.12264566821977496	0.0048040145193226635	0.05357607873156667	False	True	0.6996040344238281	0.027554746717214584	0.24463042616844177	0.006446658633649349	0.008574687875807285	0.013189391233026981	True	0.3342190682888031	0.1315036416053772	0.20043650269508362	0.23884467780590057	0.0010333411628380418	0.09396276623010635
d55x80q	nearfarwheeeeeeever you arrrrreee	data/processed/pro_fakeddit/images/d55x80q.jpg	4	0	False	0.35228897258639336	0.03143066297707264	0.35228897258639336	0.019826661562547088	0.295554056763649	0.00954054482281208	0.3208583096093207	0.0019314602832309902	False	True	0.07209493964910507	0.03696802258491516	0.24238499999046326	0.0055452799424529076	0.6415966749191284	0.0014100420521572232	True	0.6324830055236816	0.002685300540179014	0.3487231135368347	0.013535809703171253	0.00011994429951300845	0.002452878514304757
12c9kq	a group of people shaking their heads rapidly	data/processed/pro_fakeddit/images/12c9kq.jpg	0	0	True	0.4318055808544159	0.2187514379620552	0.4318055808544159	0.143807154847309	0.2130541428923607	0.03184027492534369	0.17157216370105743	0.00792075102799572	False	True	0.4843945801258087	0.007606887724250555	0.2250855267047882	0.0019204446580260992	0.28010794520378113	0.0008846915443427861	True	0.37921658158302307	0.28000742197036743	0.20102275907993317	0.061760105192661285	0.06303638219833374	0.014956810511648655
cd87b3	son of granger smith saves two lives with organ donations	data/processed/pro_fakeddit/images/cd87b3.jpg	0	0	True	0.42616701126098633	0.06921296566724777	0.42616701126098633	0.01444594090571627	0.35695404559373856	0.07345974049530923	0.001989995544136036	0.12698329030536115	False	True	0.3976839780807495	0.0009010507492348552	0.5852565765380859	0.005786112975329161	0.0038153964560478926	0.006556894164532423	True	0.45465004444122314	0.027990831062197685	0.12865151464939117	0.1411333680152893	0.0001645946322241798	0.24740968644618988
ctori4	this penguin my sister made with paint droppings	data/processed/pro_fakeddit/images/ctori4.jpg	0	2	False	0.4566959887742996	0.10199405252933502	0.3547019362449646	0.0229262663051486	0.4566959887742996	0.04551933892071247	0.10359373316168785	0.016562797129154205	False	True	0.28319570422172546	0.004996730014681816	0.4641767740249634	0.040596965700387955	0.1897139996290207	0.017319869250059128	True	0.42620816826820374	0.04085580259561539	0.44921520352363586	0.05044171214103699	0.01747346669435501	0.015805725008249283
cdzomtw	technically low quality images	data/processed/pro_fakeddit/images/cdzomtw.jpg	4	0	False	0.4771610498428345	0.03406427800655365	0.4771610498428345	0.024366753015783615	0.4430967718362808	0.03625544544775039	0.014545175508828834	0.00457478198222816	False	True	0.3983117341995239	0.048367951065301895	0.4461483955383301	0.07036630064249039	0.028475437313318253	0.008330142125487328	True	0.556010365486145	0.0003655549662653357	0.44004514813423157	0.002144590253010392	0.0006149137043394148	0.0008194218389689922
7kaj6o	international year of peace we want peace and call for a comprehensive and just settlement of the iraqiran war poster by rafa nasiry for the national council for peace and solidarity iraq	data/processed/pro_fakeddit/images/7kaj6o.jpg	5	1	False	0.3692822828888893	0.14391569793224335	0.04317255085334182	0.3692822828888893	0.10376279545016587	0.06677881255745888	0.22536658495664597	0.19163696840405464	False	True	0.08240686357021332	0.10735751688480377	0.2003760039806366	0.10566709190607071	0.4400126039981842	0.06417987495660782	True	0.003938238136470318	0.6312070488929749	0.007149586919695139	0.027890533208847046	0.010720565915107727	0.31909406185150146
7t252d	this fallen post looks like a discarded cigarette	data/processed/pro_fakeddit/images/7t252d.jpg	2	0	False	0.558854952454567	0.24193155765533447	0.558854952454567	0.036522756796330214	0.3169233947992325	0.03228050237521529	0.02034622523933649	0.03507212549448013	False	True	0.6677175164222717	0.014013047330081463	0.2554178833961487	0.009516543708741665	0.028231700882315636	0.025103304535150528	True	0.4499923884868622	0.059032466262578964	0.3784289062023163	0.05504446104168892	0.012460749596357346	0.04504094645380974
6jexhn	meet the globetrotting hairdresser who helps homeless people look sharp	data/processed/pro_fakeddit/images/6jexhn.jpg	0	0	True	0.6415944397449493	0.4922047629952431	0.6415944397449493	0.03790560318157077	0.14938967674970627	0.12542136386036873	0.032487350748851895	0.013201579276937991	False	True	0.7753390073776245	0.005025423131883144	0.14522814750671387	0.01252756267786026	0.059971775859594345	0.0019081250065937638	True	0.5078498721122742	0.07078578323125839	0.15355120599269867	0.2383151650428772	0.005002925638109446	0.02449503354728222
c3zeak	high school dorks unhappy accident	data/processed/pro_fakeddit/images/c3zeak.jpg	1	0	False	0.6075982451438904	0.3233851119875908	0.6075982451438904	0.07751142419874668	0.2842131331562996	0.013646711595356464	0.0033333612518617883	0.01369706355035305	False	True	0.414569616317749	0.05273008719086647	0.4955931603908539	0.00723283551633358	0.006414760835468769	0.023459453135728836	True	0.8006268739700317	0.10229276120662689	0.0728331059217453	0.02006058767437935	0.0002519616682548076	0.003934673964977264
5oiuav	rogue one becomes fastest film to reach over mentions of hope	data/processed/pro_fakeddit/images/5oiuav.jpg	1	0	False	0.25108039379119873	0.0366976372897625	0.25108039379119873	0.09554557502269745	0.1507873497903347	0.10542258061468601	0.18278138303139713	0.21438275650143623	False	True	0.2468850016593933	0.09215033799409866	0.18058548867702484	0.051336366683244705	0.3651961386203766	0.06384674459695816	True	0.25527578592300415	0.09894081205129623	0.12098921090364456	0.15950879454612732	0.0003666274424176663	0.3649187684059143
18qme5	illegal immigrants found working at villawood immigration detention centre	data/processed/pro_fakeddit/images/18qme5.jpg	0	0	True	0.3860444724559784	0.17799746617674828	0.3860444724559784	0.11145141674205661	0.1267960239201784	0.20804700627923012	0.09507667875732295	0.07258441019803286	False	True	0.48650646209716797	0.0042196353897452354	0.2057979255914688	0.09191090613603592	0.18954186141490936	0.022023240104317665	True	0.2855824828147888	0.21868319809436798	0.047794122248888016	0.3241831064224243	0.0006114960997365415	0.12314558029174805
1u4dk2	pa police cop peppersprayed girlfriends son	data/processed/pro_fakeddit/images/1u4dk2.jpg	0	0	True	0.7380392551422119	0.6542307399213314	0.7380392551422119	0.041716327890753746	0.06816020049154758	0.08380851522088051	0.016075791776529513	0.0521998992189765	False	True	0.7179133892059326	0.0413021482527256	0.04993882402777672	0.06754634529352188	0.031732574105262756	0.09156668931245804	True	0.7581651210784912	0.04213050752878189	0.08638157695531845	0.10007068514823914	0.00041900944779627025	0.012833109125494957
auyula	this letter of citizenship burgherbrief from	data/processed/pro_fakeddit/images/auyula.jpg	0	3	False	0.5065357238054276	0.22370580583810806	0.2828299179673195	0.011898082215338945	0.17688359692692757	0.5065357238054276	0.006966311754240451	0.014886370627209544	False	True	0.39180436730384827	0.004210640676319599	0.2634296119213104	0.32236817479133606	0.01391969807446003	0.004267544951289892	True	0.1738554686307907	0.01958552375435829	0.09033758193254471	0.690703272819519	1.2925434020871762e-05	0.025505196303129196
btsl7p	this giant bumblebee flew into our work truck on the highway and hit my coworker	data/processed/pro_fakeddit/images/btsl7p.jpg	0	0	True	0.7694905698299408	0.5814614780247211	0.7694905698299408	0.015948529005981982	0.18802909180521965	0.009336516261100769	0.004674192285165191	0.012521123979240656	False	True	0.6662878394126892	0.001285438658669591	0.3178810477256775	0.005833988077938557	0.00730619952082634	0.0014054616913199425	True	0.8726933002471924	0.030611619353294373	0.05817713588476181	0.012839044444262981	0.0020421850495040417	0.02363678626716137
3b7hw5	world war ii vet finally takes high school sweetheart to prom	data/processed/pro_fakeddit/images/3b7hw5.jpg	0	0	True	0.6367572993040085	0.336123563349247	0.6367572993040085	0.009009081404656172	0.3006337359547615	0.00861787935718894	0.03923622734146193	0.005745743517763913	False	True	0.4923873245716095	0.005613075569272041	0.41158708930015564	0.008806311525404453	0.07796533405780792	0.0036409099120646715	True	0.7811272740364075	0.012405087240040302	0.18968038260936737	0.008429447188973427	0.000507120625115931	0.007850577123463154
ruhuh	tough guide to baghdad iraqi artist satirizes the occupation	data/processed/pro_fakeddit/images/ruhuh.jpg	5	1	False	0.45505700074136257	0.11946756206452847	0.11028773337602615	0.45505700074136257	0.3355894386768341	0.03714474104344845	0.0544167656917125	0.0075043790275231	False	True	0.1565602868795395	0.02708561345934868	0.6560178399085999	0.051441341638565063	0.10711812227964401	0.0017767914105206728	True	0.06401517987251282	0.8830283880233765	0.01516103744506836	0.022848140448331833	0.0017154091037809849	0.013231966644525528
9c1674	a little puppy trying to squeeze out of its cage	data/processed/pro_fakeddit/images/9c1674.jpg	0	1	False	0.34527731500566006	0.017354262992739677	0.16747993137687445	0.34527731500566006	0.3279230520129204	0.06136795924976468	0.033909005112946033	0.06404277589172125	False	True	0.3195948302745819	0.021674882620573044	0.5953588485717773	0.011856519617140293	0.036663658916950226	0.014851337298750877	True	0.015365032479166985	0.6688797473907471	0.060487255454063416	0.11087939888238907	0.03115435130894184	0.11323421448469162
clleos	the head on this horse fly	data/processed/pro_fakeddit/images/clleos.jpg	0	2	False	0.5318260043859482	0.15084868669509888	0.3809773176908493	0.01125693996436894	0.5318260043859482	0.029206482344307005	0.036634305492043495	0.010098957805894315	False	True	0.46060821413993835	0.0002956097014248371	0.4966929256916046	0.0015071213711053133	0.039719801396131516	0.0011763616930693388	True	0.30134642124176025	0.02221827022731304	0.5669590830802917	0.0569058433175087	0.033548809587955475	0.01902155391871929
616z4b	the foster father who cares when terminally ill kids have no one	data/processed/pro_fakeddit/images/616z4b.jpg	0	0	True	0.5846336185932159	0.26402953267097473	0.5846336185932159	0.006262187263928354	0.3206040859222412	0.0710582435131073	0.0018061099399346858	0.015635760966688395	False	True	0.6117447018623352	0.0036314285825937986	0.31586918234825134	0.04518405348062515	0.0033314297907054424	0.020239226520061493	True	0.5575225353240967	0.008892945945262909	0.3253389894962311	0.09693243354558945	0.0002807900891639292	0.011032295413315296
5b35v6	meet the yearold boy who spends his time making teddy bears for sick children	data/processed/pro_fakeddit/images/5b35v6.jpg	0	0	True	0.569200411438942	0.2597262866329402	0.569200411438942	0.004655369324609637	0.0881006047129631	0.02558659407077357	0.3094741248060018	0.002982914331369102	False	True	0.2899283468723297	0.0036157602444291115	0.08299452066421509	0.0019111077999696136	0.6178169250488281	0.003733344841748476	True	0.8484724760055542	0.005694978404790163	0.09320668876171112	0.04926208034157753	0.0011313245631754398	0.002232483820989728
bdkle1	israeli scientists unveil worlds first dprinted heart with human tissue	data/processed/pro_fakeddit/images/bdkle1.jpg	0	2	False	0.33705969899892807	0.06362941861152649	0.2734302803874016	0.017765779921319336	0.33705969899892807	0.0747402049601078	0.22757958224974573	0.06942446529865265	False	True	0.18655602633953094	0.0010492856381461024	0.20572207868099213	0.04801144450902939	0.452328622341156	0.10633251816034317	True	0.3603045344352722	0.03448227420449257	0.468397319316864	0.10146896541118622	0.0028305421583354473	0.03251641243696213
141bbl	five hospitalised and two charged in gympie after neighbourhood brawl over ownership of a cat	data/processed/pro_fakeddit/images/141bbl.jpg	0	3	False	0.31205708533525467	0.06480022519826889	0.24725686013698578	0.16612417995929718	0.1788315810263157	0.31205708533525467	0.002363711391808465	0.09336661919951439	False	True	0.0472855269908905	0.12640692293643951	0.28257232904434204	0.4543059170246124	0.0007421030313707888	0.08868717402219772	True	0.44722819328308105	0.20584143698215485	0.07509083300828934	0.1698082536458969	0.0039853197522461414	0.09804606437683105
1f4lyn	this fella doesnt like the idea hes being watched by the gigapixel camera in dubai	data/processed/pro_fakeddit/images/1f4lyn.jpg	2	4	False	0.35515081603080034	0.004644681699573994	0.21892516314983368	0.042127704742597416	0.35050613433122635	0.026270458474755287	0.35515081603080034	0.007019751006737351	False	True	0.06612056493759155	0.0007391619146801531	0.2085503488779068	0.015011042356491089	0.7072163820266724	0.002362529281526804	True	0.3717297613620758	0.08351624757051468	0.4924619197845459	0.037529874593019485	0.003085250034928322	0.011676972731947899
ddibz7	first bonfire of the year and i was given an upvote by the fire	data/processed/pro_fakeddit/images/ddibz7.jpg	0	0	True	0.8519817590713501	0.7245248705148697	0.8519817590713501	0.0014192333037499338	0.1274568885564804	0.004552217200398445	0.009785592410480604	0.004804236465133727	False	True	0.836503267288208	0.0008545972523279488	0.1340799331665039	0.003241534810513258	0.01941744238138199	0.005903163459151983	True	0.8674602508544922	0.001983869355171919	0.12083384394645691	0.005862899590283632	0.00015374243957921863	0.00370530947111547
7y7qn9	this skeptical styrofoam container	data/processed/pro_fakeddit/images/7y7qn9.jpg	2	0	False	0.7570925056934357	0.5742215439677238	0.7570925056934357	0.003867263672873378	0.18287096172571182	0.017201431095600128	0.016562092874664813	0.02240574569441378	False	True	0.7471185922622681	0.001973098609596491	0.20644812285900116	0.0046872328966856	0.03259475901722908	0.00717828469350934	True	0.7670664191246033	0.005761428736150265	0.15929380059242249	0.029715629294514656	0.0005294267321005464	0.03763320669531822
4aiefs	the head of englands most famous private school says spoiled children need to fail	data/processed/pro_fakeddit/images/4aiefs.jpg	0	0	True	0.48463891446590424	0.30813881009817123	0.48463891446590424	0.1126137413084507	0.176500104367733	0.05267617944628	0.1511819540464785	0.022389080608263612	False	True	0.3790834844112396	0.10439102351665497	0.20438243448734283	0.0024337489157915115	0.30220404267311096	0.007505216170102358	True	0.5901943445205688	0.12083645910024643	0.14861777424812317	0.1029186099767685	0.0001598654198460281	0.037272945046424866
cjwxtj	the shadow this streetlight throws looks digitalised	data/processed/pro_fakeddit/images/cjwxtj.jpg	0	4	False	0.39177797734737396	0.03954024612903595	0.22289642691612244	0.0011385167890693992	0.352237731218338	0.024499734863638878	0.39177797734737396	0.007449654629454017	False	True	0.3226863443851471	0.000586971000302583	0.38271597027778625	0.020016750320792198	0.2694602906703949	0.00453369552269578	True	0.12310650944709778	0.0016900625778362155	0.32175949215888977	0.028982719406485558	0.514095664024353	0.010365613736212254
ctdup0	monk sculpture in a church i visited	data/processed/pro_fakeddit/images/ctdup0.jpg	0	4	False	0.3709944668225944	0.0667920964770019	0.3042023703455925	0.008611984201706946	0.12485549226403236	0.18773513240739703	0.3709944668225944	0.0036005504080094397	False	True	0.11740832030773163	0.003470446215942502	0.13553832471370697	0.00799457635730505	0.7346044778823853	0.0009838567348197103	True	0.49099642038345337	0.01375352218747139	0.11417265981435776	0.367475688457489	0.0073844557628035545	0.006217244081199169
cnrn9k	all the different types of baby shells i found on a beach in norfolk	data/processed/pro_fakeddit/images/cnrn9k.jpg	0	0	True	0.6841963529586792	0.4803376793861389	0.6841963529586792	0.0469957537134178	0.20385867357254028	0.002588213887065649	0.044682285748422146	0.017678754404187202	False	True	0.7281023263931274	0.0012726752320304513	0.18033607304096222	0.0030054389499127865	0.07296394556760788	0.014319563284516335	True	0.640290379524231	0.09271883219480515	0.22738127410411835	0.0021709888242185116	0.016400625929236412	0.02103794552385807
bxxn6k	my book came misprinted with a weird chunk in the middle	data/processed/pro_fakeddit/images/bxxn6k.jpg	0	2	False	0.5431545823812485	0.1571027785539627	0.38605180382728577	0.013147264951840043	0.5431545823812485	0.023660677019506693	0.010928090632660314	0.023057560436427593	False	True	0.5119695663452148	0.025075530633330345	0.40642085671424866	0.014028520323336124	0.021181242540478706	0.021324293687939644	True	0.2601340413093567	0.001218999270349741	0.6798883080482483	0.03329283371567726	0.0006749387248419225	0.024790827184915543
eglrkp5	a year later their footage was found	data/processed/pro_fakeddit/images/eglrkp5.jpg	4	0	False	0.41308828443288803	0.14397535493117175	0.41308828443288803	0.019506469805492088	0.2591029927134514	0.02795817144215107	0.2691129295017163	0.011231135111302137	False	True	0.17772404849529266	0.03841551020741463	0.20558078587055206	0.024388805031776428	0.5381870269775391	0.015703780576586723	True	0.6484525203704834	0.0005974294035695493	0.3126251995563507	0.03152753785252571	3.883202589349821e-05	0.006758489646017551
2l6dl0	my dogs butt looks like some kind of bird	data/processed/pro_fakeddit/images/2l6dl0.jpg	2	2	True	0.3585914336144924	0.029994558542966843	0.3285968750715256	0.03877261490561068	0.3585914336144924	0.01332792395260185	0.18509506434202194	0.07561608985997736	False	True	0.1566130816936493	0.0009816628880798817	0.6069931387901306	0.003866025013849139	0.22748138010501862	0.004064690787345171	True	0.5005806684494019	0.07656356692314148	0.11018972843885422	0.02278982289135456	0.14270874857902527	0.14716748893260956
b99yth	an yearold janitor comes to work expecting to clean instead nearly students sing him happy birthday the washington post	data/processed/pro_fakeddit/images/b99yth.jpg	0	2	False	0.4006863087415695	0.13647205010056496	0.26421425864100456	0.20095374528318644	0.4006863087415695	0.10140888020396233	0.0013971486187074333	0.031339650973677635	False	True	0.11710401624441147	0.008222298696637154	0.717035174369812	0.1313806176185608	0.002127561252564192	0.024130385369062424	True	0.41132450103759766	0.3936851918697357	0.08433744311332703	0.07143714278936386	0.0006667359848506749	0.03854891657829285
93gr1q	flee unresthit nicaragua to seek asylum in costa rica	data/processed/pro_fakeddit/images/93gr1q.jpg	0	0	True	0.36960627138614655	0.12202749773859978	0.36960627138614655	0.0842960737645626	0.24757877364754677	0.12029729783535004	0.0021561643516179174	0.17606543749570847	False	True	0.3249749541282654	0.07468979805707932	0.4242860674858093	0.1022556722164154	0.0037648314610123634	0.07002873718738556	True	0.4142375886440277	0.0939023494720459	0.07087147980928421	0.13833892345428467	0.0005474972422234714	0.28210213780403137
cr6i0u	my chickfila has a basket to put your unused sauces in if you dont use them	data/processed/pro_fakeddit/images/cr6i0u.jpg	0	0	True	0.7359499931335449	0.5296744927763939	0.7359499931335449	0.01609459752216935	0.20627550035715103	0.013652425725013018	0.005813494557514787	0.02221399825066328	False	True	0.7610832452774048	0.001276218332350254	0.19736583530902863	0.008541303686797619	0.008706577122211456	0.02302679978311062	True	0.7108167409896851	0.03091297671198845	0.21518516540527344	0.018763547763228416	0.002920411992818117	0.021401196718215942
27mpcr	djokovic during the roland garros final	data/processed/pro_fakeddit/images/27mpcr.jpg	0	0	True	0.37101007997989655	0.010799884796142578	0.37101007997989655	0.10913263633847237	0.36021019518375397	0.05941986991092563	0.03898121137171984	0.06124600302428007	False	True	0.33945950865745544	0.019982732832431793	0.5498523116111755	0.011848210357129574	0.04832642897963524	0.030530763790011406	True	0.40256065130233765	0.19828253984451294	0.1705680787563324	0.10699152946472168	0.029635993763804436	0.09196124225854874
3h34th	brit draws gun on paper and tries to rob bank	data/processed/pro_fakeddit/images/3h34th.jpg	0	0	True	0.5041026026010513	0.3225249797105789	0.5041026026010513	0.16945520043373108	0.08173363469541073	0.1815776228904724	0.028094338202208746	0.03503656852990389	False	True	0.5619155764579773	0.10140445828437805	0.1363193392753601	0.09395182132720947	0.05594737082719803	0.05046139657497406	True	0.44628962874412537	0.2375059425830841	0.02714793011546135	0.26920342445373535	0.00024130557721946388	0.019611740484833717
czlqrw	i just found this cicada wrapped in web feet underground	data/processed/pro_fakeddit/images/czlqrw.jpg	0	0	True	0.6376181095838547	0.32336172461509705	0.6376181095838547	0.0041853697039186954	0.31425638496875763	0.01193855213932693	0.026743326568976045	0.005258228164166212	False	True	0.4794405996799469	0.0020406637340784073	0.459777295589447	0.004183848854154348	0.05148433893918991	0.003073266241699457	True	0.7957956194877625	0.006330075673758984	0.16873547434806824	0.01969325542449951	0.0020023141987621784	0.007443190086632967
64oeog	why more highly educated people are less into conspiracy theories	data/processed/pro_fakeddit/images/64oeog.jpg	5	5	True	0.734948605298996	0.6414999109110795	0.09344869438791648	0.08445581793785095	0.014855577843263745	0.07207286730408669	0.0002184573677368462	0.734948605298996	False	True	0.0016807682113721967	0.07809093594551086	0.007407330442219973	0.018296830356121063	0.00021455292881000787	0.8943095803260803	True	0.18521662056446075	0.09082069993019104	0.022303825244307518	0.1258489042520523	0.00022236180666368455	0.5755876302719116
71o825	us monitored manafort after he left trump campaign	data/processed/pro_fakeddit/images/71o825.jpg	0	5	False	0.24996846914291382	0.016140151768922806	0.233828317373991	0.14271727576851845	0.1492183106020093	0.21772462874650955	0.006542984978295863	0.24996846914291382	False	True	0.3804437816143036	0.09671620279550552	0.2698427140712738	0.15070848166942596	0.012730680406093597	0.08955815434455872	True	0.08721285313367844	0.18871834874153137	0.02859390713274479	0.28474077582359314	0.00035528955049812794	0.4103787839412689
32rw7y	this onehanded keyboard	data/processed/pro_fakeddit/images/32rw7y.jpg	0	0	True	0.44251546263694763	0.009837746620178223	0.44251546263694763	0.015286624431610107	0.4326777160167694	0.04406361095607281	0.015177392109762877	0.050279160030186176	False	True	0.28055888414382935	0.026635494083166122	0.5369202494621277	0.049621760845184326	0.02970506064593792	0.07655853778123856	True	0.6044720411300659	0.003937754780054092	0.32843518257141113	0.03850546106696129	0.0006497235735878348	0.023999782279133797
dhnsulp	i took my masters degree in cowbell	data/processed/pro_fakeddit/images/dhnsulp.jpg	4	0	False	0.5513699352741241	0.3190119874489028	0.5513699352741241	0.023727815132588148	0.1208946481347084	0.06116419658064842	0.23235794782522134	0.01048543187789619	False	True	0.3229653239250183	0.04105307161808014	0.15226933360099792	0.018177933990955353	0.46410900354385376	0.0014252974651753902	True	0.77977454662323	0.006402558647096157	0.08951996266841888	0.10415045917034149	0.0006068921065889299	0.01954556629061699
cmwu3q	insect apocalypse in us driven by x increase in toxic pesticides	data/processed/pro_fakeddit/images/cmwu3q.jpg	0	0	True	0.39207665622234344	0.15897801518440247	0.39207665622234344	0.035005584359169006	0.19712718576192856	0.03839131211861968	0.10430061747319996	0.23309864103794098	False	True	0.4193623661994934	0.017923884093761444	0.25866490602493286	0.01378632616251707	0.20513387024402618	0.0851285457611084	True	0.3647909462451935	0.05208728462457657	0.13558946549892426	0.06299629807472229	0.003467364702373743	0.38106873631477356
4rozpv	north korean space program to land rover on earth	data/processed/pro_fakeddit/images/4rozpv.jpg	1	0	False	0.45068809390068054	0.1890684925019741	0.45068809390068054	0.12517481483519077	0.26161960139870644	0.0655531994998455	0.05762647639494389	0.039337883703410625	False	True	0.3524768352508545	0.04306686297059059	0.4112289845943451	0.03296409547328949	0.11168000102043152	0.048583317548036575	True	0.5488993525505066	0.20728276669979095	0.11201021820306778	0.09814230352640152	0.0035729517694562674	0.030092449858784676
6kcche	yearold boy invents a genius device to stop children dying in hot cars	data/processed/pro_fakeddit/images/6kcche.jpg	5	0	False	0.2924382984638214	0.0456419512629509	0.2924382984638214	0.24679634720087051	0.23204820603132248	0.03724871622398496	0.0022791077935835347	0.1891893520951271	False	True	0.10745242238044739	0.4523247182369232	0.22214223444461823	0.00920670572668314	0.0003187192778568715	0.2085551917552948	True	0.47742417454719543	0.04126797616481781	0.24195417761802673	0.06529072672128677	0.004239496309310198	0.1698235124349594
28ku7z	citizen in hot air balloon helps officers find fleeing suspect end pursuit	data/processed/pro_fakeddit/images/28ku7z.jpg	0	0	True	0.6340833306312561	0.40213773772120476	0.6340833306312561	0.031562501564621925	0.23194559291005135	0.04558460088446736	0.02943070902256295	0.027393224649131298	False	True	0.5099594593048096	0.029230251908302307	0.3568718135356903	0.013996594585478306	0.058136891573667526	0.031804997473955154	True	0.7582072019577026	0.033894751220941544	0.10701937228441238	0.07717260718345642	0.0007245264714583755	0.02298145182430744
bdti7r	george lucas planning payback with massive affordable housing project on his marin county land	data/processed/pro_fakeddit/images/bdti7r.jpg	0	0	True	0.26360180601477623	0.01221415400505066	0.26360180601477623	0.25138765200972557	0.20381456706672907	0.1763063445687294	0.014310795348137617	0.09057878144085407	False	True	0.4492330253124237	0.049996815621852875	0.38191598653793335	0.08572216331958771	0.016446055844426155	0.01668592169880867	True	0.07797058671712875	0.45277848839759827	0.025713147595524788	0.2668905258178711	0.012175534851849079	0.16447164118289948
3jk96v	day care workers accused of running fight club among children	data/processed/pro_fakeddit/images/3jk96v.jpg	0	2	False	0.32091596350073814	0.0014064721763134003	0.28096339851617813	0.02216338738799095	0.32091596350073814	0.31950949132442474	0.0062204978603404015	0.050227303989231586	False	True	0.19657333195209503	0.008181124925613403	0.5206939578056335	0.1903390884399414	0.011973532848060131	0.0722389817237854	True	0.36535346508026123	0.0361456498503685	0.12113796919584274	0.4486798942089081	0.000467462872620672	0.028215626254677773
3bo4w2	manchester art gallery oc	data/processed/pro_fakeddit/images/3bo4w2.jpg	0	0	True	0.5493514537811279	0.16862938355188817	0.5493514537811279	0.004128530970774591	0.05315358191728592	0.005939141847193241	0.38072207022923976	0.006705160194542259	False	True	0.17507606744766235	0.002151243155822158	0.06017138436436653	0.0034011928364634514	0.7575699090957642	0.0016301757423207164	True	0.9236268401145935	0.006105818785727024	0.04613577947020531	0.00847709085792303	0.0038742313627153635	0.011780144646763802
ck2hcc	vodka a dangerous love beware ussr	data/processed/pro_fakeddit/images/ck2hcc.jpg	5	0	False	0.4809221774339676	0.2088928073644638	0.4809221774339676	0.2720293700695038	0.13619155064225197	0.07680285349488258	0.02251774407341145	0.011536327889189124	False	True	0.32340940833091736	0.3695695996284485	0.2020818442106247	0.055129945278167725	0.04468865692615509	0.005120543297380209	True	0.6384349465370178	0.17448914051055908	0.07030125707387924	0.09847576171159744	0.00034683122066780925	0.01795211248099804
dcyq38	this extremely tall bathroom door	data/processed/pro_fakeddit/images/dcyq38.jpg	0	0	True	0.5215265303850174	0.2651221677660942	0.5215265303850174	0.04313783149700612	0.2564043626189232	0.03813012526370585	0.08252354338765144	0.05827756389044225	False	True	0.6045708656311035	0.0018276011105626822	0.28324371576309204	0.005010452587157488	0.1000874787569046	0.005259800236672163	True	0.4384821951389313	0.08444806188344955	0.22956500947475433	0.07124979794025421	0.06495960801839828	0.11129532754421234
bdq0jh	dead after severe weather rips through the south east coast	data/processed/pro_fakeddit/images/bdq0jh.jpg	0	0	True	0.9074015915393829	0.851519126445055	0.9074015915393829	0.006442804915423039	0.05588246509432793	0.00967694033170119	0.006150371293188073	0.014445792883634567	False	True	0.897394597530365	0.00014973450743127614	0.08232658356428146	0.0017844225512817502	0.011881870217621326	0.006462728604674339	True	0.9174085855484009	0.012735875323414803	0.02943834662437439	0.01756945811212063	0.00041887236875481904	0.022428857162594795
57alug	henry waxman isnt done fighting with drug companies	data/processed/pro_fakeddit/images/57alug.jpg	0	3	False	0.30083082616329193	0.04975308105349541	0.1683705449104309	0.0915252948179841	0.2510777451097965	0.30083082616329193	0.0020177991427772213	0.1861778050661087	False	True	0.2000274360179901	0.015279488638043404	0.45657408237457275	0.25390419363975525	0.00392698310315609	0.07028785347938538	True	0.1367136538028717	0.1677711009979248	0.045581407845020294	0.3477574586868286	0.00010861518239835277	0.30206775665283203
2ggvks	youll never guess how this star athlete responds to being called a nerd	data/processed/pro_fakeddit/images/2ggvks.jpg	0	2	False	0.4110558480024338	0.07774563133716583	0.33331021666526794	0.02590644476003945	0.4110558480024338	0.14595643803477287	0.05982454647710256	0.02394647430628538	False	True	0.12256258726119995	0.005566167179495096	0.4772728681564331	0.2477027326822281	0.11959664523601532	0.0272989422082901	True	0.5440578460693359	0.0462467223405838	0.34483882784843445	0.04421014338731766	5.244771818979643e-05	0.020594006404280663
8vvqsg	charity makes sure homeless kids get the birthday party they deserve	data/processed/pro_fakeddit/images/8vvqsg.jpg	0	0	True	0.5323394984006882	0.2184033766388893	0.5323394984006882	0.08315419964492321	0.31393612176179886	0.03705139458179474	0.012712469848338515	0.02080629882402718	False	True	0.37221166491508484	0.04542351886630058	0.5264792442321777	0.026437781751155853	0.02481873705983162	0.004629007074981928	True	0.6924673318862915	0.12088488042354584	0.10139299929141998	0.047665007412433624	0.0006062026368454099	0.036983590573072433
cmfof4f	this isnt the franchise i was looking for	data/processed/pro_fakeddit/images/cmfof4f.jpg	4	0	False	0.3856048099696636	0.09119488671422005	0.3856048099696636	0.02198087051510811	0.2944099232554436	0.055524732917547226	0.23428290466108592	0.008196775466785766	False	True	0.11371668428182602	0.005772437900304794	0.4027801752090454	0.008805140852928162	0.4684637486934662	0.0004618533712346107	True	0.6574929356575012	0.03818930312991142	0.18603967130184174	0.10224432498216629	0.00010206062870565802	0.01593169756233692
arb3bc	this clothing store is undergoing construction so they dressed their mannequins appropriately	data/processed/pro_fakeddit/images/arb3bc.jpg	0	0	True	0.46450401842594147	0.2037949562072754	0.46450401842594147	0.018356023356318474	0.2607090622186661	0.0642431266605854	0.18601295840926468	0.006174771813675761	False	True	0.3105548322200775	0.019042685627937317	0.25175076723098755	0.04154777526855469	0.36585670709609985	0.0112471804022789	True	0.6184532046318054	0.01766936108469963	0.2696673572063446	0.08693847805261612	0.006169209722429514	0.0011023632250726223
dc6wx9	only bunch of red fruits on a bush	data/processed/pro_fakeddit/images/dc6wx9.jpg	0	2	False	0.4018750637769699	0.007317885756492615	0.3945571780204773	0.021364658721722662	0.4018750637769699	0.06844762153923512	0.06807785341516137	0.04567764885723591	False	True	0.32034412026405334	0.0019351684022694826	0.47954249382019043	0.033106107264757156	0.13206537067890167	0.03300680220127106	True	0.46877023577690125	0.04079414904117584	0.3242076337337494	0.10378913581371307	0.00409033615142107	0.05834849551320076
11rt54	judge clears two people of murder for which theyve spent years in jail but makes them wait days to be released so they can receive ankle bracelets	data/processed/pro_fakeddit/images/11rt54.jpg	0	0	True	0.5551971793174744	0.32934850081801414	0.5551971793174744	0.034399333875626326	0.22584867849946022	0.1590486280620098	0.005195275662117638	0.02031095279380679	False	True	0.2995908260345459	0.005141734145581722	0.3947356939315796	0.2813158333301544	0.010069753043353558	0.009146205149590969	True	0.8108035326004028	0.06365693360567093	0.05696166306734085	0.036781422793865204	0.0003207982808817178	0.031475700438022614
8tlyya	daft punk without helmets at the fifa world cup in russia	data/processed/pro_fakeddit/images/8tlyya.jpg	2	2	True	0.4006587117910385	0.11203364282846451	0.288625068962574	0.20655040070414543	0.4006587117910385	0.06895345076918602	0.01427750289440155	0.020934906788170338	False	True	0.4016231894493103	0.054788343608379364	0.4416464865207672	0.07196622341871262	0.02006266638636589	0.009913088753819466	True	0.1756269484758377	0.3583124577999115	0.3596709370613098	0.06594067811965942	0.00849233940243721	0.03195672482252121
chh25u1	so long and thanks for the kitties	data/processed/pro_fakeddit/images/chh25u1.jpg	4	4	True	0.4774032541317865	0.11116598348598927	0.36623727064579725	0.027735251700505614	0.11011144705116749	0.009878928380203433	0.4774032541317865	0.008633812853076961	False	True	0.023694491013884544	0.004326823633164167	0.017819125205278397	0.00025579813518561423	0.9536808133125305	0.00022294178779702634	True	0.70878005027771	0.05114367976784706	0.20240376889705658	0.019502058625221252	0.001125694951042533	0.017044683918356895
1gogmy	nba finals lebron james to start game with headband on	data/processed/pro_fakeddit/images/1gogmy.jpg	0	3	False	0.4026775024831295	0.1322577241808176	0.2704197783023119	0.10182652994990349	0.11065497249364853	0.4026775024831295	0.0005551503199967556	0.11386598274111748	False	True	0.0464460588991642	0.08635056763887405	0.03949517011642456	0.7564437389373779	0.000979630509391427	0.07028471678495407	True	0.4943934977054596	0.11730249226093292	0.1818147748708725	0.04891126602888107	0.0001306701306020841	0.15744724869728088
blw60y	ezra millers makeup at the meta	data/processed/pro_fakeddit/images/blw60y.jpg	2	0	False	0.599132314324379	0.43370089679956436	0.599132314324379	0.022224554559215903	0.1654314175248146	0.07705723959952593	0.12669659336097538	0.009457884123548865	False	True	0.44944819808006287	0.038586053997278214	0.2265349179506302	0.028774986043572426	0.25227174162864685	0.004384070169180632	True	0.7488164305686951	0.005863055121153593	0.10432791709899902	0.12533949315547943	0.0011214450933039188	0.014531698077917099
3gymh7	teenager in a fishing boat removes rubbish stuck on whales head whale shows its appreciation	data/processed/pro_fakeddit/images/3gymh7.jpg	0	1	False	0.4690309356665239	0.17899224220309407	0.207493145018816	0.4690309356665239	0.2900386934634298	0.008782981429249048	0.008095940400380641	0.016558269038796425	False	True	0.38796669244766235	0.0021899722050875425	0.5738047957420349	0.008540286682546139	0.015390323475003242	0.012107903137803078	True	0.027019597589969635	0.9358718991279602	0.006272591184824705	0.009025676175951958	0.00080155732575804	0.021008634939789772
dpmuhrc	chrimbus time is almost here	data/processed/pro_fakeddit/images/dpmuhrc.jpg	4	4	True	0.458856066208682	0.08141219754179474	0.3774438686668873	0.01911883265711367	0.06713942252099514	0.053711102867964655	0.458856066208682	0.023730687484203372	False	True	0.05290798097848892	0.0057618883438408375	0.023081492632627487	0.0007137685315683484	0.9174217581748962	0.00011304330837447196	True	0.7019797563552856	0.032475776970386505	0.11119735240936279	0.10670843720436096	0.00029037424246780574	0.04734833166003227
9dzjyi	this wood fire heated hot tub being pulled by an rv	data/processed/pro_fakeddit/images/9dzjyi.jpg	0	0	True	0.5812934041023254	0.24858969449996948	0.5812934041023254	0.03555602766573429	0.33270370960235596	0.01344769960269332	0.009419718058779836	0.027579522226005793	False	True	0.7153953313827515	0.019565794616937637	0.23681172728538513	0.010757979936897755	0.013254871591925621	0.004214485175907612	True	0.4471914768218994	0.051546260714530945	0.4285956919193268	0.016137419268488884	0.00558456452563405	0.05094455927610397
2h9e55	fox news contributor stephen hayes is on the terrorist watch list	data/processed/pro_fakeddit/images/2h9e55.jpg	0	3	False	0.46968477964401245	0.3278876543045044	0.14097287505865097	0.13673945143818855	0.10933574941009283	0.46968477964401245	0.0014699795065098442	0.14179712533950806	False	True	0.13560998439788818	0.05761747807264328	0.1945692002773285	0.5454143285751343	0.002857293700799346	0.0639316588640213	True	0.14633576571941376	0.21586142480373383	0.02410229854285717	0.3939552307128906	8.266531222034246e-05	0.2196625918149948
8z61g2	dang i spilled my pork rinds all over the grass	data/processed/pro_fakeddit/images/8z61g2.jpg	2	0	False	0.5694014579057693	0.3282838240265846	0.5694014579057693	0.024528439389541745	0.24111763387918472	0.03764828108251095	0.09871541228494607	0.028588740155100822	False	True	0.38548633456230164	0.0062452503480017185	0.3205955922603607	0.05370965600013733	0.19667471945285797	0.03728841617703438	True	0.7533165812492371	0.04281162843108177	0.16163967549800873	0.021586906164884567	0.000756105117034167	0.019889064133167267
6feuw6	jumping spider trying to appear intimidating	data/processed/pro_fakeddit/images/6feuw6.jpg	0	2	False	0.4694134145975113	0.012077435851097107	0.4573359787464142	0.011443009367212653	0.4694134145975113	0.01883187284693122	0.035872498992830515	0.0071032296400517225	False	True	0.24517744779586792	0.004840205889195204	0.6655011177062988	0.009648517705500126	0.06937894970178604	0.005453804042190313	True	0.6694945096969604	0.018045812845230103	0.27332571148872375	0.028015227988362312	0.0023660482838749886	0.008752655237913132
26zjoq	researchers find association between porn viewing and less grey matter in the brain	data/processed/pro_fakeddit/images/26zjoq.jpg	0	0	True	0.3999537527561188	0.13236132264137268	0.3999537527561188	0.042997815646231174	0.20871426910161972	0.05524641368538141	0.025495333247818053	0.2675924301147461	False	True	0.26771461963653564	0.030605459585785866	0.20811691880226135	0.01410718448460102	0.050608258694410324	0.4288475513458252	True	0.5321928858757019	0.05539017170667648	0.2093116194009781	0.0963856428861618	0.00038240780122578144	0.10633730888366699
axq3b6	dog gets mad during meeting	data/processed/pro_fakeddit/images/axq3b6.jpg	0	0	True	0.5361876934766769	0.3209930770099163	0.5361876934766769	0.1107332194224	0.21519461646676064	0.02785260370001197	0.09406518579635303	0.015966612962074578	False	True	0.4466235339641571	0.028240667656064034	0.3213624358177185	0.012247915379703045	0.1878800243139267	0.0036453178618103266	True	0.6257518529891968	0.19322577118873596	0.10902679711580276	0.04345729202032089	0.0002503472787793726	0.02828790806233883
ctnfbd	in a bag of very old clementines only one rotted away	data/processed/pro_fakeddit/images/ctnfbd.jpg	0	0	True	0.6000501662492752	0.27748753875494003	0.6000501662492752	0.019682516111060977	0.3225626274943352	0.006269517354667187	0.028130156482802704	0.023305024951696396	False	True	0.41417065262794495	0.001326178666204214	0.5112754702568054	0.004799467511475086	0.055446501821279526	0.01298166811466217	True	0.7859296798706055	0.03803885355591774	0.13384978473186493	0.007739567197859287	0.0008138111443258822	0.03362838178873062
ccv4df	this orchid that looks like it has a small clown covering its ears in the middle	data/processed/pro_fakeddit/images/ccv4df.jpg	0	2	False	0.6583903431892395	0.5199396183015779	0.09295207262039185	0.13845072488766164	0.6583903431892395	0.01880468986928463	0.08354491554200649	0.007857302902266383	False	True	0.13196741044521332	0.0019831617828458548	0.7185993194580078	0.017910609021782875	0.12529420852661133	0.004245347809046507	True	0.053936734795570374	0.2749182879924774	0.5981813669204712	0.019698770716786385	0.04179562255740166	0.01146925799548626
1cvawd	birds beak looks like another birds face	data/processed/pro_fakeddit/images/1cvawd.jpg	2	2	True	0.7005616128444672	0.4741354212164879	0.22642619162797928	0.00985225010663271	0.7005616128444672	0.01260095601901412	0.04121631197631359	0.009342692792415619	False	True	0.27958598732948303	0.013552392832934856	0.6183873414993286	0.011141284368932247	0.06338030844926834	0.013952648267149925	True	0.17326639592647552	0.006152107380330563	0.7827358841896057	0.014060627669095993	0.01905231550335884	0.0047327373176813126
78xol9	its simply bursting with creative wonder says reviewer of new game where mario sometimes dresses as chef	data/processed/pro_fakeddit/images/78xol9.jpg	1	0	False	0.4051358550786972	0.12240415316773579	0.4051358550786972	0.20258709974586964	0.06241251714527607	0.037343584932386875	0.2827317019109614	0.009789242874830961	False	True	0.3642677366733551	0.011297706514596939	0.041315045207738876	0.016919994726777077	0.5637108087539673	0.002488725818693638	True	0.4460039734840393	0.39387649297714233	0.08350998908281326	0.057767175137996674	0.0017525950679555535	0.017089759930968285
25eeez	custom controller lets disabled man dig into minecraft using his eyebrows	data/processed/pro_fakeddit/images/25eeez.jpg	0	0	True	0.4816679209470749	0.19114767760038376	0.4816679209470749	0.12321127578616142	0.29052024334669113	0.02742843981832266	0.05508909933269024	0.022083033807575703	False	True	0.394992858171463	0.10276349633932114	0.4060206711292267	0.02810177393257618	0.033017415553331375	0.035103846341371536	True	0.5683429837226868	0.1436590552330017	0.17501981556415558	0.026755105704069138	0.0771607831120491	0.009062221273779869
1islyu	jumping dog with a derpish face	data/processed/pro_fakeddit/images/1islyu.jpg	0	1	False	0.3785035125911236	0.1330864541232586	0.245417058467865	0.3785035125911236	0.19305822253227234	0.006793454987928271	0.17440594732761383	0.0018218248733319342	False	True	0.36437365412712097	0.01452483981847763	0.34869056940078735	0.00576625345274806	0.2650958001613617	0.0015488654607906938	True	0.126460462808609	0.7424821853637695	0.037425875663757324	0.007820656523108482	0.08371609449386597	0.0020947842858731747
bw46oc	this pepper looks like a clown face	data/processed/pro_fakeddit/images/bw46oc.jpg	0	2	False	0.6649833619594574	0.4321145787835121	0.23286878317594528	0.028165259398519993	0.6649833619594574	0.014703955850563943	0.042460072319954634	0.0168185755610466	False	True	0.28641843795776367	0.0021049436181783676	0.6249376535415649	0.002217816887423396	0.07796511799097061	0.006356045603752136	True	0.1793191283941269	0.05422557517886162	0.7050290703773499	0.02719009481370449	0.006955026648938656	0.027281105518341064
d1oa9c	the color fading on my poetry magnets which i left out a month ago vs those i didnt	data/processed/pro_fakeddit/images/d1oa9c.jpg	0	2	False	0.41992488503456116	0.10888541489839554	0.3110394701361656	0.05236244946718216	0.41992488503456116	0.060995438252575696	0.0017468210135120898	0.1539308661594987	False	True	0.4706498086452484	0.028236858546733856	0.46944528818130493	0.0034189990255981684	0.0030999097507447004	0.025149064138531685	True	0.15142913162708282	0.07648804038763046	0.3704044818878174	0.11857187747955322	0.00039373227627947927	0.2827126681804657
925w0x	first ever atk crashes in to loot lake during a test drive colourized	data/processed/pro_fakeddit/images/925w0x.jpg	2	0	False	0.7133218944072723	0.5487216897308826	0.7133218944072723	0.030583770712837577	0.1646002046763897	0.0026706480712164193	0.08460984192788601	0.0042136055417358875	False	True	0.5643758773803711	0.00426442502066493	0.2832711935043335	0.004791595973074436	0.13754808902740479	0.005748746916651726	True	0.8622679114341736	0.05690311640501022	0.04592921584844589	0.0005497001693584025	0.03167159482836723	0.0026784641668200493
chd4k9k	were not getting any younger so lets do the damn thang	data/processed/pro_fakeddit/images/chd4k9k.jpg	4	4	True	0.40391609306971077	0.0047686384205007926	0.39914745464921	0.005448985379189253	0.17964091897010803	0.009315870760474354	0.40391609306971077	0.0025307337928097695	False	True	0.09720218926668167	0.00353600038215518	0.09041595458984375	0.001002121833153069	0.8077291250228882	0.00011461175745353103	True	0.7010927200317383	0.007361970376223326	0.2688658833503723	0.01762961968779564	0.00010306111653335392	0.004946855828166008
1gv01q	a cat looking majestically into the middle distance	data/processed/pro_fakeddit/images/1gv01q.jpg	0	2	False	0.48687636852264404	0.11085458099842072	0.3760217875242233	0.001453776378184557	0.48687636852264404	0.02505998406559229	0.10575904790312052	0.004829016630537808	False	True	0.39803871512413025	0.0019320114515721798	0.3664674162864685	0.031174425035715103	0.1950976848602295	0.007289722096174955	True	0.3540048599243164	0.0009755413047969341	0.6072853207588196	0.018945543095469475	0.016420410946011543	0.0023683111649006605
5q0lzv	i didnt realize until now that my water bottle is a transformer	data/processed/pro_fakeddit/images/5q0lzv.jpg	2	0	False	0.6883770525455475	0.45531755313277245	0.6883770525455475	0.01787247319589369	0.23305949941277504	0.015364072285592556	0.03658836125396192	0.008738526026718318	False	True	0.5610767602920532	0.0008926763548515737	0.3609720766544342	0.005029104650020599	0.06874112039804459	0.0032882678788155317	True	0.8156773447990417	0.034852270036935806	0.10514692217111588	0.025699039921164513	0.004435602109879255	0.014188784174621105
3lwihh	the truth about student loans	data/processed/pro_fakeddit/images/3lwihh.jpg	1	0	False	0.37981779873371124	0.10585460066795349	0.37981779873371124	0.04413862247020006	0.12101563438773155	0.27396319806575775	0.1445339317288017	0.03653082763776183	False	True	0.4205990731716156	0.0626724511384964	0.19119971990585327	0.02657279372215271	0.2889043092727661	0.010051730088889599	True	0.3390365242958069	0.025604793801903725	0.05083154886960983	0.5213536024093628	0.0001635541848372668	0.06300992518663406
e1g2kg8	my first attempt at psbattling	data/processed/pro_fakeddit/images/e1g2kg8.jpg	4	0	False	0.4871041998267174	0.2075032889842987	0.4871041998267174	0.07489492930471897	0.27960091084241867	0.07670336402952671	0.017469394311774522	0.06422723969444633	False	True	0.16634945571422577	0.1387520432472229	0.4112659990787506	0.13042457401752472	0.033731188625097275	0.11947675794363022	True	0.807858943939209	0.011037815362215042	0.14793582260608673	0.022982154041528702	0.0012075999984517694	0.008977721445262432
6vfz6l	somewhere over the valley this is our stop	data/processed/pro_fakeddit/images/6vfz6l.jpg	1	2	False	0.5435076802968979	0.12197031825780869	0.4215373620390892	0.0007746741757728159	0.5435076802968979	0.009004207560792565	0.01702806886169128	0.008148095104843378	False	True	0.15444378554821014	0.0007539870566688478	0.8060250282287598	0.0020302296616137028	0.03355101868510246	0.0031960410997271538	True	0.6886309385299683	0.0007953612948767841	0.280990332365036	0.015978185459971428	0.0005051190382800996	0.013100149109959602
375he7	cancer charities are accused of fraud	data/processed/pro_fakeddit/images/375he7.jpg	0	3	False	0.4596948977559805	0.20998936519026756	0.24970553256571293	0.00475345563609153	0.1630462473258376	0.4596948977559805	0.0812094538969177	0.04159044614061713	False	True	0.4823625683784485	0.005846932530403137	0.3143499195575714	0.025767754763364792	0.16239877045154572	0.00927403848618269	True	0.01704849675297737	0.0036599787417799234	0.011742575094103813	0.8936220407485962	2.0137342289672233e-05	0.07390685379505157
dbh1qa	the christmas genocide of swaize land	data/processed/pro_fakeddit/images/dbh1qa.jpg	2	0	False	0.5799890756607056	0.37946362793445587	0.5799890756607056	0.1228843629360199	0.2005254477262497	0.029031759593635798	0.025258858804591	0.04231054661795497	False	True	0.5539404153823853	0.04425135254859924	0.3212869167327881	0.015466221608221531	0.05021752789616585	0.014837606810033321	True	0.6060377359390259	0.20151737332344055	0.0797639787197113	0.042597297579050064	0.0003001897130161524	0.06978348642587662
5501dq	operation science vs magic	data/processed/pro_fakeddit/images/5501dq.jpg	0	4	False	0.4488711622543633	0.2294936296530068	0.2193775326013565	0.024771172553300858	0.03952959319576621	0.1889141732826829	0.4488711622543633	0.07853638543747365	False	True	0.06028085947036743	0.017710156738758087	0.014711248688399792	0.005344050005078316	0.8967114090919495	0.00524232117459178	True	0.3784742057323456	0.03183218836784363	0.06434793770313263	0.3724842965602875	0.001030915416777134	0.15183044970035553
h8kim	this face stared at me while i worked out	data/processed/pro_fakeddit/images/h8kim.jpg	2	2	True	0.6867534518241882	0.4530254080891609	0.2337280437350273	0.011426902026869357	0.6867534518241882	0.024319423362612724	0.036906143999658525	0.0068660874385386705	False	True	0.18359865248203278	0.003389272140339017	0.7000802755355835	0.030211884528398514	0.07349274307489395	0.009227224625647068	True	0.28385743498802185	0.019464531913399696	0.673426628112793	0.018426962196826935	0.00031954492442309856	0.004504950251430273
d7rnb0	smaller versions of upholstered car seats at a hardware store	data/processed/pro_fakeddit/images/d7rnb0.jpg	0	4	False	0.48967987298965454	0.26311718858778477	0.09345109388232231	0.07068624487146735	0.08676491305232048	0.22656268440186977	0.48967987298965454	0.03285518568009138	False	True	0.10158061981201172	0.013973790220916271	0.0995040163397789	0.05323253199458122	0.70645672082901	0.02525235153734684	True	0.0853215679526329	0.12739869952201843	0.07402580976486206	0.3998928368091583	0.2729030251502991	0.04045801982283592
7c64og	life expectancy on the rise in africa	data/processed/pro_fakeddit/images/7c64og.jpg	0	0	True	0.3021353781223297	0.02224447811022401	0.3021353781223297	0.14740199432708323	0.23394343815743923	0.02483099838718772	0.011797259910963476	0.2798909000121057	False	True	0.512953519821167	0.0030377027578651905	0.4453575313091278	0.005608181469142437	0.021459458395838737	0.011583576910197735	True	0.09131723642349243	0.29176628589630127	0.022529345005750656	0.044053815305233	0.002135061426088214	0.5481982231140137
3po6jx	barbecue round at the folks took a turn for the worst	data/processed/pro_fakeddit/images/3po6jx.jpg	2	0	False	0.5424297004938126	0.24752194185566623	0.5424297004938126	0.016485178464790806	0.12570658326148987	0.015684296959079802	0.29490775863814633	0.004786502686329186	False	True	0.2986229956150055	0.0009528130176477134	0.1080288290977478	0.0014010679442435503	0.5896810293197632	0.0013132488820701838	True	0.7862364053726196	0.0320175439119339	0.14338433742523193	0.029967525973916054	0.0001344879565294832	0.008259756490588188
9hkiey	new prescription drug warning labels in canada	data/processed/pro_fakeddit/images/9hkiey.jpg	0	0	True	0.3143816590309143	0.07165764831006527	0.3143816590309143	0.01965765340719372	0.23066643998026848	0.19030046882107854	0.0022698175307596102	0.24272401072084904	False	True	0.5267701148986816	0.002795865060761571	0.4133699834346771	0.013014950789511204	0.004389206413179636	0.03965996578335762	True	0.10199320316314697	0.03651944175362587	0.04796289652585983	0.3675859868526459	0.00015042864833958447	0.44578805565834045
68f2wt	reddit alien is holding a christian monk in his right hand from redditgifts	data/processed/pro_fakeddit/images/68f2wt.jpg	2	1	False	0.40198710560798645	0.11073848605155945	0.291248619556427	0.40198710560798645	0.20447010546922684	0.005734570091590285	0.038034274242818356	0.058525338768959045	False	True	0.253591388463974	0.3879920244216919	0.27463653683662415	0.00469862250611186	0.025260934606194496	0.05382055044174194	True	0.32890585064888	0.415982186794281	0.13430367410182953	0.00677051767706871	0.050807613879442215	0.06323012709617615
ayx7t2	had a packet stuck in the seal of my ramen opened the ramen up and discovered another packet awesome for	data/processed/pro_fakeddit/images/ayx7t2.jpg	0	0	True	0.6405176222324371	0.3948815315961838	0.6405176222324371	0.0077325510792434216	0.24563609063625336	0.0230332356877625	0.03371851262636483	0.04936203546822071	False	True	0.6242825984954834	0.00238009262830019	0.24715203046798706	0.007066172547638416	0.06546978652477264	0.05364933982491493	True	0.6567526459693909	0.013085009530186653	0.24412015080451965	0.03900029882788658	0.0019672387279570103	0.04507473111152649
6tq6e8	til that knowing he was the media is the democrats replacement for the actions in charlottesville as repulsive traitors to their cronies	data/processed/pro_fakeddit/images/6tq6e8.jpg	3	1	False	0.3647711258381605	0.03689778409898281	0.3278733417391777	0.3647711258381605	0.20135151268914342	0.05657832697033882	0.00038771151957917027	0.04903801274485886	False	True	0.5497981309890747	0.046313341706991196	0.3906356394290924	0.006201840937137604	0.0007211939664557576	0.006329911295324564	True	0.1059485524892807	0.6832289099693298	0.012067385949194431	0.10695481300354004	5.4229072702582926e-05	0.09174611419439316
difafu	this plaque in tombstone arizona commemorating nothing	data/processed/pro_fakeddit/images/difafu.jpg	0	0	True	0.5398097634315491	0.3733764961361885	0.5398097634315491	0.0473091599997133	0.16643326729536057	0.09054018091410398	0.000498961398989195	0.15540866553783417	False	True	0.6552422046661377	0.005507766734808683	0.29141268134117126	0.03097931109368801	0.0008833031170070171	0.01597478985786438	True	0.42437732219696045	0.08911055326461792	0.041453853249549866	0.15010105073451996	0.00011461968097137287	0.29484254121780396
2d8cef	steven seagal looks menacingly at an unsually smiley vladimir putin	data/processed/pro_fakeddit/images/2d8cef.jpg	0	1	False	0.4443010464310646	0.18991614878177643	0.2543848976492882	0.4443010464310646	0.14436143077909946	0.09784903936088085	0.01511411415413022	0.04398941341787577	False	True	0.49381276965141296	0.05519910156726837	0.25761210918426514	0.15861095488071442	0.02254459075629711	0.012220444157719612	True	0.014957025647163391	0.8334029912948608	0.031110752373933792	0.03708712384104729	0.007683637551963329	0.07575838267803192
cyoqzdh	something something oscar pistorius	data/processed/pro_fakeddit/images/cyoqzdh.jpg	4	0	False	0.33349280059337616	0.006734088063240051	0.33349280059337616	0.09094856586307287	0.3267587125301361	0.02537078596651554	0.09735066187568009	0.12607845291495323	False	True	0.26450061798095703	0.017003444954752922	0.47137096524238586	0.011265095323324203	0.19433504343032837	0.04152483493089676	True	0.4024849832057953	0.16489368677139282	0.18214645981788635	0.03947647660970688	0.00036628032103180885	0.2106320708990097
6zkf0j	blinks mark hoppus releases solo track to raise money for dogs impacted by hurricane harvey	data/processed/pro_fakeddit/images/6zkf0j.jpg	0	0	True	0.3499830663204193	0.07564173778519034	0.3499830663204193	0.27434132853522897	0.1504593500867486	0.03191221924498677	0.015889067202806473	0.1774149681441486	False	True	0.6247705221176147	0.009060886688530445	0.28228268027305603	0.048311296850442886	0.02368505857884884	0.011889575980603695	True	0.07519561052322388	0.5396217703819275	0.01863601990044117	0.015513141639530659	0.008093075826764107	0.3429403603076935
5z6sc2	kid in cardboard knights armor	data/processed/pro_fakeddit/images/5z6sc2.jpg	0	4	False	0.31403693556785583	0.025774404406547546	0.2882625311613083	0.08740172954276204	0.17206057161092758	0.12795392144471407	0.31403693556785583	0.010284353978931904	False	True	0.2969647943973541	0.012727179564535618	0.17827600240707397	0.027610281482338905	0.4746207892894745	0.009801019914448261	True	0.27956026792526245	0.16207627952098846	0.1658451408147812	0.22829756140708923	0.15345308184623718	0.010767688043415546
8e372q	the population modern day hysteria	data/processed/pro_fakeddit/images/8e372q.jpg	1	0	False	0.5444389134645462	0.3625202812254429	0.5444389134645462	0.18191863223910332	0.16452085226774216	0.01562979386653751	0.022666445205686614	0.07082542404532433	False	True	0.38710108399391174	0.2483239769935608	0.26875099539756775	0.003651643870398402	0.04473675787448883	0.04743564873933792	True	0.7017767429351807	0.11551328748464584	0.060290709137916565	0.02760794386267662	0.0005961325368843973	0.09421519935131073
68laeg	deep in a song for wedding	data/processed/pro_fakeddit/images/68laeg.jpg	3	0	False	0.7540276348590851	0.6195220735025941	0.7540276348590851	0.00447935750707984	0.0837666504085064	0.021647087298333645	0.13450556135649094	0.001573747314978391	False	True	0.6542348265647888	0.005683006253093481	0.06812317669391632	0.0013186540454626083	0.26879027485847473	0.0018501222366467118	True	0.8538204431533813	0.0032757087610661983	0.09941012412309647	0.04197552055120468	0.00022084785450715572	0.00129737239331007
cd1oqu5	dancer doing a beard splash in the pool	data/processed/pro_fakeddit/images/cd1oqu5.jpg	4	4	True	0.4944152468815446	0.31231854332145303	0.05986702814698219	0.18209670356009156	0.05369603540748358	0.1676530728364014	0.4944152468815446	0.042271948492270894	False	True	0.017311975359916687	0.001561460318043828	0.007986655458807945	5.9463505749590695e-05	0.9729771614074707	0.00010331548401154578	True	0.1024220809340477	0.3626319468021393	0.09940541535615921	0.3352466821670532	0.015853332355618477	0.08444058150053024
6m1pj9	spiderman homecoming who is the postcredit character	data/processed/pro_fakeddit/images/6m1pj9.jpg	5	0	False	0.5512796938419342	0.2538089156150818	0.5512796938419342	0.04339415766298771	0.2974707782268524	0.07650802750140429	0.022214377007912844	0.00913305627182126	False	True	0.5503784418106079	0.04751212149858475	0.3282134234905243	0.021497854962944984	0.04327678307890892	0.009121473878622055	True	0.5521809458732605	0.03927619382739067	0.26672813296318054	0.1315182000398636	0.0011519709369167686	0.009144638665020466
cmsyfuv	die hard because obesity	data/processed/pro_fakeddit/images/cmsyfuv.jpg	4	4	True	0.4070210525460425	0.15087715477420716	0.2561438977718353	0.11653667292557657	0.08774416893720627	0.0519992932677269	0.4070210525460425	0.08055486645025667	False	True	0.1319514811038971	0.005452446173876524	0.04497595131397247	0.0033194050192832947	0.8139764070510864	0.0003242515667807311	True	0.38033631443977356	0.2276208996772766	0.13051238656044006	0.1006791815161705	6.569804099854082e-05	0.1607854813337326
2fmqky	man stabbed during dispute over meatball in fallston	data/processed/pro_fakeddit/images/2fmqky.jpg	0	3	False	0.37782688438892365	0.0413260143250227	0.33650087006390095	0.08597741648554802	0.06307554058730602	0.37782688438892365	0.001601006049895659	0.13501826860010624	False	True	0.024380836635828018	0.040162406861782074	0.07971998304128647	0.6267383694648743	0.002475439803674817	0.22652292251586914	True	0.6486209034919739	0.13179242610931396	0.04643109813332558	0.12891539931297302	0.0007265722961165011	0.04351361468434334
catkmz	this bottle of vo from in a relatives actively usef shower	data/processed/pro_fakeddit/images/catkmz.jpg	0	0	True	0.38828684389591217	0.052210524678230286	0.38828684389591217	0.008519756142050028	0.3360763192176819	0.13314694724977016	0.0840597232527216	0.04991038329899311	False	True	0.3325362503528595	0.001679999753832817	0.40696126222610474	0.025740887969732285	0.1679781973361969	0.06510336697101593	True	0.44403743743896484	0.015359512530267239	0.26519137620925903	0.24055300652980804	0.0001412491692462936	0.03471739962697029
dlsdrsu	we never left the shoneys	data/processed/pro_fakeddit/images/dlsdrsu.jpg	4	4	True	0.46846852562157437	0.0701994217815809	0.3982691038399935	0.003573553229216486	0.11410857550799847	0.007793703232891858	0.46846852562157437	0.007786542671965435	False	True	0.021044109016656876	0.0018613232532516122	0.03959264978766441	0.0007849878165870905	0.936516523361206	0.00020036945352330804	True	0.7754940986633301	0.00528578320518136	0.18862450122833252	0.014802418649196625	0.0004205278819426894	0.015372715890407562
3jlh0u	my display cable has seen me doing stuff	data/processed/pro_fakeddit/images/3jlh0u.jpg	2	2	True	0.6039393842220306	0.30468443781137466	0.299254946410656	0.0035476449702400714	0.6039393842220306	0.06292280461639166	0.011826413276139647	0.018508760957047343	False	True	0.18535824120044708	0.006499030161648989	0.6359612345695496	0.1145458072423935	0.02334599196910858	0.03428959101438522	True	0.41315165162086487	0.0005962597788311541	0.5719175338745117	0.011299801990389824	0.000306834583170712	0.002727930899709463
6ajjsy	wwii veteran united with lost love letter from his late wife	data/processed/pro_fakeddit/images/6ajjsy.jpg	0	0	True	0.6364850699901581	0.35649414360523224	0.6364850699901581	0.0029419772909022868	0.27999092638492584	0.01563891489058733	0.05953667590256373	0.005406477255746722	False	True	0.4463271498680115	0.0019081082427874207	0.419501930475235	0.00791117548942566	0.11903844028711319	0.005313216242939234	True	0.8266429901123047	0.003975846339017153	0.1404799222946167	0.023366654291749	3.491151801426895e-05	0.005499738268554211
9ji786	the assassination of james a garfield th	data/processed/pro_fakeddit/images/9ji786.jpg	2	1	False	0.3140852302312851	0.008125141263008118	0.305960088968277	0.3140852302312851	0.26474454905837774	0.06531483586877584	0.028327649692073464	0.02156763756647706	False	True	0.17418408393859863	0.2453172504901886	0.50677090883255	0.009560665115714073	0.052585165947675705	0.01158191729336977	True	0.4377360939979553	0.3828532099723816	0.022718189284205437	0.12106900662183762	0.004070133436471224	0.03155335783958435
3gh13l	attacked by bear russian man shoots brother	data/processed/pro_fakeddit/images/3gh13l.jpg	0	0	True	0.5946012735366821	0.31653135642409325	0.5946012735366821	0.012503009755164385	0.2780699171125889	0.029154707677662373	0.07151587720727548	0.014155211392790079	False	True	0.37091606855392456	0.004832829348742962	0.44226348400115967	0.021061154082417488	0.14179836213588715	0.019128141924738884	True	0.8182864785194397	0.020173190161585808	0.1138763502240181	0.03724826127290726	0.001233392278663814	0.009182280860841274
6ii03t	young girl from honduras gets second chance at hearing	data/processed/pro_fakeddit/images/6ii03t.jpg	0	0	True	0.43259043991565704	0.027910858392715454	0.43259043991565704	0.00797566887922585	0.4046795815229416	0.09778589755296707	0.012691209121840075	0.044277165085077286	False	True	0.27372607588768005	0.0072688995860517025	0.6515955328941345	0.016036778688430786	0.024475635960698128	0.026897046715021133	True	0.591454803943634	0.008682438172399998	0.15776363015174866	0.17953501641750336	0.0009067822829820216	0.06165728345513344
ar7xey	my chinese textbook knows politics	data/processed/pro_fakeddit/images/ar7xey.jpg	0	1	False	0.3741180533543229	0.10327048134058714	0.10092706326395273	0.3741180533543229	0.27084757201373577	0.14877439243718982	0.0005016613722546026	0.10483119077980518	False	True	0.18177029490470886	0.009730683639645576	0.49866729974746704	0.28460827469825745	0.000880812993273139	0.024342570453882217	True	0.020083831623196602	0.7385054230690002	0.0430278442800045	0.012940510176122189	0.00012250975123606622	0.18531981110572815
1dkqly	body found in chimney at derby firm of solicitors	data/processed/pro_fakeddit/images/1dkqly.jpg	0	0	True	0.40973469614982605	0.16141336783766747	0.40973469614982605	0.055063121020793915	0.23099206015467644	0.24832132831215858	0.026697373017668724	0.029191429261118174	False	True	0.4477231502532959	0.017888031899929047	0.3560475707054138	0.11354628950357437	0.052239734679460526	0.01255516055971384	True	0.3717462420463562	0.09223821014165878	0.10593654960393906	0.3830963671207428	0.0011550113558769226	0.04582769796252251
7moogx	this guy riding a donkey in mexico	data/processed/pro_fakeddit/images/7moogx.jpg	0	0	True	0.60239177942276	0.24515364319086075	0.60239177942276	0.0110477558337152	0.35723813623189926	0.007226613815873861	0.018308624858036637	0.003787076973821968	False	True	0.4083964228630066	0.013863161206245422	0.5412809252738953	0.004402614198625088	0.031096801161766052	0.00096008216496557	True	0.7963871359825134	0.008232350461184978	0.17319534718990326	0.010050613433122635	0.005520448554307222	0.006614071782678366
24d295	us should send astronauts to space station by trampoline russian official	data/processed/pro_fakeddit/images/24d295.jpg	0	0	True	0.5365146547555923	0.29779981449246407	0.5365146547555923	0.029111428186297417	0.23871484026312828	0.0715621430426836	0.06621483620256186	0.057882098481059074	False	True	0.4476512372493744	0.005478542298078537	0.3535759449005127	0.04419397935271263	0.1232353001832962	0.025864947587251663	True	0.6253780722618103	0.052744314074516296	0.12385373562574387	0.09893030673265457	0.009194372221827507	0.08989924937486649
db1kn4	me shying away from responsibilities be like	data/processed/pro_fakeddit/images/db1kn4.jpg	0	0	True	0.5165800750255585	0.0925784483551979	0.5165800750255585	0.012081506196409464	0.42400162667036057	0.00968909147195518	0.03269417267802055	0.004953593830578029	False	True	0.2876289486885071	0.016300108283758163	0.6210848689079285	0.0032200380228459835	0.06534410268068314	0.006421956233680248	True	0.7455312013626099	0.007862904109060764	0.22691838443279266	0.016158144921064377	4.424267535796389e-05	0.00348523142747581
4sd64b	steve wozniak playing polo on a segway	data/processed/pro_fakeddit/images/4sd64b.jpg	0	1	False	0.4297909364104271	0.13192162662744522	0.1914743147790432	0.4297909364104271	0.2978693097829819	0.022078201407566667	0.026486405229661614	0.03230080218054354	False	True	0.31945881247520447	0.096835657954216	0.5238116979598999	0.00244563864544034	0.0516737625002861	0.005774382967501879	True	0.06348981708288193	0.7627462148666382	0.07192692160606384	0.04171076416969299	0.0012990479590371251	0.058827221393585205
ix2yc	vegetable box raises eyebrow with concerned expression	data/processed/pro_fakeddit/images/ix2yc.jpg	2	2	True	0.4501512795686722	0.18421562761068344	0.26593565195798874	0.14054008200764656	0.4501512795686722	0.06065254844725132	0.0325567196123302	0.050163695588707924	False	True	0.33706849813461304	0.06303117424249649	0.47433340549468994	0.04969361796975136	0.05500755459070206	0.020865734666585922	True	0.19480280578136444	0.21804898977279663	0.4259691536426544	0.07161147892475128	0.01010588463395834	0.07946165651082993
cqiwks	this gun that kills flies with a blast of table salt	data/processed/pro_fakeddit/images/cqiwks.jpg	0	0	True	0.5555929839611053	0.30939047038555145	0.5555929839611053	0.05683294124901295	0.2462025135755539	0.05510480888187885	0.021874623373150826	0.06439213827252388	False	True	0.5110560059547424	0.010576609522104263	0.3702661693096161	0.03860591724514961	0.034473177045583725	0.0350220650434494	True	0.6001299619674683	0.10308927297592163	0.1221388578414917	0.0716037005186081	0.009276069700717926	0.09376221150159836
3capk4	twa flight center at the jfk international airport	data/processed/pro_fakeddit/images/3capk4.jpg	0	0	True	0.34687032364308834	0.039731426164507866	0.34687032364308834	0.3071388974785805	0.07608551764860749	0.11818897444754839	0.07960843964247033	0.07210782403126359	False	True	0.6655420064926147	0.004669085144996643	0.1385820060968399	0.02693522907793522	0.15776289999485016	0.006508772261440754	True	0.028198640793561935	0.6096087098121643	0.01358902920037508	0.20944271981716156	0.0014539792900905013	0.13770687580108643
b5w9is	atom bomb red self titled	data/processed/pro_fakeddit/images/b5w9is.jpg	1	0	False	0.5693506747484207	0.2245742343366146	0.5693506747484207	0.011514276964589953	0.3447764404118061	0.006710041780024767	0.051884740591049194	0.015763826901093125	False	True	0.3773336112499237	0.0011694501154124737	0.5669161081314087	0.0016188910230994225	0.050600238144397736	0.002361730206757784	True	0.7613677382469177	0.021859103813767433	0.12263677269220352	0.011801192536950111	0.05316924303770065	0.029165923595428467
cgev1ew	emergency mustache team go	data/processed/pro_fakeddit/images/cgev1ew.jpg	4	4	True	0.3391494656680152	0.11062470253091305	0.11803654488176107	0.22852476313710213	0.17969537526369095	0.12531487876549363	0.3391494656680152	0.009278985031414777	False	True	0.030179915949702263	0.004093833267688751	0.2786676585674286	0.009647984988987446	0.6758233904838562	0.0015871977666392922	True	0.20589317381381989	0.4529556930065155	0.08072309195995331	0.24098177254199982	0.002475540852174163	0.016970772296190262
5b95c5	old abandoned train car beneath waldorf astoria in ny	data/processed/pro_fakeddit/images/5b95c5.jpg	0	0	True	0.3439190536737442	0.14999981969594955	0.3439190536737442	0.14166361890966073	0.19391923397779465	0.18920210795477033	0.04947739979252219	0.08181857084855437	False	True	0.5611780285835266	0.0010130564915016294	0.32470130920410156	0.014861450530588627	0.09041428565979004	0.007831881754100323	True	0.1266600787639618	0.2823141813278198	0.06313715875148773	0.363542765378952	0.008540513925254345	0.15580525994300842
6aex4c	firearm charge dropped after toronto officer says he meant to fire gun	data/processed/pro_fakeddit/images/6aex4c.jpg	0	3	False	0.394437700510025	0.024391472339630127	0.3700462281703949	0.0539406007155776	0.12044090032577515	0.394437700510025	0.00869030543253757	0.052444322034716606	False	True	0.3281738758087158	0.019005974754691124	0.1838148534297943	0.40945324301719666	0.01694699190557003	0.04260517656803131	True	0.411918580532074	0.08887522667646408	0.05706694722175598	0.3794221580028534	0.000433618959505111	0.0622834675014019
67rben	white house is said to draft plan for us break from nafta	data/processed/pro_fakeddit/images/67rben.jpg	0	0	True	0.3430146649479866	0.15867491159588099	0.3430146649479866	0.06563113676384091	0.14344969019293785	0.15302925929427147	0.11053550924407318	0.18433975335210562	False	True	0.4903106987476349	0.0031172195449471474	0.17927901446819305	0.09417610615491867	0.22018177807331085	0.012935174629092216	True	0.19571863114833832	0.12814505398273468	0.10762036591768265	0.21188241243362427	0.0008892404148355126	0.355744332075119
db1z1f7	kanye repping the supreme helmet	data/processed/pro_fakeddit/images/db1z1f7.jpg	4	0	False	0.5340269953012466	0.19760169833898544	0.5340269953012466	0.036605955101549625	0.3364252969622612	0.05092457961291075	0.010192438494414091	0.03182479925453663	False	True	0.4727172553539276	0.030749285593628883	0.4486721158027649	0.0196517463773489	0.019037846475839615	0.009171836078166962	True	0.5953367352485657	0.04246262460947037	0.2241784781217575	0.0821974128484726	0.0013470305129885674	0.054477762430906296
3k12vt	new map lets you wander hiroshima from a cats perspective	data/processed/pro_fakeddit/images/3k12vt.jpg	0	0	True	0.4271872341632843	0.1414179727435112	0.4271872341632843	0.05640368400781881	0.2857692614197731	0.06789157539606094	0.12762344593647867	0.035124816349707544	False	True	0.23782730102539062	0.00025905398069880903	0.3897610604763031	0.11909665912389755	0.2521548271179199	0.0009011037182062864	True	0.616547167301178	0.11254831403493881	0.1817774623632431	0.016686491668224335	0.003092064755037427	0.0693485289812088
57rrpg	scrumptious chocolate torte	data/processed/pro_fakeddit/images/57rrpg.jpg	2	0	False	0.5332393199205399	0.20785200223326683	0.5332393199205399	0.015557400736724958	0.325387317687273	0.06120775453746319	0.05247210133529734	0.012136124540120363	False	True	0.31894639134407043	0.0008996852557174861	0.5650621652603149	0.0019319318234920502	0.10459958016872406	0.008560334332287312	True	0.7475322484970093	0.03021511621773243	0.08571247011423111	0.12048357725143433	0.00034462250187061727	0.015711914747953415
b157fj	this spider with a skull on its butt	data/processed/pro_fakeddit/images/b157fj.jpg	0	2	False	0.6159980297088623	0.400318443775177	0.2156795859336853	0.06654589413665235	0.6159980297088623	0.034777306485921144	0.04640461038798094	0.020594613626599312	False	True	0.13173916935920715	0.003570865374058485	0.8485056757926941	0.00215261522680521	0.008344573900103569	0.005687125027179718	True	0.29962000250816345	0.12952092289924622	0.3834903836250305	0.06740199774503708	0.0844646468758583	0.035502102226018906
c8igjtd	in times of stress mccain likes to imagine himself back in a more pleasant period of his life back when he held a job that gave him a sense of dignity	data/processed/pro_fakeddit/images/c8igjtd.jpg	4	0	False	0.4789391905069351	0.24087192676961422	0.4789391905069351	0.2380672637373209	0.1676863245666027	0.03886873181909323	0.05657608748879284	0.019862348504830152	False	True	0.5780043005943298	0.04736225679516792	0.23617370426654816	0.024726713076233864	0.11243681609630585	0.0012961222091689706	True	0.3798740804195404	0.4287722706794739	0.09919894486665726	0.05301075056195259	0.0007153588812798262	0.03842857480049133
10u4hu	michele bachmann makes surprise visit to synagogue congregants storm out and donate to her opponent	data/processed/pro_fakeddit/images/10u4hu.jpg	0	3	False	0.5066781863570213	0.18480574269779027	0.0644362778402865	0.32187244365923107	0.01842968538403511	0.5066781863570213	0.0005673948689945973	0.08801599917933345	False	True	0.007467788644134998	0.007236124482005835	0.018866129219532013	0.9544546008110046	0.001036670757457614	0.010938680730760098	True	0.12140476703643799	0.6365087628364563	0.017993241548538208	0.058901771903038025	9.811898053158075e-05	0.1650933176279068
4vheho	exconvicts are raising thousands of dollars for a football team in north texas	data/processed/pro_fakeddit/images/4vheho.jpg	0	2	False	0.3421656135469675	0.07421602122485638	0.26079046726226807	0.10594288015272468	0.3421656135469675	0.26794959232211113	0.0023495253117289394	0.020801982143893838	False	True	0.32259735465049744	0.002850989578291774	0.6469053626060486	0.01908942312002182	0.003979501314461231	0.004577417392283678	True	0.1989835798740387	0.2090347707271576	0.03742586448788643	0.5168097615242004	0.0007195493089966476	0.037026546895504
chep2r	the trash can at a restaurant near me is named tom	data/processed/pro_fakeddit/images/chep2r.jpg	0	0	True	0.4358769655227661	0.0070950910449028015	0.4358769655227661	0.0032002096995711327	0.4287818744778633	0.10547306388616562	0.016785769548732787	0.009882132755592465	False	True	0.23981249332427979	0.002925681183114648	0.6467489004135132	0.06339363753795624	0.03254379704594612	0.01457557175308466	True	0.6319414377212524	0.0034747382160276175	0.21081484854221344	0.147552490234375	0.0010277420515194535	0.005188693758100271
bzu5o2	post about etching into ones soul followed by post about etchasketch	data/processed/pro_fakeddit/images/bzu5o2.jpg	0	2	False	0.6207932233810425	0.28662414848804474	0.33416907489299774	0.0005938182584941387	0.6207932233810425	0.03755716810701415	0.0007504999230150133	0.0061361417174339294	False	True	0.14514502882957458	0.0005792370066046715	0.8411833643913269	0.0019229691242799163	0.0005830734153278172	0.010586249642074108	True	0.5231931209564209	0.000608399510383606	0.40040308237075806	0.07319136708974838	0.0009179264307022095	0.0016860337927937508
e2vz7xl	nothing gonna stop us now	data/processed/pro_fakeddit/images/e2vz7xl.jpg	4	0	False	0.4243297465145588	0.060943470292841084	0.4243297465145588	0.06299537303857505	0.12758905068039894	0.018654069514013827	0.3633862762217177	0.003045503457542509	False	True	0.06061939150094986	0.11878687888383865	0.08947967737913132	0.0032744009513407946	0.7264840006828308	0.0013556614285334945	True	0.7880401015281677	0.007203867193311453	0.16569842398166656	0.03403373807668686	0.0002885517606046051	0.004735345486551523
1ml9t6	pirate party crashes spy drone in front of german chancellor angela merkel	data/processed/pro_fakeddit/images/1ml9t6.jpg	0	0	True	0.28432023525238037	0.01847139373421669	0.28432023525238037	0.17855723202228546	0.2658488415181637	0.09459210373461246	0.10295176033105236	0.07372979819774628	False	True	0.2620443105697632	0.061116576194763184	0.42619824409484863	0.026728186756372452	0.20551465451717377	0.018398046493530273	True	0.30659615993499756	0.29599788784980774	0.10549943894147873	0.16245602071285248	0.00038886614493094385	0.12906154990196228
eufto5a	in the reflection of the mirror	data/processed/pro_fakeddit/images/eufto5a.jpg	4	4	True	0.44084196351468563	0.13487517088651657	0.30596679262816906	0.0010667809401638806	0.23862562328577042	0.01219134681741707	0.44084196351468563	0.0013074441885692067	False	True	0.05959862098097801	0.0009744802955538034	0.06018693745136261	0.00013847457012161613	0.8789523839950562	0.00014906447904650122	True	0.5523349642753601	0.0011590815847739577	0.4170643091201782	0.024244219064712524	0.0027315430343151093	0.0024658238980919123
2uo9o2	tian tao squat jerking kg	data/processed/pro_fakeddit/images/2uo9o2.jpg	0	0	True	0.3223755806684494	0.03984488174319267	0.3223755806684494	0.0550009747967124	0.28253069892525673	0.11927389493212104	0.008985616848804057	0.21183321252465248	False	True	0.43813419342041016	0.009164949879050255	0.4585554897785187	0.012537422589957714	0.0170908123254776	0.06451702862977982	True	0.20661696791648865	0.10083699971437454	0.10650590807199478	0.22601036727428436	0.0008804213721305132	0.35914939641952515
9jh2wf	my wife and i had the exact same hand in cribbage but she scored an extra point because she had the jack of clubs	data/processed/pro_fakeddit/images/9jh2wf.jpg	0	0	True	0.4868941456079483	0.3212961480021477	0.4868941456079483	0.11804549908265471	0.16559799760580063	0.020412303507328033	0.1516997353755869	0.05735032819211483	False	True	0.49472999572753906	0.0028836680576205254	0.15491187572479248	0.011715568602085114	0.30214908719062805	0.03360985592007637	True	0.47905829548835754	0.2332073301076889	0.17628411948680878	0.029109038412570953	0.0012503835605457425	0.08109080046415329
7x2vx2	study finds cats only meow when they want to alert owner of neighbors murder they witnessed through window	data/processed/pro_fakeddit/images/7x2vx2.jpg	1	0	False	0.4287172108888626	0.00821850448846817	0.4287172108888626	0.022290796972811222	0.42049870640039444	0.0217838017269969	0.005994437709887279	0.10071504674851894	False	True	0.3410443365573883	0.021974552422761917	0.5940214991569519	0.016126126050949097	0.011924478225409985	0.014908995479345322	True	0.5163900852203369	0.022607041522860527	0.24697591364383698	0.0274414774030447	6.43971943645738e-05	0.18652109801769257
1xwl7l	japanese figure skater yuzuru hanyu	data/processed/pro_fakeddit/images/1xwl7l.jpg	0	0	True	0.5440663397312164	0.3147782050073147	0.5440663397312164	0.08516344986855984	0.22928813472390175	0.05709789879620075	0.029919430846348405	0.05446468573063612	False	True	0.3721213936805725	0.13706040382385254	0.36619603633880615	0.04824509844183922	0.05851580947637558	0.017861245200037956	True	0.7160112857818604	0.033266495913267136	0.09238023310899734	0.06595069915056229	0.00132305221632123	0.09106812626123428
946bq1	refugees offered housing on an aged care property to help build rental history community responds with empathy and inclusion	data/processed/pro_fakeddit/images/946bq1.jpg	0	0	True	0.3893526867032051	0.0098576620221138	0.3893526867032051	0.08010880649089813	0.3794950246810913	0.08797673881053925	0.0068617799115600064	0.05620497092604637	False	True	0.14352817833423615	0.12347111850976944	0.6230122447013855	0.04100504517555237	0.013348367065191269	0.05563507229089737	True	0.6351771950721741	0.036746494472026825	0.13597780466079712	0.13494843244552612	0.00037519275792874396	0.056774869561195374
2wxjhy	living in the past some countries are still using the metric system	data/processed/pro_fakeddit/images/2wxjhy.jpg	1	0	False	0.5346000343561172	0.2504226118326187	0.5346000343561172	0.032594495452940464	0.12226171046495438	0.014831645647063851	0.011534592631505802	0.28417742252349854	False	True	0.4682227075099945	0.035679783672094345	0.14059077203273773	0.023932579904794693	0.022777291014790535	0.308796763420105	True	0.60097736120224	0.029509207233786583	0.10393264889717102	0.00573071138933301	0.0002918942482210696	0.2595580816268921
ckwbon	i had some leftover firecrackers from the th of and found this multifused lad in the box	data/processed/pro_fakeddit/images/ckwbon.jpg	0	0	True	0.8131805062294006	0.6803159937262535	0.8131805062294006	0.022567970911040902	0.13286451250314713	0.01109804748557508	0.005440569657366723	0.014848439255729318	False	True	0.7635756731033325	0.0061623831279575825	0.19631578028202057	0.018759459257125854	0.009198559448122978	0.005988140124827623	True	0.8627853393554688	0.03897355869412422	0.06941324472427368	0.0034366357140243053	0.0016825798666104674	0.023708738386631012
7lixhc	us ambassador to netherlands describes own words as fake news	data/processed/pro_fakeddit/images/7lixhc.jpg	0	3	False	0.462910458445549	0.2187611609697342	0.062438493594527245	0.04495418816804886	0.18349692248739302	0.462910458445549	0.002050577778021534	0.24414929747581482	False	True	0.09672308713197708	0.04038352146744728	0.35960641503334045	0.3786771595478058	0.004100384656339884	0.12050935626029968	True	0.028153900057077408	0.049524854868650436	0.007387429941445589	0.5471437573432922	7.708997031841136e-07	0.36778923869132996
ck6eap8	because i dont know how to do better	data/processed/pro_fakeddit/images/ck6eap8.jpg	4	0	False	0.4510193467140198	0.11526947234597174	0.4510193467140198	0.033288485486991704	0.15293380059301853	0.01866464246995747	0.33574987436804804	0.008343855617567897	False	True	0.20742517709732056	0.06519059091806412	0.04608364775776863	0.006977051962167025	0.6714054346084595	0.002918089274317026	True	0.694613516330719	0.0013863800559192896	0.25978395342826843	0.030352232977747917	9.431412763660774e-05	0.013769621960818768
d4pkoj	my hotel room has a bathtub inside the shower	data/processed/pro_fakeddit/images/d4pkoj.jpg	0	0	True	0.5565946996212006	0.1562897115945816	0.5565946996212006	0.0033722531516104937	0.40030498802661896	0.013768363744020462	0.013035995652899146	0.012923697475343943	False	True	0.5523591637611389	0.001512889750301838	0.40924566984176636	0.006302012130618095	0.021759377792477608	0.008820842020213604	True	0.5608302354812622	0.005231616552919149	0.39136430621147156	0.02123471535742283	0.004312613513320684	0.01702655293047428
bqj6pm	sprinter dutee chand is indias first sportsperson to open up about her samesex relationship	data/processed/pro_fakeddit/images/bqj6pm.jpg	0	2	False	0.38592689856886864	0.08648724760860205	0.1456843614578247	0.2994396509602666	0.38592689856886864	0.08667071163654327	0.0025653773336671293	0.0797129338607192	False	True	0.23331572115421295	0.002906644716858864	0.6588529944419861	0.0764060914516449	0.003378655295819044	0.025139866396784782	True	0.05805300176143646	0.5959726572036743	0.11300080269575119	0.09693533182144165	0.0017520993715152144	0.13428600132465363
c7oq4rs	roll up one more big d o double g	data/processed/pro_fakeddit/images/c7oq4rs.jpg	4	0	False	0.46060577034950256	0.19181393086910248	0.46060577034950256	0.01868678629398346	0.2687918394804001	0.03996207099407911	0.20450250286376104	0.007450954639352858	False	True	0.16922956705093384	0.024506082758307457	0.3674347400665283	0.027153296396136284	0.40833693742752075	0.003339283401146531	True	0.7519819736480713	0.012867489829659462	0.17014893889427185	0.05277084559202194	0.0006680683000013232	0.011562625877559185
69qs94	woman eats ps life savings to spite cheating husband	data/processed/pro_fakeddit/images/69qs94.jpg	0	0	True	0.464938759803772	0.27735644500353374	0.464938759803772	0.047419896349310875	0.09286686778068542	0.12702589482069016	0.18758231480023824	0.08016633708029985	False	True	0.1684095859527588	0.06951560825109482	0.07708088308572769	0.1732005923986435	0.37464919686317444	0.13714419305324554	True	0.7614679336547852	0.025324184447526932	0.10865285247564316	0.08085119724273682	0.0005154327373020351	0.023188481107354164
8b71mj	assassins creed ii this is all i want to kill dot net	data/processed/pro_fakeddit/images/8b71mj.jpg	3	0	False	0.404971718788147	0.033869728446006775	0.404971718788147	0.05703275091946125	0.3711019903421402	0.14191847294569016	0.004660148910261341	0.020314957480877638	False	True	0.343065083026886	0.08069629967212677	0.48329296708106995	0.06409363448619843	3.2559579267399386e-05	0.02881939709186554	True	0.46687835454940796	0.03336920216679573	0.25891101360321045	0.21974331140518188	0.009287738241255283	0.011810517869889736
bkptme	just got two coins in change from a vending machine	data/processed/pro_fakeddit/images/bkptme.jpg	0	0	True	0.6494255661964417	0.4363633617758751	0.6494255661964417	0.0026919543743133545	0.21306220442056656	0.008217764552682638	0.11401730618672445	0.012585184362251312	False	True	0.3831046223640442	0.004430139437317848	0.3539028465747833	0.008160374127328396	0.2269657403230667	0.02343626506626606	True	0.9157465100288391	0.0009537693113088608	0.07222156226634979	0.00827515497803688	0.001068872050382197	0.0017341036582365632
39iq79	police use twitter to locate parents of wandering yearold boy	data/processed/pro_fakeddit/images/39iq79.jpg	0	2	False	0.4093824401497841	0.05819753184914589	0.3511849083006382	0.008675942663103342	0.4093824401497841	0.17679116874933243	0.000107117164588999	0.05385840684175491	False	True	0.07338912039995193	0.014974270947277546	0.6376616358757019	0.18816177546977997	3.506023494992405e-05	0.08577815443277359	True	0.6289806962013245	0.002377614378929138	0.18110324442386627	0.1654205620288849	0.00017917409422807395	0.021938659250736237
bnkv8a	taylor swifts next music video have her singing upside down in central park	data/processed/pro_fakeddit/images/bnkv8a.jpg	1	0	False	0.4705720394849777	0.20201727747917175	0.4705720394849777	0.07475971896201372	0.26855476200580597	0.08919494599103928	0.016039437556173652	0.08087902143597603	False	True	0.42898616194725037	0.024339670315384865	0.34035131335258484	0.052028924226760864	0.030196549370884895	0.12409733980894089	True	0.5121579170227051	0.12517976760864258	0.1967582106590271	0.1263609677553177	0.0018823257414624095	0.03766070306301117
6dcu6k	a chinese company is offering free training for us coal miners to become wind farmers	data/processed/pro_fakeddit/images/6dcu6k.jpg	0	4	False	0.3223076543363277	0.07731477232300676	0.24499288201332092	0.018945086747407913	0.13066832721233368	0.21389084123075008	0.3223076543363277	0.06919522397220135	False	True	0.19602394104003906	0.004705388098955154	0.09272681176662445	0.021517019718885422	0.644125759601593	0.040901068598032	True	0.2939618229866028	0.03318478539586067	0.1686098426580429	0.40626466274261475	0.0004895490710623562	0.0974893793463707
brcxh6	temple in indiaayodhya holds iftaar dinner for people fasting in month of ramadan	data/processed/pro_fakeddit/images/brcxh6.jpg	0	0	True	0.44922013580799103	0.26782760268542916	0.44922013580799103	0.09390183724462986	0.137618038803339	0.0840003959601745	0.18139253312256187	0.05386709747835994	False	True	0.4068881571292877	0.021339286118745804	0.19622139632701874	0.0023497685324400663	0.3602753281593323	0.01292616780847311	True	0.49155211448669434	0.16646438837051392	0.07901468127965927	0.16565102338790894	0.0025097380857914686	0.09480802714824677
5z4eja	jack russell loses the run of himself while competing in crufts	data/processed/pro_fakeddit/images/5z4eja.jpg	0	0	True	0.4742452800273895	0.2295205295085907	0.4742452800273895	0.2295227013528347	0.24472475051879883	0.01515688979998231	0.023457840259652585	0.012892558937892318	False	True	0.4727202355861664	0.02293672412633896	0.4438263773918152	0.007227127440273762	0.045535583049058914	0.007753975223749876	True	0.47577032446861267	0.43610867857933044	0.04562312364578247	0.023086652159690857	0.0013800974702462554	0.01803114265203476
4vb3jk	a seagull at montsaintmichel france oc	data/processed/pro_fakeddit/images/4vb3jk.jpg	0	4	False	0.44444654881954193	0.26550525426864624	0.16245905309915543	0.014384371228516102	0.1789412945508957	0.049472355050966144	0.44444654881954193	0.15029639103158843	False	True	0.09313361346721649	0.0017265807837247849	0.14185546338558197	0.0026015429757535458	0.760205090045929	0.00047770337550900877	True	0.23178449273109436	0.02704216167330742	0.2160271257162094	0.09634316712617874	0.1286880075931549	0.30011507868766785
cdnmhj	this door handle in a gas station restroom	data/processed/pro_fakeddit/images/cdnmhj.jpg	0	0	True	0.39572348445653915	0.12920981086790562	0.39572348445653915	0.26651367358863354	0.1293151043355465	0.0353761725127697	0.13839536160230637	0.034676176495850086	False	True	0.5771245360374451	0.020382937043905258	0.1360948532819748	0.02204665169119835	0.23259061574935913	0.011760378256440163	True	0.21432243287563324	0.5126444101333618	0.1225353553891182	0.04870569333434105	0.0442001074552536	0.05759197473526001
3gbzxe	abandoned victorian conservatory france	data/processed/pro_fakeddit/images/3gbzxe.jpg	0	4	False	0.5387127101421356	0.34685323014855385	0.19185947999358177	0.04181785507535096	0.08397923596203327	0.1261182650923729	0.5387127101421356	0.017512459715362638	False	True	0.10974045842885971	0.0002940967387985438	0.03179844096302986	0.0019107013940811157	0.8555864095687866	0.000669904868118465	True	0.27397850155830383	0.08334161341190338	0.13616003096103668	0.2503258287906647	0.22183901071548462	0.03435501456260681
c5jce9i	hes also great at hulahooping	data/processed/pro_fakeddit/images/c5jce9i.jpg	4	4	True	0.4015637009870261	0.08872036705724895	0.31284333392977715	0.0433386592194438	0.20343386754393578	0.00899964536074549	0.4015637009870261	0.029820795636624098	False	True	0.07323267310857773	0.004953613504767418	0.10647165030241013	0.002186375902965665	0.8024253845214844	0.010730317793786526	True	0.5524539947509766	0.08172370493412018	0.3003960847854614	0.015812914818525314	0.0007020174525678158	0.04891127347946167
cts54rg	my references are out of control everyone knows that	data/processed/pro_fakeddit/images/cts54rg.jpg	4	0	False	0.47775764763355255	0.13841688272805186	0.47775764763355255	0.004098665987839922	0.15372102707624435	0.023017157218419015	0.3393407649055007	0.002064774394966662	False	True	0.14413920044898987	0.007654295768588781	0.1677565723657608	0.0014728910755366087	0.6785192489624023	0.00045780022628605366	True	0.8113760948181152	0.0005430362070910633	0.1396854817867279	0.04456142336130142	0.00016228084859903902	0.00367174856364727
bjd51k	my dad found a window surrounded by and filled with insulation behind one of the walls of his garage	data/processed/pro_fakeddit/images/bjd51k.jpg	0	0	True	0.619407594203949	0.36444760859012604	0.619407594203949	0.004992639704141766	0.25495998561382294	0.03065816219896078	0.025955503340810537	0.06402610056102276	False	True	0.5636746883392334	0.0011398681672289968	0.32173803448677063	0.033816803246736526	0.04792065918445587	0.0317099504172802	True	0.6751405000686646	0.008845411241054535	0.18818193674087524	0.027499521151185036	0.003990347497165203	0.09634225070476532
1y7eak	frightened figure skater	data/processed/pro_fakeddit/images/1y7eak.jpg	0	2	False	0.40905606001615524	0.052319963462650776	0.15344449132680893	0.35673609655350447	0.40905606001615524	0.05973835848271847	0.007779437932185829	0.013245559995993972	False	True	0.22352871298789978	0.01896328292787075	0.7164674997329712	0.02116885408759117	0.01420081127434969	0.005670859944075346	True	0.08336026966571808	0.6945089101791382	0.1016446202993393	0.09830786287784576	0.0013580645900219679	0.020820260047912598
60pyul	trump warns republican lawmakers to get behind healthcare bill	data/processed/pro_fakeddit/images/60pyul.jpg	0	5	False	0.35366374254226685	0.15934687107801437	0.19431687146425247	0.09761209785938263	0.14375677332282066	0.1835717335343361	0.02707875431224238	0.35366374254226685	False	True	0.16990654170513153	0.11619539558887482	0.20572814345359802	0.19364672899246216	0.05389732867479324	0.2606258690357208	True	0.2187272012233734	0.07902880012989044	0.0817854031920433	0.17349673807621002	0.00026017994969151914	0.44670161604881287
7orshg	duck gets d printed prosthetic leg thanks to th grade students	data/processed/pro_fakeddit/images/7orshg.jpg	0	0	True	0.511822298169136	0.07483422756195068	0.511822298169136	0.024075842928141356	0.43698807060718536	0.007588492473587394	0.008400848833844066	0.01112447865307331	False	True	0.34303799271583557	0.036486946046352386	0.5984212756156921	0.004763450939208269	0.013484562747180462	0.003805810585618019	True	0.6806066036224365	0.011664739809930325	0.2755548655986786	0.010413534007966518	0.0033171349205076694	0.018443146720528603
76utmd	so this was an ad on youtube	data/processed/pro_fakeddit/images/76utmd.jpg	2	2	True	0.6364118903875351	0.3983501121401787	0.23806177824735641	0.013971090316772461	0.6364118903875351	0.0477220993489027	0.012613321254320908	0.05121983774006367	False	True	0.09984256327152252	0.02013658918440342	0.7910571098327637	0.04584074020385742	0.025118988007307053	0.01800404116511345	True	0.3762809932231903	0.007805591449141502	0.4817666709423065	0.04960345849394798	0.00010765450133476406	0.08443563431501389
at3o3g	my jackets zipper is an axe	data/processed/pro_fakeddit/images/at3o3g.jpg	0	0	True	0.6416960656642914	0.3253612294793129	0.6416960656642914	0.002553270576754585	0.3163348361849785	0.027404122054576874	0.006466243445174769	0.0055454091634601355	False	True	0.5590863823890686	0.000646950036752969	0.41641470789909363	0.008313767611980438	0.012287689372897148	0.0032504252158105373	True	0.7243057489395142	0.004459591116756201	0.21625496447086334	0.04649447649717331	0.000644797517452389	0.007840393111109734
cb7m5j	the sand in this frame settled in a satisfying way	data/processed/pro_fakeddit/images/cb7m5j.jpg	0	2	False	0.40564587339758873	0.09288599714636803	0.3127598762512207	0.0007433135760948062	0.40564587339758873	0.004288546158932149	0.2611574886832386	0.01540487352758646	False	True	0.3652665317058563	0.00026219349820166826	0.0942758247256279	0.00512885395437479	0.5181680917739868	0.016898468136787415	True	0.2602532207965851	0.0012244336539879441	0.7170159220695496	0.0034482383634895086	0.004146885592490435	0.013911278918385506
c60yn7	the age of bs and age of ss notations from a few years back at the movie theater	data/processed/pro_fakeddit/images/c60yn7.jpg	0	0	True	0.48338986933231354	0.21248957514762878	0.48338986933231354	0.01890256442129612	0.12721626833081245	0.27090029418468475	0.011756605988921365	0.08783435821533203	False	True	0.5854644775390625	0.008746478706598282	0.18503911793231964	0.1667148470878601	0.023477613925933838	0.03055742383003235	True	0.3813152611255646	0.029058650135993958	0.06939341872930527	0.3750857412815094	3.559805190889165e-05	0.1451112926006317
3y5t9r	what working on the fridge at a silver mine	data/processed/pro_fakeddit/images/3y5t9r.jpg	3	0	False	0.6755754947662354	0.43405259028077126	0.6755754947662354	0.008214372675865889	0.2415229044854641	0.046117618680000305	0.0008764174926909618	0.02769319247454405	False	True	0.49345862865448	0.01366853155195713	0.3913900852203369	0.056540597230196	0.0015993296401575208	0.043342746794223785	True	0.8576923608779907	0.0027602137997746468	0.09165572375059128	0.03569464012980461	0.00015350534522440284	0.012043638154864311
6a4nrb	california evidence from hundreds of rape survivors bodies sat in a fresno police freezer for years	data/processed/pro_fakeddit/images/6a4nrb.jpg	0	0	True	0.45988327264785767	0.22798582538962364	0.45988327264785767	0.03253343654796481	0.06339207477867603	0.21212716400623322	0.00016665288421791047	0.23189744725823402	False	True	0.386616051197052	0.012185110710561275	0.05743871256709099	0.1515214741230011	0.00018511927919462323	0.39205360412597656	True	0.5331504940986633	0.05288176238536835	0.06934543699026108	0.27273285388946533	0.0001481864892411977	0.07174129039049149
84i5lo	upeeps makes the lowest tier shitpost on rfakehistoryporn circa	data/processed/pro_fakeddit/images/84i5lo.jpg	2	0	False	0.4375503733754158	0.0862545445561409	0.4375503733754158	0.06515000946819782	0.3512958288192749	0.06938970740884542	0.012005739990854636	0.06460832245647907	False	True	0.16156549751758575	0.036725979298353195	0.59071946144104	0.11793158203363419	0.023766500875353813	0.06929098814725876	True	0.7135352492332458	0.09357403963804245	0.11187219619750977	0.020847832784056664	0.0002449791063554585	0.05992565676569939
awagug	the rearview mirror reflection of a rescued brown pelican in the back of my work truck	data/processed/pro_fakeddit/images/awagug.jpg	0	0	True	0.30741776898503304	0.02737243101000786	0.30741776898503304	0.024502371554262936	0.2800453379750252	0.02290239604189992	0.18999193236231804	0.1751401917426847	False	True	0.5376492738723755	0.0010512641165405512	0.18720214068889618	0.001597297377884388	0.2714592516422272	0.0010407360969111323	True	0.07718626409769058	0.04795347899198532	0.3728885352611542	0.04420749470591545	0.1085246130824089	0.34923964738845825
al4fly	jesus going after pontius pilate after he came back from the dead ad	data/processed/pro_fakeddit/images/al4fly.jpg	2	0	False	0.8152418732643127	0.7003616318106651	0.8152418732643127	0.04056107532233	0.11488024145364761	0.02176082821097225	0.005043502707849257	0.002512472216039896	False	True	0.8679620027542114	0.01857876591384411	0.09968306124210358	0.0022721614222973585	0.009658006951212883	0.001845871564000845	True	0.7625217437744141	0.06254338473081589	0.13007742166519165	0.04124949499964714	0.0004289984644856304	0.003179072868078947
2rxkdu	government offices likely to use floor cleaning liquid made of cow urine	data/processed/pro_fakeddit/images/2rxkdu.jpg	0	0	True	0.49508096277713776	0.24341341480612755	0.49508096277713776	0.05435898981522769	0.2516675479710102	0.12430980312637985	0.004894484562100843	0.06968812458217144	False	True	0.5662112236022949	0.00222665979526937	0.4060899019241333	0.004186262842267752	0.0090891532599926	0.012196745723485947	True	0.4239507019519806	0.106491319835186	0.09724519401788712	0.24443334341049194	0.0006998158642090857	0.12717950344085693
80zy5s	rare photo of president truman ordering the bombing of hiroshima	data/processed/pro_fakeddit/images/80zy5s.jpg	2	0	False	0.6993990540504456	0.4608700331300497	0.6993990540504456	0.025560763897374272	0.23852902092039585	0.010518085095100105	0.01917115673131775	0.006821910152211785	False	True	0.4358002543449402	0.04446167126297951	0.4560309946537018	0.01718835160136223	0.03820390999317169	0.008314883336424828	True	0.9629978537559509	0.006659856531769037	0.02102704718708992	0.0038478185888379812	0.00013840346946381032	0.005328936967998743
7onnt2	britain now generates twice as much electricity from wind energy as coal	data/processed/pro_fakeddit/images/7onnt2.jpg	0	4	False	0.4448168485541828	0.19542578450636938	0.24939106404781342	0.020291804044973105	0.06787682045251131	0.07054033916210756	0.4448168485541828	0.1470831447513774	False	True	0.08493351936340332	0.001082317321561277	0.02145547606050968	0.0006009050412103534	0.8881373405456543	0.003790520364418626	True	0.4138486087322235	0.039501290768384933	0.11429816484451294	0.14047977328300476	0.0014963565627112985	0.2903757691383362
5yu83o	my dads siblings and parents before they got married theyre here and still king of cool	data/processed/pro_fakeddit/images/5yu83o.jpg	3	0	False	0.5386633351445198	0.10906961560249329	0.5386633351445198	0.007881161698605865	0.4295937195420265	0.005345328478142619	0.017473919549956918	0.0010425206855870783	False	True	0.19933481514453888	0.0015085142804309726	0.7633599638938904	0.00462877145037055	0.030631111934781075	0.000536772538907826	True	0.8779918551445007	0.014253809116780758	0.09582747519016266	0.006061885505914688	0.004316727165132761	0.0015482688322663307
9ihyoz	vandergrift woman honored by food bank for helping veterans	data/processed/pro_fakeddit/images/9ihyoz.jpg	0	0	True	0.432380810379982	0.12151611596345901	0.432380810379982	0.028343205340206623	0.310864694416523	0.17773737013339996	0.022385472751921043	0.028288450092077255	False	True	0.40363916754722595	0.009762363508343697	0.44454798102378845	0.08934375643730164	0.04387974366545677	0.008826915174722672	True	0.46112245321273804	0.04692404717206955	0.1771814078092575	0.2661309838294983	0.0008912018383853137	0.04774998500943184
bnc63k	gas product spills in houston ship channel after collision involving foot oil tanker and barges	data/processed/pro_fakeddit/images/bnc63k.jpg	0	5	False	0.41540442407131195	0.22978536039590836	0.1856190636754036	0.1218587402254343	0.10230220202356577	0.167210191488266	0.007605384758790024	0.41540442407131195	False	True	0.23444092273712158	0.040748391300439835	0.18702207505702972	0.07301831245422363	0.015089319087564945	0.44968098402023315	True	0.1367972046136856	0.20296908915042877	0.017582328990101814	0.26140207052230835	0.00012145043001510203	0.38112786412239075
b774vx	this classic compilation of childrens cartoons is not suitable for children	data/processed/pro_fakeddit/images/b774vx.jpg	0	1	False	0.4139019846916199	0.08964230120182037	0.3242596834897995	0.4139019846916199	0.06954271905124187	0.1476707048714161	0.002697108080610633	0.041927771642804146	False	True	0.2366461455821991	0.3204718232154846	0.1200067475438118	0.2457885593175888	0.003193216398358345	0.07389340549707413	True	0.4118732213973999	0.5073321461677551	0.01907869055867195	0.04955285042524338	0.0022009997628629208	0.009962137788534164
cj44ep	i dont even know where else to post this sort of sentiment	data/processed/pro_fakeddit/images/cj44ep.jpg	3	0	False	0.5587439090013504	0.1712411865592003	0.5587439090013504	0.012073721853084862	0.3875027224421501	0.002874113852158189	0.0006873534989608743	0.03811820596456528	False	True	0.362680584192276	0.022938627749681473	0.5374603867530823	0.003071646438911557	0.001365646137855947	0.07248307764530182	True	0.7548072338104248	0.0012088159564882517	0.23754505813121796	0.0026765812654048204	9.060860065801535e-06	0.0037533342838287354
dh9zmf	a trash can at a burger king	data/processed/pro_fakeddit/images/dh9zmf.jpg	0	2	False	0.530831515789032	0.21066804230213165	0.32016347348690033	0.049338831566274166	0.530831515789032	0.06811752915382385	0.0045433740597218275	0.027005305513739586	False	True	0.1385202705860138	0.01854945532977581	0.8024805784225464	0.013034790754318237	0.0036745318211615086	0.023740436881780624	True	0.5018066763877869	0.08012820780277252	0.2591824531555176	0.12320026755332947	0.0054122162982821465	0.030270174145698547
5vc0ts	uk sends stress balls to us scientists worried about donald trump	data/processed/pro_fakeddit/images/5vc0ts.jpg	0	2	False	0.3471871577203274	0.12354273721575737	0.22364442050457	0.12852708343416452	0.3471871577203274	0.07778098993003368	0.0004750444495584816	0.22238534688949585	False	True	0.17358431220054626	0.016524048522114754	0.6204684972763062	0.04801405593752861	0.0004535759217105806	0.1409555971622467	True	0.27370452880859375	0.2405301183462143	0.0739058181643486	0.10754792392253876	0.0004965129774063826	0.303815096616745
ccazmav	now with a little more skin soon we can make a theme park we cant wait it will be good	data/processed/pro_fakeddit/images/ccazmav.jpg	4	4	True	0.4809017080697231	0.1378180358442478	0.3430836722254753	0.00936424484825693	0.14771621208637953	0.016719793376978487	0.4809017080697231	0.0022143504465930164	False	True	0.007989928126335144	0.0007457627798430622	0.02896130643785	0.0017215301049873233	0.9600743055343628	0.000507097109220922	True	0.6781774163246155	0.0179827269166708	0.26647111773490906	0.03171805664896965	0.001729110605083406	0.003921603783965111
9hsw3n	write george rr martin gives fans a sneak peek of his progress on his longawaited novel the winds of winter	data/processed/pro_fakeddit/images/9hsw3n.jpg	2	1	False	0.5176446735858917	0.30050262063741684	0.21714205294847488	0.5176446735858917	0.06529859825968742	0.1508176177740097	0.0015337915974669158	0.0475632818415761	False	True	0.2595553994178772	0.46058547496795654	0.09760972112417221	0.1712687462568283	0.0025321850553154945	0.00844857282936573	True	0.17472870647907257	0.5747038722038269	0.03298747539520264	0.1303664892911911	0.0005353981396183372	0.08667799085378647
2vxncx	more than k raised for heroic dog hurt in ohio house fire	data/processed/pro_fakeddit/images/2vxncx.jpg	0	0	True	0.5579979419708252	0.28914324939250946	0.5579979419708252	0.03462229296565056	0.26885469257831573	0.08652315381914377	0.010928001895081252	0.04107393138110638	False	True	0.44701141119003296	0.037484850734472275	0.41222938895225525	0.030985714867711067	0.021388106048107147	0.050900548696517944	True	0.6689844727516174	0.03175973519682884	0.12547999620437622	0.14206059277057648	0.0004678977420553565	0.03124731406569481
58f7ht	they said what find out what donald glover joe biden and alice walton have to say	data/processed/pro_fakeddit/images/58f7ht.jpg	1	2	False	0.311846025288105	0.0615674052387476	0.23576323688030243	0.2502786200493574	0.311846025288105	0.08429411426186562	0.020640870987335802	0.09717714600265026	False	True	0.23462031781673431	0.015527989715337753	0.5696320533752441	0.1328551173210144	0.041229430586099625	0.006135072559118271	True	0.23690615594387054	0.4850292503833771	0.05405999720096588	0.03573311120271683	5.231138857197948e-05	0.18821921944618225
co16w5f	now i wanna buy a dress like that	data/processed/pro_fakeddit/images/co16w5f.jpg	4	4	True	0.47951897163147805	0.06464887619222282	0.41487009543925524	0.002809548401273787	0.09275604505091906	0.008427093729551416	0.47951897163147805	0.001618253911146894	False	True	0.016465449705719948	0.004283855203539133	0.020039299502968788	0.00019118933414574713	0.9588744640350342	0.0001456854515708983	True	0.8132747411727905	0.001335241599008441	0.16547279059886932	0.016662998124957085	0.00016347922792192549	0.00309082237072289
c46mfc7	i know this isnt radviceanimals but when i saw this i just had to	data/processed/pro_fakeddit/images/c46mfc7.jpg	4	2	False	0.5194769650697708	0.0734969899058342	0.4459799751639366	0.013149844948202372	0.5194769650697708	0.005390835227444768	0.012487942120060325	0.0035144506255164742	False	True	0.17245684564113617	0.004419372417032719	0.7904672026634216	0.006936323828995228	0.024664636701345444	0.0010556380730122328	True	0.7195031046867371	0.021880317479372025	0.24848672747612	0.003845346625894308	0.0003112475387752056	0.005973263178020716
9k2d0s	my brother brought home eggnog today	data/processed/pro_fakeddit/images/9k2d0s.jpg	0	0	True	0.5948557108640671	0.3578594420105219	0.5948557108640671	0.02267781924456358	0.2369962688535452	0.02039559162221849	0.005443929898319766	0.11963075120002031	False	True	0.2665623128414154	0.028811881318688393	0.42587515711784363	0.035211920738220215	0.010573766194283962	0.23296497762203217	True	0.9231491088867188	0.016543757170438766	0.04811738058924675	0.0055792625062167645	0.0003140936023555696	0.006296524778008461
1h21lq	antifemalesuffrage french womens rights poster s	data/processed/pro_fakeddit/images/1h21lq.jpg	5	1	False	0.6819330155849457	0.5728612169623375	0.06823615729808807	0.6819330155849457	0.08404817059636116	0.047395612578839064	0.009315293980762362	0.10907179862260818	False	True	0.046773068606853485	0.6957933902740479	0.1118735522031784	0.01283199992030859	0.018264127895236015	0.11446388810873032	True	0.08969924598932266	0.6680726408958435	0.056222788989543915	0.08195922523736954	0.00036646006628870964	0.10367970913648605
cezs0zg	fennecs world tour will melt your face off	data/processed/pro_fakeddit/images/cezs0zg.jpg	4	4	True	0.4526348877698183	0.012601776048541069	0.44003311172127724	0.02060331660322845	0.06861256435513496	0.007421899877954274	0.4526348877698183	0.010694203054299578	False	True	0.04683995991945267	0.006987494882196188	0.04239930957555771	0.001411252305842936	0.901845395565033	0.0005165768670849502	True	0.8332262635231018	0.03421913832426071	0.09482581913471222	0.013432547450065613	0.003424379974603653	0.020871829241514206
61iz9z	trump administration grants pipeline permits without all his promised conditions	data/processed/pro_fakeddit/images/61iz9z.jpg	0	3	False	0.4864397644996643	0.21878273785114288	0.2676570266485214	0.03205704991705716	0.055750852450728416	0.4864397644996643	0.0016258425312116742	0.15646948292851448	False	True	0.31222257018089294	0.007280948106199503	0.06214793771505356	0.5608040690422058	0.003094311337918043	0.05445022135972977	True	0.2230914831161499	0.05683315172791481	0.049353767186403275	0.4120754599571228	0.0001573737245053053	0.2584887444972992
66p9kr	tesla recalls k cars over parking brake gear	data/processed/pro_fakeddit/images/66p9kr.jpg	0	0	True	0.40608082711696625	0.11894705891609192	0.40608082711696625	0.026947532780468464	0.18243855983018875	0.28713376820087433	0.007106020530045498	0.09029325097799301	False	True	0.2770479619503021	0.02734260819852352	0.18595756590366364	0.4133163094520569	0.014148490503430367	0.0821869820356369	True	0.5351136922836304	0.026552457362413406	0.17891955375671387	0.16095122694969177	6.355055666062981e-05	0.09839951992034912
c4b4ha6	when you see it youll shit bricks	data/processed/pro_fakeddit/images/c4b4ha6.jpg	4	0	False	0.5456607043743134	0.28326668590307236	0.5456607043743134	0.01789659820497036	0.262394018471241	0.0057145277969539165	0.16346164047718048	0.004872452118434012	False	True	0.5557815432548523	0.0030651837587356567	0.13801880180835724	0.0070726266130805016	0.29407694935798645	0.0019848302472382784	True	0.5355398654937744	0.03272801265120506	0.38676923513412476	0.0043564289808273315	0.03284633159637451	0.0077600739896297455
7eyee9	woman posing on the beach	data/processed/pro_fakeddit/images/7eyee9.jpg	0	2	False	0.4393737241625786	0.10534909879788756	0.20157234370708466	0.0010405481443740427	0.4393737241625786	0.02244165856973268	0.334024625364691	0.0015471387305296957	False	True	0.19247029721736908	0.00015412922948598862	0.1448395699262619	0.000895730045158416	0.6602026224136353	0.0014376463368535042	True	0.21067439019680023	0.0019269670592620969	0.7339078783988953	0.043987587094306946	0.007846628315746784	0.0016566311242058873
7zpzd6	liberalism the right way uk liberal party poster	data/processed/pro_fakeddit/images/7zpzd6.jpg	5	1	False	0.6157977283000946	0.3423468917608261	0.05507770087569952	0.6157977283000946	0.04488876787945628	0.005215741228312254	0.00556925663840957	0.2734508365392685	False	True	0.10185126215219498	0.6975021958351135	0.08773497492074966	0.003553724382072687	0.010717694647610188	0.09864017367362976	True	0.008304139599204063	0.5340932607650757	0.002042560838162899	0.006877758074551821	0.0004208186292089522	0.4482614994049072
at2ava	the way the snow in the field melted in a line	data/processed/pro_fakeddit/images/at2ava.jpg	0	0	True	0.5866489410400391	0.35190506279468536	0.5866489410400391	0.07502458707313053	0.2347438782453537	0.04516144888475537	0.04007001133868471	0.018351166043430567	False	True	0.6130357384681702	0.0007938239141367376	0.29399192333221436	0.0046807462349534035	0.0792343020439148	0.008263572119176388	True	0.560262143611908	0.14925535023212433	0.17549583315849304	0.08564215153455734	0.0009057206334546208	0.028438759967684746
cvzupc	there was wood stacked while my dad was painting the house and he just left it it been years now kind of cool	data/processed/pro_fakeddit/images/cvzupc.jpg	0	0	True	0.5499365627765656	0.30049607902765274	0.5499365627765656	0.0024695057654753327	0.2494404837489128	0.004247307777404785	0.1856267238035798	0.008279418805614114	False	True	0.32257819175720215	0.00046369084157049656	0.29884806275367737	0.004487216006964445	0.37086376547813416	0.002759041730314493	True	0.777294933795929	0.004475320689380169	0.20003290474414825	0.004007399547845125	0.0003896821290254593	0.013799795880913734
ca0g7pm	stunning simply stunning	data/processed/pro_fakeddit/images/ca0g7pm.jpg	4	0	False	0.5677982121706009	0.24555224180221558	0.5677982121706009	0.005944558071860229	0.3222459703683853	0.0026700105518102646	0.0996766359457979	0.0016646173025947064	False	True	0.3167596757411957	0.01185138151049614	0.46693122386932373	0.0027779843658208847	0.19922681152820587	0.002452944638207555	True	0.8188367486000061	3.7734633224317804e-05	0.1775607168674469	0.0025620367377996445	0.00012646036338992417	0.000876289966981858
bve8bh	the underside of the console lid in my car has labeled holders for lip balm pens and cards	data/processed/pro_fakeddit/images/bve8bh.jpg	0	0	True	0.3535589203238487	0.1280407034792006	0.3535589203238487	0.06269799266010523	0.19957134872674942	0.05236123129725456	0.1062922744313255	0.22551821684464812	False	True	0.5933500528335571	0.0036771316081285477	0.17256194353103638	0.015990138053894043	0.2105383723974228	0.0038822991773486137	True	0.11376778781414032	0.12171885371208191	0.22658075392246246	0.08873232454061508	0.0020461764652282	0.44715413451194763
aur7nn	this tangle of cables look like a treble clef	data/processed/pro_fakeddit/images/aur7nn.jpg	0	2	False	0.3413018584251404	0.09293866902589798	0.2483631893992424	0.015914620831608772	0.3413018584251404	0.0835118917748332	0.12395821511745453	0.18695027753710747	False	True	0.3536945879459381	0.016001813113689423	0.3678441643714905	0.015014460310339928	0.16435422003269196	0.08309080451726913	True	0.1430317908525467	0.015827428549528122	0.3147595524787903	0.15200932323932648	0.0835622102022171	0.2908097505569458
b5on6m	man wheels suitcase with ar down street throws it at cop	data/processed/pro_fakeddit/images/b5on6m.jpg	0	0	True	0.8358981311321259	0.758342145010829	0.8358981311321259	0.044230492785573006	0.07755598612129688	0.023652581498026848	0.00586580007802695	0.012797001283615828	False	True	0.8336045742034912	0.01601753756403923	0.10887718945741653	0.017204230651259422	0.01101403683423996	0.01328247506171465	True	0.8381916880607605	0.07244344800710678	0.04623478278517723	0.030100932344794273	0.000717563321813941	0.012311527505517006
cqxx6bo	every lotr fan thoughs right now	data/processed/pro_fakeddit/images/cqxx6bo.jpg	4	4	True	0.4450191982814431	0.046749107239520526	0.39827009104192257	0.05932556837797165	0.07556460425257683	0.005050939304055646	0.4450191982814431	0.016769602705608122	False	True	0.06077985092997551	0.007956266403198242	0.04010955989360809	0.0008359947823919356	0.8899980187416077	0.0003203224332537502	True	0.7357603311538696	0.11069487035274506	0.11101964861154556	0.009265883825719357	4.0377821278525516e-05	0.033218882977962494
42nhg4	waffle house taking reservations for candlelit valentines day dinner in alabama	data/processed/pro_fakeddit/images/42nhg4.jpg	0	0	True	0.581809937953949	0.3002057932317257	0.581809937953949	0.02601368259638548	0.2816041447222233	0.043448712676763535	0.03289614408276975	0.03422738425433636	False	True	0.3374168276786804	0.028206711634993553	0.47766536474227905	0.05186479538679123	0.06185290962457657	0.04299332574009895	True	0.8262030482292175	0.023820653557777405	0.08554292470216751	0.03503262996673584	0.0039393785409629345	0.02546144276857376
3e9qai	hundreds renovate older mans home after teenagers make rude comment	data/processed/pro_fakeddit/images/3e9qai.jpg	0	0	True	0.8357537388801575	0.7311140410602093	0.8357537388801575	0.004744648700580001	0.1046396978199482	0.012085031485185027	0.03853630175581202	0.004240635083988309	False	True	0.7719687223434448	0.0020851572044193745	0.1405486762523651	0.006813548039644957	0.07698818296194077	0.0015956838615238667	True	0.8995387554168701	0.007404140196740627	0.06873071938753128	0.017356514930725098	8.442054968327284e-05	0.006885586306452751
dd7csb	santa claus reelection to north pole city council	data/processed/pro_fakeddit/images/dd7csb.jpg	0	2	False	0.3499409034848213	0.06404774636030197	0.28589315712451935	0.05574165657162666	0.3499409034848213	0.26583263650536537	0.00732602781499736	0.0352655416354537	False	True	0.16926103830337524	0.019496478140354156	0.6587399244308472	0.09820125252008438	0.014067637734115124	0.040233585983514786	True	0.40252527594566345	0.09198683500289917	0.04114188253879547	0.43346402049064636	0.0005844178958795965	0.030297497287392616
blzfud	this stain on a cubicle at my job kinda looks like snoo	data/processed/pro_fakeddit/images/blzfud.jpg	0	0	True	0.33936791121959686	0.08091875910758972	0.33936791121959686	0.07443815469741821	0.25844915211200714	0.1002485603094101	0.013872098526917398	0.2136240378022194	False	True	0.47212913632392883	0.03340674191713333	0.2573726177215576	0.13461890816688538	0.02524401992559433	0.07722850143909454	True	0.2066066861152649	0.1154695674777031	0.25952568650245667	0.06587821245193481	0.002500177128240466	0.35001957416534424
23gsf0	me and some people over at mildly interesting arent sure if this looks like an excited dog gorilla or what	data/processed/pro_fakeddit/images/23gsf0.jpg	2	0	False	0.5581294149160385	0.23265249282121658	0.5581294149160385	0.05470385868102312	0.32547692209482193	0.008275056723505259	0.030218289233744144	0.023196485359221697	False	True	0.4443562924861908	0.021624917164444923	0.46327391266822815	0.01366613619029522	0.02585938386619091	0.031219394877552986	True	0.6719025373458862	0.08778280019760132	0.1876799315214157	0.0028839772567152977	0.03457719460129738	0.015173575840890408
4njcm8	official map finds zikatransmitting mosquitoes in much of us	data/processed/pro_fakeddit/images/4njcm8.jpg	0	0	True	0.38301799446344376	0.11422614008188248	0.38301799446344376	0.03221660014241934	0.2687918543815613	0.13477369025349617	0.012646896881051362	0.168552964925766	False	True	0.22651739418506622	0.03644474595785141	0.46853429079055786	0.05726546794176102	0.024607501924037933	0.18663063645362854	True	0.5395185947418213	0.027988454326987267	0.0690494179725647	0.21228191256523132	0.0006862918380647898	0.15047529339790344
bqcrji	how travelling australia in a van showed me meaningful work	data/processed/pro_fakeddit/images/bqcrji.jpg	0	0	True	0.6436305195093155	0.482935397856636	0.6436305195093155	0.0058957518776878715	0.15961430221796036	0.01650351332500577	0.16069512165267952	0.013660792261362076	False	True	0.48355361819267273	0.001807816093787551	0.18393032252788544	0.004386569373309612	0.32073795795440674	0.005583807826042175	True	0.8037074208259583	0.009983687661588192	0.13529828190803528	0.028620457276701927	0.0006522853509522974	0.021737776696681976
9jtpdk	picture of imperial japanese armed forces occupying ryuko island by kobayashi kiyochika	data/processed/pro_fakeddit/images/9jtpdk.jpg	5	4	False	0.43405838683247566	0.028188452124595642	0.08975941315293312	0.40586993470788	0.015383864287286997	0.03161761653609574	0.43405838683247566	0.023310839314945042	False	True	0.12182815372943878	0.0201076939702034	0.019794631749391556	0.005657131318002939	0.8299884796142578	0.0026239699218422174	True	0.05769067257642746	0.7916321754455566	0.010973096825182438	0.05757810175418854	0.03812829405069351	0.04399770870804787
cr0qwb	ceiling light at this restaurant looks like jupiter	data/processed/pro_fakeddit/images/cr0qwb.jpg	0	2	False	0.41126255691051483	0.13183489441871643	0.2794276624917984	0.009665954858064651	0.41126255691051483	0.018446441274136305	0.25252506136894226	0.02867235045414418	False	True	0.25317737460136414	0.0005369652062654495	0.4258544147014618	0.010951629839837551	0.306118905544281	0.0033607182558625937	True	0.30567795038223267	0.018794944509863853	0.39667069911956787	0.02594125270843506	0.19893121719360352	0.053983982652425766
xwmoe	free vibrator giveaway event cockblocked by new york police	data/processed/pro_fakeddit/images/xwmoe.jpg	0	0	True	0.5243068337440491	0.32546333968639374	0.5243068337440491	0.15029616234824061	0.09706760197877884	0.19884349405765533	0.004093544412171468	0.02539233723655343	False	True	0.7394461631774902	0.00856765266507864	0.1444770246744156	0.060672491788864136	0.008016575127840042	0.038820065557956696	True	0.3091675043106079	0.2920246720314026	0.04965817928314209	0.33701449632644653	0.00017051369650289416	0.011964608915150166
8aytej	rubber plantation workers during the rule of king leopold ii belgian congo	data/processed/pro_fakeddit/images/8aytej.jpg	2	1	False	0.4121262130793184	0.06898193410597742	0.343144278973341	0.4121262130793184	0.15539594378788024	0.036074165254831314	0.04368195147253573	0.009577407850883901	False	True	0.5903686881065369	0.004847406875342131	0.3075791597366333	0.010184723883867264	0.08569125086069107	0.0013287912588566542	True	0.09591986984014511	0.8194050192832947	0.003212727839127183	0.061963606625795364	0.0016726520843803883	0.017826024442911148
cmnc781	she touches herself everyday	data/processed/pro_fakeddit/images/cmnc781.jpg	4	0	False	0.668727695941925	0.4855938598557259	0.668727695941925	0.0015663024969398975	0.14043931290507317	0.005063310440164059	0.18313383608619915	0.0010695888195186853	False	True	0.4722093343734741	0.0019187422003597021	0.156997948884964	0.0015216994797810912	0.3662348687648773	0.0011173846432939172	True	0.865246057510376	0.001213862793520093	0.12388067692518234	0.008604921400547028	3.2803407520987093e-05	0.0010217929957434535
11f95k	this bear is in constant fear	data/processed/pro_fakeddit/images/11f95k.jpg	2	2	True	0.5020448565483093	0.11287618428468704	0.3891686722636223	0.04471617005765438	0.5020448565483093	0.02698368765413761	0.022371407598257065	0.014715158380568027	False	True	0.1171833723783493	0.060954682528972626	0.7208027839660645	0.04222654551267624	0.04348170384764671	0.01535091269761324	True	0.6611539721488953	0.028477657586336136	0.2832869291305542	0.011740829795598984	0.0012611113488674164	0.014079404063522816
cnv7px	maximilien robespierre once the french citizens started to feel safe in their own country circa	data/processed/pro_fakeddit/images/cnv7px.jpg	2	0	False	0.5923675447702408	0.2998222690075636	0.5923675447702408	0.0632191151380539	0.2925452757626772	0.01711806980893016	0.005865362356416881	0.02888466278091073	False	True	0.2878362238407135	0.0943996012210846	0.5296900868415833	0.02880815975368023	0.00840344000607729	0.050862494856119156	True	0.8968988656997681	0.03203862905502319	0.05540046468377113	0.005427979864180088	0.0033272847067564726	0.006906830705702305
7uhm86	my toothbrush holder looks like its having a ball of a time brushing its teeth	data/processed/pro_fakeddit/images/7uhm86.jpg	2	2	True	0.46348172426223755	0.043864697217941284	0.41961702704429626	0.05829989421181381	0.46348172426223755	0.0034386651823297143	0.03280583769083023	0.02235687943175435	False	True	0.4242604970932007	0.007579145487397909	0.525073230266571	0.0021530615631490946	0.031569354236125946	0.009364736266434193	True	0.41497355699539185	0.1090206429362297	0.40189021825790405	0.004724268801510334	0.034042321145534515	0.03534902259707451
c7g0niq	what i was expecting to see	data/processed/pro_fakeddit/images/c7g0niq.jpg	4	2	False	0.43530629575252533	0.07286868989467621	0.3624376058578491	0.005117000619065948	0.43530629575252533	0.006945339613594115	0.18718123861617642	0.003012526372913271	False	True	0.3146732449531555	0.010030888020992279	0.2967506945133209	0.002897023456171155	0.37418118119239807	0.0014670077944174409	True	0.4102019667625427	0.0002031132171396166	0.5738618969917297	0.010993655771017075	0.00018129603995475918	0.0045580449514091015
4xzd9c	japanese pole vaulters olympic dream crushed by his own penis	data/processed/pro_fakeddit/images/4xzd9c.jpg	0	0	True	0.6429186761379242	0.4918353781104088	0.6429186761379242	0.08576570637524128	0.1510832980275154	0.06842052331194282	0.004230166203342378	0.047581653110682964	False	True	0.7466483116149902	0.05160330608487129	0.16701367497444153	0.005870315246284008	0.008044656366109848	0.020819736644625664	True	0.5391890406608582	0.11992810666561127	0.1351529210805893	0.13097073137760162	0.00041567604057490826	0.07434356957674026
cibmgh	salt and pepper shakers at my hotel	data/processed/pro_fakeddit/images/cibmgh.jpg	0	0	True	0.3641744330525398	0.06685961969196796	0.3641744330525398	0.00966005027294159	0.2401096224784851	0.29731481336057186	0.010084342444315553	0.0786567460745573	False	True	0.5262138247489929	0.01212811004370451	0.2668800354003906	0.046438317745923996	0.01363377831876278	0.13470591604709625	True	0.20213504135608673	0.007191990502178669	0.2133392095565796	0.5481913089752197	0.006534906569868326	0.022607576102018356
cr8wy4	this stalagmite on an ice cube	data/processed/pro_fakeddit/images/cr8wy4.jpg	0	0	True	0.618515133857727	0.3963526487350464	0.618515133857727	0.02435324969701469	0.22216248512268066	0.021655901451595128	0.04219315783120692	0.0711200637742877	False	True	0.5968997478485107	0.003536773379892111	0.2917530834674835	0.0019407181534916162	0.07910739630460739	0.026762237772345543	True	0.6401305198669434	0.04516972601413727	0.1525718867778778	0.04137108474969864	0.005278919357806444	0.11547788977622986
9ioc9t	a poorly disguised german spy attempts to gather information from an english national ca	data/processed/pro_fakeddit/images/9ioc9t.jpg	2	1	False	0.44165687495842576	0.14612741390010342	0.1957958433777094	0.44165687495842576	0.29552946105832234	0.039013340370729566	0.0149754633239354	0.013029006775468588	False	True	0.3480903208255768	0.00886515248566866	0.5896961092948914	0.004995292518287897	0.02987854741513729	0.01847452111542225	True	0.043501365929841995	0.8744485974311829	0.001362812821753323	0.07303138822317123	7.237923273351043e-05	0.007583492435514927
b7hx41	the vegetables false advertising	data/processed/pro_fakeddit/images/b7hx41.jpg	1	2	False	0.27427463233470917	0.007613331079483032	0.17457194812595844	0.048189892433583736	0.27427463233470917	0.20533015951514244	0.030972077875048853	0.26666130125522614	False	True	0.048476312309503555	0.08223041892051697	0.2991463243961334	0.055800311267375946	0.06153372675180435	0.4528128504753113	True	0.30066758394241333	0.014149365946650505	0.2494029402732849	0.35486000776290894	0.0004104289982933551	0.08050975203514099
c37rol	this huge storm behind us contrasting with blue sky upfront	data/processed/pro_fakeddit/images/c37rol.jpg	0	0	True	0.5875226557254791	0.25950221717357635	0.5875226557254791	0.002253421669593081	0.32802043855190277	0.01957075041718781	0.05711716320365667	0.0055155521258711815	False	True	0.5707129240036011	0.0005090396734885871	0.31317853927612305	0.00195496017113328	0.10999725013971329	0.0036473236978054047	True	0.6043323874473572	0.003997803665697575	0.3428623378276825	0.03718654066324234	0.0042370762676000595	0.007383780553936958
bn1f4u	did that ted bundy hacksaw moment really happen	data/processed/pro_fakeddit/images/bn1f4u.jpg	5	0	False	0.3288051523268223	0.07360854372382164	0.3288051523268223	0.25519660860300064	0.11192025244235992	0.1196183655411005	8.345950664079282e-05	0.18437615409493446	False	True	0.022311635315418243	0.40389153361320496	0.08080974221229553	0.21508753299713135	4.089178764843382e-05	0.2778586149215698	True	0.6352986693382263	0.10650168359279633	0.14303076267242432	0.024149198085069656	0.00012602722563315183	0.0908936932682991
rgigz	running out of beer at a girls birthday party resulted in gunfire one dead seven others hurt	data/processed/pro_fakeddit/images/rgigz.jpg	0	0	True	0.4547415319830179	0.18547145277261734	0.4547415319830179	0.20319911651313305	0.03276355843991041	0.2692700792104006	0.0005500296101672575	0.03947567055001855	False	True	0.026505697518587112	0.3880956768989563	0.023313870653510094	0.49391937255859375	0.0009524535271339118	0.06721285730600357	True	0.8829773664474487	0.0183025561273098	0.04221324622631073	0.04462078586220741	0.00014760569320060313	0.011738483794033527
9bun0x	my watering handle flipped out of the tomato plant and began watering the serrano	data/processed/pro_fakeddit/images/9bun0x.jpg	0	1	False	0.3758553918451071	0.09612234123051167	0.1781541472300887	0.3758553918451071	0.2797330506145954	0.0446881134994328	0.0605591950006783	0.06101008877158165	False	True	0.34024935960769653	0.008896421641111374	0.5001155734062195	0.013515681959688663	0.11689046770334244	0.020332559943199158	True	0.01605893485248089	0.7428143620491028	0.059350527822971344	0.07586054503917694	0.004227922298014164	0.10168761759996414
ccst35	jbl provides an usb which can be plugged in both orientations	data/processed/pro_fakeddit/images/ccst35.jpg	0	2	False	0.5108419954776764	0.16592179238796234	0.34492020308971405	0.0048534422312513925	0.5108419954776764	0.08625592803582549	0.021738443057984114	0.03139001899398863	False	True	0.4746337831020355	0.00018592535343486816	0.4745360016822815	0.0029615862295031548	0.04157242923974991	0.0061102998442947865	True	0.21520662307739258	0.009520959109067917	0.5471479892730713	0.16955026984214783	0.001904456876218319	0.05666973814368248
bru2zu	the way this textbook is printed made me think my vision was blurry	data/processed/pro_fakeddit/images/bru2zu.jpg	0	2	False	0.6513596177101135	0.4900871217250824	0.16127249598503113	0.01753829326480627	0.6513596177101135	0.04288523364812136	0.009315412607975304	0.11762893386185169	False	True	0.1125677078962326	0.028840743005275726	0.6009027361869812	0.06760504096746445	0.003628611797466874	0.1864551454782486	True	0.20997728407382965	0.006235843524336815	0.7018164992332458	0.018165426328778267	0.015002213418483734	0.04880272224545479
1ca6kk	people wont stop sending severed goat heads to wrigley field	data/processed/pro_fakeddit/images/1ca6kk.jpg	0	2	False	0.4114842042326927	0.06466766446828842	0.3468165397644043	0.031938367523252964	0.4114842042326927	0.16809334233403206	0.006014262879034504	0.03565325494855642	False	True	0.15646958351135254	0.008821291849017143	0.6996248364448547	0.08361519128084183	0.011264338158071041	0.0402047224342823	True	0.537163496017456	0.055055443197488785	0.1233435720205307	0.2525714933872223	0.0007641875999979675	0.031101787462830544
5guxyv	check out these creative ways to give money as a gift	data/processed/pro_fakeddit/images/5guxyv.jpg	5	2	False	0.45597702264785767	0.0051698386669158936	0.4508071839809418	0.019247707503382117	0.45597702264785767	0.03544810204766691	0.019235565676353872	0.019284458830952644	False	True	0.46648722887039185	0.0009388822363689542	0.4865562319755554	0.001755374949425459	0.03745090961456299	0.006811372935771942	True	0.4351271390914917	0.03755653277039528	0.4253978133201599	0.06914082914590836	0.0010202217381447554	0.03175754472613335
2ltbdc	in good news i think this will help a lot	data/processed/pro_fakeddit/images/2ltbdc.jpg	0	0	True	0.4149576351046562	0.08110767659309204	0.4149576351046562	0.005161854904145002	0.1571387331932783	0.06449990998953581	0.3338499585115642	0.024391832761466503	False	True	0.1604226678609848	0.005020152311772108	0.0523083470761776	0.09926871955394745	0.6676880717277527	0.015292016789317131	True	0.6694926023483276	0.005303557496517897	0.26196911931037903	0.02973110042512417	1.1845295375678688e-05	0.033491648733615875
6afgbb	is conflict syrian opposition take town of tabqa and dam	data/processed/pro_fakeddit/images/6afgbb.jpg	0	0	True	0.49646444618701935	0.34582896903157234	0.49646444618701935	0.09285650122910738	0.150635477155447	0.12971000373363495	0.028592172311618924	0.1017413605004549	False	True	0.6373512744903564	0.030466238036751747	0.2003878355026245	0.031657978892326355	0.05603267252445221	0.04410390928387642	True	0.35557761788368225	0.155246764421463	0.1008831188082695	0.22776202857494354	0.0011516720987856388	0.1593788117170334
5k2a9z	theres a massive metal dragon hiding inside earths outer core	data/processed/pro_fakeddit/images/5k2a9z.jpg	5	0	False	0.4750371426343918	0.18600133433938026	0.4750371426343918	0.01978448173031211	0.08008134923875332	0.04217648913618177	0.09388474386651069	0.2890358082950115	False	True	0.278091162443161	0.011439726687967777	0.05063088610768318	0.003737033111974597	0.1865449696779251	0.4695562422275543	True	0.6719831228256226	0.02812923677265644	0.10953181236982346	0.08061594516038895	0.0012245180550962687	0.10851537436246872
cjmsqac	gman sitting on a creepy chair at the bottom of a body of water	data/processed/pro_fakeddit/images/cjmsqac.jpg	4	4	True	0.5949849188327789	0.4474126808345318	0.14757223799824715	0.12745494581758976	0.09589152038097382	0.029747648863121867	0.5949849188327789	0.004348673915956169	False	True	0.21237723529338837	0.049049261957407	0.10637415200471878	0.004486059304326773	0.6266795992851257	0.001033663866110146	True	0.08276724070310593	0.20586062967777252	0.08540888875722885	0.05500923842191696	0.5632902383804321	0.007663683965802193
c3kn1k	humanities last straight survivor is infected with gay	data/processed/pro_fakeddit/images/c3kn1k.jpg	2	0	False	0.5245556533336639	0.2520197331905365	0.5245556533336639	0.27253592014312744	0.10173401609063148	0.04762557800859213	0.035829787666443735	0.017719055525958538	False	True	0.4931126832962036	0.301219642162323	0.09748005867004395	0.016482768580317497	0.07068057358264923	0.021024318411946297	True	0.5559986233711243	0.24385219812393188	0.10598797351121902	0.07876838743686676	0.0009790017502382398	0.01441379263997078
4er7cz	buzz lightyear wins battle over driving licence	data/processed/pro_fakeddit/images/4er7cz.jpg	0	2	False	0.38723398745059967	0.028983324766159058	0.3582506626844406	0.07007580250501633	0.38723398745059967	0.13269041664898396	0.010135146672837436	0.0416139792650938	False	True	0.3142910301685333	0.047995902597904205	0.5685997605323792	0.042408574372529984	0.018580779433250427	0.008123908191919327	True	0.4022102952003479	0.09215570241212845	0.2058682143688202	0.22297225892543793	0.0016895139124244452	0.07510405033826828
31vdjm	saudis refuse swedish zoos monkeys in diplomatic spat	data/processed/pro_fakeddit/images/31vdjm.jpg	0	2	False	0.40213653445243835	0.21164021827280521	0.11774125695228577	0.13897955417633057	0.40213653445243835	0.10946437995880842	0.04118198109790683	0.19049631617963314	False	True	0.11987314373254776	0.04509429633617401	0.684814453125	0.025464212521910667	0.07742906361818314	0.04732484742999077	True	0.11560937017202377	0.23286481201648712	0.11945861577987671	0.19346454739570618	0.00493489857763052	0.3336677849292755
37bch9	chinese officials sent on prison tours as a warning against corruption	data/processed/pro_fakeddit/images/37bch9.jpg	0	3	False	0.4573444724082947	0.26800947077572346	0.14322227239608765	0.0703094620257616	0.18933500163257122	0.4573444724082947	0.0025496186899545137	0.13723918981850147	False	True	0.1395006626844406	0.11974793672561646	0.32955238223075867	0.1826733946800232	0.005004737991839647	0.2235209047794342	True	0.14694388210773468	0.020870987325906754	0.049117621034383774	0.7320155501365662	9.449938806938007e-05	0.05095747485756874
831jiu	the cats alone in the tower	data/processed/pro_fakeddit/images/831jiu.jpg	1	2	False	0.37551042437553406	0.1222907081246376	0.1091962456703186	0.035677936393767595	0.37551042437553406	0.21494819677900523	0.25321971625089645	0.011447518598288298	False	True	0.05139480531215668	0.015543133951723576	0.4634571075439453	0.002018907805904746	0.46198099851608276	0.0056050559505820274	True	0.16699768602848053	0.055812738835811615	0.2875637412071228	0.4278774857521057	0.044458433985710144	0.017289981245994568
3frf2f	two in custody after meth lab found inside cedar rapids taco bell	data/processed/pro_fakeddit/images/3frf2f.jpg	0	1	False	0.3501722291111946	0.14684415236115456	0.20332807675004005	0.3501722291111946	0.12591960234567523	0.09358701482415199	0.08087968651670963	0.1461133509874344	False	True	0.3736823499202728	0.12824387848377228	0.23910650610923767	0.09156405180692673	0.15907146036624908	0.008331656455993652	True	0.03297380357980728	0.5721005797386169	0.01273269858211279	0.09560997784137726	0.002687912667170167	0.2838950455188751
bk3kxn	construction workers and local business employees team up to rescue ducklings and reunite them with their mother	data/processed/pro_fakeddit/images/bk3kxn.jpg	0	0	True	0.5123695284128189	0.22243811935186386	0.5123695284128189	0.05831746105104685	0.28993140906095505	0.08105552103370428	0.015505226328969002	0.04282092954963446	False	True	0.5492793321609497	0.007857197895646095	0.379103422164917	0.007232828065752983	0.026765435934066772	0.02976183034479618	True	0.4754597246646881	0.1087777242064476	0.2007593959569931	0.15487821400165558	0.004245016723871231	0.05588002875447273
11lk0b	guantanamo prisoner holds unflattering opinion of lebron james	data/processed/pro_fakeddit/images/11lk0b.jpg	0	2	False	0.3341882526874542	0.08885926380753517	0.24532898887991905	0.06470773741602898	0.3341882526874542	0.2066197767853737	0.0011643880243354943	0.1479908712208271	False	True	0.09560897201299667	0.03485222905874252	0.6332630515098572	0.13466371595859528	0.0022649457678198814	0.09934709221124649	True	0.39504900574684143	0.09456324577331543	0.03511345386505127	0.2785758376121521	6.383028085110709e-05	0.19663465023040771
5zeeyi	hitler attempting suicide	data/processed/pro_fakeddit/images/5zeeyi.jpg	2	0	False	0.5097568780183792	0.19877291098237038	0.5097568780183792	0.31098396703600883	0.10788891837000847	0.03421567380428314	0.011909508815733716	0.025245014112442732	False	True	0.7426644563674927	0.037579141557216644	0.16053740680217743	0.03209306299686432	0.023037461563944817	0.004088475368916988	True	0.27684929966926575	0.584388792514801	0.05524042993783951	0.036338284611701965	0.0007815560675226152	0.046401552855968475
bndvpq	this cat that rolled in glitter	data/processed/pro_fakeddit/images/bndvpq.jpg	0	0	True	0.6524791121482849	0.38859155774116516	0.6524791121482849	0.0021428047912195325	0.26388755440711975	0.03836422134190798	0.03592717880383134	0.007199163199402392	False	True	0.5604443550109863	0.0019588374998420477	0.3670866787433624	0.011999310925602913	0.056238919496536255	0.0022719402331858873	True	0.7445138692855835	0.0023267720825970173	0.16068843007087708	0.06472913175821304	0.015615438111126423	0.012126386165618896
2mp2b9	religious extremism main cause of terrorism according to report	data/processed/pro_fakeddit/images/2mp2b9.jpg	0	0	True	0.3572401627898216	0.13515981659293175	0.3572401627898216	0.1319507732987404	0.14635118283331394	0.10878546722233295	0.033592090861930046	0.22208034619688988	False	True	0.4882238805294037	0.03827600181102753	0.2767130732536316	0.0345287062227726	0.06705250591039658	0.0952058956027031	True	0.22625644505023956	0.22562554478645325	0.015989292412996292	0.1830422282218933	0.00013167581346351653	0.34895479679107666
3jy56q	this school is switching to genderneutral bathrooms for all students not a single parent has complained about the change	data/processed/pro_fakeddit/images/3jy56q.jpg	0	0	True	0.31561149656772614	0.06133338063955307	0.31561149656772614	0.1055884137749672	0.25427811592817307	0.1375871803611517	0.00483039998653112	0.1821044608950615	False	True	0.27033668756484985	0.17545269429683685	0.34961286187171936	0.02306206151843071	0.009591151960194111	0.17194463312625885	True	0.3608863055706024	0.035724133253097534	0.15894336998462677	0.2521122992038727	6.964801286812872e-05	0.19226428866386414
dy5lj7i	the fall of legenwaitforitdary dogs	data/processed/pro_fakeddit/images/dy5lj7i.jpg	4	4	True	0.456952519249171	0.13492431631311774	0.3220282029360533	0.05268518184311688	0.14341355301439762	0.01995416183490306	0.456952519249171	0.004966379012330435	False	True	0.04528101906180382	0.0047698901034891605	0.03824092820286751	0.0015169980470091105	0.9097511768341064	0.000439985393313691	True	0.5987753868103027	0.1006004735827446	0.24858617782592773	0.03839132562279701	0.004153861664235592	0.00949277263134718
6s3rb8	this gecko with a cherry on its head	data/processed/pro_fakeddit/images/6s3rb8.jpg	0	2	False	0.3985952064394951	0.02670828253030777	0.3718869239091873	0.07298499485477805	0.3985952064394951	0.04066554445307702	0.06392533518373966	0.05194197449600324	False	True	0.34731557965278625	0.004051911644637585	0.6133469343185425	0.00104369199834764	0.03257102146744728	0.0016708270413801074	True	0.3964582681655884	0.14191807806491852	0.1838434785604477	0.0802873969078064	0.09527964890003204	0.10221312195062637
10j5ee	cnn and msnbc pundit arrested for vandalizing antimuslim ad in ny subway system	data/processed/pro_fakeddit/images/10j5ee.jpg	0	1	False	0.6438695788383484	0.49468242190778255	0.039556154515594244	0.6438695788383484	0.07879651337862015	0.08746516890823841	0.0011253736302023754	0.14918715693056583	False	True	0.07060480862855911	0.7615312337875366	0.13735978305339813	0.012829024344682693	0.00215259101241827	0.01552249863743782	True	0.008507500402629375	0.5262079238891602	0.020233243703842163	0.16210131347179413	9.81562479864806e-05	0.28285181522369385
c49mbj9	the force is strong with this one	data/processed/pro_fakeddit/images/c49mbj9.jpg	4	4	True	0.4931613386470417	0.19824274888742366	0.29491858975961804	0.0017938053060788661	0.19728113687597215	0.010813515615154756	0.4931613386470417	0.002031624516348529	False	True	0.009023354388773441	8.570199133828282e-05	0.004586636554449797	7.204707799246535e-05	0.9862039089202881	2.8300031772232614e-05	True	0.5808138251304626	0.0035019086208194494	0.3899756371974945	0.021554984152317047	0.00011876837379531935	0.004034949000924826
cw23s66	if only bradleys arm was longer	data/processed/pro_fakeddit/images/cw23s66.jpg	4	0	False	0.5573772937059402	0.23593227565288544	0.5573772937059402	0.009421739727258682	0.3214450180530548	0.0032993039349094033	0.09213472489500418	0.01632185495691374	False	True	0.37195125222206116	0.00963849388062954	0.4330672025680542	0.0017519902903586626	0.18325506150722504	0.0003359621623530984	True	0.7428033351898193	0.009204985573887825	0.20982283353805542	0.004846617579460144	0.0010143882827833295	0.03230774775147438
2spyks	pope doing sign language	data/processed/pro_fakeddit/images/2spyks.jpg	0	2	False	0.28027328848838806	0.0031190216541290283	0.27715426683425903	0.1921609789133072	0.28027328848838806	0.10547934100031853	0.024533512070775032	0.12039863504469395	False	True	0.33351579308509827	0.1546287089586258	0.3244841992855072	0.1047767922282219	0.04682294279336929	0.035771552473306656	True	0.2207927405834198	0.2296932488679886	0.23606237769126892	0.10618188977241516	0.002244081348180771	0.20502571761608124
cntkzk	pretreating tshirts for printing and the chemicals leaked to the other side in a smiley face	data/processed/pro_fakeddit/images/cntkzk.jpg	0	1	False	0.343722406309098	0.08241853071376681	0.21656151115894318	0.343722406309098	0.2613038755953312	0.08536776527762413	0.06956878304481506	0.023475723806768656	False	True	0.31650471687316895	0.008711523376405239	0.43942829966545105	0.09025658667087555	0.13032780587673187	0.014771153219044209	True	0.11661830544471741	0.6787332892417908	0.08317945152521133	0.08047894388437271	0.008809760212898254	0.0321802943944931
8oav6q	your granny said sternly dont go anywhere without god but the bright light of science has proven there is no god antireligious poster ca	data/processed/pro_fakeddit/images/8oav6q.jpg	5	1	False	0.375096932053566	0.10934573411941528	0.2657511979341507	0.375096932053566	0.18353000096976757	0.015619577839970589	0.027453696820884943	0.1325486097484827	False	True	0.28551629185676575	0.29389795660972595	0.3216857612133026	0.009250516071915627	0.05207131430506706	0.037578169256448746	True	0.24598610401153564	0.456295907497406	0.04537424072623253	0.02198863960802555	0.0028360793367028236	0.22751905024051666
8mlgfb	daniel ricciardo in the monacos swimming pool	data/processed/pro_fakeddit/images/8mlgfb.jpg	0	0	True	0.24429766181856394	0.008779718540608883	0.24429766181856394	0.14663326484151185	0.14390677586197853	0.05566280148923397	0.17398159578442574	0.23551794327795506	False	True	0.46102434396743774	0.006266618613153696	0.17755959928035736	0.013475578278303146	0.3175307512283325	0.024143118411302567	True	0.027570979669690132	0.28699991106987	0.1102539524435997	0.0978500247001648	0.03043244034051895	0.44689276814460754
crewcqr	capture me like one of your orlesian qunari	data/processed/pro_fakeddit/images/crewcqr.jpg	4	0	False	0.5319484993815422	0.14939530473202467	0.5319484993815422	0.009825743269175291	0.06370645202696323	0.011279066995484754	0.38255319464951754	0.000687081046635285	False	True	0.1923355907201767	0.006336403079330921	0.03631315007805824	0.0008947736932896078	0.7640100717544556	0.00011011137394234538	True	0.8715614080429077	0.013315083459019661	0.09109975397586823	0.0216633602976799	0.001096317544579506	0.0012640507193282247
211mtg	texas town pays ted nugent k to stay away from th of concert	data/processed/pro_fakeddit/images/211mtg.jpg	0	0	True	0.3885461986064911	0.13521875999867916	0.3885461986064911	0.1620434783399105	0.25332743860781193	0.11452139914035797	0.016004714525479358	0.06555673945695162	False	True	0.44597306847572327	0.017844639718532562	0.471650093793869	0.025977790355682373	0.031947650015354156	0.0066067371517419815	True	0.3311193287372589	0.30624231696128845	0.03500478342175484	0.20306500792503357	6.177903560455889e-05	0.12450674176216125
b2ldfz	this gift card expires in a millennium	data/processed/pro_fakeddit/images/b2ldfz.jpg	0	3	False	0.37390490993857384	0.054402757436037064	0.3195021525025368	0.0015346012078225613	0.2881297394633293	0.37390490993857384	0.0005132525257067755	0.016415337566286325	False	True	0.1560155302286148	0.001490039867348969	0.183493509888649	0.645363986492157	0.0005452182376757264	0.013091790489852428	True	0.48298877477645874	0.0015791625482961535	0.39276596903800964	0.10244583338499069	0.00048128681373782456	0.019738884642720222
16g0hs	men armed with ar rifles walk through portland to educate citizens	data/processed/pro_fakeddit/images/16g0hs.jpg	0	0	True	0.5148100182414055	0.2549968473613262	0.5148100182414055	0.25981317088007927	0.07376555353403091	0.05373514536768198	0.017848153569502756	0.08002793369814754	False	True	0.7904463410377502	0.039682112634181976	0.10627508163452148	0.014595532789826393	0.035339873284101486	0.013661048375070095	True	0.23917369544506073	0.47994422912597656	0.041256025433540344	0.09287475794553757	0.0003564338549040258	0.14639481902122498
6oqx0c	dog with hotdog in his mouth	data/processed/pro_fakeddit/images/6oqx0c.jpg	0	1	False	0.45633864123374224	0.1019665664061904	0.09018636588007212	0.45633864123374224	0.35437207482755184	0.020301277516409755	0.0722838775254786	0.006517756613902748	False	True	0.1687687784433365	0.010349566116929054	0.6721553802490234	0.006518879439681768	0.13975819945335388	0.002449176972731948	True	0.011603953316807747	0.9023277163505554	0.036588769406080246	0.03408367559313774	0.004809555597603321	0.010586336255073547
3euu1d	shia labeouf with his mom	data/processed/pro_fakeddit/images/3euu1d.jpg	0	2	False	0.43786951899528503	0.08721594512462616	0.3506535738706589	0.07619177922606468	0.43786951899528503	0.03572306805290282	0.0342963021248579	0.0652656975435093	False	True	0.47173333168029785	0.009788982570171356	0.4801107347011566	0.005707875359803438	0.030032485723495483	0.002626547822728753	True	0.2295738160610199	0.142594575881958	0.39562830328941345	0.0657382607460022	0.03856011852622032	0.12790484726428986
53b6sc	jane goodall trump debates like a chimp in a dominance ritual	data/processed/pro_fakeddit/images/53b6sc.jpg	0	1	False	0.4462666232138872	0.09559736587107182	0.3506692573428154	0.4462666232138872	0.12637535389512777	0.016448349924758077	0.021582989786111284	0.03865746455267072	False	True	0.6595441102981567	0.01120472326874733	0.24795180559158325	0.028028469532728195	0.04297085851430893	0.01030001137405634	True	0.04179440438747406	0.8813285231590271	0.004798902198672295	0.004868230316787958	0.00019512105791363865	0.0670149177312851
b4mvd6	i made ethan from quintessential british p coins	data/processed/pro_fakeddit/images/b4mvd6.jpg	0	0	True	0.5010274052619934	0.2885195165872574	0.5010274052619934	0.060801523737609386	0.21250788867473602	0.030597419012337923	0.17102982476353645	0.024035952053964138	False	True	0.38174450397491455	0.01697338931262493	0.23436112701892853	0.013248016126453876	0.3179226815700531	0.035750340670347214	True	0.6203103065490723	0.10462965816259384	0.19065465033054352	0.04794682189822197	0.024136967957019806	0.012321563437581062
6wvmk2	aaron rodgers sweet new stache	data/processed/pro_fakeddit/images/6wvmk2.jpg	0	2	False	0.39756639301776886	0.09408100694417953	0.3034853860735893	0.09804278705269098	0.39756639301776886	0.08600953221321106	0.003012533503351733	0.11188343819230795	False	True	0.39121952652931213	0.015548886731266975	0.4977777302265167	0.06339503824710846	0.0054895831272006035	0.0265693049877882	True	0.21575124561786652	0.180536687374115	0.297355055809021	0.10862402617931366	0.0005354838795028627	0.1971975713968277
24nmi6	dea orders more marijuana production	data/processed/pro_fakeddit/images/24nmi6.jpg	0	0	True	0.45495375990867615	0.2735038045793772	0.45495375990867615	0.05095716752111912	0.18144995532929897	0.14470522943884134	0.014771188332815655	0.1531626507639885	False	True	0.5311565399169922	0.014137547463178635	0.30882880091667175	0.02325909025967121	0.029190856963396072	0.0934271365404129	True	0.3787509799003601	0.0877767875790596	0.05407110974192619	0.2661513686180115	0.00035151970223523676	0.2128981649875641
d5jv7n	unite the right rally is held	data/processed/pro_fakeddit/images/d5jv7n.jpg	2	0	False	0.49567215144634247	0.2868837839923799	0.49567215144634247	0.20878836745396256	0.07638425007462502	0.16273558512330055	0.0012128174530516844	0.05520673934370279	False	True	0.8007504940032959	0.015343640930950642	0.12988883256912231	0.03567615896463394	0.0023356876336038113	0.01600509323179722	True	0.19059380888938904	0.4022330939769745	0.022879667580127716	0.28979501128196716	8.994727249955758e-05	0.09440838545560837
c5z6ols	i have one of thes on my coffee table	data/processed/pro_fakeddit/images/c5z6ols.jpg	4	4	True	0.4571343215648085	0.03681343258358538	0.4203208889812231	0.002429072861559689	0.09933368675410748	0.009003845741972327	0.4571343215648085	0.011778196116210893	False	True	0.03676019236445427	0.002485157921910286	0.04487472400069237	0.0018518953584134579	0.9139347672462463	9.320821845903993e-05	True	0.8038815855979919	0.002372987801209092	0.15379264950752258	0.016155796125531197	0.0003338758833706379	0.023463184013962746
awe6j1	this microfilm recorder my predecessor left behind at my current job	data/processed/pro_fakeddit/images/awe6j1.jpg	0	0	True	0.5154867321252823	0.18753771483898163	0.5154867321252823	0.008180092554539442	0.32794901728630066	0.07605826016515493	0.044909073316375725	0.027416872791945934	False	True	0.4323425590991974	0.006577477790415287	0.4260629117488861	0.024453354999423027	0.08948803693056107	0.02107572741806507	True	0.5986309051513672	0.009782707318663597	0.2298351228237152	0.12766316533088684	0.00033010970219038427	0.0337580181658268
5vytu2	i really can say in this country people dont realize how bad it is in this country but in this country and all over the world pres trump	data/processed/pro_fakeddit/images/5vytu2.jpg	0	3	False	0.42089211009442806	0.03692184295505285	0.3839702671393752	0.04408031888306141	0.03595972387120128	0.42089211009442806	0.0004059700841025915	0.11469165235757828	False	True	0.015539301559329033	0.03795171529054642	0.01011334266513586	0.8029235601425171	0.0007701330468989909	0.13270196318626404	True	0.7524012327194214	0.0502089224755764	0.06180610507726669	0.038860660046339035	4.180712130619213e-05	0.09668134152889252
bc2sp2	white porgy and bess cast asked to say they identify as africanamerican	data/processed/pro_fakeddit/images/bc2sp2.jpg	0	0	True	0.31760601699352264	0.10750588774681091	0.31760601699352264	0.17497017607092857	0.21010012924671173	0.13940052036195993	0.10495809896383435	0.052965084090828896	False	True	0.39720699191093445	0.1149144396185875	0.2174684703350067	0.021607356145977974	0.20944395661354065	0.039358798414468765	True	0.23800504207611084	0.23502591252326965	0.20273178815841675	0.2571936845779419	0.00047224131412804127	0.06657136976718903
99dlh0	maine woman who loves cops gets arrested for her rd birthday	data/processed/pro_fakeddit/images/99dlh0.jpg	0	0	True	0.7425680458545685	0.5785097647458315	0.7425680458545685	0.05407749768346548	0.164058281108737	0.02693983167409897	0.0078025428811088204	0.00455375702586025	False	True	0.6769106984138489	0.010113602504134178	0.2760125994682312	0.02039501816034317	0.015088176354765892	0.0014798201154917479	True	0.8082253932952881	0.09804139286279678	0.05210396274924278	0.03348464518785477	0.0005169094074517488	0.007627693936228752
b69mw5	rare footage of a jewish man crying for mercy right before his execution by the german ss officer otto dietrich	data/processed/pro_fakeddit/images/b69mw5.jpg	2	0	False	0.717009037733078	0.5395008157938719	0.717009037733078	0.07490529399365187	0.17750822193920612	0.018138253362849355	0.00019899206381523982	0.012240174692124128	False	True	0.6508085131645203	0.01511303149163723	0.3193019926548004	0.005976912099868059	6.609594856854528e-05	0.008733398281037807	True	0.7832095623016357	0.1346975564956665	0.03571445122361183	0.03029959462583065	0.00033188817906193435	0.01574695110321045
1hr7n2	trumans soldiers by veniamin briskin korean war painting	data/processed/pro_fakeddit/images/1hr7n2.jpg	5	0	False	0.5832429230213165	0.4019937524572015	0.5832429230213165	0.10990053042769432	0.05533826071768999	0.061543754767626524	0.18124917056411505	0.008725369349122047	False	True	0.412545382976532	0.14284051954746246	0.08567412197589874	0.00948422309011221	0.3428075909614563	0.006648167036473751	True	0.7539404630661011	0.07696054130792618	0.02500239945948124	0.11360328644514084	0.019690750166773796	0.010802571661770344
6w11x2	planet fitness offering new lightsoff hour so no one can watch you work out	data/processed/pro_fakeddit/images/6w11x2.jpg	1	0	False	0.4055340886116028	0.06130574643611908	0.4055340886116028	0.057689466746523976	0.3442283421754837	0.06616933271288872	0.06459614989580587	0.0617825947701931	False	True	0.43129754066467285	0.004304850939661264	0.35573822259902954	0.047988034784793854	0.12836728990077972	0.032304033637046814	True	0.3797706365585327	0.11107408255338669	0.33271846175193787	0.08435063064098358	0.0008250098908320069	0.09126115590333939
6icnca	today not the day for blame say rightwing hatemongers	data/processed/pro_fakeddit/images/6icnca.jpg	1	0	False	0.4346867948770523	0.2368270494043827	0.4346867948770523	0.10442482528742403	0.1978597454726696	0.08789343386888504	0.0058853721211562515	0.16924986511003226	False	True	0.6043893098831177	0.002755027962848544	0.2878822982311249	0.09042202681303024	0.011765153147280216	0.0027862542774528265	True	0.26498427987098694	0.2060946226119995	0.10783719271421432	0.08536484092473984	5.59109503228683e-06	0.3357134759426117
40ph6w	man in norway sliding down street reading book and drinking coffee	data/processed/pro_fakeddit/images/40ph6w.jpg	0	0	True	0.5753765851259232	0.3354469230398536	0.5753765851259232	0.23992966208606958	0.10659885965287685	0.020260117133148015	0.028974037617444992	0.028860752645414323	False	True	0.7576245665550232	0.010504009202122688	0.18038855493068695	0.003160888561978936	0.04737059772014618	0.0009514152770861983	True	0.3931286036968231	0.4693553149700165	0.03280916437506676	0.03735934570431709	0.010577477514743805	0.05677009001374245
d02gtm	manchester hotel charges australian ps for a beer	data/processed/pro_fakeddit/images/d02gtm.jpg	0	2	False	0.3263600692152977	0.045752063393592834	0.28060800582170486	0.10599619522690773	0.3263600692152977	0.2052929550409317	0.00935146730626002	0.07239129021763802	False	True	0.19545955955982208	0.06068124622106552	0.5498642325401306	0.09726250171661377	0.017790047451853752	0.07894237339496613	True	0.36575645208358765	0.15131114423274994	0.10285590589046478	0.31332340836524963	0.0009128871606662869	0.0658402070403099
c7to9oa	that old weather guy from moonrise kingdom	data/processed/pro_fakeddit/images/c7to9oa.jpg	4	4	True	0.4792295886873035	0.1805667216394795	0.11647831555455923	0.29866286704782397	0.024279105477035046	0.054705284150259104	0.4792295886873035	0.02664485893183155	False	True	0.021148590371012688	0.0022883929777890444	0.018113896250724792	0.00013963055971544236	0.9582794904708862	3.0035953386686742e-05	True	0.21180804073810577	0.5950373411178589	0.0304443147033453	0.10927093774080276	0.0001796869037207216	0.05325968191027641
d5gruj	my oreo was put on the wrong way	data/processed/pro_fakeddit/images/d5gruj.jpg	0	2	False	0.4694501757621765	0.04527674615383148	0.42417342960834503	0.008411104325205088	0.4694501757621765	0.010962736560031772	0.020209503396472428	0.06679302547127008	False	True	0.2758554518222809	0.00839001964777708	0.5548702478408813	0.015431666746735573	0.04024943709373474	0.10520316660404205	True	0.5724914073944092	0.008432189002633095	0.3840301036834717	0.0064938063733279705	0.00016956969921011478	0.028382884338498116
bdsn00	this photo of a japanese boat looks like japanese kanji	data/processed/pro_fakeddit/images/bdsn00.jpg	0	4	False	0.48225408466532826	0.048668557312339544	0.08023687126114964	0.00024392664636252448	0.4335855273529887	0.0020602489821612835	0.48225408466532826	0.0016193973715417087	False	True	0.01532753650099039	0.00016430970572400838	0.02176988683640957	0.0015498918946832418	0.960500955581665	0.0006874731043353677	True	0.1451462060213089	0.0003235435870010406	0.8454011678695679	0.002570606069639325	0.004007213748991489	0.0025513216387480497
1slz3a	a levitating spatulawielding friend	data/processed/pro_fakeddit/images/1slz3a.jpg	0	0	True	0.3792840838432312	0.039158507250249386	0.3792840838432312	0.04725349065847695	0.1900741383433342	0.03880001028301194	0.3401255765929818	0.004462760683964007	False	True	0.230812668800354	0.0077927508391439915	0.08626912534236908	0.00117532501462847	0.6734744906425476	0.00047566331340931356	True	0.5277554988861084	0.0867142304778099	0.2938791513442993	0.07642469555139542	0.006776662543416023	0.0084498580545187
9guzlf	this knot that i found in my headphone cable	data/processed/pro_fakeddit/images/9guzlf.jpg	0	0	True	0.48572203516960144	0.12023313343524933	0.48572203516960144	0.008385553723201156	0.3654889017343521	0.05937393754720688	0.013890563044697046	0.06713898852467537	False	True	0.5938752293586731	0.00682790344581008	0.22368189692497253	0.05811377987265587	0.02316218428313732	0.09433894604444504	True	0.3775688409805298	0.009943204000592232	0.5072959065437317	0.06063409522175789	0.004618941806256771	0.0399390310049057
cjoncr3	top of her class actually	data/processed/pro_fakeddit/images/cjoncr3.jpg	4	2	False	0.43515902757644653	0.02232198417186737	0.41283704340457916	0.018111781682819128	0.43515902757644653	0.01326625095680356	0.11333338107579038	0.0072925693821161985	False	True	0.2548045814037323	0.034984830766916275	0.4613012969493866	0.013362995348870754	0.22662052512168884	0.008925799280405045	True	0.570869505405426	0.001238732598721981	0.40901675820350647	0.013169506564736366	4.6237029891926795e-05	0.0056593394838273525
c9bo81a	i have no plans to die today	data/processed/pro_fakeddit/images/c9bo81a.jpg	4	0	False	0.4884539991617203	0.23021957805576676	0.4884539991617203	0.008702018996700644	0.2174507975578308	0.018612310755997896	0.2582344211059535	0.008546485099941492	False	True	0.28460487723350525	0.009754091501235962	0.17453566193580627	0.0059801870957016945	0.5164283514022827	0.00869691465049982	True	0.6923031210899353	0.007649946492165327	0.26036593317985535	0.031244434416294098	4.049080962431617e-05	0.008396055549383163
cw82kp	found this in front of the capitol building in dc	data/processed/pro_fakeddit/images/cw82kp.jpg	0	0	True	0.5234136879444122	0.3383617699146271	0.5234136879444122	0.06648850813508034	0.18505191802978516	0.08126611355692148	0.09055704772254103	0.05322265764698386	False	True	0.5243330597877502	0.04910697788000107	0.2043485790491104	0.026991548016667366	0.18099740147590637	0.014222393743693829	True	0.5224943161010742	0.0838700383901596	0.1657552570104599	0.1355406790971756	0.0001166939691756852	0.0922229215502739
3ducw6	jeb bush hails uber in san francisco doesnt win drivers vote	data/processed/pro_fakeddit/images/3ducw6.jpg	0	1	False	0.294782817363739	0.03769044578075409	0.2570923715829849	0.294782817363739	0.18016852997243404	0.1096692718565464	0.0048887215671129525	0.15339830052107573	False	True	0.31000709533691406	0.2091578245162964	0.2991887629032135	0.1531447470188141	0.009505477733910084	0.018996139988303185	True	0.2041776478290558	0.38040781021118164	0.06114829704165459	0.06619379669427872	0.00027196540031582117	0.28780046105384827
60kjje	new orleans residents aimlessly float across the floodwaters brought on by hurricane katrina c	data/processed/pro_fakeddit/images/60kjje.jpg	2	1	False	0.5999232232570648	0.2910447370959446	0.30887848616112024	0.5999232232570648	0.018860536947613582	0.0013258310500532389	0.05827343418786768	0.012738569173961878	False	True	0.6149957776069641	0.21785753965377808	0.03676125034689903	0.001919570262543857	0.11610350757837296	0.012362377718091011	True	0.0027611947152763605	0.9819889068603516	0.0009598235483281314	0.0007320918375626206	0.0004433607973624021	0.013114760629832745
cd2mjg	winston churchill reenters the government	data/processed/pro_fakeddit/images/cd2mjg.jpg	2	1	False	0.6224769353866577	0.4517325386404991	0.1707443967461586	0.6224769353866577	0.037801054771989584	0.0530617767944932	0.0006921300882822834	0.115223728120327	False	True	0.17040984332561493	0.6025270223617554	0.06444347649812698	0.016492502763867378	0.0012905378825962543	0.1448366940021515	True	0.17107895016670227	0.6424268484115601	0.011158633045852184	0.08963105082511902	9.372229396831244e-05	0.0856107622385025
c0hql7	found this on the calder fwy melbourne australia hr am	data/processed/pro_fakeddit/images/c0hql7.jpg	0	0	True	0.5035602748394012	0.06979455053806305	0.5035602748394012	0.031023348215967417	0.4337657243013382	0.011772436904720962	0.0019490336417220533	0.017929180874489248	False	True	0.5042228102684021	0.003678177483379841	0.48316237330436707	0.0034633909817785025	0.0033426815643906593	0.002130563138052821	True	0.5028977394104004	0.05836851894855499	0.3843690752983093	0.02008148282766342	0.0005553857190534472	0.033727798610925674
ce6npko	kim jongun crossing the delaware	data/processed/pro_fakeddit/images/ce6npko.jpg	4	1	False	0.40832677856087685	0.14874546811915934	0.20780566334724426	0.40832677856087685	0.10040898993611336	0.013487155665643513	0.2595813104417175	0.010390015318989754	False	True	0.28096839785575867	0.08533520251512527	0.11828099936246872	0.002662830287590623	0.511834979057312	0.000917583703994751	True	0.13464292883872986	0.7313183546066284	0.082536980509758	0.024311481043696404	0.007327641826122999	0.019862446933984756
cq8vihk	the fabulous dolphin feeder	data/processed/pro_fakeddit/images/cq8vihk.jpg	4	0	False	0.3733223155140877	0.14999182522296906	0.3733223155140877	0.10854093357920647	0.22333049029111862	0.1104739997535944	0.17789509799331427	0.006437182077206671	False	True	0.14961929619312286	0.15447622537612915	0.3153076469898224	0.03890306130051613	0.33946725726127625	0.002226537326350808	True	0.5970253348350525	0.06260564178228378	0.13135333359241486	0.18204493820667267	0.016322938725352287	0.010647826828062534
7uvs8q	this speedminton speeder	data/processed/pro_fakeddit/images/7uvs8q.jpg	1	0	False	0.5095900893211365	0.28603601118084043	0.5095900893211365	0.028097837697714567	0.17782292515039444	0.02990393666550517	0.22355407814029604	0.03103115363046527	False	True	0.3988350033760071	0.011041852645576	0.11899356544017792	0.011924888007342815	0.44454237818717957	0.014662380330264568	True	0.6203451752662659	0.045153822749853134	0.23665228486061096	0.047882985323667526	0.0025657780934125185	0.04739992693066597
b6e9x8	went to open an angry birds fruit snacks they were in the shapes of emojis and gummy bears	data/processed/pro_fakeddit/images/b6e9x8.jpg	0	0	True	0.4630891680717468	0.0670621395111084	0.4630891680717468	0.0418791314586997	0.3960270285606384	0.010498338611796498	0.01686543715186417	0.0716408733278513	False	True	0.35421955585479736	0.00944795273244381	0.5492924451828003	0.006870891433209181	0.031463008373975754	0.048706140369176865	True	0.5719587802886963	0.0743103101849556	0.24276161193847656	0.014125785790383816	0.0022678659297525883	0.09457560628652573
5hn79v	robber locks keys in car asks police for help	data/processed/pro_fakeddit/images/5hn79v.jpg	0	0	True	0.4406704306602478	0.2540864124894142	0.4406704306602478	0.04686753824353218	0.13687805458903313	0.1865840181708336	0.17747561652504373	0.011524323839694262	False	True	0.3699535131454468	0.01621135324239731	0.22161813080310822	0.02863176167011261	0.35459455847740173	0.008990611881017685	True	0.5113873481750488	0.07752372324466705	0.05213797837495804	0.34453627467155457	0.00035667457268573344	0.014058035798370838
ce7gtk	this rock and stick looks like the head and tongue of a snake	data/processed/pro_fakeddit/images/ce7gtk.jpg	0	0	True	0.4317934960126877	0.16907154023647308	0.4317934960126877	0.03443192741542589	0.2627219557762146	0.03704304853454232	0.21865238808095455	0.015357212163507938	False	True	0.3332439959049225	0.00025989217101596296	0.27408140897750854	0.0083474637940526	0.3812708258628845	0.002796415239572525	True	0.5303429961204529	0.06860396265983582	0.25136250257492065	0.06573863327503204	0.05603395029902458	0.027918009087443352
cjg1vh	this payphone tucked into a corner in a grocery store yes it still works	data/processed/pro_fakeddit/images/cjg1vh.jpg	0	2	False	0.3707607686519623	0.037298768758773804	0.3334619998931885	0.07450138963758945	0.3707607686519623	0.10487939417362213	0.06442364782560617	0.05197279527783394	False	True	0.309244841337204	0.011155668646097183	0.462831050157547	0.05855150520801544	0.12564809620380402	0.03256881237030029	True	0.357679158449173	0.13784711062908173	0.27869048714637756	0.15120728313922882	0.0031991994474083185	0.07137677818536758
ces56a8	i felt like watching the hobbit again	data/processed/pro_fakeddit/images/ces56a8.jpg	4	0	False	0.4907831847667694	0.017571181058883667	0.4907831847667694	0.0083492083940655	0.47321200370788574	0.013106903992593288	0.005599149575573392	0.008949568029493093	False	True	0.28173619508743286	0.009452477097511292	0.6716484427452087	0.01801297441124916	0.011062010191380978	0.008087916299700737	True	0.699830174446106	0.007245939690619707	0.27477556467056274	0.008200833573937416	0.0001362889597658068	0.00981121975928545
d17c24	they filled my cup perfectly	data/processed/pro_fakeddit/images/d17c24.jpg	0	0	True	0.6403161436319351	0.3849186338484287	0.6403161436319351	0.0054073326755315065	0.2553975097835064	0.025034994585439563	0.059524541698920075	0.014319497277028859	False	True	0.41273024678230286	0.01012050174176693	0.38737308979034424	0.04417984187602997	0.11887821555137634	0.02671818993985653	True	0.8679020404815674	0.0006941636092960835	0.12342192977666855	0.005890147294849157	0.00017086784646380693	0.001920804614201188
52d9k7	aboriginal man wanted to do something nice after overhearing racist comments in a fremantle cafe	data/processed/pro_fakeddit/images/52d9k7.jpg	0	0	True	0.6107296347618103	0.4392848424613476	0.6107296347618103	0.05355012835934758	0.17144479230046272	0.11935201287269592	0.0003960372050642036	0.04452737420797348	False	True	0.6434941291809082	0.010447719134390354	0.21819017827510834	0.08787183463573456	0.00016261693963315338	0.03983350098133087	True	0.5779651403427124	0.09665253758430481	0.12469940632581711	0.1508321911096573	0.0006294574704952538	0.04922124743461609
6i8xou	little girl running from a splash park	data/processed/pro_fakeddit/images/6i8xou.jpg	0	4	False	0.4804210960865021	0.3183654279273469	0.11718133464455605	0.16205566815915518	0.15927723422646523	0.02385864476673305	0.4804210960865021	0.05720596364699304	False	True	0.16363711655139923	0.0007454393780790269	0.29205235838890076	0.0014077103696763515	0.5388473272323608	0.0033100019209086895	True	0.07072555273771286	0.3233658969402313	0.026502110064029694	0.04630957916378975	0.4219948649406433	0.11110192537307739
bwbw7n	the handle on my bag that looks like a surprised monster figure	data/processed/pro_fakeddit/images/bwbw7n.jpg	0	2	False	0.6380185186862946	0.38809049874544144	0.24992801994085312	0.03514479674049653	0.6380185186862946	0.033225515857338905	0.03494843514636159	0.008734742878004909	False	True	0.4073896110057831	0.0006071965326555073	0.5742254853248596	0.005179453641176224	0.009768658317625523	0.0028296257369220257	True	0.09246642887592316	0.06968239694833755	0.7018115520477295	0.06127157807350159	0.060128211975097656	0.014639860019087791
57sdcb	rockstar just got everyone talking with one simple image	data/processed/pro_fakeddit/images/57sdcb.jpg	5	0	False	0.4848407581448555	0.1105714812874794	0.4848407581448555	0.012915625877212733	0.3742692768573761	0.10038695018738508	0.0004288533382350579	0.027158551791217178	False	True	0.1640353947877884	0.024793174117803574	0.5696597695350647	0.18732771277427673	0.0005524952430278063	0.0536314994096756	True	0.8056461215019226	0.0010380776366218925	0.1788787841796875	0.013446187600493431	0.0003052114334423095	0.0006856041727587581
35lgng	woman survives off own breast milk	data/processed/pro_fakeddit/images/35lgng.jpg	0	0	True	0.4049397390335798	0.1637179598910734	0.4049397390335798	0.24122177914250642	0.10760394856333733	0.18401947524398565	0.0016842149489093572	0.06053088791668415	False	True	0.03906821832060814	0.479947566986084	0.021995164453983307	0.34508028626441956	0.002558921929448843	0.11134988069534302	True	0.7708112597465515	0.002495991298928857	0.19321273267269135	0.02295866422355175	0.0008095079683698714	0.009711895138025284
8wjko7	the british government during negotiations for a better brexit deal	data/processed/pro_fakeddit/images/8wjko7.jpg	2	0	False	0.41676191985607147	0.09299381426535547	0.41676191985607147	0.323768105590716	0.1390428002923727	0.0950385183095932	0.002839155880792532	0.022549523040652275	False	True	0.5779860615730286	0.005491547752171755	0.2617664337158203	0.14388856291770935	0.005526422057300806	0.005340982228517532	True	0.2555377781391144	0.6420446634292603	0.016319166868925095	0.04618847370147705	0.0001518897042842582	0.03975806385278702
curep3	this bullseye barbecue sauce label that missed the mark	data/processed/pro_fakeddit/images/curep3.jpg	0	0	True	0.3321264982223511	0.0759030170738697	0.3321264982223511	0.007939985953271389	0.20723985880613327	0.189080648124218	0.00738953024847433	0.25622348114848137	False	True	0.24946430325508118	0.007879897952079773	0.1661793738603592	0.14622321724891663	0.01435900665819645	0.41589421033859253	True	0.41478869318962097	0.008000073954463005	0.24830034375190735	0.23193807899951935	0.00042005383875221014	0.09655275195837021
3vt391	police burglary suspect identified by name on shirt	data/processed/pro_fakeddit/images/3vt391.jpg	0	1	False	0.3403455591760576	0.04767406499013305	0.13553869538009167	0.3403455591760576	0.19476860668510199	0.29267149418592453	0.000656869902741164	0.03601871710270643	False	True	0.013454195111989975	0.6672434210777283	0.030786065384745598	0.23738263547420502	0.000992683693766594	0.050140947103500366	True	0.25762319564819336	0.013447697274386883	0.3587511479854584	0.34796035289764404	0.000321056111715734	0.0218964871019125
ci4ynxb	murder loves killers too	data/processed/pro_fakeddit/images/ci4ynxb.jpg	4	0	False	0.39320381730794907	0.14311698824167252	0.39320381730794907	0.14865559339523315	0.25008682906627655	0.11862478777766228	0.017059644480468705	0.07236933149397373	False	True	0.16634945571422577	0.1387520432472229	0.4112659990787506	0.13042457401752472	0.033731188625097275	0.11947675794363022	True	0.6200581789016724	0.1585591435432434	0.08890765905380249	0.10682500153779984	0.0003881003358401358	0.025261905044317245
1f2ooa	tank shot repost from rpics	data/processed/pro_fakeddit/images/1f2ooa.jpg	0	0	True	0.7584934234619141	0.563272699713707	0.7584934234619141	0.001973513251869008	0.1952207237482071	0.0017135950620286167	0.02962470584316179	0.012974124867469072	False	True	0.7733708024024963	0.003746291156858206	0.14504320919513702	0.0022375588305294514	0.05807875096797943	0.017523527145385742	True	0.7436160445213318	0.0002007353468798101	0.24539823830127716	0.001189631293527782	0.001170660718344152	0.008424722589552402
d7a61o	this teardrop shaped button i found	data/processed/pro_fakeddit/images/d7a61o.jpg	0	0	True	0.5480067580938339	0.21044990420341492	0.5480067580938339	0.007102961069904268	0.337556853890419	0.008895564824342728	0.024330311600351706	0.07410748675465584	False	True	0.46687403321266174	0.013478240929543972	0.32581469416618347	0.00904172845184803	0.04804213345050812	0.1367490589618683	True	0.6291394829750061	0.0007276812102645636	0.34929901361465454	0.008749401196837425	0.0006184897501952946	0.01146591454744339
9ec7eq	ill be eating the meatennium falcon	data/processed/pro_fakeddit/images/9ec7eq.jpg	0	0	True	0.45407482981681824	0.03989395499229431	0.45407482981681824	0.03765548666706309	0.4141808748245239	0.046254984103143215	0.017405549995601177	0.03042828803882003	False	True	0.31796443462371826	0.0019198040245100856	0.627417266368866	0.006710929796099663	0.03442307934165001	0.0115645257756114	True	0.5901852250099182	0.07339116930961609	0.20094448328018188	0.08579903841018677	0.0003880206495523453	0.049292050302028656
c8iz044	who let wario get the smash ball	data/processed/pro_fakeddit/images/c8iz044.jpg	4	4	True	0.4526744040194899	0.061088558519259095	0.3915858455002308	0.04950427240692079	0.07562337256968021	0.017147182879853062	0.4526744040194899	0.013464903313433751	False	True	0.07303706556558609	0.005699119996279478	0.019371915608644485	0.00028706606826744974	0.9013470411300659	0.0002577320556156337	True	0.7101346254348755	0.0933094248175621	0.13187482953071594	0.034007299691438675	0.004001766908913851	0.02667207457125187
ccvujvv	i dont really know what ive done here	data/processed/pro_fakeddit/images/ccvujvv.jpg	4	0	False	0.574200227856636	0.27104729786515236	0.574200227856636	0.004635471850633621	0.3031529299914837	0.005831171991303563	0.1084602011651441	0.003719998407177627	False	True	0.26842251420021057	0.004940554965287447	0.4990847110748291	0.005966549273580313	0.21680687367916107	0.00477880984544754	True	0.8799779415130615	0.0043303887359797955	0.10722114890813828	0.0056957947090268135	0.00011352865112712607	0.002661186968907714
15g6h1	i got a gleeful thermos for christmas	data/processed/pro_fakeddit/images/15g6h1.jpg	2	0	False	0.5050883591175079	0.04261743277311325	0.5050883591175079	0.008330544456839561	0.4624709263443947	0.012695820536464453	0.00762244313955307	0.003791889175772667	False	True	0.17256778478622437	0.007369997911155224	0.7993826270103455	0.005448748357594013	0.01105306763201952	0.004177803639322519	True	0.8376089334487915	0.009291091002523899	0.1255592256784439	0.019942892715334892	0.00419181864708662	0.0034059747122228146
c56m2lu	its hard to bluff when youre playing against yourself	data/processed/pro_fakeddit/images/c56m2lu.jpg	4	0	False	0.719827800989151	0.5885207541286945	0.719827800989151	0.04461763985455036	0.13130704686045647	0.021844348404556513	0.07770440539025003	0.004698813776485622	False	True	0.6823516488075256	0.08388110995292664	0.06423339992761612	0.01079972181469202	0.1553441286087036	0.003390022786334157	True	0.7573039531707764	0.0053541697561740875	0.19838069379329681	0.032888974994421005	6.468217179644853e-05	0.006007604766637087
ci3zxha	everything the light touches is our kingdom	data/processed/pro_fakeddit/images/ci3zxha.jpg	4	4	True	0.49476456677075475	0.09312917559873313	0.4016353911720216	0.0009826908899412956	0.07446657336549833	0.025976604978495743	0.49476456677075475	0.0021741635391663294	False	True	0.008883561007678509	6.679456419078633e-05	0.0019414318958297372	0.00011910723696928471	0.9889426231384277	4.6391178329940885e-05	True	0.7943872213363647	0.0018985872156918049	0.14699171483516693	0.0518341027200222	0.0005865104030817747	0.004301935900002718
cffi8p	a picture from the broadway premiere of cats	data/processed/pro_fakeddit/images/cffi8p.jpg	2	0	False	0.5470841825008392	0.3005034849047661	0.5470841825008392	0.10886728763580322	0.24658069759607315	0.06469649262726307	0.012332273181527853	0.02043906319886446	False	True	0.5937182307243347	0.15121813118457794	0.18922214210033417	0.04606064036488533	0.0131659721955657	0.006614876911044121	True	0.5004501342773438	0.0665164440870285	0.30393925309181213	0.08333234488964081	0.011498574167490005	0.0342632494866848
3u3ey4	party to celebrate end of probation in n ft myers ends in arrest	data/processed/pro_fakeddit/images/3u3ey4.jpg	0	0	True	0.4884425401687622	0.3117205984890461	0.4884425401687622	0.13830791600048542	0.15898971445858479	0.1767219416797161	0.013556662353948923	0.023981249891221523	False	True	0.3700101375579834	0.03343198075890541	0.2765529453754425	0.28169968724250793	0.027036193758249283	0.011269072070717812	True	0.606874942779541	0.24318385124206543	0.041426483541727066	0.07174419611692429	7.713094964856282e-05	0.036693427711725235
7c2uqn	legendary runner usain bolt about to set his m world record on th in berlin germany	data/processed/pro_fakeddit/images/7c2uqn.jpg	2	0	False	0.47765974700450897	0.2160730380564928	0.47765974700450897	0.12585243489593267	0.26158670894801617	0.0321018872782588	0.005484161651111208	0.09731509909033775	False	True	0.40052178502082825	0.0043494682759046555	0.4661663770675659	0.017000572755932808	0.010749854147434235	0.10121196508407593	True	0.5547977089881897	0.2473554015159607	0.057007040828466415	0.04720320180058479	0.00021846915478818119	0.09341823309659958
9hbfz9	the president changing the legal drinking age to	data/processed/pro_fakeddit/images/9hbfz9.jpg	2	0	False	0.5233660042285919	0.2813844531774521	0.5233660042285919	0.24198155105113983	0.07513351086527109	0.09231866616755724	0.031003044598037377	0.03619720821734518	False	True	0.5951640605926514	0.29274407029151917	0.020427854731678963	0.026949549093842506	0.061204567551612854	0.003509924514219165	True	0.45156794786453247	0.1912190318107605	0.12983916699886322	0.15768778324127197	0.0008015216444619	0.06888449192047119
8et034	the music has gotten worse dire consequences	data/processed/pro_fakeddit/images/8et034.jpg	1	0	False	0.5155354738235474	0.21886101365089417	0.5155354738235474	0.04080290533602238	0.2966744601726532	0.06872180104255676	0.02317024246076471	0.055095089599490166	False	True	0.37956440448760986	0.027212150394916534	0.46808215975761414	0.0442594513297081	0.04627424478530884	0.034607503563165665	True	0.6515065431594849	0.05439366027712822	0.12526676058769226	0.09318415075540543	6.624013622058555e-05	0.07558267563581467
cm6brs	this giant air freshener in an alleyway	data/processed/pro_fakeddit/images/cm6brs.jpg	0	4	False	0.4781193733215332	0.11968082189559937	0.35843855142593384	0.0336576362606138	0.08944997936487198	0.025957913836464286	0.4781193733215332	0.014376471983268857	False	True	0.4482935965061188	0.0048038954846560955	0.12180067598819733	0.005909427534788847	0.41190022230148315	0.0072920979000627995	True	0.2685835063457489	0.0625113770365715	0.05709928274154663	0.046006400138139725	0.5443385243415833	0.021460846066474915
dbhq4j	this wasp that landed on my windshield	data/processed/pro_fakeddit/images/dbhq4j.jpg	0	2	False	0.39873091876506805	0.014652445912361145	0.3840784728527069	0.013586276269052178	0.39873091876506805	0.08800324168987572	0.03981450095307082	0.07578656077384949	False	True	0.370457261800766	0.001636877772398293	0.5413762927055359	0.001866223756223917	0.07684318721294403	0.007820174098014832	True	0.3976996839046478	0.025535674765706062	0.2560855448246002	0.17414025962352753	0.002785814693197608	0.14375294744968414
73uic4	picture of german soldiers hearing the news of the fuhrers death	data/processed/pro_fakeddit/images/73uic4.jpg	2	0	False	0.610480397939682	0.42627546936273575	0.610480397939682	0.07997067831456661	0.18420492857694626	0.08880622056312859	0.0019122595549561083	0.03462552675046027	False	True	0.6900458931922913	0.03701174631714821	0.26106351613998413	0.0043993317522108555	0.002697667572647333	0.004781827796250582	True	0.5309149026870728	0.12292961031198502	0.10734634101390839	0.17321310937404633	0.0011268515372648835	0.06446922570466995
16cz2a	saw him at the bottom of my final cup of eggnog for the year i know the feeling bro	data/processed/pro_fakeddit/images/16cz2a.jpg	2	0	False	0.5897633731365204	0.2625029385089874	0.5897633731365204	0.05380997201427817	0.32726043462753296	0.007693597348406911	0.011480716842925176	0.009991898434236646	False	True	0.46318644285202026	0.012942689470946789	0.4876023828983307	0.008946588262915611	0.022297199815511703	0.005024696234613657	True	0.7163403034210205	0.09467725455760956	0.16691848635673523	0.0064406064338982105	0.0006642338703386486	0.014959100633859634
c6wpb5i	yes im showing myself out	data/processed/pro_fakeddit/images/c6wpb5i.jpg	4	0	False	0.6688189804553986	0.48102935403585434	0.6688189804553986	0.11633543897187337	0.18778962641954422	0.012172081507742405	0.0111572387504566	0.003726645663846284	False	True	0.5675742030143738	0.2321283370256424	0.16171252727508545	0.010007894597947598	0.022249823436141014	0.00632719649001956	True	0.7700637578964233	0.0005425409181043506	0.213866725564003	0.014336268417537212	6.465406477218494e-05	0.0011260948376730084
aufe0y	the scene in washington dc this afternoon	data/processed/pro_fakeddit/images/aufe0y.jpg	0	0	True	0.4952121526002884	0.34870712365955114	0.4952121526002884	0.08730935398489237	0.1196607705205679	0.029732600785791874	0.12158008961705491	0.14650502894073725	False	True	0.5317306518554688	0.009105714038014412	0.19569656252861023	0.005702706053853035	0.2429194450378418	0.014844985678792	True	0.45869365334510803	0.16551299393177032	0.04362497851252556	0.05376249551773071	0.00024073419626802206	0.2781650722026825
7nty7n	im a baby boomer im banning rick morty enthusiasts that he needs the be on the man who oversaw the distribution of iqs	data/processed/pro_fakeddit/images/7nty7n.jpg	3	1	False	0.43293195217847824	0.11107650399208069	0.32185544818639755	0.43293195217847824	0.08167077973484993	0.04753969330340624	0.09658586865225516	0.019416295981500298	False	True	0.45336058735847473	0.20361672341823578	0.11975982040166855	0.028398150578141212	0.1931317150592804	0.001733051729388535	True	0.19035030901432037	0.6622471809387207	0.04358173906803131	0.06668123602867126	4.002224522992037e-05	0.03709954023361206
9bjofb	tijuanas plastic bag ban good for san diego environmentalists say	data/processed/pro_fakeddit/images/9bjofb.jpg	0	0	True	0.42906878888607025	0.28205552976578474	0.42906878888607025	0.09972813341300935	0.13899172097444534	0.08717525692190975	0.09802286539343186	0.1470132591202855	False	True	0.6019070148468018	0.002853534882888198	0.1854289472103119	0.003421767381951213	0.19511078298091888	0.011277997866272926	True	0.25623056292533875	0.1966027319431305	0.0925544947385788	0.1709287464618683	0.0009349478059448302	0.2827485203742981
926yx3	amazing how davinci captured that subtle smile circa	data/processed/pro_fakeddit/images/926yx3.jpg	2	2	True	0.404587522149086	0.04229147039586678	0.2120334766805172	0.013399849412962794	0.404587522149086	0.005705537740141153	0.3622960517532192	0.0019775657274294645	False	True	0.05627133697271347	0.0259079672396183	0.18926849961280823	0.003768571652472019	0.724194347858429	0.0005892580957151949	True	0.3677956163883209	0.0008917315863072872	0.6199065446853638	0.0076425038278102875	0.00039775564800947905	0.003365873359143734
2phxlo	scientist creates toys for immobile children allowing them to play and feel normal	data/processed/pro_fakeddit/images/2phxlo.jpg	0	0	True	0.5007387697696686	0.07715432345867157	0.5007387697696686	0.021782460622489452	0.423584446310997	0.024327410152181983	0.014917720574885607	0.014649213524535298	False	True	0.4145565629005432	0.009750021621584892	0.5549814105033875	0.005387082230299711	0.009055386297404766	0.00626961188390851	True	0.586920976638794	0.03381489962339401	0.29218748211860657	0.043267738074064255	0.020780054852366447	0.023028815165162086
3insja	dog getting caught digging a hole	data/processed/pro_fakeddit/images/3insja.jpg	0	2	False	0.33472538739442825	0.0190957710146904	0.31562961637973785	0.29501015576533973	0.33472538739442825	0.0238101773429662	0.01237423624843359	0.018450455565471202	False	True	0.44294777512550354	0.004426491912454367	0.5378085374832153	0.0016311616636812687	0.01184237003326416	0.0013436932349577546	True	0.18831145763397217	0.5855938196182251	0.13164223730564117	0.04598919302225113	0.01290610246360302	0.03555721789598465
3gjfr1	ukrainian armed forces to employ raccoons	data/processed/pro_fakeddit/images/3gjfr1.jpg	0	0	True	0.5510826706886292	0.32771648839116096	0.5510826706886292	0.09341743495315313	0.22336618229746819	0.05390872620046139	0.04109960963251069	0.03712536604143679	False	True	0.46670520305633545	0.02451559714972973	0.40709972381591797	0.014702718704938889	0.08143749833106995	0.005539302248507738	True	0.6354601383209229	0.16231927275657654	0.0396326407790184	0.09311473369598389	0.0007617209339514375	0.06871142983436584
139f8a	uuuuuuggghh srsly srsly guise	data/processed/pro_fakeddit/images/139f8a.jpg	2	0	False	0.49091649055480957	0.06135883927345276	0.49091649055480957	0.011034853872843087	0.4295576512813568	0.02274837763980031	0.0294909150688909	0.016251714900135994	False	True	0.3345273733139038	0.002549745375290513	0.5820983052253723	0.005376500077545643	0.058714598417282104	0.016733387485146523	True	0.6473056077957153	0.01951996237039566	0.2770169973373413	0.04012025520205498	0.00026723172049969435	0.015770042315125465
dhqyyq	found this in a local goodwill	data/processed/pro_fakeddit/images/dhqyyq.jpg	0	0	True	0.632244199514389	0.3474143072962761	0.632244199514389	0.036265197210013866	0.28482989221811295	0.021688696462661028	0.006049256768164923	0.01892271894030273	False	True	0.3731433153152466	0.0708736926317215	0.4742186963558197	0.039513908326625824	0.012035257183015347	0.030215082690119743	True	0.8913450837135315	0.0016567017883062363	0.09544108808040619	0.003863484598696232	6.32563533145003e-05	0.007630355190485716
3o1j0k	year old attempting to play baseball	data/processed/pro_fakeddit/images/3o1j0k.jpg	0	0	True	0.7035557627677917	0.46202510595321655	0.7035557627677917	0.0045568825444206595	0.2415306568145752	0.00839900178834796	0.03573645117285196	0.006221218034625053	False	True	0.6215544939041138	0.007284859661012888	0.2843489348888397	0.007633797824382782	0.07117379456758499	0.008004081435501575	True	0.7855570316314697	0.0018289054278284311	0.19871237874031067	0.009164205752313137	0.0002991077781189233	0.004438354633748531
1kaymj	hooters restaurants in san diego wont serve bob filner	data/processed/pro_fakeddit/images/1kaymj.jpg	0	1	False	0.2949553169310093	0.01924336701631546	0.27571194991469383	0.2949553169310093	0.21006394922733307	0.03772573545575142	0.02276145777432248	0.15878160670399666	False	True	0.4631897807121277	0.041087932884693146	0.3348742425441742	0.037433188408613205	0.04526721313595772	0.07814762741327286	True	0.08823411911725998	0.5488227009773254	0.08525365591049194	0.03801828250288963	0.00025570241268724203	0.23941558599472046
c59yl6	a crab that got hit by an explosion	data/processed/pro_fakeddit/images/c59yl6.jpg	2	0	False	0.36147521436214447	0.014359578490257263	0.36147521436214447	0.10110727569554001	0.3471156358718872	0.027890069875866175	0.1348517006263137	0.027560064219869673	False	True	0.25552988052368164	0.0005665693897753954	0.4819023907184601	0.0031369710341095924	0.2567426562309265	0.0021215223241597414	True	0.4674205482006073	0.20164798200130463	0.21232888102531433	0.05264316871762276	0.012960745021700859	0.052998606115579605
bvm2pz	nevada governor signs bill to restore voting rights to convicted felons	data/processed/pro_fakeddit/images/bvm2pz.jpg	0	3	False	0.2951996400952339	0.0038076937198638916	0.29139194637537	0.07266207039356232	0.1514039970934391	0.2951996400952339	0.010261909832479432	0.17908045276999474	False	True	0.4268600642681122	0.06632205843925476	0.2716752290725708	0.14864017069339752	0.020400041714310646	0.06610243767499924	True	0.15592382848262787	0.07900208234786987	0.031132765114307404	0.4417591094970703	0.0001237779506482184	0.29205846786499023
b4geqy	glasses for soccer they are convertible too	data/processed/pro_fakeddit/images/b4geqy.jpg	0	2	False	0.4751790910959244	0.10540097951889038	0.369778111577034	0.030823506880551577	0.4751790910959244	0.08101881761103868	0.0037229953159112483	0.03947747126221657	False	True	0.25079765915870667	0.004669279791414738	0.6914094686508179	0.021621892228722572	0.006656230427324772	0.024845454841852188	True	0.48875856399536133	0.056977733969688416	0.2589487135410309	0.1404157429933548	0.0007897602044977248	0.05410948768258095
1m41sc	indianapolis public safety center declared unsafe	data/processed/pro_fakeddit/images/1m41sc.jpg	0	3	False	0.7017752528190613	0.5821036249399185	0.0881878836080432	0.05111463461071253	0.039073050022125244	0.7017752528190613	0.00017756493980414234	0.11967162787914276	False	True	0.016192009672522545	0.08000752329826355	0.02578892931342125	0.8362257480621338	0.00033664400689303875	0.041449129581451416	True	0.16018375754356384	0.022221745923161507	0.05235717073082924	0.5673247575759888	1.8485872715245932e-05	0.1978941261768341
d3jig8v	a place left by civilisation	data/processed/pro_fakeddit/images/d3jig8v.jpg	4	4	True	0.48320681671611965	0.03545488300733268	0.44775193370878696	0.0017209100296895485	0.05236528592649847	0.01229541553038871	0.48320681671611965	0.002659623023646418	False	True	0.03648703172802925	3.78481563529931e-05	0.001775737153366208	0.00023020598746370524	0.9614277482032776	4.1397244785912335e-05	True	0.8590168356895447	0.003403971903026104	0.10295483469963074	0.024360625073313713	0.004985885228961706	0.005277848802506924
1qtwn4	leafs waffle man vows to strike again	data/processed/pro_fakeddit/images/1qtwn4.jpg	0	1	False	0.3045627325773239	0.018757648766040802	0.2203136682510376	0.3045627325773239	0.10144783370196819	0.2858050838112831	0.0012644184025702998	0.08660630322992802	False	True	0.07832714915275574	0.37515512108802795	0.06053870543837547	0.3422282338142395	0.0023074510972946882	0.1414433866739273	True	0.36230018734931946	0.23397034406661987	0.1423569619655609	0.22938193380832672	0.00022138570784591138	0.031769219785928726
bc6fe5	this case of snapple with an empty bottle	data/processed/pro_fakeddit/images/bc6fe5.jpg	0	0	True	0.5891879796981812	0.3382863774895668	0.5891879796981812	0.00825437274761498	0.25090160220861435	0.058031304739415646	0.025691631832160056	0.06793312542140484	False	True	0.37389039993286133	0.0052041285671293736	0.3669945299625397	0.09215245395898819	0.049091387540102005	0.11266714334487915	True	0.804485559463501	0.011304616928100586	0.13480867445468903	0.0239101555198431	0.0022918761242181063	0.023199107497930527
5qfzgn	ireland votes to be worlds first country to fully divest from fossil fuels	data/processed/pro_fakeddit/images/5qfzgn.jpg	0	5	False	0.2763911667279899	0.047951381187886	0.2284397855401039	0.11448307428508997	0.21013003587722778	0.06885910034179688	0.10169682174455374	0.2763911667279899	False	True	0.3315642476081848	0.018258588388562202	0.35612621903419495	0.08173611015081406	0.20274902880191803	0.009565806947648525	True	0.125315323472023	0.21070756018161774	0.06413385272026062	0.055982090532779694	0.0006446146871894598	0.5432165265083313
bg70qm	bugs bunny takes elmer fudd to task	data/processed/pro_fakeddit/images/bg70qm.jpg	2	0	False	0.6985941082239151	0.5152099058032036	0.6985941082239151	0.18338420242071152	0.04400771437212825	0.05812302720732987	0.004711164889158681	0.01117980878916569	False	True	0.9151292443275452	0.0653313547372818	0.007454059086740017	0.0025686942972242832	0.00890553742647171	0.0006112126284278929	True	0.48205897212028503	0.30143705010414124	0.08056136965751648	0.11367736011743546	0.0005167923518456519	0.021748404949903488
1b6k64	russian exposed friend to radiation to render him immortal	data/processed/pro_fakeddit/images/1b6k64.jpg	0	0	True	0.49096282571554184	0.279572035651654	0.49096282571554184	0.1855965033173561	0.05168134160339832	0.057818321511149406	0.0025501855998300016	0.21139079006388783	False	True	0.13538257777690887	0.3665708005428314	0.04355986788868904	0.02875010296702385	0.004938614089041948	0.42079806327819824	True	0.8465430736541748	0.004622206091880798	0.059802815318107605	0.08688654005527496	0.00016175711061805487	0.001983516849577427
3abvvc	jesus writing the constitution	data/processed/pro_fakeddit/images/3abvvc.jpg	0	0	True	0.3533732146024704	0.015553952543996274	0.3533732146024704	0.06830368749797344	0.04508369043469429	0.13295236323028803	0.3378192620584741	0.062467802315950394	False	True	0.26201221346855164	0.012404236942529678	0.02306557446718216	0.014432581141591072	0.6750553250312805	0.013030074536800385	True	0.44473421573638916	0.1242031380534172	0.06710180640220642	0.251472145318985	0.0005831990856677294	0.1119055300951004
c7nrbvy	i ran out of ideas halfway through	data/processed/pro_fakeddit/images/c7nrbvy.jpg	4	0	False	0.5662766695022583	0.34481317549943924	0.5662766695022583	0.0046417671255767345	0.22146349400281906	0.010736314579844475	0.1912540458724834	0.005627772974548861	False	True	0.39031338691711426	0.0031214170157909393	0.21227669715881348	0.011230207979679108	0.38221776485443115	0.0008406317210756242	True	0.7422399520874023	0.00616211723536253	0.23065029084682465	0.010242421180009842	0.00029032689053565264	0.010414914228022099
3x0xb7	mans kidney donation saves seven lives in one day	data/processed/pro_fakeddit/images/3x0xb7.jpg	0	0	True	0.5858306586742401	0.34746770560741425	0.5858306586742401	0.020883734337985516	0.23836295306682587	0.11149638146162033	0.00696755651733838	0.036458663642406464	False	True	0.454012930393219	0.010899338871240616	0.3477155864238739	0.15306906402111053	0.013575407676398754	0.020727582275867462	True	0.7176483869552612	0.030868129804730415	0.12901031970977783	0.06992369890213013	0.0003597053582780063	0.052189745008945465
bxwme5	my first underwater picture with phone looks like nirvana cover	data/processed/pro_fakeddit/images/bxwme5.jpg	0	2	False	0.557452842593193	0.1951734498143196	0.36227939277887344	0.0019046564266318455	0.557452842593193	0.005226930370554328	0.06836547644343227	0.00477065471932292	False	True	0.5555331110954285	0.00034131997381336987	0.2995653450489044	0.0050488607957959175	0.13400764763355255	0.0055037313140928745	True	0.16902567446231842	0.003467992879450321	0.8153403401374817	0.005404999945312738	0.0027233052533119917	0.004037578124552965
2hwffh	my classmates sitting on a bench	data/processed/pro_fakeddit/images/2hwffh.jpg	0	2	False	0.48835983872413635	0.18779375404119492	0.30056608468294144	0.003635412431322038	0.48835983872413635	0.03430767555255443	0.15887760487385094	0.0142533517209813	False	True	0.35219839215278625	0.0038031567819416523	0.3299104571342468	0.0016852135304361582	0.31112003326416016	0.0012827327009290457	True	0.24893377721309662	0.003467668080702424	0.6468092203140259	0.0669301375746727	0.006635176483541727	0.027223970741033554
bg83tp	my orange juice has a hebrew on the label for passover	data/processed/pro_fakeddit/images/bg83tp.jpg	0	2	False	0.4826691746711731	0.14324438571929932	0.3394247889518738	0.009424264077097178	0.4826691746711731	0.06540916860103607	0.0018823871068889275	0.10119025781750679	False	True	0.2793491780757904	0.002834889106452465	0.515052855014801	0.03971687704324722	0.0036485393065959215	0.15939776599407196	True	0.39950039982795715	0.01601363904774189	0.45028549432754517	0.09110146015882492	0.00011623490718193352	0.04298274964094162
arp78r	a strange place to advertise mickey mouse	data/processed/pro_fakeddit/images/arp78r.jpg	0	2	False	0.4134584069252014	0.12173304706811905	0.29172535985708237	0.21580502204596996	0.4134584069252014	0.02620146074332297	0.021549433236941695	0.03126029297709465	False	True	0.41425809264183044	0.02424585446715355	0.4772680997848511	0.004419643897563219	0.04115487262606621	0.0386534221470356	True	0.1691926270723343	0.4073641896247864	0.34964871406555176	0.04798327758908272	0.0019439938478171825	0.023867163807153702
6hut9e	while it is seen below with canada poking up over the black sand beaches heres some black sand beach lies on the river einion ceredigion wales oc x	data/processed/pro_fakeddit/images/6hut9e.jpg	3	0	False	0.4700974225997925	0.20290349423885345	0.4700974225997925	0.04786979368145694	0.1515703834593296	0.009541331673972309	0.267193928360939	0.05372713986434974	False	True	0.45278269052505493	0.00011838894715765491	0.09878885000944138	0.0019807906355708838	0.4453664720058441	0.0009628630359657109	True	0.48741215467453003	0.09562119841575623	0.20435191690921783	0.017101872712373734	0.08902138471603394	0.10649141669273376
90h4uh	vladimir putin releases album pronouncing russias innocence in meddling with the election	data/processed/pro_fakeddit/images/90h4uh.jpg	2	1	False	0.45613959431648254	0.2281278446316719	0.22801174968481064	0.45613959431648254	0.16753732413053513	0.040986048988997936	0.002223561576101929	0.10510174883529544	False	True	0.2967342734336853	0.3623462915420532	0.31377094984054565	0.016967473551630974	0.0039090258069336414	0.006271987222135067	True	0.15928922593593597	0.5499328970909119	0.021303698420524597	0.0650046244263649	0.0005380973452702165	0.2039315104484558
1nfmx9	man attempts to pay water bill with crack cocaine	data/processed/pro_fakeddit/images/1nfmx9.jpg	0	0	True	0.5755358338356018	0.41709384322166443	0.5755358338356018	0.036587076261639595	0.15844199061393738	0.12840662896633148	0.02012231625849381	0.08090616017580032	False	True	0.3826295733451843	0.020670738071203232	0.27933427691459656	0.12606850266456604	0.0396001935005188	0.15169669687747955	True	0.7684420943260193	0.05250341445207596	0.0375497043132782	0.13074475526809692	0.000644439016468823	0.010115623474121094
2q95cz	my year old italian friend flying his kite	data/processed/pro_fakeddit/images/2q95cz.jpg	0	0	True	0.5263133943080902	0.2665201439522207	0.5263133943080902	0.00795665755867958	0.1926848590373993	0.005873287795111537	0.25979325035586953	0.007378524693194777	False	True	0.18141955137252808	0.007340768352150917	0.2948700785636902	0.0030891099013388157	0.5114536881446838	0.0018268191488459706	True	0.8712072372436523	0.008572546765208244	0.0904996395111084	0.008657465688884258	0.008132812567055225	0.012930230237543583
dcpkm6d	how drunk are you right now	data/processed/pro_fakeddit/images/dcpkm6d.jpg	4	0	False	0.5548965111374855	0.30937713384628296	0.5548965111374855	0.17710084654390812	0.24551937729120255	0.009268130641430616	0.00789496532343037	0.00532013492193073	False	True	0.2371826320886612	0.3348325490951538	0.4006985127925873	0.004653568379580975	0.0157628133893013	0.006869917269796133	True	0.8726103901863098	0.01936914399266243	0.09034024178981781	0.013882692903280258	2.7117257559439167e-05	0.0037703525740653276
bun0ja	civenna italy above lake como	data/processed/pro_fakeddit/images/bun0ja.jpg	0	4	False	0.3875198047608137	0.22055009566247463	0.16696970909833908	0.05555081006605178	0.13293199241161346	0.12489306554198265	0.3875198047608137	0.13213460962288082	False	True	0.10371336340904236	0.0013837965670973063	0.15177768468856812	0.007573448121547699	0.7330399751663208	0.0025116964243352413	True	0.2302260547876358	0.10971782356500626	0.11408630013465881	0.2422126829624176	0.041999634355306625	0.2617575228214264
8wpm9o	african slave disguises self as local wildlife in attempts of escaping plantation	data/processed/pro_fakeddit/images/8wpm9o.jpg	2	1	False	0.41983662254642695	0.08339529193472117	0.3364413306117058	0.41983662254642695	0.17605334147810936	0.013449577847495675	0.05075282184407115	0.0034663149708649144	False	True	0.5668150186538696	0.002779209753498435	0.33746540546417236	0.004301056731492281	0.08825714141130447	0.00038214700180105865	True	0.10606764256954193	0.8368940353393555	0.014641277492046356	0.02259809896349907	0.013248502276837826	0.00655048293992877
8khqfq	while out for a jog she discovered a baby buried alive twenty years later they reunite	data/processed/pro_fakeddit/images/8khqfq.jpg	0	0	True	0.7130353450775146	0.5205344259738922	0.7130353450775146	0.0030982536845840514	0.19250091910362244	0.026632203720510006	0.06014226214028895	0.004591097007505596	False	True	0.6429758071899414	0.001760300830937922	0.20860616862773895	0.023463495075702667	0.1200060322880745	0.0031883015763014555	True	0.7830948829650879	0.004436206538230181	0.17639566957950592	0.029800912365317345	0.0002784919925034046	0.005993892438709736
ccjev19	i have no idea what im doing	data/processed/pro_fakeddit/images/ccjev19.jpg	4	4	True	0.38849534923792817	0.07594554210663773	0.31254980713129044	0.012668485753238201	0.28005560487508774	0.00388273096177727	0.38849534923792817	0.0023480260861106217	False	True	0.14635832607746124	0.00492885522544384	0.06962414085865021	0.001980029745027423	0.7761983871459961	0.0009102296316996217	True	0.47874128818511963	0.020408116281032562	0.49048706889152527	0.005785432178527117	0.0007923113298602402	0.0037858225405216217
6mtwfr	hugh hefner surrounded by bunnies late s	data/processed/pro_fakeddit/images/6mtwfr.jpg	2	0	False	0.4081340506672859	0.07834985014051199	0.4081340506672859	0.32978420052677393	0.13529441691935062	0.006138484342955053	0.09410876035690308	0.026540065882727504	False	True	0.6081611514091492	0.026273222640156746	0.2354021966457367	0.0028657119255512953	0.12414054572582245	0.0031571327708661556	True	0.20810694992542267	0.6332951784133911	0.035186637192964554	0.00941125676035881	0.0640769749879837	0.04992299899458885
bz6vdx	this erbert and gerberts has the time in cairo the local time and the time on venus	data/processed/pro_fakeddit/images/bz6vdx.jpg	0	0	True	0.2791385352611542	0.01491617038846016	0.2791385352611542	0.174132049549371	0.264222364872694	0.03005092777311802	0.08063157903961837	0.17182454466819763	False	True	0.37906041741371155	0.011056632734835148	0.4162989556789398	0.0135720856487751	0.15546360611915588	0.024548232555389404	True	0.1792166531085968	0.33720746636390686	0.11214577406644821	0.04652976989746094	0.005799551960080862	0.31910085678100586
blgl7r	jewish peasant pleads to hitler to supply more food to his synagogue	data/processed/pro_fakeddit/images/blgl7r.jpg	2	0	False	0.6092318892478943	0.46981409937143326	0.6092318892478943	0.12487354688346386	0.0735668744891882	0.13941778987646103	0.027204867321415804	0.02570499898865819	False	True	0.7197531461715698	0.03991269692778587	0.10033122450113297	0.07989382743835449	0.054231178015470505	0.005877883173525333	True	0.49871063232421875	0.20983439683914185	0.04680252447724342	0.19894175231456757	0.0001785566273611039	0.045532114803791046
b57j2l	american b bomber dropping fat man over nagasaki	data/processed/pro_fakeddit/images/b57j2l.jpg	2	1	False	0.48145475797355175	0.17656636983156204	0.3048883881419897	0.48145475797355175	0.09371543221641332	0.008937759324908257	0.08816938339441549	0.022834274219349027	False	True	0.5668789744377136	0.059375640004873276	0.18383938074111938	0.007753032259643078	0.1759783923625946	0.006174562964588404	True	0.04289780184626579	0.9035338759422302	0.0035914836917072535	0.010122486390173435	0.00036037442623637617	0.03949398547410965
4zi9d0	steven seagal with watermelons	data/processed/pro_fakeddit/images/4zi9d0.jpg	0	0	True	0.31403210014104843	0.0006406456232070923	0.31403210014104843	0.13180598057806492	0.31339145451784134	0.07972168549895287	0.026672029402107	0.1343768301885575	False	True	0.462480753660202	0.05526042357087135	0.39924871921539307	0.03526710718870163	0.04094764217734337	0.006795478519052267	True	0.16558344662189484	0.20835153758525848	0.2275341898202896	0.1241762638092041	0.012396416626870632	0.26195818185806274
b3su2p	interview with sam the sharpdressed greeter at hawthorne freddies im not crying youre crying	data/processed/pro_fakeddit/images/b3su2p.jpg	0	2	False	0.47534048557281494	0.14489121735095978	0.33044926822185516	0.08074899949133396	0.47534048557281494	0.0646985974162817	0.021889269051825977	0.026873376686125994	False	True	0.38119369745254517	0.04908209666609764	0.4590865671634674	0.059468116611242294	0.04372960701584816	0.00743997935205698	True	0.27970483899116516	0.11241590231657028	0.4915944039821625	0.0699290782213211	4.893108780379407e-05	0.04630677402019501
1d7nh7	stray dog who saved british soldiers by sniffing out bombs finds home i know this isnt recent so sorry if its a repost	data/processed/pro_fakeddit/images/1d7nh7.jpg	0	0	True	0.5551199018955231	0.37977610823872965	0.5551199018955231	0.05331790912896395	0.1531063262373209	0.03635920910164714	0.17534379365679342	0.026752749923616648	False	True	0.304259717464447	0.01963578350841999	0.2519291043281555	0.06039659306406975	0.35031771659851074	0.013460990972816944	True	0.8059800863265991	0.0870000347495079	0.05428354814648628	0.01232182513922453	0.0003698707150761038	0.04004450887441635
cjd3ky	virginia governor announces plan to make early childhood education accessible to atrisk preschoolers crosspost rvirginia	data/processed/pro_fakeddit/images/cjd3ky.jpg	0	5	False	0.2722200332209468	0.013231777586042881	0.24785926565527916	0.10994473192840815	0.2589882556349039	0.0992484949529171	0.011739153153030202	0.2722200332209468	False	True	0.3724612295627594	0.031040431931614876	0.4684273302555084	0.07506747543811798	0.022613752633333206	0.030389701947569847	True	0.12325730174779892	0.18884903192520142	0.04954918101429939	0.12342951446771622	0.0008645536727271974	0.5140503644943237
aydhsy	dentist saves yearold girl by finding tumor during routine cleaning	data/processed/pro_fakeddit/images/aydhsy.jpg	0	0	True	0.7550898492336273	0.5829162299633026	0.7550898492336273	0.016901858616620302	0.1721736192703247	0.02660669945180416	0.010453473776578903	0.018774491734802723	False	True	0.8057494163513184	0.014181195758283138	0.13945110142230988	0.014911141246557236	0.020245391875505447	0.005461657419800758	True	0.7044302821159363	0.019622521474957466	0.20489613711833954	0.038302257657051086	0.000661555677652359	0.03208732604980469
1tszn0	sleepy scooter speakers	data/processed/pro_fakeddit/images/1tszn0.jpg	2	2	True	0.5177002102136612	0.23000408336520195	0.28769612684845924	0.04513257369399071	0.5177002102136612	0.09788345731794834	0.04299351782537997	0.00859417230822146	False	True	0.11834947019815445	0.019652582705020905	0.7591421604156494	0.018913406878709793	0.07972507178783417	0.004217399749904871	True	0.45704278349876404	0.07061256468296051	0.276258260011673	0.1768535077571869	0.006261963862925768	0.012970944866538048
cllqi8	at a supermarket in lusaka	data/processed/pro_fakeddit/images/cllqi8.jpg	0	2	False	0.408498065546155	0.13412931095808744	0.10570888221263885	0.27436875458806753	0.408498065546155	0.11231852183118463	0.021488721773494035	0.07761705201119184	False	True	0.15730459988117218	0.003983123227953911	0.777570366859436	0.01403306145220995	0.04272116348147392	0.004387682303786278	True	0.05411316454410553	0.5447543859481812	0.03942576423287392	0.2106039822101593	0.0002562800655141473	0.1508464217185974
1g56fn	xrays reveal lost aria in yrold opera considered one of the greatest composers of his time cherubini in an act of defiance to his critics blacked out the closing lines to make the piece shorter for centuries the piece has been played in its incomplete form	data/processed/pro_fakeddit/images/1g56fn.jpg	0	0	True	0.28979478776454926	0.05670773657038808	0.28979478776454926	0.1472553345374763	0.1346217319369316	0.16862700507044792	0.23308705119416118	0.026614106260240078	False	True	0.28454211354255676	0.010517246089875698	0.14126981794834137	0.08023475855588913	0.46112772822380066	0.02230834774672985	True	0.29504746198654175	0.2839934229850769	0.12797364592552185	0.2570192515850067	0.005046374164521694	0.030919864773750305
5gkhwh	first shot from tim burtons thomas the tank engine	data/processed/pro_fakeddit/images/5gkhwh.jpg	2	0	False	0.4826004281640053	0.05434578558197245	0.4826004281640053	0.001908328598801745	0.0831445544026792	0.00283444975502789	0.42825464258203283	0.0012575318105518818	False	True	0.13381589949131012	8.520620031049475e-05	0.009100946597754955	0.0018627196550369263	0.8548888564109802	0.0002462745178490877	True	0.8313849568367004	0.0037314509972929955	0.15718816220760345	0.003806179855018854	0.0016204287530854344	0.002268789103254676
6eb5tf	minnie she my trap queen watch her hit the bando	data/processed/pro_fakeddit/images/6eb5tf.jpg	1	0	False	0.6188956648111343	0.4726071394979954	0.6188956648111343	0.14448293205350637	0.14628852531313896	0.03824252635240555	0.036103671009186655	0.015986699610948563	False	True	0.46620503067970276	0.2746939957141876	0.11149413138628006	0.05373671278357506	0.07183391600847244	0.022036219015717506	True	0.7715862989425659	0.014271868392825127	0.18108291923999786	0.022748339921236038	0.00037342600990086794	0.009937180206179619
2jjm8t	a football coach is making a difference for kids with special needs by giving them a chance to take part in a team sport	data/processed/pro_fakeddit/images/2jjm8t.jpg	0	2	False	0.4346081614494324	0.12582898139953613	0.30877918004989624	0.08845584001392126	0.4346081614494324	0.1180239599198103	0.013278258120408282	0.03685462474822998	False	True	0.35994747281074524	0.014871804043650627	0.5533295273780823	0.019557606428861618	0.026011647656559944	0.026281993836164474	True	0.25761088728904724	0.1620398759841919	0.31588679552078247	0.21649031341075897	0.0005448685842566192	0.047427255660295486
6w9u84	trump asked sessions about closing case against arpaio an ally since birtherism	data/processed/pro_fakeddit/images/6w9u84.jpg	0	5	False	0.3131689056754112	0.052326975390315056	0.26084193028509617	0.11290638148784637	0.14515233412384987	0.12214154750108719	0.045788910836563446	0.3131689056754112	False	True	0.4596962034702301	0.05626702308654785	0.25922080874443054	0.09232646226882935	0.09140507131814957	0.04108445346355438	True	0.061987657099962234	0.1695457398891449	0.031083859503269196	0.15195663273334503	0.0001727503549773246	0.5852533578872681
48v1nb	union of white students forms at cornell aims to advance their race	data/processed/pro_fakeddit/images/48v1nb.jpg	0	2	False	0.5037345364689827	0.34393303003162146	0.15980150643736124	0.14469955541426316	0.5037345364689827	0.14310748130083084	0.0007334746478591114	0.04792346362955868	False	True	0.022871987894177437	0.0003148253308609128	0.9029476642608643	0.0710413008928299	0.0008543585427105427	0.0019699321128427982	True	0.29673102498054504	0.2890842854976654	0.10452140867710114	0.2151736617088318	0.0006125907530076802	0.09387699514627457
cla1zt	zoom in on the guys backpack complete with cat	data/processed/pro_fakeddit/images/cla1zt.jpg	0	0	True	0.6970971822738647	0.4729434847831726	0.6970971822738647	0.003947670455090702	0.22415369749069214	0.0012403805158101022	0.07146176509559155	0.0020993537036702037	False	True	0.6931874752044678	0.006113496609032154	0.20382706820964813	0.0004594476195052266	0.09361002594232559	0.002802520524710417	True	0.7010068893432617	0.001781844301149249	0.24448032677173615	0.002021313412114978	0.0493135042488575	0.0013961868826299906
b6ksb9	fda proposes rule to notify women with dense breasts of higher cancer risk and imprecise mammograms	data/processed/pro_fakeddit/images/b6ksb9.jpg	0	0	True	0.31190715730190277	0.08462080545723438	0.31190715730190277	0.05408820940647274	0.22006280906498432	0.2272863518446684	0.030783363632508554	0.15587209165096283	False	True	0.4564848244190216	0.0036598381120711565	0.39229634404182434	0.019976463168859482	0.06112850084900856	0.06645403802394867	True	0.16732949018478394	0.10451658070087433	0.0478292740881443	0.4345962405204773	0.00043822641600854695	0.245290145277977
1famyh	soldier launches unmanned drone into the air	data/processed/pro_fakeddit/images/1famyh.jpg	0	0	True	0.5221227705478668	0.3617313727736473	0.5221227705478668	0.12539602164179087	0.1603913977742195	0.050239446107298136	0.08915870450437069	0.05269166640937328	False	True	0.5137166380882263	0.02087038941681385	0.29282280802726746	0.0036927061155438423	0.15471212565898895	0.01418532058596611	True	0.5305289030075073	0.22992165386676788	0.02795998752117157	0.09678618609905243	0.023605283349752426	0.09119801223278046
28xm90	my sawhorse was really happy and excited this morning	data/processed/pro_fakeddit/images/28xm90.jpg	2	0	False	0.6300412714481354	0.32464225962758064	0.6300412714481354	0.013326197280548513	0.30539901182055473	0.0072087859734892845	0.0379505120072281	0.006074194912798703	False	True	0.3896375298500061	0.0009845520835369825	0.5235151648521423	0.007889238186180592	0.07541965693235397	0.002553870202973485	True	0.8704450130462646	0.025667842477560043	0.08728285878896713	0.0065283337607979774	0.00048136708210222423	0.00959451962262392
ditom3	these badlyrendered clouds at dawn	data/processed/pro_fakeddit/images/ditom3.jpg	0	0	True	0.5643497407436371	0.20278294384479523	0.5643497407436371	0.0024731375742703676	0.36156679689884186	0.018101909896358848	0.0511696208268404	0.0023387461551465094	False	True	0.5499603152275085	0.0005638068541884422	0.39416950941085815	0.007300702389329672	0.0468222051858902	0.0011834303149953485	True	0.5787391662597656	0.004382468294352293	0.32896408438682556	0.028903117403388023	0.055517036467790604	0.0034940619952976704
98m4ru	dog trying to catch a stone	data/processed/pro_fakeddit/images/98m4ru.jpg	0	0	True	0.43686243891716003	0.10897498205304146	0.43686243891716003	0.09794851773767732	0.3278874568641186	0.0039759467472322285	0.1297689899802208	0.003556670038960874	False	True	0.3189825415611267	0.000716455455403775	0.5896368026733398	0.001692335237748921	0.08812679350376129	0.0008451074827462435	True	0.5547423362731934	0.19518058001995087	0.06613811105489731	0.006259558256715536	0.1714111864566803	0.006268232595175505
4or97k	the view from omar mateens florida mosque	data/processed/pro_fakeddit/images/4or97k.jpg	0	0	True	0.6910497546195984	0.49496279656887054	0.6910497546195984	0.01576280896551907	0.19608695805072784	0.03727081138640642	0.01866996567696333	0.04115969128906727	False	True	0.6144428849220276	0.02812339924275875	0.25807517766952515	0.006979169324040413	0.03492218255996704	0.057457149028778076	True	0.7676566243171692	0.0034022186882793903	0.13409873843193054	0.06756245344877243	0.0024177487939596176	0.02486223354935646
5nrcx9	this guy was staring at me my entire commute	data/processed/pro_fakeddit/images/5nrcx9.jpg	2	2	True	0.4999384880065918	0.09786142408847809	0.4020770639181137	0.026221568696200848	0.4999384880065918	0.046687956899404526	0.017186298209708184	0.007888606982305646	False	True	0.4026109576225281	0.011616496369242668	0.4584851861000061	0.08367873728275299	0.03369650989770889	0.009912113659083843	True	0.40154317021369934	0.04082664102315903	0.5413917899131775	0.00969717651605606	0.0006760865217074752	0.005865100305527449
cbutsuf	i promised gandalf i would keep you safe and safe is where ill keep you	data/processed/pro_fakeddit/images/cbutsuf.jpg	4	4	True	0.4752012237731833	0.07831634840113111	0.3968848753720522	0.019758015318075195	0.07101111905649304	0.03174875085824169	0.4752012237731833	0.005395970936660888	False	True	0.03617945685982704	0.0006011229124851525	0.012695328332483768	0.0006678433273918927	0.9497849345207214	7.131076563382521e-05	True	0.7575902938842773	0.03891490772366524	0.12932690978050232	0.06282965838909149	0.0006175130256451666	0.01072063110768795
1dndu6	a girl holding an umbrella	data/processed/pro_fakeddit/images/1dndu6.jpg	0	2	False	0.5165423005819321	0.20831666141748428	0.3082256391644478	0.010568841244094074	0.5165423005819321	0.02519086468964815	0.13359150779433548	0.005880828364752233	False	True	0.4568312168121338	0.018970536068081856	0.25621095299720764	0.004396861419081688	0.2609320878982544	0.002658350160345435	True	0.15962006151676178	0.0021671464201062918	0.7768736481666565	0.045984867960214615	0.0062509276904165745	0.009103306569159031
2ir31y	police pepper spray wake county teen inside his home after hes mistaken for burglar	data/processed/pro_fakeddit/images/2ir31y.jpg	0	3	False	0.39769546687602997	0.019201889634132385	0.3784935772418976	0.049211574951186776	0.1254967274144292	0.39769546687602997	0.0008124236483126879	0.04829020798206329	False	True	0.2850472629070282	0.006005984265357256	0.23208393156528473	0.45593446493148804	0.0007000982295721769	0.02022823691368103	True	0.47193989157676697	0.0924171656370163	0.018909523263573647	0.3394564688205719	0.0009247490670531988	0.07635217905044556
3nypgp	rupert murdoch longs for real black president	data/processed/pro_fakeddit/images/3nypgp.jpg	0	2	False	0.3061823435127735	0.054631744511425495	0.18591546267271042	0.251550599001348	0.3061823435127735	0.1430397555232048	0.005069382998044603	0.10824246611446142	False	True	0.17191681265830994	0.028160063549876213	0.5924755930900574	0.16730038821697235	0.009788095019757748	0.030359042808413506	True	0.1999141126871109	0.4749411344528198	0.019889093935489655	0.11877912282943726	0.0003506709763314575	0.18612588942050934
1x5i8i	the dashboard of doc browns delorean	data/processed/pro_fakeddit/images/1x5i8i.jpg	2	4	False	0.46742770285345614	0.3111490497831255	0.15627865307033062	0.10401167173404247	0.06178406439721584	0.14642086857929826	0.46742770285345614	0.064077049610205	False	True	0.05010175332427025	0.0022976140026003122	0.007817264646291733	0.006807689554989338	0.9309837818145752	0.0019918980542570353	True	0.262455552816391	0.20572572946548462	0.11575086414813995	0.2860340476036072	0.003871623892337084	0.12616220116615295
1wf0y7	i went to innout burger and found it to be overrated	data/processed/pro_fakeddit/images/1wf0y7.jpg	0	0	True	0.4193853437900543	0.1044170930981636	0.4193853437900543	0.08289695158600807	0.3149682506918907	0.07010690867900848	0.016220506047829986	0.09642204269766808	False	True	0.3066440224647522	0.010832197964191437	0.48753589391708374	0.06511268019676208	0.03155015781521797	0.09832508862018585	True	0.5321266651153564	0.1549617052078247	0.1424006074666977	0.07510113716125488	0.0008908542804419994	0.0945189967751503
1fu7gd	every time i reach for him when coming up from the basement i hear him go noooo not the pulling on my dose again	data/processed/pro_fakeddit/images/1fu7gd.jpg	2	0	False	0.5530489683151245	0.25411850214004517	0.5530489683151245	0.025484194338787347	0.29893046617507935	0.008275174535810947	0.10606737580383196	0.00819384484202601	False	True	0.3274085521697998	0.0007206375012174249	0.45087936520576477	0.008188332431018353	0.2119774967432022	0.0008255800348706543	True	0.7786893844604492	0.05024775117635727	0.14698156714439392	0.008362016640603542	0.00015725486446172	0.015562109649181366
9gzjnn	these fursuit things i found at walmart	data/processed/pro_fakeddit/images/9gzjnn.jpg	0	0	True	0.7199405133724213	0.5681371632963419	0.7199405133724213	0.004760160925798118	0.15180335007607937	0.01823932398110628	0.10136047471314669	0.0038961884565651417	False	True	0.5323832631111145	0.002323827939108014	0.2690299451351166	0.017381073907017708	0.17549091577529907	0.0033909990452229977	True	0.907497763633728	0.007196493912488222	0.03457675501704216	0.019097574055194855	0.0272300336509943	0.004401377867907286
4de49a	ive been thinking of buying shoes sizes online	data/processed/pro_fakeddit/images/4de49a.jpg	3	0	False	0.4385533928871155	0.13091198354959488	0.4385533928871155	0.01074441138189286	0.3076414093375206	0.2035544067621231	0.025827771234617103	0.01367858168669045	False	True	0.1603633165359497	0.019548680633306503	0.48159652948379517	0.28101620078086853	0.051491931080818176	0.005983325187116861	True	0.7167434692382812	0.0019401421304792166	0.13368628919124603	0.12609261274337769	0.0001636113884160295	0.021373838186264038
8bez0d	firstever hotel space expected to welcome tourists by	data/processed/pro_fakeddit/images/8bez0d.jpg	0	0	True	0.433211587369442	0.07967614266090095	0.433211587369442	0.010328564792871475	0.10562802106142044	0.05957440007477999	0.35353544470854104	0.037721977569162846	False	True	0.13559405505657196	0.009364835917949677	0.08202357590198517	0.016069309785962105	0.7058945298194885	0.051053646951913834	True	0.730829119682312	0.011292293667793274	0.1292324662208557	0.10307949036359787	0.001176359597593546	0.024390308186411858
4hownt	closeup footage of a newly discovered deep sea fish	data/processed/pro_fakeddit/images/4hownt.jpg	2	0	False	0.5521250814199448	0.31536915153265	0.5521250814199448	0.016514773247763515	0.23675592988729477	0.131656460929662	0.027757996052969247	0.035189778776839375	False	True	0.6360718607902527	0.003583702724426985	0.28864240646362305	0.009319738484919071	0.055139876902103424	0.007242413703352213	True	0.46817830204963684	0.029445843771100044	0.1848694533109665	0.2539931833744049	0.00037611520383507013	0.06313714385032654
c12lif	this store is selling back to school vest	data/processed/pro_fakeddit/images/c12lif.jpg	0	0	True	0.4946475476026535	0.3411303199827671	0.4946475476026535	0.043320066295564175	0.1535172276198864	0.13596525602042675	0.11466082150582224	0.057889006100595	False	True	0.3685310184955597	0.07349485903978348	0.20627185702323914	0.032860126346349716	0.22849595546722412	0.09034609794616699	True	0.6207640767097473	0.013145273551344872	0.10076259821653366	0.23907038569450378	0.0008256875444203615	0.025431914255023003
2a83hw	this man missing the birth of his son to attend world cup semifinals	data/processed/pro_fakeddit/images/2a83hw.jpg	0	0	True	0.49819622933864594	0.15130047500133514	0.49819622933864594	0.09589273855090141	0.3468957543373108	0.035949332639575005	0.0007859836259740405	0.022280004573985934	False	True	0.2906339466571808	0.18307465314865112	0.44192853569984436	0.04163399338722229	0.0013905235100537539	0.04133836552500725	True	0.7057585120201111	0.008710823953151703	0.2518629729747772	0.03026467189192772	0.0001814437418943271	0.0032216436229646206
4cyrg3	prostitutes no thanks were from chan modern meme against prostitution happy fools day	data/processed/pro_fakeddit/images/4cyrg3.jpg	5	1	False	0.7265399992465973	0.5886128656566143	0.137927133589983	0.7265399992465973	0.07833616808056831	0.015557643957436085	0.003904474895534804	0.03773455135524273	False	True	0.19660291075706482	0.6519059538841248	0.10483109205961227	0.009512225165963173	0.007699356414377689	0.029448408633470535	True	0.07925135642290115	0.8011740446090698	0.05184124410152435	0.021603062748908997	0.00010959337669191882	0.04602069407701492
ckt908	chris pratt invites a riot while jimi hendrix and nick kroll look on circa	data/processed/pro_fakeddit/images/ckt908.jpg	2	0	False	0.4550176188349724	0.03177041362505406	0.4550176188349724	0.4232472052099183	0.046279133297502995	0.010793767403811216	0.03946594393346459	0.0251962561160326	False	True	0.81663978099823	0.0022389034274965525	0.08174419403076172	0.013082326389849186	0.07639376819133759	0.009901009500026703	True	0.09339545667171478	0.8442555069923401	0.01081407256424427	0.008505208417773247	0.002538119675591588	0.0404915027320385
bfjupy	this sign on a ukraine elevator pointing overweight folks toward the nearby stairs	data/processed/pro_fakeddit/images/bfjupy.jpg	0	0	True	0.33259185403585434	0.04598969966173172	0.33259185403585434	0.2866021543741226	0.23107632249593735	0.0642030369490385	0.02329216676298529	0.06223444640636444	False	True	0.5374955534934998	0.07491239905357361	0.29529669880867004	0.030664633959531784	0.045522719621658325	0.016107983887195587	True	0.12768815457820892	0.49829190969467163	0.16685594618320465	0.09774143993854523	0.001061613904312253	0.1083609089255333
czqnma	i noticed a few bees swarming on the front corner of my house one hour later	data/processed/pro_fakeddit/images/czqnma.jpg	0	0	True	0.6289419680833817	0.372808538377285	0.6289419680833817	0.016883749049156904	0.25613342970609665	0.01742067001760006	0.048235449459753	0.032384784892201424	False	True	0.4927927553653717	0.0022517135366797447	0.3641292452812195	0.022830922156572342	0.0960569828748703	0.02193838730454445	True	0.7650911808013916	0.031515784561634064	0.14813761413097382	0.012010417878627777	0.0004139160446356982	0.0428311824798584
1btgtg	a shoop da whoop caterpillar crawling on a twig	data/processed/pro_fakeddit/images/1btgtg.jpg	0	4	False	0.3250194438442122	0.04299276039819233	0.14543641358613968	0.04175027087330818	0.19617176055908203	0.2820266834460199	0.3250194438442122	0.009595406823791564	False	True	0.12885478138923645	0.01631290465593338	0.19865360856056213	0.003943572752177715	0.6492502689361572	0.002984875114634633	True	0.1620180457830429	0.06718763709068298	0.19368991255760193	0.5601097941398621	0.0007886187522672117	0.016205938532948494
d04t5lt	have you ever wondered if there was more to life other than being really really ridiculously good looking	data/processed/pro_fakeddit/images/d04t5lt.jpg	4	0	False	0.454885546118021	0.041657495778054	0.454885546118021	0.02978159487247467	0.09256800077855587	0.005166460061445832	0.413228050339967	0.004370345617644489	False	True	0.09309447556734085	0.026458442211151123	0.05356631800532341	0.0024118698202073574	0.8243502378463745	0.00011862698011100292	True	0.8166766166687012	0.03310474753379822	0.13156968355178833	0.007921050302684307	0.002105862833559513	0.008622064255177975
cjlpl28	who could stay mad at that face	data/processed/pro_fakeddit/images/cjlpl28.jpg	4	0	False	0.4162169098854065	0.06361817568540573	0.4162169098854065	0.012661638436838984	0.35259873420000076	0.008991389302536845	0.20752923790860223	0.0020021277014166117	False	True	0.4404659867286682	0.021355915814638138	0.10884793102741241	0.011998643167316914	0.41487324237823486	0.00245832372456789	True	0.3919678330421448	0.003967361059039831	0.5963495373725891	0.005984135437756777	0.00018523343896958977	0.0015459316782653332
bya2p7	us and russia trade blame over near collision in east asian waters	data/processed/pro_fakeddit/images/bya2p7.jpg	0	2	False	0.32769981771707535	0.06509855389595032	0.26260126382112503	0.025119991041719913	0.32769981771707535	0.1450379639863968	0.013695852976525202	0.2258450947701931	False	True	0.28516098856925964	0.004766775295138359	0.5920337438583374	0.042637526988983154	0.02712414227426052	0.048276834189891815	True	0.24004153907299042	0.04547320678830147	0.0633658915758133	0.24743840098381042	0.00026756367878988385	0.4034133553504944
atx4ce	the way ice formed on my car this morning	data/processed/pro_fakeddit/images/atx4ce.jpg	0	0	True	0.5508864521980286	0.2814463712275028	0.5508864521980286	0.03169129055459052	0.26944008097052574	0.02188006928190589	0.029905864037573338	0.09619630710221827	False	True	0.5100575089454651	0.0007678496185690165	0.4375607371330261	0.0019353320822119713	0.04748469591140747	0.002193909604102373	True	0.591715395450592	0.06261473149061203	0.10131942480802536	0.04182480648159981	0.012327032163739204	0.19019870460033417
c6lgof3	always on hand just in case	data/processed/pro_fakeddit/images/c6lgof3.jpg	4	0	False	0.5675302147865295	0.3454510605261021	0.5675302147865295	0.041077415487961844	0.1311921700835228	0.027104665525257587	0.22207915426042746	0.01101637864485383	False	True	0.3377111554145813	0.08164850622415543	0.11600498855113983	0.006579836830496788	0.4440983831882477	0.013957093469798565	True	0.7973492741584778	0.0005063247517682612	0.14637935161590576	0.04762949422001839	5.992533260723576e-05	0.008075663819909096
7v03cq	socjus gamerghazi vs jontron	data/processed/pro_fakeddit/images/7v03cq.jpg	3	1	False	0.5327029824256897	0.3033104268833995	0.2293925555422902	0.5327029824256897	0.06859663804061711	0.0994028290733695	0.03606261000822997	0.033842398785054684	False	True	0.44638898968696594	0.1402098536491394	0.13344575464725494	0.1824055016040802	0.07198701053857803	0.025562958791851997	True	0.012396121397614479	0.92519611120224	0.003747521433979273	0.016400156542658806	0.00013820947788190097	0.04212183877825737
7kpe6m	henry ford constructs the first ford model t	data/processed/pro_fakeddit/images/7kpe6m.jpg	2	0	False	0.4733392149209976	0.3334531751461327	0.4733392149209976	0.06916849920526147	0.1387779861688614	0.0939492117613554	0.1398860397748649	0.08487902581691742	False	True	0.4232434928417206	0.009708014316856861	0.2473808079957962	0.043499674648046494	0.2709941565990448	0.005173787474632263	True	0.5234349370002747	0.12862898409366608	0.030175164341926575	0.1443987488746643	0.008777922950685024	0.16458426415920258
20zukp	my eggs looked like a monkey	data/processed/pro_fakeddit/images/20zukp.jpg	2	2	True	0.6665982604026794	0.4275931939482689	0.23900506645441055	0.050803002901375294	0.6665982604026794	0.020754576311446726	0.011976584326475859	0.010862498776987195	False	True	0.20842529833316803	0.02697652019560337	0.7387902140617371	0.0022253592032939196	0.018008975312113762	0.005573660600930452	True	0.2695848345756531	0.07462948560714722	0.5944063067436218	0.03928379341959953	0.0059441933408379555	0.016151336953043938
2wc9cm	russian search engine yandex sics antitrust agency on google for being too integrated with android	data/processed/pro_fakeddit/images/2wc9cm.jpg	0	3	False	0.5377169996500015	0.37306902185082436	0.05619841441512108	0.08435104694217443	0.16464797779917717	0.5377169996500015	0.004836449690628797	0.15224916487932205	False	True	0.04485088586807251	0.029756365343928337	0.26703837513923645	0.46981480717658997	0.00917812716215849	0.1793614625930786	True	0.06754594296216965	0.13894572854042053	0.06225758045911789	0.6056191921234131	0.0004947722190991044	0.1251368671655655
b229fh	this warning on my face mask package	data/processed/pro_fakeddit/images/b229fh.jpg	0	0	True	0.37588467448949814	0.12023110315203667	0.37588467448949814	0.012934144586324692	0.12190484441816807	0.25565357133746147	0.026108802419912536	0.207513976842165	False	True	0.5590709447860718	0.006726449355483055	0.210386261343956	0.10212089866399765	0.052084483206272125	0.06961105018854141	True	0.1926984041929245	0.01914183981716633	0.03342342749238014	0.4091862440109253	0.00013312163355294615	0.3454169034957886
2bzyjg	what did i do tell me what i did	data/processed/pro_fakeddit/images/2bzyjg.jpg	2	0	False	0.4997207075357437	0.11466889083385468	0.4997207075357437	0.008350136573426425	0.38505181670188904	0.03139122948050499	0.0574751883650606	0.018010918865911663	False	True	0.3161803185939789	0.014438473619520664	0.5165444016456604	0.005520496517419815	0.11486992985010147	0.03244641050696373	True	0.6832610964775085	0.0022617995273321867	0.2535592317581177	0.057261962443590164	8.044688001973554e-05	0.0035754272248595953
6w70a2	jessica finally found the source of the noisy bitches on the job and gets right to the yard	data/processed/pro_fakeddit/images/6w70a2.jpg	3	0	False	0.38118094950914383	0.12668655280140229	0.38118094950914383	0.03638618253171444	0.24937794357538223	0.04870386980473995	0.25449439670774154	0.02985666785389185	False	True	0.1321972757577896	0.03901004418730736	0.22974227368831635	0.04709896072745323	0.5081461071968079	0.04380536824464798	True	0.630164623260498	0.03376232087612152	0.2690136134624481	0.05030877888202667	0.000842686218675226	0.01590796746313572
2u3pmn	it took me the better part of two weeks but i finally finished my macrame purse	data/processed/pro_fakeddit/images/2u3pmn.jpg	2	4	False	0.4141032639890909	0.01828196458518505	0.39582129940390587	0.043935696594417095	0.11674395576119423	0.007183639041613787	0.4141032639890909	0.022212167270481586	False	True	0.08384381979703903	0.029672803357243538	0.09488814324140549	0.001144272624514997	0.7849084734916687	0.005542559549212456	True	0.7077987790107727	0.05819858983159065	0.13859976828098297	0.013223005458712578	0.04329805448651314	0.03888177499175072
c9ulsbs	thats not a pussycarthis is a pussycar	data/processed/pro_fakeddit/images/c9ulsbs.jpg	4	4	True	0.4982417448190972	0.22163770522456616	0.27660403959453106	0.04280407249825657	0.14584956446196884	0.024385937718761852	0.4982417448190972	0.012114586308598518	False	True	0.003962662070989609	0.00010636985098244622	0.0022207375150173903	6.89239168423228e-05	0.9936030507087708	3.820843994617462e-05	True	0.5492454171180725	0.0855017751455307	0.2894783914089203	0.04870295152068138	0.00288043892942369	0.024190964177250862
d2h02a	coworker pointed out everyday this week is a palindrome with the th being a pattern	data/processed/pro_fakeddit/images/d2h02a.jpg	0	0	True	0.5456286817789078	0.3676862567663193	0.5456286817789078	0.11669090716168284	0.1779424250125885	0.05596594978123903	0.0013852092524757609	0.10238684341311455	False	True	0.6375322341918945	0.011780968867242336	0.15308405458927155	0.10134636610746384	0.0023797473404556513	0.09387668967247009	True	0.453725129365921	0.22160084545612335	0.20280079543590546	0.010585533455014229	0.00039067116449587047	0.110896997153759
bcpsum	dogs cant eat chocolate revealed to be some shit cats made up	data/processed/pro_fakeddit/images/bcpsum.jpg	1	0	False	0.38434094190597534	0.0831279344856739	0.38434094190597534	0.03996343817561865	0.30121300742030144	0.016165334032848477	0.17894425941631198	0.07937296107411385	False	True	0.08824890851974487	0.024761715903878212	0.47921040654182434	0.006011952180415392	0.3549058437347412	0.046861134469509125	True	0.6804329752922058	0.055165160447359085	0.12321560829877853	0.026318715885281563	0.0029826750978827477	0.11188478767871857
2ppbrl	meijer retail grocery store pays the bill for customers	data/processed/pro_fakeddit/images/2ppbrl.jpg	0	3	False	0.38529616594314575	0.08982531726360321	0.15050246939063072	0.29547084867954254	0.05383998714387417	0.38529616594314575	0.0018959731969516724	0.11299458518624306	False	True	0.053717873990535736	0.3142003118991852	0.04271145537495613	0.43673011660575867	0.003613213775679469	0.1490270346403122	True	0.2472870647907257	0.2767413854598999	0.0649685189127922	0.33386221528053284	0.00017873261822387576	0.07696213573217392
azzzrf	the rainbow colours on this cats whiskers	data/processed/pro_fakeddit/images/azzzrf.jpg	0	2	False	0.5890338271856308	0.2618776857852936	0.3271561414003372	0.0017417414928786457	0.5890338271856308	0.011372905224561691	0.05053800716996193	0.020157390972599387	False	True	0.12540766596794128	0.0006754695205017924	0.7899611592292786	0.007812232710421085	0.07182063907384872	0.004322915803641081	True	0.5289046168327332	0.002808013465255499	0.38810649514198303	0.014933577738702297	0.029255375266075134	0.035991866141557693
b8yyty	i cut through a patch of grass on the way to work every morning they finally mowed it and now the path i walked is the only bit still alive	data/processed/pro_fakeddit/images/b8yyty.jpg	0	0	True	0.7049420773983002	0.46584947407245636	0.7049420773983002	0.008925638743676245	0.2390926033258438	0.009331420063972473	0.03070191224105656	0.007006368367001414	False	True	0.6897047162055969	0.0017267086077481508	0.2361515462398529	0.008720895275473595	0.06009355187416077	0.003602567594498396	True	0.7201794385910034	0.01612456887960434	0.24203366041183472	0.009941944852471352	0.0013102726079523563	0.010410169139504433
42yrnt	cristiano ronaldo gives alessandra ambrosio a lift	data/processed/pro_fakeddit/images/42yrnt.jpg	0	2	False	0.5064469873905182	0.2618210017681122	0.244625985622406	0.014878042275086045	0.5064469873905182	0.08475107094272971	0.11326206848025322	0.03603578987531364	False	True	0.17661362886428833	0.005061418283730745	0.6111918687820435	0.01049195509403944	0.19389775395393372	0.0027433610521256924	True	0.3126383423805237	0.024694666266441345	0.4017021059989929	0.15901018679141998	0.03262638300657272	0.06932821869850159
8khc6z	larry martin what is pain	data/processed/pro_fakeddit/images/8khc6z.jpg	1	0	False	0.49656395614147186	0.1941918209195137	0.49656395614147186	0.05892930366098881	0.30237213522195816	0.05456254677847028	0.0008778943156357855	0.08669420052319765	False	True	0.5126785635948181	0.05681779235601425	0.39343756437301636	0.01283175591379404	0.0014975505182519555	0.022736797109246254	True	0.4804493486881256	0.061040814965963364	0.21130670607089996	0.09629333764314651	0.0002582381130196154	0.15065160393714905
c7zpw06	they say curiosity killed the cat and it did	data/processed/pro_fakeddit/images/c7zpw06.jpg	4	4	True	0.46803353510040324	0.05827619104820769	0.40975734405219555	0.004823924042284489	0.09781262837350368	0.013652095272846054	0.46803353510040324	0.005920485069509596	False	True	0.03500759229063988	0.004066840745508671	0.02461737021803856	0.0002005336427828297	0.935809314250946	0.00029835093300789595	True	0.7845070958137512	0.0055810073390603065	0.1710078865289688	0.02710365690290928	0.0002577559498604387	0.011542619206011295
5ug84s	michael moore cease all congressional business until trumps potentially traitorous actions probed	data/processed/pro_fakeddit/images/5ug84s.jpg	0	1	False	0.4721982926130295	0.21196538722142577	0.14254988636821508	0.4721982926130295	0.2602329053916037	0.049352861009538174	0.0002327990841877181	0.07543320395052433	False	True	0.2810496389865875	0.09666767716407776	0.5194947719573975	0.07524646073579788	0.00040189005085267127	0.027139510959386826	True	0.004050133749842644	0.8477289080619812	0.0009710388258099556	0.023459261283278465	6.370811752276495e-05	0.12372689694166183
bth9im	in the city im staying at at the moment they have sunbrellas at street crossings so people can avoid the sun	data/processed/pro_fakeddit/images/bth9im.jpg	0	0	True	0.421225443482399	0.134143628180027	0.421225443482399	0.15876451140502468	0.287081815302372	0.022385692223906517	0.03806393402919639	0.07247860374627635	False	True	0.5168321132659912	0.001142531749792397	0.39565756916999817	0.009328741580247879	0.07572798430919647	0.0013111013686284423	True	0.32561877369880676	0.31638649106025696	0.1785060614347458	0.035442642867565155	0.00039988374919630587	0.14364610612392426
emtorz6	sumba u have forgetten mee	data/processed/pro_fakeddit/images/emtorz6.jpg	4	4	True	0.49132175243721576	0.06097242388204904	0.4303493285551667	0.010462700862262864	0.05145182553678751	0.014069817028939724	0.49132175243721576	0.002344641336094355	False	True	0.008852975443005562	0.00016304758901242167	0.008286895230412483	0.0001521911472082138	0.9825000762939453	4.489666753215715e-05	True	0.8518456816673279	0.020762354135513306	0.09461675584316254	0.027987442910671234	0.00014342858048621565	0.004644386004656553
5buqcw	soldiers tethered to a lift chopper	data/processed/pro_fakeddit/images/5buqcw.jpg	0	0	True	0.49331463873386383	0.18923027627170086	0.49331463873386383	0.051290220115333796	0.09368620254099369	0.03739587194286287	0.30408436246216297	0.020228698034770787	False	True	0.40770623087882996	0.003146951086819172	0.03557272627949715	0.002620681654661894	0.5490180850028992	0.001935320207849145	True	0.5789230465888977	0.09943348914384842	0.15179967880249023	0.07217106223106384	0.05915063992142677	0.03852207586169243
cxl1lr	these screws in my dorm bathroom that you can only tighten	data/processed/pro_fakeddit/images/cxl1lr.jpg	0	2	False	0.46938492357730865	0.11170682311058044	0.3576781004667282	0.0028183051326777786	0.46938492357730865	0.1369137242436409	0.01422841614112258	0.018976496998220682	False	True	0.3101963400840759	0.0006456060218624771	0.5562009811401367	0.09611853957176208	0.027194032445549965	0.00964443664997816	True	0.4051598608493805	0.00499100424349308	0.3825688660144806	0.17770890891551971	0.0012627998366951942	0.028308557346463203
c2v10m	how a pair of white new balance sneakers wears down over time	data/processed/pro_fakeddit/images/c2v10m.jpg	0	0	True	0.6354101598262787	0.3449995778501034	0.6354101598262787	0.0028587334090843797	0.2904105819761753	0.019368990790098906	0.03719737197388895	0.014754251576960087	False	True	0.41108012199401855	0.0020164153538644314	0.47711873054504395	0.013530454598367214	0.07398881018161774	0.022265568375587463	True	0.8597401976585388	0.003701051464304328	0.10370243340730667	0.025207526981830597	0.0004059337661601603	0.00724293477833271
d15m67f	if theres any doubt i do a leavebehind with the hat i go back to her place to pick it update number three	data/processed/pro_fakeddit/images/d15m67f.jpg	4	0	False	0.5094681233167648	0.13979555666446686	0.5094681233167648	0.02880730200558901	0.369672566652298	0.02613701391965151	0.061539583024568856	0.004375382617581636	False	True	0.48994866013526917	0.027655277401208878	0.3396938741207123	0.0193957407027483	0.12226437777280807	0.001042060204781592	True	0.5289875864982605	0.02995932660996914	0.39965125918388367	0.03287828713655472	0.0008147882763296366	0.0077087050303816795
9ino0t	nsfw some pages from a japanese book we found at a yard sale	data/processed/pro_fakeddit/images/9ino0t.jpg	0	0	True	0.6166871190071106	0.3803851753473282	0.6166871190071106	0.10346795991063118	0.2363019436597824	0.023397748358547688	0.002596708422061056	0.017548511270433664	False	True	0.7040234208106995	0.015352271497249603	0.25110775232315063	0.01936068944633007	0.003922394476830959	0.006233501248061657	True	0.5293508172035217	0.19158364832401276	0.22149613499641418	0.027434807270765305	0.0012710223672911525	0.02886352129280567
1zvsvs	pakistan onion heroin smuggling plot uncovered	data/processed/pro_fakeddit/images/1zvsvs.jpg	0	2	False	0.3930363208055496	0.1727628242224455	0.18189244344830513	0.07219417998567224	0.3930363208055496	0.22027349658310413	0.0025189175648847595	0.13008462265133858	False	True	0.10997707396745682	0.010715496726334095	0.7514421939849854	0.03892618790268898	0.004802808631211519	0.0841362252831459	True	0.25380781292915344	0.13367286324501038	0.03463044762611389	0.4016208052635193	0.00023502649855799973	0.17603302001953125
cd74xi3	the most terrifying edition of battletoads to date	data/processed/pro_fakeddit/images/cd74xi3.jpg	4	1	False	0.48512835055589676	0.1493695194949396	0.09285888448357582	0.48512835055589676	0.043419765308499336	0.017454655840992928	0.33575883106095716	0.02537949854740873	False	True	0.08856455236673355	0.15849526226520538	0.07578261196613312	0.005327364429831505	0.6701298356056213	0.0017003734828904271	True	0.09715321660041809	0.8117614388465881	0.011056918650865555	0.02958194725215435	0.0013878265162929893	0.04905862361192703
3if33g	freshly shucked malpeque bay oysters	data/processed/pro_fakeddit/images/3if33g.jpg	2	0	False	0.5190499126911163	0.20082702487707138	0.5190499126911163	0.024976150132715702	0.31822288781404495	0.07222197350347415	0.02365704160183668	0.041872071917168796	False	True	0.5157650113105774	0.007536502555012703	0.4313214123249054	0.0007888554828241467	0.041732825338840485	0.0028554180171340704	True	0.5223348140716553	0.0424157977104187	0.2051243633031845	0.14365509152412415	0.005581257864832878	0.08088872581720352
cli4bx8	left keys in left side pocket	data/processed/pro_fakeddit/images/cli4bx8.jpg	4	2	False	0.2689722999930382	0.021302586188539863	0.21065957099199295	0.04983030981384218	0.2689722999930382	0.1973808826878667	0.24766971380449831	0.02548724180087447	False	True	0.24374812841415405	0.09223973006010056	0.16086341440677643	0.00846141017973423	0.492666095495224	0.0020212670788168907	True	0.17757101356983185	0.007420889567583799	0.3770811855792999	0.38630035519599915	0.0026733321137726307	0.04895321652293205
7xh833	white house now just holding continuous goingaway party for departing staffers	data/processed/pro_fakeddit/images/7xh833.jpg	1	0	False	0.41891004145145416	0.20571819692850113	0.41891004145145416	0.21319184452295303	0.1845339648425579	0.10761406552046537	0.021422768084448762	0.054327404126524925	False	True	0.472861111164093	0.16886530816555023	0.24846354126930237	0.015378287062048912	0.04275084286928177	0.05168098583817482	True	0.3649589717388153	0.25751838088035583	0.12060438841581345	0.19984984397888184	9.469329961575568e-05	0.05697382241487503
d8c4et	these lights looks like a baloons	data/processed/pro_fakeddit/images/d8c4et.jpg	0	0	True	0.5368452221155167	0.17926856875419617	0.5368452221155167	0.008044098154641688	0.3575766533613205	0.006809896556660533	0.08433917816728354	0.006384970620274544	False	True	0.4117978513240814	0.013846251182258129	0.39582201838493347	0.008231296204030514	0.1647685468196869	0.005534067749977112	True	0.6618925929069519	0.0022419451270252466	0.3193312883377075	0.005388496909290552	0.00390980951488018	0.007235873490571976
9gqi4d	my cookie only had one chocolate chip	data/processed/pro_fakeddit/images/9gqi4d.jpg	0	0	True	0.6776644885540009	0.39550408720970154	0.6776644885540009	0.0011570827919058502	0.2821604013442993	0.013843624386936426	0.008410830634602462	0.01676360610872507	False	True	0.5880236029624939	0.0016461225459352136	0.36754894256591797	0.005269576795399189	0.016788864508271217	0.020722882822155952	True	0.7673053741455078	0.0006680430378764868	0.19677186012268066	0.022417671978473663	3.279676093370654e-05	0.01280432939529419
cc6kr2	still shot from an area guards gopro footage during the st day of the siege of a notice the heavy usage of experimental technology such as perks video game hud and a pack a punch machine yet the base is heavily damaged and the soldier is out of ammo	data/processed/pro_fakeddit/images/cc6kr2.jpg	2	0	False	0.6447628438472748	0.52746626525186	0.6447628438472748	0.03875991399399936	0.11560744419693947	0.044352187775075436	0.11729657859541476	0.03922109864652157	False	True	0.6195076704025269	0.003686749842017889	0.12467886507511139	0.017516454681754112	0.23029129207134247	0.0043190158903598785	True	0.6700180172920227	0.07383307814598083	0.10653602331876755	0.07118792086839676	0.004301865119487047	0.07412318140268326
bucdjx	this nonfunctional birdcamera outside a theatre	data/processed/pro_fakeddit/images/bucdjx.jpg	0	0	True	0.541177287697792	0.31682732328772545	0.541177287697792	0.05652939062565565	0.2243499644100666	0.045720089226961136	0.12328711338341236	0.008936143480241299	False	True	0.37206152081489563	0.012451445683836937	0.35169920325279236	0.026147320866584778	0.22961625456809998	0.008024237118661404	True	0.7102930545806885	0.10060733556747437	0.09700072556734085	0.0652928575873375	0.016957972198724747	0.009848049841821194
20uhaf	new dinosaur called the chicken from hell	data/processed/pro_fakeddit/images/20uhaf.jpg	0	0	True	0.5421444177627563	0.3043743148446083	0.5421444177627563	0.031298622488975525	0.23777010291814804	0.04112141579389572	0.08895590848987922	0.058709535747766495	False	True	0.37113064527511597	0.012443862855434418	0.33778199553489685	0.01680353283882141	0.17664289474487305	0.08519706130027771	True	0.7131581902503967	0.05015338212251663	0.13775821030139923	0.06543929874897003	0.0012689222348853946	0.03222201019525528
dhjipgi	ladies and gentlemen of the jury hes a liar	data/processed/pro_fakeddit/images/dhjipgi.jpg	4	0	False	0.4856458008289337	0.22029891275451519	0.4856458008289337	0.09591634571552277	0.046895990148186684	0.08779073366895318	0.26534688807441853	0.01840423373505473	False	True	0.31931793689727783	0.10098756849765778	0.039087045937776566	0.006965232081711292	0.5306621789932251	0.0029800226911902428	True	0.6519736647605896	0.09084512293338776	0.0547049343585968	0.16861623525619507	3.159715561196208e-05	0.03382844477891922
1s5yad	the tea wanted to say hello this morning	data/processed/pro_fakeddit/images/1s5yad.jpg	2	0	False	0.5072808638215065	0.06896764785051346	0.5072808638215065	0.0029230230720713735	0.43831321597099304	0.024687648750841618	0.009489904812653549	0.017305329674854875	False	True	0.2184043675661087	0.0026339669711887836	0.709058940410614	0.02346082776784897	0.01867716945707798	0.02776472270488739	True	0.7961573600769043	0.0032120791729539633	0.16756749153137207	0.025914469733834267	0.000302640168229118	0.006845936644822359
c5lwad9	shes not in first but at least shes having fun	data/processed/pro_fakeddit/images/c5lwad9.jpg	4	0	False	0.5888834297657013	0.3172803968191147	0.5888834297657013	0.05033634684514254	0.2716030329465866	0.015337624005042017	0.04750487321871333	0.026334704540204257	False	True	0.5252556800842285	0.09729605168104172	0.2020873725414276	0.02943090721964836	0.0949372872710228	0.050992779433727264	True	0.6525111794471741	0.003376642009243369	0.3411186933517456	0.0012443407904356718	7.245916640385985e-05	0.0016766296466812491
boptpt	the tree that we just cut down has a little tree shaped scar in it	data/processed/pro_fakeddit/images/boptpt.jpg	0	0	True	0.4786853492259979	0.051488131284713745	0.4786853492259979	0.002749378269072622	0.4271972179412842	0.012740620411932468	0.06949762511067092	0.009129860904067755	False	True	0.45683759450912476	0.0002736308379098773	0.3995674252510071	0.009260861203074455	0.13147149980068207	0.002589046023786068	True	0.5005331039428711	0.005225125700235367	0.4548270106315613	0.01622037962079048	0.0075237504206597805	0.01567067578434944
d0gwn0	triangle shirtwaist factory	data/processed/pro_fakeddit/images/d0gwn0.jpg	2	0	False	0.364703044295311	0.06744720041751862	0.364703044295311	0.29725584387779236	0.03380956873297691	0.1444934792816639	0.02493944419256877	0.13479850068688393	False	True	0.5974693298339844	0.28261667490005493	0.038719721138477325	0.02094820886850357	0.04944003373384476	0.01080591231584549	True	0.13193675875663757	0.3118950128555298	0.0288994163274765	0.2680387496948242	0.000438854651292786	0.25879108905792236
19dgqa	crazy lady in curlers that got to see the endeavour from rwtf	data/processed/pro_fakeddit/images/19dgqa.jpg	0	1	False	0.4050982357002795	0.08261762978509068	0.24136769399046898	0.4050982357002795	0.3224806059151888	0.0018945185001939535	0.015196111286059022	0.01396281598135829	False	True	0.3694152534008026	0.01356728095561266	0.5852994322776794	0.001070734579116106	0.029318101704120636	0.001329204998910427	True	0.11332013458013535	0.7966291904449463	0.059661779552698135	0.002718302421271801	0.001074120867997408	0.026596426963806152
choe5d	a fake horsedrawn carriage in the ocean	data/processed/pro_fakeddit/images/choe5d.jpg	0	0	True	0.43065131455659866	0.28658415004611015	0.43065131455659866	0.12735484237782657	0.1440671645104885	0.13244010764174163	0.13747279718518257	0.02801376790739596	False	True	0.7036018371582031	0.005425685551017523	0.1632789522409439	0.005910997744649649	0.11949891597032547	0.0022836443968117237	True	0.1577007919549942	0.24928399920463562	0.12485537678003311	0.2589692175388336	0.15544667840003967	0.053743891417980194
divnav	adolf hitler discovers that steiners offensive did not even start berlin	data/processed/pro_fakeddit/images/divnav.jpg	2	0	False	0.5435645431280136	0.38324934989213943	0.5435645431280136	0.1409284034743905	0.16031519323587418	0.05673366133123636	8.645536217954941e-05	0.09837168935337104	False	True	0.7052488923072815	0.016497286036610603	0.26080402731895447	0.0165823046118021	6.13275624345988e-05	0.0008061475236900151	True	0.3818801939487457	0.2653595209121704	0.059826359152793884	0.09688501805067062	0.00011158316192450002	0.19593723118305206
7ksxx4	last known video of the kauai oo filmed by david boynton	data/processed/pro_fakeddit/images/7ksxx4.jpg	2	2	True	0.5272407755255699	0.1297641210258007	0.3974766544997692	0.013801397290080786	0.5272407755255699	0.04113396041793749	0.0011399760260246694	0.01920723437797278	False	True	0.11054285615682602	0.004594787023961544	0.8787962198257446	0.0015788556775078177	0.001764897140674293	0.0027223729994148016	True	0.6844104528427124	0.023008007556200027	0.1756853312253952	0.08068906515836716	0.0005150549113750458	0.03569209575653076
1zz6jw	hurray for peron primary school book	data/processed/pro_fakeddit/images/1zz6jw.jpg	5	1	False	0.4456650912761688	0.1581103764474392	0.28755471482872963	0.4456650912761688	0.17579524219036102	0.060955602675676346	0.0006584044313058257	0.029370971955358982	False	True	0.1192423477768898	0.5914789438247681	0.23345807194709778	0.03642149269580841	0.0008307913085445762	0.01856842450797558	True	0.45586708188056946	0.2998512387275696	0.11813241243362427	0.08548971265554428	0.00048601755406707525	0.040173519402742386
arud4u	mueller wins roger stone gag order moves to sentence manafort	data/processed/pro_fakeddit/images/arud4u.jpg	0	1	False	0.3764708451926708	0.10625319555401802	0.15772904735058546	0.3764708451926708	0.0875853777397424	0.2702176496386528	0.0016830841714181588	0.10631398856639862	False	True	0.2938785254955292	0.08148261159658432	0.1697327047586441	0.3167874813079834	0.0033399839885532856	0.134778693318367	True	0.021579569205641747	0.6714590787887573	0.0054380507208406925	0.2236478179693222	2.6184354283032008e-05	0.07784928381443024
ax0f6k	this palm tree that has cacti growing out of it	data/processed/pro_fakeddit/images/ax0f6k.jpg	0	4	False	0.4298185706138611	0.1461607813835144	0.2836577892303467	0.053099513170309365	0.20016980916261673	0.00644082366488874	0.4298185706138611	0.026813512668013573	False	True	0.2892806828022003	0.0026173966471105814	0.24182066321372986	0.00672230264171958	0.45409053564071655	0.005468394607305527	True	0.27803489565849304	0.10358162969350815	0.1585189551115036	0.0061593446880578995	0.4055466055870056	0.04815863072872162
cw0qa9	a public art found in smithfield meat market	data/processed/pro_fakeddit/images/cw0qa9.jpg	0	4	False	0.368534617125988	0.010235115885734558	0.35829950124025345	0.1096622203476727	0.123139388859272	0.03148155123926699	0.368534617125988	0.008882713736966252	False	True	0.16552503407001495	0.0107881436124444	0.09310738742351532	0.0017884043045341969	0.7259988188743591	0.0027922107838094234	True	0.5510739684104919	0.208536297082901	0.1531713902950287	0.061174698173999786	0.011070415377616882	0.014973216690123081
7fwus7	man found minutes after hanging himself	data/processed/pro_fakeddit/images/7fwus7.jpg	2	0	False	0.7018315494060516	0.5615284871309996	0.7018315494060516	0.03281337022781372	0.14030306227505207	0.023466705810278654	0.09586978852166794	0.0057154998648911715	False	True	0.5083411335945129	0.058922477066516876	0.22875745594501495	0.008477932773530483	0.19123829901218414	0.004262752830982208	True	0.8953219652175903	0.006704263389110565	0.05184866860508919	0.038455478847026825	0.0005012780311517417	0.007168246898800135
bzux5b	the way this cone is cut looks like its going through the ground	data/processed/pro_fakeddit/images/bzux5b.jpg	2	0	False	0.645433098077774	0.34776006639003754	0.645433098077774	0.004708319320343435	0.2976730316877365	0.0029836861067451537	0.030536037404090166	0.018665801268070936	False	True	0.733799397945404	0.006952542811632156	0.1960267722606659	0.00401781452819705	0.0529797226190567	0.006223701871931553	True	0.557066798210144	0.0024640958290547132	0.39931929111480713	0.0019495576852932572	0.00809235218912363	0.03110790066421032
6b9igu	us air force fa raptor stealth fighter jets over the western pacific ocean	data/processed/pro_fakeddit/images/6b9igu.jpg	0	4	False	0.34936451085377485	0.11809578270185739	0.13763149455189705	0.19259321969002485	0.024838577257469296	0.06430350453592837	0.34936451085377485	0.23126872815191746	False	True	0.20780478417873383	0.01136687956750393	0.04192680865526199	0.004190188366919756	0.6959835290908813	0.038727838546037674	True	0.06745820492506027	0.3738195598125458	0.0077503458596765995	0.12441682070493698	0.0027454926166683435	0.42380961775779724
caaukt1	imaaaaginaaaaationnnnnnnnn imaaaginaaaaaationnn	data/processed/pro_fakeddit/images/caaukt1.jpg	4	4	True	0.4840906376612111	0.2312217123235314	0.2373630190268159	0.002180603740271181	0.2528689253376797	0.01904143000865588	0.4840906376612111	0.004455395384866279	False	True	0.027259426191449165	0.000991740613244474	0.0033625459764152765	0.00010441949416417629	0.9681357741355896	0.00014615220425184816	True	0.4474666118621826	0.003369466867297888	0.5023753046989441	0.03797844052314758	4.5501186832552776e-05	0.008764638565480709
1s8sqp	all their boxes are horrified	data/processed/pro_fakeddit/images/1s8sqp.jpg	2	0	False	0.5605823546648026	0.312002494931221	0.5605823546648026	0.0060712473932653666	0.24857985973358154	0.020072590559720993	0.13572514709085226	0.02896881103515625	False	True	0.2746632993221283	0.004484548233449459	0.4063486158847809	0.024086324498057365	0.2688816785812378	0.0215354822576046	True	0.8465014100074768	0.007657946553081274	0.0908111035823822	0.01605885662138462	0.002568615600466728	0.0364021398127079
3nggvv	this vx module but apparently i cant tell if the writers for the unimorph disk scanner	data/processed/pro_fakeddit/images/3nggvv.jpg	3	0	False	0.48189468681812286	0.17414145171642303	0.48189468681812286	0.005249911919236183	0.30775323510169983	0.13704879581928253	0.0417100511258468	0.026343288831412792	False	True	0.5732259750366211	0.005091482307761908	0.2566675841808319	0.0710752010345459	0.08089924603700638	0.013040473684668541	True	0.39056339859962463	0.005408341530710459	0.35883888602256775	0.20302239060401917	0.002520856214687228	0.03964610397815704
7qupop	these satellite dish mounts are happy	data/processed/pro_fakeddit/images/7qupop.jpg	2	2	True	0.48210981488227844	0.11031496524810791	0.37179484963417053	0.03845321061089635	0.48210981488227844	0.08012651652097702	0.005475903628394008	0.022039635106921196	False	True	0.31028568744659424	0.0028418535366654396	0.557062566280365	0.10342979431152344	0.008452500216662884	0.01792757585644722	True	0.4333040118217468	0.07406456768512726	0.4071570634841919	0.0568232387304306	0.0024993070401251316	0.026151694357395172
1yjyeq	this arctic fox repost from rpics	data/processed/pro_fakeddit/images/1yjyeq.jpg	0	0	True	0.49330174177885056	0.16491132124792784	0.49330174177885056	0.0017001630330923945	0.15597543865442276	0.011519643943756819	0.3283904205309227	0.009112648200243711	False	True	0.18360231816768646	0.002764889970421791	0.15103881061077118	0.003906228579580784	0.6554023027420044	0.003285524435341358	True	0.8030011653900146	0.0006354360957629979	0.16091206669807434	0.019133059307932854	0.0013785383198410273	0.014939771965146065
90knl1	this suspicious charging cable	data/processed/pro_fakeddit/images/90knl1.jpg	2	0	False	0.5603504478931427	0.1583375670015812	0.5603504478931427	0.0014649250515503809	0.4020128808915615	0.016539387637749314	0.009150076773948967	0.01048232614994049	False	True	0.2761611342430115	0.0001685315219219774	0.6950169801712036	0.00728136720135808	0.017213305458426476	0.004158737137913704	True	0.8445397615432739	0.0027613185811787844	0.1090087816119194	0.02579740807414055	0.0010868480894714594	0.016805915161967278
5mdpkv	rhinoceros a successful conservation story in india the hindu	data/processed/pro_fakeddit/images/5mdpkv.jpg	0	2	False	0.39254800975322723	0.23509102687239647	0.15745698288083076	0.09569744113832712	0.39254800975322723	0.15530176367610693	0.050655454862862825	0.14834036491811275	False	True	0.11631100624799728	0.017019348219037056	0.7214882969856262	0.013935474678874016	0.0948859304189682	0.03635994717478752	True	0.19860295951366425	0.1743755340576172	0.06360772252082825	0.29666805267333984	0.00642497930675745	0.260320782661438
9bltgk	how a fallen succulent leaf begins to grow its own roots	data/processed/pro_fakeddit/images/9bltgk.jpg	0	0	True	0.4798807203769684	0.08046922087669373	0.4798807203769684	0.008916408944060095	0.39941149950027466	0.02346436947118491	0.025553956511430442	0.06277306564152241	False	True	0.3923417925834656	0.0004526827542576939	0.5362957715988159	0.0038060226943343878	0.04780799522995949	0.019295740872621536	True	0.5674196481704712	0.017380135133862495	0.2625272274017334	0.04312271624803543	0.0032999177929013968	0.10625039041042328
1xh62w	the bear and the wolf repost from usimpsonsfanher post on pics subreddit	data/processed/pro_fakeddit/images/1xh62w.jpg	0	0	True	0.5762546360492706	0.2846040226868354	0.5762546360492706	0.007549106958322227	0.10352469235658646	0.007864585379138589	0.29165061336243525	0.013156330911442637	False	True	0.2863611578941345	0.0031893595587462187	0.12407973408699036	0.00245077395811677	0.5822867155075073	0.001632209401577711	True	0.8661481142044067	0.011908854357898235	0.08296965062618256	0.013278396800160408	0.0010145112173631787	0.024680452421307564
c90psbi	and a touch of indian father	data/processed/pro_fakeddit/images/c90psbi.jpg	4	4	True	0.4553317945374147	0.1841502139268414	0.24745483323931694	0.011275034863501787	0.2711815806105733	0.010861808274057694	0.4553317945374147	0.0038949419613345526	False	True	0.05327209085226059	0.015822891145944595	0.019742900505661964	0.00035267663770355284	0.9106031060218811	0.00020632117229979485	True	0.4416375756263733	0.006727178581058979	0.5226202607154846	0.021370939910411835	6.0483052948256955e-05	0.00758356275036931
awwclv	my hotel has the fire exit signs on the ground too	data/processed/pro_fakeddit/images/awwclv.jpg	0	0	True	0.6825009286403656	0.45622605830430984	0.6825009286403656	0.024103363510221243	0.22627487033605576	0.029909023083746433	0.021731708198785782	0.015480042435228825	False	True	0.5890167355537415	0.013061701320111752	0.3275899589061737	0.017252961173653603	0.03401068225502968	0.01906791515648365	True	0.7759851217269897	0.035145025700330734	0.1249597817659378	0.042565084993839264	0.009452734142541885	0.011892169713973999
3q3bs0	man carjacks marked police suv leads a chase and both suspectofficer jump feet down from bay bridge in san francisco	data/processed/pro_fakeddit/images/3q3bs0.jpg	0	0	True	0.5115647688508034	0.21409061551094055	0.5115647688508034	0.2974741533398628	0.05282102897763252	0.07901836046949029	0.012539087401819415	0.04658260941505432	False	True	0.869412899017334	0.009782448410987854	0.07361100614070892	0.012664970941841602	0.024758128449320793	0.00977054238319397	True	0.15371663868427277	0.5851658582687378	0.03203105181455612	0.14537174999713898	0.00032004635431803763	0.08339467644691467
cpkmtf	my bush cant decide which color blossoms it wants to carry so lets try rose purple and white	data/processed/pro_fakeddit/images/cpkmtf.jpg	0	2	False	0.5626360774040222	0.2303467094898224	0.33228936791419983	0.008594344515586272	0.5626360774040222	0.03197637340053916	0.031035286956466734	0.033468568697571754	False	True	0.25599104166030884	0.0007889106054790318	0.6087216138839722	0.05254962295293808	0.05963853746652603	0.022310279309749603	True	0.4085876941680908	0.016399778425693512	0.5165505409240723	0.01140312384814024	0.0024320364464074373	0.044626858085393906
d564la	this vending machine that sells books on the underground in berlin	data/processed/pro_fakeddit/images/d564la.jpg	0	1	False	0.2742582755163312	0.04345090966671705	0.16978833824396133	0.2742582755163312	0.23080736584961414	0.1550058126449585	0.11014372966019437	0.05999649874866009	False	True	0.22792240977287292	0.023481646552681923	0.4038119912147522	0.09039181470870972	0.21900422871112823	0.03538788482546806	True	0.11165426671504974	0.5250349044799805	0.05780274048447609	0.21961981058120728	0.0012832306092604995	0.08460511267185211
2q1w08	marilyn monroes film studio wanted to prove that she would look good in a potato sack dress	data/processed/pro_fakeddit/images/2q1w08.jpg	0	0	True	0.39297883957624435	0.09216021397151053	0.39297883957624435	0.05945529090240598	0.2194613330066204	0.019527268945239484	0.3008186256047338	0.0077587051200680435	False	True	0.06786935031414032	0.01228290144354105	0.31623053550720215	0.002782664028927684	0.6000342965126038	0.0008002867689356208	True	0.7180883288383484	0.1066276803612709	0.12269213050603867	0.036271873861551285	0.0016029546968638897	0.014717123471200466
4s7uik	an instructor teaches a young woman stretching exercises on a london rooftop	data/processed/pro_fakeddit/images/4s7uik.jpg	0	0	True	0.3418992175720632	0.0324750985018909	0.3418992175720632	0.3094241190701723	0.10295486263930798	0.12443772307597101	0.09047713503241539	0.03080696618417278	False	True	0.6723769903182983	0.0038234926760196686	0.16382791101932526	0.0014961878769099712	0.15785285830497742	0.0006225706310942769	True	0.011421444825828075	0.615024745464325	0.042081814259290695	0.24737925827503204	0.023101411759853363	0.06099136173725128
85m658	family playing with the first generation of ipads	data/processed/pro_fakeddit/images/85m658.jpg	2	0	False	0.32820020616054535	0.04323960095643997	0.32820020616054535	0.1684386213310063	0.2849606052041054	0.011835383658763021	0.15278690122067928	0.0537782923784107	False	True	0.34573084115982056	0.008511886931955814	0.3750443458557129	0.00038521073292940855	0.2637624442577362	0.006565268617123365	True	0.31066957116127014	0.32836535573005676	0.19487686455249786	0.023285556584596634	0.04181135818362236	0.10099131613969803
cdw4g43	his dream was to become a professional ballet dancer and today it came true	data/processed/pro_fakeddit/images/cdw4g43.jpg	4	0	False	0.4655410051345825	0.12306522339349613	0.4655410051345825	0.006439208402298391	0.15369165316224098	0.030056175775825977	0.3424757817410864	0.0017961716221179813	False	True	0.10588443279266357	0.010583884082734585	0.19640398025512695	0.0017912108451128006	0.6847900152206421	0.0005464760470204055	True	0.8251975774765015	0.002294532721862197	0.11097932606935501	0.058321140706539154	0.00016154826153069735	0.003045867197215557
cosov1	this guy happily showing off his hairy chest	data/processed/pro_fakeddit/images/cosov1.jpg	0	0	True	0.7150909602642059	0.44778868556022644	0.7150909602642059	0.0021898752311244607	0.2673022747039795	0.006047988426871598	0.008880037581548095	0.0004888541006948799	False	True	0.8006531596183777	0.0016273206565529108	0.1772891879081726	0.0033575783018022776	0.016474507749080658	0.0005982080474495888	True	0.6295287609100342	0.0027524298056960106	0.3573153614997864	0.008738398551940918	0.0012855674140155315	0.000379500153940171
148sgj	conservapedia emc is a liberal conspiracy	data/processed/pro_fakeddit/images/148sgj.jpg	0	5	False	0.40064076241105795	0.05677136033773422	0.06328894197940826	0.01843902189284563	0.3438694020733237	0.08717984892427921	0.08658196138253516	0.40064076241105795	False	True	0.08624584227800369	0.013110829517245293	0.6751348972320557	0.029447171837091446	0.17315897345542908	0.02290220372378826	True	0.040332041680812836	0.02376721426844597	0.01260390691459179	0.14491252601146698	4.9493096412334125e-06	0.7783793210983276
chza61	death to capital or death under capital by v deni	data/processed/pro_fakeddit/images/chza61.jpg	5	1	False	0.4840223640203476	0.29944833740592003	0.18457402661442757	0.4840223640203476	0.09566466603428125	0.15081051271408796	0.005321693344740197	0.07960672490298748	False	True	0.10554993897676468	0.803292989730835	0.02435934729874134	0.02097303234040737	0.010059209540486336	0.03576548025012016	True	0.26359811425209045	0.16475173830986023	0.16696998476982117	0.28064799308776855	0.0005841771489940584	0.1234479695558548
2w44im	david axelrod obama thought yes we can was corny	data/processed/pro_fakeddit/images/2w44im.jpg	0	1	False	0.44276366382837296	0.17711066454648972	0.07989359647035599	0.44276366382837296	0.13702088501304388	0.06897730380296707	0.005691572085197549	0.26565299928188324	False	True	0.11495901644229889	0.16078312695026398	0.249285489320755	0.07136790454387665	0.011268761940300465	0.3923356235027313	True	0.044828176498413086	0.7247442007064819	0.024756280705332756	0.0665867030620575	0.000114382230094634	0.13897037506103516
b4s7n7	my so has a pencil made from a branch that looks like momo she got it before the meme	data/processed/pro_fakeddit/images/b4s7n7.jpg	0	0	True	0.6083149015903473	0.2617342472076416	0.6083149015903473	0.005050182458944619	0.3465806543827057	0.011119571514427662	0.024949908023700118	0.003984774462878704	False	True	0.5539407730102539	0.0024081177543848753	0.38731756806373596	0.01069726049900055	0.0450548492372036	0.0005814055912196636	True	0.6626890301704407	0.007692247163504362	0.3058437407016754	0.011541882529854774	0.004844966810196638	0.0073881433345377445
1ps7da	sniper finds no joy in his job	data/processed/pro_fakeddit/images/1ps7da.jpg	0	0	True	0.7195018529891968	0.5898342467844486	0.7195018529891968	0.06288645509630442	0.12966760620474815	0.028347233310341835	0.055831025762017816	0.0037658701185137033	False	True	0.6780926585197449	0.009661557152867317	0.1775071769952774	0.020819127559661865	0.11129238456487656	0.00262706121429801	True	0.7609110474586487	0.11611135303974152	0.0818280354142189	0.035875339061021805	0.0003696669591590762	0.004904679022729397
8rrfjs	rare footage of a million patriot interceptor used to shoot down a drone	data/processed/pro_fakeddit/images/8rrfjs.jpg	2	0	False	0.7816855609416962	0.6720090582966805	0.7816855609416962	0.03363182349130511	0.10967650264501572	0.019053803756833076	0.008835744156385772	0.04711651336401701	False	True	0.8038795590400696	0.00605285819619894	0.14942622184753418	0.013133132830262184	0.01754573918879032	0.009962407872080803	True	0.7594915628433228	0.061210788786411285	0.06992678344249725	0.02497447468340397	0.0001257491239812225	0.08427061885595322
1sn912	charlottetown superstore resells meat found in thiefs pants	data/processed/pro_fakeddit/images/1sn912.jpg	0	1	False	0.38384945690631866	0.14279063791036606	0.1736934408545494	0.38384945690631866	0.10946869850158691	0.2410588189959526	0.0006944581109564751	0.09123517759144306	False	True	0.03770817816257477	0.5242729783058167	0.0787801444530487	0.3017067611217499	0.0010222470154985785	0.05650981143116951	True	0.30967870354652405	0.24342593550682068	0.14015725255012512	0.18041087687015533	0.00036666920641437173	0.1259605437517166
cqfn1d	my friends lighter almost perfectly matches my hat	data/processed/pro_fakeddit/images/cqfn1d.jpg	0	0	True	0.3724311962723732	0.06311293801991269	0.3724311962723732	0.0018549369997344911	0.3031613305211067	0.007208604132756591	0.3093182582524605	0.006025645649060607	False	True	0.17450346052646637	0.0003004948375746608	0.20098485052585602	0.0029428466223180294	0.6176939606666565	0.0035744099877774715	True	0.57035893201828	0.0034093791618943214	0.4053378105163574	0.011474361643195152	0.0009425558382645249	0.008476881310343742
67zku1	further evidence that i could eat a dick	data/processed/pro_fakeddit/images/67zku1.jpg	3	0	False	0.4752107709646225	0.0824875459074974	0.4752107709646225	0.010501658543944359	0.3927232250571251	0.0572440791875124	0.012287614270462655	0.05203268211334944	False	True	0.3117835223674774	0.00780823640525341	0.5890358686447144	0.040428344160318375	0.024273933842778206	0.026670126244425774	True	0.6386380195617676	0.013195080682635307	0.19641058146953583	0.07405981421470642	0.0003012946981471032	0.0773952379822731
de6yxq	had a bb removed from my arm after ish years heres the xray and post op culprit	data/processed/pro_fakeddit/images/de6yxq.jpg	0	0	True	0.7177882194519043	0.5175116881728172	0.7177882194519043	0.00683672507875599	0.20027653127908707	0.009752370795467868	0.014956184197217226	0.05038989405147731	False	True	0.7720972895622253	0.00012637703912332654	0.19896763563156128	0.00045575835974887013	0.025954514741897583	0.002398380544036627	True	0.6634791493415833	0.013547073118388653	0.20158542692661285	0.019048983231186867	0.003957853652536869	0.098381407558918
91z58w	actual photo of albert einstein lecturing on the theory of relativity	data/processed/pro_fakeddit/images/91z58w.jpg	2	0	False	0.6901435256004333	0.5094712600111961	0.6901435256004333	0.08232445525936782	0.1806722655892372	0.01708680554293096	0.013131083396729082	0.0166417951695621	False	True	0.5547306537628174	0.15988679230213165	0.2134162187576294	0.03141675144433975	0.025656061246991158	0.014893489889800549	True	0.8255563974380493	0.004762118216603994	0.14792831242084503	0.002756859641522169	0.0006061055464670062	0.018390100449323654
21i5ic	discarded and depressed	data/processed/pro_fakeddit/images/21i5ic.jpg	2	0	False	0.7025362253189087	0.543592032045126	0.7025362253189087	0.00643603689968586	0.15894419327378273	0.015787457581609488	0.1097331871787901	0.0065628476440906525	False	True	0.6291955709457397	0.009444947354495525	0.12153030186891556	0.0155094088986516	0.21937941014766693	0.004940308630466461	True	0.7758768796920776	0.003427126444876194	0.1963580846786499	0.016065506264567375	8.696420991327614e-05	0.008185386657714844
ch4xge	compete for preshedule completion of fiveyear plan compete in order not to let years of revolution down by astarchevsky ukranian ssr	data/processed/pro_fakeddit/images/ch4xge.jpg	5	1	False	0.366590291261673	0.14043418937944807	0.16244393587112427	0.366590291261673	0.07171560823917389	0.05517547205090523	0.2261561018822249	0.11791859660297632	False	True	0.19421012699604034	0.15947312116622925	0.09813597053289413	0.0778876394033432	0.45175105333328247	0.018542097881436348	True	0.1306777447462082	0.5737074613571167	0.045295245945453644	0.032463304698467255	0.0005611504311673343	0.2172950953245163
1pa73p	k pigeon tests positive for cocaine	data/processed/pro_fakeddit/images/1pa73p.jpg	0	2	False	0.34645963832736015	0.020800244063138962	0.22227134555578232	0.030971387401223183	0.34645963832736015	0.3256593942642212	0.009393743752298178	0.06524447351694107	False	True	0.13718394935131073	0.014720320701599121	0.619184136390686	0.15355932712554932	0.01868508569896221	0.05666711926460266	True	0.3073587417602539	0.047222454100847244	0.07373514026403427	0.49775946140289307	0.0001024018056341447	0.07382182776927948
cnboxq	we took apart a pay to play pool table in our office today	data/processed/pro_fakeddit/images/cnboxq.jpg	0	0	True	0.6632444560527802	0.4434381201863289	0.6632444560527802	0.013178366760257632	0.21980633586645126	0.02263344917446375	0.05003036744892597	0.031106995418667793	False	True	0.5749685764312744	0.0011473550694063306	0.3080027997493744	0.018441276624798775	0.07996237277984619	0.017477642744779587	True	0.7515203356742859	0.025209378451108932	0.13160987198352814	0.026825621724128723	0.020098362118005753	0.044736348092556
5ebcok	wwii fighter pilot flies one last mission	data/processed/pro_fakeddit/images/5ebcok.jpg	0	0	True	0.6495234221220016	0.35773929953575134	0.6495234221220016	0.01086880685761571	0.2917841225862503	0.022139778826385736	0.009809289083932526	0.01587466849014163	False	True	0.4698316156864166	0.01240475568920374	0.47291138768196106	0.012215093709528446	0.019141333177685738	0.013495857827365398	True	0.8292152285575867	0.00933285802602768	0.11065685749053955	0.03206446394324303	0.0004772449901793152	0.018253479152917862
2yj52d	texas nearly out of execution drug	data/processed/pro_fakeddit/images/2yj52d.jpg	0	0	True	0.5517487525939941	0.37503501772880554	0.5517487525939941	0.07584798708558083	0.0797607209533453	0.10051731951534748	0.015411526095704176	0.1767137348651886	False	True	0.5315455794334412	0.09821536391973495	0.10095898807048798	0.048305485397577286	0.030481580644845963	0.19049298763275146	True	0.5719519257545471	0.0534806102514267	0.05856245383620262	0.15272915363311768	0.00034147154656238854	0.16293448209762573
9edrj7	the way the ground effects hides the rear tire making it look like the car is missing it	data/processed/pro_fakeddit/images/9edrj7.jpg	0	2	False	0.47604814171791077	0.08243930339813232	0.39360883831977844	0.01936000119894743	0.47604814171791077	0.05255673825740814	0.03147058992180973	0.026955668814480305	False	True	0.2876947820186615	0.009132053703069687	0.6012301445007324	0.03351183235645294	0.06024351716041565	0.008187653496861458	True	0.4995228946208954	0.029587948694825172	0.3508661389350891	0.07160164415836334	0.0026976626832038164	0.04572368413209915
6sy3f1	cutting a guitar string in the plastic in a very satisfying way	data/processed/pro_fakeddit/images/6sy3f1.jpg	3	0	False	0.4409896731376648	0.015257075428962708	0.4409896731376648	0.004757897928357124	0.4257325977087021	0.02233992051333189	0.06238434836268425	0.04379555117338896	False	True	0.34989774227142334	0.0014191623777151108	0.5377169251441956	0.0114909578114748	0.08358435332775116	0.015890872105956078	True	0.5320816040039062	0.008096633478999138	0.3137482702732086	0.03318888321518898	0.04118434339761734	0.07170023024082184
b52iak	this butterfly shaped strawberry	data/processed/pro_fakeddit/images/b52iak.jpg	0	2	False	0.3745751678943634	0.014906734228134155	0.35966843366622925	0.014264526078477502	0.3745751678943634	0.01041303458623588	0.1714262217283249	0.06965260580182076	False	True	0.3073417544364929	0.0016914834268391132	0.5909017324447632	0.002142313402146101	0.08163192868232727	0.01629076898097992	True	0.4119951128959656	0.02683756873011589	0.15824860334396362	0.01868375577032566	0.2612205147743225	0.12301444262266159
c5mwdkv	woah thats like a really good point	data/processed/pro_fakeddit/images/c5mwdkv.jpg	4	0	False	0.5927370190620422	0.3272140696644783	0.5927370190620422	0.01042247493751347	0.26552294939756393	0.006568873533979058	0.10232344425264728	0.02242522267624736	False	True	0.3526287078857422	0.016754623502492905	0.41407570242881775	0.006102414336055517	0.20464402437210083	0.005794490687549114	True	0.8328453302383423	0.004090326372534037	0.11697019636631012	0.007035332731902599	2.864133193725138e-06	0.0390559546649456
c71uoiv	making tennis even better	data/processed/pro_fakeddit/images/c71uoiv.jpg	4	0	False	0.430173859000206	0.1455659121274948	0.430173859000206	0.1264805579558015	0.2846079468727112	0.12996462639421225	0.012885484291473404	0.01588747138157487	False	True	0.3405897319316864	0.23900693655014038	0.37533998489379883	0.006851239129900932	0.025278359651565552	0.012933683581650257	True	0.5197579860687256	0.013954179361462593	0.19387590885162354	0.25307801365852356	0.0004926089313812554	0.01884125918149948
9iklj6	this sandwich shop used to be a dairy queen	data/processed/pro_fakeddit/images/9iklj6.jpg	0	0	True	0.5932604819536209	0.29439400136470795	0.5932604819536209	0.008977555902674794	0.29886648058891296	0.03378887381404638	0.05583759359433316	0.009268943686038256	False	True	0.49846234917640686	0.0059277755208313465	0.3538667857646942	0.016056163236498833	0.1109902486205101	0.014696563594043255	True	0.688058614730835	0.012027336284518242	0.2438661754131317	0.05152158439159393	0.0006849385681562126	0.0038413237780332565
dfro2l3	chicken nuggets im hating it	data/processed/pro_fakeddit/images/dfro2l3.jpg	4	0	False	0.4157358668744564	0.16533335228450596	0.4157358668744564	0.0849894480779767	0.2116236686706543	0.024364092387259007	0.25040251458995044	0.012884390540421009	False	True	0.08029656857252121	0.15120241045951843	0.23766778409481049	0.014045076444745064	0.5006207823753357	0.01616734266281128	True	0.7511751651763916	0.018776485696434975	0.1855795532464981	0.03468310832977295	0.00018424680456519127	0.009601438418030739
cmx97fb	great shot man hey whats going on with that van in the back	data/processed/pro_fakeddit/images/cmx97fb.jpg	4	0	False	0.6546041816473007	0.4778181090950966	0.6546041816473007	0.0013410647807177156	0.17678607255220413	0.001966768380952999	0.16433110713842325	0.0009707941062515602	False	True	0.48353829979896545	0.001857861177995801	0.18146352469921112	0.0032310583628714085	0.32829731702804565	0.0016118932981044054	True	0.825670063495636	0.0008242683834396303	0.17210862040519714	0.0007024783990345895	0.00036489724880084395	0.0003296949143987149
dx22a6l	how is that even possible	data/processed/pro_fakeddit/images/dx22a6l.jpg	4	4	True	0.4298985950917995	0.0690981257976091	0.3608004692941904	0.00424698309507221	0.17637554183602333	0.014333436643937603	0.4298985950917995	0.014345028379466385	False	True	0.060987163335084915	0.006989329122006893	0.07118821889162064	0.00019120128126814961	0.8597677946090698	0.0008763576624915004	True	0.6606137752532959	0.0015046370681375265	0.281562864780426	0.028475672006607056	2.9395574529189616e-05	0.02781369909644127
47pd4z	student cant attend school because hes africanamerican	data/processed/pro_fakeddit/images/47pd4z.jpg	0	0	True	0.583874374628067	0.3722723349928856	0.583874374628067	0.048019387293607	0.21160203963518143	0.07044180668890476	0.002371666589169763	0.08369074109941721	False	True	0.3484004735946655	0.08435425162315369	0.3327651619911194	0.08127927780151367	0.004598215222358704	0.1486026644706726	True	0.8193482756614685	0.011684522964060307	0.09043891727924347	0.05960433557629585	0.00014511795598082244	0.018778817728161812
191ead	latin american idol winner busted smuggling lbs of heroin stuffed into high heels	data/processed/pro_fakeddit/images/191ead.jpg	0	0	True	0.49609701335430145	0.31054164469242096	0.49609701335430145	0.05075467866845429	0.1358489841222763	0.1855553686618805	0.08088071760721505	0.05086320731788874	False	True	0.5327732563018799	0.00546486908569932	0.20513029396533966	0.08008822798728943	0.16141526401042938	0.015128077939152718	True	0.459420770406723	0.09604448825120926	0.06656767427921295	0.29102250933647156	0.00034617120400071144	0.08659833669662476
b5b9u0	russia withdraws from wwi after the russian revolution	data/processed/pro_fakeddit/images/b5b9u0.jpg	2	3	False	0.2878090888261795	0.018176022917032242	0.26963306590914726	0.13000972289592028	0.20986214093863964	0.2878090888261795	0.0003984490904258564	0.10228748247027397	False	True	0.10074075311422348	0.02594468928873539	0.3704577386379242	0.38170990347862244	0.0004288735508453101	0.12071795016527176	True	0.43852537870407104	0.23407475650310516	0.04926654323935509	0.19390827417373657	0.00036802463000640273	0.08385701477527618
2lbvc7	golfer lining up his shot	data/processed/pro_fakeddit/images/2lbvc7.jpg	0	2	False	0.6507588028907776	0.43286725133657455	0.21789155155420303	0.021801568334922194	0.6507588028907776	0.04619367315899581	0.047900921665132046	0.015453536761924624	False	True	0.22146223485469818	0.004235058557242155	0.6782051920890808	0.001832527806982398	0.08769276738166809	0.006572292651981115	True	0.21432086825370789	0.039368078112602234	0.6233124136924744	0.09055481851100922	0.008109075948596	0.024334780871868134
3sqoxa	firefighters rescued cat and dog stuck in tree	data/processed/pro_fakeddit/images/3sqoxa.jpg	0	0	True	0.5902738869190216	0.418258473277092	0.5902738869190216	0.05077957990579307	0.17201541364192963	0.10532454354688525	0.050108392257243395	0.03149813355412334	False	True	0.6190108060836792	0.007703316863626242	0.27845287322998047	0.006056888960301876	0.08772200345993042	0.0010540361981838942	True	0.561536967754364	0.0938558429479599	0.06557795405387878	0.20459219813346863	0.01249478105455637	0.06194223091006279
58nohk	alpen between milano and zurich	data/processed/pro_fakeddit/images/58nohk.jpg	0	0	True	0.6152915060520172	0.3326595723628998	0.6152915060520172	0.005168119416339323	0.28263193368911743	0.05905124731361866	0.021160926204174757	0.01669625681824982	False	True	0.5745595097541809	0.0002447021543048322	0.37991026043891907	0.005114059895277023	0.03407531976699829	0.006096156779676676	True	0.6560235023498535	0.010091536678373814	0.1853536069393158	0.1129884347319603	0.008246532641351223	0.027296356856822968
5w3bkk	this dog wrapped in a towel with tongue out	data/processed/pro_fakeddit/images/5w3bkk.jpg	0	2	False	0.4137744903564453	0.2218131721019745	0.19196131825447083	0.13957876898348331	0.4137744903564453	0.042786702630110085	0.18891572952270508	0.02298300852999091	False	True	0.20662395656108856	0.060179878026247025	0.5869430899620056	0.0033494236413389444	0.1370782107114792	0.0058254702016711235	True	0.1772986799478531	0.2189776599407196	0.240605890750885	0.08222398161888123	0.24075324833393097	0.0401405468583107
57qa8c	little kids rock nonprofit reaches k kids through pop rap music	data/processed/pro_fakeddit/images/57qa8c.jpg	0	2	False	0.3456741999834776	0.12432527355849743	0.22134892642498016	0.18409096216782928	0.3456741999834776	0.1921866536140442	0.013679424242582172	0.04301985423080623	False	True	0.2945118546485901	0.004411022178828716	0.6464192867279053	0.021378666162490845	0.027054255828261375	0.006224894430488348	True	0.14818599820137024	0.36377090215682983	0.04492911323904991	0.36299464106559753	0.0003045926569029689	0.07981481403112411
cyvdeit	i dont pick up any life readings	data/processed/pro_fakeddit/images/cyvdeit.jpg	4	0	False	0.562038891017437	0.27383989773989015	0.562038891017437	0.005173244629986584	0.13311441615223885	0.010631707264110446	0.28819899327754683	0.0008426869462709874	False	True	0.24436812102794647	0.006513867061585188	0.15706461668014526	0.015171476639807224	0.5763486623764038	0.0005332064465619624	True	0.8797096610069275	0.0038326221983879805	0.10916421562433243	0.006091937888413668	4.9324178689857945e-05	0.0011521674459800124
cfzeck6	catching the first pitch	data/processed/pro_fakeddit/images/cfzeck6.jpg	4	0	False	0.5333556085824966	0.3108574450016022	0.5333556085824966	0.02882896549999714	0.22249816358089447	0.040695780888199806	0.16622031416045502	0.008401184808462858	False	True	0.3871384561061859	0.03195473551750183	0.22860892117023468	0.011196572333574295	0.3319392204284668	0.009162085130810738	True	0.6795727610588074	0.025703195482492447	0.21638740599155426	0.07019498944282532	0.0005014078924432397	0.007640284486114979
9ijkdc	just a little feather i found	data/processed/pro_fakeddit/images/9ijkdc.jpg	0	0	True	0.7405087947845459	0.5220842286944389	0.7405087947845459	0.0009329082677140832	0.21842456609010696	0.009633888024836779	0.02761375199770555	0.002886089845560491	False	True	0.6211674809455872	0.0009628342231735587	0.3183867335319519	0.0022181784734129906	0.053943343460559845	0.0033213805872946978	True	0.8598501086235046	0.0009029823122546077	0.11846239864826202	0.017049597576260567	0.001284160534851253	0.0024507991038262844
by2m1i	instead of a stick family its a sewing machine	data/processed/pro_fakeddit/images/by2m1i.jpg	0	0	True	0.4911056160926819	0.1584295928478241	0.4911056160926819	0.012674842495471239	0.3326760232448578	0.03986374940723181	0.1166239436424803	0.007055753841996193	False	True	0.3227817416191101	0.008773037232458591	0.4112628400325775	0.019964342936873436	0.23290061950683594	0.004317406564950943	True	0.6594294905662537	0.016576647758483887	0.25408920645713806	0.05976315587759018	0.00034726777812466025	0.009794101119041443
d039fl	this unconventional bike seat	data/processed/pro_fakeddit/images/d039fl.jpg	0	0	True	0.5164125561714172	0.11766469478607178	0.5164125561714172	0.021030943375080824	0.39874786138534546	0.019047155044972897	0.02243720879778266	0.02232428640127182	False	True	0.3195209503173828	0.005505017004907131	0.6013193130493164	0.016237709671258926	0.036903027445077896	0.02051396295428276	True	0.7133041620254517	0.03655686974525452	0.1961764097213745	0.021856600418686867	0.007971390150487423	0.02413460984826088
b35xp3	sequential bills glued together like a notepad	data/processed/pro_fakeddit/images/b35xp3.jpg	0	3	False	0.4165714532136917	0.059833403676748276	0.35673804953694344	0.052609719801694155	0.0832748357206583	0.4165714532136917	0.010202281118836254	0.08060364797711372	False	True	0.616934597492218	0.010210932232439518	0.12961024045944214	0.13858351111412048	0.0186945591121912	0.08596618473529816	True	0.09654150158166885	0.09500850737094879	0.036939430981874466	0.6945593953132629	0.0017100031254813075	0.07524111121892929
1gs1t1	grooms party cliche jumping	data/processed/pro_fakeddit/images/1gs1t1.jpg	0	0	True	0.5379636287689209	0.380202941596508	0.5379636287689209	0.14795631589367986	0.15776068717241287	0.028956327005289495	0.12095601856708527	0.006406944477930665	False	True	0.5178070068359375	0.003017582930624485	0.25172296166419983	0.0021366241853684187	0.2244659960269928	0.0008497298695147038	True	0.5581202507019043	0.29289504885673523	0.06379841268062592	0.05577602982521057	0.017446041107177734	0.011964159086346626
bbl8g1	i found these chips called boo chips shaped like little ghosts	data/processed/pro_fakeddit/images/bbl8g1.jpg	0	2	False	0.45489636063575745	0.1319276988506317	0.32296866178512573	0.013326862594112754	0.45489636063575745	0.07294712588191032	0.007027332903817296	0.1288336906582117	False	True	0.2534940540790558	0.003269440960139036	0.4225652515888214	0.0765366405248642	0.0038452954031527042	0.24028939008712769	True	0.3924432694911957	0.02338428422808647	0.4872274696826935	0.06935761123895645	0.010209370404481888	0.01737799122929573
c4agsx	the usa and uk authorise drone strikes on libya to topple colonel gaddafi circa	data/processed/pro_fakeddit/images/c4agsx.jpg	2	1	False	0.5764125883579254	0.4085354804992676	0.11896416544914246	0.5764125883579254	0.09384558722376823	0.042638421058654785	0.0002621440580696799	0.16787710785865784	False	True	0.06763479113578796	0.5005112886428833	0.17182661592960358	0.04171136021614075	0.00019797812274191529	0.21811798214912415	True	0.17029353976249695	0.6523138880729675	0.015864558517932892	0.04356548190116882	0.0003263099933974445	0.11763623356819153
80f6vk	see the unbelievable transformation after dementia patients are given baby dolls	data/processed/pro_fakeddit/images/80f6vk.jpg	0	0	True	0.7408934533596039	0.5544722601771355	0.7408934533596039	0.0008231902902480215	0.18642119318246841	0.051646016305312514	0.01876067533157766	0.0014554086956195533	False	True	0.6432448625564575	0.0011021182872354984	0.31622856855392456	0.002672984730452299	0.03527718782424927	0.0014741504564881325	True	0.8385420441627502	0.0005442622932605445	0.05661381781101227	0.10061904788017273	0.0022441628389060497	0.0014366669347509742
9h83g8	surprised to find an x and a heart in my butter	data/processed/pro_fakeddit/images/9h83g8.jpg	0	0	True	0.512470155954361	0.11644980311393738	0.512470155954361	0.004954586969688535	0.3960203528404236	0.025779906660318375	0.023864561808295548	0.03691041097044945	False	True	0.5126757621765137	0.003977406769990921	0.3913346529006958	0.0050208792090415955	0.04696134105324745	0.04002996161580086	True	0.5122645497322083	0.0059317671693861485	0.40070605278015137	0.046538934111595154	0.0007677825633436441	0.03379086032509804
cqe4tu	this rock that looks like its insides are coming out	data/processed/pro_fakeddit/images/cqe4tu.jpg	0	0	True	0.6304913759231567	0.3222670555114746	0.6304913759231567	0.003436048049479723	0.30822432041168213	0.00451641296967864	0.04129989258944988	0.012031936785206199	False	True	0.5948571562767029	0.0013634026981890202	0.3370128870010376	0.0012198034673929214	0.062101565301418304	0.0034451927058398724	True	0.6661255955696106	0.005508693400770426	0.27943575382232666	0.00781302247196436	0.02049821987748146	0.020618680864572525
21m3cu	first look at quicksilver in avengers	data/processed/pro_fakeddit/images/21m3cu.jpg	0	0	True	0.5935892015695572	0.40918805357068777	0.5935892015695572	0.020969496108591557	0.18440114799886942	0.11815135151846334	0.056488463771529496	0.026400320464745164	False	True	0.8339429497718811	0.0335981585085392	0.019833939149975777	0.0012286448618397117	0.10992107540369034	0.0014751558192074299	True	0.3532354533672333	0.008340833708643913	0.34896835684776306	0.23507405817508698	0.0030558521393686533	0.0513254851102829
1v886f	the pope is selling his harleydavidson	data/processed/pro_fakeddit/images/1v886f.jpg	0	0	True	0.48827648162841797	0.20146451890468597	0.48827648162841797	0.07380700623616576	0.286811962723732	0.11722227185964584	0.006270200479775667	0.02761213481426239	False	True	0.5861191153526306	0.011864866130053997	0.31113681197166443	0.06793075799942017	0.012162935920059681	0.010785624384880066	True	0.3904338479042053	0.13574914634227753	0.26248711347579956	0.16651378571987152	0.00037746503949165344	0.044438645243644714
1zjlwi	years in environment of constant fear somehow fails to rehabilitate prisoner	data/processed/pro_fakeddit/images/1zjlwi.jpg	1	0	False	0.6927144527435303	0.5928780194371939	0.6927144527435303	0.031657555140554905	0.0998364333063364	0.0940728671848774	0.056023800949333236	0.025694855488836765	False	True	0.5407643914222717	0.027963628992438316	0.16858293116092682	0.11076115816831589	0.11183018982410431	0.040097594261169434	True	0.8446645140647888	0.035351481288671494	0.031089935451745987	0.0773845762014389	0.00021741207456216216	0.011292116716504097
bgq8is	india to observe us sanctions on iranian oil	data/processed/pro_fakeddit/images/bgq8is.jpg	0	5	False	0.2536149676889181	0.024001432582736015	0.2296135351061821	0.061277209082618356	0.1403808556497097	0.17535206861793995	0.1397613947337959	0.2536149676889181	False	True	0.36918821930885315	0.006301869172602892	0.23033227026462555	0.058886412531137466	0.2790350317955017	0.056256186217069626	True	0.09003885090351105	0.11625254899263382	0.050429441034793854	0.29181772470474243	0.00048775767209008336	0.4509737491607666
d3bqtvb	the reason there wasnt any room for jack	data/processed/pro_fakeddit/images/d3bqtvb.jpg	4	4	True	0.4678304756307625	0.05138618520140881	0.4164442904293537	0.004513578838668764	0.10391359962522984	0.0036816731517319568	0.4678304756307625	0.003616397181758657	False	True	0.022546149790287018	0.002225072355940938	0.03939102962613106	0.00020162378496024758	0.9354896545410156	0.00014645728515461087	True	0.8103424310684204	0.006802085321396589	0.1684361696243286	0.007161722518503666	0.00017129672050941736	0.007086337078362703
33qxgj	spiderman should be a snapchatting edm fan according to terrible pitch	data/processed/pro_fakeddit/images/33qxgj.jpg	0	0	True	0.5030102580785751	0.2878717705607414	0.5030102580785751	0.13965135905891657	0.2151384875178337	0.05617513693869114	0.03691379180236254	0.04911098536103964	False	True	0.5153707265853882	0.0197147149592638	0.29989922046661377	0.06719691306352615	0.07352612912654877	0.024292288348078728	True	0.4906497895717621	0.25958800315856934	0.13037775456905365	0.045153360813856125	0.00030145447817631066	0.07392968237400055
66b2zi	an athletes meteoric fall from grace very nsfl	data/processed/pro_fakeddit/images/66b2zi.jpg	2	0	False	0.562029629945755	0.2549403887242079	0.562029629945755	0.07613000646233559	0.3070892412215471	0.03368969727307558	0.0047033913506311364	0.01635797508060932	False	True	0.30358457565307617	0.0915856882929802	0.5517122149467468	0.02330094389617443	0.009358949027955532	0.02045758254826069	True	0.8204746842384338	0.06067432463169098	0.06246626749634743	0.04407845064997673	4.783367330674082e-05	0.012258367612957954
5outr1	mark twain holding a pistol	data/processed/pro_fakeddit/images/5outr1.jpg	0	0	True	0.34364230185747147	0.019114911556243896	0.34364230185747147	0.12309194542467594	0.32452739030122757	0.06241454486735165	0.13725244626402855	0.009071359178051353	False	True	0.492898553609848	0.032770756632089615	0.20245461165905	0.0035014660097658634	0.26579970121383667	0.002574941609054804	True	0.1943860501050949	0.21341313421726227	0.44660016894340515	0.12132762372493744	0.008705191314220428	0.015567776747047901
94zeeo	nick young of all people says oncourt nba fashion is getting too out of hand	data/processed/pro_fakeddit/images/94zeeo.jpg	0	2	False	0.39396845921874046	0.021883253008127213	0.37208520621061325	0.09442542237229645	0.39396845921874046	0.07976651564240456	0.013411802472546697	0.04634254239499569	False	True	0.21839307248592377	0.005036050919443369	0.6703566908836365	0.06375117599964142	0.023852810263633728	0.0186101533472538	True	0.5257773399353027	0.18381479382514954	0.11758022755384445	0.0957818552851677	0.0029707946814596653	0.07407493144273758
cq85ah6	dont even mention it bruh bruh	data/processed/pro_fakeddit/images/cq85ah6.jpg	4	2	False	0.5315412878990173	0.1566876694560051	0.37485361844301224	0.014469561167061329	0.5315412878990173	0.025325149297714233	0.03579899391570507	0.01801131502725184	False	True	0.22559912502765656	0.008722711354494095	0.6729084849357605	0.018880825489759445	0.07159361988306046	0.0022951592691242695	True	0.5241081118583679	0.020216410979628563	0.39017409086227417	0.03176947310566902	4.367948349681683e-06	0.03372747078537941
crpyny	a bug i found in midmichigan anybody know what kind	data/processed/pro_fakeddit/images/crpyny.jpg	0	0	True	0.5147644877433777	0.07471051812171936	0.5147644877433777	0.0022617916692979634	0.4400539696216583	0.010874871397390962	0.018980015738634393	0.013064875500276685	False	True	0.5291522145271301	0.0002505878219380975	0.4210835099220276	0.0044655692763626575	0.037402521818876266	0.007645581383258104	True	0.5003767609596252	0.004272995516657829	0.45902442932128906	0.017284173518419266	0.0005575096583925188	0.018484169617295265
5h9712	christmas tree farmer returns wedding band lost years ago	data/processed/pro_fakeddit/images/5h9712.jpg	0	0	True	0.6986708492040634	0.46567409485578537	0.6986708492040634	0.005228486494161189	0.23299675434827805	0.003788009751588106	0.054167590133147314	0.005148277967236936	False	True	0.4888140857219696	0.003665855387225747	0.3935226500034332	0.0022760643623769283	0.10817796736955643	0.003543310100212693	True	0.9085276126861572	0.00679111760109663	0.07247085869312286	0.005299955140799284	0.00015721289673820138	0.006753245834261179
cqur6l	collierville priest would not allow black woman to clean church blames his dog	data/processed/pro_fakeddit/images/cqur6l.jpg	0	0	True	0.4636915326118469	0.29426275938749313	0.4636915326118469	0.08565041795372963	0.1694287732243538	0.14524266496300697	0.0013497282634489238	0.13463683612644672	False	True	0.4124212861061096	0.08057443052530289	0.19240523874759674	0.09218604117631912	0.0014194148825481534	0.22099356353282928	True	0.5149617791175842	0.09072640538215637	0.14645230770111084	0.19829928874969482	0.0012800416443496943	0.04828010872006416
54rjzv	how artisan jewelry is saving womens lives in rwanda	data/processed/pro_fakeddit/images/54rjzv.jpg	0	0	True	0.5034493207931519	0.16099272668361664	0.5034493207931519	0.020029319915920496	0.3424565941095352	0.07722948305308819	0.005824056643177755	0.05101114884018898	False	True	0.4470505714416504	0.008436073549091816	0.4605702757835388	0.04118138179183006	0.011277544312179089	0.031484052538871765	True	0.5598480701446533	0.031622566282749176	0.22434291243553162	0.11327758431434631	0.00037056897417642176	0.0705382451415062
7vh6p7	this mop just tried to sell me some weed	data/processed/pro_fakeddit/images/7vh6p7.jpg	2	0	False	0.5702934712171555	0.3115135058760643	0.5702934712171555	0.013228429015725851	0.25877996534109116	0.03256877511739731	0.11761716403998435	0.007512183859944344	False	True	0.3787098824977875	0.012488532811403275	0.3466987907886505	0.018537063151597977	0.23361295461654663	0.009952777065336704	True	0.7618770599365234	0.013968325220048428	0.1708611398935318	0.04660048708319664	0.00162137346342206	0.005071590654551983
csycv6	was adjusting my watch strap and found astonished hitler	data/processed/pro_fakeddit/images/csycv6.jpg	0	2	False	0.5530264675617218	0.25233194231987	0.3006945252418518	0.03516292599670123	0.5530264675617218	0.051794495433568954	0.008671485120430589	0.05065010907128453	False	True	0.2225913405418396	0.00048695559962652624	0.7101259231567383	0.04151704162359238	0.013534538447856903	0.011744261719286442	True	0.378797709941864	0.06983889639377594	0.3959270119667053	0.06207194924354553	0.0038084317930042744	0.08955595642328262
33x6n2	ive been saving up some good ones for my cake day mostly from my mediocre job where i set up dentures	data/processed/pro_fakeddit/images/33x6n2.jpg	2	0	False	0.5599499195814133	0.17948682606220245	0.5599499195814133	0.009418664099939633	0.3804630935192108	0.011935586459003389	0.03172644889855292	0.006506276782602072	False	True	0.2747059762477875	0.00022969873680267483	0.6369702219963074	0.02027469128370285	0.0631895437836647	0.004629851318895817	True	0.8451938629150391	0.01860762946307659	0.12395596504211426	0.0035964816343039274	0.0002633540134411305	0.008382702246308327
90hk6w	footage of sole survivor of amazon tribe emerges	data/processed/pro_fakeddit/images/90hk6w.jpg	0	0	True	0.7227934300899506	0.5172585248947144	0.7227934300899506	0.012529567582532763	0.2055349051952362	0.029466812498867512	0.014010495317052118	0.01566480379551649	False	True	0.6697468757629395	0.019647613167762756	0.24909746646881104	0.013743991032242775	0.027845587581396103	0.019918514415621758	True	0.7758399844169617	0.005411521997302771	0.16197234392166138	0.04518963396549225	0.00017540305270813406	0.011411093175411224
5ihr93	evangeline parish sheriff asks whether he is legally required to enforce the law	data/processed/pro_fakeddit/images/5ihr93.jpg	0	1	False	0.3259747512638569	0.01897786185145378	0.20425380486994982	0.3259747512638569	0.050196072086691856	0.3069968894124031	0.0002799528865580214	0.11229850724339485	False	True	0.029103273525834084	0.558368980884552	0.05679606273770332	0.22685538232326508	0.0005236356519162655	0.12835261225700378	True	0.37940433621406555	0.09358052164316177	0.04359608143568039	0.38713839650154114	3.627012119977735e-05	0.09624440222978592
7756px	the fatal seatbelt mistake passengers are making	data/processed/pro_fakeddit/images/7756px.jpg	5	0	False	0.38297438994050026	0.06864086352288723	0.38297438994050026	0.31433352641761303	0.12775422260165215	0.04961453191936016	0.0001443138680770062	0.12517902627587318	False	True	0.06354404240846634	0.611457109451294	0.10304778069257736	0.04520697891712189	0.000139888099511154	0.17660419642925262	True	0.7024047374725342	0.017209943383932114	0.15246066451072693	0.054022084921598434	0.00014873963664285839	0.07375385612249374
cayrghv	what it should have been i suppose	data/processed/pro_fakeddit/images/cayrghv.jpg	4	2	False	0.5413381606340408	0.1813710369169712	0.3599671237170696	0.0016419910825788975	0.5413381606340408	0.01780108897946775	0.07264290059538325	0.006608676048927009	False	True	0.12432213872671127	0.0020127329044044018	0.7214882373809814	0.004491595085710287	0.1451803743839264	0.0025048793759196997	True	0.595612108707428	0.0012712492607533932	0.3611880838871002	0.031110582873225212	0.0001054268068401143	0.010712472721934319
1c4xjv	mtv star farrah abrahams porn video a new low of lows experts say	data/processed/pro_fakeddit/images/1c4xjv.jpg	0	2	False	0.30975252389907837	0.029972881078720093	0.2797796428203583	0.1453520432114601	0.30975252389907837	0.05429669842123985	0.08502990333363414	0.1257892199791968	False	True	0.2588646113872528	0.03615342080593109	0.4925902485847473	0.031827397644519806	0.16871699690818787	0.01184739638119936	True	0.30069467425346375	0.25455066561698914	0.12691479921340942	0.0767659991979599	0.00134280975908041	0.2397310435771942
1pbf9m	year old girl ran mile in the dark to summon help for her dad	data/processed/pro_fakeddit/images/1pbf9m.jpg	0	0	True	0.585446760058403	0.432146527338773	0.585446760058403	0.018162377178668976	0.1511298157274723	0.15330023271963	0.062240725150331855	0.029720123391598463	False	True	0.2849937379360199	0.030326848849654198	0.2121746689081192	0.2969318926334381	0.12427688390016556	0.05129600688815117	True	0.8858997821807861	0.005997905507683754	0.09008496254682541	0.009668572805821896	0.00020456640049815178	0.008144239895045757
cscnml	a leaf fell through a hole in another leaf	data/processed/pro_fakeddit/images/cscnml.jpg	0	2	False	0.36913809925317764	0.09160201670601964	0.2235429733991623	0.03143783297855407	0.36913809925317764	0.277536082547158	0.046487184939906	0.05185784422792494	False	True	0.3508644700050354	0.0009198638144880533	0.5504434108734131	0.006920910440385342	0.08664658665657043	0.00420473562553525	True	0.09622147679328918	0.06195580214262009	0.1878327876329422	0.5481512546539307	0.006327783223241568	0.09951095283031464
b6aatz	shadow of a shirt on staircase bannister looks like a dog hiding behind the curtain	data/processed/pro_fakeddit/images/b6aatz.jpg	0	0	True	0.2711594346910715	0.0221759844571352	0.2711594346910715	0.06799146765843034	0.2489834502339363	0.055315980687737465	0.20507527887821198	0.15147435083054006	False	True	0.4881184697151184	0.0007396833971142769	0.26835575699806213	0.006356243044137955	0.2328168898820877	0.0036129537038505077	True	0.05420039966702461	0.1352432519197464	0.22961114346981049	0.10427571833133698	0.17733366787433624	0.2993357479572296
b5s1u9	nevada governor steve sisolak joins us climate alliance	data/processed/pro_fakeddit/images/b5s1u9.jpg	0	5	False	0.36658844351768494	0.1586463749408722	0.16375425085425377	0.05935070663690567	0.11210023611783981	0.20794206857681274	0.09026425634510815	0.36658844351768494	False	True	0.2644782066345215	0.011538885533809662	0.20065370202064514	0.17973175644874573	0.17846135795116425	0.16513603925704956	True	0.06303029507398605	0.10716252774000168	0.023546770215034485	0.23615238070487976	0.0020671547390520573	0.5680408477783203
c5tx4e	this patch of rainbow in the sky on a mostly sunny day	data/processed/pro_fakeddit/images/c5tx4e.jpg	0	0	True	0.7750292420387268	0.6089147627353668	0.7750292420387268	0.00269854289945215	0.16611447930335999	0.006262535694986582	0.04482388321775943	0.005071388732176274	False	True	0.6654663681983948	0.004299938678741455	0.22689901292324066	0.006422367412596941	0.08746084570884705	0.009451538324356079	True	0.8845921158790588	0.0010971471201628447	0.10532994568347931	0.006102703977376223	0.002186920726671815	0.000691239139996469
6bvppt	saintjeandeluz pyreneesatlantiques france	data/processed/pro_fakeddit/images/6bvppt.jpg	0	0	True	0.47092100977897644	0.14494676515460014	0.47092100977897644	0.002805936790537089	0.13237472251057625	0.04543598694726825	0.3259742446243763	0.022488090326078236	False	True	0.2625541090965271	0.0011183925671502948	0.18574513494968414	0.007304473780095577	0.5426769852638245	0.0006009249482303858	True	0.6792879104614258	0.0044934810139238834	0.07900431007146835	0.08356750011444092	0.10927150398492813	0.044375255703926086
1xm70a	east ukraine gypsum mine	data/processed/pro_fakeddit/images/1xm70a.jpg	0	0	True	0.6517133414745331	0.5353635632200167	0.6517133414745331	0.009505584836006165	0.09478941187262535	0.10170224588364363	0.11634977825451642	0.025939565850421786	False	True	0.6219608187675476	0.0019758474081754684	0.12265824526548386	0.01786944828927517	0.22959065437316895	0.005944953765720129	True	0.6814658641815186	0.01703532226383686	0.06692057847976685	0.18553504347801208	0.0031089021358639	0.045934177935123444
bfrk93	the way the stick of incense burnt	data/processed/pro_fakeddit/images/bfrk93.jpg	0	0	True	0.7364709973335266	0.538245178759098	0.7364709973335266	0.002327586349565536	0.19822581857442856	0.028273486765101552	0.023764277109876275	0.010937784565612674	False	True	0.6692827343940735	0.001058740890584886	0.25977960228919983	0.007589603308588266	0.04581295698881149	0.016476314514875412	True	0.8036592602729797	0.0035964318085461855	0.1366720348596573	0.04895737022161484	0.0017155972309410572	0.0053992546163499355
bct8vq	these trees in philadelphia that grew around their cages like its no big deal	data/processed/pro_fakeddit/images/bct8vq.jpg	0	0	True	0.45159806311130524	0.14193309843540192	0.45159806311130524	0.06800329685211182	0.3096649646759033	0.01912963530048728	0.03652066795621067	0.1150833535939455	False	True	0.5705574750900269	0.013506762683391571	0.3308923542499542	0.008664648048579693	0.06920301169157028	0.007175672799348831	True	0.3326386511325836	0.12249983102083206	0.2884375751018524	0.029594622552394867	0.0038383242208510637	0.22299103438854218
5563wh	oxera ive been very good to broadway	data/processed/pro_fakeddit/images/5563wh.jpg	1	0	False	0.5229696482419968	0.3934892751276493	0.5229696482419968	0.08654048293828964	0.12948037311434746	0.11668156459927559	0.12832284154137596	0.016005095094442368	False	True	0.4408932626247406	0.07919396460056305	0.1737595498561859	0.044422514736652374	0.2565108835697174	0.005219867452979088	True	0.6050460338592529	0.09388700127601624	0.085201196372509	0.1889406144618988	0.00013479951303452253	0.026790322735905647
7xfbz7	shaun white finding out he won gold in the olympics	data/processed/pro_fakeddit/images/7xfbz7.jpg	0	2	False	0.4030306898057461	0.09849419817328453	0.30453649163246155	0.243563482305035	0.4030306898057461	0.011916287941858172	0.0075603731675073504	0.0293926652520895	False	True	0.25302353501319885	0.0059916856698691845	0.7117781043052673	0.007607943844050169	0.013948196545243263	0.007650572806596756	True	0.35604944825172424	0.4811352789402008	0.09428327530622482	0.016224632039666176	0.0011725497897714376	0.051134757697582245
c86n5pw	i like them better than the camels	data/processed/pro_fakeddit/images/c86n5pw.jpg	4	4	True	0.4653346233390039	0.10790484420431312	0.35742977913469076	0.008178726420737803	0.16394596360623837	0.0028404165568645112	0.4653346233390039	0.0022704489892930724	False	True	0.030279291793704033	0.0032236056867986917	0.035719942301511765	0.00021918174752499908	0.9303763508796692	0.00018163684580940753	True	0.6845802664756775	0.013133847154676914	0.29217198491096497	0.005461651366204023	0.00029289579833857715	0.004359261132776737
b4113j	the way this bowling alley tells you what lanes are open	data/processed/pro_fakeddit/images/b4113j.jpg	0	0	True	0.594918817281723	0.3399852439761162	0.594918817281723	0.03467042092233896	0.25493357330560684	0.026774692349135876	0.028929770807735622	0.05977274011820555	False	True	0.5756140947341919	0.011803222820162773	0.3317645192146301	0.005433442071080208	0.05734232813119888	0.01804242841899395	True	0.6142235398292542	0.05753761902451515	0.17810262739658356	0.048115942627191544	0.0005172134842723608	0.10150305181741714
6i9o8z	this bombshell was dropped on ellen and fans were shocked	data/processed/pro_fakeddit/images/6i9o8z.jpg	5	0	False	0.5536587685346603	0.33116448670625687	0.5536587685346603	0.058013434521853924	0.22249428182840347	0.136408731341362	0.011158149587572552	0.01826667971909046	False	True	0.28528788685798645	0.10663621127605438	0.33797064423561096	0.22555950284004211	0.02218681015074253	0.022358987480401993	True	0.8220296502113342	0.009390657767653465	0.10701791942119598	0.047257959842681885	0.0001294890244025737	0.01417437195777893
cb9zmr	ualuis saving these two kittens	data/processed/pro_fakeddit/images/cb9zmr.jpg	0	0	True	0.5271337330341339	0.22015462815761566	0.5271337330341339	0.0365067224483937	0.30697910487651825	0.06882528821006417	0.019085460109636188	0.04146968218265101	False	True	0.5541577339172363	0.005503205116838217	0.390806645154953	0.013268803246319294	0.034708693623542786	0.0015549141680821776	True	0.5001097321510315	0.06751023977994919	0.2231515645980835	0.12438177317380905	0.0034622265957295895	0.08138445019721985
2e578p	vote fire hydrant for mayor	data/processed/pro_fakeddit/images/2e578p.jpg	0	2	False	0.2327450681477785	0.006526188924908638	0.16604960337281227	0.2119140475988388	0.2327450681477785	0.22621887922286987	0.15151833440177143	0.011554061435163021	False	True	0.2245945781469345	0.019922763109207153	0.4155011773109436	0.025017499923706055	0.29807624220848083	0.016887729987502098	True	0.10750462859869003	0.40390533208847046	0.04998895898461342	0.4274202585220337	0.0049604265950620174	0.006220392882823944
cah2qd	this cafe makes animals out of rice for their kids meal curry plates giraffes are my absolute favorite loved this	data/processed/pro_fakeddit/images/cah2qd.jpg	0	0	True	0.5709874182939529	0.3018837869167328	0.5709874182939529	0.040102241560816765	0.26910363137722015	0.010790552012622356	0.10443568136543036	0.004580502747558057	False	True	0.42822036147117615	0.032157350331544876	0.3510890603065491	0.0054738204926252365	0.18121635913848877	0.0018431039061397314	True	0.7137544751167297	0.048047132790088654	0.18711820244789124	0.016107283532619476	0.02765500359237194	0.007317901588976383
3zcpl2	poster for the upcoming trey parkermatt stone short film on canada	data/processed/pro_fakeddit/images/3zcpl2.jpg	2	4	False	0.2919303420931101	0.021322639659047127	0.27060770243406296	0.17508321430068463	0.215330071747303	0.00757199851796031	0.2919303420931101	0.0394766703248024	False	True	0.13394255936145782	0.0036444549914449453	0.26416099071502686	0.002062816172838211	0.579208493232727	0.01698065549135208	True	0.4072728455066681	0.3465219736099243	0.16649915277957916	0.013081180863082409	0.004652190953493118	0.061972685158252716
278cg7	bounce house injuries become an epidemic	data/processed/pro_fakeddit/images/278cg7.jpg	0	0	True	0.6473110616207123	0.5519147142767906	0.6473110616207123	0.03522430034354329	0.09539634734392166	0.09273270890116692	0.06941183374146931	0.05992378294467926	False	True	0.6565256118774414	0.009794020093977451	0.13655734062194824	0.036382533609867096	0.1384797990322113	0.022260695695877075	True	0.6380965113639832	0.06065458059310913	0.05423535406589508	0.14908288419246674	0.00034386845072731376	0.09758687019348145
b6ecug	they keys to the bathrooms at work are kitchen utensils so they dont get stolen or lost	data/processed/pro_fakeddit/images/b6ecug.jpg	0	0	True	0.5448720157146454	0.15687479823827744	0.5448720157146454	0.023750311695039272	0.38799721747636795	0.015791903249919415	0.02476485021179542	0.0028237110236659646	False	True	0.2841143012046814	0.015473602339625359	0.639329731464386	0.010186290368437767	0.04815443605184555	0.002741623669862747	True	0.8056297302246094	0.032027021050453186	0.13666470348834991	0.021397516131401062	0.0013752643717452884	0.002905798377469182
bn7wmm	this pack of waffle cones wrapped in bubble wrap	data/processed/pro_fakeddit/images/bn7wmm.jpg	0	0	True	0.6705113351345062	0.4417719841003418	0.6705113351345062	0.02306326385587454	0.22873935103416443	0.035765678621828556	0.00555304205045104	0.03636727249249816	False	True	0.5777667164802551	0.01796393096446991	0.3641611635684967	0.02466166578233242	0.0048207687214016914	0.010625711642205715	True	0.7632559537887573	0.028162596747279167	0.09331753849983215	0.04686969146132469	0.006285315379500389	0.062108833342790604
br022s	chef gary usher offered a homeless man work but now what when top chef gary usher left his manchester restaurant last week after a shift he didnt know he was about to have a conversation that would change someones life	data/processed/pro_fakeddit/images/br022s.jpg	0	0	True	0.32237567007541656	0.008676759898662567	0.32237567007541656	0.27337690768763423	0.313698910176754	0.06831982173025608	0.009432262508198619	0.012796355411410332	False	True	0.3258502781391144	0.009904912672936916	0.5321701765060425	0.100018709897995	0.017340248450636864	0.014715593308210373	True	0.31890106201171875	0.5368489027023315	0.09522764384746552	0.036620933562517166	0.001524276565760374	0.01087711751461029
9ges63	the all white candy corn i got today	data/processed/pro_fakeddit/images/9ges63.jpg	0	0	True	0.7636733055114746	0.5560983419418335	0.7636733055114746	0.0026765578950289637	0.2075749635696411	0.004576259234454483	0.008012682665139437	0.01348621305078268	False	True	0.7041234970092773	0.00019617454381659627	0.2671549916267395	0.0002625611377879977	0.012918333522975445	0.015344427898526192	True	0.8232231140136719	0.005156941246241331	0.14799493551254272	0.008889957331120968	0.0031070318073034286	0.01162799820303917
ck2r6t0	the physical impossibility of death in the mind of someone living	data/processed/pro_fakeddit/images/ck2r6t0.jpg	4	0	False	0.5491274893283844	0.24076707242056727	0.5491274893283844	0.012938916799612343	0.08940569311380386	0.02497217245399952	0.3083604169078171	0.015195284504443407	False	True	0.2794056534767151	0.0019454846624284983	0.09563477337360382	0.005375191569328308	0.6072006225585938	0.010438232682645321	True	0.8188493251800537	0.02393234893679619	0.0831766128540039	0.04456915333867073	0.0095202112570405	0.019952336326241493
b7phc7	my local grocery store has a shopping cart escalator	data/processed/pro_fakeddit/images/b7phc7.jpg	0	0	True	0.29119865223765373	0.06643843650817871	0.29119865223765373	0.22476021572947502	0.1903831996023655	0.08258981164544821	0.03930288925766945	0.17176521755754948	False	True	0.5072103142738342	0.058638982474803925	0.2996059060096741	0.029218850657343864	0.061538103967905045	0.043787796050310135	True	0.07518699020147324	0.3908814489841461	0.08116049319505692	0.13596077263355255	0.017067674547433853	0.2997426390647888
ddtgub	this small sidetable has a map of the city and location of the hotel	data/processed/pro_fakeddit/images/ddtgub.jpg	0	0	True	0.34964339435100555	0.09315286576747894	0.34964339435100555	0.029375056503340602	0.2564905285835266	0.08982686116360128	0.1650006975978613	0.10966341057792306	False	True	0.42121994495391846	0.003104915376752615	0.253728985786438	0.006925958674401045	0.3081763982772827	0.0068437280133366585	True	0.27806684374809265	0.05564519762992859	0.25925207138061523	0.1727277636528015	0.021824996918439865	0.21248309314250946
614tnh	sweet pawlitics joe biden the human meets joe biden the puppy	data/processed/pro_fakeddit/images/614tnh.jpg	0	1	False	0.437320401892066	0.15433475375175476	0.21568838134407997	0.437320401892066	0.28298564814031124	0.025997730437666178	0.014908405490132282	0.023099463898688555	False	True	0.3208904564380646	0.04687414690852165	0.5436041355133057	0.04471226781606674	0.029700661078095436	0.014218305237591267	True	0.11048630625009537	0.8277666568756104	0.022367160767316818	0.0072831930592656136	0.00011614990216912702	0.03198062255978584
av83mp	walmart has mirrors in the checkout lanes to look at the bottom of your cart	data/processed/pro_fakeddit/images/av83mp.jpg	0	0	True	0.41178950667381287	0.18051579222083092	0.41178950667381287	0.0553891237359494	0.23127371445298195	0.02430846868082881	0.06735277979169041	0.20988640189170837	False	True	0.43407735228538513	0.004153770860284567	0.3734810948371887	0.03956276550889015	0.13203710317611694	0.016687989234924316	True	0.3895016610622406	0.10662447661161423	0.08906633406877518	0.009054171852767467	0.002668456407263875	0.40308481454849243
b77ykn	cbs employees credit union manager charged with embezzling million	data/processed/pro_fakeddit/images/b77ykn.jpg	0	3	False	0.6075835078954697	0.4264277294278145	0.18115577846765518	0.031845858320593834	0.07651504315435886	0.6075835078954697	0.013298551664775005	0.08960124012082815	False	True	0.23651117086410522	0.05436742678284645	0.11557134240865707	0.406644731760025	0.02651803195476532	0.1603872925043106	True	0.12580038607120514	0.009324289858341217	0.037458743900060654	0.8085222840309143	7.90713747846894e-05	0.018815187737345695
f16p4th	httpsiimgurcomvlqoowwjpg	data/processed/pro_fakeddit/images/f16p4th.jpg	4	0	False	0.5627524554729462	0.17602267861366272	0.5627524554729462	0.018621065544721205	0.38672977685928345	0.010914520360529423	0.020345017808722332	0.000637199504126329	False	True	0.46392345428466797	0.03704899922013283	0.4554135501384735	0.003265911713242531	0.040141358971595764	0.0002067443128908053	True	0.6615814566612244	0.00019313186930958182	0.3180460035800934	0.018563129007816315	0.0005486766458489001	0.0010676546953618526
auabo0	you have to look through the mirror to read this sign	data/processed/pro_fakeddit/images/auabo0.jpg	0	2	False	0.4996417164802551	0.059494465589523315	0.4401472508907318	0.010214627836830914	0.4996417164802551	0.005844272207468748	0.02430839938642748	0.019843794871121645	False	True	0.3239988684654236	0.018540797755122185	0.576156735420227	0.004080656450241804	0.04860731214284897	0.028615644201636314	True	0.55629563331604	0.0018884579185396433	0.4231266975402832	0.007607887964695692	9.486630005994812e-06	0.011071945540606976
bchbz8	a blue mirror at a starbucks by my school	data/processed/pro_fakeddit/images/bchbz8.jpg	0	0	True	0.47507236897945404	0.14719606935977936	0.47507236897945404	0.015873479918809608	0.3278762996196747	0.03279497072799131	0.029104365967214108	0.11927857296541333	False	True	0.5776849985122681	0.000492724182549864	0.3674655258655548	0.0011460179230198264	0.051531728357076645	0.0016790488734841347	True	0.37245973944664	0.03125423565506935	0.28828707337379456	0.0644439235329628	0.00667700357735157	0.23687809705734253
8zht53	thomas the tank engine is that you	data/processed/pro_fakeddit/images/8zht53.jpg	2	2	True	0.4945031553506851	0.1001817137002945	0.3943214416503906	0.002221446658950299	0.4945031553506851	0.03062430233694613	0.0723728722659871	0.005956729990430176	False	True	0.14698129892349243	0.001634525484405458	0.6413233876228333	0.056500840932130814	0.1439220905303955	0.009637820534408092	True	0.6416615843772888	0.00280836783349514	0.347682923078537	0.004747763741761446	0.0008236540015786886	0.00227563944645226
bifedn	hurricane in florida snapped all these pine trees	data/processed/pro_fakeddit/images/bifedn.jpg	0	0	True	0.7289447486400604	0.6051174886524677	0.7289447486400604	0.018785941996611655	0.1238272599875927	0.0022369197104126215	0.11508862127084285	0.011116556590422988	False	True	0.5550811290740967	0.0014847510028630495	0.20950749516487122	0.0021575368009507656	0.22731351852416992	0.004455567803233862	True	0.9028083682060242	0.03608713299036026	0.03814702481031418	0.0023163026198744774	0.0028637240175157785	0.017777545377612114
d4tbl9v	a woman not so thrilled to meet donald trump	data/processed/pro_fakeddit/images/d4tbl9v.jpg	4	0	False	0.4027843475341797	0.06453701481223106	0.4027843475341797	0.1973884692415595	0.3382473327219486	0.036946854554116726	0.00602250819792971	0.01861045276746154	False	True	0.3545682728290558	0.03041401319205761	0.5653295516967773	0.024784540757536888	0.011833219788968563	0.013070379383862019	True	0.4510004222393036	0.3643629252910614	0.1111651137471199	0.049109168350696564	0.00021179660689085722	0.024150526151061058
2j8ukx	yearold girl in sheboygan wi who has been missing since monday afternoon has been found safe	data/processed/pro_fakeddit/images/2j8ukx.jpg	0	0	True	0.45497775077819824	0.07378540933132172	0.45497775077819824	0.008102981490083039	0.3811923414468765	0.06749378005042672	0.0648234779946506	0.02340964670293033	False	True	0.24215257167816162	0.00077251554466784	0.6140390038490295	0.010861252434551716	0.1269603967666626	0.005214264150708914	True	0.6678029298782349	0.015433447435498238	0.1483456790447235	0.12412630766630173	0.002686559222638607	0.04160502925515175
3yjal6	participant in the annual boxing day raft race in matlock england	data/processed/pro_fakeddit/images/3yjal6.jpg	0	1	False	0.48802037723362446	0.22343596257269382	0.26458441466093063	0.48802037723362446	0.05424267379567027	0.015161026967689395	0.17114846059121192	0.006843020673841238	False	True	0.508569061756134	0.044340524822473526	0.09923678636550903	0.007278102915734053	0.3398666977882385	0.0007088650017976761	True	0.020599767565727234	0.9317002296447754	0.009248561225831509	0.023043951019644737	0.0024302233941853046	0.0129771763458848
3eso48	two charged with dui in same car	data/processed/pro_fakeddit/images/3eso48.jpg	0	0	True	0.31833986937999725	0.07311712205410004	0.31833986937999725	0.16417468711733818	0.10766837373375893	0.1595819592475891	0.00501236179843545	0.24522274732589722	False	True	0.1383124589920044	0.27272260189056396	0.09012230485677719	0.06283965706825256	0.009008212946355343	0.4269947409629822	True	0.4983672797679901	0.055626772344112396	0.12521444261074066	0.25632426142692566	0.0010165106505155563	0.06345075368881226
6bnlva	the yearold brit who stopped the global cyberattack is donating his reward to charity	data/processed/pro_fakeddit/images/6bnlva.jpg	0	3	False	0.45490922033786774	0.1699209325015545	0.28498828783631325	0.03261428279802203	0.12653186544775963	0.45490922033786774	0.00198820726654958	0.09896815568208694	False	True	0.12368405610322952	0.013825158588588238	0.16539914906024933	0.5413922667503357	0.003665983211249113	0.15203332901000977	True	0.446292519569397	0.051403407007455826	0.08766458183526993	0.3684261739253998	0.0003104313218500465	0.045902982354164124
b36ip9	santa rosa man displays naked mannequins after neighbor complains about high fence	data/processed/pro_fakeddit/images/b36ip9.jpg	0	0	True	0.4183163344860077	0.18909655744209886	0.4183163344860077	0.04910538671538234	0.06360593438148499	0.22509747988078743	0.22921977704390883	0.014655110222520307	False	True	0.4587414562702179	0.006534590385854244	0.07886209338903427	0.0032285202760249376	0.45198655128479004	0.0006468757637776434	True	0.3778912127017975	0.09167618304491043	0.0483497753739357	0.4469664394855499	0.00645300280302763	0.02866334468126297
wvx40	a child plays between two cartoon military statues	data/processed/pro_fakeddit/images/wvx40.jpg	0	1	False	0.3991939350962639	0.11040879786014557	0.14371035204385407	0.3991939350962639	0.14768815255956724	0.008555094478651881	0.2887851372361183	0.012067371513694525	False	True	0.2864992916584015	0.2163398116827011	0.29415786266326904	0.014150473289191723	0.17092357575893402	0.017929034307599068	True	0.0009214124293066561	0.5820480585098267	0.0012184424558654428	0.0029597156681120396	0.4066466987133026	0.006205708719789982
b0p7zn	guess this belongs here robber returns money after checking womans bank balance	data/processed/pro_fakeddit/images/b0p7zn.jpg	0	0	True	0.547626405954361	0.3156779929995537	0.547626405954361	0.026260558981448412	0.23194841295480728	0.1802739668637514	0.004929322945827153	0.008961361774709076	False	True	0.5432865023612976	0.007032507099211216	0.38227203488349915	0.05635276809334755	0.009712664410471916	0.001343563082627952	True	0.5519663095474243	0.04548861086368561	0.08162479102611542	0.3041951656341553	0.00014598148118238896	0.0165791604667902
9fmnx5	social distortion selftitled	data/processed/pro_fakeddit/images/9fmnx5.jpg	1	5	False	0.2565524708479643	0.04358495585620403	0.21296751499176025	0.14554591476917267	0.20512431487441063	0.058672649785876274	0.12113715341547504	0.2565524708479643	False	True	0.16842833161354065	0.14699478447437286	0.3354753851890564	0.06265045702457428	0.2410057932138443	0.04544531926512718	True	0.25750669836997986	0.14409704506397247	0.07477324455976486	0.05469484254717827	0.001268513617105782	0.4676596224308014
c6ro36	soap on my sunroof at the carwash	data/processed/pro_fakeddit/images/c6ro36.jpg	0	0	True	0.38334816694259644	0.16267484292620793	0.38334816694259644	0.1543209823721554	0.07223893702030182	0.09739628713577986	0.2206733240163885	0.07202226133085787	False	True	0.4786851704120636	0.0009379034745506942	0.06413433700799942	0.010880177840590477	0.44033825397491455	0.0050240796990692616	True	0.2880111634731293	0.30770406126976013	0.08034353703260422	0.18391239643096924	0.0010083940578624606	0.13902044296264648
1drpht	caught friend yawning while superman posing at nature trail	data/processed/pro_fakeddit/images/1drpht.jpg	0	0	True	0.3459455147385597	0.019854135811328888	0.3459455147385597	0.15329508925788105	0.32609137892723083	0.010793024906888604	0.16092317551374435	0.002951793372631073	False	True	0.5603546500205994	0.006110826041549444	0.3513559103012085	0.007557083386927843	0.07304127514362335	0.001580219715833664	True	0.13153637945652008	0.30047935247421265	0.3008268475532532	0.014028966426849365	0.24880507588386536	0.004323367029428482
ddsb0z	the raised shape and the image of mjolnir on my copy of norse mythology are slightly misaligned	data/processed/pro_fakeddit/images/ddsb0z.jpg	0	2	False	0.43047887086868286	0.05959357926622033	0.13466969970613718	0.007924344041384757	0.43047887086868286	0.03698247577995062	0.0190593134611845	0.37088529160246253	False	True	0.25345176458358765	0.0034492092672735453	0.6817760467529297	0.008330224081873894	0.03786855563521385	0.01512415986508131	True	0.015887634828686714	0.012399478815495968	0.17918169498443604	0.06563472747802734	0.00025007128715515137	0.7266464233398438
8h6h77	black ice cream cone with sprinkles	data/processed/pro_fakeddit/images/8h6h77.jpg	2	0	False	0.4108137786388397	0.09167727082967758	0.4108137786388397	0.06583678623428568	0.31913650780916214	0.10455946298316121	0.005675480933859944	0.09397800639271736	False	True	0.44047650694847107	0.0011965463636443019	0.511203944683075	0.005881794728338718	0.008769349195063114	0.032471902668476105	True	0.3811510503292084	0.13047702610492706	0.12706907093524933	0.2032371312379837	0.0025816126726567745	0.15548411011695862
cndt6s	the way that the bubbles avoided where my hand was holding the mug	data/processed/pro_fakeddit/images/cndt6s.jpg	0	2	False	0.7910490334033966	0.6114753857254982	0.1795736476778984	0.0006224753160495311	0.7910490334033966	0.009905711282044649	0.005131932855874766	0.013717178953811526	False	True	0.23755358159542084	0.0005450440221466124	0.7345342040061951	0.010259960778057575	0.010063760913908482	0.007043502759188414	True	0.12159371376037598	0.0006999066099524498	0.8475638628005981	0.009551461786031723	0.00020010479784104973	0.02039085514843464
68k859	apparently disneys giant turkey legs arent actually turkey	data/processed/pro_fakeddit/images/68k859.jpg	5	2	False	0.44346965849399567	0.016021989285945892	0.4274476692080498	0.06392436102032661	0.44346965849399567	0.029102716594934464	0.01515699690207839	0.02089864620938897	False	True	0.1884174793958664	0.048725806176662445	0.714194118976593	0.011034619063138962	0.028811268508434296	0.008816723711788654	True	0.6664778590202332	0.07912291586399078	0.17274519801139832	0.047170814126729965	0.0015027252957224846	0.03298056870698929
19hzae	im sure youll find something with this	data/processed/pro_fakeddit/images/19hzae.jpg	0	0	True	0.5305434465408325	0.11761477589607239	0.5305434465408325	0.013300295569933951	0.41292867064476013	0.009648943785578012	0.029741234942775918	0.0038373611168935895	False	True	0.2556363344192505	0.02458234690129757	0.6531208753585815	0.0037554893642663956	0.05938608571887016	0.0035188363399356604	True	0.8054505586624146	0.0020182442385703325	0.17273646593093872	0.01554239820688963	9.638416668167338e-05	0.004155885893851519
4gppdq	a bison after being struck by lightning	data/processed/pro_fakeddit/images/4gppdq.jpg	0	0	True	0.6105916500091553	0.41329793632030487	0.6105916500091553	0.05131510621868074	0.1972937136888504	0.02988286584150046	0.07443946227431297	0.03647718532010913	False	True	0.6301898956298828	0.004453539382666349	0.23918351531028748	0.0036485285963863134	0.1128360703587532	0.009688503108918667	True	0.5909934043884277	0.09817667305469513	0.15540391206741333	0.05611720308661461	0.03604285418987274	0.06326586753129959
6l8ivu	lifes a beach by jesus christie	data/processed/pro_fakeddit/images/6l8ivu.jpg	1	0	False	0.6518469154834747	0.41578293964266777	0.6518469154834747	0.049246273934841156	0.23606397584080696	0.02646218938753009	0.030026711989194155	0.006353926612064242	False	True	0.501439094543457	0.048297371715307236	0.38287174701690674	0.008561003021895885	0.05587844178080559	0.0029523209668695927	True	0.8022547364234924	0.050195176154375076	0.08925620466470718	0.04436337575316429	0.004174982197582722	0.009755532257258892
2c9jfi	mary river turtle with moss on its back	data/processed/pro_fakeddit/images/2c9jfi.jpg	0	4	False	0.3980454057455063	0.05053820088505745	0.029754575341939926	0.34750720486044884	0.14295424986630678	0.0755913887405768	0.3980454057455063	0.006147169275209308	False	True	0.05064364895224571	0.02687930315732956	0.2660764455795288	0.0019972838927060366	0.6512551307678223	0.003148182760924101	True	0.00886550173163414	0.6681351065635681	0.019832054153084755	0.14918549358844757	0.1448356807231903	0.009146155789494514
cy8ao4	caesar and cleopatra agree to reclaim her throne circa bc	data/processed/pro_fakeddit/images/cy8ao4.jpg	2	0	False	0.6522732377052307	0.4391181245446205	0.6522732377052307	0.06930220546200871	0.2131551131606102	0.032561114989221096	0.006878404528833926	0.02582996734417975	False	True	0.5918497443199158	0.015226894058287144	0.36400648951530457	0.009663308039307594	0.013316110707819462	0.005937532056123018	True	0.7126967310905457	0.12337751686573029	0.06230373680591583	0.0554589219391346	0.0004406983498483896	0.04572240263223648
64358r	man accidentally shoots himself at nra headquarters police	data/processed/pro_fakeddit/images/64358r.jpg	0	0	True	0.4158037155866623	0.053508222103118896	0.4158037155866623	0.10152618959546089	0.029240593314170837	0.3622954934835434	0.026191406137513695	0.064942616969347	False	True	0.22992464900016785	0.09020893275737762	0.03584986552596092	0.487030029296875	0.05229099467396736	0.10469550639390945	True	0.6016827821731567	0.11284344643354416	0.022631321102380753	0.2375609576702118	9.181760106002912e-05	0.025189727544784546
4mnzlv	referendum on the united kingdoms membership of the european union edited parody of an actual referendum voting slip antibrexit	data/processed/pro_fakeddit/images/4mnzlv.jpg	5	1	False	0.6099328547716141	0.4273320429492742	0.10078760885517113	0.6099328547716141	0.031197074127703672	0.07427874207496643	0.0012029247163809487	0.1826008118223399	False	True	0.20115739107131958	0.22962424159049988	0.062320586293935776	0.14400619268417358	0.002393874805420637	0.36049768328666687	True	0.00041782663902267814	0.9902414679527283	7.356196147156879e-05	0.004551291465759277	1.1974627341260202e-05	0.004703940358012915
axvxee	this crab in the seafood section of the supermarket is holding a seashell in its claw	data/processed/pro_fakeddit/images/axvxee.jpg	0	1	False	0.44955712370574474	0.18672939389944077	0.12944164033979177	0.44955712370574474	0.262827729806304	0.020375357009470463	0.058108060620725155	0.07969014719128609	False	True	0.2510070204734802	0.025501366704702377	0.48294633626937866	0.015381395816802979	0.10267724841833115	0.1224866658449173	True	0.007876260206103325	0.8736128807067871	0.042709123343229294	0.025369318202137947	0.013538872823119164	0.03689362853765488
4br3l1	president obama doing the tango	data/processed/pro_fakeddit/images/4br3l1.jpg	0	1	False	0.39543535374104977	0.1650591780198738	0.21039294451475143	0.39543535374104977	0.12348070740699768	0.016449724324047565	0.23037617572117597	0.02386505389586091	False	True	0.30330175161361694	0.055025260895490646	0.16466659307479858	0.008851971477270126	0.4579100012779236	0.01024432573467493	True	0.11748413741588593	0.7358454465866089	0.08229482173919678	0.024047477170825005	0.0028423501644283533	0.03748578205704689
8zlpq5	police post mugshot of lost dog bail paid in cookies	data/processed/pro_fakeddit/images/8zlpq5.jpg	0	0	True	0.4815155118703842	0.15205884724855423	0.4815155118703842	0.034866481088101864	0.32945666462183	0.144747732905671	0.003306786442408338	0.006106817891122773	False	True	0.44728705286979675	0.0306094903498888	0.5119170546531677	0.0038890517316758633	0.005664146970957518	0.0006332207121886313	True	0.5157439708709717	0.039123471826314926	0.14699627459049225	0.28560641407966614	0.0009494259138591588	0.011580415070056915
3jp1od	obese man dies attempting to put on his socks	data/processed/pro_fakeddit/images/3jp1od.jpg	1	0	False	0.6693478375673294	0.4539966695010662	0.6693478375673294	0.018002060241997242	0.2153511680662632	0.04213531315326691	0.02757966895296704	0.0275839576497674	False	True	0.47840240597724915	0.011303137987852097	0.3561737537384033	0.05577677860856056	0.05468032881617546	0.04366361349821091	True	0.8602932691574097	0.024700982496142387	0.07452858239412308	0.02849384769797325	0.00047900908975861967	0.01150430180132389
6iouao	despite many obstacles the world is getting better	data/processed/pro_fakeddit/images/6iouao.jpg	0	0	True	0.35957995615899563	0.10678033158183098	0.35957995615899563	0.25279962457716465	0.08839529007673264	0.0531470887362957	0.005071204708656296	0.24100685864686966	False	True	0.05274314805865288	0.46306777000427246	0.08540955930948257	0.07079654932022095	0.009587275795638561	0.3183957040309906	True	0.6664167642593384	0.04253147915005684	0.0913810208439827	0.03549762815237045	0.000555133621674031	0.16361801326274872
3psxmz	relay runner finishes a race	data/processed/pro_fakeddit/images/3psxmz.jpg	0	0	True	0.47095775604248047	0.1970185786485672	0.47095775604248047	0.15954342961777002	0.27393917739391327	0.0733120203949511	0.004856525221839547	0.017391109373420477	False	True	0.5613198280334473	0.0032079017255455256	0.41907691955566406	0.004541394300758839	0.008625559508800507	0.0032284213230013847	True	0.38059568405151367	0.3158789575099945	0.12880143523216248	0.14208264648914337	0.0010874909348785877	0.03155379742383957
b3jbbl	the outgrown left behind	data/processed/pro_fakeddit/images/b3jbbl.jpg	1	0	False	0.7211242318153381	0.5456683486700058	0.7211242318153381	0.009599813260138035	0.17545588314533234	0.06861175282392651	0.019861088192556053	0.0053472224972210824	False	True	0.7553857564926147	0.013444456271827221	0.18973714113235474	0.0028454598505049944	0.0382072851061821	0.00037988449912518263	True	0.6868627071380615	0.005755170248448849	0.16117462515830994	0.13437804579734802	0.0015148912789300084	0.010314560495316982
43zh1k	goldman sachs says it be forced to fundamentally question how capitalism is working	data/processed/pro_fakeddit/images/43zh1k.jpg	0	5	False	0.290404736995697	0.032399432733654976	0.25800530426204205	0.21398834511637688	0.04583278298377991	0.11278096586465836	0.07898784234475897	0.290404736995697	False	True	0.4780283570289612	0.04908739775419235	0.07551499456167221	0.1573597490787506	0.1579516977071762	0.08205780386924744	True	0.03798225149512291	0.3788892924785614	0.016150571405887604	0.0682021826505661	2.398698234173935e-05	0.4987516701221466
3krs4r	female wrester as the joker	data/processed/pro_fakeddit/images/3krs4r.jpg	0	0	True	0.5047905445098877	0.2868638150393963	0.5047905445098877	0.1723917538765818	0.2179267294704914	0.09570577647536993	0.005031406239140779	0.004153821035288274	False	True	0.6358432173728943	0.0019793142564594746	0.3276416063308716	0.023968247696757317	0.008535104803740978	0.0020325074438005686	True	0.3737378716468811	0.3428041934967041	0.10821185261011124	0.16744330525398254	0.0015277076745405793	0.00627513462677598
2p6pdp	teenager at the fucking elvis concert	data/processed/pro_fakeddit/images/2p6pdp.jpg	0	0	True	0.8404214382171631	0.7322510629892349	0.8404214382171631	0.015270187053829432	0.10817037522792816	0.01392069412395358	0.02129634373704903	0.0009210357093252242	False	True	0.859616756439209	0.02004435285925865	0.07606936991214752	0.001578313298523426	0.042257338762283325	0.0004338904982432723	True	0.8212261199951172	0.010496021248400211	0.1402713805437088	0.026263074949383736	0.00033534871181473136	0.001408180920407176
8dn2os	rage against the machine dont let them take your mind	data/processed/pro_fakeddit/images/8dn2os.jpg	1	0	False	0.4549356549978256	0.22232801467180252	0.4549356549978256	0.21759534580633044	0.2326076403260231	0.013492050231434405	0.058280912693589926	0.023088350892066956	False	True	0.5240480899810791	0.006919308565557003	0.335811972618103	0.002853262471035123	0.11620978266000748	0.014157518744468689	True	0.38582322001457214	0.4282713830471039	0.12940330803394318	0.024130837991833687	0.0003520427271723747	0.03201918303966522
dmv20uc	that image explains alot	data/processed/pro_fakeddit/images/dmv20uc.jpg	4	0	False	0.5796860903501511	0.20314261317253113	0.5796860903501511	0.0006446251645684242	0.37654347717761993	0.001406941213645041	0.025277659974562994	0.01644119992852211	False	True	0.6724978089332581	0.0008223964832723141	0.2715983986854553	0.000875546713359654	0.05053401738405228	0.003671860322356224	True	0.48687437176704407	0.0004668538458645344	0.48148855566978455	0.001938335713930428	2.1302565073710866e-05	0.029210539534687996
av0l71	this pub transformed itself into the drunken clam in family guy	data/processed/pro_fakeddit/images/av0l71.jpg	0	0	True	0.6583360433578491	0.46867824788205326	0.6583360433578491	0.07093544863164425	0.04727262631058693	0.031332939863204956	0.18965779547579587	0.002465088735334575	False	True	0.5581673383712769	0.004126306623220444	0.0360141322016716	0.02288944274187088	0.37796750664711	0.0008352010045200586	True	0.7585047483444214	0.13774459064006805	0.05853112041950226	0.03977643698453903	0.0013480843044817448	0.004094976466149092
8qtcd5	redemption this senior class really came together to plan the senior prank after dropping the ball on the fundraiser for a classmates surgery	data/processed/pro_fakeddit/images/8qtcd5.jpg	1	1	True	0.4867149996571243	0.2627905043773353	0.22392449527978897	0.4867149996571243	0.15293181454762816	0.016065984964370728	0.10986258776392788	0.010500133445020765	False	True	0.4231264591217041	0.012822232209146023	0.29669108986854553	0.02995879575610161	0.2182563692331314	0.019145051017403603	True	0.02472253143787384	0.9606077671051025	0.009172539226710796	0.002173174172639847	0.0014688062947243452	0.0018552158726379275
5zq097	was an awful time for many people	data/processed/pro_fakeddit/images/5zq097.jpg	2	0	False	0.9116127789020538	0.8295413423329592	0.9116127789020538	0.0027706793625839055	0.08207143656909466	0.002210716425906867	0.0002444506772008026	0.0010899532353505492	False	True	0.8716350793838501	0.004273556172847748	0.12147931754589081	0.0011675433488562703	0.0004722406156361103	0.000972226494923234	True	0.9515904784202576	0.0012678025523200631	0.04266355559229851	0.0032538895029574633	1.6660738765494898e-05	0.0012076799757778645
c0dj6d	pickup truck with a bed made from fenceposts	data/processed/pro_fakeddit/images/c0dj6d.jpg	0	0	True	0.4251474291086197	0.1238330528140068	0.4251474291086197	0.041659775539301336	0.3013143762946129	0.1603320500580594	0.0204663653858006	0.05107999965548515	False	True	0.5876185894012451	0.0027241248171776533	0.3688409626483917	0.0028040034230798483	0.02718932554125786	0.010822966694831848	True	0.26267626881599426	0.08059542626142502	0.23378778994083405	0.31786009669303894	0.013743405230343342	0.09133703261613846
5nucmi	this rather alarmed microphone	data/processed/pro_fakeddit/images/5nucmi.jpg	0	0	True	0.4600200057029724	0.0904802531003952	0.4600200057029724	0.05437385942786932	0.3695397526025772	0.09080116078257561	0.006900290216435678	0.018364946823567152	False	True	0.4163420796394348	0.007965659722685814	0.5049418210983276	0.03516317158937454	0.013620653189718723	0.021966684609651566	True	0.50369793176651	0.10078205913305283	0.23413768410682678	0.14643914997577667	0.0001799272431526333	0.014763209037482738
2smca9	blood covered turban from recent shootings	data/processed/pro_fakeddit/images/2smca9.jpg	2	0	False	0.3159789741039276	0.09533587098121643	0.3159789741039276	0.07723683817312121	0.22064310312271118	0.15253248088993132	0.14650652615819126	0.08710205089300871	False	True	0.39605915546417236	0.010007350705564022	0.27862149477005005	0.007061109412461519	0.2924543023109436	0.015796532854437828	True	0.23589879274368286	0.1444663256406784	0.16266471147537231	0.2980038523674011	0.0005587500054389238	0.1584075689315796
b6utdi	bipartisan nuclear bill extends federal ppas to years to push advanced reactors the bill seeks to establish a pathway to enable privatepublic partnerships to construct advanced nuclear demonstration reactors over the next two decades sen joe manchin dwva	data/processed/pro_fakeddit/images/b6utdi.jpg	0	5	False	0.3100191205739975	0.06608341634273529	0.15923996455967426	0.1306703109294176	0.147491455078125	0.2439357042312622	0.008643459412269294	0.3100191205739975	False	True	0.30243951082229614	0.05436696484684944	0.2852420210838318	0.18718799948692322	0.015077621676027775	0.1556859314441681	True	0.016040418297052383	0.20697365701198578	0.009740889072418213	0.3006834089756012	0.0022092971485108137	0.4643523097038269
5gtykw	calgary man caught on video riding scooter to work in snowstorm gifted new wheels	data/processed/pro_fakeddit/images/5gtykw.jpg	0	3	False	0.6298091262578964	0.47100329399108887	0.07429588120430708	0.06355778127908707	0.07188302278518677	0.6298091262578964	0.0016483789804624394	0.15880583226680756	False	True	0.023825278505682945	0.018292300403118134	0.06213236600160599	0.7949674725532532	0.0029831756837666035	0.0977994054555893	True	0.12476648390293121	0.108823262155056	0.08163367956876755	0.4646507799625397	0.00031358227715827525	0.21981225907802582
c794gby	opening the door to narnia	data/processed/pro_fakeddit/images/c794gby.jpg	4	0	False	0.4809178039431572	0.10467406269162893	0.4809178039431572	0.014040058478713036	0.09083502925932407	0.029291551327332854	0.37624374125152826	0.008671834249980748	False	True	0.20305566489696503	0.012904091738164425	0.04314819350838661	0.0058514694683253765	0.7340178489685059	0.0010227470193058252	True	0.7587799429893494	0.015176025219261646	0.13852186501026154	0.05273163318634033	0.018469633534550667	0.01632092148065567
3gydfa	an aerial view of one of icelands river deltas	data/processed/pro_fakeddit/images/3gydfa.jpg	0	0	True	0.2754393480718136	0.054843085643369704	0.2754393480718136	0.17657717111433158	0.14473281428217888	0.04409093875437975	0.22059626242844388	0.13856350490823388	False	True	0.4469316303730011	0.00010539179493207484	0.09301977604627609	0.016063297167420387	0.4394368827342987	0.00444303173571825	True	0.10394706577062607	0.3530489504337311	0.19644585251808167	0.07211858034133911	0.0017556421225890517	0.2726839780807495
ckymyy	this girlfriend side order	data/processed/pro_fakeddit/images/ckymyy.jpg	0	0	True	0.5903357267379761	0.2861056514084339	0.5903357267379761	0.0575666360091418	0.30423007532954216	0.023915417958050966	0.0003907417158188764	0.023561431444250047	False	True	0.2916809916496277	0.11360132694244385	0.5144311189651489	0.033849868923425674	0.0006631964934058487	0.045773543417453766	True	0.8889904618263245	0.001531945075839758	0.0940290316939354	0.013980966992676258	0.00011828693823190406	0.0013493194710463285
d0rv6i	us general contemplating dropping the second nuclear bomb in japan	data/processed/pro_fakeddit/images/d0rv6i.jpg	2	0	False	0.5317542999982834	0.29398419335484505	0.5317542999982834	0.23777010664343834	0.18098006024956703	0.02378303837031126	0.0010939539861283265	0.024618538795039058	False	True	0.30432793498039246	0.3875889182090759	0.2918231785297394	0.011870766058564186	0.0020312669221311808	0.002357983496040106	True	0.7591806650161743	0.08795129507780075	0.07013694196939468	0.035695310682058334	0.00015664105012547225	0.04687909409403801
245e6d	might be an awkward situation to be in	data/processed/pro_fakeddit/images/245e6d.jpg	0	0	True	0.5621626526117325	0.30946198297897354	0.5621626526117325	0.006513292115414515	0.16308297961950302	0.00927743298234418	0.25270066963275895	0.006263034068979323	False	True	0.27718088030815125	0.012205814942717552	0.20076878368854523	0.0017968841129913926	0.5053356885910034	0.0027119929436594248	True	0.8471444249153137	0.0008207692881114781	0.12539717555046082	0.016757981851696968	6.565067451447248e-05	0.009814075194299221
33huje	abandoned prison barbershop	data/processed/pro_fakeddit/images/33huje.jpg	0	0	True	0.38764822483062744	0.06420985283330083	0.38764822483062744	0.020307879662141204	0.030155607499182224	0.23641475418116897	0.3234383719973266	0.0020351035345811397	False	True	0.32311558723449707	0.0008703242056071758	0.028622427955269814	0.0037966843228787184	0.6430242657661438	0.0005705853109247983	True	0.4521808624267578	0.03974543511867523	0.031688787043094635	0.46903282403945923	0.003852478228509426	0.003499621758237481
bx5kc4	these oldschool kings queens and jacks from a vintage playing card deck	data/processed/pro_fakeddit/images/bx5kc4.jpg	0	0	True	0.5017573237419128	0.31011770479381084	0.5017573237419128	0.17643692158162594	0.09307653829455376	0.011180625995621085	0.191639618948102	0.025908980518579483	False	True	0.41126251220703125	0.03215910121798515	0.1483459323644638	0.0052430941723287106	0.3748128414154053	0.028176534920930862	True	0.5922521352767944	0.3207147419452667	0.03780714422464371	0.01711815781891346	0.008466396480798721	0.023641426116228104
c0yccu	drying new tupperware laziness or awesomeness	data/processed/pro_fakeddit/images/c0yccu.jpg	0	0	True	0.7481003999710083	0.5783995017409325	0.7481003999710083	0.009997440502047539	0.16970089823007584	0.018114035250619054	0.0055554903810843825	0.04853176837787032	False	True	0.8498286604881287	0.0017182119190692902	0.12169003486633301	0.004480200354009867	0.008748447522521019	0.013534466736018658	True	0.6463721394538879	0.018276669085025787	0.21771176159381866	0.03174787014722824	0.002362533239647746	0.08352907001972198
71gvvy	after nurses arrest utah lawmakers will draft a bill that clarifies when police can draw someones blood	data/processed/pro_fakeddit/images/71gvvy.jpg	0	0	True	0.6637828797101974	0.5574854195583612	0.6637828797101974	0.10629746015183628	0.04843518137931824	0.09266791772097349	0.0033096225233748555	0.08550691860727966	False	True	0.9366461038589478	0.0019604205153882504	0.05168195441365242	0.001193379983305931	0.006050285417586565	0.0024678311310708523	True	0.39091965556144714	0.2106344997882843	0.045188408344984055	0.18414245545864105	0.000568959629163146	0.16854600608348846
6z1fdb	long live the dictatorship of the proletariat china	data/processed/pro_fakeddit/images/6z1fdb.jpg	5	0	False	0.3861776068806648	0.1320372298359871	0.3861776068806648	0.25414037704467773	0.24029672145843506	0.06332477927207947	0.018298656825209036	0.037761835381388664	False	True	0.202280655503273	0.2742869257926941	0.375245600938797	0.06409382075071335	0.03581412509083748	0.04827878251671791	True	0.5700745582580566	0.23399382829666138	0.10534784197807312	0.06255573779344559	0.0007831885595805943	0.027244888246059418
buovyn	paint splashes on bathroom stall that look like sperm	data/processed/pro_fakeddit/images/buovyn.jpg	0	1	False	0.41837230836972594	0.09466722933575511	0.32370507903397083	0.41837230836972594	0.1832705046981573	0.024714607279747725	0.02279818698298186	0.027139357291162014	False	True	0.6144362688064575	0.0067254407331347466	0.3165668249130249	0.011980856768786907	0.04221377894282341	0.008076896890997887	True	0.032973889261484146	0.8300191760063171	0.04997418448328972	0.03744835779070854	0.0033825950231403112	0.04620181769132614
1rxk4w	this photo of tom daley olympic diver looking swimmingly	data/processed/pro_fakeddit/images/1rxk4w.jpg	0	2	False	0.5278579443693161	0.11464650928974152	0.4132114350795746	0.0027420991100370884	0.5278579443693161	0.00568125257268548	0.04416042461525649	0.00634679279755801	False	True	0.19640767574310303	0.0024440321139991283	0.7051184773445129	0.006435765884816647	0.08609678596258163	0.0034971570130437613	True	0.6300151944160461	0.0030401661060750484	0.35059741139411926	0.004926739260554314	0.002224063267931342	0.009196428582072258
6ph6pr	kitten rescued from trash bag after tossed from car onto wauchula road	data/processed/pro_fakeddit/images/6ph6pr.jpg	0	0	True	0.46923553198575974	0.057184141129255295	0.46923553198575974	0.02342631737701595	0.41205139085650444	0.04183606617152691	0.007986279670149088	0.04546445980668068	False	True	0.22067706286907196	0.00477675860747695	0.7418666481971741	0.009438600391149521	0.013984831981360912	0.009256146848201752	True	0.7177940011024475	0.04207587614655495	0.08223613351583481	0.0742335319519043	0.0019877273589372635	0.0816727727651596
6zzjml	trump to host schumer and pelosi for dinner to discuss daca health care after flurry of meetings	data/processed/pro_fakeddit/images/6zzjml.jpg	0	0	True	0.28578341752290726	0.08690033480525017	0.28578341752290726	0.1988830827176571	0.18636650033295155	0.053227984346449375	0.08296767043066211	0.19277136586606503	False	True	0.4399166703224182	0.03534834831953049	0.31438887119293213	0.011491457000374794	0.16566906869411469	0.03318558260798454	True	0.1316501647233963	0.3624178171157837	0.05834412947297096	0.09496451169252396	0.00026627216720953584	0.3523571491241455
1wosm2	the inside of a breaking wave	data/processed/pro_fakeddit/images/1wosm2.jpg	2	0	False	0.4072467014193535	0.02094778325408697	0.4072467014193535	0.0025043378518603276	0.14832117408514023	0.030289214046206325	0.3862989181652665	0.025339647196233273	False	True	0.18694548308849335	9.45996362133883e-05	0.04076589643955231	0.0012017077533528209	0.7700408697128296	0.0009514708071947098	True	0.6275479197502136	0.004914076067507267	0.25587645173072815	0.05937672033905983	0.002556966617703438	0.049727823585271835
d0ioqh	using a banana for archery practice	data/processed/pro_fakeddit/images/d0ioqh.jpg	2	0	False	0.6108191609382629	0.32387737929821014	0.6108191609382629	0.028029207373037934	0.2869417816400528	0.024117083055898547	0.013604216277599335	0.03648856654763222	False	True	0.4967226982116699	0.0025859219022095203	0.44642138481140137	0.004642100539058447	0.023415379226207733	0.026212528347969055	True	0.724915623664856	0.05347249284386635	0.12746217846870422	0.04359206557273865	0.0037930533289909363	0.04676460474729538
4hmjt3	this woman jumping in the sea during the st andrews dip	data/processed/pro_fakeddit/images/4hmjt3.jpg	0	0	True	0.49401650577783585	0.16645094263367355	0.49401650577783585	0.3275655631441623	0.12116522341966629	0.013305617700098082	0.030223705805838108	0.01372344052651897	False	True	0.853893518447876	0.0013309963978827	0.09454520046710968	0.0009495452395640314	0.0485769547522068	0.0007037912728264928	True	0.13413949310779572	0.6538001298904419	0.1477852463722229	0.025661690160632133	0.011870456859469414	0.02674308978021145
5x9cdo	my new apartment still needs furnishing	data/processed/pro_fakeddit/images/5x9cdo.jpg	2	0	False	0.5105900056660175	0.0849059788743034	0.5105900056660175	0.001171302719740197	0.05219545867294073	0.009097529342398047	0.42568402679171413	0.0012615777377504855	False	True	0.06762460619211197	0.0008573787636123598	0.07408378273248672	0.004565481562167406	0.8509367108345032	0.0019319853745400906	True	0.9535554051399231	0.0014852266758680344	0.030307134613394737	0.013629577122628689	0.00043134274892508984	0.0005911701009608805
at42ti	unseen footage of erwin rommel a few days before the first battle of elalamein	data/processed/pro_fakeddit/images/at42ti.jpg	2	0	False	0.5919886082410812	0.38510290533304214	0.5919886082410812	0.11858152318745852	0.2068857029080391	0.02355228178203106	0.05240268039051443	0.006589214550331235	False	True	0.3938165605068207	0.20804773271083832	0.25548437237739563	0.035678546875715256	0.10137967020273209	0.005593147594481707	True	0.7901606559753418	0.029115313664078712	0.15828703343868256	0.011426016688346863	0.0034256905782967806	0.007585281506180763
b35gev	picture of a american soldier before being blown up by a vietcong land mine vietnam	data/processed/pro_fakeddit/images/b35gev.jpg	2	0	False	0.5077004581689835	0.05790095031261444	0.5077004581689835	0.01051677716895938	0.449799507856369	0.013097962364554405	0.014245562197174877	0.004639693535864353	False	True	0.3026396334171295	0.006936699151992798	0.6508997678756714	0.008196698501706123	0.027184316888451576	0.004142822697758675	True	0.7127612829208374	0.01409685518592596	0.24869924783706665	0.017999226227402687	0.0013068075058981776	0.005136564373970032
b1nlad	scary or scared fireplace	data/processed/pro_fakeddit/images/b1nlad.jpg	2	0	False	0.5415499061346054	0.23877260088920593	0.5415499061346054	0.012184678605990484	0.3027773052453995	0.07896116422489285	0.055275192484259605	0.009251768758986145	False	True	0.6253458857536316	0.00015643989900127053	0.2760857045650482	0.002682388760149479	0.09429001063108444	0.0014395249309018254	True	0.4577539265155792	0.024212917312979698	0.32946890592575073	0.15523993968963623	0.01626037433743477	0.017064012587070465
96crs3	new mother with her newborn babies	data/processed/pro_fakeddit/images/96crs3.jpg	2	0	False	0.5022956877946854	0.2734486535191536	0.5022956877946854	0.00949347042478621	0.22884703427553177	0.040743110701441765	0.2005909802392125	0.01802971982397139	False	True	0.41239801049232483	0.0059969802387058735	0.18907804787158966	0.0023809634149074554	0.3846190571784973	0.0055269584991037846	True	0.5921933650970459	0.012989960610866547	0.2686160206794739	0.07910525798797607	0.01656290329992771	0.030532481148838997
95mvmx	new york congressman arrested on insider trading charges	data/processed/pro_fakeddit/images/95mvmx.jpg	0	3	False	0.3971346244215965	0.13708463311195374	0.07486106548458338	0.21708082407712936	0.05054892413318157	0.3971346244215965	0.00032457862835144624	0.2600499913096428	False	True	0.02301250584423542	0.3873071074485779	0.021344494074583054	0.11158423125743866	0.0004855161241721362	0.4562661945819855	True	0.12670962512493134	0.04685454070568085	0.07975335419178009	0.6826850175857544	0.0001636411325307563	0.06383378803730011
8kv9e0	a fishnet worker in vietnam	data/processed/pro_fakeddit/images/8kv9e0.jpg	0	4	False	0.3708187078591436	0.08440874144434929	0.11422396078705788	0.06290049687959254	0.1416299194097519	0.2864099664147943	0.3708187078591436	0.024016962619498372	False	True	0.1358906775712967	0.0013655764050781727	0.11723080277442932	0.005383654963225126	0.7367150783538818	0.0034142457880079746	True	0.09255724400281906	0.1244354173541069	0.16602903604507446	0.5674362778663635	0.004922337364405394	0.04461967945098877
5wimzz	blake griffin claims basketball seems much rounder lately	data/processed/pro_fakeddit/images/5wimzz.jpg	1	2	False	0.42883698269724846	0.19515096303075552	0.23103489726781845	0.029863449977710843	0.42883698269724846	0.06679898500442505	0.009779663669178262	0.23368601966649294	False	True	0.13064955174922943	0.004297057632356882	0.7479436993598938	0.06863749027252197	0.018882855772972107	0.029589304700493813	True	0.33142024278640747	0.055429842323064804	0.10973026603460312	0.06496047973632812	0.0006764715653844178	0.43778273463249207
cypbc00	goddammit you beat me to it	data/processed/pro_fakeddit/images/cypbc00.jpg	4	4	True	0.4952478000004703	0.13472017748699727	0.36052762251347303	0.0054399019572883844	0.12915816472377628	0.005204706743825227	0.4952478000004703	0.004421832394655212	False	True	0.005809104070067406	0.00227070739492774	0.001312724081799388	8.316768798977137e-05	0.9904762506484985	4.8076512030093e-05	True	0.7152461409568787	0.008609096519649029	0.2570036053657532	0.010326245799660683	1.934935244207736e-05	0.00879558827728033
8wy0uu	the subways is flooded with water after the storm	data/processed/pro_fakeddit/images/8wy0uu.jpg	2	0	False	0.24806711077690125	0.051353707909584045	0.24806711077690125	0.1852221831213683	0.17635123431682587	0.14043481834232807	0.1967134028673172	0.053211160469800234	False	True	0.28910642862319946	0.00575230410322547	0.27652841806411743	0.029602263122797012	0.39019709825515747	0.008813426829874516	True	0.20702779293060303	0.3646920621395111	0.0761740505695343	0.25126737356185913	0.0032297074794769287	0.09760889410972595
7gj02x	grandmother believes in helping kids however you can help kids she is one of the countless grandparents whose soft spot for children translates into annual gifts to the portland press herald toy fund	data/processed/pro_fakeddit/images/7gj02x.jpg	0	3	False	0.2766534835100174	0.0014586374163627625	0.2508926438167691	0.27519484609365463	0.1635468825697899	0.2766534835100174	0.002678463701158762	0.031033695675432682	False	True	0.028216341510415077	0.3652512729167938	0.1410519778728485	0.41815924644470215	0.004525481723248959	0.04279569908976555	True	0.47356894612312317	0.18513841927051544	0.18604178726673126	0.13514772057533264	0.0008314456790685654	0.019271692261099815
czo64h8	when the memes are too dank	data/processed/pro_fakeddit/images/czo64h8.jpg	4	0	False	0.5466282665729523	0.2339017242193222	0.5466282665729523	0.060053578577935696	0.31272654235363007	0.06511695752851665	0.008584385446738452	0.00689022964797914	False	True	0.34893327951431274	0.10494957119226456	0.3952978253364563	0.12450584024190903	0.01670430786907673	0.009609168395400047	True	0.7443232536315918	0.015157585963606834	0.23015525937080383	0.005728074815124273	0.0004644630244001746	0.004171290900558233
18hj7z	rays relief pitcher peralta suffers sandwichrelated injury	data/processed/pro_fakeddit/images/18hj7z.jpg	0	0	True	0.3484424650669098	0.10047664120793343	0.3484424650669098	0.031768616288900375	0.24796582385897636	0.24379877001047134	0.008782560442341492	0.11924174055457115	False	True	0.21245649456977844	0.022923626005649567	0.41798895597457886	0.2600371837615967	0.01739298552274704	0.06920071691274643	True	0.48442843556404114	0.040613606572151184	0.07794269174337387	0.227560356259346	0.00017213536193594337	0.16928276419639587
czfg0w9	its pointing upwards alright	data/processed/pro_fakeddit/images/czfg0w9.jpg	4	0	False	0.6093923151493073	0.31537269055843353	0.6093923151493073	0.007711347367148846	0.2940196245908737	0.01625924138352275	0.06780228254683607	0.004815162508748472	False	True	0.5713784098625183	0.013934112153947353	0.258771151304245	0.018490992486476898	0.1355692595243454	0.0018560185562819242	True	0.6474062204360962	0.0014885825803503394	0.32926809787750244	0.0140274902805686	3.5305569326737896e-05	0.007774306461215019
drhov0g	a dog or two spirits looking at each other	data/processed/pro_fakeddit/images/drhov0g.jpg	4	0	False	0.331088624894619	0.004499226808547974	0.331088624894619	0.08066808246076107	0.326589398086071	0.11059629172086716	0.07887924648821354	0.07217837683856487	False	True	0.16634945571422577	0.1387520432472229	0.4112659990787506	0.13042457401752472	0.033731188625097275	0.11947675794363022	True	0.4958277940750122	0.02258412167429924	0.24191279709339142	0.0907680094242096	0.1240273043513298	0.024879995733499527
4sq1a7	indiana animal shelter enlists help of pokemon go players to walk dogs	data/processed/pro_fakeddit/images/4sq1a7.jpg	0	0	True	0.37232327461242676	0.029594488441944122	0.37232327461242676	0.08928890246897936	0.34272878617048264	0.12835527025163174	0.044590929814148694	0.02271288074553013	False	True	0.33344292640686035	0.004720756784081459	0.525105893611908	0.027612414211034775	0.08747409284114838	0.021643923595547676	True	0.41120362281799316	0.17385704815387726	0.1603516787290573	0.2290981262922287	0.001707766787149012	0.02378183789551258
c9i5qg	moms bluetooth mouse died for the first time found these relics sitting in there	data/processed/pro_fakeddit/images/c9i5qg.jpg	0	0	True	0.6783118844032288	0.448333777487278	0.6783118844032288	0.00815438898280263	0.22997810691595078	0.014623189345002174	0.05480279607581906	0.014129672199487686	False	True	0.5166994333267212	0.003869062289595604	0.3356989026069641	0.019459960982203484	0.10877344757318497	0.015499246306717396	True	0.8399243354797363	0.012439715676009655	0.12425731122493744	0.009786417707800865	0.0008321445784531534	0.012760098092257977
cvphmw	this package of lifesavers	data/processed/pro_fakeddit/images/cvphmw.jpg	0	0	True	0.6181044727563858	0.29336292296648026	0.6181044727563858	0.0010696885001379997	0.32474154978990555	0.007387664867565036	0.007937125643366016	0.04075942421332002	False	True	0.40297821164131165	0.0008272673585452139	0.5014059543609619	0.0067558144219219685	0.015742771327495575	0.07228992134332657	True	0.83323073387146	0.0013121096417307854	0.14807714521884918	0.008019515313208103	0.00013147995923645794	0.009228927083313465
bha7io	i had to move the mats in the school gym today for a meeting you can see what the floor is supposed to look like underneath	data/processed/pro_fakeddit/images/bha7io.jpg	0	0	True	0.3666631802916527	0.12804371118545532	0.3666631802916527	0.17654354101978242	0.23861946910619736	0.0975960586220026	0.010858904744964093	0.10971881449222565	False	True	0.48416030406951904	0.0026222611777484417	0.4142581522464752	0.02850997820496559	0.020995572209358215	0.049453720450401306	True	0.24916605651378632	0.3504648208618164	0.0629807859659195	0.1666821390390396	0.0007222372805699706	0.16998390853405
azzffe	mums make porn theyd be happy for their kids to watch	data/processed/pro_fakeddit/images/azzffe.jpg	0	0	True	0.7046148777008057	0.4949597790837288	0.7046148777008057	0.009524295339360833	0.20965509861707687	0.05351830832660198	0.011599352372286376	0.011088085360825062	False	True	0.608314037322998	0.005161581095308065	0.30337584018707275	0.04977266490459442	0.023051340132951736	0.010324506089091301	True	0.8009157180786133	0.013887009583413601	0.115934357047081	0.05726395174860954	0.00014736461162101477	0.011851664632558823
ban4u6	this cloud cut in two with a straight line	data/processed/pro_fakeddit/images/ban4u6.jpg	0	0	True	0.5093739181756973	0.2814483940601349	0.5093739181756973	0.01821273850509897	0.22792552411556244	0.016982920584268868	0.12040430679917336	0.10710059572011232	False	True	0.6665076017379761	0.0010038000764325261	0.15203416347503662	0.0028766172472387552	0.17298634350299835	0.004591414704918861	True	0.3522402346134186	0.03542167693376541	0.30381688475608826	0.03108922392129898	0.06782227009534836	0.2096097767353058
4rap24	more us babies with zikarelated birth defects reported by health agency	data/processed/pro_fakeddit/images/4rap24.jpg	0	2	False	0.3000635989010334	0.0392625592648983	0.20002055913209915	0.03995791729539633	0.3000635989010334	0.19687186926603317	0.0022850012610433623	0.2608010396361351	False	True	0.23017026484012604	0.008287539705634117	0.5671826601028442	0.08132489025592804	0.004166123922914267	0.10886843502521515	True	0.16987085342407227	0.07162829488515854	0.032944537699222565	0.3124188482761383	0.00040387859917245805	0.41273364424705505
70ctu9	despite court order dhs release names of just maralago guests	data/processed/pro_fakeddit/images/70ctu9.jpg	0	3	False	0.6239370554685593	0.41960606910288334	0.11045487225055695	0.01664262847043574	0.20433098636567593	0.6239370554685593	0.023561435440569767	0.021073054522275925	False	True	0.1310989260673523	0.004875001031905413	0.36292389035224915	0.43903157114982605	0.047081202268600464	0.014989446848630905	True	0.0898108184337616	0.028410255908966064	0.04573808237910271	0.8088425397872925	4.166861253906973e-05	0.027156662195920944
cljxk3	saw this cloud casting a big shadow on the ground	data/processed/pro_fakeddit/images/cljxk3.jpg	0	0	True	0.34466859698295593	0.06731024384498596	0.34466859698295593	0.009428997291252017	0.27735835313796997	0.014563879580236971	0.2712274556979537	0.08275272569153458	False	True	0.20686039328575134	0.0020230873487889767	0.2612256109714508	0.001288342522457242	0.5251820087432861	0.003420573892071843	True	0.4824768006801605	0.016834907233715057	0.29349109530448914	0.0278394166380167	0.01727290265262127	0.16208487749099731
8llfkz	little white ridinghood	data/processed/pro_fakeddit/images/8llfkz.jpg	2	0	False	0.5463132262229919	0.22963085770606995	0.5463132262229919	0.0029480078956112266	0.316682368516922	0.05304713035002351	0.07735243486240506	0.0036568307550624013	False	True	0.4572497010231018	0.002286094706505537	0.372966468334198	0.011977617628872395	0.15205194056034088	0.0034681048709899187	True	0.6353767514228821	0.003609921084716916	0.260398268699646	0.09411664307117462	0.002652929164469242	0.003845556639134884
8kl3jh	royal wedding watch prince harry and meghan markle just drove away from windsor castle with a dozen festive commoners tied to the back of their car	data/processed/pro_fakeddit/images/8kl3jh.jpg	1	4	False	0.4268252817855682	0.14573748092516325	0.28108780086040497	0.22387687489390373	0.03452104143798351	0.019017843413166702	0.4268252817855682	0.014671095443191007	False	True	0.09996941685676575	0.034341029822826385	0.011569850146770477	0.0006802824791520834	0.8530340194702148	0.00040538940811529756	True	0.4622061848640442	0.4134127199649811	0.05747223272919655	0.03735540434718132	0.0006165441009216011	0.028936801478266716
1ee6zy	moscow an olympic record after a revolution betrayed poster from the paris anarchist federation anticommunist human rights	data/processed/pro_fakeddit/images/1ee6zy.jpg	5	1	False	0.6576299220323563	0.5268071824102663	0.04615646763704717	0.6576299220323563	0.13082273962209	0.10097855608910322	0.005152017298314604	0.05926033295691013	False	True	0.09049903601408005	0.3680865466594696	0.2608952522277832	0.19745799899101257	0.010275937616825104	0.07278525084257126	True	0.0018138992600142956	0.9471732974052429	0.0007502270163968205	0.0044991131871938705	2.8096979804104194e-05	0.04573541507124901
9avs93	a squirrel holding out its arms	data/processed/pro_fakeddit/images/9avs93.jpg	0	2	False	0.42146335542201996	0.1902371495962143	0.23122620582580566	0.15739522874355316	0.42146335542201996	0.04577415017411113	0.08511253818869591	0.05902848578989506	False	True	0.3145831823348999	0.1732495278120041	0.35788238048553467	0.013057476840913296	0.10645677894353867	0.03477059677243233	True	0.14786922931671143	0.14154092967510223	0.48504433035850525	0.07849082350730896	0.06376829743385315	0.08328637480735779
5653s3	the pool has sweet dreams	data/processed/pro_fakeddit/images/5653s3.jpg	2	0	False	0.6057100743055344	0.3321410194039345	0.6057100743055344	0.0023680198937654495	0.2735690549015999	0.017343423096463084	0.09230798296630383	0.008701528422534466	False	True	0.4756779968738556	0.0025666113942861557	0.3199242055416107	0.00585114536806941	0.18249920010566711	0.013480928726494312	True	0.7357421517372131	0.0021694283932447433	0.22721390426158905	0.028835700824856758	0.0021167658269405365	0.003922128118574619
385u2d	antman in a hole on the ground	data/processed/pro_fakeddit/images/385u2d.jpg	0	0	True	0.37677812576293945	0.056755974888801575	0.37677812576293945	0.05177354300394654	0.3200221508741379	0.09069130150601268	0.1454467955045402	0.015288090566173196	False	True	0.3862021863460541	0.009603549726307392	0.30563607811927795	0.012790984474122524	0.2799476683139801	0.005819606129080057	True	0.36735406517982483	0.0939435362815857	0.3344082236289978	0.16859161853790283	0.010945922695100307	0.024756575003266335
22frw2	this toilet has seen so much shit it has a yard stare	data/processed/pro_fakeddit/images/22frw2.jpg	2	0	False	0.5793452858924866	0.39205268770456314	0.5793452858924866	0.08271249197423458	0.18729259818792343	0.07029003649950027	0.038915035082027316	0.04144452419131994	False	True	0.6080949902534485	0.029441621154546738	0.1318891942501068	0.09442934393882751	0.07204030454158783	0.06410453468561172	True	0.5505955815315247	0.13598336279392242	0.24269600212574005	0.046150729060173035	0.005789765622466803	0.01878451369702816
bhu09k	a yearold man shared an emotional reaction to putting on a bandage in his skin tone for the first time	data/processed/pro_fakeddit/images/bhu09k.jpg	0	0	True	0.6245597451925278	0.3525579422712326	0.6245597451925278	0.007523583364672959	0.27200180292129517	0.05661350209265947	0.02370589167549042	0.015595410950481892	False	True	0.3944365680217743	0.0020120369736105204	0.4321516156196594	0.10732654482126236	0.04722851887345314	0.01684468239545822	True	0.8546829223632812	0.013035129755735397	0.11185199022293091	0.005900459364056587	0.00018326447752770036	0.014346139505505562
6qyu2p	this rat getting prepped for surgery	data/processed/pro_fakeddit/images/6qyu2p.jpg	0	0	True	0.7686276733875275	0.6062365770339966	0.7686276733875275	0.01209365064278245	0.16239109635353088	0.010402602201793343	0.03844791045412421	0.008037045365199447	False	True	0.7113189101219177	0.006183370016515255	0.2000606507062912	0.0015742072137072682	0.07561828941106796	0.005244506057351828	True	0.8259364366531372	0.018003931269049644	0.12472154200077057	0.019230997189879417	0.0012775314971804619	0.010829584673047066
884fbe	local man glad hes not a local woman	data/processed/pro_fakeddit/images/884fbe.jpg	1	0	False	0.5801728218793869	0.21859140694141388	0.5801728218793869	0.013535901438444853	0.361581414937973	0.022393998689949512	0.019502041206578724	0.002813911938574165	False	True	0.3808470666408539	0.021646447479724884	0.5184783339500427	0.03557990491390228	0.03893634304404259	0.004511956591159105	True	0.7794985771179199	0.005425355397164822	0.20468449592590332	0.009208092465996742	6.773936911486089e-05	0.001115867285989225
bkopzz	one of the lobsters at my local grocery store is blue	data/processed/pro_fakeddit/images/bkopzz.jpg	0	2	False	0.40093693882226944	0.1059618592262268	0.29497507959604263	0.037335145752877	0.40093693882226944	0.026345805497840047	0.062224043533205986	0.17818302661180496	False	True	0.16882173717021942	0.005535847507417202	0.6696760058403015	0.005349213723093271	0.1227397471666336	0.027877524495124817	True	0.42112842202186584	0.06913444399833679	0.13219787180423737	0.04734239727258682	0.001708339899778366	0.3284885287284851
avj4mc	martin scorsese visits the set of return of the jedi	data/processed/pro_fakeddit/images/avj4mc.jpg	2	0	False	0.46291252970695496	0.1603150232695043	0.46291252970695496	0.07990161702036858	0.06990234181284904	0.05935289291664958	0.30259750643745065	0.02533309254795313	False	True	0.2816219925880432	0.0164511576294899	0.09757335484027863	0.009970388375222683	0.5924410820007324	0.0019420068711042404	True	0.6442030668258667	0.14335207641124725	0.042231328785419464	0.10873539745807648	0.012753930874168873	0.04872417822480202
2c6omy	i was at a wedding and my uncle snapped this picture if me letting go of a paper lantern	data/processed/pro_fakeddit/images/2c6omy.jpg	0	0	True	0.8751654326915741	0.7636100389063358	0.8751654326915741	0.0010817005968419835	0.11155539378523827	0.002339790044061374	0.009044209495186806	0.000813438426121138	False	True	0.8538440465927124	0.001700161024928093	0.12672138214111328	0.004446911159902811	0.012089410796761513	0.0011980278650298715	True	0.8964868187904358	0.00046324016875587404	0.09638940542936325	0.0002326689282199368	0.005999008193612099	0.0004288489872124046
7cn65z	woman caught a baby shark	data/processed/pro_fakeddit/images/7cn65z.jpg	0	2	False	0.5123860910534859	0.1987558826804161	0.31363020837306976	0.10100060747936368	0.5123860910534859	0.03811789012979716	0.023574074381031096	0.011291158385574818	False	True	0.152657151222229	0.00593476090580225	0.7908031940460205	0.0021538378205150366	0.04347190633416176	0.004979196935892105	True	0.4746032655239105	0.1960664540529251	0.23396898806095123	0.07408194243907928	0.0036762424279004335	0.01760311983525753
29c1xm	about to cough up a hairball	data/processed/pro_fakeddit/images/29c1xm.jpg	0	2	False	0.51692695915699	0.16098344326019287	0.3559435158967972	0.05102100782096386	0.51692695915699	0.03167082229629159	0.0334366719762329	0.01100100134499371	False	True	0.15856024622917175	0.008906286209821701	0.7538797855377197	0.008166027255356312	0.06611975282430649	0.004367892164736986	True	0.5533267855644226	0.09313572943210602	0.2799741327762604	0.05517561733722687	0.0007535911281593144	0.017634110525250435
ewr14oo	hang on friend ill save you	data/processed/pro_fakeddit/images/ewr14oo.jpg	4	0	False	0.4529062435030937	0.16028395295143127	0.4529062435030937	0.011596739292144775	0.29262229055166245	0.011880479287356138	0.22738295834278688	0.0036112976376898587	False	True	0.09005914628505707	0.004362056031823158	0.4456217288970947	0.0013784626498818398	0.45308730006217957	0.005491354037076235	True	0.8157533407211304	0.018831422552466393	0.13962285220623016	0.022382495924830437	0.0016786166233941913	0.0017312412383034825
2lw5z4	this bull is being sent to the slaughterhouse because hes gay	data/processed/pro_fakeddit/images/2lw5z4.jpg	0	0	True	0.4926094561815262	0.2674698121845722	0.4926094561815262	0.02149793552234769	0.22513964399695396	0.21709496527910233	0.025942506836145185	0.01771547133103013	False	True	0.18344417214393616	0.010236778296530247	0.3538103997707367	0.37221115827560425	0.05175277218222618	0.028544800356030464	True	0.8017747402191162	0.03275909274816513	0.09646888822317123	0.0619787722826004	0.00013224149006418884	0.006886142306029797
3amock	fossil fuel memes oil spills are a beach	data/processed/pro_fakeddit/images/3amock.jpg	1	1	True	0.419802725315094	0.12624960392713547	0.2935531213879585	0.419802725315094	0.19642281532287598	0.019959800876677036	0.0005374370375648141	0.06972410948947072	False	True	0.344147652387619	0.4088148772716522	0.22134904563426971	0.010002462193369865	0.0008877504151314497	0.014798224903643131	True	0.24295859038829803	0.43079057335853577	0.17149658501148224	0.029917139559984207	0.00018712365999817848	0.12464999407529831
bdhhf4	this ice melting on my back step	data/processed/pro_fakeddit/images/bdhhf4.jpg	0	0	True	0.7514219582080841	0.5724998600780964	0.7514219582080841	0.0031982462387531996	0.17892209812998772	0.0036969896173104644	0.05506515913293697	0.007695485954172909	False	True	0.6433647871017456	0.001611534971743822	0.23915976285934448	0.003221196820959449	0.10930803418159485	0.0033346686977893114	True	0.8594791293144226	0.004784957505762577	0.11868443340063095	0.00417278241366148	0.0008222840842790902	0.012056303210556507
c0zf4u	the expiration date is only in s and s	data/processed/pro_fakeddit/images/c0zf4u.jpg	0	3	False	0.4322812333703041	0.10121866315603256	0.33106257021427155	0.0006685129119432531	0.18910302966833115	0.4322812333703041	0.0037181070470069244	0.04316652752459049	False	True	0.47533056139945984	0.001120953937061131	0.2405669242143631	0.2365855723619461	0.007425127550959587	0.038970839232206345	True	0.18679457902908325	0.00021607188682537526	0.1376391351222992	0.6279768943786621	1.108654305426171e-05	0.04736221581697464
